[keepalive] twai_transmit() -> ESP_OK
[keepalive] twai_transmit() -> ESP_OK
[7s] SILENT WAIT V=0.00V I=+0.0A T=0.0C SOC=0% SOH=100% | CVL=0.0V CCL=0.0A DCL=0.0A | chg=0 dis=0 fc1=0 fc2=0 | prot=0000 warn=0000 | packs=1 | inv0x305=no
[keepalive] twai_transmit() -> ESP_OK
[keepalive] twai_transmit() -> ESP_OK
[9s] SILENT WAIT V=0.00V I=+0.0A T=0.0C SOC=0% SOH=100% | CVL=0.0V CCL=0.0A DCL=0.0A | chg=0 dis=0 fc1=0 fc2=0 | prot=0000 warn=0000 | packs=1 | inv0x305=no
[keepalive] twai_transmit() -> ESP_OK
[keepalive] twai_transmit() -> ESP_OK
[11s] SILENT WAIT V=0.00V I=+0.0A T=0.0C SOC=0% SOH=100% | CVL=0.0V CCL=0.0A DCL=0.0A | chg=0 dis=0 fc1=0 fc2=0 | prot=0000 warn=0000 | packs=1 | inv0x305=no
[keepalive] twai_transmit() -> ESP_OK
[keepalive] twai_transmit() -> ESP_OK
[13s] SILENT WAIT V=0.00V I=+0.0A T=0.0C SOC=0% SOH=100% | CVL=0.0V CCL=0.0A DCL=0.0A | chg=0 dis=0 fc1=0 fc2=0 | prot=0000 warn=0000 | packs=1 | inv0x305=no
[keepalive] twai_transmit() -> ESP_OK

---- battery-bus rate stats (VERBOSE_STATS) ----------------------------
  0 frames, 15 s elapsed
  ID     count   period(ms)  (min-max gap)
--------------------------------------------------------------------------

  TWAI: state=RUNNING  tx_err=128 rx_err=0  tx_failed=0  rx_missed=0 rx_overrun=0  arb_lost=0  bus_err=48319
[keepalive] twai_transmit() -> ESP_OK
[15s] SILENT WAIT V=0.00V I=+0.0A T=0.0C SOC=0% SOH=100% | CVL=0.0V CCL=0.0A DCL=0.0A | chg=0 dis=0 fc1=0 fc2=0 | prot=0000 warn=0000 | packs=1 | inv0x305=no
[keepalive] twai_transmit() -> ESP_OK
[keepalive] twai_transmit() -> ESP_OK
[17s] SILENT WAIT V=0.00V I=+0.0A T=0.0C SOC=0% SOH=100% | CVL=0.0V CCL=0.0A DCL=0.0A | chg=0 dis=0 fc1=0 fc2=0 | prot=0000 warn=0000 | packs=1 | inv0x305=no
[keepalive] twai_transmit() -> ESP_OK
[keepalive] twai_transmit() -> ESP_OK
[19s] SILENT WAIT V=0.00V I=+0.0A T=0.0C SOC=0% SOH=100% | CVL=0.0V CCL=0.0A DCL=0.0A | chg=0 dis=0 fc1=0 fc2=0 | prot=0000 warn=0000 | packs=1 | inv0x305=no
[keepalive] twai_transmit() -> ESP_OK
[keepalive] twai_transmit() -> ESP_ERR_TIMEOUT
[21s] SILENT WAIT V=0.00V I=+0.0A T=0.0C SOC=0% SOH=100% | CVL=0.0V CCL=0.0A DCL=0.0A | chg=0 dis=0 fc1=0 fc2=0 | prot=0000 warn=0000 | packs=1 | inv0x305=no
[keepalive] twai_transmit() -> ESP_ERR_TIMEOUT
[keepalive] twai_transmit() -> ESP_ERR_TIMEOUT
[23s] SILENT WAIT V=0.00V I=+0.0A T=0.0C SOC=0% SOH=100% | CVL=0.0V CCL=0.0A DCL=0.0A | chg=0 dis=0 fc1=0 fc2=0 | prot=0000 warn=0000 | packs=1 | inv0x305=no
[keepalive] twai_transmit() -> ESP_ERR_TIMEOUT
[keepalive] twai_transmit() -> ESP_ERR_TIMEOUT
[25s] SILENT WAIT V=0.00V I=+0.0A T=0.0C SOC=0% SOH=100% | CVL=0.0V CCL=0.0A DCL=0.0A | chg=0 dis=0 fc1=0 fc2=0 | prot=0000 warn=0000 | packs=1 | inv0x305=no
[keepalive] twai_transmit() -> ESP_ERR_TIMEOUT
[keepalive] twai_transmit() -> ESP_ERR_TIMEOUT
[27s] SILENT WAIT V=0.00V I=+0.0A T=0.0C SOC=0% SOH=100% | CVL=0.0V CCL=0.0A DCL=0.0A | chg=0 dis=0 fc1=0 fc2=0 | prot=0000 warn=0000 | packs=1 | inv0x305=no
[keepalive] twai_transmit() -> ESP_ERR_TIMEOUT
[keepalive] twai_transmit() -> ESP_ERR_TIMEOUT
[29s] SILENT WAIT V=0.00V I=+0.0A T=0.0C SOC=0% SOH=100% | CVL=0.0V CCL=0.0A DCL=0.0A | chg=0 dis=0 fc1=0 fc2=0 | prot=0000 warn=0000 | packs=1 | inv0x305=no

---- battery-bus rate stats (VERBOSE_STATS) ----------------------------
  0 frames, 30 s elapsed
  ID     count   period(ms)  (min-max gap)
--------------------------------------------------------------------------

  TWAI: state=RUNNING  tx_err=128 rx_err=0  tx_failed=0  rx_missed=0 rx_overrun=0  arb_lost=0  bus_err=106913
[keepalive] twai_transmit() -> ESP_ERR_TIMEOUT
[keepalive] twai_transmit() -> ESP_ERR_TIMEOUT
[31s] SILENT WAIT V=0.00V I=+0.0A T=0.0C SOC=0% SOH=100% | CVL=0.0V CCL=0.0A DCL=0.0A | chg=0 dis=0 fc1=0 fc2=0 | prot=0000 warn=0000 | packs=1 | inv0x305=no
[keepalive] twai_transmit() -> ESP_ERR_TIMEOUT
[keepalive] twai_transmit() -> ESP_ERR_TIMEOUT
[33s] SILENT WAIT V=0.00V I=+0.0A T=0.0C SOC=0% SOH=100% | CVL=0.0V CCL=0.0A DCL=0.0A | chg=0 dis=0 fc1=0 fc2=0 | prot=0000 warn=0000 | packs=1 | inv0x305=no
[keepalive] twai_transmit() -> ESP_ERR_TIMEOUT
[keepalive] twai_transmit() -> ESP_ERR_TIMEOUT
[35s] SILENT WAIT V=0.00V I=+0.0A T=0.0C SOC=0% SOH=100% | CVL=0.0V CCL=0.0A DCL=0.0A | chg=0 dis=0 fc1=0 fc2=0 | prot=0000 warn=0000 | packs=1 | inv0x305=no
[keepalive] twai_transmit() -> ESP_ERR_TIMEOUT
[keepalive] twai_transmit() -> ESP_ERR_TIMEOUT
[37s] SILENT WAIT V=0.00V I=+0.0A T=0.0C SOC=0% SOH=100% | CVL=0.0V CCL=0.0A DCL=0.0A | chg=0 dis=0 fc1=0 fc2=0 | prot=0000 warn=0000 | packs=1 | inv0x305=no
[keepalive] twai_transmit() -> ESP_ERR_TIMEOUT
[keepalive] twai_transmit() -> ESP_ERR_TIMEOUT
[39s] SILENT WAIT V=0.00V I=+0.0A T=0.0C SOC=0% SOH=100% | CVL=0.0V CCL=0.0A DCL=0.0A | chg=0 dis=0 fc1=0 fc2=0 | prot=0000 warn=0000 | packs=1 | inv0x305=no
[keepalive] twai_transmit() -> ESP_ERR_TIMEOUT
[keepalive] twai_transmit() -> ESP_ERR_TIMEOUT
[41s] SILENT WAIT V=0.00V I=+0.0A T=0.0C SOC=0% SOH=100% | CVL=0.0V CCL=0.0A DCL=0.0A | chg=0 dis=0 fc1=0 fc2=0 | prot=0000 warn=0000 | packs=1 | inv0x305=no
[keepalive] twai_transmit() -> ESP_ERR_TIMEOUT
[keepalive] twai_transmit() -> ESP_ERR_TIMEOUT
[43s] SILENT WAIT V=0.00V I=+0.0A T=0.0C SOC=0% SOH=100% | CVL=0.0V CCL=0.0A DCL=0.0A | chg=0 dis=0 fc1=0 fc2=0 | prot=0000 warn=0000 | packs=1 | inv0x305=no
[keepalive] twai_transmit() -> ESP_ERR_TIMEOUT

---- battery-bus rate stats (VERBOSE_STATS) ----------------------------
  0 frames, 45 s elapsed
  ID     count   period(ms)  (min-max gap)
--------------------------------------------------------------------------

  TWAI: state=RUNNING  tx_err=128 rx_err=0  tx_failed=0  rx_missed=0 rx_overrun=0  arb_lost=0  bus_err=165507
[keepalive] twai_transmit() -> ESP_ERR_TIMEOUT
[45s] SILENT WAIT V=0.00V I=+0.0A T=0.0C SOC=0% SOH=100% | CVL=0.0V CCL=0.0A DCL=0.0A | chg=0 dis=0 fc1=0 fc2=0 | prot=0000 warn=0000 | packs=1 | inv0x305=no
[keepalive] twai_transmit() -> ESP_ERR_TIMEOUT
[keepalive] twai_transmit() -> ESP_ERR_TIMEOUT
[47s] SILENT WAIT V=0.00V I=+0.0A T=0.0C SOC=0% SOH=100% | CVL=0.0V CCL=0.0A DCL=0.0A | chg=0 dis=0 fc1=0 fc2=0 | prot=0000 warn=0000 | packs=1 | inv0x305=no
[keepalive] twai_transmit() -> ESP_ERR_TIMEOUT
[keepalive] twai_transmit() -> ESP_ERR_TIMEOUT
[49s] SILENT WAIT V=0.00V I=+0.0A T=0.0C SOC=0% SOH=100% | CVL=0.0V CCL=0.0A DCL=0.0A | chg=0 dis=0 fc1=0 fc2=0 | prot=0000 warn=0000 | packs=1 | inv0x305=no
[keepalive] twai_transmit() -> ESP_ERR_TIMEOUT
BAT RX 0x312 [8] 00 00 00 00 02 02 00 00 
BAT RX 0x313 [8] 15 36 00 00 00 FE 64 63 
BAT RX 0x314 [8] 5B 54 5B 54 00 15 05 44 
BAT RX 0x315 [8] 0D 46 0D 45 0D 45 0D 45 
BAT RX 0x316 [8] 0D 41 0D 40 0D 3F 0D 37 
BAT RX 0x317 [8] 0D 4B 0D 4A 0D 4A 0D 49 
BAT RX 0x318 [8] 0D 39 0D 38 0D 37 0D 36 
BAT RX 0x319 [8] 40 0D 4B 0D 36 1D 11 00 
BAT RX 0x320 [8] 50 41 C3 85 85 00 00 00 
BAT RX 0x322 [8] 01 14 00 E8 03 01 64 64 
BAT RX 0x311 [8] 02 38 00 00 08 24 01 21 
BAT RX 0x323 [8] 20 0E 10 00 00 00 00 00 
BAT RX 0x324 [8] 02 43 30 37 00 00 00 00 
BAT RX 0x329 [8] 01 00 22 9C 01 00 40 35 
BAT RX 0x330 [8] 02 0D 02 01 0D 4C 0D 36 
BAT RX 0x312 [8] 00 00 00 00 02 02 00 00 
BAT RX 0x313 [8] 15 36 00 00 00 FE 64 63 
BAT RX 0x314 [8] 5B 54 5B 54 00 16 05 44 
BAT RX 0x315 [8] 0D 46 0D 46 0D 45 0D 45 
BAT RX 0x316 [8] 0D 40 0D 40 0D 3F 0D 38 
BAT RX 0x317 [8] 0D 4C 0D 4A 0D 4A 0D 49 
[keepalive] twai_transmit() -> ESP_OK
[51s] OK V=54.30V I=+0.0A T=25.4C SOC=100% SOH=99% | CVL=56.8V CCL=0.0A DCL=208.4A | chg=0 dis=1 fc1=0 fc2=0 | prot=0000 warn=0000 | packs=2 | inv0x305=no
BAT RX 0x318 [8] 0D 39 0D 38 0D 37 0D 36 
BAT RX 0x319 [8] 40 0D 4C 0D 36 1D 11 00 
BAT RX 0x320 [8] 50 41 C3 85 85 00 00 00 
BAT RX 0x322 [8] 01 14 00 E8 03 01 64 64 
BAT RX 0x311 [8] 02 38 00 00 08 24 01 21 
BAT RX 0x330 [8] 02 0D 02 01 0D 4C 0D 36 
BAT RX 0x329 [8] 02 00 1A 25 02 00 40 D1 
BAT RX 0x323 [8] 20 0E 10 00 00 00 00 00 
BAT RX 0x324 [8] 00 02 47 50 4A 30 32 31 
BAT RX 0x322 [8] 01 14 00 E8 03 01 64 64 
BAT RX 0x320 [8] 50 41 C3 85 85 00 00 00 
BAT RX 0x319 [8] 40 0D 4C 0D 36 1D 11 00 
BAT RX 0x318 [8] 0D 39 0D 37 0D 37 0D 36 
BAT RX 0x317 [8] 0D 4C 0D 4A 0D 4A 0D 49 
BAT RX 0x316 [8] 0D 41 0D 3F 0D 3F 0D 37 
BAT RX 0x315 [8] 0D 45 0D 45 0D 45 0D 45 
BAT RX 0x314 [8] 5B 54 5B 54 00 16 05 44 
BAT RX 0x313 [8] 15 36 00 00 00 FE 64 63 
BAT RX 0x312 [8] 00 00 00 00 02 02 00 00 
BAT RX 0x311 [8] 02 38 00 00 08 24 01 21 
[keepalive] twai_transmit() -> ESP_OK
BAT RX 0x330 [8] 02 0D 02 01 0D 4C 0D 36 
BAT RX 0x329 [8] 01 00 22 9C 01 00 40 35 
BAT RX 0x323 [8] 20 0E 10 00 00 00 00 00 
BAT RX 0x324 [8] 01 39 35 32 32 30 36 32 
BAT RX 0x322 [8] 01 14 00 E8 03 01 64 64 
BAT RX 0x320 [8] 50 41 C3 85 85 00 00 00 
BAT RX 0x319 [8] 40 0D 4C 0D 36 1D 11 00 
BAT RX 0x318 [8] 0D 39 0D 38 0D 37 0D 36 
BAT RX 0x317 [8] 0D 4C 0D 4A 0D 4A 0D 49 
BAT RX 0x316 [8] 0D 40 0D 3F 0D 3F 0D 38 
BAT RX 0x315 [8] 0D 46 0D 45 0D 45 0D 45 
BAT RX 0x314 [8] 5B 54 5B 54 00 16 05 44 
BAT RX 0x313 [8] 15 36 00 00 00 FE 64 63 
BAT RX 0x312 [8] 00 00 00 00 02 02 00 00 
BAT RX 0x311 [8] 02 38 00 00 08 24 01 21 
[keepalive] twai_transmit() -> ESP_OK
[53s] OK V=54.30V I=+0.0A T=25.4C SOC=100% SOH=99% | CVL=56.8V CCL=0.0A DCL=208.4A | chg=0 dis=1 fc1=0 fc2=0 | prot=0000 warn=0000 | packs=2 | inv0x305=no
BAT RX 0x330 [8] 02 0D 02 01 0D 4B 0D 36 
BAT RX 0x329 [8] 02 00 1A 25 02 00 40 D1 
BAT RX 0x323 [8] 20 0E 10 00 00 00 00 00 
BAT RX 0x324 [8] 02 42 42 37 00 00 00 00 
BAT RX 0x322 [8] 01 14 00 E8 03 01 64 64 
BAT RX 0x320 [8] 50 41 C3 85 85 00 00 00 
BAT RX 0x319 [8] 40 0D 4B 0D 36 1D 11 00 
BAT RX 0x318 [8] 0D 39 0D 38 0D 37 0D 36 
BAT RX 0x317 [8] 0D 4B 0D 4A 0D 4A 0D 49 
BAT RX 0x316 [8] 0D 40 0D 40 0D 3F 0D 37 
BAT RX 0x315 [8] 0D 46 0D 45 0D 45 0D 45 
BAT RX 0x314 [8] 5B 54 5B 54 00 15 05 44 
BAT RX 0x313 [8] 15 36 00 00 00 FE 64 63 
BAT RX 0x312 [8] 00 00 00 00 02 02 00 00 
BAT RX 0x311 [8] 02 38 00 00 08 24 01 21 
[keepalive] twai_transmit() -> ESP_OK
BAT RX 0x330 [8] 02 0D 02 01 0D 4B 0D 36 
BAT RX 0x329 [8] 01 00 22 9C 01 00 40 35 
BAT RX 0x323 [8] 20 0E 10 00 00 00 00 00 
BAT RX 0x324 [8] 00 01 47 50 4A 30 32 31 
BAT RX 0x322 [8] 01 14 00 E8 03 01 64 64 
BAT RX 0x320 [8] 50 41 C3 85 85 00 00 00 
BAT RX 0x319 [8] 40 0D 4B 0D 36 1D 11 00 
BAT RX 0x318 [8] 0D 39 0D 38 0D 37 0D 36 
BAT RX 0x317 [8] 0D 4B 0D 4A 0D 4A 0D 4A 
BAT RX 0x316 [8] 0D 40 0D 40 0D 3F 0D 37 
BAT RX 0x315 [8] 0D 45 0D 45 0D 45 0D 45 
BAT RX 0x314 [8] 5B 54 5B 54 00 15 05 44 
BAT RX 0x313 [8] 15 36 00 00 00 FE 64 63 
BAT RX 0x312 [8] 00 00 00 00 02 02 00 00 
BAT RX 0x311 [8] 02 38 00 00 08 24 01 21 
[keepalive] twai_transmit() -> ESP_OK
[55s] OK V=54.30V I=+0.0A T=25.4C SOC=100% SOH=99% | CVL=56.8V CCL=0.0A DCL=208.4A | chg=0 dis=1 fc1=0 fc2=0 | prot=0000 warn=0000 | packs=2 | inv0x305=no
BAT RX 0x330 [8] 02 0D 02 01 0D 4B 0D 36 
BAT RX 0x329 [8] 02 00 1A 25 02 00 40 D1 
BAT RX 0x323 [8] 20 0E 10 00 00 00 00 00 
BAT RX 0x324 [8] 01 39 35 32 32 30 36 32 
BAT RX 0x322 [8] 01 14 00 E8 03 01 64 64 
BAT RX 0x320 [8] 50 41 C3 85 85 00 00 00 
BAT RX 0x319 [8] 40 0D 4B 0D 36 1D 11 00 
BAT RX 0x318 [8] 0D 39 0D 37 0D 37 0D 36 
BAT RX 0x317 [8] 0D 4B 0D 4A 0D 4A 0D 49 
BAT RX 0x316 [8] 0D 40 0D 3F 0D 3F 0D 37 
BAT RX 0x315 [8] 0D 45 0D 45 0D 45 0D 45 
BAT RX 0x314 [8] 5B 54 5B 54 00 15 05 44 
BAT RX 0x313 [8] 15 36 00 00 00 FE 64 63 
BAT RX 0x312 [8] 00 00 00 00 02 02 00 00 
BAT RX 0x311 [8] 02 38 00 00 08 24 01 21 
[keepalive] twai_transmit() -> ESP_OK
BAT RX 0x330 [8] 02 0D 02 01 0D 4B 0D 35 
BAT RX 0x329 [8] 01 00 22 9C 01 00 40 35 
BAT RX 0x323 [8] 20 0E 10 00 00 00 00 00 
BAT RX 0x324 [8] 02 43 30 37 00 00 00 00 
BAT RX 0x322 [8] 01 14 00 E8 03 01 64 64 
BAT RX 0x320 [8] 50 41 C3 85 85 00 00 00 
BAT RX 0x319 [8] 40 0D 4B 0D 35 1D 11 00 
BAT RX 0x318 [8] 0D 39 0D 38 0D 37 0D 35 
BAT RX 0x317 [8] 0D 4B 0D 4A 0D 49 0D 49 
BAT RX 0x316 [8] 0D 40 0D 40 0D 3F 0D 37 
BAT RX 0x315 [8] 0D 46 0D 45 0D 45 0D 45 
BAT RX 0x314 [8] 5B 54 5B 54 00 16 05 44 
BAT RX 0x313 [8] 15 36 00 00 00 FE 64 63 
BAT RX 0x312 [8] 00 00 00 00 02 02 00 00 
BAT RX 0x311 [8] 02 38 00 00 08 24 01 21 
[keepalive] twai_transmit() -> ESP_OK
[57s] OK V=54.30V I=+0.0A T=25.4C SOC=100% SOH=99% | CVL=56.8V CCL=0.0A DCL=208.4A | chg=0 dis=1 fc1=0 fc2=0 | prot=0000 warn=0000 | packs=2 | inv0x305=no
BAT RX 0x330 [8] 02 0D 02 01 0D 4C 0D 35 
BAT RX 0x329 [8] 02 00 1A 25 02 00 40 D1 
BAT RX 0x323 [8] 20 0E 10 00 00 00 00 00 
BAT RX 0x324 [8] 00 02 47 50 4A 30 32 31 
BAT RX 0x322 [8] 01 14 00 E8 03 01 64 64 
BAT RX 0x320 [8] 50 41 C3 85 85 00 00 00 
BAT RX 0x319 [8] 40 0D 4C 0D 35 1D 11 00 
BAT RX 0x318 [8] 0D 39 0D 38 0D 37 0D 35 
BAT RX 0x317 [8] 0D 4C 0D 4A 0D 49 0D 49 
BAT RX 0x316 [8] 0D 40 0D 40 0D 3F 0D 38 
BAT RX 0x315 [8] 0D 46 0D 45 0D 45 0D 45 
BAT RX 0x314 [8] 5B 54 5B 54 00 17 05 44 
BAT RX 0x313 [8] 15 36 00 03 00 FE 64 63 
BAT RX 0x312 [8] 00 00 00 00 02 02 00 00 
BAT RX 0x311 [8] 02 38 00 00 08 24 01 21 
[keepalive] twai_transmit() -> ESP_OK
BAT RX 0x330 [8] 02 0D 02 01 0D 4B 0D 36 
BAT RX 0x329 [8] 01 00 22 9C 01 00 40 35 
BAT RX 0x323 [8] 20 0E 10 00 00 00 00 00 
BAT RX 0x324 [8] 01 39 35 32 32 30 36 32 
BAT RX 0x322 [8] 01 14 00 E8 03 01 64 64 
BAT RX 0x320 [8] 50 41 C3 85 85 00 00 00 
BAT RX 0x319 [8] 40 0D 4B 0D 36 1D 11 00 
BAT RX 0x318 [8] 0D 39 0D 37 0D 37 0D 36 
BAT RX 0x317 [8] 0D 4B 0D 4A 0D 49 0D 49 
BAT RX 0x316 [8] 0D 40 0D 40 0D 3F 0D 37 
BAT RX 0x315 [8] 0D 45 0D 45 0D 45 0D 45 
BAT RX 0x314 [8] 5B 54 5B 54 00 15 05 44 
BAT RX 0x313 [8] 15 36 00 03 00 FE 64 63 
BAT RX 0x312 [8] 00 00 00 00 02 02 00 00 
BAT RX 0x311 [8] 02 38 00 00 08 24 01 21 
[keepalive] twai_transmit() -> ESP_OK
[59s] OK V=54.30V I=+0.3A T=25.4C SOC=100% SOH=99% | CVL=56.8V CCL=0.0A DCL=208.4A | chg=0 dis=1 fc1=0 fc2=0 | prot=0000 warn=0000 | packs=2 | inv0x305=no

---- battery-bus rate stats (VERBOSE_STATS) ----------------------------
  146 frames, 60 s elapsed
  ID     count   period(ms)  (min-max gap)
  0x312      10    874 (7-1000)
  0x313      10    872 (3-1000)
  0x314      10    871 (4-1000)
  0x315      10    870 (4-1000)
  0x316      10    869 (3-1000)
  0x317      10    868 (3-1000)
  0x318      10    867 (4-1000)
  0x319      10    865 (4-1000)
  0x320      10    864 (4-1000)
  0x322      10    863 (4-1000)
  0x311      10    875 (4-1000)
  0x323       9    970 (767-1000)
  0x324       9    970 (768-1000)
  0x329       9    968 (757-1000)
  0x330       9    967 (746-1000)
--------------------------------------------------------------------------

  TWAI: state=RUNNING  tx_err=102 rx_err=0  tx_failed=0  rx_missed=0 rx_overrun=0  arb_lost=0  bus_err=190881
BAT RX 0x330 [8] 02 0D 02 01 0D 4B 0D 36 
BAT RX 0x329 [8] 02 00 1A 25 02 00 40 D1 
BAT RX 0x323 [8] 20 0E 10 00 00 00 00 00 
BAT RX 0x324 [8] 02 42 42 37 00 00 00 00 
BAT RX 0x322 [8] 01 14 00 E8 03 01 64 64 
BAT RX 0x320 [8] 50 41 C3 85 85 00 00 00 
BAT RX 0x319 [8] 40 0D 4B 0D 36 1D 11 00 
BAT RX 0x318 [8] 0D 39 0D 37 0D 37 0D 36 
BAT RX 0x317 [8] 0D 4B 0D 4A 0D 49 0D 49 
BAT RX 0x316 [8] 0D 40 0D 40 0D 3F 0D 37 
BAT RX 0x315 [8] 0D 45 0D 45 0D 45 0D 45 
BAT RX 0x314 [8] 5B 54 5B 54 00 15 05 44 
BAT RX 0x313 [8] 15 36 00 03 00 FE 64 63 
BAT RX 0x312 [8] 00 00 00 00 02 02 00 00 
BAT RX 0x311 [8] 02 38 00 00 08 24 01 21 
[keepalive] twai_transmit() -> ESP_OK
BAT RX 0x330 [8] 02 0D 02 01 0D 4B 0D 36 
BAT RX 0x329 [8] 01 00 22 9C 01 00 40 35 
BAT RX 0x323 [8] 20 0E 10 00 00 00 00 00 
BAT RX 0x324 [8] 00 01 47 50 4A 30 32 31 
BAT RX 0x322 [8] 01 14 00 E8 03 01 64 64 
BAT RX 0x320 [8] 50 41 C3 85 85 00 00 00 
BAT RX 0x319 [8] 40 0D 4B 0D 36 1D 11 00 
BAT RX 0x318 [8] 0D 39 0D 38 0D 37 0D 36 
BAT RX 0x317 [8] 0D 4B 0D 4A 0D 49 0D 49 
BAT RX 0x316 [8] 0D 40 0D 3F 0D 3F 0D 37 
BAT RX 0x315 [8] 0D 45 0D 45 0D 45 0D 45 
BAT RX 0x314 [8] 5B 54 5B 54 00 15 05 44 
BAT RX 0x313 [8] 15 36 00 03 00 FE 64 63 
BAT RX 0x312 [8] 00 00 00 00 02 02 00 00 
BAT RX 0x311 [8] 02 38 00 00 08 24 01 21 
[keepalive] twai_transmit() -> ESP_OK
[61s] OK V=54.30V I=+0.3A T=25.4C SOC=100% SOH=99% | CVL=56.8V CCL=0.0A DCL=208.4A | chg=0 dis=1 fc1=0 fc2=0 | prot=0000 warn=0000 | packs=2 | inv0x305=no
BAT RX 0x330 [8] 02 0D 02 01 0D 4B 0D 35 
BAT RX 0x329 [8] 02 00 1A 25 02 00 40 D1 
BAT RX 0x323 [8] 20 0E 10 00 00 00 00 00 
BAT RX 0x324 [8] 01 39 35 32 32 30 36 32 
BAT RX 0x322 [8] 01 14 00 E8 03 01 64 64 
BAT RX 0x320 [8] 50 41 C3 85 85 00 00 00 
BAT RX 0x319 [8] 40 0D 4B 0D 35 1D 11 00 
BAT RX 0x318 [8] 0D 39 0D 37 0D 37 0D 35 
BAT RX 0x317 [8] 0D 4B 0D 4A 0D 49 0D 48 
BAT RX 0x316 [8] 0D 40 0D 40 0D 3F 0D 37 
BAT RX 0x315 [8] 0D 45 0D 45 0D 45 0D 44 
BAT RX 0x314 [8] 5B 54 5B 54 00 16 05 44 
BAT RX 0x313 [8] 15 36 00 00 00 FE 64 63 
BAT RX 0x312 [8] 00 00 00 00 02 02 00 00 
BAT RX 0x311 [8] 02 38 00 00 08 24 01 21 
[keepalive] twai_transmit() -> ESP_OK
BAT RX 0x330 [8] 02 0D 02 01 0D 4B 0D 35 
BAT RX 0x329 [8] 01 00 22 9C 01 00 40 35 
BAT RX 0x323 [8] 20 0E 10 00 00 00 00 00 
BAT RX 0x324 [8] 02 43 30 37 00 00 00 00 
BAT RX 0x322 [8] 01 14 00 E8 03 01 64 64 
BAT RX 0x320 [8] 50 41 C3 85 85 00 00 00 
BAT RX 0x319 [8] 40 0D 4B 0D 35 1D 11 00 
BAT RX 0x318 [8] 0D 39 0D 37 0D 37 0D 35 
BAT RX 0x317 [8] 0D 4B 0D 4A 0D 49 0D 48 
BAT RX 0x316 [8] 0D 40 0D 40 0D 3F 0D 37 
BAT RX 0x315 [8] 0D 45 0D 45 0D 44 0D 44 
BAT RX 0x314 [8] 5B 54 5B 54 00 16 05 44 
BAT RX 0x313 [8] 15 36 00 03 00 FE 64 63 
BAT RX 0x312 [8] 00 00 00 00 02 02 00 00 
BAT RX 0x311 [8] 02 38 00 00 08 24 01 21 
[keepalive] twai_transmit() -> ESP_OK
[63s] OK V=54.30V I=+0.3A T=25.4C SOC=100% SOH=99% | CVL=56.8V CCL=0.0A DCL=208.4A | chg=0 dis=1 fc1=0 fc2=0 | prot=0000 warn=0000 | packs=2 | inv0x305=no
BAT RX 0x330 [8] 02 0D 02 01 0D 4B 0D 36 
BAT RX 0x329 [8] 02 00 1A 25 02 00 40 D1 
BAT RX 0x323 [8] 20 0E 10 00 00 00 00 00 
BAT RX 0x324 [8] 00 02 47 50 4A 30 32 31 
BAT RX 0x322 [8] 01 14 00 E8 03 01 64 64 
BAT RX 0x320 [8] 50 41 C3 85 85 00 00 00 
BAT RX 0x319 [8] 40 0D 4B 0D 36 1D 11 00 
BAT RX 0x318 [8] 0D 38 0D 37 0D 37 0D 36 
BAT RX 0x317 [8] 0D 4B 0D 4A 0D 49 0D 49 
BAT RX 0x316 [8] 0D 40 0D 3F 0D 3F 0D 37 
BAT RX 0x315 [8] 0D 45 0D 45 0D 45 0D 44 
BAT RX 0x314 [8] 5B 54 5B 54 00 15 05 44 
BAT RX 0x313 [8] 15 36 00 00 00 FE 64 63 
BAT RX 0x312 [8] 00 00 00 00 02 02 00 00 
BAT RX 0x311 [8] 02 38 00 00 08 24 01 21 
[keepalive] twai_transmit() -> ESP_OK
BAT RX 0x330 [8] 02 0D 02 01 0D 4B 0D 35 
BAT RX 0x329 [8] 01 00 22 9C 01 00 40 35 
BAT RX 0x323 [8] 20 0E 10 00 00 00 00 00 
BAT RX 0x324 [8] 01 39 35 32 32 30 36 32 
BAT RX 0x322 [8] 01 14 00 E8 03 01 64 64 
BAT RX 0x320 [8] 50 41 C3 85 85 00 00 00 
BAT RX 0x319 [8] 40 0D 4B 0D 35 1D 11 00 
BAT RX 0x318 [8] 0D 38 0D 38 0D 36 0D 35 
BAT RX 0x317 [8] 0D 4B 0D 49 0D 49 0D 48 
BAT RX 0x316 [8] 0D 40 0D 3F 0D 3F 0D 37 
BAT RX 0x315 [8] 0D 45 0D 45 0D 45 0D 44 
BAT RX 0x314 [8] 5B 54 5B 54 00 16 05 44 
BAT RX 0x313 [8] 15 36 00 03 00 FE 64 63 
BAT RX 0x312 [8] 00 00 00 00 02 02 00 00 
BAT RX 0x311 [8] 02 38 00 00 08 24 01 21 
[keepalive] twai_transmit() -> ESP_OK
[65s] OK V=54.30V I=+0.3A T=25.4C SOC=100% SOH=99% | CVL=56.8V CCL=0.0A DCL=208.4A | chg=0 dis=1 fc1=0 fc2=0 | prot=0000 warn=0000 | packs=2 | inv0x305=no
BAT RX 0x330 [8] 02 0D 02 01 0D 4B 0D 35 
BAT RX 0x329 [8] 02 00 1A 25 02 00 40 D1 
BAT RX 0x323 [8] 20 0E 10 00 00 00 00 00 
BAT RX 0x324 [8] 02 42 42 37 00 00 00 00 
BAT RX 0x322 [8] 01 14 00 E8 03 01 64 64 
BAT RX 0x320 [8] 50 41 C3 85 85 00 00 00 
BAT RX 0x319 [8] 40 0D 4B 0D 35 1D 11 00 
BAT RX 0x318 [8] 0D 38 0D 37 0D 36 0D 35 
BAT RX 0x317 [8] 0D 4B 0D 49 0D 49 0D 49 
BAT RX 0x316 [8] 0D 40 0D 3F 0D 3F 0D 37 
BAT RX 0x315 [8] 0D 45 0D 45 0D 44 0D 44 
BAT RX 0x314 [8] 5B 54 5B 54 00 16 05 44 
BAT RX 0x313 [8] 15 36 00 00 00 FE 64 63 
BAT RX 0x312 [8] 00 00 00 00 02 02 00 00 
BAT RX 0x311 [8] 02 38 00 00 08 24 01 21 
[keepalive] twai_transmit() -> ESP_OK
BAT RX 0x330 [8] 02 0D 02 01 0D 4B 0D 35 
BAT RX 0x329 [8] 01 00 22 9C 01 00 40 35 
BAT RX 0x323 [8] 20 0E 10 00 00 00 00 00 
BAT RX 0x324 [8] 00 01 47 50 4A 30 32 31 
BAT RX 0x322 [8] 01 14 00 E8 03 01 64 64 
BAT RX 0x320 [8] 50 41 C3 85 85 00 00 00 
BAT RX 0x319 [8] 40 0D 4B 0D 35 1D 11 00 
BAT RX 0x318 [8] 0D 39 0D 37 0D 36 0D 35 
BAT RX 0x317 [8] 0D 4B 0D 49 0D 49 0D 49 
BAT RX 0x316 [8] 0D 40 0D 3F 0D 3F 0D 37 
BAT RX 0x315 [8] 0D 45 0D 45 0D 44 0D 44 
BAT RX 0x314 [8] 5B 54 5B 54 00 16 05 44 
BAT RX 0x313 [8] 15 36 00 00 00 FE 64 63 
BAT RX 0x312 [8] 00 00 00 00 02 02 00 00 
BAT RX 0x311 [8] 02 38 00 00 08 24 01 21 
[keepalive] twai_transmit() -> ESP_OK
[67s] OK V=54.30V I=+0.0A T=25.4C SOC=100% SOH=99% | CVL=56.8V CCL=0.0A DCL=208.4A | chg=0 dis=1 fc1=0 fc2=0 | prot=0000 warn=0000 | packs=2 | inv0x305=no
BAT RX 0x330 [8] 02 0D 02 01 0D 4B 0D 35 
BAT RX 0x329 [8] 02 00 1A 25 02 00 40 D1 
BAT RX 0x323 [8] 20 0E 10 00 00 00 00 00 
BAT RX 0x324 [8] 01 39 35 32 32 30 36 32 
BAT RX 0x322 [8] 01 14 00 E8 03 01 64 64 
BAT RX 0x320 [8] 50 41 C3 85 85 00 00 00 
BAT RX 0x319 [8] 40 0D 4B 0D 35 1D 11 00 
BAT RX 0x318 [8] 0D 39 0D 37 0D 36 0D 35 
BAT RX 0x317 [8] 0D 4B 0D 4A 0D 49 0D 48 
BAT RX 0x316 [8] 0D 40 0D 3F 0D 3F 0D 36 
BAT RX 0x315 [8] 0D 45 0D 45 0D 44 0D 44 
BAT RX 0x314 [8] 5B 54 5B 54 00 16 05 44 
BAT RX 0x313 [8] 15 36 00 00 00 FE 64 63 
BAT RX 0x312 [8] 00 00 00 00 02 02 00 00 
BAT RX 0x311 [8] 02 38 00 00 08 24 01 21 
[keepalive] twai_transmit() -> ESP_OK
BAT RX 0x330 [8] 02 0D 02 01 0D 4B 0D 35 
BAT RX 0x329 [8] 01 00 22 9C 01 00 40 35 
BAT RX 0x323 [8] 20 0E 10 00 00 00 00 00 
BAT RX 0x324 [8] 02 43 30 37 00 00 00 00 
BAT RX 0x322 [8] 01 14 00 E8 03 01 64 64 
BAT RX 0x320 [8] 50 41 C3 85 85 00 00 00 
BAT RX 0x319 [8] 40 0D 4B 0D 35 1D 11 00 
BAT RX 0x318 [8] 0D 38 0D 37 0D 37 0D 35 
BAT RX 0x317 [8] 0D 4B 0D 49 0D 49 0D 48 
BAT RX 0x316 [8] 0D 3F 0D 3F 0D 3F 0D 36 
BAT RX 0x315 [8] 0D 45 0D 45 0D 44 0D 44 
BAT RX 0x314 [8] 5B 54 5B 54 00 16 05 44 
BAT RX 0x313 [8] 15 36 00 03 00 FE 64 63 
BAT RX 0x312 [8] 00 00 00 00 02 02 00 00 
BAT RX 0x311 [8] 02 38 00 00 08 24 01 21 
[keepalive] twai_transmit() -> ESP_OK
[69s] OK V=54.30V I=+0.3A T=25.4C SOC=100% SOH=99% | CVL=56.8V CCL=0.0A DCL=208.4A | chg=0 dis=1 fc1=0 fc2=0 | prot=0000 warn=0000 | packs=2 | inv0x305=no
BAT RX 0x330 [8] 02 0D 02 01 0D 4B 0D 35 
BAT RX 0x329 [8] 02 00 1A 25 02 00 40 D1 
BAT RX 0x323 [8] 20 0E 10 00 00 00 00 00 
BAT RX 0x324 [8] 00 02 47 50 4A 30 32 31 
BAT RX 0x322 [8] 01 14 00 E8 03 01 64 64 
BAT RX 0x320 [8] 50 41 C3 85 85 00 00 00 
BAT RX 0x319 [8] 40 0D 4B 0D 35 1D 11 00 
BAT RX 0x318 [8] 0D 39 0D 37 0D 37 0D 35 
BAT RX 0x317 [8] 0D 4B 0D 49 0D 49 0D 49 
BAT RX 0x316 [8] 0D 40 0D 3F 0D 3F 0D 37 
BAT RX 0x315 [8] 0D 45 0D 45 0D 44 0D 44 
BAT RX 0x314 [8] 5B 54 5B 54 00 16 05 44 
BAT RX 0x313 [8] 15 2C 00 00 00 FE 64 63 
BAT RX 0x312 [8] 00 00 00 00 02 02 00 00 
BAT RX 0x311 [8] 02 38 00 00 08 24 01 21 
[keepalive] twai_transmit() -> ESP_OK
BAT RX 0x330 [8] 02 0D 02 01 0D 4B 0D 35 
BAT RX 0x329 [8] 01 00 22 9C 01 00 40 35 
BAT RX 0x323 [8] 20 0E 10 00 00 00 00 00 
BAT RX 0x324 [8] 01 39 35 32 32 30 36 32 
BAT RX 0x322 [8] 01 14 00 E8 03 01 64 64 
BAT RX 0x320 [8] 50 41 C3 85 85 00 00 00 
BAT RX 0x319 [8] 40 0D 4B 0D 35 1D 11 00 
BAT RX 0x318 [8] 0D 39 0D 37 0D 36 0D 35 
BAT RX 0x317 [8] 0D 4B 0D 49 0D 49 0D 48 
BAT RX 0x316 [8] 0D 3F 0D 3F 0D 3E 0D 36 
BAT RX 0x315 [8] 0D 45 0D 45 0D 44 0D 44 
BAT RX 0x314 [8] 5B 54 5B 54 00 16 05 44 
BAT RX 0x313 [8] 15 36 00 00 00 FE 64 63 
BAT RX 0x312 [8] 00 00 00 00 02 02 00 00 
BAT RX 0x311 [8] 02 38 00 00 08 24 01 21 
[keepalive] twai_transmit() -> ESP_OK
[71s] OK V=54.30V I=+0.0A T=25.4C SOC=100% SOH=99% | CVL=56.8V CCL=0.0A DCL=208.4A | chg=0 dis=1 fc1=0 fc2=0 | prot=0000 warn=0000 | packs=2 | inv0x305=no
BAT RX 0x330 [8] 02 0D 02 01 0D 4B 0D 35 
BAT RX 0x329 [8] 02 00 1A 25 02 00 40 D1 
BAT RX 0x323 [8] 20 0E 10 00 00 00 00 00 
BAT RX 0x324 [8] 02 42 42 37 00 00 00 00 
BAT RX 0x322 [8] 01 14 00 E8 03 01 64 64 
BAT RX 0x320 [8] 50 41 C3 85 85 00 00 00 
BAT RX 0x319 [8] 40 0D 4B 0D 35 1D 11 00 
BAT RX 0x318 [8] 0D 39 0D 37 0D 36 0D 35 
BAT RX 0x317 [8] 0D 4B 0D 49 0D 49 0D 48 
BAT RX 0x316 [8] 0D 40 0D 3F 0D 3E 0D 37 
BAT RX 0x315 [8] 0D 45 0D 45 0D 44 0D 44 
BAT RX 0x314 [8] 5B 54 5B 54 00 16 05 44 
BAT RX 0x313 [8] 15 2C 00 03 00 FE 64 63 
BAT RX 0x312 [8] 00 00 00 00 02 02 00 00 
BAT RX 0x311 [8] 02 38 00 00 08 24 01 21 
[keepalive] twai_transmit() -> ESP_OK
BAT RX 0x330 [8] 02 0D 02 01 0D 4B 0D 35 
BAT RX 0x329 [8] 01 00 22 9C 01 00 40 35 
BAT RX 0x323 [8] 20 0E 10 00 00 00 00 00 
BAT RX 0x324 [8] 00 01 47 50 4A 30 32 31 
BAT RX 0x322 [8] 01 14 00 E8 03 01 64 64 
BAT RX 0x320 [8] 50 41 C3 85 85 00 00 00 
BAT RX 0x319 [8] 40 0D 4B 0D 35 1D 11 00 
BAT RX 0x318 [8] 0D 38 0D 37 0D 36 0D 35 
BAT RX 0x317 [8] 0D 4B 0D 49 0D 49 0D 49 
BAT RX 0x316 [8] 0D 40 0D 3F 0D 3F 0D 37 
BAT RX 0x315 [8] 0D 45 0D 45 0D 44 0D 44 
BAT RX 0x314 [8] 5B 54 5B 54 00 16 05 44 
BAT RX 0x313 [8] 15 2C 00 03 00 FE 64 63 
BAT RX 0x312 [8] 00 00 00 00 02 02 00 00 
BAT RX 0x311 [8] 02 38 00 00 08 24 01 21 
[keepalive] twai_transmit() -> ESP_OK
[73s] OK V=54.20V I=+0.3A T=25.4C SOC=100% SOH=99% | CVL=56.8V CCL=0.0A DCL=208.4A | chg=0 dis=1 fc1=0 fc2=0 | prot=0000 warn=0000 | packs=2 | inv0x305=no
BAT RX 0x330 [8] 02 0D 02 01 0D 4B 0D 35 
BAT RX 0x329 [8] 02 00 1A 25 02 00 40 D1 
BAT RX 0x323 [8] 20 0E 10 00 00 00 00 00 
BAT RX 0x324 [8] 01 39 35 32 32 30 36 32 
BAT RX 0x322 [8] 01 14 00 E8 03 01 64 64 
BAT RX 0x320 [8] 50 41 C3 85 85 00 00 00 
BAT RX 0x319 [8] 40 0D 4B 0D 35 1D 11 00 
BAT RX 0x318 [8] 0D 38 0D 37 0D 36 0D 35 
BAT RX 0x317 [8] 0D 4B 0D 49 0D 49 0D 48 
BAT RX 0x316 [8] 0D 40 0D 3E 0D 3E 0D 37 
BAT RX 0x315 [8] 0D 45 0D 44 0D 44 0D 44 
BAT RX 0x314 [8] 5B 54 5B 54 00 16 05 44 
BAT RX 0x313 [8] 15 2C 00 00 00 FE 64 63 
BAT RX 0x312 [8] 00 00 00 00 02 02 00 00 
BAT RX 0x311 [8] 02 38 00 00 08 24 01 21 
[keepalive] twai_transmit() -> ESP_OK

---- battery-bus rate stats (VERBOSE_STATS) ----------------------------
  371 frames, 75 s elapsed
  ID     count   period(ms)  (min-max gap)
  0x312      25    952 (7-1000)
  0x313      25    951 (3-1000)
  0x314      25    951 (4-1000)
  0x315      25    950 (4-1000)
  0x316      25    950 (3-1000)
  0x317      25    950 (3-1000)
  0x318      25    949 (4-1000)
  0x319      25    949 (4-1000)
  0x320      25    948 (4-1000)
  0x322      25    948 (4-1000)
  0x311      25    952 (4-1000)
  0x323      24    989 (767-1000)
  0x324      24    989 (768-1000)
  0x329      24    988 (757-1000)
  0x330      24    988 (746-1000)
--------------------------------------------------------------------------

  TWAI: state=RUNNING  tx_err=87 rx_err=0  tx_failed=0  rx_missed=0 rx_overrun=0  arb_lost=0  bus_err=190881
BAT RX 0x330 [8] 02 0D 02 01 0D 4B 0D 35 
BAT RX 0x329 [8] 01 00 22 9C 01 00 40 35 
BAT RX 0x323 [8] 20 0E 10 00 00 00 00 00 
BAT RX 0x324 [8] 02 43 30 37 00 00 00 00 
BAT RX 0x322 [8] 01 14 00 E8 03 01 64 64 
BAT RX 0x320 [8] 50 41 C3 85 85 00 00 00 
BAT RX 0x319 [8] 40 0D 4B 0D 35 1D 11 00 
BAT RX 0x318 [8] 0D 38 0D 37 0D 36 0D 35 
BAT RX 0x317 [8] 0D 4B 0D 49 0D 49 0D 48 
BAT RX 0x316 [8] 0D 3F 0D 3F 0D 3E 0D 37 
BAT RX 0x315 [8] 0D 44 0D 44 0D 44 0D 44 
BAT RX 0x314 [8] 5B 54 5B 54 00 16 05 44 
BAT RX 0x313 [8] 15 2C 00 03 00 FE 64 63 
BAT RX 0x312 [8] 00 00 00 00 02 02 00 00 
BAT RX 0x311 [8] 02 38 00 00 08 24 01 21 
[keepalive] twai_transmit() -> ESP_OK
[75s] OK V=54.20V I=+0.3A T=25.4C SOC=100% SOH=99% | CVL=56.8V CCL=0.0A DCL=208.4A | chg=0 dis=1 fc1=0 fc2=0 | prot=0000 warn=0000 | packs=2 | inv0x305=no
BAT RX 0x330 [8] 02 0D 02 01 0D 4B 0D 35 
BAT RX 0x329 [8] 02 00 1A 25 02 00 40 D1 
BAT RX 0x323 [8] 20 0E 10 00 00 00 00 00 
BAT RX 0x324 [8] 00 02 47 50 4A 30 32 31 
BAT RX 0x322 [8] 01 14 00 E8 03 01 64 64 
BAT RX 0x320 [8] 50 41 C3 85 85 00 00 00 
BAT RX 0x319 [8] 40 0D 4B 0D 35 1D 11 00 
BAT RX 0x318 [8] 0D 38 0D 37 0D 36 0D 35 
BAT RX 0x317 [8] 0D 4B 0D 49 0D 49 0D 48 
BAT RX 0x316 [8] 0D 40 0D 3F 0D 3E 0D 36 
BAT RX 0x315 [8] 0D 44 0D 44 0D 44 0D 44 
BAT RX 0x314 [8] 5B 54 5B 54 00 16 05 44 
BAT RX 0x313 [8] 15 2C 00 03 00 FE 64 63 
BAT RX 0x312 [8] 00 00 00 00 02 02 00 00 
BAT RX 0x311 [8] 02 38 00 00 08 24 01 21 
[keepalive] twai_transmit() -> ESP_OK
BAT RX 0x330 [8] 02 0D 02 01 0D 4A 0D 35 
BAT RX 0x329 [8] 01 00 22 9C 01 00 40 35 
BAT RX 0x323 [8] 20 0E 10 00 00 00 00 00 
BAT RX 0x324 [8] 01 39 35 32 32 30 36 32 
BAT RX 0x322 [8] 01 14 00 E8 03 01 64 64 
BAT RX 0x320 [8] 50 41 C3 85 85 00 00 00 
BAT RX 0x319 [8] 40 0D 4A 0D 35 1D 11 00 
BAT RX 0x318 [8] 0D 39 0D 37 0D 36 0D 35 
BAT RX 0x317 [8] 0D 4A 0D 49 0D 48 0D 48 
BAT RX 0x316 [8] 0D 3F 0D 3F 0D 3F 0D 37 
BAT RX 0x315 [8] 0D 45 0D 44 0D 44 0D 44 
BAT RX 0x314 [8] 5B 54 5B 54 00 15 05 44 
BAT RX 0x313 [8] 15 2C 00 03 00 FE 64 63 
BAT RX 0x312 [8] 00 00 00 00 02 02 00 00 
BAT RX 0x311 [8] 02 38 00 00 08 24 01 21 
[keepalive] twai_transmit() -> ESP_OK
[77s] OK V=54.20V I=+0.3A T=25.4C SOC=100% SOH=99% | CVL=56.8V CCL=0.0A DCL=208.4A | chg=0 dis=1 fc1=0 fc2=0 | prot=0000 warn=0000 | packs=2 | inv0x305=no
BAT RX 0x330 [8] 02 0D 02 01 0D 4A 0D 35 
BAT RX 0x329 [8] 02 00 1A 25 02 00 40 D1 
BAT RX 0x323 [8] 20 0E 10 00 00 00 00 00 
BAT RX 0x324 [8] 02 42 42 37 00 00 00 00 
BAT RX 0x322 [8] 01 14 00 E8 03 01 64 64 
BAT RX 0x320 [8] 50 41 C3 85 85 00 00 00 
BAT RX 0x319 [8] 40 0D 4A 0D 35 1D 11 00 
BAT RX 0x318 [8] 0D 38 0D 37 0D 36 0D 35 
BAT RX 0x317 [8] 0D 4A 0D 49 0D 48 0D 48 
BAT RX 0x316 [8] 0D 40 0D 3E 0D 3E 0D 36 
BAT RX 0x315 [8] 0D 44 0D 44 0D 44 0D 44 
BAT RX 0x314 [8] 5B 54 5B 54 00 15 05 44 
BAT RX 0x313 [8] 15 2C 00 03 00 FE 64 63 
BAT RX 0x312 [8] 00 00 00 00 02 02 00 00 
BAT RX 0x311 [8] 02 38 00 00 08 24 01 21 
[keepalive] twai_transmit() -> ESP_OK
BAT RX 0x330 [8] 02 0D 02 01 0D 4B 0D 35 
BAT RX 0x329 [8] 01 00 22 9C 01 00 40 35 
BAT RX 0x323 [8] 20 0E 10 00 00 00 00 00 
BAT RX 0x324 [8] 00 01 47 50 4A 30 32 31 
BAT RX 0x322 [8] 01 14 00 E8 03 01 64 64 
BAT RX 0x320 [8] 50 41 C3 85 85 00 00 00 
BAT RX 0x319 [8] 40 0D 4B 0D 35 1D 11 00 
BAT RX 0x318 [8] 0D 38 0D 36 0D 36 0D 35 
BAT RX 0x317 [8] 0D 4B 0D 49 0D 49 0D 48 
BAT RX 0x316 [8] 0D 3F 0D 3F 0D 3E 0D 36 
BAT RX 0x315 [8] 0D 44 0D 44 0D 44 0D 44 
BAT RX 0x314 [8] 5B 54 5B 54 00 16 05 44 
BAT RX 0x313 [8] 15 2C 00 00 00 FE 64 63 
BAT RX 0x312 [8] 00 00 00 00 02 02 00 00 
BAT RX 0x311 [8] 02 38 00 00 08 24 01 21 
[keepalive] twai_transmit() -> ESP_OK
[79s] OK V=54.20V I=+0.0A T=25.4C SOC=100% SOH=99% | CVL=56.8V CCL=0.0A DCL=208.4A | chg=0 dis=1 fc1=0 fc2=0 | prot=0000 warn=0000 | packs=2 | inv0x305=no
BAT RX 0x330 [8] 02 0D 02 01 0D 4A 0D 35 
BAT RX 0x329 [8] 02 00 1A 25 02 00 40 D1 
BAT RX 0x323 [8] 20 0E 10 00 00 00 00 00 
BAT RX 0x324 [8] 01 39 35 32 32 30 36 32 
BAT RX 0x322 [8] 01 14 00 E8 03 01 64 64 
BAT RX 0x320 [8] 50 41 C3 85 85 00 00 00 
BAT RX 0x319 [8] 40 0D 4A 0D 35 1D 11 00 
BAT RX 0x318 [8] 0D 38 0D 37 0D 36 0D 35 
BAT RX 0x317 [8] 0D 4A 0D 49 0D 49 0D 47 
BAT RX 0x316 [8] 0D 3F 0D 3E 0D 3E 0D 37 
BAT RX 0x315 [8] 0D 44 0D 44 0D 44 0D 44 
BAT RX 0x314 [8] 5B 54 5B 54 00 15 05 44 
BAT RX 0x313 [8] 15 2C 00 00 00 FE 64 63 
BAT RX 0x312 [8] 00 00 00 00 02 02 00 00 
BAT RX 0x311 [8] 02 38 00 00 08 24 01 21 
[keepalive] twai_transmit() -> ESP_OK
BAT RX 0x330 [8] 02 0D 02 01 0D 4A 0D 35 
BAT RX 0x329 [8] 01 00 22 9C 01 00 40 35 
BAT RX 0x323 [8] 20 0E 10 00 00 00 00 00 
BAT RX 0x324 [8] 02 43 30 37 00 00 00 00 
BAT RX 0x322 [8] 01 14 00 E8 03 01 64 64 
BAT RX 0x320 [8] 50 41 C3 85 85 00 00 00 
BAT RX 0x319 [8] 40 0D 4A 0D 35 1D 11 00 
BAT RX 0x318 [8] 0D 38 0D 37 0D 36 0D 35 
BAT RX 0x317 [8] 0D 4A 0D 49 0D 48 0D 48 
BAT RX 0x316 [8] 0D 3F 0D 3E 0D 3E 0D 36 
BAT RX 0x315 [8] 0D 44 0D 44 0D 44 0D 43 
BAT RX 0x314 [8] 5B 54 5B 54 00 15 05 44 
BAT RX 0x313 [8] 15 2C 00 00 00 FE 64 63 
BAT RX 0x312 [8] 00 00 00 00 02 02 00 00 
BAT RX 0x311 [8] 02 38 00 00 08 24 01 21 
[keepalive] twai_transmit() -> ESP_OK
[81s] OK V=54.20V I=+0.0A T=25.4C SOC=100% SOH=99% | CVL=56.8V CCL=0.0A DCL=208.4A | chg=0 dis=1 fc1=0 fc2=0 | prot=0000 warn=0000 | packs=2 | inv0x305=no
BAT RX 0x330 [8] 02 0D 02 01 0D 4B 0D 35 
BAT RX 0x329 [8] 02 00 1A 25 02 00 40 D1 
BAT RX 0x323 [8] 20 0E 10 00 00 00 00 00 
BAT RX 0x324 [8] 00 02 47 50 4A 30 32 31 
BAT RX 0x322 [8] 01 14 00 E8 03 01 64 64 
BAT RX 0x320 [8] 50 41 C3 85 85 00 00 00 
BAT RX 0x319 [8] 40 0D 4B 0D 35 1D 11 00 
BAT RX 0x318 [8] 0D 38 0D 36 0D 36 0D 35 
BAT RX 0x317 [8] 0D 4B 0D 49 0D 49 0D 48 
BAT RX 0x316 [8] 0D 3F 0D 3F 0D 3E 0D 37 
BAT RX 0x315 [8] 0D 44 0D 44 0D 44 0D 44 
BAT RX 0x314 [8] 5B 54 5B 54 00 16 05 44 
BAT RX 0x313 [8] 15 2C 00 03 00 FE 64 63 
BAT RX 0x312 [8] 00 00 00 00 02 02 00 00 
BAT RX 0x311 [8] 02 38 00 00 08 24 01 21 
[keepalive] twai_transmit() -> ESP_OK
BAT RX 0x330 [8] 02 0D 02 01 0D 4B 0D 34 
BAT RX 0x329 [8] 01 00 22 9C 01 00 40 35 
BAT RX 0x323 [8] 20 0E 10 00 00 00 00 00 
BAT RX 0x324 [8] 01 39 35 32 32 30 36 32 
BAT RX 0x322 [8] 01 14 00 E8 03 01 64 64 
BAT RX 0x320 [8] 50 41 C3 85 85 00 00 00 
BAT RX 0x319 [8] 40 0D 4B 0D 34 1D 11 00 
BAT RX 0x318 [8] 0D 38 0D 37 0D 36 0D 34 
BAT RX 0x317 [8] 0D 4B 0D 49 0D 48 0D 48 
BAT RX 0x316 [8] 0D 3F 0D 3F 0D 3E 0D 36 
BAT RX 0x315 [8] 0D 44 0D 44 0D 44 0D 44 
BAT RX 0x314 [8] 5B 54 5B 54 00 17 05 44 
BAT RX 0x313 [8] 15 2C 00 00 00 FE 64 63 
BAT RX 0x312 [8] 00 00 00 00 02 02 00 00 
BAT RX 0x311 [8] 02 38 00 00 08 24 01 21 
[keepalive] twai_transmit() -> ESP_OK
[83s] OK V=54.20V I=+0.0A T=25.4C SOC=100% SOH=99% | CVL=56.8V CCL=0.0A DCL=208.4A | chg=0 dis=1 fc1=0 fc2=0 | prot=0000 warn=0000 | packs=2 | inv0x305=no
BAT RX 0x330 [8] 02 0D 02 01 0D 4A 0D 35 
BAT RX 0x329 [8] 02 00 1A 25 02 00 40 D1 
BAT RX 0x323 [8] 20 0E 10 00 00 00 00 00 
BAT RX 0x324 [8] 02 42 42 37 00 00 00 00 
BAT RX 0x322 [8] 01 14 00 E8 03 01 64 64 
BAT RX 0x320 [8] 50 41 C3 85 85 00 00 00 
BAT RX 0x319 [8] 40 0D 4A 0D 35 1D 11 00 
BAT RX 0x318 [8] 0D 38 0D 37 0D 36 0D 35 
BAT RX 0x317 [8] 0D 4A 0D 49 0D 48 0D 48 
BAT RX 0x316 [8] 0D 3F 0D 3E 0D 3E 0D 36 
BAT RX 0x315 [8] 0D 44 0D 44 0D 44 0D 44 
BAT RX 0x314 [8] 5B 54 5B 54 00 15 05 44 
BAT RX 0x313 [8] 15 2C 00 03 00 FE 64 63 
BAT RX 0x312 [8] 00 00 00 00 02 02 00 00 
BAT RX 0x311 [8] 02 38 00 00 08 24 01 21 
[keepalive] twai_transmit() -> ESP_OK
BAT RX 0x330 [8] 02 0D 02 01 0D 4B 0D 35 
BAT RX 0x329 [8] 01 00 22 9C 01 00 40 35 
BAT RX 0x323 [8] 20 0E 10 00 00 00 00 00 
BAT RX 0x324 [8] 00 01 47 50 4A 30 32 31 
BAT RX 0x322 [8] 01 14 00 E8 03 01 64 64 
BAT RX 0x320 [8] 50 41 C3 85 85 00 00 00 
BAT RX 0x319 [8] 40 0D 4B 0D 35 1D 11 00 
BAT RX 0x318 [8] 0D 38 0D 37 0D 36 0D 35 
BAT RX 0x317 [8] 0D 4B 0D 48 0D 48 0D 48 
BAT RX 0x316 [8] 0D 40 0D 3E 0D 3E 0D 37 
BAT RX 0x315 [8] 0D 45 0D 44 0D 44 0D 43 
BAT RX 0x314 [8] 5B 54 5B 54 00 16 05 44 
BAT RX 0x313 [8] 15 2C 00 03 00 FE 64 63 
BAT RX 0x312 [8] 00 00 00 00 02 02 00 00 
BAT RX 0x311 [8] 02 38 00 00 08 24 01 21 
[keepalive] twai_transmit() -> ESP_OK
[85s] OK V=54.20V I=+0.3A T=25.4C SOC=100% SOH=99% | CVL=56.8V CCL=0.0A DCL=208.4A | chg=0 dis=1 fc1=0 fc2=0 | prot=0000 warn=0000 | packs=2 | inv0x305=no
BAT RX 0x330 [8] 02 0D 02 01 0D 4B 0D 35 
BAT RX 0x329 [8] 02 00 1A 25 02 00 40 D1 
BAT RX 0x323 [8] 20 0E 10 00 00 00 00 00 
BAT RX 0x324 [8] 01 39 35 32 32 30 36 32 
BAT RX 0x322 [8] 01 14 00 E8 03 01 64 64 
BAT RX 0x320 [8] 50 41 C3 85 85 00 00 00 
BAT RX 0x319 [8] 40 0D 4B 0D 35 1D 11 00 
BAT RX 0x318 [8] 0D 38 0D 37 0D 35 0D 35 
BAT RX 0x317 [8] 0D 4B 0D 48 0D 48 0D 47 
BAT RX 0x316 [8] 0D 3F 0D 3F 0D 3E 0D 36 
BAT RX 0x315 [8] 0D 44 0D 44 0D 43 0D 43 
BAT RX 0x314 [8] 5B 54 5B 54 00 16 05 44 
BAT RX 0x313 [8] 15 2C 00 03 00 FE 64 63 
BAT RX 0x312 [8] 00 00 00 00 02 02 00 00 
BAT RX 0x311 [8] 02 38 00 00 08 24 01 21 
[keepalive] twai_transmit() -> ESP_OK
BAT RX 0x330 [8] 02 0D 02 01 0D 4A 0D 35 
BAT RX 0x329 [8] 01 00 22 9C 01 00 40 35 
BAT RX 0x323 [8] 20 0E 10 00 00 00 00 00 
BAT RX 0x324 [8] 02 43 30 37 00 00 00 00 
BAT RX 0x322 [8] 01 14 00 E8 03 01 64 64 
BAT RX 0x320 [8] 50 41 C3 85 85 00 00 00 
BAT RX 0x319 [8] 40 0D 4A 0D 35 1D 11 00 
BAT RX 0x318 [8] 0D 38 0D 36 0D 36 0D 35 
BAT RX 0x317 [8] 0D 4A 0D 48 0D 48 0D 48 
BAT RX 0x316 [8] 0D 3F 0D 3E 0D 3E 0D 36 
BAT RX 0x315 [8] 0D 44 0D 44 0D 43 0D 43 
BAT RX 0x314 [8] 5B 54 5B 54 00 15 05 44 
BAT RX 0x313 [8] 15 2C 00 00 00 FE 64 63 
BAT RX 0x312 [8] 00 00 00 00 02 02 00 00 
BAT RX 0x311 [8] 02 38 00 00 08 24 01 21 
[keepalive] twai_transmit() -> ESP_OK
[87s] OK V=54.20V I=+0.0A T=25.4C SOC=100% SOH=99% | CVL=56.8V CCL=0.0A DCL=208.4A | chg=0 dis=1 fc1=0 fc2=0 | prot=0000 warn=0000 | packs=2 | inv0x305=no
BAT RX 0x330 [8] 02 0D 02 01 0D 4A 0D 34 
BAT RX 0x329 [8] 02 00 1A 25 02 00 40 D1 
BAT RX 0x323 [8] 20 0E 10 00 00 00 00 00 
BAT RX 0x324 [8] 00 02 47 50 4A 30 32 31 
BAT RX 0x322 [8] 01 14 00 E8 03 01 64 64 
BAT RX 0x320 [8] 50 41 C3 85 85 00 00 00 
BAT RX 0x319 [8] 40 0D 4A 0D 34 1D 11 00 
BAT RX 0x318 [8] 0D 38 0D 36 0D 35 0D 34 
BAT RX 0x317 [8] 0D 4A 0D 49 0D 48 0D 48 
BAT RX 0x316 [8] 0D 3F 0D 3E 0D 3D 0D 36 
BAT RX 0x315 [8] 0D 44 0D 44 0D 44 0D 43 
BAT RX 0x314 [8] 5B 54 5B 54 00 16 05 44 
BAT RX 0x313 [8] 15 2C 00 03 00 FE 64 63 
BAT RX 0x312 [8] 00 00 00 00 02 02 00 00 
BAT RX 0x311 [8] 02 38 00 00 08 24 01 21 
[keepalive] twai_transmit() -> ESP_OK
BAT RX 0x330 [8] 02 0D 02 01 0D 4A 0D 34 
BAT RX 0x329 [8] 01 00 22 9C 01 00 40 35 
BAT RX 0x323 [8] 20 0E 10 00 00 00 00 00 
BAT RX 0x324 [8] 01 39 35 32 32 30 36 32 
BAT RX 0x322 [8] 01 14 00 E8 03 01 64 64 
BAT RX 0x320 [8] 50 41 C3 85 85 00 00 00 
BAT RX 0x319 [8] 40 0D 4A 0D 34 1D 11 00 
BAT RX 0x318 [8] 0D 38 0D 36 0D 36 0D 34 
BAT RX 0x317 [8] 0D 4A 0D 49 0D 48 0D 48 
BAT RX 0x316 [8] 0D 3F 0D 3F 0D 3E 0D 36 
BAT RX 0x315 [8] 0D 44 0D 43 0D 43 0D 43 
BAT RX 0x314 [8] 5B 54 5B 54 00 16 05 44 
BAT RX 0x313 [8] 15 2C 00 03 00 FE 64 63 
BAT RX 0x312 [8] 00 00 00 00 02 02 00 00 
BAT RX 0x311 [8] 02 38 00 00 08 24 01 21 
[keepalive] twai_transmit() -> ESP_OK
[89s] OK V=54.20V I=+0.3A T=25.4C SOC=100% SOH=99% | CVL=56.8V CCL=0.0A DCL=208.4A | chg=0 dis=1 fc1=0 fc2=0 | prot=0000 warn=0000 | packs=2 | inv0x305=no

---- battery-bus rate stats (VERBOSE_STATS) ----------------------------
  596 frames, 90 s elapsed
  ID     count   period(ms)  (min-max gap)
  0x312      40    970 (7-1000)
  0x313      40    969 (3-1000)
  0x314      40    969 (4-1000)
  0x315      40    969 (4-1000)
  0x316      40    969 (3-1000)
  0x317      40    968 (3-1000)
  0x318      40    968 (4-1000)
  0x319      40    968 (4-1000)
  0x320      40    968 (4-1000)
  0x322      40    967 (4-1000)
  0x311      40    970 (4-1000)
  0x323      39    993 (767-1000)
  0x324      39    993 (768-1000)
  0x329      39    992 (757-1000)
  0x330      39    992 (746-1000)
--------------------------------------------------------------------------

  TWAI: state=RUNNING  tx_err=72 rx_err=0  tx_failed=0  rx_missed=0 rx_overrun=0  arb_lost=0  bus_err=190881
BAT RX 0x330 [8] 02 0D 02 01 0D 4A 0D 34 
BAT RX 0x329 [8] 02 00 1A 25 02 00 40 D1 
BAT RX 0x323 [8] 20 0E 10 00 00 00 00 00 
BAT RX 0x324 [8] 02 42 42 37 00 00 00 00 
BAT RX 0x322 [8] 01 14 00 E8 03 01 64 64 
BAT RX 0x320 [8] 50 41 C3 85 85 00 00 00 
BAT RX 0x319 [8] 40 0D 4A 0D 34 1D 11 00 
BAT RX 0x318 [8] 0D 38 0D 36 0D 35 0D 34 
BAT RX 0x317 [8] 0D 4A 0D 48 0D 48 0D 47 
BAT RX 0x316 [8] 0D 3F 0D 3E 0D 3E 0D 36 
BAT RX 0x315 [8] 0D 44 0D 44 0D 44 0D 43 
BAT RX 0x314 [8] 5B 54 5B 54 00 16 05 44 
BAT RX 0x313 [8] 15 2C 00 03 00 FE 64 63 
BAT RX 0x312 [8] 00 00 00 00 02 02 00 00 
BAT RX 0x311 [8] 02 38 00 00 08 24 01 21 
[keepalive] twai_transmit() -> ESP_OK
BAT RX 0x330 [8] 02 0D 02 01 0D 4A 0D 34 
BAT RX 0x329 [8] 01 00 22 9C 01 00 40 35 
BAT RX 0x323 [8] 20 0E 10 00 00 00 00 00 
BAT RX 0x324 [8] 00 01 47 50 4A 30 32 31 
BAT RX 0x322 [8] 01 14 00 E8 03 01 64 64 
BAT RX 0x320 [8] 50 41 C3 85 85 00 00 00 
BAT RX 0x319 [8] 40 0D 4A 0D 34 1D 11 00 
BAT RX 0x318 [8] 0D 37 0D 36 0D 35 0D 34 
BAT RX 0x317 [8] 0D 4A 0D 48 0D 47 0D 47 
BAT RX 0x316 [8] 0D 3F 0D 3E 0D 3E 0D 36 
BAT RX 0x315 [8] 0D 44 0D 44 0D 43 0D 43 
BAT RX 0x314 [8] 5B 54 5B 54 00 16 05 44 
BAT RX 0x313 [8] 15 2C 00 00 00 FE 64 63 
BAT RX 0x312 [8] 00 00 00 00 02 02 00 00 
BAT RX 0x311 [8] 02 38 00 00 08 24 01 21 
[keepalive] twai_transmit() -> ESP_OK
[91s] OK V=54.20V I=+0.0A T=25.4C SOC=100% SOH=99% | CVL=56.8V CCL=0.0A DCL=208.4A | chg=0 dis=1 fc1=0 fc2=0 | prot=0000 warn=0000 | packs=2 | inv0x305=no
BAT RX 0x330 [8] 02 0D 02 01 0D 4A 0D 35 
BAT RX 0x329 [8] 02 00 1A 25 02 00 40 D1 
BAT RX 0x323 [8] 20 0E 10 00 00 00 00 00 
BAT RX 0x324 [8] 01 39 35 32 32 30 36 32 
BAT RX 0x322 [8] 01 14 00 E8 03 01 64 64 
BAT RX 0x320 [8] 50 41 C3 85 85 00 00 00 
BAT RX 0x319 [8] 40 0D 4A 0D 35 1D 11 00 
BAT RX 0x318 [8] 0D 37 0D 36 0D 35 0D 35 
BAT RX 0x317 [8] 0D 4A 0D 48 0D 48 0D 48 
BAT RX 0x316 [8] 0D 3F 0D 3E 0D 3E 0D 36 
BAT RX 0x315 [8] 0D 44 0D 43 0D 43 0D 43 
BAT RX 0x314 [8] 5B 54 5B 54 00 15 05 44 
BAT RX 0x313 [8] 15 2C 00 03 00 FE 64 63 
BAT RX 0x312 [8] 00 00 00 00 02 02 00 00 
BAT RX 0x311 [8] 02 38 00 00 08 24 01 21 
[keepalive] twai_transmit() -> ESP_OK
BAT RX 0x330 [8] 02 0D 02 01 0D 4A 0D 34 
BAT RX 0x329 [8] 01 00 22 9C 01 00 40 35 
BAT RX 0x323 [8] 20 0E 10 00 00 00 00 00 
BAT RX 0x324 [8] 02 43 30 37 00 00 00 00 
BAT RX 0x322 [8] 01 14 00 E8 03 01 64 64 
BAT RX 0x320 [8] 50 41 C3 85 85 00 00 00 
BAT RX 0x319 [8] 40 0D 4A 0D 34 1D 11 00 
BAT RX 0x318 [8] 0D 37 0D 36 0D 35 0D 34 
BAT RX 0x317 [8] 0D 4A 0D 48 0D 48 0D 47 
BAT RX 0x316 [8] 0D 3F 0D 3E 0D 3E 0D 36 
BAT RX 0x315 [8] 0D 44 0D 44 0D 44 0D 43 
BAT RX 0x314 [8] 5B 54 5B 54 00 16 05 44 
BAT RX 0x313 [8] 15 2C 00 03 00 FE 64 63 
BAT RX 0x312 [8] 00 00 00 00 02 02 00 00 
BAT RX 0x311 [8] 02 38 00 00 08 24 01 21 
[keepalive] twai_transmit() -> ESP_OK
[93s] OK V=54.20V I=+0.3A T=25.4C SOC=100% SOH=99% | CVL=56.8V CCL=0.0A DCL=208.4A | chg=0 dis=1 fc1=0 fc2=0 | prot=0000 warn=0000 | packs=2 | inv0x305=no
BAT RX 0x330 [8] 02 0D 02 01 0D 4A 0D 34 
BAT RX 0x329 [8] 02 00 1A 25 02 00 40 D1 
BAT RX 0x323 [8] 20 0E 10 00 00 00 00 00 
BAT RX 0x324 [8] 00 02 47 50 4A 30 32 31 
BAT RX 0x322 [8] 01 14 00 E8 03 01 64 64 
BAT RX 0x320 [8] 50 41 C3 85 85 00 00 00 
BAT RX 0x319 [8] 40 0D 4A 0D 34 1D 11 00 
BAT RX 0x318 [8] 0D 37 0D 36 0D 36 0D 34 
BAT RX 0x317 [8] 0D 4A 0D 48 0D 48 0D 47 
BAT RX 0x316 [8] 0D 3E 0D 3E 0D 3E 0D 36 
BAT RX 0x315 [8] 0D 44 0D 44 0D 43 0D 43 
BAT RX 0x314 [8] 5B 54 5B 54 00 16 05 44 
BAT RX 0x313 [8] 15 2C 00 00 00 FE 64 63 
BAT RX 0x312 [8] 00 00 00 00 02 02 00 00 
BAT RX 0x311 [8] 02 38 00 00 08 24 01 21 
[keepalive] twai_transmit() -> ESP_OK
BAT RX 0x330 [8] 02 0D 02 01 0D 4A 0D 34 
BAT RX 0x329 [8] 01 00 22 9C 01 00 40 35 
BAT RX 0x323 [8] 20 0E 10 00 00 00 00 00 
BAT RX 0x324 [8] 01 39 35 32 32 30 36 32 
BAT RX 0x322 [8] 01 14 00 E8 03 01 64 64 
BAT RX 0x320 [8] 50 41 C3 85 85 00 00 00 
BAT RX 0x319 [8] 40 0D 4A 0D 34 1D 11 00 
BAT RX 0x318 [8] 0D 37 0D 36 0D 35 0D 34 
BAT RX 0x317 [8] 0D 4A 0D 48 0D 48 0D 47 
BAT RX 0x316 [8] 0D 3E 0D 3E 0D 3D 0D 36 
BAT RX 0x315 [8] 0D 43 0D 43 0D 43 0D 43 
BAT RX 0x314 [8] 5B 54 5B 54 00 16 05 44 
BAT RX 0x313 [8] 15 2C 00 03 00 FE 64 63 
BAT RX 0x312 [8] 00 00 00 00 02 02 00 00 
BAT RX 0x311 [8] 02 38 00 00 08 24 01 21 
[keepalive] twai_transmit() -> ESP_OK
[95s] OK V=54.20V I=+0.3A T=25.4C SOC=100% SOH=99% | CVL=56.8V CCL=0.0A DCL=208.4A | chg=0 dis=1 fc1=0 fc2=0 | prot=0000 warn=0000 | packs=2 | inv0x305=no
BAT RX 0x330 [8] 02 0D 02 01 0D 4A 0D 34 
BAT RX 0x329 [8] 02 00 1A 25 02 00 40 D1 
BAT RX 0x323 [8] 20 0E 10 00 00 00 00 00 
BAT RX 0x324 [8] 02 42 42 37 00 00 00 00 
BAT RX 0x322 [8] 01 14 00 E8 03 01 64 64 
BAT RX 0x320 [8] 50 41 C3 85 85 00 00 00 
BAT RX 0x319 [8] 40 0D 4A 0D 34 1D 11 00 
BAT RX 0x318 [8] 0D 37 0D 36 0D 36 0D 34 
BAT RX 0x317 [8] 0D 4A 0D 48 0D 48 0D 47 
BAT RX 0x316 [8] 0D 3F 0D 3E 0D 3D 0D 36 
BAT RX 0x315 [8] 0D 43 0D 43 0D 43 0D 43 
BAT RX 0x314 [8] 5B 54 5B 54 00 16 05 44 
BAT RX 0x313 [8] 15 2C 00 00 00 FE 64 63 
BAT RX 0x312 [8] 00 00 00 00 02 02 00 00 
BAT RX 0x311 [8] 02 38 00 00 08 24 01 21 
[keepalive] twai_transmit() -> ESP_OK
BAT RX 0x330 [8] 02 0D 02 01 0D 4A 0D 34 
BAT RX 0x329 [8] 01 00 22 9C 01 00 40 35 
BAT RX 0x323 [8] 20 0E 10 00 00 00 00 00 
BAT RX 0x324 [8] 00 01 47 50 4A 30 32 31 
BAT RX 0x322 [8] 01 14 00 E8 03 01 64 64 
BAT RX 0x320 [8] 50 41 C3 85 85 00 00 00 
BAT RX 0x319 [8] 40 0D 4A 0D 34 1D 11 00 
BAT RX 0x318 [8] 0D 37 0D 36 0D 35 0D 34 
BAT RX 0x317 [8] 0D 4A 0D 48 0D 47 0D 47 
BAT RX 0x316 [8] 0D 3F 0D 3D 0D 3D 0D 36 
BAT RX 0x315 [8] 0D 44 0D 44 0D 44 0D 43 
BAT RX 0x314 [8] 5B 54 5B 54 00 16 05 44 
BAT RX 0x313 [8] 15 2C 00 03 00 FE 64 63 
BAT RX 0x312 [8] 00 00 00 00 02 02 00 00 
BAT RX 0x311 [8] 02 38 00 00 08 24 01 21 
[keepalive] twai_transmit() -> ESP_OK
[97s] OK V=54.20V I=+0.3A T=25.4C SOC=100% SOH=99% | CVL=56.8V CCL=0.0A DCL=208.4A | chg=0 dis=1 fc1=0 fc2=0 | prot=0000 warn=0000 | packs=2 | inv0x305=no
BAT RX 0x330 [8] 02 0D 02 01 0D 4A 0D 34 
BAT RX 0x329 [8] 02 00 1A 25 02 00 40 D1 
BAT RX 0x323 [8] 20 0E 10 00 00 00 00 00 
BAT RX 0x324 [8] 01 39 35 32 32 30 36 32 
BAT RX 0x322 [8] 01 14 00 E8 03 01 64 64 
BAT RX 0x320 [8] 50 41 C3 85 85 00 00 00 
BAT RX 0x319 [8] 40 0D 4A 0D 34 1D 11 00 
BAT RX 0x318 [8] 0D 37 0D 36 0D 35 0D 34 
BAT RX 0x317 [8] 0D 4A 0D 49 0D 48 0D 47 
BAT RX 0x316 [8] 0D 3F 0D 3D 0D 3D 0D 36 
BAT RX 0x315 [8] 0D 43 0D 43 0D 43 0D 43 
BAT RX 0x314 [8] 5B 54 5B 54 00 16 05 44 
BAT RX 0x313 [8] 15 2C 00 03 00 FE 64 63 
BAT RX 0x312 [8] 00 00 00 00 02 02 00 00 
BAT RX 0x311 [8] 02 38 00 00 08 24 01 21 
[keepalive] twai_transmit() -> ESP_OK
BAT RX 0x330 [8] 02 0D 02 01 0D 49 0D 34 
BAT RX 0x329 [8] 01 00 22 9C 01 00 40 35 
BAT RX 0x323 [8] 20 0E 10 00 00 00 00 00 
BAT RX 0x324 [8] 02 43 30 37 00 00 00 00 
BAT RX 0x322 [8] 01 14 00 E8 03 01 64 64 
BAT RX 0x320 [8] 50 41 C3 85 85 00 00 00 
BAT RX 0x319 [8] 40 0D 49 0D 34 1D 11 00 
BAT RX 0x318 [8] 0D 37 0D 36 0D 35 0D 34 
BAT RX 0x317 [8] 0D 49 0D 48 0D 47 0D 47 
BAT RX 0x316 [8] 0D 3F 0D 3E 0D 3D 0D 36 
BAT RX 0x315 [8] 0D 44 0D 43 0D 43 0D 43 
BAT RX 0x314 [8] 5B 54 5B 54 00 15 05 44 
BAT RX 0x313 [8] 15 2C 00 03 00 FE 64 63 
BAT RX 0x312 [8] 00 00 00 00 02 02 00 00 
BAT RX 0x311 [8] 02 38 00 00 08 24 01 21 
[keepalive] twai_transmit() -> ESP_OK
[99s] OK V=54.20V I=+0.3A T=25.4C SOC=100% SOH=99% | CVL=56.8V CCL=0.0A DCL=208.4A | chg=0 dis=1 fc1=0 fc2=0 | prot=0000 warn=0000 | packs=2 | inv0x305=no
BAT RX 0x330 [8] 02 0D 02 01 0D 49 0D 34 
BAT RX 0x329 [8] 02 00 1A 25 02 00 40 D1 
BAT RX 0x323 [8] 20 0E 10 00 00 00 00 00 
BAT RX 0x324 [8] 00 02 47 50 4A 30 32 31 
BAT RX 0x322 [8] 01 14 00 E8 03 01 64 64 
BAT RX 0x320 [8] 50 41 C3 85 85 00 00 00 
BAT RX 0x319 [8] 40 0D 49 0D 34 1D 11 00 
BAT RX 0x318 [8] 0D 38 0D 36 0D 35 0D 34 
BAT RX 0x317 [8] 0D 49 0D 48 0D 47 0D 47 
BAT RX 0x316 [8] 0D 3E 0D 3E 0D 3D 0D 36 
BAT RX 0x315 [8] 0D 44 0D 43 0D 43 0D 43 
BAT RX 0x314 [8] 5B 54 5B 54 00 15 05 44 
BAT RX 0x313 [8] 15 2C 00 03 00 FE 64 63 
BAT RX 0x312 [8] 00 00 00 00 02 02 00 00 
BAT RX 0x311 [8] 02 38 00 00 08 24 01 21 
[keepalive] twai_transmit() -> ESP_OK
BAT RX 0x330 [8] 02 0D 02 01 0D 4A 0D 34 
BAT RX 0x329 [8] 01 00 22 9C 01 00 40 35 
BAT RX 0x323 [8] 20 0E 10 00 00 00 00 00 
BAT RX 0x324 [8] 01 39 35 32 32 30 36 32 
BAT RX 0x322 [8] 01 14 00 E8 03 01 64 64 
BAT RX 0x320 [8] 50 41 C3 85 85 00 00 00 
BAT RX 0x319 [8] 40 0D 4A 0D 34 1D 11 00 
BAT RX 0x318 [8] 0D 37 0D 36 0D 35 0D 34 
BAT RX 0x317 [8] 0D 4A 0D 48 0D 48 0D 47 
BAT RX 0x316 [8] 0D 3E 0D 3E 0D 3D 0D 35 
BAT RX 0x315 [8] 0D 43 0D 43 0D 43 0D 43 
BAT RX 0x314 [8] 5B 54 5B 54 00 16 05 44 
BAT RX 0x313 [8] 15 2C 00 00 00 FE 64 63 
BAT RX 0x312 [8] 00 00 00 00 02 02 00 00 
BAT RX 0x311 [8] 02 38 00 00 08 24 01 21 
[keepalive] twai_transmit() -> ESP_OK
[101s] OK V=54.20V I=+0.0A T=25.4C SOC=100% SOH=99% | CVL=56.8V CCL=0.0A DCL=208.4A | chg=0 dis=1 fc1=0 fc2=0 | prot=0000 warn=0000 | packs=2 | inv0x305=no
BAT RX 0x330 [8] 02 0D 02 01 0D 4A 0D 34 
BAT RX 0x329 [8] 02 00 1A 25 02 00 40 D1 
BAT RX 0x323 [8] 20 0E 10 00 00 00 00 00 
BAT RX 0x324 [8] 02 42 42 37 00 00 00 00 
BAT RX 0x322 [8] 01 14 00 E8 03 01 64 64 
BAT RX 0x320 [8] 50 41 C3 85 85 00 00 00 
BAT RX 0x319 [8] 40 0D 4A 0D 34 1D 11 00 
BAT RX 0x318 [8] 0D 37 0D 35 0D 35 0D 34 
BAT RX 0x317 [8] 0D 4A 0D 48 0D 47 0D 47 
BAT RX 0x316 [8] 0D 3E 0D 3D 0D 3D 0D 36 
BAT RX 0x315 [8] 0D 43 0D 43 0D 43 0D 43 
BAT RX 0x314 [8] 5B 54 5B 54 00 16 05 44 
BAT RX 0x313 [8] 15 2C 00 00 00 FE 64 63 
BAT RX 0x312 [8] 00 00 00 00 02 02 00 00 
BAT RX 0x311 [8] 02 38 00 00 08 24 01 21 
[keepalive] twai_transmit() -> ESP_OK
BAT RX 0x330 [8] 02 0D 02 01 0D 4A 0D 34 
BAT RX 0x329 [8] 01 00 22 9C 01 00 40 35 
BAT RX 0x323 [8] 20 0E 10 00 00 00 00 00 
BAT RX 0x324 [8] 00 01 47 50 4A 30 32 31 
BAT RX 0x322 [8] 01 14 00 E8 03 01 64 64 
BAT RX 0x320 [8] 50 41 C3 85 85 00 00 00 
BAT RX 0x319 [8] 40 0D 4A 0D 34 1D 11 00 
BAT RX 0x318 [8] 0D 37 0D 35 0D 35 0D 34 
BAT RX 0x317 [8] 0D 4A 0D 48 0D 47 0D 47 
BAT RX 0x316 [8] 0D 3E 0D 3D 0D 3D 0D 35 
BAT RX 0x315 [8] 0D 43 0D 43 0D 43 0D 43 
BAT RX 0x314 [8] 5B 54 5B 54 00 16 05 44 
BAT RX 0x313 [8] 15 2C 00 00 00 FE 64 63 
BAT RX 0x312 [8] 00 00 00 00 02 02 00 00 
BAT RX 0x311 [8] 02 38 00 00 08 24 01 21 
[keepalive] twai_transmit() -> ESP_OK
[103s] OK V=54.20V I=+0.0A T=25.4C SOC=100% SOH=99% | CVL=56.8V CCL=0.0A DCL=208.4A | chg=0 dis=1 fc1=0 fc2=0 | prot=0000 warn=0000 | packs=2 | inv0x305=no
BAT RX 0x330 [8] 02 0D 02 01 0D 4A 0D 33 
BAT RX 0x329 [8] 02 00 1A 25 02 00 40 D1 
BAT RX 0x323 [8] 20 0E 10 00 00 00 00 00 
BAT RX 0x324 [8] 01 39 35 32 32 30 36 32 
BAT RX 0x322 [8] 01 14 00 E8 03 01 64 64 
BAT RX 0x320 [8] 50 41 C3 85 85 00 00 00 
BAT RX 0x319 [8] 40 0D 4A 0D 33 1D 11 00 
BAT RX 0x318 [8] 0D 37 0D 35 0D 35 0D 33 
BAT RX 0x317 [8] 0D 4A 0D 48 0D 47 0D 47 
BAT RX 0x316 [8] 0D 3E 0D 3E 0D 3D 0D 35 
BAT RX 0x315 [8] 0D 44 0D 43 0D 43 0D 43 
BAT RX 0x314 [8] 5B 54 5B 54 00 17 05 44 
BAT RX 0x313 [8] 15 2C 00 03 00 FE 64 63 
BAT RX 0x312 [8] 00 00 00 00 02 02 00 00 
BAT RX 0x311 [8] 02 38 00 00 08 24 01 21 
[keepalive] twai_transmit() -> ESP_OK

---- battery-bus rate stats (VERBOSE_STATS) ----------------------------
  821 frames, 105 s elapsed
  ID     count   period(ms)  (min-max gap)
  0x312      55    978 (7-1000)
  0x313      55    978 (3-1000)
  0x314      55    977 (4-1000)
  0x315      55    977 (4-1000)
  0x316      55    977 (3-1000)
  0x317      55    977 (3-1000)
  0x318      55    977 (4-1000)
  0x319      55    976 (4-1000)
  0x320      55    976 (4-1000)
  0x322      55    976 (4-1000)
  0x311      55    978 (4-1000)
  0x323      54    994 (767-1000)
  0x324      54    994 (768-1000)
  0x329      54    994 (757-1000)
  0x330      54    994 (746-1000)
--------------------------------------------------------------------------

  TWAI: state=RUNNING  tx_err=57 rx_err=0  tx_failed=0  rx_missed=0 rx_overrun=0  arb_lost=0  bus_err=190881
BAT RX 0x330 [8] 02 0D 02 01 0D 49 0D 34 
BAT RX 0x329 [8] 01 00 22 9C 01 00 40 35 
BAT RX 0x323 [8] 20 0E 10 00 00 00 00 00 
BAT RX 0x324 [8] 02 43 30 37 00 00 00 00 
BAT RX 0x322 [8] 01 14 00 E8 03 01 64 64 
BAT RX 0x320 [8] 50 41 C3 85 85 00 00 00 
BAT RX 0x319 [8] 40 0D 49 0D 34 1D 11 00 
BAT RX 0x318 [8] 0D 37 0D 36 0D 35 0D 34 
BAT RX 0x317 [8] 0D 49 0D 48 0D 47 0D 47 
BAT RX 0x316 [8] 0D 3E 0D 3E 0D 3D 0D 35 
BAT RX 0x315 [8] 0D 43 0D 43 0D 43 0D 42 
BAT RX 0x314 [8] 5B 54 5B 54 00 15 05 44 
BAT RX 0x313 [8] 15 2C 00 03 00 FE 64 63 
BAT RX 0x312 [8] 00 00 00 00 02 02 00 00 
BAT RX 0x311 [8] 02 38 00 00 08 24 01 21 
[keepalive] twai_transmit() -> ESP_OK
[105s] OK V=54.20V I=+0.3A T=25.4C SOC=100% SOH=99% | CVL=56.8V CCL=0.0A DCL=208.4A | chg=0 dis=1 fc1=0 fc2=0 | prot=0000 warn=0000 | packs=2 | inv0x305=no
BAT RX 0x330 [8] 02 0D 02 01 0D 4A 0D 33 
BAT RX 0x329 [8] 02 00 1A 25 02 00 40 D1 
BAT RX 0x323 [8] 20 0E 10 00 00 00 00 00 
BAT RX 0x324 [8] 00 02 47 50 4A 30 32 31 
BAT RX 0x322 [8] 01 14 00 E8 03 01 64 64 
BAT RX 0x320 [8] 50 41 C3 85 85 00 00 00 
BAT RX 0x319 [8] 40 0D 4A 0D 33 1D 11 00 
BAT RX 0x318 [8] 0D 37 0D 35 0D 35 0D 33 
BAT RX 0x317 [8] 0D 4A 0D 48 0D 47 0D 47 
BAT RX 0x316 [8] 0D 3E 0D 3D 0D 3D 0D 36 
BAT RX 0x315 [8] 0D 43 0D 43 0D 43 0D 43 
BAT RX 0x314 [8] 5B 54 5B 54 00 17 05 44 
BAT RX 0x313 [8] 15 2C 00 00 00 FE 64 63 
BAT RX 0x312 [8] 00 00 00 00 02 02 00 00 
BAT RX 0x311 [8] 02 38 00 00 08 24 01 21 
[keepalive] twai_transmit() -> ESP_OK
BAT RX 0x330 [8] 02 0D 01 01 0D 49 0D 34 
BAT RX 0x329 [8] 01 00 22 9C 01 00 40 35 
BAT RX 0x323 [8] 20 0E 10 00 00 00 00 00 
BAT RX 0x324 [8] 01 39 35 32 32 30 36 32 
BAT RX 0x322 [8] 01 14 00 E8 03 01 64 64 
BAT RX 0x320 [8] 50 41 C3 85 85 00 00 00 
BAT RX 0x319 [8] 40 0D 49 0D 34 1D 01 00 
BAT RX 0x318 [8] 0D 37 0D 35 0D 35 0D 34 
BAT RX 0x317 [8] 0D 49 0D 48 0D 47 0D 47 
BAT RX 0x316 [8] 0D 3E 0D 3D 0D 3C 0D 35 
BAT RX 0x315 [8] 0D 43 0D 43 0D 43 0D 43 
BAT RX 0x314 [8] 5B 54 5B 54 00 15 05 44 
BAT RX 0x313 [8] 15 2C 00 00 00 FE 64 63 
BAT RX 0x312 [8] 00 00 00 00 02 02 00 00 
BAT RX 0x311 [8] 02 38 00 00 08 24 01 21 
[keepalive] twai_transmit() -> ESP_OK
[107s] OK V=54.20V I=+0.0A T=25.4C SOC=100% SOH=99% | CVL=56.8V CCL=0.0A DCL=208.4A | chg=0 dis=1 fc1=0 fc2=0 | prot=0000 warn=0000 | packs=2 | inv0x305=no
BAT RX 0x330 [8] 02 0D 02 01 0D 49 0D 34 
BAT RX 0x329 [8] 02 00 1A 25 02 00 40 D1 
BAT RX 0x323 [8] 20 0E 10 00 00 00 00 00 
BAT RX 0x324 [8] 02 42 42 37 00 00 00 00 
BAT RX 0x322 [8] 01 14 00 E8 03 01 64 64 
BAT RX 0x320 [8] 50 41 C3 85 85 00 00 00 
BAT RX 0x319 [8] 40 0D 49 0D 34 1D 11 00 
BAT RX 0x318 [8] 0D 37 0D 35 0D 35 0D 34 
BAT RX 0x317 [8] 0D 49 0D 48 0D 47 0D 47 
BAT RX 0x316 [8] 0D 3E 0D 3E 0D 3D 0D 35 
BAT RX 0x315 [8] 0D 43 0D 43 0D 43 0D 42 
BAT RX 0x314 [8] 5B 54 5B 54 00 15 05 44 
BAT RX 0x313 [8] 15 2C 00 03 00 FE 64 63 
BAT RX 0x312 [8] 00 00 00 00 02 02 00 00 
BAT RX 0x311 [8] 02 38 00 00 08 24 01 21 
[keepalive] twai_transmit() -> ESP_OK
BAT RX 0x330 [8] 02 0D 02 01 0D 49 0D 34 
BAT RX 0x329 [8] 01 00 22 9C 01 00 40 35 
BAT RX 0x323 [8] 20 0E 10 00 00 00 00 00 
BAT RX 0x324 [8] 00 01 47 50 4A 30 32 31 
BAT RX 0x322 [8] 01 14 00 E8 03 01 64 64 
BAT RX 0x320 [8] 50 41 C3 85 85 00 00 00 
BAT RX 0x319 [8] 40 0D 49 0D 34 1D 11 00 
BAT RX 0x318 [8] 0D 37 0D 35 0D 34 0D 34 
BAT RX 0x317 [8] 0D 49 0D 48 0D 47 0D 47 
BAT RX 0x316 [8] 0D 3E 0D 3D 0D 3D 0D 35 
BAT RX 0x315 [8] 0D 43 0D 43 0D 43 0D 42 
BAT RX 0x314 [8] 5B 54 5B 54 00 15 05 44 
BAT RX 0x313 [8] 15 2C 00 03 00 FE 64 63 
BAT RX 0x312 [8] 00 00 00 00 02 02 00 00 
BAT RX 0x311 [8] 02 38 00 00 08 24 01 21 
[keepalive] twai_transmit() -> ESP_OK
[109s] OK V=54.20V I=+0.3A T=25.4C SOC=100% SOH=99% | CVL=56.8V CCL=0.0A DCL=208.4A | chg=0 dis=1 fc1=0 fc2=0 | prot=0000 warn=0000 | packs=2 | inv0x305=no
BAT RX 0x330 [8] 02 0D 02 01 0D 49 0D 34 
BAT RX 0x329 [8] 02 00 1A 25 02 00 40 D1 
BAT RX 0x323 [8] 20 0E 10 00 00 00 00 00 
BAT RX 0x324 [8] 01 39 35 32 32 30 36 32 
BAT RX 0x322 [8] 01 14 00 E8 03 01 64 64 
BAT RX 0x320 [8] 50 41 C3 85 85 00 00 00 
BAT RX 0x319 [8] 40 0D 49 0D 34 1D 11 00 
BAT RX 0x318 [8] 0D 37 0D 35 0D 35 0D 34 
BAT RX 0x317 [8] 0D 49 0D 48 0D 47 0D 46 
BAT RX 0x316 [8] 0D 3E 0D 3D 0D 3D 0D 35 
BAT RX 0x315 [8] 0D 43 0D 43 0D 43 0D 42 
BAT RX 0x314 [8] 5B 54 5B 54 00 15 05 44 
BAT RX 0x313 [8] 15 2C 00 00 00 FE 64 63 
BAT RX 0x312 [8] 00 00 00 00 02 02 00 00 
BAT RX 0x311 [8] 02 38 00 00 08 24 01 21 
[keepalive] twai_transmit() -> ESP_OK
BAT RX 0x330 [8] 02 0D 02 01 0D 49 0D 33 
BAT RX 0x329 [8] 01 00 22 9C 01 00 40 35 
BAT RX 0x323 [8] 20 0E 10 00 00 00 00 00 
BAT RX 0x324 [8] 02 43 30 37 00 00 00 00 
BAT RX 0x322 [8] 01 14 00 E8 03 01 64 64 
BAT RX 0x320 [8] 50 41 C3 85 85 00 00 00 
BAT RX 0x319 [8] 40 0D 49 0D 33 1D 11 00 
BAT RX 0x318 [8] 0D 36 0D 35 0D 35 0D 33 
BAT RX 0x317 [8] 0D 49 0D 47 0D 47 0D 47 
BAT RX 0x316 [8] 0D 3E 0D 3D 0D 3D 0D 35 
BAT RX 0x315 [8] 0D 43 0D 43 0D 43 0D 42 
BAT RX 0x314 [8] 5B 54 5B 54 00 16 05 44 
BAT RX 0x313 [8] 15 2C 00 00 00 FE 64 63 
BAT RX 0x312 [8] 00 00 00 00 02 02 00 00 
BAT RX 0x311 [8] 02 38 00 00 08 24 01 21 
[keepalive] twai_transmit() -> ESP_OK
[111s] OK V=54.20V I=+0.0A T=25.4C SOC=100% SOH=99% | CVL=56.8V CCL=0.0A DCL=208.4A | chg=0 dis=1 fc1=0 fc2=0 | prot=0000 warn=0000 | packs=2 | inv0x305=no
BAT RX 0x330 [8] 02 0D 02 01 0D 4A 0D 33 
BAT RX 0x329 [8] 02 00 1A 25 02 00 40 D1 
BAT RX 0x323 [8] 20 0E 10 00 00 00 00 00 
BAT RX 0x324 [8] 00 02 47 50 4A 30 32 31 
BAT RX 0x322 [8] 01 14 00 E8 03 01 64 64 
BAT RX 0x320 [8] 50 41 C3 85 85 00 00 00 
BAT RX 0x319 [8] 40 0D 4A 0D 33 1D 11 00 
BAT RX 0x318 [8] 0D 37 0D 35 0D 34 0D 33 
BAT RX 0x317 [8] 0D 4A 0D 47 0D 47 0D 46 
BAT RX 0x316 [8] 0D 3E 0D 3D 0D 3C 0D 35 
BAT RX 0x315 [8] 0D 43 0D 43 0D 42 0D 42 
BAT RX 0x314 [8] 5B 54 5B 54 00 17 05 44 
BAT RX 0x313 [8] 15 2C 00 03 00 FE 64 63 
BAT RX 0x312 [8] 00 00 00 00 02 02 00 00 
BAT RX 0x311 [8] 02 38 00 00 08 24 01 21 
[keepalive] twai_transmit() -> ESP_OK
BAT RX 0x330 [8] 02 0D 02 01 0D 49 0D 33 
BAT RX 0x329 [8] 01 00 22 9C 01 00 40 35 
BAT RX 0x323 [8] 20 0E 10 00 00 00 00 00 
BAT RX 0x324 [8] 01 39 35 32 32 30 36 32 
BAT RX 0x322 [8] 01 14 00 E8 03 01 64 64 
BAT RX 0x320 [8] 50 41 C3 85 85 00 00 00 
BAT RX 0x319 [8] 40 0D 49 0D 33 1D 11 00 
BAT RX 0x318 [8] 0D 37 0D 35 0D 35 0D 33 
BAT RX 0x317 [8] 0D 49 0D 47 0D 47 0D 46 
BAT RX 0x316 [8] 0D 3D 0D 3D 0D 3D 0D 35 
BAT RX 0x315 [8] 0D 43 0D 43 0D 42 0D 42 
BAT RX 0x314 [8] 5B 54 5B 54 00 16 05 44 
BAT RX 0x313 [8] 15 2C 00 03 00 FE 64 63 
BAT RX 0x312 [8] 00 00 00 00 02 02 00 00 
BAT RX 0x311 [8] 02 38 00 00 08 24 01 21 
[keepalive] twai_transmit() -> ESP_OK
[113s] OK V=54.20V I=+0.3A T=25.4C SOC=100% SOH=99% | CVL=56.8V CCL=0.0A DCL=208.4A | chg=0 dis=1 fc1=0 fc2=0 | prot=0000 warn=0000 | packs=2 | inv0x305=no
BAT RX 0x330 [8] 02 0D 02 01 0D 49 0D 34 
BAT RX 0x329 [8] 02 00 1A 25 02 00 40 D1 
BAT RX 0x323 [8] 20 0E 10 00 00 00 00 00 
BAT RX 0x324 [8] 02 42 42 37 00 00 00 00 
BAT RX 0x322 [8] 01 14 00 E8 03 01 64 64 
BAT RX 0x320 [8] 50 41 C3 85 85 00 00 00 
BAT RX 0x319 [8] 40 0D 49 0D 34 1D 11 00 
BAT RX 0x318 [8] 0D 37 0D 36 0D 34 0D 34 
BAT RX 0x317 [8] 0D 49 0D 48 0D 46 0D 46 
BAT RX 0x316 [8] 0D 3E 0D 3D 0D 3D 0D 35 
BAT RX 0x315 [8] 0D 43 0D 43 0D 42 0D 42 
BAT RX 0x314 [8] 5B 54 5B 54 00 15 05 44 
BAT RX 0x313 [8] 15 2C 00 03 00 FE 64 63 
BAT RX 0x312 [8] 00 00 00 00 02 02 00 00 
BAT RX 0x311 [8] 02 38 00 00 08 24 01 21 
[keepalive] twai_transmit() -> ESP_OK
BAT RX 0x330 [8] 02 0D 02 01 0D 49 0D 33 
BAT RX 0x329 [8] 01 00 22 9C 01 00 40 35 
BAT RX 0x323 [8] 20 0E 10 00 00 00 00 00 
BAT RX 0x324 [8] 00 01 47 50 4A 30 32 31 
BAT RX 0x322 [8] 01 14 00 E8 03 01 64 64 
BAT RX 0x320 [8] 50 41 C3 85 85 00 00 00 
BAT RX 0x319 [8] 40 0D 49 0D 33 1D 11 00 
BAT RX 0x318 [8] 0D 37 0D 35 0D 34 0D 33 
BAT RX 0x317 [8] 0D 49 0D 48 0D 47 0D 46 
BAT RX 0x316 [8] 0D 3D 0D 3D 0D 3D 0D 35 
BAT RX 0x315 [8] 0D 43 0D 42 0D 42 0D 42 
BAT RX 0x314 [8] 5B 54 5B 54 00 16 05 44 
BAT RX 0x313 [8] 15 2C 00 00 00 FE 64 63 
BAT RX 0x312 [8] 00 00 00 00 02 02 00 00 
BAT RX 0x311 [8] 02 38 00 00 08 24 01 21 
[keepalive] twai_transmit() -> ESP_OK
[115s] OK V=54.20V I=+0.0A T=25.4C SOC=100% SOH=99% | CVL=56.8V CCL=0.0A DCL=208.4A | chg=0 dis=1 fc1=0 fc2=0 | prot=0000 warn=0000 | packs=2 | inv0x305=no
BAT RX 0x330 [8] 02 0D 02 01 0D 49 0D 33 
BAT RX 0x329 [8] 02 00 1A 25 02 00 40 D1 
BAT RX 0x323 [8] 20 0E 10 00 00 00 00 00 
BAT RX 0x324 [8] 01 39 35 32 32 30 36 32 
BAT RX 0x322 [8] 01 14 00 E8 03 01 64 64 
BAT RX 0x320 [8] 50 41 C3 85 85 00 00 00 
BAT RX 0x319 [8] 40 0D 49 0D 33 1D 11 00 
BAT RX 0x318 [8] 0D 37 0D 35 0D 35 0D 33 
BAT RX 0x317 [8] 0D 49 0D 47 0D 47 0D 46 
BAT RX 0x316 [8] 0D 3E 0D 3D 0D 3D 0D 35 
BAT RX 0x315 [8] 0D 43 0D 43 0D 42 0D 42 
BAT RX 0x314 [8] 5B 54 5B 54 00 16 05 44 
BAT RX 0x313 [8] 15 2C 00 03 00 FE 64 63 
BAT RX 0x312 [8] 00 00 00 00 02 02 00 00 
BAT RX 0x311 [8] 02 38 00 00 08 24 01 21 
[keepalive] twai_transmit() -> ESP_OK
BAT RX 0x330 [8] 02 0D 02 01 0D 49 0D 34 
BAT RX 0x329 [8] 01 00 22 9C 01 00 40 35 
BAT RX 0x323 [8] 20 0E 10 00 00 00 00 00 
BAT RX 0x324 [8] 02 43 30 37 00 00 00 00 
BAT RX 0x322 [8] 01 14 00 E8 03 01 64 64 
BAT RX 0x320 [8] 50 41 C3 85 85 00 00 00 
BAT RX 0x319 [8] 40 0D 49 0D 34 1D 11 00 
BAT RX 0x318 [8] 0D 36 0D 35 0D 34 0D 34 
BAT RX 0x317 [8] 0D 49 0D 47 0D 47 0D 47 
BAT RX 0x316 [8] 0D 3E 0D 3D 0D 3C 0D 35 
BAT RX 0x315 [8] 0D 43 0D 43 0D 43 0D 42 
BAT RX 0x314 [8] 5B 54 5B 54 00 15 05 44 
BAT RX 0x313 [8] 15 2C 00 00 00 FE 64 63 
BAT RX 0x312 [8] 00 00 00 00 02 02 00 00 
BAT RX 0x311 [8] 02 38 00 00 08 24 01 21 
[keepalive] twai_transmit() -> ESP_OK
[117s] OK V=54.20V I=+0.0A T=25.4C SOC=100% SOH=99% | CVL=56.8V CCL=0.0A DCL=208.4A | chg=0 dis=1 fc1=0 fc2=0 | prot=0000 warn=0000 | packs=2 | inv0x305=no
BAT RX 0x330 [8] 02 0D 02 01 0D 49 0D 33 
BAT RX 0x329 [8] 02 00 1A 25 02 00 40 D1 
BAT RX 0x323 [8] 20 0E 10 00 00 00 00 00 
BAT RX 0x324 [8] 00 02 47 50 4A 30 32 31 
BAT RX 0x322 [8] 01 14 00 E8 03 01 64 64 
BAT RX 0x320 [8] 50 41 C3 85 85 00 00 00 
BAT RX 0x319 [8] 40 0D 49 0D 33 1D 11 00 
BAT RX 0x318 [8] 0D 36 0D 35 0D 34 0D 33 
BAT RX 0x317 [8] 0D 49 0D 48 0D 47 0D 47 
BAT RX 0x316 [8] 0D 3E 0D 3D 0D 3C 0D 35 
BAT RX 0x315 [8] 0D 43 0D 43 0D 42 0D 42 
BAT RX 0x314 [8] 5B 54 5B 54 00 16 05 44 
BAT RX 0x313 [8] 15 2C 00 00 00 FE 64 63 
BAT RX 0x312 [8] 00 00 00 00 02 02 00 00 
BAT RX 0x311 [8] 02 38 00 00 08 24 01 21 
[keepalive] twai_transmit() -> ESP_OK
BAT RX 0x330 [8] 02 0D 02 01 0D 49 0D 33 
BAT RX 0x329 [8] 01 00 22 9C 01 00 40 35 
BAT RX 0x323 [8] 20 0E 10 00 00 00 00 00 
BAT RX 0x324 [8] 01 39 35 32 32 30 36 32 
BAT RX 0x322 [8] 01 14 00 E8 03 01 64 64 
BAT RX 0x320 [8] 50 41 C3 85 85 00 00 00 
BAT RX 0x319 [8] 40 0D 49 0D 33 1D 11 00 
BAT RX 0x318 [8] 0D 37 0D 35 0D 34 0D 33 
BAT RX 0x317 [8] 0D 49 0D 47 0D 47 0D 46 
BAT RX 0x316 [8] 0D 3E 0D 3D 0D 3D 0D 35 
BAT RX 0x315 [8] 0D 43 0D 42 0D 42 0D 42 
BAT RX 0x314 [8] 5B 54 5B 54 00 16 05 44 
BAT RX 0x313 [8] 15 2C 00 03 00 FE 64 63 
BAT RX 0x312 [8] 00 00 00 00 02 02 00 00 
BAT RX 0x311 [8] 02 38 00 00 08 24 01 21 
[keepalive] twai_transmit() -> ESP_OK
[119s] OK V=54.20V I=+0.3A T=25.4C SOC=100% SOH=99% | CVL=56.8V CCL=0.0A DCL=208.4A | chg=0 dis=1 fc1=0 fc2=0 | prot=0000 warn=0000 | packs=2 | inv0x305=no

---- battery-bus rate stats (VERBOSE_STATS) ----------------------------
  1046 frames, 120 s elapsed
  ID     count   period(ms)  (min-max gap)
  0x312      70    982 (7-1000)
  0x313      70    982 (3-1000)
  0x314      70    982 (4-1000)
  0x315      70    982 (4-1000)
  0x316      70    982 (3-1000)
  0x317      70    982 (3-1000)
  0x318      70    981 (4-1000)
  0x319      70    981 (4-1000)
  0x320      70    981 (4-1000)
  0x322      70    981 (4-1000)
  0x311      70    982 (4-1000)
  0x323      69    995 (767-1000)
  0x324      69    995 (768-1000)
  0x329      69    995 (757-1000)
  0x330      69    995 (746-1000)
--------------------------------------------------------------------------

  TWAI: state=RUNNING  tx_err=42 rx_err=0  tx_failed=0  rx_missed=0 rx_overrun=0  arb_lost=0  bus_err=190881
BAT RX 0x330 [8] 02 0D 02 01 0D 49 0D 33 
BAT RX 0x329 [8] 02 00 1A 25 02 00 40 D1 
BAT RX 0x323 [8] 20 0E 10 00 00 00 00 00 
BAT RX 0x324 [8] 02 42 42 37 00 00 00 00 
BAT RX 0x322 [8] 01 14 00 E8 03 01 64 64 
BAT RX 0x320 [8] 50 41 C3 85 85 00 00 00 
BAT RX 0x319 [8] 40 0D 49 0D 33 1D 11 00 
BAT RX 0x318 [8] 0D 36 0D 35 0D 34 0D 33 
BAT RX 0x317 [8] 0D 49 0D 47 0D 47 0D 46 
BAT RX 0x316 [8] 0D 3D 0D 3D 0D 3C 0D 35 
BAT RX 0x315 [8] 0D 43 0D 42 0D 42 0D 42 
BAT RX 0x314 [8] 5B 54 5B 54 00 16 05 44 
BAT RX 0x313 [8] 15 2C 00 00 00 FE 64 63 
BAT RX 0x312 [8] 00 00 00 00 02 02 00 00 
BAT RX 0x311 [8] 02 38 00 00 08 24 01 21 
[keepalive] twai_transmit() -> ESP_OK
BAT RX 0x330 [8] 02 0D 02 01 0D 49 0D 33 
BAT RX 0x329 [8] 01 00 22 9C 01 00 40 35 
BAT RX 0x323 [8] 20 0E 10 00 00 00 00 00 
BAT RX 0x324 [8] 00 01 47 50 4A 30 32 31 
BAT RX 0x322 [8] 01 14 00 E8 03 01 64 64 
BAT RX 0x320 [8] 50 41 C3 85 85 00 00 00 
BAT RX 0x319 [8] 40 0D 49 0D 33 1D 11 00 
BAT RX 0x318 [8] 0D 37 0D 35 0D 34 0D 33 
BAT RX 0x317 [8] 0D 49 0D 47 0D 47 0D 46 
BAT RX 0x316 [8] 0D 3E 0D 3D 0D 3C 0D 34 
BAT RX 0x315 [8] 0D 42 0D 42 0D 42 0D 42 
BAT RX 0x314 [8] 5B 54 5B 54 00 16 05 44 
BAT RX 0x313 [8] 15 2C 00 00 00 FE 64 63 
BAT RX 0x312 [8] 00 00 00 00 02 02 00 00 
BAT RX 0x311 [8] 02 38 00 00 08 24 01 21 
[keepalive] twai_transmit() -> ESP_OK
[121s] OK V=54.20V I=+0.0A T=25.4C SOC=100% SOH=99% | CVL=56.8V CCL=0.0A DCL=208.4A | chg=0 dis=1 fc1=0 fc2=0 | prot=0000 warn=0000 | packs=2 | inv0x305=no
BAT RX 0x330 [8] 02 0D 02 01 0D 49 0D 33 
BAT RX 0x329 [8] 02 00 1A 25 02 00 40 D1 
BAT RX 0x323 [8] 20 0E 10 00 00 00 00 00 
BAT RX 0x324 [8] 01 39 35 32 32 30 36 32 
BAT RX 0x322 [8] 01 14 00 E8 03 01 64 64 
BAT RX 0x320 [8] 50 41 C3 85 85 00 00 00 
BAT RX 0x319 [8] 40 0D 49 0D 33 1D 11 00 
BAT RX 0x318 [8] 0D 37 0D 35 0D 34 0D 33 
BAT RX 0x317 [8] 0D 49 0D 47 0D 47 0D 46 
BAT RX 0x316 [8] 0D 3D 0D 3D 0D 3C 0D 35 
BAT RX 0x315 [8] 0D 43 0D 43 0D 42 0D 42 
BAT RX 0x314 [8] 5B 54 5B 54 00 16 05 44 
BAT RX 0x313 [8] 15 2C 00 00 00 FE 64 63 
BAT RX 0x312 [8] 00 00 00 00 02 02 00 00 
BAT RX 0x311 [8] 02 38 00 00 08 24 01 21 
[keepalive] twai_transmit() -> ESP_OK
BAT RX 0x330 [8] 02 0D 02 01 0D 49 0D 33 
BAT RX 0x329 [8] 01 00 22 9C 01 00 40 35 
BAT RX 0x323 [8] 20 0E 10 00 00 00 00 00 
BAT RX 0x324 [8] 02 43 30 37 00 00 00 00 
BAT RX 0x322 [8] 01 14 00 E8 03 01 64 64 
BAT RX 0x320 [8] 50 41 C3 85 85 00 00 00 
BAT RX 0x319 [8] 40 0D 49 0D 33 1D 11 00 
BAT RX 0x318 [8] 0D 36 0D 35 0D 34 0D 33 
BAT RX 0x317 [8] 0D 49 0D 47 0D 46 0D 46 
BAT RX 0x316 [8] 0D 3D 0D 3D 0D 3C 0D 35 
BAT RX 0x315 [8] 0D 42 0D 42 0D 42 0D 42 
BAT RX 0x314 [8] 5B 54 5B 54 00 16 05 44 
BAT RX 0x313 [8] 15 2C 00 03 00 FE 64 63 
BAT RX 0x312 [8] 00 00 00 00 02 02 00 00 
BAT RX 0x311 [8] 02 38 00 00 08 24 01 21 
[keepalive] twai_transmit() -> ESP_OK
[123s] OK V=54.20V I=+0.3A T=25.4C SOC=100% SOH=99% | CVL=56.8V CCL=0.0A DCL=208.4A | chg=0 dis=1 fc1=0 fc2=0 | prot=0000 warn=0000 | packs=2 | inv0x305=no
BAT RX 0x330 [8] 02 0D 02 01 0D 49 0D 33 
BAT RX 0x329 [8] 02 00 1A 25 02 00 40 D1 
BAT RX 0x323 [8] 20 0E 10 00 00 00 00 00 
BAT RX 0x324 [8] 00 02 47 50 4A 30 32 31 
BAT RX 0x322 [8] 01 14 00 E8 03 01 64 64 
BAT RX 0x320 [8] 50 41 C3 85 85 00 00 00 
BAT RX 0x319 [8] 40 0D 49 0D 33 1D 11 00 
BAT RX 0x318 [8] 0D 37 0D 35 0D 35 0D 33 
BAT RX 0x317 [8] 0D 49 0D 47 0D 47 0D 46 
BAT RX 0x316 [8] 0D 3E 0D 3C 0D 3C 0D 34 
BAT RX 0x315 [8] 0D 42 0D 42 0D 41 0D 41 
BAT RX 0x314 [8] 5B 54 5B 54 00 16 05 44 
BAT RX 0x313 [8] 15 2C 00 03 00 FE 64 63 
BAT RX 0x312 [8] 00 00 00 00 02 02 00 00 
BAT RX 0x311 [8] 02 38 00 00 08 24 01 21 
[keepalive] twai_transmit() -> ESP_OK
BAT RX 0x330 [8] 02 0D 02 01 0D 48 0D 33 
BAT RX 0x329 [8] 01 00 22 9C 01 00 40 35 
BAT RX 0x323 [8] 20 0E 10 00 00 00 00 00 
BAT RX 0x324 [8] 01 39 35 32 32 30 36 32 
BAT RX 0x322 [8] 01 14 00 E8 03 01 64 64 
BAT RX 0x320 [8] 50 41 C3 85 85 00 00 00 
BAT RX 0x319 [8] 40 0D 48 0D 33 1D 11 00 
BAT RX 0x318 [8] 0D 36 0D 35 0D 34 0D 33 
BAT RX 0x317 [8] 0D 48 0D 47 0D 46 0D 46 
BAT RX 0x316 [8] 0D 3D 0D 3D 0D 3C 0D 35 
BAT RX 0x315 [8] 0D 42 0D 42 0D 42 0D 42 
BAT RX 0x314 [8] 5B 54 5B 54 00 15 05 44 
BAT RX 0x313 [8] 15 2C 00 03 00 FE 64 63 
BAT RX 0x312 [8] 00 00 00 00 02 02 00 00 
BAT RX 0x311 [8] 02 38 00 00 08 24 01 21 
[keepalive] twai_transmit() -> ESP_OK
[125s] OK V=54.20V I=+0.3A T=25.4C SOC=100% SOH=99% | CVL=56.8V CCL=0.0A DCL=208.4A | chg=0 dis=1 fc1=0 fc2=0 | prot=0000 warn=0000 | packs=2 | inv0x305=no
BAT RX 0x330 [8] 02 0D 02 01 0D 48 0D 33 
BAT RX 0x329 [8] 02 00 1A 25 02 00 40 D1 
BAT RX 0x323 [8] 20 0E 10 00 00 00 00 00 
BAT RX 0x324 [8] 02 42 42 37 00 00 00 00 
BAT RX 0x322 [8] 01 14 00 E8 03 01 64 64 
BAT RX 0x320 [8] 50 41 C3 85 85 00 00 00 
BAT RX 0x319 [8] 40 0D 48 0D 33 1D 11 00 
BAT RX 0x318 [8] 0D 36 0D 34 0D 34 0D 33 
BAT RX 0x317 [8] 0D 48 0D 47 0D 46 0D 46 
BAT RX 0x316 [8] 0D 3E 0D 3D 0D 3C 0D 34 
BAT RX 0x315 [8] 0D 42 0D 42 0D 42 0D 42 
BAT RX 0x314 [8] 5B 54 5B 54 00 15 05 44 
BAT RX 0x313 [8] 15 2C 00 00 00 FE 64 63 
BAT RX 0x312 [8] 00 00 00 00 02 02 00 00 
BAT RX 0x311 [8] 02 38 00 00 08 24 01 21 
[keepalive] twai_transmit() -> ESP_OK
BAT RX 0x330 [8] 02 0D 02 01 0D 49 0D 33 
BAT RX 0x329 [8] 01 00 22 9C 01 00 40 35 
BAT RX 0x323 [8] 20 0E 10 00 00 00 00 00 
BAT RX 0x324 [8] 00 01 47 50 4A 30 32 31 
BAT RX 0x322 [8] 01 14 00 E8 03 01 64 64 
BAT RX 0x320 [8] 50 41 C3 85 85 00 00 00 
BAT RX 0x319 [8] 40 0D 49 0D 33 1D 11 00 
BAT RX 0x318 [8] 0D 36 0D 35 0D 34 0D 33 
BAT RX 0x317 [8] 0D 49 0D 47 0D 46 0D 46 
BAT RX 0x316 [8] 0D 3D 0D 3C 0D 3C 0D 35 
BAT RX 0x315 [8] 0D 42 0D 42 0D 42 0D 42 
BAT RX 0x314 [8] 5B 54 5B 54 00 16 05 44 
BAT RX 0x313 [8] 15 2C 00 00 00 FE 64 63 
BAT RX 0x312 [8] 00 00 00 00 02 02 00 00 
BAT RX 0x311 [8] 02 38 00 00 08 24 01 21 
[keepalive] twai_transmit() -> ESP_OK
[127s] OK V=54.20V I=+0.0A T=25.4C SOC=100% SOH=99% | CVL=56.8V CCL=0.0A DCL=208.4A | chg=0 dis=1 fc1=0 fc2=0 | prot=0000 warn=0000 | packs=2 | inv0x305=no
BAT RX 0x330 [8] 02 0D 02 01 0D 48 0D 33 
BAT RX 0x329 [8] 02 00 1A 25 02 00 40 D1 
BAT RX 0x323 [8] 20 0E 10 00 00 00 00 00 
BAT RX 0x324 [8] 01 39 35 32 32 30 36 32 
BAT RX 0x322 [8] 01 14 00 E8 03 01 64 64 
BAT RX 0x320 [8] 50 41 C3 85 85 00 00 00 
BAT RX 0x319 [8] 40 0D 48 0D 33 1D 11 00 
BAT RX 0x318 [8] 0D 36 0D 34 0D 34 0D 33 
BAT RX 0x317 [8] 0D 48 0D 47 0D 46 0D 46 
BAT RX 0x316 [8] 0D 3D 0D 3C 0D 3C 0D 34 
BAT RX 0x315 [8] 0D 42 0D 42 0D 42 0D 42 
BAT RX 0x314 [8] 5B 54 5B 54 00 15 05 44 
BAT RX 0x313 [8] 15 2C 00 00 00 FE 64 63 
BAT RX 0x312 [8] 00 00 00 00 02 02 00 00 
BAT RX 0x311 [8] 02 38 00 00 08 24 01 21 
[keepalive] twai_transmit() -> ESP_OK
BAT RX 0x330 [8] 02 0D 02 01 0D 48 0D 33 
BAT RX 0x329 [8] 01 00 22 9C 01 00 40 35 
BAT RX 0x323 [8] 20 0E 10 00 00 00 00 00 
BAT RX 0x324 [8] 02 43 30 37 00 00 00 00 
BAT RX 0x322 [8] 01 14 00 E8 03 01 64 64 
BAT RX 0x320 [8] 50 41 C3 85 85 00 00 00 
BAT RX 0x319 [8] 40 0D 48 0D 33 1D 11 00 
BAT RX 0x318 [8] 0D 36 0D 34 0D 34 0D 33 
BAT RX 0x317 [8] 0D 48 0D 47 0D 46 0D 46 
BAT RX 0x316 [8] 0D 3D 0D 3D 0D 3B 0D 34 
BAT RX 0x315 [8] 0D 42 0D 42 0D 42 0D 42 
BAT RX 0x314 [8] 5B 54 5B 54 00 15 05 44 
BAT RX 0x313 [8] 15 2C 00 00 00 FE 64 63 
BAT RX 0x312 [8] 00 00 00 00 02 02 00 00 
BAT RX 0x311 [8] 02 38 00 00 08 24 01 21 
[keepalive] twai_transmit() -> ESP_OK
[129s] OK V=54.20V I=+0.0A T=25.4C SOC=100% SOH=99% | CVL=56.8V CCL=0.0A DCL=208.4A | chg=0 dis=1 fc1=0 fc2=0 | prot=0000 warn=0000 | packs=2 | inv0x305=no
BAT RX 0x330 [8] 02 0D 02 01 0D 48 0D 32 
BAT RX 0x329 [8] 02 00 1A 25 02 00 40 D1 
BAT RX 0x323 [8] 20 0E 10 00 00 00 00 00 
BAT RX 0x324 [8] 00 02 47 50 4A 30 32 31 
BAT RX 0x322 [8] 01 14 00 E8 03 01 64 64 
BAT RX 0x320 [8] 50 41 C3 85 85 00 00 00 
BAT RX 0x319 [8] 40 0D 48 0D 32 1D 11 00 
BAT RX 0x318 [8] 0D 36 0D 34 0D 34 0D 32 
BAT RX 0x317 [8] 0D 48 0D 47 0D 46 0D 46 
BAT RX 0x316 [8] 0D 3D 0D 3C 0D 3C 0D 34 
BAT RX 0x315 [8] 0D 42 0D 42 0D 42 0D 41 
BAT RX 0x314 [8] 5B 54 5B 54 00 16 05 44 
BAT RX 0x313 [8] 15 2C 00 03 00 FE 64 63 
BAT RX 0x312 [8] 00 00 00 00 02 02 00 00 
BAT RX 0x311 [8] 02 38 00 00 08 24 01 21 
[keepalive] twai_transmit() -> ESP_OK
BAT RX 0x330 [8] 02 0D 02 01 0D 48 0D 33 
BAT RX 0x329 [8] 01 00 22 9C 01 00 40 35 
BAT RX 0x323 [8] 20 0E 10 00 00 00 00 00 
BAT RX 0x324 [8] 01 39 35 32 32 30 36 32 
BAT RX 0x322 [8] 01 14 00 E8 03 01 64 64 
BAT RX 0x320 [8] 50 41 C3 85 85 00 00 00 
BAT RX 0x319 [8] 40 0D 48 0D 33 1D 11 00 
BAT RX 0x318 [8] 0D 35 0D 34 0D 34 0D 33 
BAT RX 0x317 [8] 0D 48 0D 46 0D 46 0D 46 
BAT RX 0x316 [8] 0D 3D 0D 3D 0D 3C 0D 34 
BAT RX 0x315 [8] 0D 42 0D 42 0D 41 0D 41 
BAT RX 0x314 [8] 5B 54 5B 54 00 15 05 44 
BAT RX 0x313 [8] 15 2C 00 03 00 FE 64 63 
BAT RX 0x312 [8] 00 00 00 00 02 02 00 00 
BAT RX 0x311 [8] 02 38 00 00 08 24 01 21 
[keepalive] twai_transmit() -> ESP_OK
[131s] OK V=54.20V I=+0.3A T=25.4C SOC=100% SOH=99% | CVL=56.8V CCL=0.0A DCL=208.4A | chg=0 dis=1 fc1=0 fc2=0 | prot=0000 warn=0000 | packs=2 | inv0x305=no
BAT RX 0x330 [8] 02 0D 02 01 0D 48 0D 33 
BAT RX 0x329 [8] 02 00 1A 25 02 00 40 D1 
BAT RX 0x323 [8] 20 0E 10 00 00 00 00 00 
BAT RX 0x324 [8] 02 42 42 37 00 00 00 00 
BAT RX 0x322 [8] 01 14 00 E8 03 01 64 64 
BAT RX 0x320 [8] 50 41 C3 85 85 00 00 00 
BAT RX 0x319 [8] 40 0D 48 0D 33 1D 11 00 
BAT RX 0x318 [8] 0D 36 0D 34 0D 34 0D 33 
BAT RX 0x317 [8] 0D 48 0D 47 0D 46 0D 46 
BAT RX 0x316 [8] 0D 3D 0D 3C 0D 3C 0D 35 
BAT RX 0x315 [8] 0D 42 0D 42 0D 42 0D 42 
BAT RX 0x314 [8] 5B 54 5B 54 00 15 05 44 
BAT RX 0x313 [8] 15 2C 00 03 00 FE 64 63 
BAT RX 0x312 [8] 00 00 00 00 02 02 00 00 
BAT RX 0x311 [8] 02 38 00 00 08 24 01 21 
[keepalive] twai_transmit() -> ESP_OK
BAT RX 0x330 [8] 02 0D 02 01 0D 49 0D 33 
BAT RX 0x329 [8] 01 00 22 9C 01 00 40 35 
BAT RX 0x323 [8] 20 0E 10 00 00 00 00 00 
BAT RX 0x324 [8] 00 01 47 50 4A 30 32 31 
BAT RX 0x322 [8] 01 14 00 E8 03 01 64 64 
BAT RX 0x320 [8] 50 41 C3 85 85 00 00 00 
BAT RX 0x319 [8] 40 0D 49 0D 33 1D 11 00 
BAT RX 0x318 [8] 0D 36 0D 34 0D 34 0D 33 
BAT RX 0x317 [8] 0D 49 0D 47 0D 46 0D 45 
BAT RX 0x316 [8] 0D 3D 0D 3C 0D 3C 0D 34 
BAT RX 0x315 [8] 0D 42 0D 42 0D 42 0D 41 
BAT RX 0x314 [8] 5B 54 5B 54 00 16 05 44 
BAT RX 0x313 [8] 15 2C 00 00 00 FE 64 63 
BAT RX 0x312 [8] 00 00 00 00 02 02 00 00 
BAT RX 0x311 [8] 02 38 00 00 08 24 01 21 
[keepalive] twai_transmit() -> ESP_OK
[133s] OK V=54.20V I=+0.0A T=25.4C SOC=100% SOH=99% | CVL=56.8V CCL=0.0A DCL=208.4A | chg=0 dis=1 fc1=0 fc2=0 | prot=0000 warn=0000 | packs=2 | inv0x305=no
BAT RX 0x330 [8] 02 0D 02 01 0D 48 0D 32 
BAT RX 0x329 [8] 02 00 1A 25 02 00 40 D1 
BAT RX 0x323 [8] 20 0E 10 00 00 00 00 00 
BAT RX 0x324 [8] 01 39 35 32 32 30 36 32 
BAT RX 0x322 [8] 01 14 00 E8 03 01 64 64 
BAT RX 0x320 [8] 50 41 C3 85 85 00 00 00 
BAT RX 0x319 [8] 40 0D 48 0D 32 1D 11 00 
BAT RX 0x318 [8] 0D 36 0D 34 0D 34 0D 32 
BAT RX 0x317 [8] 0D 48 0D 47 0D 46 0D 46 
BAT RX 0x316 [8] 0D 3D 0D 3C 0D 3C 0D 35 
BAT RX 0x315 [8] 0D 42 0D 42 0D 41 0D 41 
BAT RX 0x314 [8] 5B 54 5B 54 00 16 05 44 
BAT RX 0x313 [8] 15 2C 00 03 00 FE 64 63 
BAT RX 0x312 [8] 00 00 00 00 02 02 00 00 
BAT RX 0x311 [8] 02 38 00 00 08 24 01 21 
[keepalive] twai_transmit() -> ESP_OK

---- battery-bus rate stats (VERBOSE_STATS) ----------------------------
  1271 frames, 135 s elapsed
  ID     count   period(ms)  (min-max gap)
  0x312      85    985 (7-1000)
  0x313      85    985 (3-1000)
  0x314      85    985 (4-1000)
  0x315      85    985 (4-1000)
  0x316      85    985 (3-1000)
  0x317      85    985 (3-1000)
  0x318      85    985 (4-1000)
  0x319      85    984 (4-1000)
  0x320      85    984 (4-1000)
  0x322      85    984 (4-1000)
  0x311      85    985 (4-1000)
  0x323      84    996 (767-1000)
  0x324      84    996 (768-1000)
  0x329      84    996 (757-1000)
  0x330      84    996 (746-1000)
--------------------------------------------------------------------------

  TWAI: state=RUNNING  tx_err=27 rx_err=0  tx_failed=0  rx_missed=0 rx_overrun=0  arb_lost=0  bus_err=190881
BAT RX 0x330 [8] 02 0D 02 01 0D 48 0D 33 
BAT RX 0x329 [8] 01 00 22 9C 01 00 40 35 
BAT RX 0x323 [8] 20 0E 10 00 00 00 00 00 
BAT RX 0x324 [8] 02 43 30 37 00 00 00 00 
BAT RX 0x322 [8] 01 14 00 E8 03 01 64 64 
BAT RX 0x320 [8] 50 41 C3 85 85 00 00 00 
BAT RX 0x319 [8] 40 0D 48 0D 33 1D 11 00 
BAT RX 0x318 [8] 0D 35 0D 34 0D 33 0D 33 
BAT RX 0x317 [8] 0D 48 0D 47 0D 46 0D 45 
BAT RX 0x316 [8] 0D 3D 0D 3C 0D 3C 0D 35 
BAT RX 0x315 [8] 0D 42 0D 41 0D 41 0D 41 
BAT RX 0x314 [8] 5B 54 5B 54 00 15 05 44 
BAT RX 0x313 [8] 15 2C 00 00 00 FE 64 63 
BAT RX 0x312 [8] 00 00 00 00 02 02 00 00 
BAT RX 0x311 [8] 02 38 00 00 08 24 01 21 
[keepalive] twai_transmit() -> ESP_OK
[135s] OK V=54.20V I=+0.0A T=25.4C SOC=100% SOH=99% | CVL=56.8V CCL=0.0A DCL=208.4A | chg=0 dis=1 fc1=0 fc2=0 | prot=0000 warn=0000 | packs=2 | inv0x305=no
BAT RX 0x330 [8] 02 0D 02 01 0D 48 0D 33 
BAT RX 0x329 [8] 02 00 1A 25 02 00 40 D1 
BAT RX 0x323 [8] 20 0E 10 00 00 00 00 00 
BAT RX 0x324 [8] 00 02 47 50 4A 30 32 31 
BAT RX 0x322 [8] 01 14 00 E8 03 01 64 64 
BAT RX 0x320 [8] 50 41 C3 85 85 00 00 00 
BAT RX 0x319 [8] 40 0D 48 0D 33 1D 11 00 
BAT RX 0x318 [8] 0D 36 0D 34 0D 33 0D 33 
BAT RX 0x317 [8] 0D 48 0D 47 0D 46 0D 45 
BAT RX 0x316 [8] 0D 3D 0D 3D 0D 3C 0D 34 
BAT RX 0x315 [8] 0D 42 0D 41 0D 41 0D 41 
BAT RX 0x314 [8] 5B 54 5B 54 00 15 05 44 
BAT RX 0x313 [8] 15 2C 00 00 00 FE 64 63 
BAT RX 0x312 [8] 00 00 00 00 02 02 00 00 
BAT RX 0x311 [8] 02 38 00 00 08 24 01 21 
[keepalive] twai_transmit() -> ESP_OK
BAT RX 0x330 [8] 02 0D 02 01 0D 48 0D 33 
BAT RX 0x329 [8] 01 00 22 9C 01 00 40 35 
BAT RX 0x323 [8] 20 0E 10 00 00 00 00 00 
BAT RX 0x324 [8] 01 39 35 32 32 30 36 32 
BAT RX 0x322 [8] 01 14 00 E8 03 01 64 64 
BAT RX 0x320 [8] 50 41 C3 85 85 00 00 00 
BAT RX 0x319 [8] 40 0D 48 0D 33 1D 11 00 
BAT RX 0x318 [8] 0D 36 0D 34 0D 33 0D 33 
BAT RX 0x317 [8] 0D 48 0D 46 0D 46 0D 45 
BAT RX 0x316 [8] 0D 3D 0D 3C 0D 3C 0D 34 
BAT RX 0x315 [8] 0D 42 0D 41 0D 41 0D 41 
BAT RX 0x314 [8] 5B 54 5B 54 00 15 05 44 
BAT RX 0x313 [8] 15 2C 00 03 00 FE 64 63 
BAT RX 0x312 [8] 00 00 00 00 02 02 00 00 
BAT RX 0x311 [8] 02 38 00 00 08 24 01 21 
[keepalive] twai_transmit() -> ESP_OK
[137s] OK V=54.20V I=+0.3A T=25.4C SOC=100% SOH=99% | CVL=56.8V CCL=0.0A DCL=208.4A | chg=0 dis=1 fc1=0 fc2=0 | prot=0000 warn=0000 | packs=2 | inv0x305=no
BAT RX 0x330 [8] 02 0D 02 01 0D 48 0D 33 
BAT RX 0x329 [8] 02 00 1A 25 02 00 40 D1 
BAT RX 0x323 [8] 20 0E 10 00 00 00 00 00 
BAT RX 0x324 [8] 02 42 42 37 00 00 00 00 
BAT RX 0x322 [8] 01 14 00 E8 03 01 64 64 
BAT RX 0x320 [8] 50 41 C3 85 85 00 00 00 
BAT RX 0x319 [8] 40 0D 48 0D 33 1D 11 00 
BAT RX 0x318 [8] 0D 35 0D 34 0D 33 0D 33 
BAT RX 0x317 [8] 0D 48 0D 46 0D 46 0D 46 
BAT RX 0x316 [8] 0D 3C 0D 3C 0D 3C 0D 34 
BAT RX 0x315 [8] 0D 42 0D 42 0D 42 0D 41 
BAT RX 0x314 [8] 5B 54 5B 54 00 15 05 44 
BAT RX 0x313 [8] 15 2C 00 03 00 FE 64 63 
BAT RX 0x312 [8] 00 00 00 00 02 02 00 00 
BAT RX 0x311 [8] 02 38 00 00 08 24 01 21 
[keepalive] twai_transmit() -> ESP_OK
BAT RX 0x330 [8] 02 0D 02 01 0D 48 0D 33 
BAT RX 0x329 [8] 01 00 22 9C 01 00 40 35 
BAT RX 0x323 [8] 20 0E 10 00 00 00 00 00 
BAT RX 0x324 [8] 00 01 47 50 4A 30 32 31 
BAT RX 0x322 [8] 01 14 00 E8 03 01 64 64 
BAT RX 0x320 [8] 50 41 C3 85 85 00 00 00 
BAT RX 0x319 [8] 40 0D 48 0D 33 1D 11 00 
BAT RX 0x318 [8] 0D 35 0D 34 0D 33 0D 33 
BAT RX 0x317 [8] 0D 48 0D 46 0D 46 0D 45 
BAT RX 0x316 [8] 0D 3D 0D 3C 0D 3B 0D 34 
BAT RX 0x315 [8] 0D 42 0D 41 0D 41 0D 41 
BAT RX 0x314 [8] 5B 54 5B 54 00 15 05 44 
BAT RX 0x313 [8] 15 2C 00 00 00 FE 64 63 
BAT RX 0x312 [8] 00 00 00 00 02 02 00 00 
BAT RX 0x311 [8] 02 38 00 00 08 24 01 21 
[keepalive] twai_transmit() -> ESP_OK
[139s] OK V=54.20V I=+0.0A T=25.4C SOC=100% SOH=99% | CVL=56.8V CCL=0.0A DCL=208.4A | chg=0 dis=1 fc1=0 fc2=0 | prot=0000 warn=0000 | packs=2 | inv0x305=no
BAT RX 0x330 [8] 02 0D 02 01 0D 48 0D 33 
BAT RX 0x329 [8] 02 00 1A 25 02 00 40 D1 
BAT RX 0x323 [8] 20 0E 10 00 00 00 00 00 
BAT RX 0x324 [8] 01 39 35 32 32 30 36 32 
BAT RX 0x322 [8] 01 14 00 E8 03 01 64 64 
BAT RX 0x320 [8] 50 41 C3 85 85 00 00 00 
BAT RX 0x319 [8] 40 0D 48 0D 33 1D 11 00 
BAT RX 0x318 [8] 0D 35 0D 34 0D 33 0D 33 
BAT RX 0x317 [8] 0D 48 0D 46 0D 46 0D 45 
BAT RX 0x316 [8] 0D 3C 0D 3C 0D 3C 0D 34 
BAT RX 0x315 [8] 0D 42 0D 42 0D 41 0D 41 
BAT RX 0x314 [8] 5B 54 5B 54 00 15 05 44 
BAT RX 0x313 [8] 15 2C 00 00 00 FE 64 63 
BAT RX 0x312 [8] 00 00 00 00 02 02 00 00 
BAT RX 0x311 [8] 02 38 00 00 08 24 01 21 
[keepalive] twai_transmit() -> ESP_OK
BAT RX 0x330 [8] 02 0D 02 01 0D 48 0D 32 
BAT RX 0x329 [8] 01 00 22 9C 01 00 40 35 
BAT RX 0x323 [8] 20 0E 10 00 00 00 00 00 
BAT RX 0x324 [8] 02 43 30 37 00 00 00 00 
BAT RX 0x322 [8] 01 14 00 E8 03 01 64 64 
BAT RX 0x320 [8] 50 41 C3 85 85 00 00 00 
BAT RX 0x319 [8] 40 0D 48 0D 32 1D 11 00 
BAT RX 0x318 [8] 0D 36 0D 34 0D 33 0D 32 
BAT RX 0x317 [8] 0D 48 0D 47 0D 46 0D 45 
BAT RX 0x316 [8] 0D 3C 0D 3C 0D 3C 0D 33 
BAT RX 0x315 [8] 0D 42 0D 41 0D 41 0D 41 
BAT RX 0x314 [8] 5B 54 5B 54 00 16 05 44 
BAT RX 0x313 [8] 15 2C 00 03 00 FE 64 63 
BAT RX 0x312 [8] 00 00 00 00 02 02 00 00 
BAT RX 0x311 [8] 02 38 00 00 08 24 01 21 
[keepalive] twai_transmit() -> ESP_OK
[141s] OK V=54.20V I=+0.3A T=25.4C SOC=100% SOH=99% | CVL=56.8V CCL=0.0A DCL=208.4A | chg=0 dis=1 fc1=0 fc2=0 | prot=0000 warn=0000 | packs=2 | inv0x305=no
BAT RX 0x330 [8] 02 0D 02 01 0D 48 0D 32 
BAT RX 0x329 [8] 02 00 1A 25 02 00 40 D1 
BAT RX 0x323 [8] 20 0E 10 00 00 00 00 00 
BAT RX 0x324 [8] 00 02 47 50 4A 30 32 31 
BAT RX 0x322 [8] 01 14 00 E8 03 01 64 64 
BAT RX 0x320 [8] 50 41 C3 85 85 00 00 00 
BAT RX 0x319 [8] 40 0D 48 0D 32 1D 11 00 
BAT RX 0x318 [8] 0D 35 0D 34 0D 33 0D 32 
BAT RX 0x317 [8] 0D 48 0D 46 0D 45 0D 45 
BAT RX 0x316 [8] 0D 3C 0D 3C 0D 3C 0D 34 
BAT RX 0x315 [8] 0D 42 0D 41 0D 41 0D 41 
BAT RX 0x314 [8] 5B 54 5B 54 00 16 05 44 
BAT RX 0x313 [8] 15 2C 00 00 00 FE 64 63 
BAT RX 0x312 [8] 00 00 00 00 02 02 00 00 
BAT RX 0x311 [8] 02 38 00 00 08 24 01 21 
[keepalive] twai_transmit() -> ESP_OK
BAT RX 0x330 [8] 02 0D 02 01 0D 48 0D 32 
BAT RX 0x329 [8] 01 00 22 9C 01 00 40 35 
BAT RX 0x323 [8] 20 0E 10 00 00 00 00 00 
BAT RX 0x324 [8] 01 39 35 32 32 30 36 32 
BAT RX 0x322 [8] 01 14 00 E8 03 01 64 64 
BAT RX 0x320 [8] 50 41 C3 85 85 00 00 00 
BAT RX 0x319 [8] 40 0D 48 0D 32 1D 11 00 
BAT RX 0x318 [8] 0D 35 0D 34 0D 33 0D 32 
BAT RX 0x317 [8] 0D 48 0D 46 0D 46 0D 45 
BAT RX 0x316 [8] 0D 3C 0D 3B 0D 3B 0D 34 
BAT RX 0x315 [8] 0D 42 0D 42 0D 41 0D 41 
BAT RX 0x314 [8] 5B 54 5B 54 00 16 05 44 
BAT RX 0x313 [8] 15 2C 00 00 00 FE 64 63 
BAT RX 0x312 [8] 00 00 00 00 02 02 00 00 
BAT RX 0x311 [8] 02 38 00 00 08 24 01 21 
[keepalive] twai_transmit() -> ESP_OK
[143s] OK V=54.20V I=+0.0A T=25.4C SOC=100% SOH=99% | CVL=56.8V CCL=0.0A DCL=208.4A | chg=0 dis=1 fc1=0 fc2=0 | prot=0000 warn=0000 | packs=2 | inv0x305=no
BAT RX 0x330 [8] 02 0D 02 01 0D 47 0D 32 
BAT RX 0x329 [8] 02 00 1A 25 02 00 40 D1 
BAT RX 0x323 [8] 20 0E 10 00 00 00 00 00 
BAT RX 0x324 [8] 02 42 42 37 00 00 00 00 
BAT RX 0x322 [8] 01 14 00 E8 03 01 64 64 
BAT RX 0x320 [8] 50 41 C3 85 85 00 00 00 
BAT RX 0x319 [8] 40 0D 47 0D 32 1D 11 00 
BAT RX 0x318 [8] 0D 35 0D 35 0D 33 0D 32 
BAT RX 0x317 [8] 0D 47 0D 46 0D 45 0D 45 
BAT RX 0x316 [8] 0D 3D 0D 3C 0D 3B 0D 34 
BAT RX 0x315 [8] 0D 42 0D 42 0D 41 0D 41 
BAT RX 0x314 [8] 5B 54 5B 54 00 15 05 44 
BAT RX 0x313 [8] 15 2C 00 03 00 FE 64 63 
BAT RX 0x312 [8] 00 00 00 00 02 02 00 00 
BAT RX 0x311 [8] 02 38 00 00 08 24 01 21 
[keepalive] twai_transmit() -> ESP_OK
BAT RX 0x330 [8] 02 0D 02 01 0D 48 0D 32 
BAT RX 0x329 [8] 01 00 22 9C 01 00 40 35 
BAT RX 0x323 [8] 20 0E 10 00 00 00 00 00 
BAT RX 0x324 [8] 00 01 47 50 4A 30 32 31 
BAT RX 0x322 [8] 01 14 00 E8 03 01 64 64 
BAT RX 0x320 [8] 50 41 C3 85 85 00 00 00 
BAT RX 0x319 [8] 40 0D 48 0D 32 1D 11 00 
BAT RX 0x318 [8] 0D 36 0D 34 0D 33 0D 32 
BAT RX 0x317 [8] 0D 48 0D 46 0D 45 0D 45 
BAT RX 0x316 [8] 0D 3C 0D 3C 0D 3B 0D 34 
BAT RX 0x315 [8] 0D 42 0D 41 0D 41 0D 41 
BAT RX 0x314 [8] 5B 54 5B 54 00 16 05 44 
BAT RX 0x313 [8] 15 2C 00 03 00 FE 64 63 
BAT RX 0x312 [8] 00 00 00 00 02 02 00 00 
BAT RX 0x311 [8] 02 38 00 00 08 24 01 21 
[keepalive] twai_transmit() -> ESP_OK
[145s] OK V=54.20V I=+0.3A T=25.4C SOC=100% SOH=99% | CVL=56.8V CCL=0.0A DCL=208.4A | chg=0 dis=1 fc1=0 fc2=0 | prot=0000 warn=0000 | packs=2 | inv0x305=no
BAT RX 0x330 [8] 02 0D 02 01 0D 48 0D 33 
BAT RX 0x329 [8] 02 00 1A 25 02 00 40 D1 
BAT RX 0x323 [8] 20 0E 10 00 00 00 00 00 
BAT RX 0x324 [8] 01 39 35 32 32 30 36 32 
BAT RX 0x322 [8] 01 14 00 E8 03 01 64 64 
BAT RX 0x320 [8] 50 41 C3 85 85 00 00 00 
BAT RX 0x319 [8] 40 0D 48 0D 33 1D 11 00 
BAT RX 0x318 [8] 0D 35 0D 34 0D 33 0D 33 
BAT RX 0x317 [8] 0D 48 0D 46 0D 46 0D 45 
BAT RX 0x316 [8] 0D 3C 0D 3C 0D 3B 0D 34 
BAT RX 0x315 [8] 0D 42 0D 41 0D 41 0D 41 
BAT RX 0x314 [8] 5B 54 5B 54 00 15 05 44 
BAT RX 0x313 [8] 15 2C 00 03 00 FE 64 63 
BAT RX 0x312 [8] 00 00 00 00 02 02 00 00 
BAT RX 0x311 [8] 02 38 00 00 08 24 01 21 
[keepalive] twai_transmit() -> ESP_OK
BAT RX 0x330 [8] 02 0D 02 01 0D 47 0D 32 
BAT RX 0x329 [8] 01 00 22 9C 01 00 40 35 
BAT RX 0x323 [8] 20 0E 10 00 00 00 00 00 
BAT RX 0x324 [8] 02 43 30 37 00 00 00 00 
BAT RX 0x322 [8] 01 14 00 E8 03 01 64 64 
BAT RX 0x320 [8] 50 41 C3 85 85 00 00 00 
BAT RX 0x319 [8] 40 0D 47 0D 32 1D 11 00 
BAT RX 0x318 [8] 0D 35 0D 34 0D 33 0D 32 
BAT RX 0x317 [8] 0D 47 0D 46 0D 45 0D 45 
BAT RX 0x316 [8] 0D 3C 0D 3C 0D 3B 0D 34 
BAT RX 0x315 [8] 0D 41 0D 41 0D 41 0D 41 
BAT RX 0x314 [8] 5B 54 5B 54 00 15 05 44 
BAT RX 0x313 [8] 15 2C 00 03 00 FE 64 63 
BAT RX 0x312 [8] 00 00 00 00 02 02 00 00 
BAT RX 0x311 [8] 02 38 00 00 08 24 01 21 
[keepalive] twai_transmit() -> ESP_OK
[147s] OK V=54.20V I=+0.3A T=25.4C SOC=100% SOH=99% | CVL=56.8V CCL=0.0A DCL=208.4A | chg=0 dis=1 fc1=0 fc2=0 | prot=0000 warn=0000 | packs=2 | inv0x305=no
BAT RX 0x330 [8] 02 0D 02 01 0D 47 0D 32 
BAT RX 0x329 [8] 02 00 1A 25 02 00 40 D1 
BAT RX 0x323 [8] 20 0E 10 00 00 00 00 00 
BAT RX 0x324 [8] 00 02 47 50 4A 30 32 31 
BAT RX 0x322 [8] 01 14 00 E8 03 01 64 64 
BAT RX 0x320 [8] 50 41 C3 85 85 00 00 00 
BAT RX 0x319 [8] 40 0D 47 0D 32 1D 11 00 
BAT RX 0x318 [8] 0D 35 0D 33 0D 33 0D 32 
BAT RX 0x317 [8] 0D 47 0D 46 0D 46 0D 45 
BAT RX 0x316 [8] 0D 3C 0D 3C 0D 3B 0D 34 
BAT RX 0x315 [8] 0D 41 0D 41 0D 41 0D 41 
BAT RX 0x314 [8] 5B 54 5B 54 00 15 05 44 
BAT RX 0x313 [8] 15 2C 00 03 00 FE 64 63 
BAT RX 0x312 [8] 00 00 00 00 02 02 00 00 
BAT RX 0x311 [8] 02 38 00 00 08 24 01 21 
[keepalive] twai_transmit() -> ESP_OK
BAT RX 0x330 [8] 02 0D 02 01 0D 47 0D 32 
BAT RX 0x329 [8] 01 00 22 9C 01 00 40 35 
BAT RX 0x323 [8] 20 0E 10 00 00 00 00 00 
BAT RX 0x324 [8] 01 39 35 32 32 30 36 32 
BAT RX 0x322 [8] 01 14 00 E8 03 01 64 64 
BAT RX 0x320 [8] 50 41 C3 85 85 00 00 00 
BAT RX 0x319 [8] 40 0D 47 0D 32 1D 11 00 
BAT RX 0x318 [8] 0D 35 0D 33 0D 33 0D 32 
BAT RX 0x317 [8] 0D 47 0D 46 0D 45 0D 45 
BAT RX 0x316 [8] 0D 3C 0D 3C 0D 3B 0D 34 
BAT RX 0x315 [8] 0D 41 0D 41 0D 41 0D 40 
BAT RX 0x314 [8] 5B 54 5B 54 00 15 05 44 
BAT RX 0x313 [8] 15 2C 00 03 00 FE 64 63 
BAT RX 0x312 [8] 00 00 00 00 02 02 00 00 
BAT RX 0x311 [8] 02 38 00 00 08 24 01 21 
[keepalive] twai_transmit() -> ESP_OK
[149s] OK V=54.20V I=+0.3A T=25.4C SOC=100% SOH=99% | CVL=56.8V CCL=0.0A DCL=208.4A | chg=0 dis=1 fc1=0 fc2=0 | prot=0000 warn=0000 | packs=2 | inv0x305=no

---- battery-bus rate stats (VERBOSE_STATS) ----------------------------
  1496 frames, 150 s elapsed
  ID     count   period(ms)  (min-max gap)
  0x312     100    987 (7-1000)
  0x313     100    987 (3-1000)
  0x314     100    987 (4-1000)
  0x315     100    987 (4-1000)
  0x316     100    987 (3-1000)
  0x317     100    987 (3-1000)
  0x318     100    987 (4-1000)
  0x319     100    987 (4-1000)
  0x320     100    986 (4-1000)
  0x322     100    986 (4-1000)
  0x311     100    987 (4-1000)
  0x323      99    996 (767-1000)
  0x324      99    996 (768-1000)
  0x329      99    996 (757-1000)
  0x330      99    996 (746-1000)
--------------------------------------------------------------------------

  TWAI: state=RUNNING  tx_err=12 rx_err=0  tx_failed=0  rx_missed=0 rx_overrun=0  arb_lost=0  bus_err=190881
BAT RX 0x330 [8] 02 0D 02 01 0D 47 0D 32 
BAT RX 0x329 [8] 02 00 1A 25 02 00 40 D1 
BAT RX 0x323 [8] 20 0E 10 00 00 00 00 00 
BAT RX 0x324 [8] 02 42 42 37 00 00 00 00 
BAT RX 0x322 [8] 01 14 00 E8 03 01 64 64 
BAT RX 0x320 [8] 50 41 C3 85 85 00 00 00 
BAT RX 0x319 [8] 40 0D 47 0D 32 1D 11 00 
BAT RX 0x318 [8] 0D 35 0D 34 0D 33 0D 32 
BAT RX 0x317 [8] 0D 47 0D 46 0D 45 0D 45 
BAT RX 0x316 [8] 0D 3C 0D 3B 0D 3B 0D 34 
BAT RX 0x315 [8] 0D 42 0D 41 0D 41 0D 41 
BAT RX 0x314 [8] 5B 54 5B 54 00 15 05 44 
BAT RX 0x313 [8] 15 2C 00 03 00 FE 64 63 
BAT RX 0x312 [8] 00 00 00 00 02 02 00 00 
BAT RX 0x311 [8] 02 38 00 00 08 24 01 21 
[keepalive] twai_transmit() -> ESP_OK
BAT RX 0x330 [8] 02 0D 02 01 0D 47 0D 32 
BAT RX 0x329 [8] 01 00 22 9C 01 00 40 35 
BAT RX 0x323 [8] 20 0E 10 00 00 00 00 00 
BAT RX 0x324 [8] 00 01 47 50 4A 30 32 31 
BAT RX 0x322 [8] 01 14 00 E8 03 01 64 64 
BAT RX 0x320 [8] 50 41 C3 85 85 00 00 00 
BAT RX 0x319 [8] 40 0D 47 0D 32 1D 11 00 
BAT RX 0x318 [8] 0D 35 0D 34 0D 33 0D 32 
BAT RX 0x317 [8] 0D 47 0D 46 0D 45 0D 45 
BAT RX 0x316 [8] 0D 3C 0D 3C 0D 3B 0D 33 
BAT RX 0x315 [8] 0D 41 0D 41 0D 41 0D 41 
BAT RX 0x314 [8] 5B 54 5B 54 00 15 05 44 
BAT RX 0x313 [8] 15 2C 00 03 00 FE 64 63 
BAT RX 0x312 [8] 00 00 00 00 02 02 00 00 
BAT RX 0x311 [8] 02 38 00 00 08 24 01 21 
[keepalive] twai_transmit() -> ESP_OK
[151s] OK V=54.20V I=+0.3A T=25.4C SOC=100% SOH=99% | CVL=56.8V CCL=0.0A DCL=208.4A | chg=0 dis=1 fc1=0 fc2=0 | prot=0000 warn=0000 | packs=2 | inv0x305=no
BAT RX 0x330 [8] 02 0D 02 01 0D 47 0D 32 
BAT RX 0x329 [8] 02 00 1A 25 02 00 40 D1 
BAT RX 0x323 [8] 20 0E 10 00 00 00 00 00 
BAT RX 0x324 [8] 01 39 35 32 32 30 36 32 
BAT RX 0x322 [8] 01 14 00 E8 03 01 64 64 
BAT RX 0x320 [8] 50 41 C3 85 85 00 00 00 
BAT RX 0x319 [8] 40 0D 47 0D 32 1D 11 00 
BAT RX 0x318 [8] 0D 35 0D 34 0D 33 0D 32 
BAT RX 0x317 [8] 0D 47 0D 46 0D 45 0D 45 
BAT RX 0x316 [8] 0D 3C 0D 3C 0D 3B 0D 33 
BAT RX 0x315 [8] 0D 41 0D 41 0D 41 0D 41 
BAT RX 0x314 [8] 5B 54 5B 54 00 15 05 44 
BAT RX 0x313 [8] 15 2C 00 03 00 FE 64 63 
BAT RX 0x312 [8] 00 00 00 00 02 02 00 00 
BAT RX 0x311 [8] 02 38 00 00 08 24 01 21 
[keepalive] twai_transmit() -> ESP_OK
BAT RX 0x330 [8] 02 0D 02 01 0D 48 0D 32 
BAT RX 0x329 [8] 01 00 22 9C 01 00 40 35 
BAT RX 0x323 [8] 20 0E 10 00 00 00 00 00 
BAT RX 0x324 [8] 02 43 30 37 00 00 00 00 
BAT RX 0x322 [8] 01 14 00 E8 03 01 64 64 
BAT RX 0x320 [8] 50 41 C3 85 85 00 00 00 
BAT RX 0x319 [8] 40 0D 48 0D 32 1D 11 00 
BAT RX 0x318 [8] 0D 35 0D 33 0D 33 0D 32 
BAT RX 0x317 [8] 0D 48 0D 46 0D 45 0D 45 
BAT RX 0x316 [8] 0D 3C 0D 3B 0D 3B 0D 34 
BAT RX 0x315 [8] 0D 41 0D 41 0D 41 0D 41 
BAT RX 0x314 [8] 5B 54 5B 54 00 16 05 44 
BAT RX 0x313 [8] 15 2C 00 00 00 FE 64 63 
BAT RX 0x312 [8] 00 00 00 00 02 02 00 00 
BAT RX 0x311 [8] 02 38 00 00 08 24 01 21 
[keepalive] twai_transmit() -> ESP_OK
[153s] OK V=54.20V I=+0.0A T=25.4C SOC=100% SOH=99% | CVL=56.8V CCL=0.0A DCL=208.4A | chg=0 dis=1 fc1=0 fc2=0 | prot=0000 warn=0000 | packs=2 | inv0x305=no
BAT RX 0x330 [8] 02 0D 02 01 0D 48 0D 31 
BAT RX 0x329 [8] 02 00 1A 25 02 00 40 D1 
BAT RX 0x323 [8] 20 0E 10 00 00 00 00 00 
BAT RX 0x324 [8] 00 02 47 50 4A 30 32 31 
BAT RX 0x322 [8] 01 14 00 E8 03 01 64 64 
BAT RX 0x320 [8] 50 41 C3 85 85 00 00 00 
BAT RX 0x319 [8] 40 0D 48 0D 31 1D 11 00 
BAT RX 0x318 [8] 0D 35 0D 33 0D 33 0D 31 
BAT RX 0x317 [8] 0D 48 0D 46 0D 45 0D 45 
BAT RX 0x316 [8] 0D 3C 0D 3C 0D 3B 0D 34 
BAT RX 0x315 [8] 0D 41 0D 41 0D 41 0D 41 
BAT RX 0x314 [8] 5B 54 5B 54 00 17 05 44 
BAT RX 0x313 [8] 15 2C 00 00 00 FE 64 63 
BAT RX 0x312 [8] 00 00 00 00 02 02 00 00 
BAT RX 0x311 [8] 02 38 00 00 08 24 01 21 
[keepalive] twai_transmit() -> ESP_OK
BAT RX 0x330 [8] 02 0D 02 01 0D 47 0D 32 
BAT RX 0x329 [8] 01 00 22 9C 01 00 40 35 
BAT RX 0x323 [8] 20 0E 10 00 00 00 00 00 
BAT RX 0x324 [8] 01 39 35 32 32 30 36 32 
BAT RX 0x322 [8] 01 14 00 E8 03 01 64 64 
BAT RX 0x320 [8] 50 41 C3 85 85 00 00 00 
BAT RX 0x319 [8] 40 0D 47 0D 32 1D 11 00 
BAT RX 0x318 [8] 0D 35 0D 33 0D 32 0D 32 
BAT RX 0x317 [8] 0D 47 0D 46 0D 45 0D 45 
BAT RX 0x316 [8] 0D 3C 0D 3C 0D 3B 0D 34 
BAT RX 0x315 [8] 0D 41 0D 41 0D 41 0D 40 
BAT RX 0x314 [8] 5B 54 5B 54 00 15 05 44 
BAT RX 0x313 [8] 15 2C 00 00 00 FE 64 63 
BAT RX 0x312 [8] 00 00 00 00 02 02 00 00 
BAT RX 0x311 [8] 02 38 00 00 08 24 01 21 
[keepalive] twai_transmit() -> ESP_OK
[155s] OK V=54.20V I=+0.0A T=25.4C SOC=100% SOH=99% | CVL=56.8V CCL=0.0A DCL=208.4A | chg=0 dis=1 fc1=0 fc2=0 | prot=0000 warn=0000 | packs=2 | inv0x305=no
BAT RX 0x330 [8] 02 0D 02 01 0D 48 0D 31 
BAT RX 0x329 [8] 02 00 1A 25 02 00 40 D1 
BAT RX 0x323 [8] 20 0E 10 00 00 00 00 00 
BAT RX 0x324 [8] 02 42 42 37 00 00 00 00 
BAT RX 0x322 [8] 01 14 00 E8 03 01 64 64 
BAT RX 0x320 [8] 50 41 C3 85 85 00 00 00 
BAT RX 0x319 [8] 40 0D 48 0D 31 1D 11 00 
BAT RX 0x318 [8] 0D 35 0D 33 0D 33 0D 31 
BAT RX 0x317 [8] 0D 48 0D 45 0D 45 0D 45 
BAT RX 0x316 [8] 0D 3C 0D 3B 0D 3B 0D 33 
BAT RX 0x315 [8] 0D 41 0D 41 0D 41 0D 40 
BAT RX 0x314 [8] 5B 54 5B 54 00 17 05 44 
BAT RX 0x313 [8] 15 2C 00 03 00 FE 64 63 
BAT RX 0x312 [8] 00 00 00 00 02 02 00 00 
BAT RX 0x311 [8] 02 38 00 00 08 24 01 21 
[keepalive] twai_transmit() -> ESP_OK
BAT RX 0x330 [8] 02 0D 02 01 0D 47 0D 32 
BAT RX 0x329 [8] 01 00 22 9C 01 00 40 35 
BAT RX 0x323 [8] 20 0E 10 00 00 00 00 00 
BAT RX 0x324 [8] 00 01 47 50 4A 30 32 31 
BAT RX 0x322 [8] 01 14 00 E8 03 01 64 64 
BAT RX 0x320 [8] 50 41 C3 85 85 00 00 00 
BAT RX 0x319 [8] 40 0D 47 0D 32 1D 11 00 
BAT RX 0x318 [8] 0D 35 0D 33 0D 32 0D 32 
BAT RX 0x317 [8] 0D 47 0D 46 0D 45 0D 44 
BAT RX 0x316 [8] 0D 3C 0D 3C 0D 3B 0D 34 
BAT RX 0x315 [8] 0D 41 0D 41 0D 40 0D 40 
BAT RX 0x314 [8] 5B 54 5B 54 00 15 05 44 
BAT RX 0x313 [8] 15 2C 00 03 00 FE 64 63 
BAT RX 0x312 [8] 00 00 00 00 02 02 00 00 
BAT RX 0x311 [8] 02 38 00 00 08 24 01 21 
[keepalive] twai_transmit() -> ESP_OK
[157s] OK V=54.20V I=+0.3A T=25.4C SOC=100% SOH=99% | CVL=56.8V CCL=0.0A DCL=208.4A | chg=0 dis=1 fc1=0 fc2=0 | prot=0000 warn=0000 | packs=2 | inv0x305=no
BAT RX 0x330 [8] 02 0D 02 01 0D 47 0D 32 
BAT RX 0x329 [8] 02 00 1A 25 02 00 40 D1 
BAT RX 0x323 [8] 20 0E 10 00 00 00 00 00 
BAT RX 0x324 [8] 01 39 35 32 32 30 36 32 
BAT RX 0x322 [8] 01 14 00 E8 03 01 64 64 
BAT RX 0x320 [8] 50 41 C3 85 85 00 00 00 
BAT RX 0x319 [8] 40 0D 47 0D 32 1D 11 00 
BAT RX 0x318 [8] 0D 35 0D 33 0D 33 0D 32 
BAT RX 0x317 [8] 0D 47 0D 46 0D 45 0D 45 
BAT RX 0x316 [8] 0D 3C 0D 3B 0D 3B 0D 33 
BAT RX 0x315 [8] 0D 41 0D 41 0D 40 0D 40 
BAT RX 0x314 [8] 5B 54 5B 54 00 15 05 44 
BAT RX 0x313 [8] 15 2C 00 03 00 FE 64 63 
BAT RX 0x312 [8] 00 00 00 00 02 02 00 00 
BAT RX 0x311 [8] 02 38 00 00 08 24 01 21 
[keepalive] twai_transmit() -> ESP_OK
BAT RX 0x330 [8] 02 0D 02 01 0D 47 0D 32 
BAT RX 0x329 [8] 01 00 22 9C 01 00 40 35 
BAT RX 0x323 [8] 20 0E 10 00 00 00 00 00 
BAT RX 0x324 [8] 02 43 30 37 00 00 00 00 
BAT RX 0x322 [8] 01 14 00 E8 03 01 64 64 
BAT RX 0x320 [8] 50 41 C3 85 85 00 00 00 
BAT RX 0x319 [8] 40 0D 47 0D 32 1D 11 00 
BAT RX 0x318 [8] 0D 35 0D 34 0D 33 0D 32 
BAT RX 0x317 [8] 0D 47 0D 46 0D 45 0D 45 
BAT RX 0x316 [8] 0D 3C 0D 3C 0D 3B 0D 33 
BAT RX 0x315 [8] 0D 41 0D 41 0D 40 0D 40 
BAT RX 0x314 [8] 5B 54 5B 54 00 15 05 44 
BAT RX 0x313 [8] 15 2C 00 03 00 FE 64 63 
BAT RX 0x312 [8] 00 00 00 00 02 02 00 00 
BAT RX 0x311 [8] 02 38 00 00 08 24 01 21 
[keepalive] twai_transmit() -> ESP_OK
[159s] OK V=54.20V I=+0.3A T=25.4C SOC=100% SOH=99% | CVL=56.8V CCL=0.0A DCL=208.4A | chg=0 dis=1 fc1=0 fc2=0 | prot=0000 warn=0000 | packs=2 | inv0x305=no
BAT RX 0x330 [8] 02 0D 02 01 0D 47 0D 32 
BAT RX 0x329 [8] 02 00 1A 25 02 00 40 D1 
BAT RX 0x323 [8] 20 0E 10 00 00 00 00 00 
BAT RX 0x324 [8] 00 02 47 50 4A 30 32 31 
BAT RX 0x322 [8] 01 14 00 E8 03 01 64 64 
BAT RX 0x320 [8] 50 41 C3 85 85 00 00 00 
BAT RX 0x319 [8] 40 0D 47 0D 32 1D 11 00 
BAT RX 0x318 [8] 0D 35 0D 33 0D 33 0D 32 
BAT RX 0x317 [8] 0D 47 0D 46 0D 45 0D 45 
BAT RX 0x316 [8] 0D 3C 0D 3B 0D 3B 0D 33 
BAT RX 0x315 [8] 0D 41 0D 41 0D 40 0D 40 
BAT RX 0x314 [8] 5B 54 5B 54 00 15 05 44 
BAT RX 0x313 [8] 15 2C 00 00 00 FE 64 63 
BAT RX 0x312 [8] 00 00 00 00 02 02 00 00 
BAT RX 0x311 [8] 02 38 00 00 08 24 01 21 
[keepalive] twai_transmit() -> ESP_OK
BAT RX 0x330 [8] 02 0D 02 01 0D 47 0D 32 
BAT RX 0x329 [8] 01 00 22 9C 01 00 40 35 
BAT RX 0x323 [8] 20 0E 10 00 00 00 00 00 
BAT RX 0x324 [8] 01 39 35 32 32 30 36 32 
BAT RX 0x322 [8] 01 14 00 E8 03 01 64 64 
BAT RX 0x320 [8] 50 41 C3 85 85 00 00 00 
BAT RX 0x319 [8] 40 0D 47 0D 32 1D 11 00 
BAT RX 0x318 [8] 0D 35 0D 33 0D 33 0D 32 
BAT RX 0x317 [8] 0D 47 0D 45 0D 45 0D 44 
BAT RX 0x316 [8] 0D 3B 0D 3B 0D 3B 0D 33 
BAT RX 0x315 [8] 0D 41 0D 41 0D 40 0D 40 
BAT RX 0x314 [8] 5B 54 5B 54 00 15 05 44 
BAT RX 0x313 [8] 15 2C 00 00 00 FE 64 63 
BAT RX 0x312 [8] 00 00 00 00 02 02 00 00 
BAT RX 0x311 [8] 02 38 00 00 08 24 01 21 
[keepalive] twai_transmit() -> ESP_OK
[161s] OK V=54.20V I=+0.0A T=25.4C SOC=100% SOH=99% | CVL=56.8V CCL=0.0A DCL=208.4A | chg=0 dis=1 fc1=0 fc2=0 | prot=0000 warn=0000 | packs=2 | inv0x305=no
BAT RX 0x330 [8] 02 0D 02 01 0D 47 0D 32 
BAT RX 0x329 [8] 02 00 1A 25 02 00 40 D1 
BAT RX 0x323 [8] 20 0E 10 00 00 00 00 00 
BAT RX 0x324 [8] 02 42 42 37 00 00 00 00 
BAT RX 0x322 [8] 01 14 00 E8 03 01 64 64 
BAT RX 0x320 [8] 50 41 C3 85 85 00 00 00 
BAT RX 0x319 [8] 40 0D 47 0D 32 1D 11 00 
BAT RX 0x318 [8] 0D 34 0D 33 0D 33 0D 32 
BAT RX 0x317 [8] 0D 47 0D 46 0D 45 0D 45 
BAT RX 0x316 [8] 0D 3C 0D 3B 0D 3B 0D 34 
BAT RX 0x315 [8] 0D 41 0D 41 0D 40 0D 40 
BAT RX 0x314 [8] 5B 54 5B 54 00 15 05 44 
BAT RX 0x313 [8] 15 2C 00 00 00 FE 64 63 
BAT RX 0x312 [8] 00 00 00 00 02 02 00 00 
BAT RX 0x311 [8] 02 38 00 00 08 24 01 21 
[keepalive] twai_transmit() -> ESP_OK
BAT RX 0x330 [8] 02 0D 02 01 0D 47 0D 32 
BAT RX 0x329 [8] 01 00 22 9C 01 00 40 35 
BAT RX 0x323 [8] 20 0E 10 00 00 00 00 00 
BAT RX 0x324 [8] 00 01 47 50 4A 30 32 31 
BAT RX 0x322 [8] 01 14 00 E8 03 01 64 64 
BAT RX 0x320 [8] 50 41 C3 85 85 00 00 00 
BAT RX 0x319 [8] 40 0D 47 0D 32 1D 11 00 
BAT RX 0x318 [8] 0D 35 0D 33 0D 32 0D 32 
BAT RX 0x317 [8] 0D 47 0D 45 0D 45 0D 44 
BAT RX 0x316 [8] 0D 3C 0D 3B 0D 3A 0D 33 
BAT RX 0x315 [8] 0D 41 0D 41 0D 40 0D 40 
BAT RX 0x314 [8] 5B 54 5B 54 00 15 05 44 
BAT RX 0x313 [8] 15 2C 00 00 00 FE 64 63 
BAT RX 0x312 [8] 00 00 00 00 02 02 00 00 
BAT RX 0x311 [8] 02 38 00 00 08 24 01 21 
[keepalive] twai_transmit() -> ESP_OK
[163s] OK V=54.20V I=+0.0A T=25.4C SOC=100% SOH=99% | CVL=56.8V CCL=0.0A DCL=208.4A | chg=0 dis=1 fc1=0 fc2=0 | prot=0000 warn=0000 | packs=2 | inv0x305=no
BAT RX 0x330 [8] 02 0D 02 01 0D 47 0D 32 
BAT RX 0x329 [8] 02 00 1A 25 02 00 40 D1 
BAT RX 0x323 [8] 20 0E 10 00 00 00 00 00 
BAT RX 0x324 [8] 01 39 35 32 32 30 36 32 
BAT RX 0x322 [8] 01 14 00 E8 03 01 64 64 
BAT RX 0x320 [8] 50 41 C3 85 85 00 00 00 
BAT RX 0x319 [8] 40 0D 47 0D 32 1D 11 00 
BAT RX 0x318 [8] 0D 35 0D 33 0D 33 0D 32 
BAT RX 0x317 [8] 0D 47 0D 45 0D 45 0D 45 
BAT RX 0x316 [8] 0D 3B 0D 3B 0D 3B 0D 33 
BAT RX 0x315 [8] 0D 41 0D 41 0D 40 0D 40 
BAT RX 0x314 [8] 5B 54 5B 54 00 15 05 44 
BAT RX 0x313 [8] 15 2C 00 03 00 FE 64 63 
BAT RX 0x312 [8] 00 00 00 00 02 02 00 00 
BAT RX 0x311 [8] 02 38 00 00 08 24 01 21 
[keepalive] twai_transmit() -> ESP_OK

---- battery-bus rate stats (VERBOSE_STATS) ----------------------------
  1721 frames, 165 s elapsed
  ID     count   period(ms)  (min-max gap)
  0x312     115    989 (7-1000)
  0x313     115    989 (3-1000)
  0x314     115    989 (4-1000)
  0x315     115    989 (4-1000)
  0x316     115    988 (3-1000)
  0x317     115    988 (3-1000)
  0x318     115    988 (4-1000)
  0x319     115    988 (4-1000)
  0x320     115    988 (4-1000)
  0x322     115    988 (4-1000)
  0x311     115    989 (4-1000)
  0x323     114    997 (767-1000)
  0x324     114    997 (768-1000)
  0x329     114    997 (757-1000)
  0x330     114    996 (746-1000)
--------------------------------------------------------------------------

  TWAI: state=RUNNING  tx_err=0 rx_err=0  tx_failed=0  rx_missed=0 rx_overrun=0  arb_lost=0  bus_err=190881
BAT RX 0x330 [8] 02 0D 02 01 0D 47 0D 32 
BAT RX 0x329 [8] 01 00 22 9C 01 00 40 35 
BAT RX 0x323 [8] 20 0E 10 00 00 00 00 00 
BAT RX 0x324 [8] 02 43 30 37 00 00 00 00 
BAT RX 0x322 [8] 01 14 00 E8 03 01 64 64 
BAT RX 0x320 [8] 50 41 C3 85 85 00 00 00 
BAT RX 0x319 [8] 40 0D 47 0D 32 1D 11 00 
BAT RX 0x318 [8] 0D 34 0D 33 0D 32 0D 32 
BAT RX 0x317 [8] 0D 47 0D 45 0D 44 0D 44 
BAT RX 0x316 [8] 0D 3B 0D 3B 0D 3A 0D 33 
BAT RX 0x315 [8] 0D 41 0D 40 0D 40 0D 40 
BAT RX 0x314 [8] 5B 54 5B 54 00 15 05 44 
BAT RX 0x313 [8] 15 2C 00 03 00 FE 64 63 
BAT RX 0x312 [8] 00 00 00 00 02 02 00 00 
BAT RX 0x311 [8] 02 38 00 00 08 24 01 21 
[keepalive] twai_transmit() -> ESP_OK
[165s] OK V=54.20V I=+0.3A T=25.4C SOC=100% SOH=99% | CVL=56.8V CCL=0.0A DCL=208.4A | chg=0 dis=1 fc1=0 fc2=0 | prot=0000 warn=0000 | packs=2 | inv0x305=no
BAT RX 0x330 [8] 02 0D 02 01 0D 47 0D 31 
BAT RX 0x329 [8] 02 00 1A 25 02 00 40 D1 
BAT RX 0x323 [8] 20 0E 10 00 00 00 00 00 
BAT RX 0x324 [8] 00 02 47 50 4A 30 32 31 
BAT RX 0x322 [8] 01 14 00 E8 03 01 64 64 
BAT RX 0x320 [8] 50 41 C3 85 85 00 00 00 
BAT RX 0x319 [8] 40 0D 47 0D 31 1D 11 00 
BAT RX 0x318 [8] 0D 34 0D 33 0D 32 0D 31 
BAT RX 0x317 [8] 0D 47 0D 45 0D 45 0D 44 
BAT RX 0x316 [8] 0D 3B 0D 3B 0D 3B 0D 33 
BAT RX 0x315 [8] 0D 40 0D 40 0D 40 0D 40 
BAT RX 0x314 [8] 5B 54 5B 54 00 16 05 44 
BAT RX 0x313 [8] 15 2C 00 00 00 FE 64 63 
BAT RX 0x312 [8] 00 00 00 00 02 02 00 00 
BAT RX 0x311 [8] 02 38 00 00 08 24 01 21 
[keepalive] twai_transmit() -> ESP_OK
BAT RX 0x330 [8] 02 0D 02 01 0D 47 0D 32 
BAT RX 0x329 [8] 01 00 22 9C 01 00 40 35 
BAT RX 0x323 [8] 20 0E 10 00 00 00 00 00 
BAT RX 0x324 [8] 01 39 35 32 32 30 36 32 
BAT RX 0x322 [8] 01 14 00 E8 03 01 64 64 
BAT RX 0x320 [8] 50 41 C3 85 85 00 00 00 
BAT RX 0x319 [8] 40 0D 47 0D 32 1D 11 00 
BAT RX 0x318 [8] 0D 34 0D 33 0D 32 0D 32 
BAT RX 0x317 [8] 0D 47 0D 46 0D 44 0D 44 
BAT RX 0x316 [8] 0D 3C 0D 3B 0D 3A 0D 33 
BAT RX 0x315 [8] 0D 40 0D 40 0D 40 0D 40 
BAT RX 0x314 [8] 5B 54 5B 54 00 15 05 44 
BAT RX 0x313 [8] 15 2C 00 03 00 FE 64 63 
BAT RX 0x312 [8] 00 00 00 00 02 02 00 00 
BAT RX 0x311 [8] 02 38 00 00 08 24 01 21 
[keepalive] twai_transmit() -> ESP_OK
[167s] OK V=54.20V I=+0.3A T=25.4C SOC=100% SOH=99% | CVL=56.8V CCL=0.0A DCL=208.4A | chg=0 dis=1 fc1=0 fc2=0 | prot=0000 warn=0000 | packs=2 | inv0x305=no
BAT RX 0x330 [8] 02 0D 02 01 0D 47 0D 31 
BAT RX 0x329 [8] 02 00 1A 25 02 00 40 D1 
BAT RX 0x323 [8] 20 0E 10 00 00 00 00 00 
BAT RX 0x324 [8] 02 42 42 37 00 00 00 00 
BAT RX 0x322 [8] 01 14 00 E8 03 01 64 64 
BAT RX 0x320 [8] 50 41 C3 85 85 00 00 00 
BAT RX 0x319 [8] 40 0D 47 0D 31 1D 11 00 
BAT RX 0x318 [8] 0D 35 0D 33 0D 32 0D 31 
BAT RX 0x317 [8] 0D 47 0D 45 0D 44 0D 44 
BAT RX 0x316 [8] 0D 3B 0D 3B 0D 3A 0D 33 
BAT RX 0x315 [8] 0D 40 0D 40 0D 40 0D 40 
BAT RX 0x314 [8] 5B 54 5B 54 00 16 05 44 
BAT RX 0x313 [8] 15 2C 00 03 00 FE 64 63 
BAT RX 0x312 [8] 00 00 00 00 02 02 00 00 
BAT RX 0x311 [8] 02 38 00 00 08 24 01 21 
[keepalive] twai_transmit() -> ESP_OK
BAT RX 0x330 [8] 02 0D 02 01 0D 46 0D 32 
BAT RX 0x329 [8] 01 00 22 9C 01 00 40 35 
BAT RX 0x323 [8] 20 0E 10 00 00 00 00 00 
BAT RX 0x324 [8] 00 01 47 50 4A 30 32 31 
BAT RX 0x322 [8] 01 14 00 E8 03 01 64 64 
BAT RX 0x320 [8] 50 41 C3 85 85 00 00 00 
BAT RX 0x319 [8] 40 0D 46 0D 32 1D 11 00 
BAT RX 0x318 [8] 0D 34 0D 33 0D 32 0D 32 
BAT RX 0x317 [8] 0D 46 0D 45 0D 44 0D 44 
BAT RX 0x316 [8] 0D 3B 0D 3B 0D 3B 0D 33 
BAT RX 0x315 [8] 0D 41 0D 40 0D 40 0D 40 
BAT RX 0x314 [8] 5B 54 5B 54 00 14 05 44 
BAT RX 0x313 [8] 15 2C 00 00 00 FE 64 63 
BAT RX 0x312 [8] 00 00 00 00 02 02 00 00 
BAT RX 0x311 [8] 02 38 00 00 08 24 01 21 
[keepalive] twai_transmit() -> ESP_OK
[169s] OK V=54.20V I=+0.0A T=25.4C SOC=100% SOH=99% | CVL=56.8V CCL=0.0A DCL=208.4A | chg=0 dis=1 fc1=0 fc2=0 | prot=0000 warn=0000 | packs=2 | inv0x305=no
BAT RX 0x330 [8] 02 0D 02 01 0D 47 0D 31 
BAT RX 0x329 [8] 02 00 1A 25 02 00 40 D1 
BAT RX 0x323 [8] 20 0E 10 00 00 00 00 00 
BAT RX 0x324 [8] 01 39 35 32 32 30 36 32 
BAT RX 0x322 [8] 01 14 00 E8 03 01 64 64 
BAT RX 0x320 [8] 50 41 C3 85 85 00 00 00 
BAT RX 0x319 [8] 40 0D 47 0D 31 1D 11 00 
BAT RX 0x318 [8] 0D 34 0D 33 0D 32 0D 31 
BAT RX 0x317 [8] 0D 47 0D 45 0D 44 0D 44 
BAT RX 0x316 [8] 0D 3B 0D 3B 0D 3A 0D 33 
BAT RX 0x315 [8] 0D 41 0D 40 0D 40 0D 40 
BAT RX 0x314 [8] 5B 54 5B 54 00 16 05 44 
BAT RX 0x313 [8] 15 2C 00 00 00 FE 64 63 
BAT RX 0x312 [8] 00 00 00 00 02 02 00 00 
BAT RX 0x311 [8] 02 38 00 00 08 24 01 21 
[keepalive] twai_transmit() -> ESP_OK
BAT RX 0x330 [8] 02 0D 02 01 0D 47 0D 31 
BAT RX 0x329 [8] 01 00 22 9C 01 00 40 35 
BAT RX 0x323 [8] 20 0E 10 00 00 00 00 00 
BAT RX 0x324 [8] 02 43 30 37 00 00 00 00 
BAT RX 0x322 [8] 01 14 00 E8 03 01 64 64 
BAT RX 0x320 [8] 50 41 C3 85 85 00 00 00 
BAT RX 0x319 [8] 40 0D 47 0D 31 1D 11 00 
BAT RX 0x318 [8] 0D 34 0D 33 0D 32 0D 31 
BAT RX 0x317 [8] 0D 47 0D 45 0D 44 0D 44 
BAT RX 0x316 [8] 0D 3B 0D 3B 0D 3B 0D 33 
BAT RX 0x315 [8] 0D 41 0D 40 0D 40 0D 40 
BAT RX 0x314 [8] 5B 54 5B 54 00 16 05 44 
BAT RX 0x313 [8] 15 2C 00 03 00 FE 64 63 
BAT RX 0x312 [8] 00 00 00 00 02 02 00 00 
BAT RX 0x311 [8] 02 38 00 00 08 24 01 21 
[keepalive] twai_transmit() -> ESP_OK
[171s] OK V=54.20V I=+0.3A T=25.4C SOC=100% SOH=99% | CVL=56.8V CCL=0.0A DCL=208.4A | chg=0 dis=1 fc1=0 fc2=0 | prot=0000 warn=0000 | packs=2 | inv0x305=no
BAT RX 0x330 [8] 02 0D 02 01 0D 47 0D 31 
BAT RX 0x329 [8] 02 00 1A 25 02 00 40 D1 
BAT RX 0x323 [8] 20 0E 10 00 00 00 00 00 
BAT RX 0x324 [8] 00 02 47 50 4A 30 32 31 
BAT RX 0x322 [8] 01 14 00 E8 03 01 64 64 
BAT RX 0x320 [8] 50 41 C3 85 85 00 00 00 
BAT RX 0x319 [8] 40 0D 47 0D 31 1D 11 00 
BAT RX 0x318 [8] 0D 34 0D 33 0D 32 0D 31 
BAT RX 0x317 [8] 0D 47 0D 45 0D 44 0D 44 
BAT RX 0x316 [8] 0D 3B 0D 3B 0D 3A 0D 33 
BAT RX 0x315 [8] 0D 41 0D 40 0D 40 0D 40 
BAT RX 0x314 [8] 5B 54 5B 54 00 16 05 44 
BAT RX 0x313 [8] 15 2C 00 00 00 FE 64 63 
BAT RX 0x312 [8] 00 00 00 00 02 02 00 00 
BAT RX 0x311 [8] 02 38 00 00 08 24 01 21 
[keepalive] twai_transmit() -> ESP_OK
BAT RX 0x330 [8] 02 0D 02 01 0D 47 0D 31 
BAT RX 0x329 [8] 01 00 22 9C 01 00 40 35 
BAT RX 0x323 [8] 20 0E 10 00 00 00 00 00 
BAT RX 0x324 [8] 01 39 35 32 32 30 36 32 
BAT RX 0x322 [8] 01 14 00 E8 03 01 64 64 
BAT RX 0x320 [8] 50 41 C3 85 85 00 00 00 
BAT RX 0x319 [8] 40 0D 47 0D 31 1D 11 00 
BAT RX 0x318 [8] 0D 34 0D 32 0D 32 0D 31 
BAT RX 0x317 [8] 0D 47 0D 45 0D 44 0D 44 
BAT RX 0x316 [8] 0D 3B 0D 3B 0D 3A 0D 33 
BAT RX 0x315 [8] 0D 40 0D 40 0D 40 0D 40 
BAT RX 0x314 [8] 5B 54 5B 54 00 16 05 44 
BAT RX 0x313 [8] 15 2C 00 03 00 FE 64 63 
BAT RX 0x312 [8] 00 00 00 00 02 02 00 00 
BAT RX 0x311 [8] 02 38 00 00 08 24 01 21 
[keepalive] twai_transmit() -> ESP_OK
[173s] OK V=54.20V I=+0.3A T=25.4C SOC=100% SOH=99% | CVL=56.8V CCL=0.0A DCL=208.4A | chg=0 dis=1 fc1=0 fc2=0 | prot=0000 warn=0000 | packs=2 | inv0x305=no
BAT RX 0x330 [8] 02 0D 02 01 0D 46 0D 31 
BAT RX 0x329 [8] 02 00 1A 25 02 00 40 D1 
BAT RX 0x323 [8] 20 0E 10 00 00 00 00 00 
BAT RX 0x324 [8] 02 42 42 37 00 00 00 00 
BAT RX 0x322 [8] 01 14 00 E8 03 01 64 64 
BAT RX 0x320 [8] 50 41 C3 85 85 00 00 00 
BAT RX 0x319 [8] 40 0D 46 0D 31 1D 11 00 
BAT RX 0x318 [8] 0D 34 0D 33 0D 32 0D 31 
BAT RX 0x317 [8] 0D 46 0D 45 0D 44 0D 44 
BAT RX 0x316 [8] 0D 3B 0D 3B 0D 3A 0D 33 
BAT RX 0x315 [8] 0D 40 0D 40 0D 40 0D 40 
BAT RX 0x314 [8] 5B 54 5B 54 00 15 05 44 
BAT RX 0x313 [8] 15 2C 00 03 00 FE 64 63 
BAT RX 0x312 [8] 00 00 00 00 02 02 00 00 
BAT RX 0x311 [8] 02 38 00 00 08 24 01 21 
[keepalive] twai_transmit() -> ESP_OK
BAT RX 0x330 [8] 02 0D 02 01 0D 46 0D 31 
BAT RX 0x329 [8] 01 00 22 9C 01 00 40 35 
BAT RX 0x323 [8] 20 0E 10 00 00 00 00 00 
BAT RX 0x324 [8] 00 01 47 50 4A 30 32 31 
BAT RX 0x322 [8] 01 14 00 E8 03 01 64 64 
BAT RX 0x320 [8] 50 41 C3 85 85 00 00 00 
BAT RX 0x319 [8] 40 0D 46 0D 31 1D 11 00 
BAT RX 0x318 [8] 0D 34 0D 32 0D 32 0D 31 
BAT RX 0x317 [8] 0D 46 0D 45 0D 44 0D 44 
BAT RX 0x316 [8] 0D 3B 0D 3B 0D 3A 0D 32 
BAT RX 0x315 [8] 0D 40 0D 40 0D 40 0D 40 
BAT RX 0x314 [8] 5B 54 5B 54 00 15 05 44 
BAT RX 0x313 [8] 15 2C 00 03 00 FE 64 63 
BAT RX 0x312 [8] 00 00 00 00 02 02 00 00 
BAT RX 0x311 [8] 02 38 00 00 08 24 01 21 
[keepalive] twai_transmit() -> ESP_OK
[175s] OK V=54.20V I=+0.3A T=25.4C SOC=100% SOH=99% | CVL=56.8V CCL=0.0A DCL=208.4A | chg=0 dis=1 fc1=0 fc2=0 | prot=0000 warn=0000 | packs=2 | inv0x305=no
BAT RX 0x330 [8] 02 0D 02 01 0D 46 0D 31 
BAT RX 0x329 [8] 02 00 1A 25 02 00 40 D1 
BAT RX 0x323 [8] 20 0E 10 00 00 00 00 00 
BAT RX 0x324 [8] 01 39 35 32 32 30 36 32 
BAT RX 0x322 [8] 01 14 00 E8 03 01 64 64 
BAT RX 0x320 [8] 50 41 C3 85 85 00 00 00 
BAT RX 0x319 [8] 40 0D 46 0D 31 1D 11 00 
BAT RX 0x318 [8] 0D 34 0D 33 0D 32 0D 31 
BAT RX 0x317 [8] 0D 46 0D 45 0D 44 0D 44 
BAT RX 0x316 [8] 0D 3B 0D 3B 0D 3A 0D 33 
BAT RX 0x315 [8] 0D 40 0D 40 0D 40 0D 40 
BAT RX 0x314 [8] 5B 54 5B 54 00 15 05 44 
BAT RX 0x313 [8] 15 2C 00 00 00 FE 64 63 
BAT RX 0x312 [8] 00 00 00 00 02 02 00 00 
BAT RX 0x311 [8] 02 38 00 00 08 24 01 21 
[keepalive] twai_transmit() -> ESP_OK
BAT RX 0x330 [8] 02 0D 02 01 0D 46 0D 31 
BAT RX 0x329 [8] 01 00 22 9C 01 00 40 35 
BAT RX 0x323 [8] 20 0E 10 00 00 00 00 00 
BAT RX 0x324 [8] 02 43 30 37 00 00 00 00 
BAT RX 0x322 [8] 01 14 00 E8 03 01 64 64 
BAT RX 0x320 [8] 50 41 C3 85 85 00 00 00 
BAT RX 0x319 [8] 40 0D 46 0D 31 1D 11 00 
BAT RX 0x318 [8] 0D 34 0D 33 0D 32 0D 31 
BAT RX 0x317 [8] 0D 46 0D 45 0D 44 0D 44 
BAT RX 0x316 [8] 0D 3B 0D 3B 0D 3A 0D 33 
BAT RX 0x315 [8] 0D 40 0D 40 0D 40 0D 40 
BAT RX 0x314 [8] 5B 54 5B 54 00 15 05 44 
BAT RX 0x313 [8] 15 2C 00 00 00 FE 64 63 
BAT RX 0x312 [8] 00 00 00 00 02 02 00 00 
BAT RX 0x311 [8] 02 38 00 00 08 24 01 21 
[keepalive] twai_transmit() -> ESP_OK
[177s] OK V=54.20V I=+0.0A T=25.4C SOC=100% SOH=99% | CVL=56.8V CCL=0.0A DCL=208.4A | chg=0 dis=1 fc1=0 fc2=0 | prot=0000 warn=0000 | packs=2 | inv0x305=no
BAT RX 0x330 [8] 02 0D 02 01 0D 46 0D 31 
BAT RX 0x329 [8] 02 00 1A 25 02 00 40 D1 
BAT RX 0x323 [8] 20 0E 10 00 00 00 00 00 
BAT RX 0x324 [8] 00 02 47 50 4A 30 32 31 
BAT RX 0x322 [8] 01 14 00 E8 03 01 64 64 
BAT RX 0x320 [8] 50 41 C3 85 85 00 00 00 
BAT RX 0x319 [8] 40 0D 46 0D 31 1D 11 00 
BAT RX 0x318 [8] 0D 34 0D 33 0D 32 0D 31 
BAT RX 0x317 [8] 0D 46 0D 45 0D 44 0D 44 
BAT RX 0x316 [8] 0D 3B 0D 3B 0D 3A 0D 33 
BAT RX 0x315 [8] 0D 40 0D 40 0D 40 0D 3F 
BAT RX 0x314 [8] 5B 54 5B 54 00 15 05 44 
BAT RX 0x313 [8] 15 2C 00 00 00 FE 64 63 
BAT RX 0x312 [8] 00 00 00 00 02 02 00 00 
BAT RX 0x311 [8] 02 38 00 00 08 24 01 21 
[keepalive] twai_transmit() -> ESP_OK
BAT RX 0x330 [8] 02 0D 02 01 0D 46 0D 31 
BAT RX 0x329 [8] 01 00 22 9C 01 00 40 35 
BAT RX 0x323 [8] 20 0E 10 00 00 00 00 00 
BAT RX 0x324 [8] 01 39 35 32 32 30 36 32 
BAT RX 0x322 [8] 01 14 00 E8 03 01 64 64 
BAT RX 0x320 [8] 50 41 C3 85 85 00 00 00 
BAT RX 0x319 [8] 40 0D 46 0D 31 1D 11 00 
BAT RX 0x318 [8] 0D 34 0D 33 0D 32 0D 31 
BAT RX 0x317 [8] 0D 46 0D 45 0D 44 0D 44 
BAT RX 0x316 [8] 0D 3B 0D 3B 0D 3A 0D 32 
BAT RX 0x315 [8] 0D 40 0D 40 0D 40 0D 40 
BAT RX 0x314 [8] 5B 54 5B 54 00 15 05 44 
BAT RX 0x313 [8] 15 2C 00 00 00 FE 64 63 
BAT RX 0x312 [8] 00 00 00 00 02 02 00 00 
BAT RX 0x311 [8] 02 38 00 00 08 24 01 21 
[keepalive] twai_transmit() -> ESP_OK
[179s] OK V=54.20V I=+0.0A T=25.4C SOC=100% SOH=99% | CVL=56.8V CCL=0.0A DCL=208.4A | chg=0 dis=1 fc1=0 fc2=0 | prot=0000 warn=0000 | packs=2 | inv0x305=no

---- battery-bus rate stats (VERBOSE_STATS) ----------------------------
  1946 frames, 180 s elapsed
  ID     count   period(ms)  (min-max gap)
  0x312     130    990 (7-1000)
  0x313     130    990 (3-1000)
  0x314     130    990 (4-1000)
  0x315     130    990 (4-1000)
  0x316     130    990 (3-1000)
  0x317     130    990 (3-1000)
  0x318     130    989 (4-1000)
  0x319     130    989 (4-1000)
  0x320     130    989 (4-1000)
  0x322     130    989 (4-1000)
  0x311     130    990 (4-1000)
  0x323     129    997 (767-1000)
  0x324     129    997 (768-1000)
  0x329     129    997 (757-1000)
  0x330     129    997 (746-1000)
--------------------------------------------------------------------------

  TWAI: state=RUNNING  tx_err=0 rx_err=0  tx_failed=0  rx_missed=0 rx_overrun=0  arb_lost=0  bus_err=190881
BAT RX 0x330 [8] 02 0D 02 01 0D 46 0D 31 
BAT RX 0x329 [8] 02 00 1A 25 02 00 40 D1 
BAT RX 0x323 [8] 20 0E 10 00 00 00 00 00 
BAT RX 0x324 [8] 02 42 42 37 00 00 00 00 
BAT RX 0x322 [8] 01 14 00 E8 03 01 64 64 
BAT RX 0x320 [8] 50 41 C3 85 85 00 00 00 
BAT RX 0x319 [8] 40 0D 46 0D 31 1D 11 00 
BAT RX 0x318 [8] 0D 34 0D 32 0D 32 0D 31 
BAT RX 0x317 [8] 0D 46 0D 45 0D 44 0D 43 
BAT RX 0x316 [8] 0D 3B 0D 3A 0D 3A 0D 33 
BAT RX 0x315 [8] 0D 40 0D 40 0D 40 0D 3F 
BAT RX 0x314 [8] 5B 54 5B 54 00 15 05 44 
BAT RX 0x313 [8] 15 2C 00 03 00 FE 64 63 
BAT RX 0x312 [8] 00 00 00 00 02 02 00 00 
BAT RX 0x311 [8] 02 38 00 00 08 24 01 21 
[keepalive] twai_transmit() -> ESP_OK
BAT RX 0x330 [8] 02 0D 02 01 0D 46 0D 31 
BAT RX 0x329 [8] 01 00 22 9C 01 00 40 35 
BAT RX 0x323 [8] 20 0E 10 00 00 00 00 00 
BAT RX 0x324 [8] 00 01 47 50 4A 30 32 31 
BAT RX 0x322 [8] 01 14 00 E8 03 01 64 64 
BAT RX 0x320 [8] 50 41 C3 85 85 00 00 00 
BAT RX 0x319 [8] 40 0D 46 0D 31 1D 11 00 
BAT RX 0x318 [8] 0D 34 0D 32 0D 32 0D 31 
BAT RX 0x317 [8] 0D 46 0D 45 0D 44 0D 44 
BAT RX 0x316 [8] 0D 3B 0D 3A 0D 3A 0D 32 
BAT RX 0x315 [8] 0D 40 0D 40 0D 40 0D 40 
BAT RX 0x314 [8] 5B 54 5B 54 00 15 05 44 
BAT RX 0x313 [8] 15 2C 00 00 00 FE 64 63 
BAT RX 0x312 [8] 00 00 00 00 02 02 00 00 
BAT RX 0x311 [8] 02 38 00 00 08 24 01 21 
[keepalive] twai_transmit() -> ESP_OK
[181s] OK V=54.20V I=+0.0A T=25.4C SOC=100% SOH=99% | CVL=56.8V CCL=0.0A DCL=208.4A | chg=0 dis=1 fc1=0 fc2=0 | prot=0000 warn=0000 | packs=2 | inv0x305=no
BAT RX 0x330 [8] 02 0D 02 01 0D 46 0D 31 
BAT RX 0x329 [8] 02 00 1A 25 02 00 40 D1 
BAT RX 0x323 [8] 20 0E 10 00 00 00 00 00 
BAT RX 0x324 [8] 01 39 35 32 32 30 36 32 
BAT RX 0x322 [8] 01 14 00 E8 03 01 64 64 
BAT RX 0x320 [8] 50 41 C3 85 85 00 00 00 
BAT RX 0x319 [8] 40 0D 46 0D 31 1D 11 00 
BAT RX 0x318 [8] 0D 34 0D 33 0D 32 0D 31 
BAT RX 0x317 [8] 0D 46 0D 45 0D 44 0D 43 
BAT RX 0x316 [8] 0D 3B 0D 3A 0D 3A 0D 32 
BAT RX 0x315 [8] 0D 40 0D 40 0D 40 0D 40 
BAT RX 0x314 [8] 5B 54 5B 54 00 15 05 44 
BAT RX 0x313 [8] 15 2C 00 00 00 FE 64 63 
BAT RX 0x312 [8] 00 00 00 00 02 02 00 00 
BAT RX 0x311 [8] 02 38 00 00 08 24 01 21 
[keepalive] twai_transmit() -> ESP_OK
BAT RX 0x330 [8] 02 0D 02 01 0D 47 0D 31 
BAT RX 0x329 [8] 01 00 22 9C 01 00 40 35 
BAT RX 0x323 [8] 20 0E 10 00 00 00 00 00 
BAT RX 0x324 [8] 02 43 30 37 00 00 00 00 
BAT RX 0x322 [8] 01 14 00 E8 03 01 64 64 
BAT RX 0x320 [8] 50 41 C3 85 85 00 00 00 
BAT RX 0x319 [8] 40 0D 47 0D 31 1D 11 00 
BAT RX 0x318 [8] 0D 34 0D 32 0D 32 0D 31 
BAT RX 0x317 [8] 0D 47 0D 45 0D 44 0D 43 
BAT RX 0x316 [8] 0D 3B 0D 3A 0D 3A 0D 33 
BAT RX 0x315 [8] 0D 40 0D 40 0D 40 0D 3F 
BAT RX 0x314 [8] 5B 54 5B 54 00 16 05 44 
BAT RX 0x313 [8] 15 2C 00 03 00 FE 64 63 
BAT RX 0x312 [8] 00 00 00 00 02 02 00 00 
BAT RX 0x311 [8] 02 38 00 00 08 24 01 21 
[keepalive] twai_transmit() -> ESP_OK
[183s] OK V=54.20V I=+0.3A T=25.4C SOC=100% SOH=99% | CVL=56.8V CCL=0.0A DCL=208.4A | chg=0 dis=1 fc1=0 fc2=0 | prot=0000 warn=0000 | packs=2 | inv0x305=no
BAT RX 0x330 [8] 02 0D 02 01 0D 47 0D 31 
BAT RX 0x329 [8] 02 00 1A 25 02 00 40 D1 
BAT RX 0x323 [8] 20 0E 10 00 00 00 00 00 
BAT RX 0x324 [8] 00 02 47 50 4A 30 32 31 
BAT RX 0x322 [8] 01 14 00 E8 03 01 64 64 
BAT RX 0x320 [8] 50 41 C3 85 85 00 00 00 
BAT RX 0x319 [8] 40 0D 47 0D 31 1D 11 00 
BAT RX 0x318 [8] 0D 33 0D 32 0D 32 0D 31 
BAT RX 0x317 [8] 0D 47 0D 45 0D 44 0D 44 
BAT RX 0x316 [8] 0D 3B 0D 3A 0D 39 0D 32 
BAT RX 0x315 [8] 0D 40 0D 40 0D 40 0D 3F 
BAT RX 0x314 [8] 5B 54 5B 54 00 16 05 44 
BAT RX 0x313 [8] 15 2C 00 03 00 FE 64 63 
BAT RX 0x312 [8] 00 00 00 00 02 02 00 00 
BAT RX 0x311 [8] 02 38 00 00 08 24 01 21 
[keepalive] twai_transmit() -> ESP_OK
BAT RX 0x330 [8] 02 0D 02 01 0D 46 0D 31 
BAT RX 0x329 [8] 01 00 22 9C 01 00 40 35 
BAT RX 0x323 [8] 20 0E 10 00 00 00 00 00 
BAT RX 0x324 [8] 01 39 35 32 32 30 36 32 
BAT RX 0x322 [8] 01 14 00 E8 03 01 64 64 
BAT RX 0x320 [8] 50 41 C3 85 85 00 00 00 
BAT RX 0x319 [8] 40 0D 46 0D 31 1D 11 00 
BAT RX 0x318 [8] 0D 33 0D 32 0D 31 0D 31 
BAT RX 0x317 [8] 0D 46 0D 44 0D 44 0D 43 
BAT RX 0x316 [8] 0D 3B 0D 3A 0D 3A 0D 32 
BAT RX 0x315 [8] 0D 41 0D 40 0D 40 0D 40 
BAT RX 0x314 [8] 5B 54 5B 54 00 15 05 44 
BAT RX 0x313 [8] 15 2C 00 03 00 FE 64 63 
BAT RX 0x312 [8] 00 00 00 00 02 02 00 00 
BAT RX 0x311 [8] 02 38 00 00 08 24 01 21 
[keepalive] twai_transmit() -> ESP_OK
[185s] OK V=54.20V I=+0.3A T=25.4C SOC=100% SOH=99% | CVL=56.8V CCL=0.0A DCL=208.4A | chg=0 dis=1 fc1=0 fc2=0 | prot=0000 warn=0000 | packs=2 | inv0x305=no
BAT RX 0x330 [8] 02 0D 02 01 0D 47 0D 31 
BAT RX 0x329 [8] 02 00 1A 25 02 00 40 D1 
BAT RX 0x323 [8] 20 0E 10 00 00 00 00 00 
BAT RX 0x324 [8] 02 42 42 37 00 00 00 00 
BAT RX 0x322 [8] 01 14 00 E8 03 01 64 64 
BAT RX 0x320 [8] 50 41 C3 85 85 00 00 00 
BAT RX 0x319 [8] 40 0D 47 0D 31 1D 11 00 
BAT RX 0x318 [8] 0D 33 0D 32 0D 32 0D 31 
BAT RX 0x317 [8] 0D 47 0D 44 0D 44 0D 43 
BAT RX 0x316 [8] 0D 3B 0D 3A 0D 3A 0D 32 
BAT RX 0x315 [8] 0D 40 0D 3F 0D 3F 0D 3F 
BAT RX 0x314 [8] 5B 54 5B 54 00 16 05 44 
BAT RX 0x313 [8] 15 2C 00 00 00 FE 64 63 
BAT RX 0x312 [8] 00 00 00 00 02 02 00 00 
BAT RX 0x311 [8] 02 38 00 00 08 24 01 21 
[keepalive] twai_transmit() -> ESP_OK
BAT RX 0x330 [8] 02 0D 02 01 0D 46 0D 31 
BAT RX 0x329 [8] 01 00 22 9C 01 00 40 35 
BAT RX 0x323 [8] 20 0E 10 00 00 00 00 00 
BAT RX 0x324 [8] 00 01 47 50 4A 30 32 31 
BAT RX 0x322 [8] 01 14 00 E8 03 01 64 64 
BAT RX 0x320 [8] 50 41 C3 85 85 00 00 00 
BAT RX 0x319 [8] 40 0D 46 0D 31 1D 11 00 
BAT RX 0x318 [8] 0D 34 0D 32 0D 32 0D 31 
BAT RX 0x317 [8] 0D 46 0D 45 0D 43 0D 43 
BAT RX 0x316 [8] 0D 3B 0D 3A 0D 3A 0D 32 
BAT RX 0x315 [8] 0D 40 0D 40 0D 40 0D 3F 
BAT RX 0x314 [8] 5B 54 5B 54 00 15 05 44 
BAT RX 0x313 [8] 15 2C 00 03 00 FE 64 63 
BAT RX 0x312 [8] 00 00 00 00 02 02 00 00 
BAT RX 0x311 [8] 02 38 00 00 08 24 01 21 
[keepalive] twai_transmit() -> ESP_OK
[187s] OK V=54.20V I=+0.3A T=25.4C SOC=100% SOH=99% | CVL=56.8V CCL=0.0A DCL=208.4A | chg=0 dis=1 fc1=0 fc2=0 | prot=0000 warn=0000 | packs=2 | inv0x305=no
BAT RX 0x330 [8] 02 0D 02 01 0D 46 0D 31 
BAT RX 0x329 [8] 02 00 1A 25 02 00 40 D1 
BAT RX 0x323 [8] 20 0E 10 00 00 00 00 00 
BAT RX 0x324 [8] 01 39 35 32 32 30 36 32 
BAT RX 0x322 [8] 01 14 00 E8 03 01 64 64 
BAT RX 0x320 [8] 50 41 C3 85 85 00 00 00 
BAT RX 0x319 [8] 40 0D 46 0D 31 1D 11 00 
BAT RX 0x318 [8] 0D 34 0D 32 0D 31 0D 31 
BAT RX 0x317 [8] 0D 46 0D 45 0D 44 0D 43 
BAT RX 0x316 [8] 0D 3B 0D 3A 0D 3A 0D 32 
BAT RX 0x315 [8] 0D 40 0D 40 0D 40 0D 3F 
BAT RX 0x314 [8] 5B 54 5B 54 00 15 05 44 
BAT RX 0x313 [8] 15 2C 00 00 00 FE 64 63 
BAT RX 0x312 [8] 00 00 00 00 02 02 00 00 
BAT RX 0x311 [8] 02 38 00 00 08 24 01 21 
[keepalive] twai_transmit() -> ESP_OK
BAT RX 0x330 [8] 02 0D 02 01 0D 46 0D 30 
BAT RX 0x329 [8] 01 00 22 9C 01 00 40 35 
BAT RX 0x323 [8] 20 0E 10 00 00 00 00 00 
BAT RX 0x324 [8] 02 43 30 37 00 00 00 00 
BAT RX 0x322 [8] 01 14 00 E8 03 01 64 64 
BAT RX 0x320 [8] 50 41 C3 85 85 00 00 00 
BAT RX 0x319 [8] 40 0D 46 0D 30 1D 11 00 
BAT RX 0x318 [8] 0D 33 0D 32 0D 32 0D 30 
BAT RX 0x317 [8] 0D 46 0D 44 0D 44 0D 44 
BAT RX 0x316 [8] 0D 3B 0D 3A 0D 3A 0D 32 
BAT RX 0x315 [8] 0D 40 0D 40 0D 3F 0D 3F 
BAT RX 0x314 [8] 5B 54 5B 54 00 16 05 44 
BAT RX 0x313 [8] 15 2C 00 03 00 FE 64 63 
BAT RX 0x312 [8] 00 00 00 00 02 02 00 00 
BAT RX 0x311 [8] 02 38 00 00 08 24 01 21 
[keepalive] twai_transmit() -> ESP_OK
[189s] OK V=54.20V I=+0.3A T=25.4C SOC=100% SOH=99% | CVL=56.8V CCL=0.0A DCL=208.4A | chg=0 dis=1 fc1=0 fc2=0 | prot=0000 warn=0000 | packs=2 | inv0x305=no
BAT RX 0x330 [8] 02 0D 02 01 0D 46 0D 30 
BAT RX 0x329 [8] 02 00 1A 25 02 00 40 D1 
BAT RX 0x323 [8] 20 0E 10 00 00 00 00 00 
BAT RX 0x324 [8] 00 02 47 50 4A 30 32 31 
BAT RX 0x322 [8] 01 14 00 E8 03 01 64 64 
BAT RX 0x320 [8] 50 41 C3 85 85 00 00 00 
BAT RX 0x319 [8] 40 0D 46 0D 30 1D 11 00 
BAT RX 0x318 [8] 0D 33 0D 32 0D 31 0D 30 
BAT RX 0x317 [8] 0D 46 0D 44 0D 43 0D 43 
BAT RX 0x316 [8] 0D 3B 0D 3A 0D 3A 0D 32 
BAT RX 0x315 [8] 0D 40 0D 3F 0D 3F 0D 3F 
BAT RX 0x314 [8] 5B 54 5B 54 00 16 05 44 
BAT RX 0x313 [8] 15 2C 00 03 00 FE 64 63 
BAT RX 0x312 [8] 00 00 00 00 02 02 00 00 
BAT RX 0x311 [8] 02 38 00 00 08 24 01 21 
[keepalive] twai_transmit() -> ESP_OK
BAT RX 0x330 [8] 02 0D 02 01 0D 46 0D 31 
BAT RX 0x329 [8] 01 00 22 9C 01 00 40 35 
BAT RX 0x323 [8] 20 0E 10 00 00 00 00 00 
BAT RX 0x324 [8] 01 39 35 32 32 30 36 32 
BAT RX 0x322 [8] 01 14 00 E8 03 01 64 64 
BAT RX 0x320 [8] 50 41 C3 85 85 00 00 00 
BAT RX 0x319 [8] 40 0D 46 0D 31 1D 11 00 
BAT RX 0x318 [8] 0D 34 0D 32 0D 31 0D 31 
BAT RX 0x317 [8] 0D 46 0D 45 0D 43 0D 43 
BAT RX 0x316 [8] 0D 3A 0D 3A 0D 3A 0D 32 
BAT RX 0x315 [8] 0D 40 0D 3F 0D 3F 0D 3F 
BAT RX 0x314 [8] 5B 54 5B 54 00 15 05 44 
BAT RX 0x313 [8] 15 2C 00 00 00 FE 64 63 
BAT RX 0x312 [8] 00 00 00 00 02 02 00 00 
BAT RX 0x311 [8] 02 38 00 00 08 24 01 21 
[keepalive] twai_transmit() -> ESP_OK
[191s] OK V=54.20V I=+0.0A T=25.4C SOC=100% SOH=99% | CVL=56.8V CCL=0.0A DCL=208.4A | chg=0 dis=1 fc1=0 fc2=0 | prot=0000 warn=0000 | packs=2 | inv0x305=no
BAT RX 0x330 [8] 02 0D 02 01 0D 46 0D 30 
BAT RX 0x329 [8] 02 00 1A 25 02 00 40 D1 
BAT RX 0x323 [8] 20 0E 10 00 00 00 00 00 
BAT RX 0x324 [8] 02 42 42 37 00 00 00 00 
BAT RX 0x322 [8] 01 14 00 E8 03 01 64 64 
BAT RX 0x320 [8] 50 41 C3 85 85 00 00 00 
BAT RX 0x319 [8] 40 0D 46 0D 30 1D 11 00 
BAT RX 0x318 [8] 0D 33 0D 32 0D 31 0D 30 
BAT RX 0x317 [8] 0D 46 0D 44 0D 44 0D 43 
BAT RX 0x316 [8] 0D 3A 0D 3A 0D 39 0D 32 
BAT RX 0x315 [8] 0D 40 0D 3F 0D 3F 0D 3F 
BAT RX 0x314 [8] 5B 54 5B 54 00 16 05 44 
BAT RX 0x313 [8] 15 2C 00 03 00 FE 64 63 
BAT RX 0x312 [8] 00 00 00 00 02 02 00 00 
BAT RX 0x311 [8] 02 38 00 00 08 24 01 21 
[keepalive] twai_transmit() -> ESP_OK
BAT RX 0x330 [8] 02 0D 02 01 0D 46 0D 30 
BAT RX 0x329 [8] 01 00 22 9C 01 00 40 35 
BAT RX 0x323 [8] 20 0E 10 00 00 00 00 00 
BAT RX 0x324 [8] 00 01 47 50 4A 30 32 31 
BAT RX 0x322 [8] 01 14 00 E8 03 01 64 64 
BAT RX 0x320 [8] 50 41 C3 85 85 00 00 00 
BAT RX 0x319 [8] 40 0D 46 0D 30 1D 11 00 
BAT RX 0x318 [8] 0D 33 0D 32 0D 31 0D 30 
BAT RX 0x317 [8] 0D 46 0D 44 0D 44 0D 43 
BAT RX 0x316 [8] 0D 3A 0D 3A 0D 3A 0D 32 
BAT RX 0x315 [8] 0D 40 0D 40 0D 3F 0D 3F 
BAT RX 0x314 [8] 5B 54 5B 54 00 16 05 44 
BAT RX 0x313 [8] 15 2C 00 03 00 FE 64 63 
BAT RX 0x312 [8] 00 00 00 00 02 02 00 00 
BAT RX 0x311 [8] 02 38 00 00 08 24 01 21 
[keepalive] twai_transmit() -> ESP_OK
[193s] OK V=54.20V I=+0.3A T=25.4C SOC=100% SOH=99% | CVL=56.8V CCL=0.0A DCL=208.4A | chg=0 dis=1 fc1=0 fc2=0 | prot=0000 warn=0000 | packs=2 | inv0x305=no
BAT RX 0x330 [8] 02 0D 02 01 0D 46 0D 30 
BAT RX 0x329 [8] 02 00 1A 25 02 00 40 D1 
BAT RX 0x323 [8] 20 0E 10 00 00 00 00 00 
BAT RX 0x324 [8] 01 39 35 32 32 30 36 32 
BAT RX 0x322 [8] 01 14 00 E8 03 01 64 64 
BAT RX 0x320 [8] 50 41 C3 85 85 00 00 00 
BAT RX 0x319 [8] 40 0D 46 0D 30 1D 11 00 
BAT RX 0x318 [8] 0D 33 0D 32 0D 31 0D 30 
BAT RX 0x317 [8] 0D 46 0D 44 0D 43 0D 43 
BAT RX 0x316 [8] 0D 3A 0D 3A 0D 3A 0D 32 
BAT RX 0x315 [8] 0D 3F 0D 3F 0D 3F 0D 3F 
BAT RX 0x314 [8] 5B 54 5B 54 00 16 05 44 
BAT RX 0x313 [8] 15 2C 00 03 00 FE 64 63 
BAT RX 0x312 [8] 00 00 00 00 02 02 00 00 
BAT RX 0x311 [8] 02 38 00 00 08 24 01 21 
[keepalive] twai_transmit() -> ESP_OK

---- battery-bus rate stats (VERBOSE_STATS) ----------------------------
  2171 frames, 195 s elapsed
  ID     count   period(ms)  (min-max gap)
  0x312     145    991 (7-1000)
  0x313     145    991 (3-1000)
  0x314     145    991 (4-1000)
  0x315     145    991 (4-1000)
  0x316     145    991 (3-1000)
  0x317     145    990 (3-1000)
  0x318     145    990 (4-1000)
  0x319     145    990 (4-1000)
  0x320     145    990 (4-1000)
  0x322     145    990 (4-1000)
  0x311     145    991 (4-1000)
  0x323     144    997 (767-1000)
  0x324     144    997 (768-1000)
  0x329     144    997 (757-1000)
  0x330     144    997 (746-1000)
--------------------------------------------------------------------------

  TWAI: state=RUNNING  tx_err=0 rx_err=0  tx_failed=0  rx_missed=0 rx_overrun=0  arb_lost=0  bus_err=190881
BAT RX 0x330 [8] 02 0D 02 01 0D 46 0D 30 
BAT RX 0x329 [8] 01 00 22 9C 01 00 40 35 
BAT RX 0x323 [8] 20 0E 10 00 00 00 00 00 
BAT RX 0x324 [8] 02 43 30 37 00 00 00 00 
BAT RX 0x322 [8] 01 14 00 E8 03 01 64 64 
BAT RX 0x320 [8] 50 41 C3 85 85 00 00 00 
BAT RX 0x319 [8] 40 0D 46 0D 30 1D 11 00 
BAT RX 0x318 [8] 0D 33 0D 32 0D 31 0D 30 
BAT RX 0x317 [8] 0D 46 0D 44 0D 43 0D 43 
BAT RX 0x316 [8] 0D 3B 0D 3A 0D 39 0D 32 
BAT RX 0x315 [8] 0D 40 0D 3F 0D 3F 0D 3E 
BAT RX 0x314 [8] 5B 54 5B 54 00 16 05 44 
BAT RX 0x313 [8] 15 2C 00 00 00 FE 64 63 
BAT RX 0x312 [8] 00 00 00 00 02 02 00 00 
BAT RX 0x311 [8] 02 38 00 00 08 24 01 21 
[keepalive] twai_transmit() -> ESP_OK
[195s] OK V=54.20V I=+0.0A T=25.4C SOC=100% SOH=99% | CVL=56.8V CCL=0.0A DCL=208.4A | chg=0 dis=1 fc1=0 fc2=0 | prot=0000 warn=0000 | packs=2 | inv0x305=no
BAT RX 0x330 [8] 02 0D 02 01 0D 46 0D 31 
BAT RX 0x329 [8] 02 00 1A 25 02 00 40 D1 
BAT RX 0x323 [8] 20 0E 10 00 00 00 00 00 
BAT RX 0x324 [8] 00 02 47 50 4A 30 32 31 
BAT RX 0x322 [8] 01 14 00 E8 03 01 64 64 
BAT RX 0x320 [8] 50 41 C3 85 85 00 00 00 
BAT RX 0x319 [8] 40 0D 46 0D 31 1D 11 00 
BAT RX 0x318 [8] 0D 34 0D 32 0D 31 0D 31 
BAT RX 0x317 [8] 0D 46 0D 44 0D 43 0D 43 
BAT RX 0x316 [8] 0D 3A 0D 3A 0D 39 0D 32 
BAT RX 0x315 [8] 0D 3F 0D 3F 0D 3F 0D 3F 
BAT RX 0x314 [8] 5B 54 5B 54 00 15 05 44 
BAT RX 0x313 [8] 15 2C 00 00 00 FE 64 63 
BAT RX 0x312 [8] 00 00 00 00 02 02 00 00 
BAT RX 0x311 [8] 02 38 00 00 08 24 01 21 
[keepalive] twai_transmit() -> ESP_OK
BAT RX 0x330 [8] 02 0D 02 01 0D 46 0D 30 
BAT RX 0x329 [8] 01 00 22 9C 01 00 40 35 
BAT RX 0x323 [8] 20 0E 10 00 00 00 00 00 
BAT RX 0x324 [8] 01 39 35 32 32 30 36 32 
BAT RX 0x322 [8] 01 14 00 E8 03 01 64 64 
BAT RX 0x320 [8] 50 41 C3 85 85 00 00 00 
BAT RX 0x319 [8] 40 0D 46 0D 30 1D 11 00 
BAT RX 0x318 [8] 0D 33 0D 32 0D 32 0D 30 
BAT RX 0x317 [8] 0D 46 0D 45 0D 43 0D 43 
BAT RX 0x316 [8] 0D 3A 0D 3A 0D 39 0D 32 
BAT RX 0x315 [8] 0D 3F 0D 3F 0D 3F 0D 3F 
BAT RX 0x314 [8] 5B 54 5B 54 00 16 05 44 
BAT RX 0x313 [8] 15 2C 00 03 00 FE 64 63 
BAT RX 0x312 [8] 00 00 00 00 02 02 00 00 
BAT RX 0x311 [8] 02 38 00 00 08 24 01 21 
[keepalive] twai_transmit() -> ESP_OK
[197s] OK V=54.20V I=+0.3A T=25.4C SOC=100% SOH=99% | CVL=56.8V CCL=0.0A DCL=208.4A | chg=0 dis=1 fc1=0 fc2=0 | prot=0000 warn=0000 | packs=2 | inv0x305=no
BAT RX 0x330 [8] 02 0D 02 01 0D 46 0D 30 
BAT RX 0x329 [8] 02 00 1A 25 02 00 40 D1 
BAT RX 0x323 [8] 20 0E 10 00 00 00 00 00 
BAT RX 0x324 [8] 02 42 42 37 00 00 00 00 
BAT RX 0x322 [8] 01 14 00 E8 03 01 64 64 
BAT RX 0x320 [8] 50 41 C3 85 85 00 00 00 
BAT RX 0x319 [8] 40 0D 46 0D 30 1D 11 00 
BAT RX 0x318 [8] 0D 33 0D 32 0D 32 0D 30 
BAT RX 0x317 [8] 0D 46 0D 44 0D 43 0D 43 
BAT RX 0x316 [8] 0D 3A 0D 3A 0D 39 0D 31 
BAT RX 0x315 [8] 0D 3F 0D 3F 0D 3F 0D 3F 
BAT RX 0x314 [8] 5B 54 5B 54 00 16 05 44 
BAT RX 0x313 [8] 15 2C 00 03 00 FE 64 63 
BAT RX 0x312 [8] 00 00 00 00 02 02 00 00 
BAT RX 0x311 [8] 02 38 00 00 08 24 01 21 
[keepalive] twai_transmit() -> ESP_OK
BAT RX 0x330 [8] 02 0D 02 01 0D 46 0D 30 
BAT RX 0x329 [8] 01 00 22 9C 01 00 40 35 
BAT RX 0x323 [8] 20 0E 10 00 00 00 00 00 
BAT RX 0x324 [8] 00 01 47 50 4A 30 32 31 
BAT RX 0x322 [8] 01 14 00 E8 03 01 64 64 
BAT RX 0x320 [8] 50 41 C3 85 85 00 00 00 
BAT RX 0x319 [8] 40 0D 46 0D 30 1D 11 00 
BAT RX 0x318 [8] 0D 33 0D 31 0D 31 0D 30 
BAT RX 0x317 [8] 0D 46 0D 44 0D 43 0D 43 
BAT RX 0x316 [8] 0D 3A 0D 3A 0D 39 0D 32 
BAT RX 0x315 [8] 0D 3F 0D 3F 0D 3F 0D 3F 
BAT RX 0x314 [8] 5B 54 5B 54 00 16 05 44 
BAT RX 0x313 [8] 15 2C 00 00 00 FE 64 63 
BAT RX 0x312 [8] 00 00 00 00 02 02 00 00 
BAT RX 0x311 [8] 02 38 00 00 08 24 01 21 
[keepalive] twai_transmit() -> ESP_OK
[199s] OK V=54.20V I=+0.0A T=25.4C SOC=100% SOH=99% | CVL=56.8V CCL=0.0A DCL=208.4A | chg=0 dis=1 fc1=0 fc2=0 | prot=0000 warn=0000 | packs=2 | inv0x305=no
BAT RX 0x330 [8] 02 0D 02 01 0D 46 0D 30 
BAT RX 0x329 [8] 02 00 1A 25 02 00 40 D1 
BAT RX 0x323 [8] 20 0E 10 00 00 00 00 00 
BAT RX 0x324 [8] 01 39 35 32 32 30 36 32 
BAT RX 0x322 [8] 01 14 00 E8 03 01 64 64 
BAT RX 0x320 [8] 50 41 C3 85 85 00 00 00 
BAT RX 0x319 [8] 40 0D 46 0D 30 1D 11 00 
BAT RX 0x318 [8] 0D 33 0D 32 0D 31 0D 30 
BAT RX 0x317 [8] 0D 46 0D 44 0D 43 0D 43 
BAT RX 0x316 [8] 0D 3A 0D 3A 0D 3A 0D 31 
BAT RX 0x315 [8] 0D 3F 0D 3F 0D 3F 0D 3F 
BAT RX 0x314 [8] 5B 54 5B 54 00 16 05 44 
BAT RX 0x313 [8] 15 2C 00 00 00 FE 64 63 
BAT RX 0x312 [8] 00 00 00 00 02 02 00 00 
BAT RX 0x311 [8] 02 38 00 00 08 24 01 21 
[keepalive] twai_transmit() -> ESP_OK
BAT RX 0x330 [8] 02 0D 02 01 0D 45 0D 30 
BAT RX 0x329 [8] 01 00 22 9C 01 00 40 35 
BAT RX 0x323 [8] 20 0E 10 00 00 00 00 00 
BAT RX 0x324 [8] 02 43 30 37 00 00 00 00 
BAT RX 0x322 [8] 01 14 00 E8 03 01 64 64 
BAT RX 0x320 [8] 50 41 C3 85 85 00 00 00 
BAT RX 0x319 [8] 40 0D 45 0D 30 1D 11 00 
BAT RX 0x318 [8] 0D 33 0D 32 0D 32 0D 30 
BAT RX 0x317 [8] 0D 45 0D 44 0D 43 0D 43 
BAT RX 0x316 [8] 0D 3A 0D 3A 0D 3A 0D 32 
BAT RX 0x315 [8] 0D 3F 0D 3F 0D 3F 0D 3F 
BAT RX 0x314 [8] 5B 54 5B 54 00 15 05 44 
BAT RX 0x313 [8] 15 2C 00 03 00 FE 64 63 
BAT RX 0x312 [8] 00 00 00 00 02 02 00 00 
BAT RX 0x311 [8] 02 38 00 00 08 24 01 21 
[keepalive] twai_transmit() -> ESP_OK
[201s] OK V=54.20V I=+0.3A T=25.4C SOC=100% SOH=99% | CVL=56.8V CCL=0.0A DCL=208.4A | chg=0 dis=1 fc1=0 fc2=0 | prot=0000 warn=0000 | packs=2 | inv0x305=no
BAT RX 0x330 [8] 02 0D 02 01 0D 46 0D 30 
BAT RX 0x329 [8] 02 00 1A 25 02 00 40 D1 
BAT RX 0x323 [8] 20 0E 10 00 00 00 00 00 
BAT RX 0x324 [8] 00 02 47 50 4A 30 32 31 
BAT RX 0x322 [8] 01 14 00 E8 03 01 64 64 
BAT RX 0x320 [8] 50 41 C3 85 85 00 00 00 
BAT RX 0x319 [8] 40 0D 46 0D 30 1D 11 00 
BAT RX 0x318 [8] 0D 33 0D 32 0D 31 0D 30 
BAT RX 0x317 [8] 0D 46 0D 44 0D 43 0D 43 
BAT RX 0x316 [8] 0D 3A 0D 3A 0D 39 0D 32 
BAT RX 0x315 [8] 0D 40 0D 3F 0D 3F 0D 3F 
BAT RX 0x314 [8] 5B 54 5B 54 00 16 05 44 
BAT RX 0x313 [8] 15 2C 00 00 00 FE 64 63 
BAT RX 0x312 [8] 00 00 00 00 02 02 00 00 
BAT RX 0x311 [8] 02 38 00 00 08 24 01 21 
[keepalive] twai_transmit() -> ESP_OK
BAT RX 0x330 [8] 02 0D 02 01 0D 46 0D 30 
BAT RX 0x329 [8] 01 00 22 9C 01 00 40 35 
BAT RX 0x323 [8] 20 0E 10 00 00 00 00 00 
BAT RX 0x324 [8] 01 39 35 32 32 30 36 32 
BAT RX 0x322 [8] 01 14 00 E8 03 01 64 64 
BAT RX 0x320 [8] 50 41 C3 85 85 00 00 00 
BAT RX 0x319 [8] 40 0D 46 0D 30 1D 11 00 
BAT RX 0x318 [8] 0D 33 0D 32 0D 31 0D 30 
BAT RX 0x317 [8] 0D 46 0D 44 0D 43 0D 43 
BAT RX 0x316 [8] 0D 3A 0D 39 0D 39 0D 32 
BAT RX 0x315 [8] 0D 3F 0D 3F 0D 3F 0D 3F 
BAT RX 0x314 [8] 5B 54 5B 54 00 16 05 44 
BAT RX 0x313 [8] 15 2C 00 00 00 FE 64 63 
BAT RX 0x312 [8] 00 00 00 00 02 02 00 00 
BAT RX 0x311 [8] 02 38 00 00 08 24 01 21 
[keepalive] twai_transmit() -> ESP_OK
[203s] OK V=54.20V I=+0.0A T=25.4C SOC=100% SOH=99% | CVL=56.8V CCL=0.0A DCL=208.4A | chg=0 dis=1 fc1=0 fc2=0 | prot=0000 warn=0000 | packs=2 | inv0x305=no
BAT RX 0x330 [8] 02 0D 02 01 0D 45 0D 30 
BAT RX 0x329 [8] 02 00 1A 25 02 00 40 D1 
BAT RX 0x323 [8] 20 0E 10 00 00 00 00 00 
BAT RX 0x324 [8] 02 42 42 37 00 00 00 00 
BAT RX 0x322 [8] 01 14 00 E8 03 01 64 64 
BAT RX 0x320 [8] 50 41 C3 85 85 00 00 00 
BAT RX 0x319 [8] 40 0D 45 0D 30 1D 11 00 
BAT RX 0x318 [8] 0D 32 0D 31 0D 31 0D 30 
BAT RX 0x317 [8] 0D 45 0D 44 0D 43 0D 43 
BAT RX 0x316 [8] 0D 3A 0D 3A 0D 39 0D 32 
BAT RX 0x315 [8] 0D 3F 0D 3F 0D 3F 0D 3E 
BAT RX 0x314 [8] 5B 54 5B 54 00 15 05 44 
BAT RX 0x313 [8] 15 2C 00 00 00 FE 64 63 
BAT RX 0x312 [8] 00 00 00 00 02 02 00 00 
BAT RX 0x311 [8] 02 38 00 00 08 24 01 21 
[keepalive] twai_transmit() -> ESP_OK
BAT RX 0x330 [8] 02 0D 02 01 0D 46 0D 30 
BAT RX 0x329 [8] 01 00 22 9C 01 00 40 35 
BAT RX 0x323 [8] 20 0E 10 00 00 00 00 00 
BAT RX 0x324 [8] 00 01 47 50 4A 30 32 31 
BAT RX 0x322 [8] 01 14 00 E8 03 01 64 64 
BAT RX 0x320 [8] 50 41 C3 85 85 00 00 00 
BAT RX 0x319 [8] 40 0D 46 0D 30 1D 11 00 
BAT RX 0x318 [8] 0D 33 0D 31 0D 31 0D 30 
BAT RX 0x317 [8] 0D 46 0D 44 0D 43 0D 43 
BAT RX 0x316 [8] 0D 3A 0D 39 0D 39 0D 32 
BAT RX 0x315 [8] 0D 3F 0D 3F 0D 3F 0D 3F 
BAT RX 0x314 [8] 5B 54 5B 54 00 16 05 44 
BAT RX 0x313 [8] 15 2C 00 03 00 FE 64 63 
BAT RX 0x312 [8] 00 00 00 00 02 02 00 00 
BAT RX 0x311 [8] 02 38 00 00 08 24 01 21 
[keepalive] twai_transmit() -> ESP_OK
[205s] OK V=54.20V I=+0.3A T=25.4C SOC=100% SOH=99% | CVL=56.8V CCL=0.0A DCL=208.4A | chg=0 dis=1 fc1=0 fc2=0 | prot=0000 warn=0000 | packs=2 | inv0x305=no
BAT RX 0x330 [8] 02 0D 02 01 0D 46 0D 30 
BAT RX 0x329 [8] 02 00 1A 25 02 00 40 D1 
BAT RX 0x323 [8] 20 0E 10 00 00 00 00 00 
BAT RX 0x324 [8] 01 39 35 32 32 30 36 32 
BAT RX 0x322 [8] 01 14 00 E8 03 01 64 64 
BAT RX 0x320 [8] 50 41 C3 85 85 00 00 00 
BAT RX 0x319 [8] 40 0D 46 0D 30 1D 11 00 
BAT RX 0x318 [8] 0D 33 0D 32 0D 31 0D 30 
BAT RX 0x317 [8] 0D 46 0D 44 0D 43 0D 42 
BAT RX 0x316 [8] 0D 3A 0D 3A 0D 39 0D 31 
BAT RX 0x315 [8] 0D 3F 0D 3F 0D 3F 0D 3E 
BAT RX 0x314 [8] 5B 54 5B 54 00 16 05 44 
BAT RX 0x313 [8] 15 2C 00 00 00 FE 64 63 
BAT RX 0x312 [8] 00 00 00 00 02 02 00 00 
BAT RX 0x311 [8] 02 38 00 00 08 24 01 21 
[keepalive] twai_transmit() -> ESP_OK
BAT RX 0x330 [8] 02 0D 02 01 0D 46 0D 30 
BAT RX 0x329 [8] 01 00 22 9C 01 00 40 35 
BAT RX 0x323 [8] 20 0E 10 00 00 00 00 00 
BAT RX 0x324 [8] 02 43 30 37 00 00 00 00 
BAT RX 0x322 [8] 01 14 00 E8 03 01 64 64 
BAT RX 0x320 [8] 50 41 C3 85 85 00 00 00 
BAT RX 0x319 [8] 40 0D 46 0D 30 1D 11 00 
BAT RX 0x318 [8] 0D 33 0D 31 0D 30 0D 30 
BAT RX 0x317 [8] 0D 46 0D 44 0D 43 0D 43 
BAT RX 0x316 [8] 0D 3A 0D 39 0D 39 0D 32 
BAT RX 0x315 [8] 0D 3F 0D 3F 0D 3F 0D 3E 
BAT RX 0x314 [8] 5B 54 5B 54 00 16 05 44 
BAT RX 0x313 [8] 15 2C 00 03 00 FE 64 63 
BAT RX 0x312 [8] 00 00 00 00 02 02 00 00 
BAT RX 0x311 [8] 02 38 00 00 08 24 01 21 
[keepalive] twai_transmit() -> ESP_OK
[207s] OK V=54.20V I=+0.3A T=25.4C SOC=100% SOH=99% | CVL=56.8V CCL=0.0A DCL=208.4A | chg=0 dis=1 fc1=0 fc2=0 | prot=0000 warn=0000 | packs=2 | inv0x305=no
BAT RX 0x330 [8] 02 0D 02 01 0D 46 0D 30 
BAT RX 0x329 [8] 02 00 1A 25 02 00 40 D1 
BAT RX 0x323 [8] 20 0E 10 00 00 00 00 00 
BAT RX 0x324 [8] 00 02 47 50 4A 30 32 31 
BAT RX 0x322 [8] 01 14 00 E8 03 01 64 64 
BAT RX 0x320 [8] 50 41 C3 85 85 00 00 00 
BAT RX 0x319 [8] 40 0D 46 0D 30 1D 11 00 
BAT RX 0x318 [8] 0D 33 0D 31 0D 31 0D 30 
BAT RX 0x317 [8] 0D 46 0D 44 0D 43 0D 42 
BAT RX 0x316 [8] 0D 3A 0D 3A 0D 39 0D 31 
BAT RX 0x315 [8] 0D 3F 0D 3F 0D 3F 0D 3E 
BAT RX 0x314 [8] 5B 54 5B 54 00 16 05 44 
BAT RX 0x313 [8] 15 2C 00 03 00 FE 64 63 
BAT RX 0x312 [8] 00 00 00 00 02 02 00 00 
BAT RX 0x311 [8] 02 38 00 00 08 24 01 21 
[keepalive] twai_transmit() -> ESP_OK
BAT RX 0x330 [8] 02 0D 02 01 0D 45 0D 30 
BAT RX 0x329 [8] 01 00 22 9C 01 00 40 35 
BAT RX 0x323 [8] 20 0E 10 00 00 00 00 00 
BAT RX 0x324 [8] 01 39 35 32 32 30 36 32 
BAT RX 0x322 [8] 01 14 00 E8 03 01 64 64 
BAT RX 0x320 [8] 50 41 C3 85 85 00 00 00 
BAT RX 0x319 [8] 40 0D 45 0D 30 1D 11 00 
BAT RX 0x318 [8] 0D 33 0D 31 0D 31 0D 30 
BAT RX 0x317 [8] 0D 45 0D 44 0D 43 0D 43 
BAT RX 0x316 [8] 0D 3B 0D 39 0D 38 0D 31 
BAT RX 0x315 [8] 0D 3F 0D 3F 0D 3F 0D 3E 
BAT RX 0x314 [8] 5B 54 5B 54 00 15 05 44 
BAT RX 0x313 [8] 15 2C 00 00 00 FE 64 63 
BAT RX 0x312 [8] 00 00 00 00 02 02 00 00 
BAT RX 0x311 [8] 02 38 00 00 08 24 01 21 
[keepalive] twai_transmit() -> ESP_OK
[209s] OK V=54.20V I=+0.0A T=25.4C SOC=100% SOH=99% | CVL=56.8V CCL=0.0A DCL=208.4A | chg=0 dis=1 fc1=0 fc2=0 | prot=0000 warn=0000 | packs=2 | inv0x305=no

---- battery-bus rate stats (VERBOSE_STATS) ----------------------------
  2396 frames, 210 s elapsed
  ID     count   period(ms)  (min-max gap)
  0x312     160    992 (7-1000)
  0x313     160    992 (3-1000)
  0x314     160    991 (4-1000)
  0x315     160    991 (4-1000)
  0x316     160    991 (3-1000)
  0x317     160    991 (3-1000)
  0x318     160    991 (4-1000)
  0x319     160    991 (4-1000)
  0x320     160    991 (4-1000)
  0x322     160    991 (4-1000)
  0x311     160    992 (4-1000)
  0x323     159    997 (767-1000)
  0x324     159    997 (768-1000)
  0x329     159    997 (757-1000)
  0x330     159    997 (746-1000)
--------------------------------------------------------------------------

  TWAI: state=RUNNING  tx_err=0 rx_err=0  tx_failed=0  rx_missed=0 rx_overrun=0  arb_lost=0  bus_err=190881
BAT RX 0x330 [8] 02 0D 02 01 0D 45 0D 30 
BAT RX 0x329 [8] 02 00 1A 25 02 00 40 D1 
BAT RX 0x323 [8] 20 0E 10 00 00 00 00 00 
BAT RX 0x324 [8] 02 42 42 37 00 00 00 00 
BAT RX 0x322 [8] 01 14 00 E8 03 01 64 64 
BAT RX 0x320 [8] 50 41 C3 85 85 00 00 00 
BAT RX 0x319 [8] 40 0D 45 0D 30 1D 11 00 
BAT RX 0x318 [8] 0D 32 0D 31 0D 30 0D 30 
BAT RX 0x317 [8] 0D 45 0D 43 0D 43 0D 43 
BAT RX 0x316 [8] 0D 39 0D 39 0D 39 0D 31 
BAT RX 0x315 [8] 0D 3F 0D 3E 0D 3E 0D 3E 
BAT RX 0x314 [8] 5B 54 5B 54 00 15 05 44 
BAT RX 0x313 [8] 15 2C 00 00 00 FE 64 63 
BAT RX 0x312 [8] 00 00 00 00 02 02 00 00 
BAT RX 0x311 [8] 02 38 00 00 08 24 01 21 
[keepalive] twai_transmit() -> ESP_OK
BAT RX 0x330 [8] 02 0D 02 01 0D 46 0D 30 
BAT RX 0x329 [8] 01 00 22 9C 01 00 40 35 
BAT RX 0x323 [8] 20 0E 10 00 00 00 00 00 
BAT RX 0x324 [8] 00 01 47 50 4A 30 32 31 
BAT RX 0x322 [8] 01 14 00 E8 03 01 64 64 
BAT RX 0x320 [8] 50 41 C3 85 85 00 00 00 
BAT RX 0x319 [8] 40 0D 46 0D 30 1D 11 00 
BAT RX 0x318 [8] 0D 32 0D 31 0D 31 0D 30 
BAT RX 0x317 [8] 0D 46 0D 43 0D 43 0D 43 
BAT RX 0x316 [8] 0D 3A 0D 3A 0D 39 0D 32 
BAT RX 0x315 [8] 0D 3F 0D 3E 0D 3E 0D 3E 
BAT RX 0x314 [8] 5B 54 5B 54 00 16 05 44 
BAT RX 0x313 [8] 15 2C 00 00 00 FE 64 63 
BAT RX 0x312 [8] 00 00 00 00 02 02 00 00 
BAT RX 0x311 [8] 02 38 00 00 08 24 01 21 
[keepalive] twai_transmit() -> ESP_OK
[211s] OK V=54.20V I=+0.0A T=25.4C SOC=100% SOH=99% | CVL=56.8V CCL=0.0A DCL=208.4A | chg=0 dis=1 fc1=0 fc2=0 | prot=0000 warn=0000 | packs=2 | inv0x305=no
BAT RX 0x330 [8] 02 0D 02 01 0D 45 0D 30 
BAT RX 0x329 [8] 02 00 1A 25 02 00 40 D1 
BAT RX 0x323 [8] 20 0E 10 00 00 00 00 00 
BAT RX 0x324 [8] 01 39 35 32 32 30 36 32 
BAT RX 0x322 [8] 01 14 00 E8 03 01 64 64 
BAT RX 0x320 [8] 50 41 C3 85 85 00 00 00 
BAT RX 0x319 [8] 40 0D 45 0D 30 1D 11 00 
BAT RX 0x318 [8] 0D 32 0D 31 0D 31 0D 30 
BAT RX 0x317 [8] 0D 45 0D 43 0D 43 0D 43 
BAT RX 0x316 [8] 0D 3A 0D 39 0D 39 0D 32 
BAT RX 0x315 [8] 0D 3F 0D 3F 0D 3E 0D 3E 
BAT RX 0x314 [8] 5B 54 5B 54 00 15 05 44 
BAT RX 0x313 [8] 15 2C 00 03 00 FE 64 63 
BAT RX 0x312 [8] 00 00 00 00 02 02 00 00 
BAT RX 0x311 [8] 02 38 00 00 08 24 01 21 
[keepalive] twai_transmit() -> ESP_OK
BAT RX 0x330 [8] 02 0D 02 01 0D 45 0D 30 
BAT RX 0x329 [8] 01 00 22 9C 01 00 40 35 
BAT RX 0x323 [8] 20 0E 10 00 00 00 00 00 
BAT RX 0x324 [8] 02 43 30 37 00 00 00 00 
BAT RX 0x322 [8] 01 14 00 E8 03 01 64 64 
BAT RX 0x320 [8] 50 41 C3 85 85 00 00 00 
BAT RX 0x319 [8] 40 0D 45 0D 30 1D 11 00 
BAT RX 0x318 [8] 0D 32 0D 31 0D 31 0D 30 
BAT RX 0x317 [8] 0D 45 0D 44 0D 43 0D 42 
BAT RX 0x316 [8] 0D 39 0D 39 0D 39 0D 31 
BAT RX 0x315 [8] 0D 3F 0D 3F 0D 3E 0D 3E 
BAT RX 0x314 [8] 5B 54 5B 54 00 15 05 44 
BAT RX 0x313 [8] 15 2C 00 03 00 FE 64 63 
BAT RX 0x312 [8] 00 00 00 00 02 02 00 00 
BAT RX 0x311 [8] 02 38 00 00 08 24 01 21 
[keepalive] twai_transmit() -> ESP_OK
[213s] OK V=54.20V I=+0.3A T=25.4C SOC=100% SOH=99% | CVL=56.8V CCL=0.0A DCL=208.4A | chg=0 dis=1 fc1=0 fc2=0 | prot=0000 warn=0000 | packs=2 | inv0x305=no
BAT RX 0x330 [8] 02 0D 02 01 0D 45 0D 30 
BAT RX 0x329 [8] 02 00 1A 25 02 00 40 D1 
BAT RX 0x323 [8] 20 0E 10 00 00 00 00 00 
BAT RX 0x324 [8] 00 02 47 50 4A 30 32 31 
BAT RX 0x322 [8] 01 14 00 E8 03 01 64 64 
BAT RX 0x320 [8] 50 41 C3 85 85 00 00 00 
BAT RX 0x319 [8] 40 0D 45 0D 30 1D 11 00 
BAT RX 0x318 [8] 0D 33 0D 31 0D 31 0D 30 
BAT RX 0x317 [8] 0D 45 0D 43 0D 43 0D 42 
BAT RX 0x316 [8] 0D 3A 0D 39 0D 38 0D 32 
BAT RX 0x315 [8] 0D 40 0D 3F 0D 3F 0D 3E 
BAT RX 0x314 [8] 5B 54 5B 54 00 15 05 44 
BAT RX 0x313 [8] 15 2C 00 03 00 FE 64 63 
BAT RX 0x312 [8] 00 00 00 00 02 02 00 00 
BAT RX 0x311 [8] 02 38 00 00 08 24 01 21 
[keepalive] twai_transmit() -> ESP_OK
BAT RX 0x330 [8] 02 0D 02 01 0D 45 0D 30 
BAT RX 0x329 [8] 01 00 22 9C 01 00 40 35 
BAT RX 0x323 [8] 20 0E 10 00 00 00 00 00 
BAT RX 0x324 [8] 01 39 35 32 32 30 36 32 
BAT RX 0x322 [8] 01 14 00 E8 03 01 64 64 
BAT RX 0x320 [8] 50 41 C3 85 85 00 00 00 
BAT RX 0x319 [8] 40 0D 45 0D 30 1D 11 00 
BAT RX 0x318 [8] 0D 33 0D 31 0D 30 0D 30 
BAT RX 0x317 [8] 0D 45 0D 44 0D 43 0D 43 
BAT RX 0x316 [8] 0D 3A 0D 39 0D 39 0D 31 
BAT RX 0x315 [8] 0D 3F 0D 3F 0D 3F 0D 3E 
BAT RX 0x314 [8] 5B 54 5B 54 00 15 05 44 
BAT RX 0x313 [8] 15 2C 00 03 00 FE 64 63 
BAT RX 0x312 [8] 00 00 00 00 02 02 00 00 
BAT RX 0x311 [8] 02 38 00 00 08 24 01 21 
[keepalive] twai_transmit() -> ESP_OK
[215s] OK V=54.20V I=+0.3A T=25.4C SOC=100% SOH=99% | CVL=56.8V CCL=0.0A DCL=208.4A | chg=0 dis=1 fc1=0 fc2=0 | prot=0000 warn=0000 | packs=2 | inv0x305=no
BAT RX 0x330 [8] 02 0D 02 01 0D 45 0D 2F 
BAT RX 0x329 [8] 02 00 1A 25 02 00 40 D1 
BAT RX 0x323 [8] 20 0E 10 00 00 00 00 00 
BAT RX 0x324 [8] 02 42 42 37 00 00 00 00 
BAT RX 0x322 [8] 01 14 00 E8 03 01 64 64 
BAT RX 0x320 [8] 50 41 C3 85 85 00 00 00 
BAT RX 0x319 [8] 40 0D 45 0D 2F 1D 11 00 
BAT RX 0x318 [8] 0D 33 0D 31 0D 30 0D 2F 
BAT RX 0x317 [8] 0D 45 0D 44 0D 42 0D 42 
BAT RX 0x316 [8] 0D 39 0D 39 0D 39 0D 32 
BAT RX 0x315 [8] 0D 3F 0D 3E 0D 3E 0D 3E 
BAT RX 0x314 [8] 5B 54 5B 54 00 16 05 44 
BAT RX 0x313 [8] 15 2C 00 03 00 FE 64 63 
BAT RX 0x312 [8] 00 00 00 00 02 02 00 00 
BAT RX 0x311 [8] 02 38 00 00 08 24 01 21 
[keepalive] twai_transmit() -> ESP_OK
BAT RX 0x330 [8] 02 0D 02 01 0D 45 0D 30 
BAT RX 0x329 [8] 01 00 22 9C 01 00 40 35 
BAT RX 0x323 [8] 20 0E 10 00 00 00 00 00 
BAT RX 0x324 [8] 00 01 47 50 4A 30 32 31 
BAT RX 0x322 [8] 01 14 00 E8 03 01 64 64 
BAT RX 0x320 [8] 50 41 C3 85 85 00 00 00 
BAT RX 0x319 [8] 40 0D 45 0D 30 1D 11 00 
BAT RX 0x318 [8] 0D 32 0D 31 0D 30 0D 30 
BAT RX 0x317 [8] 0D 45 0D 43 0D 42 0D 42 
BAT RX 0x316 [8] 0D 39 0D 39 0D 38 0D 31 
BAT RX 0x315 [8] 0D 3E 0D 3E 0D 3E 0D 3E 
BAT RX 0x314 [8] 5B 54 5B 54 00 15 05 44 
BAT RX 0x313 [8] 15 2C 00 03 00 FE 64 63 
BAT RX 0x312 [8] 00 00 00 00 02 02 00 00 
BAT RX 0x311 [8] 02 38 00 00 08 24 01 21 
[keepalive] twai_transmit() -> ESP_OK
[217s] OK V=54.20V I=+0.3A T=25.4C SOC=100% SOH=99% | CVL=56.8V CCL=0.0A DCL=208.4A | chg=0 dis=1 fc1=0 fc2=0 | prot=0000 warn=0000 | packs=2 | inv0x305=no
BAT RX 0x330 [8] 02 0D 02 01 0D 46 0D 30 
BAT RX 0x329 [8] 02 00 1A 25 02 00 40 D1 
BAT RX 0x323 [8] 20 0E 10 00 00 00 00 00 
BAT RX 0x324 [8] 01 39 35 32 32 30 36 32 
BAT RX 0x322 [8] 01 14 00 E8 03 01 64 64 
BAT RX 0x320 [8] 50 41 C3 85 85 00 00 00 
BAT RX 0x319 [8] 40 0D 46 0D 30 1D 11 00 
BAT RX 0x318 [8] 0D 32 0D 31 0D 30 0D 30 
BAT RX 0x317 [8] 0D 46 0D 43 0D 42 0D 42 
BAT RX 0x316 [8] 0D 39 0D 39 0D 38 0D 31 
BAT RX 0x315 [8] 0D 3F 0D 3F 0D 3E 0D 3E 
BAT RX 0x314 [8] 5B 54 5B 54 00 16 05 44 
BAT RX 0x313 [8] 15 22 00 03 00 FE 64 63 
BAT RX 0x312 [8] 00 00 00 00 02 02 00 00 
BAT RX 0x311 [8] 02 38 00 00 08 24 01 21 
[keepalive] twai_transmit() -> ESP_OK
BAT RX 0x330 [8] 02 04 02 01 0D 44 0D 30 
BAT RX 0x329 [8] 01 00 22 9C 01 00 40 35 
BAT RX 0x323 [8] 20 0E 10 00 00 00 00 00 
BAT RX 0x324 [8] 02 43 30 37 00 00 00 00 
BAT RX 0x322 [8] 01 14 00 E8 03 01 64 64 
BAT RX 0x320 [8] 50 41 C3 85 85 00 00 00 
BAT RX 0x319 [8] 40 0D 44 0D 30 14 11 00 
BAT RX 0x318 [8] 0D 33 0D 31 0D 30 0D 30 
BAT RX 0x317 [8] 0D 44 0D 44 0D 42 0D 42 
BAT RX 0x316 [8] 0D 39 0D 39 0D 39 0D 31 
BAT RX 0x315 [8] 0D 3F 0D 3E 0D 3E 0D 3E 
BAT RX 0x314 [8] 5B 54 5B 54 00 14 05 44 
BAT RX 0x313 [8] 15 22 00 00 00 FE 64 63 
BAT RX 0x312 [8] 00 00 00 00 02 02 00 00 
BAT RX 0x311 [8] 02 38 00 00 08 24 01 21 
[keepalive] twai_transmit() -> ESP_OK
[219s] OK V=54.10V I=+0.0A T=25.4C SOC=100% SOH=99% | CVL=56.8V CCL=0.0A DCL=208.4A | chg=0 dis=1 fc1=0 fc2=0 | prot=0000 warn=0000 | packs=2 | inv0x305=no
BAT RX 0x330 [8] 02 0D 02 01 0D 45 0D 30 
BAT RX 0x329 [8] 02 00 1A 25 02 00 40 D1 
BAT RX 0x323 [8] 20 0E 10 00 00 00 00 00 
BAT RX 0x324 [8] 00 02 47 50 4A 30 32 31 
BAT RX 0x322 [8] 01 14 00 E8 03 01 64 64 
BAT RX 0x320 [8] 50 41 C3 85 85 00 00 00 
BAT RX 0x319 [8] 40 0D 45 0D 30 1D 11 00 
BAT RX 0x318 [8] 0D 32 0D 31 0D 30 0D 30 
BAT RX 0x317 [8] 0D 45 0D 43 0D 42 0D 42 
BAT RX 0x316 [8] 0D 3A 0D 39 0D 39 0D 32 
BAT RX 0x315 [8] 0D 3F 0D 3E 0D 3E 0D 3D 
BAT RX 0x314 [8] 5B 54 5B 54 00 15 05 44 
BAT RX 0x313 [8] 15 22 00 03 00 FE 64 63 
BAT RX 0x312 [8] 00 00 00 00 02 02 00 00 
BAT RX 0x311 [8] 02 38 00 00 08 24 01 21 
[keepalive] twai_transmit() -> ESP_OK
BAT RX 0x330 [8] 02 0D 02 01 0D 45 0D 2F 
BAT RX 0x329 [8] 01 00 22 9C 01 00 40 35 
BAT RX 0x323 [8] 20 0E 10 00 00 00 00 00 
BAT RX 0x324 [8] 01 39 35 32 32 30 36 32 
BAT RX 0x322 [8] 01 14 00 E8 03 01 64 64 
BAT RX 0x320 [8] 50 41 C3 85 85 00 00 00 
BAT RX 0x319 [8] 40 0D 45 0D 2F 1D 11 00 
BAT RX 0x318 [8] 0D 32 0D 31 0D 30 0D 2F 
BAT RX 0x317 [8] 0D 45 0D 43 0D 42 0D 42 
BAT RX 0x316 [8] 0D 39 0D 39 0D 39 0D 31 
BAT RX 0x315 [8] 0D 3E 0D 3E 0D 3E 0D 3E 
BAT RX 0x314 [8] 5B 54 5B 54 00 16 05 44 
BAT RX 0x313 [8] 15 22 00 03 00 FE 64 63 
BAT RX 0x312 [8] 00 00 00 00 02 02 00 00 
BAT RX 0x311 [8] 02 38 00 00 08 24 01 21 
[keepalive] twai_transmit() -> ESP_OK
[221s] OK V=54.10V I=+0.3A T=25.4C SOC=100% SOH=99% | CVL=56.8V CCL=0.0A DCL=208.4A | chg=0 dis=1 fc1=0 fc2=0 | prot=0000 warn=0000 | packs=2 | inv0x305=no
BAT RX 0x330 [8] 02 0D 02 01 0D 45 0D 30 
BAT RX 0x329 [8] 02 00 1A 25 02 00 40 D1 
BAT RX 0x323 [8] 20 0E 10 00 00 00 00 00 
BAT RX 0x324 [8] 02 42 42 37 00 00 00 00 
BAT RX 0x322 [8] 01 14 00 E8 03 01 64 64 
BAT RX 0x320 [8] 50 41 C3 85 85 00 00 00 
BAT RX 0x319 [8] 40 0D 45 0D 30 1D 11 00 
BAT RX 0x318 [8] 0D 32 0D 31 0D 30 0D 30 
BAT RX 0x317 [8] 0D 45 0D 43 0D 42 0D 42 
BAT RX 0x316 [8] 0D 39 0D 39 0D 39 0D 31 
BAT RX 0x315 [8] 0D 3E 0D 3E 0D 3E 0D 3E 
BAT RX 0x314 [8] 5B 54 5B 54 00 15 05 44 
BAT RX 0x313 [8] 15 22 00 00 00 FE 64 63 
BAT RX 0x312 [8] 00 00 00 00 02 02 00 00 
BAT RX 0x311 [8] 02 38 00 00 08 24 01 21 
[keepalive] twai_transmit() -> ESP_OK
BAT RX 0x330 [8] 02 0D 02 01 0D 45 0D 30 
BAT RX 0x329 [8] 01 00 22 9C 01 00 40 35 
BAT RX 0x323 [8] 20 0E 10 00 00 00 00 00 
BAT RX 0x324 [8] 00 01 47 50 4A 30 32 31 
BAT RX 0x322 [8] 01 14 00 E8 03 01 64 64 
BAT RX 0x320 [8] 50 41 C3 85 85 00 00 00 
BAT RX 0x319 [8] 40 0D 45 0D 30 1D 11 00 
BAT RX 0x318 [8] 0D 32 0D 31 0D 30 0D 30 
BAT RX 0x317 [8] 0D 45 0D 43 0D 42 0D 42 
BAT RX 0x316 [8] 0D 39 0D 39 0D 38 0D 31 
BAT RX 0x315 [8] 0D 3E 0D 3E 0D 3E 0D 3E 
BAT RX 0x314 [8] 5B 54 5B 54 00 15 05 44 
BAT RX 0x313 [8] 15 22 00 00 00 FE 64 63 
BAT RX 0x312 [8] 00 00 00 00 02 02 00 00 
BAT RX 0x311 [8] 02 38 00 00 08 24 01 21 
[keepalive] twai_transmit() -> ESP_OK
[223s] OK V=54.10V I=+0.0A T=25.4C SOC=100% SOH=99% | CVL=56.8V CCL=0.0A DCL=208.4A | chg=0 dis=1 fc1=0 fc2=0 | prot=0000 warn=0000 | packs=2 | inv0x305=no
BAT RX 0x330 [8] 02 0D 02 01 0D 44 0D 2F 
BAT RX 0x329 [8] 02 00 1A 25 02 00 40 D1 
BAT RX 0x323 [8] 20 0E 10 00 00 00 00 00 
BAT RX 0x324 [8] 01 39 35 32 32 30 36 32 
BAT RX 0x322 [8] 01 14 00 E8 03 01 64 64 
BAT RX 0x320 [8] 50 41 C3 85 85 00 00 00 
BAT RX 0x319 [8] 40 0D 44 0D 2F 1D 11 00 
BAT RX 0x318 [8] 0D 32 0D 31 0D 30 0D 2F 
BAT RX 0x317 [8] 0D 44 0D 43 0D 42 0D 42 
BAT RX 0x316 [8] 0D 39 0D 39 0D 39 0D 31 
BAT RX 0x315 [8] 0D 3E 0D 3E 0D 3E 0D 3E 
BAT RX 0x314 [8] 5B 54 5B 54 00 15 05 44 
BAT RX 0x313 [8] 15 22 00 00 00 FE 64 63 
BAT RX 0x312 [8] 00 00 00 00 02 02 00 00 
BAT RX 0x311 [8] 02 38 00 00 08 24 01 21 
[keepalive] twai_transmit() -> ESP_OK

---- battery-bus rate stats (VERBOSE_STATS) ----------------------------
  2621 frames, 225 s elapsed
  ID     count   period(ms)  (min-max gap)
  0x312     175    992 (7-1000)
  0x313     175    992 (3-1000)
  0x314     175    992 (4-1000)
  0x315     175    992 (4-1000)
  0x316     175    992 (3-1000)
  0x317     175    992 (3-1000)
  0x318     175    992 (4-1000)
  0x319     175    992 (4-1000)
  0x320     175    992 (4-1000)
  0x322     175    992 (4-1000)
  0x311     175    992 (4-1000)
  0x323     174    997 (767-1000)
  0x324     174    997 (768-1000)
  0x329     174    997 (757-1000)
  0x330     174    997 (746-1000)
--------------------------------------------------------------------------

  TWAI: state=RUNNING  tx_err=0 rx_err=0  tx_failed=0  rx_missed=0 rx_overrun=0  arb_lost=0  bus_err=190881
BAT RX 0x330 [8] 02 0D 02 01 0D 45 0D 30 
BAT RX 0x329 [8] 01 00 22 9C 01 00 40 35 
BAT RX 0x323 [8] 20 0E 10 00 00 00 00 00 
BAT RX 0x324 [8] 02 43 30 37 00 00 00 00 
BAT RX 0x322 [8] 01 14 00 E8 03 01 64 64 
BAT RX 0x320 [8] 50 41 C3 85 85 00 00 00 
BAT RX 0x319 [8] 40 0D 45 0D 30 1D 11 00 
BAT RX 0x318 [8] 0D 32 0D 30 0D 30 0D 30 
BAT RX 0x317 [8] 0D 45 0D 43 0D 42 0D 42 
BAT RX 0x316 [8] 0D 39 0D 39 0D 38 0D 31 
BAT RX 0x315 [8] 0D 3E 0D 3E 0D 3E 0D 3E 
BAT RX 0x314 [8] 5B 54 5B 54 00 15 05 44 
BAT RX 0x313 [8] 15 22 00 00 00 FE 64 63 
BAT RX 0x312 [8] 00 00 00 00 02 02 00 00 
BAT RX 0x311 [8] 02 38 00 00 08 24 01 21 
[keepalive] twai_transmit() -> ESP_OK
[225s] OK V=54.10V I=+0.0A T=25.4C SOC=100% SOH=99% | CVL=56.8V CCL=0.0A DCL=208.4A | chg=0 dis=1 fc1=0 fc2=0 | prot=0000 warn=0000 | packs=2 | inv0x305=no
BAT RX 0x330 [8] 02 0D 02 01 0D 45 0D 30 
BAT RX 0x329 [8] 02 00 1A 25 02 00 40 D1 
BAT RX 0x323 [8] 20 0E 10 00 00 00 00 00 
BAT RX 0x324 [8] 00 02 47 50 4A 30 32 31 
BAT RX 0x322 [8] 01 14 00 E8 03 01 64 64 
BAT RX 0x320 [8] 50 41 C3 85 85 00 00 00 
BAT RX 0x319 [8] 40 0D 45 0D 30 1D 11 00 
BAT RX 0x318 [8] 0D 32 0D 30 0D 30 0D 30 
BAT RX 0x317 [8] 0D 45 0D 43 0D 42 0D 42 
BAT RX 0x316 [8] 0D 39 0D 39 0D 39 0D 31 
BAT RX 0x315 [8] 0D 3E 0D 3E 0D 3E 0D 3E 
BAT RX 0x314 [8] 5B 54 5B 54 00 15 05 44 
BAT RX 0x313 [8] 15 22 00 03 00 FE 64 63 
BAT RX 0x312 [8] 00 00 00 00 02 02 00 00 
BAT RX 0x311 [8] 02 38 00 00 08 24 01 21 
[keepalive] twai_transmit() -> ESP_OK
BAT RX 0x330 [8] 02 0D 02 01 0D 44 0D 2F 
BAT RX 0x329 [8] 01 00 22 9C 01 00 40 35 
BAT RX 0x323 [8] 20 0E 10 00 00 00 00 00 
BAT RX 0x324 [8] 01 39 35 32 32 30 36 32 
BAT RX 0x322 [8] 01 14 00 E8 03 01 64 64 
BAT RX 0x320 [8] 50 41 C3 85 85 00 00 00 
BAT RX 0x319 [8] 40 0D 44 0D 2F 1D 11 00 
BAT RX 0x318 [8] 0D 32 0D 31 0D 30 0D 2F 
BAT RX 0x317 [8] 0D 44 0D 43 0D 42 0D 42 
BAT RX 0x316 [8] 0D 39 0D 39 0D 38 0D 31 
BAT RX 0x315 [8] 0D 3E 0D 3E 0D 3E 0D 3E 
BAT RX 0x314 [8] 5B 54 5B 54 00 15 05 44 
BAT RX 0x313 [8] 15 22 00 03 00 FE 64 63 
BAT RX 0x312 [8] 00 00 00 00 02 02 00 00 
BAT RX 0x311 [8] 02 38 00 00 08 24 01 21 
[keepalive] twai_transmit() -> ESP_OK
[227s] OK V=54.10V I=+0.3A T=25.4C SOC=100% SOH=99% | CVL=56.8V CCL=0.0A DCL=208.4A | chg=0 dis=1 fc1=0 fc2=0 | prot=0000 warn=0000 | packs=2 | inv0x305=no
BAT RX 0x330 [8] 02 0D 02 01 0D 45 0D 2F 
BAT RX 0x329 [8] 02 00 1A 25 02 00 40 D1 
BAT RX 0x323 [8] 20 0E 10 00 00 00 00 00 
BAT RX 0x324 [8] 02 42 42 37 00 00 00 00 
BAT RX 0x322 [8] 01 14 00 E8 03 01 64 64 
BAT RX 0x320 [8] 50 41 C3 85 85 00 00 00 
BAT RX 0x319 [8] 40 0D 45 0D 2F 1D 11 00 
BAT RX 0x318 [8] 0D 32 0D 30 0D 30 0D 2F 
BAT RX 0x317 [8] 0D 45 0D 42 0D 42 0D 42 
BAT RX 0x316 [8] 0D 39 0D 39 0D 39 0D 31 
BAT RX 0x315 [8] 0D 3E 0D 3E 0D 3E 0D 3D 
BAT RX 0x314 [8] 5B 54 5B 54 00 16 05 44 
BAT RX 0x313 [8] 15 22 00 03 00 FE 64 63 
BAT RX 0x312 [8] 00 00 00 00 02 02 00 00 
BAT RX 0x311 [8] 02 38 00 00 08 24 01 21 
[keepalive] twai_transmit() -> ESP_OK
BAT RX 0x330 [8] 02 0D 02 01 0D 44 0D 2F 
BAT RX 0x329 [8] 01 00 22 9C 01 00 40 35 
BAT RX 0x323 [8] 20 0E 10 00 00 00 00 00 
BAT RX 0x324 [8] 00 01 47 50 4A 30 32 31 
BAT RX 0x322 [8] 01 14 00 E8 03 01 64 64 
BAT RX 0x320 [8] 50 41 C3 85 85 00 00 00 
BAT RX 0x319 [8] 40 0D 44 0D 2F 1D 11 00 
BAT RX 0x318 [8] 0D 32 0D 31 0D 30 0D 2F 
BAT RX 0x317 [8] 0D 44 0D 43 0D 42 0D 42 
BAT RX 0x316 [8] 0D 39 0D 39 0D 38 0D 31 
BAT RX 0x315 [8] 0D 3E 0D 3E 0D 3E 0D 3E 
BAT RX 0x314 [8] 5B 54 5B 54 00 15 05 44 
BAT RX 0x313 [8] 15 22 00 03 00 FE 64 63 
BAT RX 0x312 [8] 00 00 00 00 02 02 00 00 
BAT RX 0x311 [8] 02 38 00 00 08 24 01 21 
[keepalive] twai_transmit() -> ESP_OK
[229s] OK V=54.10V I=+0.3A T=25.4C SOC=100% SOH=99% | CVL=56.8V CCL=0.0A DCL=208.4A | chg=0 dis=1 fc1=0 fc2=0 | prot=0000 warn=0000 | packs=2 | inv0x305=no
BAT RX 0x330 [8] 02 0D 02 01 0D 45 0D 2F 
BAT RX 0x329 [8] 02 00 1A 25 02 00 40 D1 
BAT RX 0x323 [8] 20 0E 10 00 00 00 00 00 
BAT RX 0x324 [8] 01 39 35 32 32 30 36 32 
BAT RX 0x322 [8] 01 14 00 E8 03 01 64 64 
BAT RX 0x320 [8] 50 41 C3 85 85 00 00 00 
BAT RX 0x319 [8] 40 0D 45 0D 2F 1D 11 00 
BAT RX 0x318 [8] 0D 32 0D 31 0D 30 0D 2F 
BAT RX 0x317 [8] 0D 45 0D 43 0D 42 0D 42 
BAT RX 0x316 [8] 0D 39 0D 39 0D 38 0D 31 
BAT RX 0x315 [8] 0D 3E 0D 3E 0D 3E 0D 3E 
BAT RX 0x314 [8] 5B 54 5B 54 00 16 05 44 
BAT RX 0x313 [8] 15 22 00 00 00 FE 64 63 
BAT RX 0x312 [8] 00 00 00 00 02 02 00 00 
BAT RX 0x311 [8] 02 38 00 00 08 24 01 21 
[keepalive] twai_transmit() -> ESP_OK
BAT RX 0x330 [8] 02 0D 02 01 0D 44 0D 2F 
BAT RX 0x329 [8] 01 00 22 9C 01 00 40 35 
BAT RX 0x323 [8] 20 0E 10 00 00 00 00 00 
BAT RX 0x324 [8] 02 43 30 37 00 00 00 00 
BAT RX 0x322 [8] 01 14 00 E8 03 01 64 64 
BAT RX 0x320 [8] 50 41 C3 85 85 00 00 00 
BAT RX 0x319 [8] 40 0D 44 0D 2F 1D 11 00 
BAT RX 0x318 [8] 0D 33 0D 31 0D 30 0D 2F 
BAT RX 0x317 [8] 0D 44 0D 43 0D 42 0D 41 
BAT RX 0x316 [8] 0D 39 0D 39 0D 38 0D 31 
BAT RX 0x315 [8] 0D 3E 0D 3E 0D 3E 0D 3E 
BAT RX 0x314 [8] 5B 54 5B 54 00 15 05 44 
BAT RX 0x313 [8] 15 22 00 03 00 FE 64 63 
BAT RX 0x312 [8] 00 00 00 00 02 02 00 00 
BAT RX 0x311 [8] 02 38 00 00 08 24 01 21 
[keepalive] twai_transmit() -> ESP_OK
[231s] OK V=54.10V I=+0.3A T=25.4C SOC=100% SOH=99% | CVL=56.8V CCL=0.0A DCL=208.4A | chg=0 dis=1 fc1=0 fc2=0 | prot=0000 warn=0000 | packs=2 | inv0x305=no
BAT RX 0x330 [8] 02 0D 02 01 0D 45 0D 2F 
BAT RX 0x329 [8] 02 00 1A 25 02 00 40 D1 
BAT RX 0x323 [8] 20 0E 10 00 00 00 00 00 
BAT RX 0x324 [8] 00 02 47 50 4A 30 32 31 
BAT RX 0x322 [8] 01 14 00 E8 03 01 64 64 
BAT RX 0x320 [8] 50 41 C3 85 85 00 00 00 
BAT RX 0x319 [8] 40 0D 45 0D 2F 1D 11 00 
BAT RX 0x318 [8] 0D 32 0D 31 0D 30 0D 2F 
BAT RX 0x317 [8] 0D 45 0D 43 0D 42 0D 42 
BAT RX 0x316 [8] 0D 39 0D 39 0D 38 0D 31 
BAT RX 0x315 [8] 0D 3F 0D 3E 0D 3D 0D 3D 
BAT RX 0x314 [8] 5B 54 5B 54 00 16 05 44 
BAT RX 0x313 [8] 15 22 00 03 00 FE 64 63 
BAT RX 0x312 [8] 00 00 00 00 02 02 00 00 
BAT RX 0x311 [8] 02 38 00 00 08 24 01 21 
[keepalive] twai_transmit() -> ESP_OK
BAT RX 0x330 [8] 02 0D 02 01 0D 45 0D 2F 
BAT RX 0x329 [8] 01 00 22 9C 01 00 40 35 
BAT RX 0x323 [8] 20 0E 10 00 00 00 00 00 
BAT RX 0x324 [8] 01 39 35 32 32 30 36 32 
BAT RX 0x322 [8] 01 14 00 E8 03 01 64 64 
BAT RX 0x320 [8] 50 41 C3 85 85 00 00 00 
BAT RX 0x319 [8] 40 0D 45 0D 2F 1D 11 00 
BAT RX 0x318 [8] 0D 32 0D 30 0D 2F 0D 2F 
BAT RX 0x317 [8] 0D 45 0D 43 0D 42 0D 42 
BAT RX 0x316 [8] 0D 39 0D 38 0D 38 0D 31 
BAT RX 0x315 [8] 0D 3E 0D 3E 0D 3E 0D 3E 
BAT RX 0x314 [8] 5B 54 5B 54 00 16 05 44 
BAT RX 0x313 [8] 15 22 00 03 00 FE 64 63 
BAT RX 0x312 [8] 00 00 00 00 02 02 00 00 
BAT RX 0x311 [8] 02 38 00 00 08 24 01 21 
[keepalive] twai_transmit() -> ESP_OK
[233s] OK V=54.10V I=+0.3A T=25.4C SOC=100% SOH=99% | CVL=56.8V CCL=0.0A DCL=208.4A | chg=0 dis=1 fc1=0 fc2=0 | prot=0000 warn=0000 | packs=2 | inv0x305=no
BAT RX 0x330 [8] 02 0D 02 01 0D 44 0D 2F 
BAT RX 0x329 [8] 02 00 1A 25 02 00 40 D1 
BAT RX 0x323 [8] 20 0E 10 00 00 00 00 00 
BAT RX 0x324 [8] 02 42 42 37 00 00 00 00 
BAT RX 0x322 [8] 01 14 00 E8 03 01 64 64 
BAT RX 0x320 [8] 50 41 C3 85 85 00 00 00 
BAT RX 0x319 [8] 40 0D 44 0D 2F 1D 11 00 
BAT RX 0x318 [8] 0D 32 0D 31 0D 30 0D 2F 
BAT RX 0x317 [8] 0D 44 0D 43 0D 42 0D 42 
BAT RX 0x316 [8] 0D 39 0D 39 0D 37 0D 31 
BAT RX 0x315 [8] 0D 3E 0D 3E 0D 3D 0D 3D 
BAT RX 0x314 [8] 5B 54 5B 54 00 15 05 44 
BAT RX 0x313 [8] 15 22 00 00 00 FE 64 63 
BAT RX 0x312 [8] 00 00 00 00 02 02 00 00 
BAT RX 0x311 [8] 02 38 00 00 08 24 01 21 
[keepalive] twai_transmit() -> ESP_OK
BAT RX 0x330 [8] 02 0D 02 01 0D 44 0D 2F 
BAT RX 0x329 [8] 01 00 22 9C 01 00 40 35 
BAT RX 0x323 [8] 20 0E 10 00 00 00 00 00 
BAT RX 0x324 [8] 00 01 47 50 4A 30 32 31 
BAT RX 0x322 [8] 01 14 00 E8 03 01 64 64 
BAT RX 0x320 [8] 50 41 C3 85 85 00 00 00 
BAT RX 0x319 [8] 40 0D 44 0D 2F 1D 11 00 
BAT RX 0x318 [8] 0D 32 0D 30 0D 30 0D 2F 
BAT RX 0x317 [8] 0D 44 0D 43 0D 42 0D 42 
BAT RX 0x316 [8] 0D 39 0D 39 0D 38 0D 30 
BAT RX 0x315 [8] 0D 3E 0D 3E 0D 3E 0D 3D 
BAT RX 0x314 [8] 5B 54 5B 54 00 15 05 44 
BAT RX 0x313 [8] 15 22 00 03 00 FE 64 63 
BAT RX 0x312 [8] 00 00 00 00 02 02 00 00 
BAT RX 0x311 [8] 02 38 00 00 08 24 01 21 
[keepalive] twai_transmit() -> ESP_OK
[235s] OK V=54.10V I=+0.3A T=25.4C SOC=100% SOH=99% | CVL=56.8V CCL=0.0A DCL=208.4A | chg=0 dis=1 fc1=0 fc2=0 | prot=0000 warn=0000 | packs=2 | inv0x305=no
BAT RX 0x330 [8] 02 0D 02 01 0D 44 0D 2F 
BAT RX 0x329 [8] 02 00 1A 25 02 00 40 D1 
BAT RX 0x323 [8] 20 0E 10 00 00 00 00 00 
BAT RX 0x324 [8] 01 39 35 32 32 30 36 32 
BAT RX 0x322 [8] 01 14 00 E8 03 01 64 64 
BAT RX 0x320 [8] 50 41 C3 85 85 00 00 00 
BAT RX 0x319 [8] 40 0D 44 0D 2F 1D 11 00 
BAT RX 0x318 [8] 0D 32 0D 30 0D 30 0D 2F 
BAT RX 0x317 [8] 0D 44 0D 42 0D 42 0D 41 
BAT RX 0x316 [8] 0D 38 0D 38 0D 38 0D 31 
BAT RX 0x315 [8] 0D 3E 0D 3E 0D 3E 0D 3D 
BAT RX 0x314 [8] 5B 54 5B 54 00 15 05 44 
BAT RX 0x313 [8] 15 22 00 00 00 FE 64 63 
BAT RX 0x312 [8] 00 00 00 00 02 02 00 00 
BAT RX 0x311 [8] 02 38 00 00 08 24 01 21 
[keepalive] twai_transmit() -> ESP_OK
BAT RX 0x330 [8] 02 0D 02 01 0D 45 0D 2F 
BAT RX 0x329 [8] 01 00 22 9C 01 00 40 35 
BAT RX 0x323 [8] 20 0E 10 00 00 00 00 00 
BAT RX 0x324 [8] 02 43 30 37 00 00 00 00 
BAT RX 0x322 [8] 01 14 00 E8 03 01 64 64 
BAT RX 0x320 [8] 50 41 C3 85 85 00 00 00 
BAT RX 0x319 [8] 40 0D 45 0D 2F 1D 11 00 
BAT RX 0x318 [8] 0D 32 0D 30 0D 30 0D 2F 
BAT RX 0x317 [8] 0D 45 0D 42 0D 42 0D 41 
BAT RX 0x316 [8] 0D 39 0D 38 0D 38 0D 30 
BAT RX 0x315 [8] 0D 3E 0D 3E 0D 3E 0D 3D 
BAT RX 0x314 [8] 5B 54 5B 54 00 16 05 44 
BAT RX 0x313 [8] 15 22 00 03 00 FE 64 63 
BAT RX 0x312 [8] 00 00 00 00 02 02 00 00 
BAT RX 0x311 [8] 02 38 00 00 08 24 01 21 
[keepalive] twai_transmit() -> ESP_OK
[237s] OK V=54.10V I=+0.3A T=25.4C SOC=100% SOH=99% | CVL=56.8V CCL=0.0A DCL=208.4A | chg=0 dis=1 fc1=0 fc2=0 | prot=0000 warn=0000 | packs=2 | inv0x305=no
BAT RX 0x330 [8] 02 0D 02 01 0D 44 0D 2F 
BAT RX 0x329 [8] 02 00 1A 25 02 00 40 D1 
BAT RX 0x323 [8] 20 0E 10 00 00 00 00 00 
BAT RX 0x324 [8] 00 02 47 50 4A 30 32 31 
BAT RX 0x322 [8] 01 14 00 E8 03 01 64 64 
BAT RX 0x320 [8] 50 41 C3 85 85 00 00 00 
BAT RX 0x319 [8] 40 0D 44 0D 2F 1D 11 00 
BAT RX 0x318 [8] 0D 32 0D 30 0D 2F 0D 2F 
BAT RX 0x317 [8] 0D 44 0D 42 0D 42 0D 42 
BAT RX 0x316 [8] 0D 39 0D 38 0D 38 0D 30 
BAT RX 0x315 [8] 0D 3E 0D 3E 0D 3D 0D 3D 
BAT RX 0x314 [8] 5B 54 5B 54 00 15 05 44 
BAT RX 0x313 [8] 15 22 00 03 00 FE 64 63 
BAT RX 0x312 [8] 00 00 00 00 02 02 00 00 
BAT RX 0x311 [8] 02 38 00 00 08 24 01 21 
[keepalive] twai_transmit() -> ESP_OK
BAT RX 0x330 [8] 02 0D 02 01 0D 44 0D 2F 
BAT RX 0x329 [8] 01 00 22 9C 01 00 40 35 
BAT RX 0x323 [8] 20 0E 10 00 00 00 00 00 
BAT RX 0x324 [8] 01 39 35 32 32 30 36 32 
BAT RX 0x322 [8] 01 14 00 E8 03 01 64 64 
BAT RX 0x320 [8] 50 41 C3 85 85 00 00 00 
BAT RX 0x319 [8] 40 0D 44 0D 2F 1D 11 00 
BAT RX 0x318 [8] 0D 32 0D 31 0D 30 0D 2F 
BAT RX 0x317 [8] 0D 44 0D 43 0D 42 0D 41 
BAT RX 0x316 [8] 0D 39 0D 38 0D 38 0D 30 
BAT RX 0x315 [8] 0D 3E 0D 3E 0D 3D 0D 3D 
BAT RX 0x314 [8] 5B 54 5B 54 00 15 05 44 
BAT RX 0x313 [8] 15 22 00 00 00 FE 64 63 
BAT RX 0x312 [8] 00 00 00 00 02 02 00 00 
BAT RX 0x311 [8] 02 38 00 00 08 24 01 21 
[keepalive] twai_transmit() -> ESP_OK
[239s] OK V=54.10V I=+0.0A T=25.4C SOC=100% SOH=99% | CVL=56.8V CCL=0.0A DCL=208.4A | chg=0 dis=1 fc1=0 fc2=0 | prot=0000 warn=0000 | packs=2 | inv0x305=no

---- battery-bus rate stats (VERBOSE_STATS) ----------------------------
  2846 frames, 240 s elapsed
  ID     count   period(ms)  (min-max gap)
  0x312     190    993 (7-1000)
  0x313     190    993 (3-1000)
  0x314     190    993 (4-1000)
  0x315     190    993 (4-1000)
  0x316     190    992 (3-1000)
  0x317     190    992 (3-1000)
  0x318     190    992 (4-1000)
  0x319     190    992 (4-1000)
  0x320     190    992 (4-1000)
  0x322     190    992 (4-1000)
  0x311     190    993 (4-1000)
  0x323     189    997 (767-1000)
  0x324     189    997 (768-1000)
  0x329     189    997 (757-1000)
  0x330     189    997 (746-1000)
--------------------------------------------------------------------------

  TWAI: state=RUNNING  tx_err=0 rx_err=0  tx_failed=0  rx_missed=0 rx_overrun=0  arb_lost=0  bus_err=190881
BAT RX 0x330 [8] 02 0D 02 01 0D 45 0D 2F 
BAT RX 0x329 [8] 02 00 1A 25 02 00 40 D1 
BAT RX 0x323 [8] 20 0E 10 00 00 00 00 00 
BAT RX 0x324 [8] 02 42 42 37 00 00 00 00 
BAT RX 0x322 [8] 01 14 00 E8 03 01 64 64 
BAT RX 0x320 [8] 50 41 C3 85 85 00 00 00 
BAT RX 0x319 [8] 40 0D 45 0D 2F 1D 11 00 
BAT RX 0x318 [8] 0D 32 0D 31 0D 30 0D 2F 
BAT RX 0x317 [8] 0D 45 0D 43 0D 41 0D 41 
BAT RX 0x316 [8] 0D 38 0D 38 0D 38 0D 30 
BAT RX 0x315 [8] 0D 3E 0D 3D 0D 3D 0D 3D 
BAT RX 0x314 [8] 5B 54 5B 54 00 16 05 44 
BAT RX 0x313 [8] 15 22 00 03 00 FE 64 63 
BAT RX 0x312 [8] 00 00 00 00 02 02 00 00 
BAT RX 0x311 [8] 02 38 00 00 08 24 01 21 
[keepalive] twai_transmit() -> ESP_OK
BAT RX 0x330 [8] 02 0D 02 01 0D 44 0D 2F 
BAT RX 0x329 [8] 01 00 22 9C 01 00 40 35 
BAT RX 0x323 [8] 20 0E 10 00 00 00 00 00 
BAT RX 0x324 [8] 00 01 47 50 4A 30 32 31 
BAT RX 0x322 [8] 01 14 00 E8 03 01 64 64 
BAT RX 0x320 [8] 50 41 C3 85 85 00 00 00 
BAT RX 0x319 [8] 40 0D 44 0D 2F 1D 11 00 
BAT RX 0x318 [8] 0D 31 0D 30 0D 30 0D 2F 
BAT RX 0x317 [8] 0D 44 0D 42 0D 42 0D 41 
BAT RX 0x316 [8] 0D 39 0D 39 0D 38 0D 30 
BAT RX 0x315 [8] 0D 3E 0D 3E 0D 3D 0D 3D 
BAT RX 0x314 [8] 5B 54 5B 54 00 15 05 44 
BAT RX 0x313 [8] 15 22 00 03 00 FE 64 63 
BAT RX 0x312 [8] 00 00 00 00 02 02 00 00 
BAT RX 0x311 [8] 02 38 00 00 08 24 01 21 
[keepalive] twai_transmit() -> ESP_OK
[241s] OK V=54.10V I=+0.3A T=25.4C SOC=100% SOH=99% | CVL=56.8V CCL=0.0A DCL=208.4A | chg=0 dis=1 fc1=0 fc2=0 | prot=0000 warn=0000 | packs=2 | inv0x305=no
BAT RX 0x330 [8] 02 0D 02 01 0D 44 0D 2F 
BAT RX 0x329 [8] 02 00 1A 25 02 00 40 D1 
BAT RX 0x323 [8] 20 0E 10 00 00 00 00 00 
BAT RX 0x324 [8] 01 39 35 32 32 30 36 32 
BAT RX 0x322 [8] 01 14 00 E8 03 01 64 64 
BAT RX 0x320 [8] 50 41 C3 85 85 00 00 00 
BAT RX 0x319 [8] 40 0D 44 0D 2F 1D 11 00 
BAT RX 0x318 [8] 0D 32 0D 31 0D 30 0D 2F 
BAT RX 0x317 [8] 0D 44 0D 42 0D 41 0D 41 
BAT RX 0x316 [8] 0D 39 0D 38 0D 38 0D 30 
BAT RX 0x315 [8] 0D 3E 0D 3E 0D 3D 0D 3D 
BAT RX 0x314 [8] 5B 54 5B 54 00 15 05 44 
BAT RX 0x313 [8] 15 22 00 03 00 FE 64 63 
BAT RX 0x312 [8] 00 00 00 00 02 02 00 00 
BAT RX 0x311 [8] 02 38 00 00 08 24 01 21 
[keepalive] twai_transmit() -> ESP_OK
BAT RX 0x330 [8] 02 0D 02 01 0D 44 0D 2F 
BAT RX 0x329 [8] 01 00 22 9C 01 00 40 35 
BAT RX 0x323 [8] 20 0E 10 00 00 00 00 00 
BAT RX 0x324 [8] 02 43 30 37 00 00 00 00 
BAT RX 0x322 [8] 01 14 00 E8 03 01 64 64 
BAT RX 0x320 [8] 50 41 C3 85 85 00 00 00 
BAT RX 0x319 [8] 40 0D 44 0D 2F 1D 11 00 
BAT RX 0x318 [8] 0D 31 0D 30 0D 30 0D 2F 
BAT RX 0x317 [8] 0D 44 0D 42 0D 42 0D 41 
BAT RX 0x316 [8] 0D 38 0D 38 0D 38 0D 31 
BAT RX 0x315 [8] 0D 3E 0D 3E 0D 3D 0D 3D 
BAT RX 0x314 [8] 5B 54 5B 54 00 15 05 44 
BAT RX 0x313 [8] 15 22 00 00 00 FE 64 63 
BAT RX 0x312 [8] 00 00 00 00 02 02 00 00 
BAT RX 0x311 [8] 02 38 00 00 08 24 01 21 
[keepalive] twai_transmit() -> ESP_OK
[243s] OK V=54.10V I=+0.0A T=25.4C SOC=100% SOH=99% | CVL=56.8V CCL=0.0A DCL=208.4A | chg=0 dis=1 fc1=0 fc2=0 | prot=0000 warn=0000 | packs=2 | inv0x305=no
BAT RX 0x330 [8] 02 0D 02 01 0D 44 0D 2F 
BAT RX 0x329 [8] 02 00 1A 25 02 00 40 D1 
BAT RX 0x323 [8] 20 0E 10 00 00 00 00 00 
BAT RX 0x324 [8] 00 02 47 50 4A 30 32 31 
BAT RX 0x322 [8] 01 14 00 E8 03 01 64 64 
BAT RX 0x320 [8] 50 41 C3 85 85 00 00 00 
BAT RX 0x319 [8] 40 0D 44 0D 2F 1D 11 00 
BAT RX 0x318 [8] 0D 32 0D 30 0D 2F 0D 2F 
BAT RX 0x317 [8] 0D 44 0D 42 0D 41 0D 41 
BAT RX 0x316 [8] 0D 38 0D 38 0D 38 0D 30 
BAT RX 0x315 [8] 0D 3E 0D 3D 0D 3D 0D 3D 
BAT RX 0x314 [8] 5B 54 5B 54 00 15 05 44 
BAT RX 0x313 [8] 15 22 00 03 00 FE 64 63 
BAT RX 0x312 [8] 00 00 00 00 02 02 00 00 
BAT RX 0x311 [8] 02 38 00 00 08 24 01 21 
[keepalive] twai_transmit() -> ESP_OK
BAT RX 0x330 [8] 02 0D 02 01 0D 44 0D 2F 
BAT RX 0x329 [8] 01 00 22 9C 01 00 40 35 
BAT RX 0x323 [8] 20 0E 10 00 00 00 00 00 
BAT RX 0x324 [8] 01 39 35 32 32 30 36 32 
BAT RX 0x322 [8] 01 14 00 E8 03 01 64 64 
BAT RX 0x320 [8] 50 41 C3 85 85 00 00 00 
BAT RX 0x319 [8] 40 0D 44 0D 2F 1D 11 00 
BAT RX 0x318 [8] 0D 32 0D 30 0D 30 0D 2F 
BAT RX 0x317 [8] 0D 44 0D 43 0D 41 0D 41 
BAT RX 0x316 [8] 0D 38 0D 38 0D 38 0D 30 
BAT RX 0x315 [8] 0D 3D 0D 3D 0D 3D 0D 3D 
BAT RX 0x314 [8] 5B 54 5B 54 00 15 05 44 
BAT RX 0x313 [8] 15 22 00 03 00 FE 64 63 
BAT RX 0x312 [8] 00 00 00 00 02 02 00 00 
BAT RX 0x311 [8] 02 38 00 00 08 24 01 21 
[keepalive] twai_transmit() -> ESP_OK
[245s] OK V=54.10V I=+0.3A T=25.4C SOC=100% SOH=99% | CVL=56.8V CCL=0.0A DCL=208.4A | chg=0 dis=1 fc1=0 fc2=0 | prot=0000 warn=0000 | packs=2 | inv0x305=no
BAT RX 0x330 [8] 02 0D 02 01 0D 44 0D 2F 
BAT RX 0x329 [8] 02 00 1A 25 02 00 40 D1 
BAT RX 0x323 [8] 20 0E 10 00 00 00 00 00 
BAT RX 0x324 [8] 02 42 42 37 00 00 00 00 
BAT RX 0x322 [8] 01 14 00 E8 03 01 64 64 
BAT RX 0x320 [8] 50 41 C3 85 85 00 00 00 
BAT RX 0x319 [8] 40 0D 44 0D 2F 1D 11 00 
BAT RX 0x318 [8] 0D 32 0D 30 0D 2F 0D 2F 
BAT RX 0x317 [8] 0D 44 0D 42 0D 42 0D 41 
BAT RX 0x316 [8] 0D 38 0D 38 0D 37 0D 31 
BAT RX 0x315 [8] 0D 3E 0D 3E 0D 3D 0D 3D 
BAT RX 0x314 [8] 5B 54 5B 54 00 15 05 44 
BAT RX 0x313 [8] 15 22 00 00 00 FE 64 63 
BAT RX 0x312 [8] 00 00 00 00 02 02 00 00 
BAT RX 0x311 [8] 02 38 00 00 08 24 01 21 
[keepalive] twai_transmit() -> ESP_OK
BAT RX 0x330 [8] 02 0D 02 01 0D 44 0D 2F 
BAT RX 0x329 [8] 01 00 22 9C 01 00 40 35 
BAT RX 0x323 [8] 20 0E 10 00 00 00 00 00 
BAT RX 0x324 [8] 00 01 47 50 4A 30 32 31 
BAT RX 0x322 [8] 01 14 00 E8 03 01 64 64 
BAT RX 0x320 [8] 50 41 C3 85 85 00 00 00 
BAT RX 0x319 [8] 40 0D 44 0D 2F 1D 11 00 
BAT RX 0x318 [8] 0D 31 0D 30 0D 30 0D 2F 
BAT RX 0x317 [8] 0D 44 0D 42 0D 41 0D 41 
BAT RX 0x316 [8] 0D 39 0D 38 0D 38 0D 30 
BAT RX 0x315 [8] 0D 3D 0D 3D 0D 3D 0D 3D 
BAT RX 0x314 [8] 5B 54 5B 54 00 15 05 44 
BAT RX 0x313 [8] 15 22 00 00 00 FE 64 63 
BAT RX 0x312 [8] 00 00 00 00 02 02 00 00 
BAT RX 0x311 [8] 02 38 00 00 08 24 01 21 
[keepalive] twai_transmit() -> ESP_OK
[247s] OK V=54.10V I=+0.0A T=25.4C SOC=100% SOH=99% | CVL=56.8V CCL=0.0A DCL=208.4A | chg=0 dis=1 fc1=0 fc2=0 | prot=0000 warn=0000 | packs=2 | inv0x305=no
BAT RX 0x330 [8] 02 0D 02 01 0D 44 0D 2F 
BAT RX 0x329 [8] 02 00 1A 25 02 00 40 D1 
BAT RX 0x323 [8] 20 0E 10 00 00 00 00 00 
BAT RX 0x324 [8] 01 39 35 32 32 30 36 32 
BAT RX 0x322 [8] 01 14 00 E8 03 01 64 64 
BAT RX 0x320 [8] 50 41 C3 85 85 00 00 00 
BAT RX 0x319 [8] 40 0D 44 0D 2F 1D 11 00 
BAT RX 0x318 [8] 0D 31 0D 30 0D 30 0D 2F 
BAT RX 0x317 [8] 0D 44 0D 42 0D 41 0D 41 
BAT RX 0x316 [8] 0D 38 0D 38 0D 37 0D 30 
BAT RX 0x315 [8] 0D 3D 0D 3D 0D 3D 0D 3D 
BAT RX 0x314 [8] 5B 54 5B 54 00 15 05 44 
BAT RX 0x313 [8] 15 22 00 03 00 FE 64 63 
BAT RX 0x312 [8] 00 00 00 00 02 02 00 00 
BAT RX 0x311 [8] 02 38 00 00 08 24 01 21 
[keepalive] twai_transmit() -> ESP_OK
BAT RX 0x330 [8] 02 0D 02 01 0D 44 0D 2F 
BAT RX 0x329 [8] 01 00 22 9C 01 00 40 35 
BAT RX 0x323 [8] 20 0E 10 00 00 00 00 00 
BAT RX 0x324 [8] 02 43 30 37 00 00 00 00 
BAT RX 0x322 [8] 01 14 00 E8 03 01 64 64 
BAT RX 0x320 [8] 50 41 C3 85 85 00 00 00 
BAT RX 0x319 [8] 40 0D 44 0D 2F 1D 11 00 
BAT RX 0x318 [8] 0D 31 0D 30 0D 2F 0D 2F 
BAT RX 0x317 [8] 0D 44 0D 42 0D 41 0D 41 
BAT RX 0x316 [8] 0D 39 0D 38 0D 37 0D 31 
BAT RX 0x315 [8] 0D 3E 0D 3D 0D 3D 0D 3D 
BAT RX 0x314 [8] 5B 54 5B 54 00 15 05 44 
BAT RX 0x313 [8] 15 22 00 00 00 FE 64 63 
BAT RX 0x312 [8] 00 00 00 00 02 02 00 00 
BAT RX 0x311 [8] 02 38 00 00 08 24 01 21 
[keepalive] twai_transmit() -> ESP_OK
[249s] OK V=54.10V I=+0.0A T=25.4C SOC=100% SOH=99% | CVL=56.8V CCL=0.0A DCL=208.4A | chg=0 dis=1 fc1=0 fc2=0 | prot=0000 warn=0000 | packs=2 | inv0x305=no
BAT RX 0x330 [8] 02 0D 02 01 0D 44 0D 2F 
BAT RX 0x329 [8] 02 00 1A 25 02 00 40 D1 
BAT RX 0x323 [8] 20 0E 10 00 00 00 00 00 
BAT RX 0x324 [8] 00 02 47 50 4A 30 32 31 
BAT RX 0x322 [8] 01 14 00 E8 03 01 64 64 
BAT RX 0x320 [8] 50 41 C3 85 85 00 00 00 
BAT RX 0x319 [8] 40 0D 44 0D 2F 1D 11 00 
BAT RX 0x318 [8] 0D 31 0D 30 0D 30 0D 2F 
BAT RX 0x317 [8] 0D 44 0D 42 0D 41 0D 41 
BAT RX 0x316 [8] 0D 38 0D 38 0D 38 0D 30 
BAT RX 0x315 [8] 0D 3D 0D 3D 0D 3D 0D 3D 
BAT RX 0x314 [8] 5B 54 5B 54 00 15 05 44 
BAT RX 0x313 [8] 15 22 00 03 00 FE 64 63 
BAT RX 0x312 [8] 00 00 00 00 02 02 00 00 
BAT RX 0x311 [8] 02 38 00 00 08 24 01 21 
[keepalive] twai_transmit() -> ESP_OK
BAT RX 0x330 [8] 02 0D 02 01 0D 43 0D 2F 
BAT RX 0x329 [8] 01 00 22 9C 01 00 40 35 
BAT RX 0x323 [8] 20 0E 10 00 00 00 00 00 
BAT RX 0x324 [8] 01 39 35 32 32 30 36 32 
BAT RX 0x322 [8] 01 14 00 E8 03 01 64 64 
BAT RX 0x320 [8] 50 41 C3 85 85 00 00 00 
BAT RX 0x319 [8] 40 0D 43 0D 2F 1D 11 00 
BAT RX 0x318 [8] 0D 31 0D 30 0D 2F 0D 2F 
BAT RX 0x317 [8] 0D 43 0D 42 0D 41 0D 41 
BAT RX 0x316 [8] 0D 38 0D 38 0D 38 0D 30 
BAT RX 0x315 [8] 0D 3D 0D 3D 0D 3D 0D 3D 
BAT RX 0x314 [8] 5B 54 5B 54 00 14 05 44 
BAT RX 0x313 [8] 15 22 00 00 00 FE 64 63 
BAT RX 0x312 [8] 00 00 00 00 02 02 00 00 
BAT RX 0x311 [8] 02 38 00 00 08 24 01 21 
[keepalive] twai_transmit() -> ESP_OK
[251s] OK V=54.10V I=+0.0A T=25.4C SOC=100% SOH=99% | CVL=56.8V CCL=0.0A DCL=208.4A | chg=0 dis=1 fc1=0 fc2=0 | prot=0000 warn=0000 | packs=2 | inv0x305=no
BAT RX 0x330 [8] 02 0D 02 01 0D 44 0D 2F 
BAT RX 0x329 [8] 02 00 1A 25 02 00 40 D1 
BAT RX 0x323 [8] 20 0E 10 00 00 00 00 00 
BAT RX 0x324 [8] 02 42 42 37 00 00 00 00 
BAT RX 0x322 [8] 01 14 00 E8 03 01 64 64 
BAT RX 0x320 [8] 50 41 C3 85 85 00 00 00 
BAT RX 0x319 [8] 40 0D 44 0D 2F 1D 11 00 
BAT RX 0x318 [8] 0D 31 0D 2F 0D 2F 0D 2F 
BAT RX 0x317 [8] 0D 44 0D 42 0D 41 0D 41 
BAT RX 0x316 [8] 0D 38 0D 38 0D 38 0D 30 
BAT RX 0x315 [8] 0D 3D 0D 3D 0D 3D 0D 3D 
BAT RX 0x314 [8] 5B 54 5B 54 00 15 05 44 
BAT RX 0x313 [8] 15 22 00 00 00 FE 64 63 
BAT RX 0x312 [8] 00 00 00 00 02 02 00 00 
BAT RX 0x311 [8] 02 38 00 00 08 24 01 21 
[keepalive] twai_transmit() -> ESP_OK
BAT RX 0x330 [8] 02 0D 02 01 0D 44 0D 2E 
BAT RX 0x329 [8] 01 00 22 9C 01 00 40 35 
BAT RX 0x323 [8] 20 0E 10 00 00 00 00 00 
BAT RX 0x324 [8] 00 01 47 50 4A 30 32 31 
BAT RX 0x322 [8] 01 14 00 E8 03 01 64 64 
BAT RX 0x320 [8] 50 41 C3 85 85 00 00 00 
BAT RX 0x319 [8] 40 0D 44 0D 2E 1D 11 00 
BAT RX 0x318 [8] 0D 31 0D 30 0D 2F 0D 2E 
BAT RX 0x317 [8] 0D 44 0D 42 0D 41 0D 40 
BAT RX 0x316 [8] 0D 38 0D 38 0D 37 0D 30 
BAT RX 0x315 [8] 0D 3D 0D 3D 0D 3D 0D 3D 
BAT RX 0x314 [8] 5B 54 5B 54 00 16 05 44 
BAT RX 0x313 [8] 15 22 00 00 00 FE 64 63 
BAT RX 0x312 [8] 00 00 00 00 02 02 00 00 
BAT RX 0x311 [8] 02 38 00 00 08 24 01 21 
[keepalive] twai_transmit() -> ESP_OK
[253s] OK V=54.10V I=+0.0A T=25.4C SOC=100% SOH=99% | CVL=56.8V CCL=0.0A DCL=208.4A | chg=0 dis=1 fc1=0 fc2=0 | prot=0000 warn=0000 | packs=2 | inv0x305=no
BAT RX 0x330 [8] 02 0D 02 01 0D 44 0D 2E 
BAT RX 0x329 [8] 02 00 1A 25 02 00 40 D1 
BAT RX 0x323 [8] 20 0E 10 00 00 00 00 00 
BAT RX 0x324 [8] 01 39 35 32 32 30 36 32 
BAT RX 0x322 [8] 01 14 00 E8 03 01 64 64 
BAT RX 0x320 [8] 50 41 C3 85 85 00 00 00 
BAT RX 0x319 [8] 40 0D 44 0D 2E 1D 11 00 
BAT RX 0x318 [8] 0D 31 0D 30 0D 2F 0D 2E 
BAT RX 0x317 [8] 0D 44 0D 42 0D 41 0D 40 
BAT RX 0x316 [8] 0D 38 0D 38 0D 37 0D 30 
BAT RX 0x315 [8] 0D 3D 0D 3D 0D 3D 0D 3D 
BAT RX 0x314 [8] 5B 54 5B 54 00 16 05 44 
BAT RX 0x313 [8] 15 22 00 00 00 FE 64 63 
BAT RX 0x312 [8] 00 00 00 00 02 02 00 00 
BAT RX 0x311 [8] 02 38 00 00 08 24 01 21 
[keepalive] twai_transmit() -> ESP_OK

---- battery-bus rate stats (VERBOSE_STATS) ----------------------------
  3071 frames, 255 s elapsed
  ID     count   period(ms)  (min-max gap)
  0x312     205    993 (7-1000)
  0x313     205    993 (3-1000)
  0x314     205    993 (4-1000)
  0x315     205    993 (4-1000)
  0x316     205    993 (3-1000)
  0x317     205    993 (3-1000)
  0x318     205    993 (4-1000)
  0x319     205    993 (4-1000)
  0x320     205    993 (4-1000)
  0x322     205    993 (4-1000)
  0x311     205    993 (4-1000)
  0x323     204    998 (767-1000)
  0x324     204    998 (768-1000)
  0x329     204    997 (757-1000)
  0x330     204    997 (746-1000)
--------------------------------------------------------------------------

  TWAI: state=RUNNING  tx_err=0 rx_err=0  tx_failed=0  rx_missed=0 rx_overrun=0  arb_lost=0  bus_err=190881
BAT RX 0x330 [8] 02 0D 02 01 0D 44 0D 2E 
BAT RX 0x329 [8] 01 00 22 9C 01 00 40 35 
BAT RX 0x323 [8] 20 0E 10 00 00 00 00 00 
BAT RX 0x324 [8] 02 43 30 37 00 00 00 00 
BAT RX 0x322 [8] 01 14 00 E8 03 01 64 64 
BAT RX 0x320 [8] 50 41 C3 85 85 00 00 00 
BAT RX 0x319 [8] 40 0D 44 0D 2E 1D 11 00 
BAT RX 0x318 [8] 0D 31 0D 30 0D 2F 0D 2E 
BAT RX 0x317 [8] 0D 44 0D 42 0D 41 0D 41 
BAT RX 0x316 [8] 0D 38 0D 38 0D 37 0D 30 
BAT RX 0x315 [8] 0D 3D 0D 3D 0D 3D 0D 3D 
BAT RX 0x314 [8] 5B 54 5B 54 00 16 05 44 
BAT RX 0x313 [8] 15 22 00 03 00 FE 64 63 
BAT RX 0x312 [8] 00 00 00 00 02 02 00 00 
BAT RX 0x311 [8] 02 38 00 00 08 24 01 21 
[keepalive] twai_transmit() -> ESP_OK
[255s] OK V=54.10V I=+0.3A T=25.4C SOC=100% SOH=99% | CVL=56.8V CCL=0.0A DCL=208.4A | chg=0 dis=1 fc1=0 fc2=0 | prot=0000 warn=0000 | packs=2 | inv0x305=no
BAT RX 0x330 [8] 02 0D 02 01 0D 44 0D 2F 
BAT RX 0x329 [8] 02 00 1A 25 02 00 40 D1 
BAT RX 0x323 [8] 20 0E 10 00 00 00 00 00 
BAT RX 0x324 [8] 00 02 47 50 4A 30 32 31 
BAT RX 0x322 [8] 01 14 00 E8 03 01 64 64 
BAT RX 0x320 [8] 50 41 C3 85 85 00 00 00 
BAT RX 0x319 [8] 40 0D 44 0D 2F 1D 11 00 
BAT RX 0x318 [8] 0D 31 0D 30 0D 2F 0D 2F 
BAT RX 0x317 [8] 0D 44 0D 42 0D 41 0D 41 
BAT RX 0x316 [8] 0D 38 0D 38 0D 38 0D 31 
BAT RX 0x315 [8] 0D 3D 0D 3D 0D 3D 0D 3C 
BAT RX 0x314 [8] 5B 54 5B 54 00 15 05 44 
BAT RX 0x313 [8] 15 22 00 00 00 FE 64 63 
BAT RX 0x312 [8] 00 00 00 00 02 02 00 00 
BAT RX 0x311 [8] 02 38 00 00 08 24 01 21 
[keepalive] twai_transmit() -> ESP_OK
BAT RX 0x330 [8] 02 0D 02 01 0D 44 0D 2F 
BAT RX 0x329 [8] 01 00 22 9C 01 00 40 35 
BAT RX 0x323 [8] 20 0E 10 00 00 00 00 00 
BAT RX 0x324 [8] 01 39 35 32 32 30 36 32 
BAT RX 0x322 [8] 01 14 00 E8 03 01 64 64 
BAT RX 0x320 [8] 50 41 C3 85 85 00 00 00 
BAT RX 0x319 [8] 40 0D 44 0D 2F 1D 11 00 
BAT RX 0x318 [8] 0D 31 0D 30 0D 2F 0D 2F 
BAT RX 0x317 [8] 0D 44 0D 42 0D 42 0D 41 
BAT RX 0x316 [8] 0D 38 0D 38 0D 37 0D 30 
BAT RX 0x315 [8] 0D 3D 0D 3D 0D 3D 0D 3D 
BAT RX 0x314 [8] 5B 54 5B 54 00 15 05 44 
BAT RX 0x313 [8] 15 22 00 00 00 FE 64 63 
BAT RX 0x312 [8] 00 00 00 00 02 02 00 00 
BAT RX 0x311 [8] 02 38 00 00 08 24 01 21 
[keepalive] twai_transmit() -> ESP_OK
[257s] OK V=54.10V I=+0.0A T=25.4C SOC=100% SOH=99% | CVL=56.8V CCL=0.0A DCL=208.4A | chg=0 dis=1 fc1=0 fc2=0 | prot=0000 warn=0000 | packs=2 | inv0x305=no
BAT RX 0x330 [8] 02 0D 02 01 0D 44 0D 2E 
BAT RX 0x329 [8] 02 00 1A 25 02 00 40 D1 
BAT RX 0x323 [8] 20 0E 10 00 00 00 00 00 
BAT RX 0x324 [8] 02 42 42 37 00 00 00 00 
BAT RX 0x322 [8] 01 14 00 E8 03 01 64 64 
BAT RX 0x320 [8] 50 41 C3 85 85 00 00 00 
BAT RX 0x319 [8] 40 0D 44 0D 2E 1D 11 00 
BAT RX 0x318 [8] 0D 31 0D 2F 0D 2F 0D 2E 
BAT RX 0x317 [8] 0D 44 0D 42 0D 41 0D 41 
BAT RX 0x316 [8] 0D 39 0D 38 0D 37 0D 30 
BAT RX 0x315 [8] 0D 3D 0D 3D 0D 3C 0D 3C 
BAT RX 0x314 [8] 5B 54 5B 54 00 16 05 44 
BAT RX 0x313 [8] 15 22 00 03 00 FE 64 63 
BAT RX 0x312 [8] 00 00 00 00 02 02 00 00 
BAT RX 0x311 [8] 02 38 00 00 08 24 01 21 
[keepalive] twai_transmit() -> ESP_OK
BAT RX 0x330 [8] 02 0D 02 01 0D 43 0D 2E 
BAT RX 0x329 [8] 01 00 22 9C 01 00 40 35 
BAT RX 0x323 [8] 20 0E 10 00 00 00 00 00 
BAT RX 0x324 [8] 00 01 47 50 4A 30 32 31 
BAT RX 0x322 [8] 01 14 00 E8 03 01 64 64 
BAT RX 0x320 [8] 50 41 C3 85 85 00 00 00 
BAT RX 0x319 [8] 40 0D 43 0D 2E 1D 11 00 
BAT RX 0x318 [8] 0D 31 0D 30 0D 2F 0D 2E 
BAT RX 0x317 [8] 0D 43 0D 42 0D 41 0D 40 
BAT RX 0x316 [8] 0D 38 0D 37 0D 37 0D 30 
BAT RX 0x315 [8] 0D 3D 0D 3D 0D 3D 0D 3C 
BAT RX 0x314 [8] 5B 54 5B 54 00 15 05 44 
BAT RX 0x313 [8] 15 22 00 00 00 FE 64 63 
BAT RX 0x312 [8] 00 00 00 00 02 02 00 00 
BAT RX 0x311 [8] 02 38 00 00 08 24 01 21 
[keepalive] twai_transmit() -> ESP_OK
[259s] OK V=54.10V I=+0.0A T=25.4C SOC=100% SOH=99% | CVL=56.8V CCL=0.0A DCL=208.4A | chg=0 dis=1 fc1=0 fc2=0 | prot=0000 warn=0000 | packs=2 | inv0x305=no
BAT RX 0x330 [8] 02 0D 02 01 0D 44 0D 2E 
BAT RX 0x329 [8] 02 00 1A 25 02 00 40 D1 
BAT RX 0x323 [8] 20 0E 10 00 00 00 00 00 
BAT RX 0x324 [8] 01 39 35 32 32 30 36 32 
BAT RX 0x322 [8] 01 14 00 E8 03 01 64 64 
BAT RX 0x320 [8] 50 41 C3 85 85 00 00 00 
BAT RX 0x319 [8] 40 0D 44 0D 2E 1D 11 00 
BAT RX 0x318 [8] 0D 31 0D 30 0D 2F 0D 2E 
BAT RX 0x317 [8] 0D 44 0D 42 0D 41 0D 41 
BAT RX 0x316 [8] 0D 38 0D 38 0D 37 0D 30 
BAT RX 0x315 [8] 0D 3D 0D 3D 0D 3D 0D 3C 
BAT RX 0x314 [8] 5B 54 5B 54 00 16 05 44 
BAT RX 0x313 [8] 15 22 00 03 00 FE 64 63 
BAT RX 0x312 [8] 00 00 00 00 02 02 00 00 
BAT RX 0x311 [8] 02 38 00 00 08 24 01 21 
[keepalive] twai_transmit() -> ESP_OK
BAT RX 0x330 [8] 02 0D 02 01 0D 44 0D 2F 
BAT RX 0x329 [8] 01 00 22 9C 01 00 40 35 
BAT RX 0x323 [8] 20 0E 10 00 00 00 00 00 
BAT RX 0x324 [8] 02 43 30 37 00 00 00 00 
BAT RX 0x322 [8] 01 14 00 E8 03 01 64 64 
BAT RX 0x320 [8] 50 41 C3 85 85 00 00 00 
BAT RX 0x319 [8] 40 0D 44 0D 2F 1D 11 00 
BAT RX 0x318 [8] 0D 30 0D 2F 0D 2F 0D 2F 
BAT RX 0x317 [8] 0D 44 0D 42 0D 41 0D 41 
BAT RX 0x316 [8] 0D 38 0D 38 0D 37 0D 30 
BAT RX 0x315 [8] 0D 3D 0D 3D 0D 3D 0D 3D 
BAT RX 0x314 [8] 5B 54 5B 54 00 15 05 44 
BAT RX 0x313 [8] 15 22 00 03 00 FE 64 63 
BAT RX 0x312 [8] 00 00 00 00 02 02 00 00 
BAT RX 0x311 [8] 02 38 00 00 08 24 01 21 
[keepalive] twai_transmit() -> ESP_OK
[261s] OK V=54.10V I=+0.3A T=25.4C SOC=100% SOH=99% | CVL=56.8V CCL=0.0A DCL=208.4A | chg=0 dis=1 fc1=0 fc2=0 | prot=0000 warn=0000 | packs=2 | inv0x305=no
BAT RX 0x330 [8] 02 0D 02 01 0D 44 0D 2E 
BAT RX 0x329 [8] 02 00 1A 25 02 00 40 D1 
BAT RX 0x323 [8] 20 0E 10 00 00 00 00 00 
BAT RX 0x324 [8] 00 02 47 50 4A 30 32 31 
BAT RX 0x322 [8] 01 14 00 E8 03 01 64 64 
BAT RX 0x320 [8] 50 41 C3 85 85 00 00 00 
BAT RX 0x319 [8] 40 0D 44 0D 2E 1D 11 00 
BAT RX 0x318 [8] 0D 30 0D 2F 0D 2F 0D 2E 
BAT RX 0x317 [8] 0D 44 0D 41 0D 41 0D 40 
BAT RX 0x316 [8] 0D 38 0D 38 0D 37 0D 30 
BAT RX 0x315 [8] 0D 3D 0D 3D 0D 3D 0D 3D 
BAT RX 0x314 [8] 5B 54 5B 54 00 16 05 44 
BAT RX 0x313 [8] 15 22 00 00 00 FE 64 63 
BAT RX 0x312 [8] 00 00 00 00 02 02 00 00 
BAT RX 0x311 [8] 02 38 00 00 08 24 01 21 
[keepalive] twai_transmit() -> ESP_OK
BAT RX 0x330 [8] 02 0D 02 01 0D 43 0D 2E 
BAT RX 0x329 [8] 01 00 22 9C 01 00 40 35 
BAT RX 0x323 [8] 20 0E 10 00 00 00 00 00 
BAT RX 0x324 [8] 01 39 35 32 32 30 36 32 
BAT RX 0x322 [8] 01 14 00 E8 03 01 64 64 
BAT RX 0x320 [8] 50 41 C3 85 85 00 00 00 
BAT RX 0x319 [8] 40 0D 43 0D 2E 1D 11 00 
BAT RX 0x318 [8] 0D 31 0D 30 0D 2F 0D 2E 
BAT RX 0x317 [8] 0D 43 0D 42 0D 41 0D 40 
BAT RX 0x316 [8] 0D 38 0D 37 0D 37 0D 30 
BAT RX 0x315 [8] 0D 3D 0D 3D 0D 3D 0D 3C 
BAT RX 0x314 [8] 5B 54 5B 54 00 15 05 44 
BAT RX 0x313 [8] 15 22 00 00 00 FE 64 63 
BAT RX 0x312 [8] 00 00 00 00 02 02 00 00 
BAT RX 0x311 [8] 02 38 00 00 08 24 01 21 
[keepalive] twai_transmit() -> ESP_OK
[263s] OK V=54.10V I=+0.0A T=25.4C SOC=100% SOH=99% | CVL=56.8V CCL=0.0A DCL=208.4A | chg=0 dis=1 fc1=0 fc2=0 | prot=0000 warn=0000 | packs=2 | inv0x305=no
BAT RX 0x330 [8] 02 0D 02 01 0D 44 0D 2E 
BAT RX 0x329 [8] 02 00 1A 25 02 00 40 D1 
BAT RX 0x323 [8] 20 0E 10 00 00 00 00 00 
BAT RX 0x324 [8] 02 42 42 37 00 00 00 00 
BAT RX 0x322 [8] 01 14 00 E8 03 01 64 64 
BAT RX 0x320 [8] 50 41 C3 85 85 00 00 00 
BAT RX 0x319 [8] 40 0D 44 0D 2E 1D 11 00 
BAT RX 0x318 [8] 0D 30 0D 30 0D 2F 0D 2E 
BAT RX 0x317 [8] 0D 44 0D 42 0D 41 0D 40 
BAT RX 0x316 [8] 0D 38 0D 37 0D 37 0D 30 
BAT RX 0x315 [8] 0D 3D 0D 3D 0D 3C 0D 3C 
BAT RX 0x314 [8] 5B 54 5B 54 00 16 05 44 
BAT RX 0x313 [8] 15 22 00 00 00 FE 64 63 
BAT RX 0x312 [8] 00 00 00 00 02 02 00 00 
BAT RX 0x311 [8] 02 38 00 00 08 24 01 21 
[keepalive] twai_transmit() -> ESP_OK
BAT RX 0x330 [8] 02 0D 02 01 0D 44 0D 2E 
BAT RX 0x329 [8] 01 00 22 9C 01 00 40 35 
BAT RX 0x323 [8] 20 0E 10 00 00 00 00 00 
BAT RX 0x324 [8] 00 01 47 50 4A 30 32 31 
BAT RX 0x322 [8] 01 14 00 E8 03 01 64 64 
BAT RX 0x320 [8] 50 41 C3 85 85 00 00 00 
BAT RX 0x319 [8] 40 0D 44 0D 2E 1D 11 00 
BAT RX 0x318 [8] 0D 30 0D 2F 0D 2F 0D 2E 
BAT RX 0x317 [8] 0D 44 0D 42 0D 41 0D 40 
BAT RX 0x316 [8] 0D 38 0D 37 0D 37 0D 30 
BAT RX 0x315 [8] 0D 3D 0D 3D 0D 3C 0D 3C 
BAT RX 0x314 [8] 5B 54 5B 54 00 16 05 44 
BAT RX 0x313 [8] 15 22 00 03 00 FE 64 63 
BAT RX 0x312 [8] 00 00 00 00 02 02 00 00 
BAT RX 0x311 [8] 02 38 00 00 08 24 01 21 
[keepalive] twai_transmit() -> ESP_OK
[265s] OK V=54.10V I=+0.3A T=25.4C SOC=100% SOH=99% | CVL=56.8V CCL=0.0A DCL=208.4A | chg=0 dis=1 fc1=0 fc2=0 | prot=0000 warn=0000 | packs=2 | inv0x305=no
BAT RX 0x330 [8] 02 0D 02 01 0D 43 0D 2E 
BAT RX 0x329 [8] 02 00 1A 25 02 00 40 D1 
BAT RX 0x323 [8] 20 0E 10 00 00 00 00 00 
BAT RX 0x324 [8] 01 39 35 32 32 30 36 32 
BAT RX 0x322 [8] 01 14 00 E8 03 01 64 64 
BAT RX 0x320 [8] 50 41 C3 85 85 00 00 00 
BAT RX 0x319 [8] 40 0D 43 0D 2E 1D 11 00 
BAT RX 0x318 [8] 0D 31 0D 2F 0D 2F 0D 2E 
BAT RX 0x317 [8] 0D 43 0D 42 0D 41 0D 41 
BAT RX 0x316 [8] 0D 38 0D 37 0D 37 0D 30 
BAT RX 0x315 [8] 0D 3D 0D 3C 0D 3C 0D 3C 
BAT RX 0x314 [8] 5B 54 5B 54 00 15 05 44 
BAT RX 0x313 [8] 15 22 00 03 00 FE 64 63 
BAT RX 0x312 [8] 00 00 00 00 02 02 00 00 
BAT RX 0x311 [8] 02 38 00 00 08 24 01 21 
[keepalive] twai_transmit() -> ESP_OK
BAT RX 0x330 [8] 02 0D 02 01 0D 43 0D 2E 
BAT RX 0x329 [8] 01 00 22 9C 01 00 40 35 
BAT RX 0x323 [8] 20 0E 10 00 00 00 00 00 
BAT RX 0x324 [8] 02 43 30 37 00 00 00 00 
BAT RX 0x322 [8] 01 14 00 E8 03 01 64 64 
BAT RX 0x320 [8] 50 41 C3 85 85 00 00 00 
BAT RX 0x319 [8] 40 0D 43 0D 2E 1D 11 00 
BAT RX 0x318 [8] 0D 31 0D 2F 0D 2F 0D 2E 
BAT RX 0x317 [8] 0D 43 0D 42 0D 41 0D 40 
BAT RX 0x316 [8] 0D 38 0D 37 0D 37 0D 30 
BAT RX 0x315 [8] 0D 3D 0D 3C 0D 3C 0D 3C 
BAT RX 0x314 [8] 5B 54 5B 54 00 15 05 44 
BAT RX 0x313 [8] 15 22 00 03 00 FE 64 63 
BAT RX 0x312 [8] 00 00 00 00 02 02 00 00 
BAT RX 0x311 [8] 02 38 00 00 08 24 01 21 
[keepalive] twai_transmit() -> ESP_OK
[267s] OK V=54.10V I=+0.3A T=25.4C SOC=100% SOH=99% | CVL=56.8V CCL=0.0A DCL=208.4A | chg=0 dis=1 fc1=0 fc2=0 | prot=0000 warn=0000 | packs=2 | inv0x305=no
BAT RX 0x330 [8] 02 0D 02 01 0D 44 0D 2E 
BAT RX 0x329 [8] 02 00 1A 25 02 00 40 D1 
BAT RX 0x323 [8] 20 0E 10 00 00 00 00 00 
BAT RX 0x324 [8] 00 02 47 50 4A 30 32 31 
BAT RX 0x322 [8] 01 14 00 E8 03 01 64 64 
BAT RX 0x320 [8] 50 41 C3 85 85 00 00 00 
BAT RX 0x319 [8] 40 0D 44 0D 2E 1D 11 00 
BAT RX 0x318 [8] 0D 30 0D 2F 0D 2F 0D 2E 
BAT RX 0x317 [8] 0D 44 0D 42 0D 41 0D 40 
BAT RX 0x316 [8] 0D 37 0D 37 0D 37 0D 30 
BAT RX 0x315 [8] 0D 3D 0D 3D 0D 3D 0D 3C 
BAT RX 0x314 [8] 5B 54 5B 54 00 16 05 44 
BAT RX 0x313 [8] 15 22 00 00 00 FE 64 63 
BAT RX 0x312 [8] 00 00 00 00 02 02 00 00 
BAT RX 0x311 [8] 02 38 00 00 08 24 01 21 
[keepalive] twai_transmit() -> ESP_OK
BAT RX 0x330 [8] 02 0D 02 01 0D 44 0D 2E 
BAT RX 0x329 [8] 01 00 22 9C 01 00 40 35 
BAT RX 0x323 [8] 20 0E 10 00 00 00 00 00 
BAT RX 0x324 [8] 01 39 35 32 32 30 36 32 
BAT RX 0x322 [8] 01 14 00 E8 03 01 64 64 
BAT RX 0x320 [8] 50 41 C3 85 85 00 00 00 
BAT RX 0x319 [8] 40 0D 44 0D 2E 1D 11 00 
BAT RX 0x318 [8] 0D 31 0D 2F 0D 2E 0D 2E 
BAT RX 0x317 [8] 0D 44 0D 41 0D 40 0D 40 
BAT RX 0x316 [8] 0D 38 0D 38 0D 37 0D 30 
BAT RX 0x315 [8] 0D 3D 0D 3C 0D 3C 0D 3C 
BAT RX 0x314 [8] 5B 54 5B 54 00 16 05 44 
BAT RX 0x313 [8] 15 22 00 03 00 FE 64 63 
BAT RX 0x312 [8] 00 00 00 00 02 02 00 00 
BAT RX 0x311 [8] 02 38 00 00 08 24 01 21 
[keepalive] twai_transmit() -> ESP_OK
[269s] OK V=54.10V I=+0.3A T=25.4C SOC=100% SOH=99% | CVL=56.8V CCL=0.0A DCL=208.4A | chg=0 dis=1 fc1=0 fc2=0 | prot=0000 warn=0000 | packs=2 | inv0x305=no

---- battery-bus rate stats (VERBOSE_STATS) ----------------------------
  3296 frames, 270 s elapsed
  ID     count   period(ms)  (min-max gap)
  0x312     220    994 (7-1000)
  0x313     220    993 (3-1000)
  0x314     220    993 (4-1000)
  0x315     220    993 (4-1000)
  0x316     220    993 (3-1000)
  0x317     220    993 (3-1000)
  0x318     220    993 (4-1000)
  0x319     220    993 (4-1000)
  0x320     220    993 (4-1000)
  0x322     220    993 (4-1000)
  0x311     220    994 (4-1000)
  0x323     219    998 (767-1000)
  0x324     219    998 (768-1000)
  0x329     219    998 (757-1000)
  0x330     219    998 (746-1000)
--------------------------------------------------------------------------

  TWAI: state=RUNNING  tx_err=0 rx_err=0  tx_failed=0  rx_missed=0 rx_overrun=0  arb_lost=0  bus_err=190881
BAT RX 0x330 [8] 02 0D 02 01 0D 43 0D 2E 
BAT RX 0x329 [8] 02 00 1A 25 02 00 40 D1 
BAT RX 0x323 [8] 20 0E 10 00 00 00 00 00 
BAT RX 0x324 [8] 02 42 42 37 00 00 00 00 
BAT RX 0x322 [8] 01 14 00 E8 03 01 64 64 
BAT RX 0x320 [8] 50 41 C3 85 85 00 00 00 
BAT RX 0x319 [8] 40 0D 43 0D 2E 1D 11 00 
BAT RX 0x318 [8] 0D 31 0D 2F 0D 2F 0D 2E 
BAT RX 0x317 [8] 0D 43 0D 42 0D 41 0D 40 
BAT RX 0x316 [8] 0D 38 0D 37 0D 37 0D 30 
BAT RX 0x315 [8] 0D 3D 0D 3D 0D 3C 0D 3C 
BAT RX 0x314 [8] 5B 54 5B 54 00 15 05 44 
BAT RX 0x313 [8] 15 22 00 03 00 FE 64 63 
BAT RX 0x312 [8] 00 00 00 00 02 02 00 00 
BAT RX 0x311 [8] 02 38 00 00 08 24 01 21 
[keepalive] twai_transmit() -> ESP_OK
BAT RX 0x330 [8] 02 0D 02 01 0D 43 0D 2E 
BAT RX 0x329 [8] 01 00 22 9C 01 00 40 35 
BAT RX 0x323 [8] 20 0E 10 00 00 00 00 00 
BAT RX 0x324 [8] 00 01 47 50 4A 30 32 31 
BAT RX 0x322 [8] 01 14 00 E8 03 01 64 64 
BAT RX 0x320 [8] 50 41 C3 85 85 00 00 00 
BAT RX 0x319 [8] 40 0D 43 0D 2E 1D 11 00 
BAT RX 0x318 [8] 0D 30 0D 2F 0D 2F 0D 2E 
BAT RX 0x317 [8] 0D 43 0D 42 0D 41 0D 40 
BAT RX 0x316 [8] 0D 37 0D 37 0D 36 0D 30 
BAT RX 0x315 [8] 0D 3D 0D 3D 0D 3D 0D 3C 
BAT RX 0x314 [8] 5B 54 5B 54 00 15 05 44 
BAT RX 0x313 [8] 15 22 00 03 00 FE 64 63 
BAT RX 0x312 [8] 00 00 00 00 02 02 00 00 
BAT RX 0x311 [8] 02 38 00 00 08 24 01 21 
[keepalive] twai_transmit() -> ESP_OK
[271s] OK V=54.10V I=+0.3A T=25.4C SOC=100% SOH=99% | CVL=56.8V CCL=0.0A DCL=208.4A | chg=0 dis=1 fc1=0 fc2=0 | prot=0000 warn=0000 | packs=2 | inv0x305=no
BAT RX 0x330 [8] 02 0D 02 01 0D 43 0D 2E 
BAT RX 0x329 [8] 02 00 1A 25 02 00 40 D1 
BAT RX 0x323 [8] 20 0E 10 00 00 00 00 00 
BAT RX 0x324 [8] 01 39 35 32 32 30 36 32 
BAT RX 0x322 [8] 01 14 00 E8 03 01 64 64 
BAT RX 0x320 [8] 50 41 C3 85 85 00 00 00 
BAT RX 0x319 [8] 40 0D 43 0D 2E 1D 11 00 
BAT RX 0x318 [8] 0D 31 0D 2F 0D 2E 0D 2E 
BAT RX 0x317 [8] 0D 43 0D 41 0D 41 0D 40 
BAT RX 0x316 [8] 0D 38 0D 37 0D 37 0D 30 
BAT RX 0x315 [8] 0D 3D 0D 3C 0D 3C 0D 3C 
BAT RX 0x314 [8] 5B 54 5B 54 00 15 05 44 
BAT RX 0x313 [8] 15 22 00 00 00 FE 64 63 
BAT RX 0x312 [8] 00 00 00 00 02 02 00 00 
BAT RX 0x311 [8] 02 38 00 00 08 24 01 21 
[keepalive] twai_transmit() -> ESP_OK
BAT RX 0x330 [8] 02 0D 02 01 0D 43 0D 2E 
BAT RX 0x329 [8] 01 00 22 9C 01 00 40 35 
BAT RX 0x323 [8] 20 0E 10 00 00 00 00 00 
BAT RX 0x324 [8] 02 43 30 37 00 00 00 00 
BAT RX 0x322 [8] 01 14 00 E8 03 01 64 64 
BAT RX 0x320 [8] 50 41 C3 85 85 00 00 00 
BAT RX 0x319 [8] 40 0D 43 0D 2E 1D 11 00 
BAT RX 0x318 [8] 0D 30 0D 2F 0D 2F 0D 2E 
BAT RX 0x317 [8] 0D 43 0D 42 0D 40 0D 40 
BAT RX 0x316 [8] 0D 37 0D 37 0D 37 0D 30 
BAT RX 0x315 [8] 0D 3D 0D 3D 0D 3D 0D 3C 
BAT RX 0x314 [8] 5B 54 5B 54 00 15 05 44 
BAT RX 0x313 [8] 15 22 00 03 00 FE 64 63 
BAT RX 0x312 [8] 00 00 00 00 02 02 00 00 
BAT RX 0x311 [8] 02 38 00 00 08 24 01 21 
[keepalive] twai_transmit() -> ESP_OK
[273s] OK V=54.10V I=+0.3A T=25.4C SOC=100% SOH=99% | CVL=56.8V CCL=0.0A DCL=208.4A | chg=0 dis=1 fc1=0 fc2=0 | prot=0000 warn=0000 | packs=2 | inv0x305=no
BAT RX 0x330 [8] 02 0D 02 01 0D 43 0D 2D 
BAT RX 0x329 [8] 02 00 1A 25 02 00 40 D1 
BAT RX 0x323 [8] 20 0E 10 00 00 00 00 00 
BAT RX 0x324 [8] 00 02 47 50 4A 30 32 31 
BAT RX 0x322 [8] 01 14 00 E8 03 01 64 64 
BAT RX 0x320 [8] 50 41 C3 85 85 00 00 00 
BAT RX 0x319 [8] 40 0D 43 0D 2D 1D 11 00 
BAT RX 0x318 [8] 0D 30 0D 2F 0D 2E 0D 2D 
BAT RX 0x317 [8] 0D 43 0D 41 0D 41 0D 40 
BAT RX 0x316 [8] 0D 37 0D 37 0D 37 0D 30 
BAT RX 0x315 [8] 0D 3D 0D 3C 0D 3C 0D 3C 
BAT RX 0x314 [8] 5B 54 5B 54 00 16 05 44 
BAT RX 0x313 [8] 15 22 00 03 00 FE 64 63 
BAT RX 0x312 [8] 00 00 00 00 02 02 00 00 
BAT RX 0x311 [8] 02 38 00 00 08 24 01 21 
[keepalive] twai_transmit() -> ESP_OK
BAT RX 0x330 [8] 02 0D 02 01 0D 43 0D 2E 
BAT RX 0x329 [8] 01 00 22 9C 01 00 40 35 
BAT RX 0x323 [8] 20 0E 10 00 00 00 00 00 
BAT RX 0x324 [8] 01 39 35 32 32 30 36 32 
BAT RX 0x322 [8] 01 14 00 E8 03 01 64 64 
BAT RX 0x320 [8] 50 41 C3 85 85 00 00 00 
BAT RX 0x319 [8] 40 0D 43 0D 2E 1D 11 00 
BAT RX 0x318 [8] 0D 30 0D 2F 0D 2F 0D 2E 
BAT RX 0x317 [8] 0D 43 0D 41 0D 41 0D 40 
BAT RX 0x316 [8] 0D 37 0D 37 0D 36 0D 30 
BAT RX 0x315 [8] 0D 3D 0D 3C 0D 3C 0D 3C 
BAT RX 0x314 [8] 5B 54 5B 54 00 15 05 44 
BAT RX 0x313 [8] 15 22 00 00 00 FE 64 63 
BAT RX 0x312 [8] 00 00 00 00 02 02 00 00 
BAT RX 0x311 [8] 02 38 00 00 08 24 01 21 
[keepalive] twai_transmit() -> ESP_OK
[275s] OK V=54.10V I=+0.0A T=25.4C SOC=100% SOH=99% | CVL=56.8V CCL=0.0A DCL=208.4A | chg=0 dis=1 fc1=0 fc2=0 | prot=0000 warn=0000 | packs=2 | inv0x305=no
BAT RX 0x330 [8] 02 0D 02 01 0D 43 0D 2E 
BAT RX 0x329 [8] 02 00 1A 25 02 00 40 D1 
BAT RX 0x323 [8] 20 0E 10 00 00 00 00 00 
BAT RX 0x324 [8] 02 42 42 37 00 00 00 00 
BAT RX 0x322 [8] 01 14 00 E8 03 01 64 64 
BAT RX 0x320 [8] 50 41 C3 85 85 00 00 00 
BAT RX 0x319 [8] 40 0D 43 0D 2E 1D 11 00 
BAT RX 0x318 [8] 0D 30 0D 2F 0D 2F 0D 2E 
BAT RX 0x317 [8] 0D 43 0D 41 0D 41 0D 40 
BAT RX 0x316 [8] 0D 37 0D 37 0D 36 0D 2F 
BAT RX 0x315 [8] 0D 3C 0D 3C 0D 3C 0D 3C 
BAT RX 0x314 [8] 5B 54 5B 54 00 15 05 44 
BAT RX 0x313 [8] 15 22 00 03 00 FE 64 63 
BAT RX 0x312 [8] 00 00 00 00 02 02 00 00 
BAT RX 0x311 [8] 02 38 00 00 08 24 01 21 
[keepalive] twai_transmit() -> ESP_OK
BAT RX 0x330 [8] 02 0D 02 01 0D 43 0D 2E 
BAT RX 0x329 [8] 01 00 22 9C 01 00 40 35 
BAT RX 0x323 [8] 20 0E 10 00 00 00 00 00 
BAT RX 0x324 [8] 00 01 47 50 4A 30 32 31 
BAT RX 0x322 [8] 01 14 00 E8 03 01 64 64 
BAT RX 0x320 [8] 50 41 C3 85 85 00 00 00 
BAT RX 0x319 [8] 40 0D 43 0D 2E 1D 11 00 
BAT RX 0x318 [8] 0D 30 0D 2F 0D 2E 0D 2E 
BAT RX 0x317 [8] 0D 43 0D 41 0D 40 0D 40 
BAT RX 0x316 [8] 0D 37 0D 37 0D 37 0D 2F 
BAT RX 0x315 [8] 0D 3D 0D 3C 0D 3C 0D 3C 
BAT RX 0x314 [8] 5B 54 5B 54 00 15 05 44 
BAT RX 0x313 [8] 15 22 00 00 00 FE 64 63 
BAT RX 0x312 [8] 00 00 00 00 02 02 00 00 
BAT RX 0x311 [8] 02 38 00 00 08 24 01 21 
[keepalive] twai_transmit() -> ESP_OK
[277s] OK V=54.10V I=+0.0A T=25.4C SOC=100% SOH=99% | CVL=56.8V CCL=0.0A DCL=208.4A | chg=0 dis=1 fc1=0 fc2=0 | prot=0000 warn=0000 | packs=2 | inv0x305=no
BAT RX 0x330 [8] 02 0D 02 01 0D 43 0D 2E 
BAT RX 0x329 [8] 02 00 1A 25 02 00 40 D1 
BAT RX 0x323 [8] 20 0E 10 00 00 00 00 00 
BAT RX 0x324 [8] 01 39 35 32 32 30 36 32 
BAT RX 0x322 [8] 01 14 00 E8 03 01 64 64 
BAT RX 0x320 [8] 50 41 C3 85 85 00 00 00 
BAT RX 0x319 [8] 40 0D 43 0D 2E 1D 11 00 
BAT RX 0x318 [8] 0D 30 0D 2F 0D 2F 0D 2E 
BAT RX 0x317 [8] 0D 43 0D 41 0D 40 0D 40 
BAT RX 0x316 [8] 0D 37 0D 37 0D 36 0D 2F 
BAT RX 0x315 [8] 0D 3D 0D 3C 0D 3C 0D 3C 
BAT RX 0x314 [8] 5B 54 5B 54 00 15 05 44 
BAT RX 0x313 [8] 15 22 00 03 00 FE 64 63 
BAT RX 0x312 [8] 00 00 00 00 02 02 00 00 
BAT RX 0x311 [8] 02 38 00 00 08 24 01 21 
[keepalive] twai_transmit() -> ESP_OK
BAT RX 0x330 [8] 02 0D 02 01 0D 43 0D 2E 
BAT RX 0x329 [8] 01 00 22 9C 01 00 40 35 
BAT RX 0x323 [8] 20 0E 10 00 00 00 00 00 
BAT RX 0x324 [8] 02 43 30 37 00 00 00 00 
BAT RX 0x322 [8] 01 14 00 E8 03 01 64 64 
BAT RX 0x320 [8] 50 41 C3 85 85 00 00 00 
BAT RX 0x319 [8] 40 0D 43 0D 2E 1D 11 00 
BAT RX 0x318 [8] 0D 30 0D 2E 0D 2E 0D 2E 
BAT RX 0x317 [8] 0D 43 0D 41 0D 40 0D 40 
BAT RX 0x316 [8] 0D 37 0D 37 0D 37 0D 30 
BAT RX 0x315 [8] 0D 3C 0D 3C 0D 3C 0D 3C 
BAT RX 0x314 [8] 5B 54 5B 54 00 15 05 44 
BAT RX 0x313 [8] 15 22 00 03 00 FE 64 63 
BAT RX 0x312 [8] 00 00 00 00 02 02 00 00 
BAT RX 0x311 [8] 02 38 00 00 08 24 01 21 
[keepalive] twai_transmit() -> ESP_OK
[279s] OK V=54.10V I=+0.3A T=25.4C SOC=100% SOH=99% | CVL=56.8V CCL=0.0A DCL=208.4A | chg=0 dis=1 fc1=0 fc2=0 | prot=0000 warn=0000 | packs=2 | inv0x305=no
BAT RX 0x330 [8] 02 0D 02 01 0D 42 0D 2E 
BAT RX 0x329 [8] 02 00 1A 25 02 00 40 D1 
BAT RX 0x323 [8] 20 0E 10 00 00 00 00 00 
BAT RX 0x324 [8] 00 02 47 50 4A 30 32 31 
BAT RX 0x322 [8] 01 14 00 E8 03 01 64 64 
BAT RX 0x320 [8] 50 41 C3 85 85 00 00 00 
BAT RX 0x319 [8] 40 0D 42 0D 2E 1D 11 00 
BAT RX 0x318 [8] 0D 30 0D 2F 0D 2E 0D 2E 
BAT RX 0x317 [8] 0D 42 0D 41 0D 40 0D 40 
BAT RX 0x316 [8] 0D 38 0D 37 0D 37 0D 2F 
BAT RX 0x315 [8] 0D 3C 0D 3C 0D 3C 0D 3C 
BAT RX 0x314 [8] 5B 54 5B 54 00 14 05 44 
BAT RX 0x313 [8] 15 22 00 00 00 FE 64 63 
BAT RX 0x312 [8] 00 00 00 00 02 02 00 00 
BAT RX 0x311 [8] 02 38 00 00 08 24 01 21 
[keepalive] twai_transmit() -> ESP_OK
BAT RX 0x330 [8] 02 0D 02 01 0D 43 0D 2E 
BAT RX 0x329 [8] 01 00 22 9C 01 00 40 35 
BAT RX 0x323 [8] 20 0E 10 00 00 00 00 00 
BAT RX 0x324 [8] 01 39 35 32 32 30 36 32 
BAT RX 0x322 [8] 01 14 00 E8 03 01 64 64 
BAT RX 0x320 [8] 50 41 C3 85 85 00 00 00 
BAT RX 0x319 [8] 40 0D 43 0D 2E 1D 11 00 
BAT RX 0x318 [8] 0D 30 0D 2F 0D 2E 0D 2E 
BAT RX 0x317 [8] 0D 43 0D 41 0D 41 0D 40 
BAT RX 0x316 [8] 0D 38 0D 37 0D 36 0D 2F 
BAT RX 0x315 [8] 0D 3C 0D 3C 0D 3C 0D 3B 
BAT RX 0x314 [8] 5B 54 5B 54 00 15 05 44 
BAT RX 0x313 [8] 15 22 00 03 00 FE 64 63 
BAT RX 0x312 [8] 00 00 00 00 02 02 00 00 
BAT RX 0x311 [8] 02 38 00 00 08 24 01 21 
[keepalive] twai_transmit() -> ESP_OK
[281s] OK V=54.10V I=+0.3A T=25.4C SOC=100% SOH=99% | CVL=56.8V CCL=0.0A DCL=208.4A | chg=0 dis=1 fc1=0 fc2=0 | prot=0000 warn=0000 | packs=2 | inv0x305=no
BAT RX 0x330 [8] 02 0D 02 01 0D 42 0D 2D 
BAT RX 0x329 [8] 02 00 1A 25 02 00 40 D1 
BAT RX 0x323 [8] 20 0E 10 00 00 00 00 00 
BAT RX 0x324 [8] 02 42 42 37 00 00 00 00 
BAT RX 0x322 [8] 01 14 00 E8 03 01 64 64 
BAT RX 0x320 [8] 50 41 C3 85 85 00 00 00 
BAT RX 0x319 [8] 40 0D 42 0D 2D 1D 11 00 
BAT RX 0x318 [8] 0D 30 0D 2F 0D 2E 0D 2D 
BAT RX 0x317 [8] 0D 42 0D 41 0D 40 0D 40 
BAT RX 0x316 [8] 0D 37 0D 37 0D 36 0D 2F 
BAT RX 0x315 [8] 0D 3C 0D 3C 0D 3C 0D 3C 
BAT RX 0x314 [8] 5B 54 5B 54 00 15 05 44 
BAT RX 0x313 [8] 15 22 00 00 00 FE 64 63 
BAT RX 0x312 [8] 00 00 00 00 02 02 00 00 
BAT RX 0x311 [8] 02 38 00 00 08 24 01 21 
[keepalive] twai_transmit() -> ESP_OK
BAT RX 0x330 [8] 02 0D 02 01 0D 43 0D 2D 
BAT RX 0x329 [8] 01 00 22 9C 01 00 40 35 
BAT RX 0x323 [8] 20 0E 10 00 00 00 00 00 
BAT RX 0x324 [8] 00 01 47 50 4A 30 32 31 
BAT RX 0x322 [8] 01 14 00 E8 03 01 64 64 
BAT RX 0x320 [8] 50 41 C3 85 85 00 00 00 
BAT RX 0x319 [8] 40 0D 43 0D 2D 1D 11 00 
BAT RX 0x318 [8] 0D 30 0D 2F 0D 2F 0D 2D 
BAT RX 0x317 [8] 0D 43 0D 41 0D 40 0D 40 
BAT RX 0x316 [8] 0D 37 0D 37 0D 36 0D 2F 
BAT RX 0x315 [8] 0D 3C 0D 3C 0D 3C 0D 3C 
BAT RX 0x314 [8] 5B 54 5B 54 00 16 05 44 
BAT RX 0x313 [8] 15 22 00 00 00 FE 64 63 
BAT RX 0x312 [8] 00 00 00 00 02 02 00 00 
BAT RX 0x311 [8] 02 38 00 00 08 24 01 21 
[keepalive] twai_transmit() -> ESP_OK
[283s] OK V=54.10V I=+0.0A T=25.4C SOC=100% SOH=99% | CVL=56.8V CCL=0.0A DCL=208.4A | chg=0 dis=1 fc1=0 fc2=0 | prot=0000 warn=0000 | packs=2 | inv0x305=no
BAT RX 0x330 [8] 02 0D 02 01 0D 42 0D 2D 
BAT RX 0x329 [8] 02 00 1A 25 02 00 40 D1 
BAT RX 0x323 [8] 20 0E 10 00 00 00 00 00 
BAT RX 0x324 [8] 01 39 35 32 32 30 36 32 
BAT RX 0x322 [8] 01 14 00 E8 03 01 64 64 
BAT RX 0x320 [8] 50 41 C3 85 85 00 00 00 
BAT RX 0x319 [8] 40 0D 42 0D 2D 1D 11 00 
BAT RX 0x318 [8] 0D 30 0D 2F 0D 2E 0D 2D 
BAT RX 0x317 [8] 0D 42 0D 41 0D 40 0D 3F 
BAT RX 0x316 [8] 0D 37 0D 37 0D 36 0D 2F 
BAT RX 0x315 [8] 0D 3C 0D 3C 0D 3C 0D 3C 
BAT RX 0x314 [8] 5B 54 5B 54 00 15 05 44 
BAT RX 0x313 [8] 15 22 00 03 00 FE 64 63 
BAT RX 0x312 [8] 00 00 00 00 02 02 00 00 
BAT RX 0x311 [8] 02 38 00 00 08 24 01 21 
[keepalive] twai_transmit() -> ESP_OK

---- battery-bus rate stats (VERBOSE_STATS) ----------------------------
  3521 frames, 285 s elapsed
  ID     count   period(ms)  (min-max gap)
  0x312     235    994 (7-1000)
  0x313     235    994 (3-1000)
  0x314     235    994 (4-1000)
  0x315     235    994 (4-1000)
  0x316     235    994 (3-1000)
  0x317     235    994 (3-1000)
  0x318     235    994 (4-1000)
  0x319     235    994 (4-1000)
  0x320     235    994 (4-1000)
  0x322     235    993 (4-1000)
  0x311     235    994 (4-1000)
  0x323     234    998 (767-1000)
  0x324     234    998 (768-1000)
  0x329     234    998 (757-1000)
  0x330     234    998 (746-1000)
--------------------------------------------------------------------------

  TWAI: state=RUNNING  tx_err=0 rx_err=0  tx_failed=0  rx_missed=0 rx_overrun=0  arb_lost=0  bus_err=190881
BAT RX 0x330 [8] 02 0D 02 01 0D 43 0D 2E 
BAT RX 0x329 [8] 01 00 22 9C 01 00 40 35 
BAT RX 0x323 [8] 20 0E 10 00 00 00 00 00 
BAT RX 0x324 [8] 02 43 30 37 00 00 00 00 
BAT RX 0x322 [8] 01 14 00 E8 03 01 64 64 
BAT RX 0x320 [8] 50 41 C3 85 85 00 00 00 
BAT RX 0x319 [8] 40 0D 43 0D 2E 1D 11 00 
BAT RX 0x318 [8] 0D 30 0D 2F 0D 2E 0D 2E 
BAT RX 0x317 [8] 0D 43 0D 41 0D 40 0D 40 
BAT RX 0x316 [8] 0D 37 0D 37 0D 37 0D 2F 
BAT RX 0x315 [8] 0D 3C 0D 3C 0D 3C 0D 3B 
BAT RX 0x314 [8] 5B 54 5B 54 00 15 05 44 
BAT RX 0x313 [8] 15 22 00 00 00 FE 64 63 
BAT RX 0x312 [8] 00 00 00 00 02 02 00 00 
BAT RX 0x311 [8] 02 38 00 00 08 24 01 21 
[keepalive] twai_transmit() -> ESP_OK
[285s] OK V=54.10V I=+0.0A T=25.4C SOC=100% SOH=99% | CVL=56.8V CCL=0.0A DCL=208.4A | chg=0 dis=1 fc1=0 fc2=0 | prot=0000 warn=0000 | packs=2 | inv0x305=no
BAT RX 0x330 [8] 02 0D 02 01 0D 42 0D 2E 
BAT RX 0x329 [8] 02 00 1A 25 02 00 40 D1 
BAT RX 0x323 [8] 20 0E 10 00 00 00 00 00 
BAT RX 0x324 [8] 00 02 47 50 4A 30 32 31 
BAT RX 0x322 [8] 01 14 00 E8 03 01 64 64 
BAT RX 0x320 [8] 50 41 C3 85 85 00 00 00 
BAT RX 0x319 [8] 40 0D 42 0D 2E 1D 11 00 
BAT RX 0x318 [8] 0D 30 0D 2F 0D 2E 0D 2E 
BAT RX 0x317 [8] 0D 42 0D 41 0D 40 0D 40 
BAT RX 0x316 [8] 0D 37 0D 37 0D 36 0D 2F 
BAT RX 0x315 [8] 0D 3C 0D 3C 0D 3C 0D 3C 
BAT RX 0x314 [8] 5B 54 5B 54 00 14 05 44 
BAT RX 0x313 [8] 15 22 00 03 00 FE 64 63 
BAT RX 0x312 [8] 00 00 00 00 02 02 00 00 
BAT RX 0x311 [8] 02 38 00 00 08 24 01 21 
[keepalive] twai_transmit() -> ESP_OK
BAT RX 0x330 [8] 02 0D 02 01 0D 42 0D 2E 
BAT RX 0x329 [8] 01 00 22 9C 01 00 40 35 
BAT RX 0x323 [8] 20 0E 10 00 00 00 00 00 
BAT RX 0x324 [8] 01 39 35 32 32 30 36 32 
BAT RX 0x322 [8] 01 14 00 E8 03 01 64 64 
BAT RX 0x320 [8] 50 41 C3 85 85 00 00 00 
BAT RX 0x319 [8] 40 0D 42 0D 2E 1D 11 00 
BAT RX 0x318 [8] 0D 30 0D 2F 0D 2E 0D 2E 
BAT RX 0x317 [8] 0D 42 0D 41 0D 40 0D 40 
BAT RX 0x316 [8] 0D 37 0D 37 0D 36 0D 2F 
BAT RX 0x315 [8] 0D 3C 0D 3C 0D 3B 0D 3B 
BAT RX 0x314 [8] 5B 54 5B 54 00 14 05 44 
BAT RX 0x313 [8] 15 22 00 00 00 FE 64 63 
BAT RX 0x312 [8] 00 00 00 00 02 02 00 00 
BAT RX 0x311 [8] 02 38 00 00 08 24 01 21 
[keepalive] twai_transmit() -> ESP_OK
[287s] OK V=54.10V I=+0.0A T=25.4C SOC=100% SOH=99% | CVL=56.8V CCL=0.0A DCL=208.4A | chg=0 dis=1 fc1=0 fc2=0 | prot=0000 warn=0000 | packs=2 | inv0x305=no
BAT RX 0x330 [8] 02 0D 02 01 0D 43 0D 2E 
BAT RX 0x329 [8] 02 00 1A 25 02 00 40 D1 
BAT RX 0x323 [8] 20 0E 10 00 00 00 00 00 
BAT RX 0x324 [8] 02 42 42 37 00 00 00 00 
BAT RX 0x322 [8] 01 14 00 E8 03 01 64 64 
BAT RX 0x320 [8] 50 41 C3 85 85 00 00 00 
BAT RX 0x319 [8] 40 0D 43 0D 2E 1D 11 00 
BAT RX 0x318 [8] 0D 30 0D 2F 0D 2E 0D 2E 
BAT RX 0x317 [8] 0D 43 0D 41 0D 40 0D 40 
BAT RX 0x316 [8] 0D 37 0D 37 0D 36 0D 2F 
BAT RX 0x315 [8] 0D 3C 0D 3C 0D 3C 0D 3C 
BAT RX 0x314 [8] 5B 54 5B 54 00 15 05 44 
BAT RX 0x313 [8] 15 22 00 03 00 FE 64 63 
BAT RX 0x312 [8] 00 00 00 00 02 02 00 00 
BAT RX 0x311 [8] 02 38 00 00 08 24 01 21 
[keepalive] twai_transmit() -> ESP_OK
BAT RX 0x330 [8] 02 0D 02 01 0D 42 0D 2D 
BAT RX 0x329 [8] 01 00 22 9C 01 00 40 35 
BAT RX 0x323 [8] 20 0E 10 00 00 00 00 00 
BAT RX 0x324 [8] 00 01 47 50 4A 30 32 31 
BAT RX 0x322 [8] 01 14 00 E8 03 01 64 64 
BAT RX 0x320 [8] 50 41 C3 85 85 00 00 00 
BAT RX 0x319 [8] 40 0D 42 0D 2D 1D 11 00 
BAT RX 0x318 [8] 0D 30 0D 2F 0D 2E 0D 2D 
BAT RX 0x317 [8] 0D 42 0D 41 0D 40 0D 40 
BAT RX 0x316 [8] 0D 37 0D 37 0D 36 0D 2F 
BAT RX 0x315 [8] 0D 3C 0D 3C 0D 3C 0D 3C 
BAT RX 0x314 [8] 5B 54 5B 54 00 15 05 44 
BAT RX 0x313 [8] 15 22 00 00 00 FE 64 63 
BAT RX 0x312 [8] 00 00 00 00 02 02 00 00 
BAT RX 0x311 [8] 02 38 00 00 08 24 01 21 
[keepalive] twai_transmit() -> ESP_OK
[289s] OK V=54.10V I=+0.0A T=25.4C SOC=100% SOH=99% | CVL=56.8V CCL=0.0A DCL=208.4A | chg=0 dis=1 fc1=0 fc2=0 | prot=0000 warn=0000 | packs=2 | inv0x305=no
BAT RX 0x330 [8] 02 0D 02 01 0D 43 0D 2E 
BAT RX 0x329 [8] 02 00 1A 25 02 00 40 D1 
BAT RX 0x323 [8] 20 0E 10 00 00 00 00 00 
BAT RX 0x324 [8] 01 39 35 32 32 30 36 32 
BAT RX 0x322 [8] 01 14 00 E8 03 01 64 64 
BAT RX 0x320 [8] 50 41 C3 85 85 00 00 00 
BAT RX 0x319 [8] 40 0D 43 0D 2E 1D 11 00 
BAT RX 0x318 [8] 0D 30 0D 2E 0D 2E 0D 2E 
BAT RX 0x317 [8] 0D 43 0D 40 0D 40 0D 3F 
BAT RX 0x316 [8] 0D 37 0D 37 0D 36 0D 2F 
BAT RX 0x315 [8] 0D 3C 0D 3C 0D 3C 0D 3C 
BAT RX 0x314 [8] 5B 54 5B 54 00 15 05 44 
BAT RX 0x313 [8] 15 22 00 03 00 FE 64 63 
BAT RX 0x312 [8] 00 00 00 00 02 02 00 00 
BAT RX 0x311 [8] 02 38 00 00 08 24 01 21 
[keepalive] twai_transmit() -> ESP_OK
BAT RX 0x330 [8] 02 0D 02 01 0D 43 0D 2D 
BAT RX 0x329 [8] 01 00 22 9C 01 00 40 35 
BAT RX 0x323 [8] 20 0E 10 00 00 00 00 00 
BAT RX 0x324 [8] 02 43 30 37 00 00 00 00 
BAT RX 0x322 [8] 01 14 00 E8 03 01 64 64 
BAT RX 0x320 [8] 50 41 C3 85 85 00 00 00 
BAT RX 0x319 [8] 40 0D 43 0D 2D 1D 11 00 
BAT RX 0x318 [8] 0D 30 0D 2F 0D 2E 0D 2D 
BAT RX 0x317 [8] 0D 43 0D 41 0D 40 0D 40 
BAT RX 0x316 [8] 0D 37 0D 36 0D 36 0D 2F 
BAT RX 0x315 [8] 0D 3C 0D 3C 0D 3C 0D 3B 
BAT RX 0x314 [8] 5B 54 5B 54 00 16 05 44 
BAT RX 0x313 [8] 15 22 00 03 00 FE 64 63 
BAT RX 0x312 [8] 00 00 00 00 02 02 00 00 
BAT RX 0x311 [8] 02 38 00 00 08 24 01 21 
[keepalive] twai_transmit() -> ESP_OK
[291s] OK V=54.10V I=+0.3A T=25.4C SOC=100% SOH=99% | CVL=56.8V CCL=0.0A DCL=208.4A | chg=0 dis=1 fc1=0 fc2=0 | prot=0000 warn=0000 | packs=2 | inv0x305=no
BAT RX 0x330 [8] 02 0D 02 01 0D 42 0D 2D 
BAT RX 0x329 [8] 02 00 1A 25 02 00 40 D1 
BAT RX 0x323 [8] 20 0E 10 00 00 00 00 00 
BAT RX 0x324 [8] 00 02 47 50 4A 30 32 31 
BAT RX 0x322 [8] 01 14 00 E8 03 01 64 64 
BAT RX 0x320 [8] 50 41 C3 85 85 00 00 00 
BAT RX 0x319 [8] 40 0D 42 0D 2D 1D 11 00 
BAT RX 0x318 [8] 0D 2F 0D 2E 0D 2E 0D 2D 
BAT RX 0x317 [8] 0D 42 0D 41 0D 40 0D 3F 
BAT RX 0x316 [8] 0D 37 0D 36 0D 36 0D 2F 
BAT RX 0x315 [8] 0D 3C 0D 3C 0D 3C 0D 3B 
BAT RX 0x314 [8] 5B 54 5B 54 00 15 05 44 
BAT RX 0x313 [8] 15 22 00 00 00 FE 64 63 
BAT RX 0x312 [8] 00 00 00 00 02 02 00 00 
BAT RX 0x311 [8] 02 38 00 00 08 24 01 21 
[keepalive] twai_transmit() -> ESP_OK
BAT RX 0x330 [8] 02 0D 02 01 0D 42 0D 2D 
BAT RX 0x329 [8] 01 00 22 9C 01 00 40 35 
BAT RX 0x323 [8] 20 0E 10 00 00 00 00 00 
BAT RX 0x324 [8] 01 39 35 32 32 30 36 32 
BAT RX 0x322 [8] 01 14 00 E8 03 01 64 64 
BAT RX 0x320 [8] 50 41 C3 85 85 00 00 00 
BAT RX 0x319 [8] 40 0D 42 0D 2D 1D 11 00 
BAT RX 0x318 [8] 0D 2F 0D 2E 0D 2E 0D 2D 
BAT RX 0x317 [8] 0D 42 0D 41 0D 40 0D 40 
BAT RX 0x316 [8] 0D 37 0D 36 0D 36 0D 2F 
BAT RX 0x315 [8] 0D 3C 0D 3C 0D 3C 0D 3B 
BAT RX 0x314 [8] 5B 54 5B 54 00 15 05 44 
BAT RX 0x313 [8] 15 22 00 00 00 FE 64 63 
BAT RX 0x312 [8] 00 00 00 00 02 02 00 00 
BAT RX 0x311 [8] 02 38 00 00 08 24 01 21 
[keepalive] twai_transmit() -> ESP_OK
[293s] OK V=54.10V I=+0.0A T=25.4C SOC=100% SOH=99% | CVL=56.8V CCL=0.0A DCL=208.4A | chg=0 dis=1 fc1=0 fc2=0 | prot=0000 warn=0000 | packs=2 | inv0x305=no
BAT RX 0x330 [8] 02 0D 02 01 0D 43 0D 2D 
BAT RX 0x329 [8] 02 00 1A 25 02 00 40 D1 
BAT RX 0x323 [8] 20 0E 10 00 00 00 00 00 
BAT RX 0x324 [8] 02 42 42 37 00 00 00 00 
BAT RX 0x322 [8] 01 14 00 E8 03 01 64 64 
BAT RX 0x320 [8] 50 41 C3 85 85 00 00 00 
BAT RX 0x319 [8] 40 0D 43 0D 2D 1D 11 00 
BAT RX 0x318 [8] 0D 30 0D 2E 0D 2E 0D 2D 
BAT RX 0x317 [8] 0D 43 0D 40 0D 40 0D 40 
BAT RX 0x316 [8] 0D 37 0D 36 0D 36 0D 2F 
BAT RX 0x315 [8] 0D 3C 0D 3C 0D 3C 0D 3B 
BAT RX 0x314 [8] 5B 54 5B 54 00 16 05 44 
BAT RX 0x313 [8] 15 22 00 00 00 FE 64 63 
BAT RX 0x312 [8] 00 00 00 00 02 02 00 00 
BAT RX 0x311 [8] 02 38 00 00 08 24 01 21 
[keepalive] twai_transmit() -> ESP_OK
BAT RX 0x330 [8] 02 0D 02 01 0D 43 0D 2D 
BAT RX 0x329 [8] 01 00 22 9C 01 00 40 35 
BAT RX 0x323 [8] 20 0E 10 00 00 00 00 00 
BAT RX 0x324 [8] 00 01 47 50 4A 30 32 31 
BAT RX 0x322 [8] 01 14 00 E8 03 01 64 64 
BAT RX 0x320 [8] 50 41 C3 85 85 00 00 00 
BAT RX 0x319 [8] 40 0D 43 0D 2D 1D 11 00 
BAT RX 0x318 [8] 0D 30 0D 2E 0D 2E 0D 2D 
BAT RX 0x317 [8] 0D 43 0D 40 0D 40 0D 3F 
BAT RX 0x316 [8] 0D 37 0D 36 0D 36 0D 2F 
BAT RX 0x315 [8] 0D 3C 0D 3C 0D 3B 0D 3B 
BAT RX 0x314 [8] 5B 54 5B 54 00 16 05 44 
BAT RX 0x313 [8] 15 22 00 03 00 FE 64 63 
BAT RX 0x312 [8] 00 00 00 00 02 02 00 00 
BAT RX 0x311 [8] 02 38 00 00 08 24 01 21 
[keepalive] twai_transmit() -> ESP_OK
[295s] OK V=54.10V I=+0.3A T=25.4C SOC=100% SOH=99% | CVL=56.8V CCL=0.0A DCL=208.4A | chg=0 dis=1 fc1=0 fc2=0 | prot=0000 warn=0000 | packs=2 | inv0x305=no
BAT RX 0x330 [8] 02 0D 02 01 0D 43 0D 2D 
BAT RX 0x329 [8] 02 00 1A 25 02 00 40 D1 
BAT RX 0x323 [8] 20 0E 10 00 00 00 00 00 
BAT RX 0x324 [8] 01 39 35 32 32 30 36 32 
BAT RX 0x322 [8] 01 14 00 E8 03 01 64 64 
BAT RX 0x320 [8] 50 41 C3 85 85 00 00 00 
BAT RX 0x319 [8] 40 0D 43 0D 2D 1D 11 00 
BAT RX 0x318 [8] 0D 30 0D 2E 0D 2E 0D 2D 
BAT RX 0x317 [8] 0D 43 0D 41 0D 40 0D 3F 
BAT RX 0x316 [8] 0D 37 0D 36 0D 36 0D 30 
BAT RX 0x315 [8] 0D 3C 0D 3C 0D 3B 0D 3B 
BAT RX 0x314 [8] 5B 54 5B 54 00 16 05 44 
BAT RX 0x313 [8] 15 22 00 00 00 FE 64 63 
BAT RX 0x312 [8] 00 00 00 00 02 02 00 00 
BAT RX 0x311 [8] 02 38 00 00 08 24 01 21 
[keepalive] twai_transmit() -> ESP_OK
BAT RX 0x330 [8] 02 0D 02 01 0D 42 0D 2D 
BAT RX 0x329 [8] 01 00 22 9C 01 00 40 35 
BAT RX 0x323 [8] 20 0E 10 00 00 00 00 00 
BAT RX 0x324 [8] 02 43 30 37 00 00 00 00 
BAT RX 0x322 [8] 01 14 00 E8 03 01 64 64 
BAT RX 0x320 [8] 50 41 C3 85 85 00 00 00 
BAT RX 0x319 [8] 40 0D 42 0D 2D 1D 11 00 
BAT RX 0x318 [8] 0D 30 0D 2E 0D 2E 0D 2D 
BAT RX 0x317 [8] 0D 42 0D 40 0D 40 0D 3F 
BAT RX 0x316 [8] 0D 36 0D 36 0D 36 0D 2F 
BAT RX 0x315 [8] 0D 3B 0D 3B 0D 3B 0D 3B 
BAT RX 0x314 [8] 5B 54 5B 54 00 15 05 44 
BAT RX 0x313 [8] 15 22 00 00 00 FE 64 63 
BAT RX 0x312 [8] 00 00 00 00 02 02 00 00 
BAT RX 0x311 [8] 02 38 00 00 08 24 01 21 
[keepalive] twai_transmit() -> ESP_OK
[297s] OK V=54.10V I=+0.0A T=25.4C SOC=100% SOH=99% | CVL=56.8V CCL=0.0A DCL=208.4A | chg=0 dis=1 fc1=0 fc2=0 | prot=0000 warn=0000 | packs=2 | inv0x305=no
BAT RX 0x330 [8] 02 0D 02 0F 0D 42 0D 2D 
BAT RX 0x329 [8] 02 00 1A 25 02 00 40 D1 
BAT RX 0x323 [8] 20 0E 10 00 00 00 00 00 
BAT RX 0x324 [8] 00 02 47 50 4A 30 32 31 
BAT RX 0x322 [8] 01 14 00 E8 03 01 64 64 
BAT RX 0x320 [8] 50 41 C3 85 85 00 00 00 
BAT RX 0x319 [8] 40 0D 42 0D 2D 1D 1F 00 
BAT RX 0x318 [8] 0D 30 0D 2E 0D 2E 0D 2D 
BAT RX 0x317 [8] 0D 42 0D 40 0D 40 0D 3F 
BAT RX 0x316 [8] 0D 37 0D 37 0D 36 0D 2F 
BAT RX 0x315 [8] 0D 3C 0D 3B 0D 3B 0D 3B 
BAT RX 0x314 [8] 5B 54 5B 54 00 15 05 44 
BAT RX 0x313 [8] 15 22 00 00 00 FE 64 63 
BAT RX 0x312 [8] 00 00 00 00 02 02 00 00 
BAT RX 0x311 [8] 02 38 00 00 08 24 01 21 
[keepalive] twai_transmit() -> ESP_OK
BAT RX 0x330 [8] 02 0D 02 01 0D 42 0D 2D 
BAT RX 0x329 [8] 01 00 22 9C 01 00 40 35 
BAT RX 0x323 [8] 20 0E 10 00 00 00 00 00 
BAT RX 0x324 [8] 01 39 35 32 32 30 36 32 
BAT RX 0x322 [8] 01 14 00 E8 03 01 64 64 
BAT RX 0x320 [8] 50 41 C3 85 85 00 00 00 
BAT RX 0x319 [8] 40 0D 42 0D 2D 1D 11 00 
BAT RX 0x318 [8] 0D 30 0D 2E 0D 2E 0D 2D 
BAT RX 0x317 [8] 0D 42 0D 40 0D 40 0D 3F 
BAT RX 0x316 [8] 0D 37 0D 37 0D 36 0D 2F 
BAT RX 0x315 [8] 0D 3C 0D 3B 0D 3B 0D 3B 
BAT RX 0x314 [8] 5B 54 5B 54 00 15 05 44 
BAT RX 0x313 [8] 15 22 00 00 00 FE 64 63 
BAT RX 0x312 [8] 00 00 00 00 02 02 00 00 
BAT RX 0x311 [8] 02 38 00 00 08 24 01 21 
[keepalive] twai_transmit() -> ESP_OK
[299s] OK V=54.10V I=+0.0A T=25.4C SOC=100% SOH=99% | CVL=56.8V CCL=0.0A DCL=208.4A | chg=0 dis=1 fc1=0 fc2=0 | prot=0000 warn=0000 | packs=2 | inv0x305=no

---- battery-bus rate stats (VERBOSE_STATS) ----------------------------
  3746 frames, 300 s elapsed
  ID     count   period(ms)  (min-max gap)
  0x312     250    994 (7-1000)
  0x313     250    994 (3-1000)
  0x314     250    994 (4-1000)
  0x315     250    994 (4-1000)
  0x316     250    994 (3-1000)
  0x317     250    994 (3-1000)
  0x318     250    994 (4-1000)
  0x319     250    994 (4-1000)
  0x320     250    994 (4-1000)
  0x322     250    994 (4-1000)
  0x311     250    994 (4-1000)
  0x323     249    998 (767-1000)
  0x324     249    998 (768-1000)
  0x329     249    998 (757-1000)
  0x330     249    998 (746-1000)
--------------------------------------------------------------------------

  TWAI: state=RUNNING  tx_err=0 rx_err=0  tx_failed=0  rx_missed=0 rx_overrun=0  arb_lost=0  bus_err=190881
BAT RX 0x330 [8] 02 0D 02 01 0D 42 0D 2D 
BAT RX 0x329 [8] 02 00 1A 25 02 00 40 D1 
BAT RX 0x323 [8] 20 0E 10 00 00 00 00 00 
BAT RX 0x324 [8] 02 42 42 37 00 00 00 00 
BAT RX 0x322 [8] 01 14 00 E8 03 01 64 64 
BAT RX 0x320 [8] 50 41 C3 85 85 00 00 00 
BAT RX 0x319 [8] 40 0D 42 0D 2D 1D 11 00 
BAT RX 0x318 [8] 0D 30 0D 2E 0D 2D 0D 2D 
BAT RX 0x317 [8] 0D 42 0D 40 0D 3F 0D 3F 
BAT RX 0x316 [8] 0D 36 0D 36 0D 36 0D 2F 
BAT RX 0x315 [8] 0D 3C 0D 3B 0D 3B 0D 3B 
BAT RX 0x314 [8] 5B 54 5B 54 00 15 05 44 
BAT RX 0x313 [8] 15 22 00 00 00 FE 64 63 
BAT RX 0x312 [8] 00 00 00 00 02 02 00 00 
BAT RX 0x311 [8] 02 38 00 00 08 24 01 21 
[keepalive] twai_transmit() -> ESP_OK
BAT RX 0x330 [8] 02 0D 02 01 0D 42 0D 2D 
BAT RX 0x329 [8] 01 00 22 9C 01 00 40 35 
BAT RX 0x323 [8] 20 0E 10 00 00 00 00 00 
BAT RX 0x324 [8] 00 01 47 50 4A 30 32 31 
BAT RX 0x322 [8] 01 14 00 E8 03 01 64 64 
BAT RX 0x320 [8] 50 41 C3 85 85 00 00 00 
BAT RX 0x319 [8] 40 0D 42 0D 2D 1D 11 00 
BAT RX 0x318 [8] 0D 2F 0D 2E 0D 2D 0D 2D 
BAT RX 0x317 [8] 0D 42 0D 40 0D 40 0D 3F 
BAT RX 0x316 [8] 0D 36 0D 36 0D 36 0D 2F 
BAT RX 0x315 [8] 0D 3B 0D 3B 0D 3B 0D 3B 
BAT RX 0x314 [8] 5B 54 5B 54 00 15 05 44 
BAT RX 0x313 [8] 15 22 00 03 00 FE 64 63 
BAT RX 0x312 [8] 00 00 00 00 02 02 00 00 
BAT RX 0x311 [8] 02 38 00 00 08 24 01 21 
[keepalive] twai_transmit() -> ESP_OK
[301s] OK V=54.10V I=+0.3A T=25.4C SOC=100% SOH=99% | CVL=56.8V CCL=0.0A DCL=208.4A | chg=0 dis=1 fc1=0 fc2=0 | prot=0000 warn=0000 | packs=2 | inv0x305=no
BAT RX 0x330 [8] 02 0D 02 01 0D 42 0D 2D 
BAT RX 0x329 [8] 02 00 1A 25 02 00 40 D1 
BAT RX 0x323 [8] 20 0E 10 00 00 00 00 00 
BAT RX 0x324 [8] 01 39 35 32 32 30 36 32 
BAT RX 0x322 [8] 01 14 00 E8 03 01 64 64 
BAT RX 0x320 [8] 50 41 C3 85 85 00 00 00 
BAT RX 0x319 [8] 40 0D 42 0D 2D 1D 11 00 
BAT RX 0x318 [8] 0D 2F 0D 2E 0D 2E 0D 2D 
BAT RX 0x317 [8] 0D 42 0D 40 0D 3F 0D 3F 
BAT RX 0x316 [8] 0D 36 0D 36 0D 36 0D 2E 
BAT RX 0x315 [8] 0D 3C 0D 3B 0D 3B 0D 3B 
BAT RX 0x314 [8] 5B 54 5B 54 00 15 05 44 
BAT RX 0x313 [8] 15 22 00 00 00 FE 64 63 
BAT RX 0x312 [8] 00 00 00 00 02 02 00 00 
BAT RX 0x311 [8] 02 38 00 00 08 24 01 21 
[keepalive] twai_transmit() -> ESP_OK
BAT RX 0x330 [8] 02 0D 02 01 0D 42 0D 2D 
BAT RX 0x329 [8] 01 00 22 9C 01 00 40 35 
BAT RX 0x323 [8] 20 0E 10 00 00 00 00 00 
BAT RX 0x324 [8] 02 43 30 37 00 00 00 00 
BAT RX 0x322 [8] 01 14 00 E8 03 01 64 64 
BAT RX 0x320 [8] 50 41 C3 85 85 00 00 00 
BAT RX 0x319 [8] 40 0D 42 0D 2D 1D 11 00 
BAT RX 0x318 [8] 0D 30 0D 2E 0D 2D 0D 2D 
BAT RX 0x317 [8] 0D 42 0D 40 0D 3F 0D 3F 
BAT RX 0x316 [8] 0D 37 0D 36 0D 36 0D 2E 
BAT RX 0x315 [8] 0D 3B 0D 3B 0D 3B 0D 3B 
BAT RX 0x314 [8] 5B 54 5B 54 00 15 05 44 
BAT RX 0x313 [8] 15 22 00 00 00 FE 64 63 
BAT RX 0x312 [8] 00 00 00 00 02 02 00 00 
BAT RX 0x311 [8] 02 38 00 00 08 24 01 21 
[keepalive] twai_transmit() -> ESP_OK
[303s] OK V=54.10V I=+0.0A T=25.4C SOC=100% SOH=99% | CVL=56.8V CCL=0.0A DCL=208.4A | chg=0 dis=1 fc1=0 fc2=0 | prot=0000 warn=0000 | packs=2 | inv0x305=no
BAT RX 0x330 [8] 02 0D 02 01 0D 41 0D 2D 
BAT RX 0x329 [8] 02 00 1A 25 02 00 40 D1 
BAT RX 0x323 [8] 20 0E 10 00 00 00 00 00 
BAT RX 0x324 [8] 00 02 47 50 4A 30 32 31 
BAT RX 0x322 [8] 01 14 00 E8 03 01 64 64 
BAT RX 0x320 [8] 50 41 C3 85 85 00 00 00 
BAT RX 0x319 [8] 40 0D 41 0D 2D 1D 11 00 
BAT RX 0x318 [8] 0D 30 0D 2E 0D 2E 0D 2D 
BAT RX 0x317 [8] 0D 41 0D 40 0D 3F 0D 3F 
BAT RX 0x316 [8] 0D 36 0D 36 0D 36 0D 2F 
BAT RX 0x315 [8] 0D 3C 0D 3B 0D 3B 0D 3B 
BAT RX 0x314 [8] 5B 54 5B 54 00 14 05 44 
BAT RX 0x313 [8] 15 22 00 03 00 FE 64 63 
BAT RX 0x312 [8] 00 00 00 00 02 02 00 00 
BAT RX 0x311 [8] 02 38 00 00 08 24 01 21 
[keepalive] twai_transmit() -> ESP_OK
BAT RX 0x330 [8] 02 0D 02 01 0D 42 0D 2D 
BAT RX 0x329 [8] 01 00 22 9C 01 00 40 35 
BAT RX 0x323 [8] 20 0E 10 00 00 00 00 00 
BAT RX 0x324 [8] 01 39 35 32 32 30 36 32 
BAT RX 0x322 [8] 01 14 00 E8 03 01 64 64 
BAT RX 0x320 [8] 50 41 C3 85 85 00 00 00 
BAT RX 0x319 [8] 40 0D 42 0D 2D 1D 11 00 
BAT RX 0x318 [8] 0D 2F 0D 2E 0D 2D 0D 2D 
BAT RX 0x317 [8] 0D 42 0D 40 0D 3F 0D 3F 
BAT RX 0x316 [8] 0D 37 0D 36 0D 35 0D 2E 
BAT RX 0x315 [8] 0D 3C 0D 3B 0D 3B 0D 3B 
BAT RX 0x314 [8] 5B 54 5B 54 00 15 05 44 
BAT RX 0x313 [8] 15 22 00 00 00 FE 64 63 
BAT RX 0x312 [8] 00 00 00 00 02 02 00 00 
BAT RX 0x311 [8] 02 38 00 00 08 24 01 21 
[keepalive] twai_transmit() -> ESP_OK
[305s] OK V=54.10V I=+0.0A T=25.4C SOC=100% SOH=99% | CVL=56.8V CCL=0.0A DCL=208.4A | chg=0 dis=1 fc1=0 fc2=0 | prot=0000 warn=0000 | packs=2 | inv0x305=no
BAT RX 0x330 [8] 02 0D 02 01 0D 42 0D 2D 
BAT RX 0x329 [8] 02 00 1A 25 02 00 40 D1 
BAT RX 0x323 [8] 20 0E 10 00 00 00 00 00 
BAT RX 0x324 [8] 02 42 42 37 00 00 00 00 
BAT RX 0x322 [8] 01 14 00 E8 03 01 64 64 
BAT RX 0x320 [8] 50 41 C3 85 85 00 00 00 
BAT RX 0x319 [8] 40 0D 42 0D 2D 1D 11 00 
BAT RX 0x318 [8] 0D 2F 0D 2E 0D 2E 0D 2D 
BAT RX 0x317 [8] 0D 42 0D 40 0D 40 0D 3F 
BAT RX 0x316 [8] 0D 36 0D 36 0D 35 0D 2F 
BAT RX 0x315 [8] 0D 3B 0D 3B 0D 3B 0D 3B 
BAT RX 0x314 [8] 5B 54 5B 54 00 15 05 44 
BAT RX 0x313 [8] 15 22 00 00 00 FE 64 63 
BAT RX 0x312 [8] 00 00 00 00 02 02 00 00 
BAT RX 0x311 [8] 02 38 00 00 08 24 01 21 
[keepalive] twai_transmit() -> ESP_OK
BAT RX 0x330 [8] 02 0D 02 01 0D 42 0D 2D 
BAT RX 0x329 [8] 01 00 22 9C 01 00 40 35 
BAT RX 0x323 [8] 20 0E 10 00 00 00 00 00 
BAT RX 0x324 [8] 00 01 47 50 4A 30 32 31 
BAT RX 0x322 [8] 01 14 00 E8 03 01 64 64 
BAT RX 0x320 [8] 50 41 C3 85 85 00 00 00 
BAT RX 0x319 [8] 40 0D 42 0D 2D 1D 11 00 
BAT RX 0x318 [8] 0D 30 0D 2E 0D 2D 0D 2D 
BAT RX 0x317 [8] 0D 42 0D 40 0D 3F 0D 3F 
BAT RX 0x316 [8] 0D 36 0D 36 0D 36 0D 2E 
BAT RX 0x315 [8] 0D 3B 0D 3B 0D 3B 0D 3B 
BAT RX 0x314 [8] 5B 54 5B 54 00 15 05 44 
BAT RX 0x313 [8] 15 22 00 00 00 FE 64 63 
BAT RX 0x312 [8] 00 00 00 00 02 02 00 00 
BAT RX 0x311 [8] 02 38 00 00 08 24 01 21 
[keepalive] twai_transmit() -> ESP_OK
[307s] OK V=54.10V I=+0.0A T=25.4C SOC=100% SOH=99% | CVL=56.8V CCL=0.0A DCL=208.4A | chg=0 dis=1 fc1=0 fc2=0 | prot=0000 warn=0000 | packs=2 | inv0x305=no
BAT RX 0x330 [8] 02 0D 02 01 0D 42 0D 2D 
BAT RX 0x329 [8] 02 00 1A 25 02 00 40 D1 
BAT RX 0x323 [8] 20 0E 10 00 00 00 00 00 
BAT RX 0x324 [8] 01 39 35 32 32 30 36 32 
BAT RX 0x322 [8] 01 14 00 E8 03 01 64 64 
BAT RX 0x320 [8] 50 41 C3 85 85 00 00 00 
BAT RX 0x319 [8] 40 0D 42 0D 2D 1D 11 00 
BAT RX 0x318 [8] 0D 2F 0D 2E 0D 2E 0D 2D 
BAT RX 0x317 [8] 0D 42 0D 40 0D 3F 0D 3F 
BAT RX 0x316 [8] 0D 36 0D 36 0D 36 0D 2E 
BAT RX 0x315 [8] 0D 3C 0D 3B 0D 3B 0D 3B 
BAT RX 0x314 [8] 5B 54 5B 54 00 15 05 44 
BAT RX 0x313 [8] 15 22 00 00 00 FE 64 63 
BAT RX 0x312 [8] 00 00 00 00 02 02 00 00 
BAT RX 0x311 [8] 02 38 00 00 08 24 01 21 
[keepalive] twai_transmit() -> ESP_OK
BAT RX 0x330 [8] 02 0D 02 01 0D 42 0D 2D 
BAT RX 0x329 [8] 01 00 22 9C 01 00 40 35 
BAT RX 0x323 [8] 20 0E 10 00 00 00 00 00 
BAT RX 0x324 [8] 02 43 30 37 00 00 00 00 
BAT RX 0x322 [8] 01 14 00 E8 03 01 64 64 
BAT RX 0x320 [8] 50 41 C3 85 85 00 00 00 
BAT RX 0x319 [8] 40 0D 42 0D 2D 1D 11 00 
BAT RX 0x318 [8] 0D 2F 0D 2E 0D 2E 0D 2D 
BAT RX 0x317 [8] 0D 42 0D 41 0D 3F 0D 3F 
BAT RX 0x316 [8] 0D 36 0D 36 0D 36 0D 2F 
BAT RX 0x315 [8] 0D 3C 0D 3B 0D 3B 0D 3B 
BAT RX 0x314 [8] 5B 54 5B 54 00 15 05 44 
BAT RX 0x313 [8] 15 22 00 03 00 FE 64 63 
BAT RX 0x312 [8] 00 00 00 00 02 02 00 00 
BAT RX 0x311 [8] 02 38 00 00 08 24 01 21 
[keepalive] twai_transmit() -> ESP_OK
[309s] OK V=54.10V I=+0.3A T=25.4C SOC=100% SOH=99% | CVL=56.8V CCL=0.0A DCL=208.4A | chg=0 dis=1 fc1=0 fc2=0 | prot=0000 warn=0000 | packs=2 | inv0x305=no
BAT RX 0x330 [8] 02 0D 02 01 0D 42 0D 2D 
BAT RX 0x329 [8] 02 00 1A 25 02 00 40 D1 
BAT RX 0x323 [8] 20 0E 10 00 00 00 00 00 
BAT RX 0x324 [8] 00 02 47 50 4A 30 32 31 
BAT RX 0x322 [8] 01 14 00 E8 03 01 64 64 
BAT RX 0x320 [8] 50 41 C3 85 85 00 00 00 
BAT RX 0x319 [8] 40 0D 42 0D 2D 1D 11 00 
BAT RX 0x318 [8] 0D 2F 0D 2E 0D 2D 0D 2D 
BAT RX 0x317 [8] 0D 42 0D 40 0D 3F 0D 3F 
BAT RX 0x316 [8] 0D 36 0D 36 0D 36 0D 2E 
BAT RX 0x315 [8] 0D 3B 0D 3B 0D 3B 0D 3B 
BAT RX 0x314 [8] 5B 54 5B 54 00 15 05 44 
BAT RX 0x313 [8] 15 22 00 00 00 FE 64 63 
BAT RX 0x312 [8] 00 00 00 00 02 02 00 00 
BAT RX 0x311 [8] 02 38 00 00 08 24 01 21 
[keepalive] twai_transmit() -> ESP_OK
BAT RX 0x330 [8] 02 0D 02 01 0D 42 0D 2D 
BAT RX 0x329 [8] 01 00 22 9C 01 00 40 35 
BAT RX 0x323 [8] 20 0E 10 00 00 00 00 00 
BAT RX 0x324 [8] 01 39 35 32 32 30 36 32 
BAT RX 0x322 [8] 01 14 00 E8 03 01 64 64 
BAT RX 0x320 [8] 50 41 C3 85 85 00 00 00 
BAT RX 0x319 [8] 40 0D 42 0D 2D 1D 11 00 
BAT RX 0x318 [8] 0D 30 0D 2E 0D 2D 0D 2D 
BAT RX 0x317 [8] 0D 42 0D 40 0D 3F 0D 3F 
BAT RX 0x316 [8] 0D 36 0D 36 0D 35 0D 2E 
BAT RX 0x315 [8] 0D 3B 0D 3B 0D 3B 0D 3B 
BAT RX 0x314 [8] 5B 54 5B 54 00 15 05 44 
BAT RX 0x313 [8] 15 22 00 00 00 FE 64 63 
BAT RX 0x312 [8] 00 00 00 00 02 02 00 00 
BAT RX 0x311 [8] 02 38 00 00 08 24 01 21 
[keepalive] twai_transmit() -> ESP_OK
[311s] OK V=54.10V I=+0.0A T=25.4C SOC=100% SOH=99% | CVL=56.8V CCL=0.0A DCL=208.4A | chg=0 dis=1 fc1=0 fc2=0 | prot=0000 warn=0000 | packs=2 | inv0x305=no
BAT RX 0x330 [8] 02 0D 02 01 0D 42 0D 2D 
BAT RX 0x329 [8] 02 00 1A 25 02 00 40 D1 
BAT RX 0x323 [8] 20 0E 10 00 00 00 00 00 
BAT RX 0x324 [8] 02 42 42 37 00 00 00 00 
BAT RX 0x322 [8] 01 14 00 E8 03 01 64 64 
BAT RX 0x320 [8] 50 41 C3 85 85 00 00 00 
BAT RX 0x319 [8] 40 0D 42 0D 2D 1D 11 00 
BAT RX 0x318 [8] 0D 2F 0D 2E 0D 2D 0D 2D 
BAT RX 0x317 [8] 0D 42 0D 40 0D 3F 0D 3F 
BAT RX 0x316 [8] 0D 36 0D 35 0D 35 0D 2E 
BAT RX 0x315 [8] 0D 3C 0D 3B 0D 3B 0D 3B 
BAT RX 0x314 [8] 5B 54 5B 54 00 15 05 44 
BAT RX 0x313 [8] 15 22 00 00 00 FE 64 63 
BAT RX 0x312 [8] 00 00 00 00 02 02 00 00 
BAT RX 0x311 [8] 02 38 00 00 08 24 01 21 
[keepalive] twai_transmit() -> ESP_OK
BAT RX 0x330 [8] 02 0D 02 01 0D 42 0D 2D 
BAT RX 0x329 [8] 01 00 22 9C 01 00 40 35 
BAT RX 0x323 [8] 20 0E 10 00 00 00 00 00 
BAT RX 0x324 [8] 00 01 47 50 4A 30 32 31 
BAT RX 0x322 [8] 01 14 00 E8 03 01 64 64 
BAT RX 0x320 [8] 50 41 C3 85 85 00 00 00 
BAT RX 0x319 [8] 40 0D 42 0D 2D 1D 11 00 
BAT RX 0x318 [8] 0D 30 0D 2E 0D 2D 0D 2D 
BAT RX 0x317 [8] 0D 42 0D 40 0D 3F 0D 3F 
BAT RX 0x316 [8] 0D 36 0D 36 0D 34 0D 2E 
BAT RX 0x315 [8] 0D 3C 0D 3B 0D 3B 0D 3A 
BAT RX 0x314 [8] 5B 54 5B 54 00 15 05 44 
BAT RX 0x313 [8] 15 22 00 03 00 FE 64 63 
BAT RX 0x312 [8] 00 00 00 00 02 02 00 00 
BAT RX 0x311 [8] 02 38 00 00 08 24 01 21 
[keepalive] twai_transmit() -> ESP_OK
[313s] OK V=54.10V I=+0.3A T=25.4C SOC=100% SOH=99% | CVL=56.8V CCL=0.0A DCL=208.4A | chg=0 dis=1 fc1=0 fc2=0 | prot=0000 warn=0000 | packs=2 | inv0x305=no
BAT RX 0x330 [8] 02 0D 02 01 0D 41 0D 2D 
BAT RX 0x329 [8] 02 00 1A 25 02 00 40 D1 
BAT RX 0x323 [8] 20 0E 10 00 00 00 00 00 
BAT RX 0x324 [8] 01 39 35 32 32 30 36 32 
BAT RX 0x322 [8] 01 14 00 E8 03 01 64 64 
BAT RX 0x320 [8] 50 41 C3 85 85 00 00 00 
BAT RX 0x319 [8] 40 0D 41 0D 2D 1D 11 00 
BAT RX 0x318 [8] 0D 30 0D 2E 0D 2D 0D 2D 
BAT RX 0x317 [8] 0D 41 0D 40 0D 3F 0D 3E 
BAT RX 0x316 [8] 0D 36 0D 36 0D 35 0D 2E 
BAT RX 0x315 [8] 0D 3B 0D 3B 0D 3B 0D 3A 
BAT RX 0x314 [8] 5B 54 5B 54 00 14 05 44 
BAT RX 0x313 [8] 15 22 00 00 00 FE 64 63 
BAT RX 0x312 [8] 00 00 00 00 02 02 00 00 
BAT RX 0x311 [8] 02 38 00 00 08 24 01 21 
[keepalive] twai_transmit() -> ESP_OK

---- battery-bus rate stats (VERBOSE_STATS) ----------------------------
  3971 frames, 315 s elapsed
  ID     count   period(ms)  (min-max gap)
  0x312     265    994 (7-1000)
  0x313     265    994 (3-1000)
  0x314     265    994 (4-1000)
  0x315     265    994 (4-1000)
  0x316     265    994 (3-1000)
  0x317     265    994 (3-1000)
  0x318     265    994 (4-1000)
  0x319     265    994 (4-1000)
  0x320     265    994 (4-1000)
  0x322     265    994 (4-1000)
  0x311     265    994 (4-1000)
  0x323     264    998 (767-1000)
  0x324     264    998 (768-1000)
  0x329     264    998 (757-1000)
  0x330     264    998 (746-1000)
--------------------------------------------------------------------------

  TWAI: state=RUNNING  tx_err=0 rx_err=0  tx_failed=0  rx_missed=0 rx_overrun=0  arb_lost=0  bus_err=190881
BAT RX 0x330 [8] 02 0D 02 01 0D 42 0D 2C 
BAT RX 0x329 [8] 01 00 22 9C 01 00 40 35 
BAT RX 0x323 [8] 20 0E 10 00 00 00 00 00 
BAT RX 0x324 [8] 02 43 30 37 00 00 00 00 
BAT RX 0x322 [8] 01 14 00 E8 03 01 64 64 
BAT RX 0x320 [8] 50 41 C3 85 85 00 00 00 
BAT RX 0x319 [8] 40 0D 42 0D 2C 1D 11 00 
BAT RX 0x318 [8] 0D 2F 0D 2D 0D 2D 0D 2C 
BAT RX 0x317 [8] 0D 42 0D 40 0D 3F 0D 3F 
BAT RX 0x316 [8] 0D 36 0D 36 0D 35 0D 2E 
BAT RX 0x315 [8] 0D 3C 0D 3B 0D 3B 0D 3A 
BAT RX 0x314 [8] 5B 54 5B 54 00 16 05 44 
BAT RX 0x313 [8] 15 22 00 03 00 FE 64 63 
BAT RX 0x312 [8] 00 00 00 00 02 02 00 00 
BAT RX 0x311 [8] 02 38 00 00 08 24 01 21 
[keepalive] twai_transmit() -> ESP_OK
[315s] OK V=54.10V I=+0.3A T=25.4C SOC=100% SOH=99% | CVL=56.8V CCL=0.0A DCL=208.4A | chg=0 dis=1 fc1=0 fc2=0 | prot=0000 warn=0000 | packs=2 | inv0x305=no
BAT RX 0x330 [8] 02 0D 02 01 0D 42 0D 2D 
BAT RX 0x329 [8] 02 00 1A 25 02 00 40 D1 
BAT RX 0x323 [8] 20 0E 10 00 00 00 00 00 
BAT RX 0x324 [8] 00 02 47 50 4A 30 32 31 
BAT RX 0x322 [8] 01 14 00 E8 03 01 64 64 
BAT RX 0x320 [8] 50 41 C3 85 85 00 00 00 
BAT RX 0x319 [8] 40 0D 42 0D 2D 1D 11 00 
BAT RX 0x318 [8] 0D 2F 0D 2E 0D 2D 0D 2D 
BAT RX 0x317 [8] 0D 42 0D 40 0D 3F 0D 3F 
BAT RX 0x316 [8] 0D 36 0D 36 0D 35 0D 2E 
BAT RX 0x315 [8] 0D 3B 0D 3B 0D 3B 0D 3B 
BAT RX 0x314 [8] 5B 54 5B 54 00 15 05 44 
BAT RX 0x313 [8] 15 22 00 00 00 FE 64 63 
BAT RX 0x312 [8] 00 00 00 00 02 02 00 00 
BAT RX 0x311 [8] 02 38 00 00 08 24 01 21 
[keepalive] twai_transmit() -> ESP_OK
BAT RX 0x330 [8] 02 0D 02 01 0D 42 0D 2D 
BAT RX 0x329 [8] 01 00 22 9C 01 00 40 35 
BAT RX 0x323 [8] 20 0E 10 00 00 00 00 00 
BAT RX 0x324 [8] 01 39 35 32 32 30 36 32 
BAT RX 0x322 [8] 01 14 00 E8 03 01 64 64 
BAT RX 0x320 [8] 50 41 C3 85 85 00 00 00 
BAT RX 0x319 [8] 40 0D 42 0D 2D 1D 11 00 
BAT RX 0x318 [8] 0D 2F 0D 2E 0D 2D 0D 2D 
BAT RX 0x317 [8] 0D 42 0D 40 0D 3F 0D 3E 
BAT RX 0x316 [8] 0D 36 0D 36 0D 35 0D 2F 
BAT RX 0x315 [8] 0D 3B 0D 3B 0D 3A 0D 3A 
BAT RX 0x314 [8] 5B 54 5B 54 00 15 05 44 
BAT RX 0x313 [8] 15 22 00 03 00 FE 64 63 
BAT RX 0x312 [8] 00 00 00 00 02 02 00 00 
BAT RX 0x311 [8] 02 38 00 00 08 24 01 21 
[keepalive] twai_transmit() -> ESP_OK
[317s] OK V=54.10V I=+0.3A T=25.4C SOC=100% SOH=99% | CVL=56.8V CCL=0.0A DCL=208.4A | chg=0 dis=1 fc1=0 fc2=0 | prot=0000 warn=0000 | packs=2 | inv0x305=no
BAT RX 0x330 [8] 02 0D 02 01 0D 42 0D 2D 
BAT RX 0x329 [8] 02 00 1A 25 02 00 40 D1 
BAT RX 0x323 [8] 20 0E 10 00 00 00 00 00 
BAT RX 0x324 [8] 02 42 42 37 00 00 00 00 
BAT RX 0x322 [8] 01 14 00 E8 03 01 64 64 
BAT RX 0x320 [8] 50 41 C3 85 85 00 00 00 
BAT RX 0x319 [8] 40 0D 42 0D 2D 1D 11 00 
BAT RX 0x318 [8] 0D 2F 0D 2E 0D 2D 0D 2D 
BAT RX 0x317 [8] 0D 42 0D 40 0D 3F 0D 3E 
BAT RX 0x316 [8] 0D 36 0D 36 0D 35 0D 2E 
BAT RX 0x315 [8] 0D 3B 0D 3B 0D 3B 0D 3A 
BAT RX 0x314 [8] 5B 54 5B 54 00 15 05 44 
BAT RX 0x313 [8] 15 22 00 03 00 FE 64 63 
BAT RX 0x312 [8] 00 00 00 00 02 02 00 00 
BAT RX 0x311 [8] 02 38 00 00 08 24 01 21 
[keepalive] twai_transmit() -> ESP_OK
BAT RX 0x330 [8] 02 0D 02 01 0D 42 0D 2C 
BAT RX 0x329 [8] 01 00 22 9C 01 00 40 35 
BAT RX 0x323 [8] 20 0E 10 00 00 00 00 00 
BAT RX 0x324 [8] 00 01 47 50 4A 30 32 31 
BAT RX 0x322 [8] 01 14 00 E8 03 01 64 64 
BAT RX 0x320 [8] 50 41 C3 85 85 00 00 00 
BAT RX 0x319 [8] 40 0D 42 0D 2C 1D 11 00 
BAT RX 0x318 [8] 0D 2F 0D 2E 0D 2D 0D 2C 
BAT RX 0x317 [8] 0D 42 0D 40 0D 3F 0D 3F 
BAT RX 0x316 [8] 0D 36 0D 36 0D 35 0D 2E 
BAT RX 0x315 [8] 0D 3B 0D 3B 0D 3A 0D 3A 
BAT RX 0x314 [8] 5B 54 5B 54 00 16 05 44 
BAT RX 0x313 [8] 15 22 00 03 00 FE 64 63 
BAT RX 0x312 [8] 00 00 00 00 02 02 00 00 
BAT RX 0x311 [8] 02 38 00 00 08 24 01 21 
[keepalive] twai_transmit() -> ESP_OK
[319s] OK V=54.10V I=+0.3A T=25.4C SOC=100% SOH=99% | CVL=56.8V CCL=0.0A DCL=208.4A | chg=0 dis=1 fc1=0 fc2=0 | prot=0000 warn=0000 | packs=2 | inv0x305=no
BAT RX 0x330 [8] 02 0D 02 01 0D 42 0D 2C 
BAT RX 0x329 [8] 02 00 1A 25 02 00 40 D1 
BAT RX 0x323 [8] 20 0E 10 00 00 00 00 00 
BAT RX 0x324 [8] 01 39 35 32 32 30 36 32 
BAT RX 0x322 [8] 01 14 00 E8 03 01 64 64 
BAT RX 0x320 [8] 50 41 C3 85 85 00 00 00 
BAT RX 0x319 [8] 40 0D 42 0D 2C 1D 11 00 
BAT RX 0x318 [8] 0D 2F 0D 2E 0D 2D 0D 2C 
BAT RX 0x317 [8] 0D 42 0D 40 0D 3F 0D 3F 
BAT RX 0x316 [8] 0D 36 0D 35 0D 35 0D 2E 
BAT RX 0x315 [8] 0D 3B 0D 3B 0D 3B 0D 3B 
BAT RX 0x314 [8] 5B 54 5B 54 00 16 05 44 
BAT RX 0x313 [8] 15 22 00 00 00 FE 64 63 
BAT RX 0x312 [8] 00 00 00 00 02 02 00 00 
BAT RX 0x311 [8] 02 38 00 00 08 24 01 21 
[keepalive] twai_transmit() -> ESP_OK
BAT RX 0x330 [8] 02 0D 02 01 0D 41 0D 2D 
BAT RX 0x329 [8] 01 00 22 9C 01 00 40 35 
BAT RX 0x323 [8] 20 0E 10 00 00 00 00 00 
BAT RX 0x324 [8] 02 43 30 37 00 00 00 00 
BAT RX 0x322 [8] 01 14 00 E8 03 01 64 64 
BAT RX 0x320 [8] 50 41 C3 85 85 00 00 00 
BAT RX 0x319 [8] 40 0D 41 0D 2D 1D 11 00 
BAT RX 0x318 [8] 0D 2E 0D 2E 0D 2D 0D 2D 
BAT RX 0x317 [8] 0D 41 0D 40 0D 3F 0D 3E 
BAT RX 0x316 [8] 0D 36 0D 35 0D 35 0D 2E 
BAT RX 0x315 [8] 0D 3B 0D 3B 0D 3B 0D 3A 
BAT RX 0x314 [8] 5B 54 5B 54 00 14 05 44 
BAT RX 0x313 [8] 15 22 00 03 00 FE 64 63 
BAT RX 0x312 [8] 00 00 00 00 02 02 00 00 
BAT RX 0x311 [8] 02 38 00 00 08 24 01 21 
[keepalive] twai_transmit() -> ESP_OK
[321s] OK V=54.10V I=+0.3A T=25.4C SOC=100% SOH=99% | CVL=56.8V CCL=0.0A DCL=208.4A | chg=0 dis=1 fc1=0 fc2=0 | prot=0000 warn=0000 | packs=2 | inv0x305=no
BAT RX 0x330 [8] 02 0D 02 01 0D 42 0D 2C 
BAT RX 0x329 [8] 02 00 1A 25 02 00 40 D1 
BAT RX 0x323 [8] 20 0E 10 00 00 00 00 00 
BAT RX 0x324 [8] 00 02 47 50 4A 30 32 31 
BAT RX 0x322 [8] 01 14 00 E8 03 01 64 64 
BAT RX 0x320 [8] 50 41 C3 85 85 00 00 00 
BAT RX 0x319 [8] 40 0D 42 0D 2C 1D 11 00 
BAT RX 0x318 [8] 0D 2F 0D 2E 0D 2D 0D 2C 
BAT RX 0x317 [8] 0D 42 0D 3F 0D 3F 0D 3E 
BAT RX 0x316 [8] 0D 36 0D 36 0D 35 0D 2E 
BAT RX 0x315 [8] 0D 3B 0D 3A 0D 3A 0D 3A 
BAT RX 0x314 [8] 5B 54 5B 54 00 16 05 44 
BAT RX 0x313 [8] 15 22 00 00 00 FE 64 63 
BAT RX 0x312 [8] 00 00 00 00 02 02 00 00 
BAT RX 0x311 [8] 02 38 00 00 08 24 01 21 
[keepalive] twai_transmit() -> ESP_OK
BAT RX 0x330 [8] 02 0D 02 0F 0D 41 0D 2C 
BAT RX 0x329 [8] 01 00 22 9C 01 00 40 35 
BAT RX 0x323 [8] 20 0E 10 00 00 00 00 00 
BAT RX 0x324 [8] 01 39 35 32 32 30 36 32 
BAT RX 0x322 [8] 01 14 00 E8 03 01 64 64 
BAT RX 0x320 [8] 50 41 C3 85 85 00 00 00 
BAT RX 0x319 [8] 40 0D 41 0D 2C 1D 1F 00 
BAT RX 0x318 [8] 0D 2F 0D 2E 0D 2D 0D 2C 
BAT RX 0x317 [8] 0D 41 0D 40 0D 3F 0D 3E 
BAT RX 0x316 [8] 0D 36 0D 35 0D 35 0D 2E 
BAT RX 0x315 [8] 0D 3B 0D 3B 0D 3B 0D 3A 
BAT RX 0x314 [8] 5B 54 5B 54 00 15 05 44 
BAT RX 0x313 [8] 15 22 00 00 00 FE 64 63 
BAT RX 0x312 [8] 00 00 00 00 02 02 00 00 
BAT RX 0x311 [8] 02 38 00 00 08 24 01 21 
[keepalive] twai_transmit() -> ESP_OK
[323s] OK V=54.10V I=+0.0A T=25.4C SOC=100% SOH=99% | CVL=56.8V CCL=0.0A DCL=208.4A | chg=0 dis=1 fc1=0 fc2=0 | prot=0000 warn=0000 | packs=2 | inv0x305=no
BAT RX 0x330 [8] 02 0D 02 01 0D 41 0D 2D 
BAT RX 0x329 [8] 02 00 1A 25 02 00 40 D1 
BAT RX 0x323 [8] 20 0E 10 00 00 00 00 00 
BAT RX 0x324 [8] 02 42 42 37 00 00 00 00 
BAT RX 0x322 [8] 01 14 00 E8 03 01 64 64 
BAT RX 0x320 [8] 50 41 C3 85 85 00 00 00 
BAT RX 0x319 [8] 40 0D 41 0D 2D 1D 11 00 
BAT RX 0x318 [8] 0D 2F 0D 2E 0D 2D 0D 2D 
BAT RX 0x317 [8] 0D 41 0D 3F 0D 3F 0D 3E 
BAT RX 0x316 [8] 0D 36 0D 35 0D 34 0D 2E 
BAT RX 0x315 [8] 0D 3C 0D 3B 0D 3B 0D 3A 
BAT RX 0x314 [8] 5B 54 5B 54 00 14 05 44 
BAT RX 0x313 [8] 15 22 00 03 00 FE 64 63 
BAT RX 0x312 [8] 00 00 00 00 02 02 00 00 
BAT RX 0x311 [8] 02 38 00 00 08 24 01 21 
[keepalive] twai_transmit() -> ESP_OK
BAT RX 0x330 [8] 02 0D 02 01 0D 42 0D 2C 
BAT RX 0x329 [8] 01 00 22 9C 01 00 40 35 
BAT RX 0x323 [8] 20 0E 10 00 00 00 00 00 
BAT RX 0x324 [8] 00 01 47 50 4A 30 32 31 
BAT RX 0x322 [8] 01 14 00 E8 03 01 64 64 
BAT RX 0x320 [8] 50 41 C3 85 85 00 00 00 
BAT RX 0x319 [8] 40 0D 42 0D 2C 1D 11 00 
BAT RX 0x318 [8] 0D 2F 0D 2E 0D 2D 0D 2C 
BAT RX 0x317 [8] 0D 42 0D 40 0D 3F 0D 3E 
BAT RX 0x316 [8] 0D 36 0D 35 0D 35 0D 2E 
BAT RX 0x315 [8] 0D 3B 0D 3A 0D 3A 0D 3A 
BAT RX 0x314 [8] 5B 54 5B 54 00 16 05 44 
BAT RX 0x313 [8] 15 22 00 03 00 FE 64 63 
BAT RX 0x312 [8] 00 00 00 00 02 02 00 00 
BAT RX 0x311 [8] 02 38 00 00 08 24 01 21 
[keepalive] twai_transmit() -> ESP_OK
[325s] OK V=54.10V I=+0.3A T=25.4C SOC=100% SOH=99% | CVL=56.8V CCL=0.0A DCL=208.4A | chg=0 dis=1 fc1=0 fc2=0 | prot=0000 warn=0000 | packs=2 | inv0x305=no
BAT RX 0x330 [8] 02 0D 02 01 0D 41 0D 2D 
BAT RX 0x329 [8] 02 00 1A 25 02 00 40 D1 
BAT RX 0x323 [8] 20 0E 10 00 00 00 00 00 
BAT RX 0x324 [8] 01 39 35 32 32 30 36 32 
BAT RX 0x322 [8] 01 14 00 E8 03 01 64 64 
BAT RX 0x320 [8] 50 41 C3 85 85 00 00 00 
BAT RX 0x319 [8] 40 0D 41 0D 2D 1D 11 00 
BAT RX 0x318 [8] 0D 2F 0D 2D 0D 2D 0D 2D 
BAT RX 0x317 [8] 0D 41 0D 40 0D 3E 0D 3E 
BAT RX 0x316 [8] 0D 36 0D 35 0D 35 0D 2E 
BAT RX 0x315 [8] 0D 3B 0D 3B 0D 3A 0D 3A 
BAT RX 0x314 [8] 5B 54 5B 54 00 14 05 44 
BAT RX 0x313 [8] 15 22 00 03 00 FE 64 63 
BAT RX 0x312 [8] 00 00 00 00 02 02 00 00 
BAT RX 0x311 [8] 02 38 00 00 08 24 01 21 
[keepalive] twai_transmit() -> ESP_OK
BAT RX 0x330 [8] 02 0D 02 01 0D 41 0D 2C 
BAT RX 0x329 [8] 01 00 22 9C 01 00 40 35 
BAT RX 0x323 [8] 20 0E 10 00 00 00 00 00 
BAT RX 0x324 [8] 02 43 30 37 00 00 00 00 
BAT RX 0x322 [8] 01 14 00 E8 03 01 64 64 
BAT RX 0x320 [8] 50 41 C3 85 85 00 00 00 
BAT RX 0x319 [8] 40 0D 41 0D 2C 1D 11 00 
BAT RX 0x318 [8] 0D 2F 0D 2D 0D 2D 0D 2C 
BAT RX 0x317 [8] 0D 41 0D 40 0D 3F 0D 3E 
BAT RX 0x316 [8] 0D 36 0D 35 0D 34 0D 2E 
BAT RX 0x315 [8] 0D 3B 0D 3B 0D 3A 0D 3A 
BAT RX 0x314 [8] 5B 54 5B 54 00 15 05 44 
BAT RX 0x313 [8] 15 22 00 03 00 FE 64 63 
BAT RX 0x312 [8] 00 00 00 00 02 02 00 00 
BAT RX 0x311 [8] 02 38 00 00 08 24 01 21 
[keepalive] twai_transmit() -> ESP_OK
[327s] OK V=54.10V I=+0.3A T=25.4C SOC=100% SOH=99% | CVL=56.8V CCL=0.0A DCL=208.4A | chg=0 dis=1 fc1=0 fc2=0 | prot=0000 warn=0000 | packs=2 | inv0x305=no
BAT RX 0x330 [8] 02 0D 02 01 0D 41 0D 2C 
BAT RX 0x329 [8] 02 00 1A 25 02 00 40 D1 
BAT RX 0x323 [8] 20 0E 10 00 00 00 00 00 
BAT RX 0x324 [8] 00 02 47 50 4A 30 32 31 
BAT RX 0x322 [8] 01 14 00 E8 03 01 64 64 
BAT RX 0x320 [8] 50 41 C3 85 85 00 00 00 
BAT RX 0x319 [8] 40 0D 41 0D 2C 1D 11 00 
BAT RX 0x318 [8] 0D 2F 0D 2D 0D 2D 0D 2C 
BAT RX 0x317 [8] 0D 41 0D 3F 0D 3E 0D 3E 
BAT RX 0x316 [8] 0D 36 0D 35 0D 35 0D 2E 
BAT RX 0x315 [8] 0D 3B 0D 3B 0D 3A 0D 3A 
BAT RX 0x314 [8] 5B 54 5B 54 00 15 05 44 
BAT RX 0x313 [8] 15 22 00 00 00 FE 64 63 
BAT RX 0x312 [8] 00 00 00 00 02 02 00 00 
BAT RX 0x311 [8] 02 38 00 00 08 24 01 21 
[keepalive] twai_transmit() -> ESP_OK
BAT RX 0x330 [8] 02 0D 02 01 0D 41 0D 2C 
BAT RX 0x329 [8] 01 00 22 9C 01 00 40 35 
BAT RX 0x323 [8] 20 0E 10 00 00 00 00 00 
BAT RX 0x324 [8] 01 39 35 32 32 30 36 32 
BAT RX 0x322 [8] 01 14 00 E8 03 01 64 64 
BAT RX 0x320 [8] 50 41 C3 85 85 00 00 00 
BAT RX 0x319 [8] 40 0D 41 0D 2C 1D 11 00 
BAT RX 0x318 [8] 0D 2F 0D 2E 0D 2D 0D 2C 
BAT RX 0x317 [8] 0D 41 0D 40 0D 3F 0D 3E 
BAT RX 0x316 [8] 0D 36 0D 35 0D 35 0D 2E 
BAT RX 0x315 [8] 0D 3B 0D 3B 0D 3A 0D 3A 
BAT RX 0x314 [8] 5B 54 5B 54 00 15 05 44 
BAT RX 0x313 [8] 15 22 00 03 00 FE 64 63 
BAT RX 0x312 [8] 00 00 00 00 02 02 00 00 
BAT RX 0x311 [8] 02 38 00 00 08 24 01 21 
[keepalive] twai_transmit() -> ESP_OK
[329s] OK V=54.10V I=+0.3A T=25.4C SOC=100% SOH=99% | CVL=56.8V CCL=0.0A DCL=208.4A | chg=0 dis=1 fc1=0 fc2=0 | prot=0000 warn=0000 | packs=2 | inv0x305=no

---- battery-bus rate stats (VERBOSE_STATS) ----------------------------
  4196 frames, 330 s elapsed
  ID     count   period(ms)  (min-max gap)
  0x312     280    995 (7-1000)
  0x313     280    995 (3-1000)
  0x314     280    995 (4-1000)
  0x315     280    995 (4-1000)
  0x316     280    994 (3-1000)
  0x317     280    994 (3-1000)
  0x318     280    994 (4-1000)
  0x319     280    994 (4-1000)
  0x320     280    994 (4-1000)
  0x322     280    994 (4-1000)
  0x311     280    995 (4-1000)
  0x323     279    998 (767-1000)
  0x324     279    998 (768-1000)
  0x329     279    998 (757-1000)
  0x330     279    998 (746-1000)
--------------------------------------------------------------------------

  TWAI: state=RUNNING  tx_err=0 rx_err=0  tx_failed=0  rx_missed=0 rx_overrun=0  arb_lost=0  bus_err=190881
BAT RX 0x330 [8] 02 0D 02 01 0D 41 0D 2C 
BAT RX 0x329 [8] 02 00 1A 25 02 00 40 D1 
BAT RX 0x323 [8] 20 0E 10 00 00 00 00 00 
BAT RX 0x324 [8] 02 42 42 37 00 00 00 00 
BAT RX 0x322 [8] 01 14 00 E8 03 01 64 64 
BAT RX 0x320 [8] 50 41 C3 85 85 00 00 00 
BAT RX 0x319 [8] 40 0D 41 0D 2C 1D 11 00 
BAT RX 0x318 [8] 0D 2F 0D 2D 0D 2D 0D 2C 
BAT RX 0x317 [8] 0D 41 0D 3F 0D 3F 0D 3E 
BAT RX 0x316 [8] 0D 35 0D 35 0D 35 0D 2E 
BAT RX 0x315 [8] 0D 3B 0D 3B 0D 3A 0D 3A 
BAT RX 0x314 [8] 5B 54 5B 54 00 15 05 44 
BAT RX 0x313 [8] 15 22 00 03 00 FE 64 63 
BAT RX 0x312 [8] 00 00 00 00 02 02 00 00 
BAT RX 0x311 [8] 02 38 00 00 08 24 01 21 
[keepalive] twai_transmit() -> ESP_OK
BAT RX 0x330 [8] 02 0D 02 01 0D 41 0D 2C 
BAT RX 0x329 [8] 01 00 22 9C 01 00 40 35 
BAT RX 0x323 [8] 20 0E 10 00 00 00 00 00 
BAT RX 0x324 [8] 00 01 47 50 4A 30 32 31 
BAT RX 0x322 [8] 01 14 00 E8 03 01 64 64 
BAT RX 0x320 [8] 50 41 C3 85 85 00 00 00 
BAT RX 0x319 [8] 40 0D 41 0D 2C 1D 11 00 
BAT RX 0x318 [8] 0D 2E 0D 2D 0D 2D 0D 2C 
BAT RX 0x317 [8] 0D 41 0D 3F 0D 3E 0D 3E 
BAT RX 0x316 [8] 0D 35 0D 35 0D 35 0D 2E 
BAT RX 0x315 [8] 0D 3B 0D 3A 0D 3A 0D 3A 
BAT RX 0x314 [8] 5B 54 5B 54 00 15 05 44 
BAT RX 0x313 [8] 15 22 00 00 00 FE 64 63 
BAT RX 0x312 [8] 00 00 00 00 02 02 00 00 
BAT RX 0x311 [8] 02 38 00 00 08 24 01 21 
[keepalive] twai_transmit() -> ESP_OK
[331s] OK V=54.10V I=+0.0A T=25.4C SOC=100% SOH=99% | CVL=56.8V CCL=0.0A DCL=208.4A | chg=0 dis=1 fc1=0 fc2=0 | prot=0000 warn=0000 | packs=2 | inv0x305=no
BAT RX 0x330 [8] 02 0D 02 01 0D 41 0D 2C 
BAT RX 0x329 [8] 02 00 1A 25 02 00 40 D1 
BAT RX 0x323 [8] 20 0E 10 00 00 00 00 00 
BAT RX 0x324 [8] 01 39 35 32 32 30 36 32 
BAT RX 0x322 [8] 01 14 00 E8 03 01 64 64 
BAT RX 0x320 [8] 50 41 C3 85 85 00 00 00 
BAT RX 0x319 [8] 40 0D 41 0D 2C 1D 11 00 
BAT RX 0x318 [8] 0D 2E 0D 2D 0D 2D 0D 2C 
BAT RX 0x317 [8] 0D 41 0D 3F 0D 3E 0D 3E 
BAT RX 0x316 [8] 0D 35 0D 35 0D 35 0D 2E 
BAT RX 0x315 [8] 0D 3B 0D 3B 0D 3A 0D 3A 
BAT RX 0x314 [8] 5B 54 5B 54 00 15 05 44 
BAT RX 0x313 [8] 15 22 00 00 00 FE 64 63 
BAT RX 0x312 [8] 00 00 00 00 02 02 00 00 
BAT RX 0x311 [8] 02 38 00 00 08 24 01 21 
[keepalive] twai_transmit() -> ESP_OK
BAT RX 0x330 [8] 02 0D 02 01 0D 40 0D 2C 
BAT RX 0x329 [8] 01 00 22 9C 01 00 40 35 
BAT RX 0x323 [8] 20 0E 10 00 00 00 00 00 
BAT RX 0x324 [8] 02 43 30 37 00 00 00 00 
BAT RX 0x322 [8] 01 14 00 E8 03 01 64 64 
BAT RX 0x320 [8] 50 41 C3 85 85 00 00 00 
BAT RX 0x319 [8] 40 0D 40 0D 2C 1D 11 00 
BAT RX 0x318 [8] 0D 2F 0D 2D 0D 2D 0D 2C 
BAT RX 0x317 [8] 0D 40 0D 3F 0D 3E 0D 3E 
BAT RX 0x316 [8] 0D 35 0D 35 0D 35 0D 2E 
BAT RX 0x315 [8] 0D 3B 0D 3B 0D 3B 0D 3A 
BAT RX 0x314 [8] 5B 54 5B 54 00 14 05 44 
BAT RX 0x313 [8] 15 22 00 00 00 FE 64 63 
BAT RX 0x312 [8] 00 00 00 00 02 02 00 00 
BAT RX 0x311 [8] 02 38 00 00 08 24 01 21 
[keepalive] twai_transmit() -> ESP_OK
[333s] OK V=54.10V I=+0.0A T=25.4C SOC=100% SOH=99% | CVL=56.8V CCL=0.0A DCL=208.4A | chg=0 dis=1 fc1=0 fc2=0 | prot=0000 warn=0000 | packs=2 | inv0x305=no
BAT RX 0x330 [8] 02 0D 02 01 0D 41 0D 2C 
BAT RX 0x329 [8] 02 00 1A 25 02 00 40 D1 
BAT RX 0x323 [8] 20 0E 10 00 00 00 00 00 
BAT RX 0x324 [8] 00 02 47 50 4A 30 32 31 
BAT RX 0x322 [8] 01 14 00 E8 03 01 64 64 
BAT RX 0x320 [8] 50 41 C3 85 85 00 00 00 
BAT RX 0x319 [8] 40 0D 41 0D 2C 1D 11 00 
BAT RX 0x318 [8] 0D 2F 0D 2D 0D 2D 0D 2C 
BAT RX 0x317 [8] 0D 41 0D 40 0D 3F 0D 3E 
BAT RX 0x316 [8] 0D 36 0D 35 0D 35 0D 2E 
BAT RX 0x315 [8] 0D 3B 0D 3A 0D 3A 0D 3A 
BAT RX 0x314 [8] 5B 54 5B 54 00 15 05 44 
BAT RX 0x313 [8] 15 22 00 00 00 FE 64 63 
BAT RX 0x312 [8] 00 00 00 00 02 02 00 00 
BAT RX 0x311 [8] 02 38 00 00 08 24 01 21 
[keepalive] twai_transmit() -> ESP_OK
BAT RX 0x330 [8] 02 0D 02 01 0D 41 0D 2C 
BAT RX 0x329 [8] 01 00 22 9C 01 00 40 35 
BAT RX 0x323 [8] 20 0E 10 00 00 00 00 00 
BAT RX 0x324 [8] 01 39 35 32 32 30 36 32 
BAT RX 0x322 [8] 01 14 00 E8 03 01 64 64 
BAT RX 0x320 [8] 50 41 C3 85 85 00 00 00 
BAT RX 0x319 [8] 40 0D 41 0D 2C 1D 11 00 
BAT RX 0x318 [8] 0D 2E 0D 2E 0D 2D 0D 2C 
BAT RX 0x317 [8] 0D 41 0D 3F 0D 3E 0D 3E 
BAT RX 0x316 [8] 0D 35 0D 35 0D 35 0D 2E 
BAT RX 0x315 [8] 0D 3A 0D 3A 0D 3A 0D 3A 
BAT RX 0x314 [8] 5B 54 5B 54 00 15 05 44 
BAT RX 0x313 [8] 15 22 00 03 00 FE 64 63 
BAT RX 0x312 [8] 00 00 00 00 02 02 00 00 
BAT RX 0x311 [8] 02 38 00 00 08 24 01 21 
[keepalive] twai_transmit() -> ESP_OK
[335s] OK V=54.10V I=+0.3A T=25.4C SOC=100% SOH=99% | CVL=56.8V CCL=0.0A DCL=208.4A | chg=0 dis=1 fc1=0 fc2=0 | prot=0000 warn=0000 | packs=2 | inv0x305=no
BAT RX 0x330 [8] 02 0D 02 01 0D 41 0D 2C 
BAT RX 0x329 [8] 02 00 1A 25 02 00 40 D1 
BAT RX 0x323 [8] 20 0E 10 00 00 00 00 00 
BAT RX 0x324 [8] 02 42 42 37 00 00 00 00 
BAT RX 0x322 [8] 01 14 00 E8 03 01 64 64 
BAT RX 0x320 [8] 50 41 C3 85 85 00 00 00 
BAT RX 0x319 [8] 40 0D 41 0D 2C 1D 11 00 
BAT RX 0x318 [8] 0D 2F 0D 2D 0D 2D 0D 2C 
BAT RX 0x317 [8] 0D 41 0D 3F 0D 3E 0D 3E 
BAT RX 0x316 [8] 0D 36 0D 35 0D 35 0D 2E 
BAT RX 0x315 [8] 0D 3B 0D 3A 0D 3A 0D 3A 
BAT RX 0x314 [8] 5B 54 5B 54 00 15 05 44 
BAT RX 0x313 [8] 15 22 00 00 00 FE 64 63 
BAT RX 0x312 [8] 00 00 00 00 02 02 00 00 
BAT RX 0x311 [8] 02 38 00 00 08 24 01 21 
[keepalive] twai_transmit() -> ESP_OK
BAT RX 0x330 [8] 02 0D 02 01 0D 41 0D 2C 
BAT RX 0x329 [8] 01 00 22 9C 01 00 40 35 
BAT RX 0x323 [8] 20 0E 10 00 00 00 00 00 
BAT RX 0x324 [8] 00 01 47 50 4A 30 32 31 
BAT RX 0x322 [8] 01 14 00 E8 03 01 64 64 
BAT RX 0x320 [8] 50 41 C3 85 85 00 00 00 
BAT RX 0x319 [8] 40 0D 41 0D 2C 1D 11 00 
BAT RX 0x318 [8] 0D 2E 0D 2D 0D 2C 0D 2C 
BAT RX 0x317 [8] 0D 41 0D 3F 0D 3E 0D 3E 
BAT RX 0x316 [8] 0D 36 0D 35 0D 34 0D 2D 
BAT RX 0x315 [8] 0D 3B 0D 3A 0D 3A 0D 3A 
BAT RX 0x314 [8] 5B 54 5B 54 00 15 05 44 
BAT RX 0x313 [8] 15 22 00 03 00 FE 64 63 
BAT RX 0x312 [8] 00 00 00 00 02 02 00 00 
BAT RX 0x311 [8] 02 38 00 00 08 24 01 21 
[keepalive] twai_transmit() -> ESP_OK
[337s] OK V=54.10V I=+0.3A T=25.4C SOC=100% SOH=99% | CVL=56.8V CCL=0.0A DCL=208.4A | chg=0 dis=1 fc1=0 fc2=0 | prot=0000 warn=0000 | packs=2 | inv0x305=no
BAT RX 0x330 [8] 02 0D 02 01 0D 41 0D 2C 
BAT RX 0x329 [8] 02 00 1A 25 02 00 40 D1 
BAT RX 0x323 [8] 20 0E 10 00 00 00 00 00 
BAT RX 0x324 [8] 01 39 35 32 32 30 36 32 
BAT RX 0x322 [8] 01 14 00 E8 03 01 64 64 
BAT RX 0x320 [8] 50 41 C3 85 85 00 00 00 
BAT RX 0x319 [8] 40 0D 41 0D 2C 1D 11 00 
BAT RX 0x318 [8] 0D 2F 0D 2D 0D 2D 0D 2C 
BAT RX 0x317 [8] 0D 41 0D 3F 0D 3E 0D 3E 
BAT RX 0x316 [8] 0D 35 0D 35 0D 34 0D 2E 
BAT RX 0x315 [8] 0D 3B 0D 3A 0D 3A 0D 3A 
BAT RX 0x314 [8] 5B 54 5B 54 00 15 05 44 
BAT RX 0x313 [8] 15 22 00 00 00 FE 64 63 
BAT RX 0x312 [8] 00 00 00 00 02 02 00 00 
BAT RX 0x311 [8] 02 38 00 00 08 24 01 21 
[keepalive] twai_transmit() -> ESP_OK
BAT RX 0x330 [8] 02 0D 02 01 0D 41 0D 2C 
BAT RX 0x329 [8] 01 00 22 9C 01 00 40 35 
BAT RX 0x323 [8] 20 0E 10 00 00 00 00 00 
BAT RX 0x324 [8] 02 43 30 37 00 00 00 00 
BAT RX 0x322 [8] 01 14 00 E8 03 01 64 64 
BAT RX 0x320 [8] 50 41 C3 85 85 00 00 00 
BAT RX 0x319 [8] 40 0D 41 0D 2C 1D 11 00 
BAT RX 0x318 [8] 0D 2E 0D 2D 0D 2D 0D 2C 
BAT RX 0x317 [8] 0D 41 0D 40 0D 3E 0D 3E 
BAT RX 0x316 [8] 0D 35 0D 35 0D 35 0D 2D 
BAT RX 0x315 [8] 0D 3A 0D 3A 0D 3A 0D 3A 
BAT RX 0x314 [8] 5B 54 5B 54 00 15 05 44 
BAT RX 0x313 [8] 15 22 00 00 00 FE 64 63 
BAT RX 0x312 [8] 00 00 00 00 02 02 00 00 
BAT RX 0x311 [8] 02 38 00 00 08 24 01 21 
[keepalive] twai_transmit() -> ESP_OK
[339s] OK V=54.10V I=+0.0A T=25.4C SOC=100% SOH=99% | CVL=56.8V CCL=0.0A DCL=208.4A | chg=0 dis=1 fc1=0 fc2=0 | prot=0000 warn=0000 | packs=2 | inv0x305=no
BAT RX 0x330 [8] 02 0D 02 01 0D 41 0D 2C 
BAT RX 0x329 [8] 02 00 1A 25 02 00 40 D1 
BAT RX 0x323 [8] 20 0E 10 00 00 00 00 00 
BAT RX 0x324 [8] 00 02 47 50 4A 30 32 31 
BAT RX 0x322 [8] 01 14 00 E8 03 01 64 64 
BAT RX 0x320 [8] 50 41 C3 85 85 00 00 00 
BAT RX 0x319 [8] 40 0D 41 0D 2C 1D 11 00 
BAT RX 0x318 [8] 0D 2F 0D 2D 0D 2C 0D 2C 
BAT RX 0x317 [8] 0D 41 0D 3F 0D 3E 0D 3E 
BAT RX 0x316 [8] 0D 35 0D 35 0D 35 0D 2E 
BAT RX 0x315 [8] 0D 3A 0D 3A 0D 3A 0D 3A 
BAT RX 0x314 [8] 5B 54 5B 54 00 15 05 44 
BAT RX 0x313 [8] 15 22 00 00 00 FE 64 63 
BAT RX 0x312 [8] 00 00 00 00 02 02 00 00 
BAT RX 0x311 [8] 02 38 00 00 08 24 01 21 
[keepalive] twai_transmit() -> ESP_OK
BAT RX 0x330 [8] 02 0D 02 01 0D 41 0D 2C 
BAT RX 0x329 [8] 01 00 22 9C 01 00 40 35 
BAT RX 0x323 [8] 20 0E 10 00 00 00 00 00 
BAT RX 0x324 [8] 01 39 35 32 32 30 36 32 
BAT RX 0x322 [8] 01 14 00 E8 03 01 64 64 
BAT RX 0x320 [8] 50 41 C3 85 85 00 00 00 
BAT RX 0x319 [8] 40 0D 41 0D 2C 1D 11 00 
BAT RX 0x318 [8] 0D 2E 0D 2D 0D 2D 0D 2C 
BAT RX 0x317 [8] 0D 41 0D 3F 0D 3E 0D 3E 
BAT RX 0x316 [8] 0D 35 0D 35 0D 34 0D 2D 
BAT RX 0x315 [8] 0D 3A 0D 3A 0D 3A 0D 39 
BAT RX 0x314 [8] 5B 54 5B 54 00 15 05 44 
BAT RX 0x313 [8] 15 22 00 00 00 FE 64 63 
BAT RX 0x312 [8] 00 00 00 00 02 02 00 00 
BAT RX 0x311 [8] 02 38 00 00 08 24 01 21 
[keepalive] twai_transmit() -> ESP_OK
[341s] OK V=54.10V I=+0.0A T=25.4C SOC=100% SOH=99% | CVL=56.8V CCL=0.0A DCL=208.4A | chg=0 dis=1 fc1=0 fc2=0 | prot=0000 warn=0000 | packs=2 | inv0x305=no
BAT RX 0x330 [8] 02 0D 02 01 0D 41 0D 2C 
BAT RX 0x329 [8] 02 00 1A 25 02 00 40 D1 
BAT RX 0x323 [8] 20 0E 10 00 00 00 00 00 
BAT RX 0x324 [8] 02 42 42 37 00 00 00 00 
BAT RX 0x322 [8] 01 14 00 E8 03 01 64 64 
BAT RX 0x320 [8] 50 41 C3 85 85 00 00 00 
BAT RX 0x319 [8] 40 0D 41 0D 2C 1D 11 00 
BAT RX 0x318 [8] 0D 2E 0D 2D 0D 2C 0D 2C 
BAT RX 0x317 [8] 0D 41 0D 3F 0D 3E 0D 3E 
BAT RX 0x316 [8] 0D 36 0D 35 0D 34 0D 2D 
BAT RX 0x315 [8] 0D 3A 0D 3A 0D 3A 0D 3A 
BAT RX 0x314 [8] 5B 54 5B 54 00 15 05 44 
BAT RX 0x313 [8] 15 22 00 03 00 FE 64 63 
BAT RX 0x312 [8] 00 00 00 00 02 02 00 00 
BAT RX 0x311 [8] 02 38 00 00 08 24 01 21 
[keepalive] twai_transmit() -> ESP_OK
BAT RX 0x330 [8] 02 0D 02 01 0D 40 0D 2C 
BAT RX 0x329 [8] 01 00 22 9C 01 00 40 35 
BAT RX 0x323 [8] 20 0E 10 00 00 00 00 00 
BAT RX 0x324 [8] 00 01 47 50 4A 30 32 31 
BAT RX 0x322 [8] 01 14 00 E8 03 01 64 64 
BAT RX 0x320 [8] 50 41 C3 85 85 00 00 00 
BAT RX 0x319 [8] 40 0D 40 0D 2C 1D 11 00 
BAT RX 0x318 [8] 0D 2E 0D 2D 0D 2D 0D 2C 
BAT RX 0x317 [8] 0D 40 0D 3F 0D 3E 0D 3E 
BAT RX 0x316 [8] 0D 35 0D 35 0D 35 0D 2D 
BAT RX 0x315 [8] 0D 3A 0D 3A 0D 3A 0D 3A 
BAT RX 0x314 [8] 5B 54 5B 54 00 14 05 44 
BAT RX 0x313 [8] 15 22 00 00 00 FE 64 63 
BAT RX 0x312 [8] 00 00 00 00 02 02 00 00 
BAT RX 0x311 [8] 02 38 00 00 08 24 01 21 
[keepalive] twai_transmit() -> ESP_OK
[343s] OK V=54.10V I=+0.0A T=25.4C SOC=100% SOH=99% | CVL=56.8V CCL=0.0A DCL=208.4A | chg=0 dis=1 fc1=0 fc2=0 | prot=0000 warn=0000 | packs=2 | inv0x305=no
BAT RX 0x330 [8] 02 0D 02 01 0D 41 0D 2C 
BAT RX 0x329 [8] 02 00 1A 25 02 00 40 D1 
BAT RX 0x323 [8] 20 0E 10 00 00 00 00 00 
BAT RX 0x324 [8] 01 39 35 32 32 30 36 32 
BAT RX 0x322 [8] 01 14 00 E8 03 01 64 64 
BAT RX 0x320 [8] 50 41 C3 85 85 00 00 00 
BAT RX 0x319 [8] 40 0D 41 0D 2C 1D 11 00 
BAT RX 0x318 [8] 0D 2E 0D 2D 0D 2C 0D 2C 
BAT RX 0x317 [8] 0D 41 0D 3F 0D 3E 0D 3D 
BAT RX 0x316 [8] 0D 35 0D 35 0D 35 0D 2E 
BAT RX 0x315 [8] 0D 3A 0D 3A 0D 3A 0D 3A 
BAT RX 0x314 [8] 5B 54 5B 54 00 15 05 44 
BAT RX 0x313 [8] 15 22 00 03 00 FE 64 63 
BAT RX 0x312 [8] 00 00 00 00 02 02 00 00 
BAT RX 0x311 [8] 02 38 00 00 08 24 01 21 
[keepalive] twai_transmit() -> ESP_OK

---- battery-bus rate stats (VERBOSE_STATS) ----------------------------
  4421 frames, 345 s elapsed
  ID     count   period(ms)  (min-max gap)
  0x312     295    995 (7-1000)
  0x313     295    995 (3-1000)
  0x314     295    995 (4-1000)
  0x315     295    995 (4-1000)
  0x316     295    995 (3-1000)
  0x317     295    995 (3-1000)
  0x318     295    995 (4-1000)
  0x319     295    995 (4-1000)
  0x320     295    995 (4-1000)
  0x322     295    995 (4-1000)
  0x311     295    995 (4-1000)
  0x323     294    998 (767-1000)
  0x324     294    998 (768-1000)
  0x329     294    998 (757-1000)
  0x330     294    998 (746-1000)
--------------------------------------------------------------------------

  TWAI: state=RUNNING  tx_err=0 rx_err=0  tx_failed=0  rx_missed=0 rx_overrun=0  arb_lost=0  bus_err=190881
BAT RX 0x330 [8] 02 0D 02 01 0D 41 0D 2C 
BAT RX 0x329 [8] 01 00 22 9C 01 00 40 35 
BAT RX 0x323 [8] 20 0E 10 00 00 00 00 00 
BAT RX 0x324 [8] 02 43 30 37 00 00 00 00 
BAT RX 0x322 [8] 01 14 00 E8 03 01 64 64 
BAT RX 0x320 [8] 50 41 C3 85 85 00 00 00 
BAT RX 0x319 [8] 40 0D 41 0D 2C 1D 11 00 
BAT RX 0x318 [8] 0D 2E 0D 2D 0D 2D 0D 2C 
BAT RX 0x317 [8] 0D 41 0D 3F 0D 3E 0D 3D 
BAT RX 0x316 [8] 0D 35 0D 35 0D 35 0D 2E 
BAT RX 0x315 [8] 0D 3A 0D 3A 0D 3A 0D 3A 
BAT RX 0x314 [8] 5B 54 5B 54 00 15 05 44 
BAT RX 0x313 [8] 15 22 00 00 00 FE 64 63 
BAT RX 0x312 [8] 00 00 00 00 02 02 00 00 
BAT RX 0x311 [8] 02 38 00 00 08 24 01 21 
[keepalive] twai_transmit() -> ESP_OK
[345s] OK V=54.10V I=+0.0A T=25.4C SOC=100% SOH=99% | CVL=56.8V CCL=0.0A DCL=208.4A | chg=0 dis=1 fc1=0 fc2=0 | prot=0000 warn=0000 | packs=2 | inv0x305=no
BAT RX 0x330 [8] 02 0D 02 01 0D 41 0D 2C 
BAT RX 0x329 [8] 02 00 1A 25 02 00 40 D1 
BAT RX 0x323 [8] 20 0E 10 00 00 00 00 00 
BAT RX 0x324 [8] 00 02 47 50 4A 30 32 31 
BAT RX 0x322 [8] 01 14 00 E8 03 01 64 64 
BAT RX 0x320 [8] 50 41 C3 85 85 00 00 00 
BAT RX 0x319 [8] 40 0D 41 0D 2C 1D 11 00 
BAT RX 0x318 [8] 0D 2E 0D 2D 0D 2C 0D 2C 
BAT RX 0x317 [8] 0D 41 0D 3F 0D 3E 0D 3D 
BAT RX 0x316 [8] 0D 35 0D 35 0D 34 0D 2D 
BAT RX 0x315 [8] 0D 3A 0D 3A 0D 3A 0D 39 
BAT RX 0x314 [8] 5B 54 5B 54 00 15 05 44 
BAT RX 0x313 [8] 15 22 00 00 00 FE 64 63 
BAT RX 0x312 [8] 00 00 00 00 02 02 00 00 
BAT RX 0x311 [8] 02 38 00 00 08 24 01 21 
[keepalive] twai_transmit() -> ESP_OK
BAT RX 0x330 [8] 02 0D 02 01 0D 41 0D 2C 
BAT RX 0x329 [8] 01 00 22 9C 01 00 40 35 
BAT RX 0x323 [8] 20 0E 10 00 00 00 00 00 
BAT RX 0x324 [8] 01 39 35 32 32 30 36 32 
BAT RX 0x322 [8] 01 14 00 E8 03 01 64 64 
BAT RX 0x320 [8] 50 41 C3 85 85 00 00 00 
BAT RX 0x319 [8] 40 0D 41 0D 2C 1D 11 00 
BAT RX 0x318 [8] 0D 2E 0D 2D 0D 2D 0D 2C 
BAT RX 0x317 [8] 0D 41 0D 3F 0D 3F 0D 3D 
BAT RX 0x316 [8] 0D 35 0D 34 0D 34 0D 2D 
BAT RX 0x315 [8] 0D 3A 0D 3A 0D 3A 0D 3A 
BAT RX 0x314 [8] 5B 54 5B 54 00 15 05 44 
BAT RX 0x313 [8] 15 22 00 00 00 FE 64 63 
BAT RX 0x312 [8] 00 00 00 00 02 02 00 00 
BAT RX 0x311 [8] 02 38 00 00 08 24 01 21 
[keepalive] twai_transmit() -> ESP_OK
[347s] OK V=54.10V I=+0.0A T=25.4C SOC=100% SOH=99% | CVL=56.8V CCL=0.0A DCL=208.4A | chg=0 dis=1 fc1=0 fc2=0 | prot=0000 warn=0000 | packs=2 | inv0x305=no
BAT RX 0x330 [8] 02 0D 02 01 0D 41 0D 2C 
BAT RX 0x329 [8] 02 00 1A 25 02 00 40 D1 
BAT RX 0x323 [8] 20 0E 10 00 00 00 00 00 
BAT RX 0x324 [8] 02 42 42 37 00 00 00 00 
BAT RX 0x322 [8] 01 14 00 E8 03 01 64 64 
BAT RX 0x320 [8] 50 41 C3 85 85 00 00 00 
BAT RX 0x319 [8] 40 0D 41 0D 2C 1D 11 00 
BAT RX 0x318 [8] 0D 2E 0D 2D 0D 2C 0D 2C 
BAT RX 0x317 [8] 0D 41 0D 3F 0D 3E 0D 3D 
BAT RX 0x316 [8] 0D 35 0D 35 0D 34 0D 2E 
BAT RX 0x315 [8] 0D 3A 0D 3A 0D 3A 0D 3A 
BAT RX 0x314 [8] 5B 54 5B 54 00 15 05 44 
BAT RX 0x313 [8] 15 22 00 03 00 FE 64 63 
BAT RX 0x312 [8] 00 00 00 00 02 02 00 00 
BAT RX 0x311 [8] 02 38 00 00 08 24 01 21 
[keepalive] twai_transmit() -> ESP_OK
BAT RX 0x330 [8] 02 0D 02 01 0D 41 0D 2C 
BAT RX 0x329 [8] 01 00 22 9C 01 00 40 35 
BAT RX 0x323 [8] 20 0E 10 00 00 00 00 00 
BAT RX 0x324 [8] 00 01 47 50 4A 30 32 31 
BAT RX 0x322 [8] 01 14 00 E8 03 01 64 64 
BAT RX 0x320 [8] 50 41 C3 85 85 00 00 00 
BAT RX 0x319 [8] 40 0D 41 0D 2C 1D 11 00 
BAT RX 0x318 [8] 0D 2E 0D 2C 0D 2C 0D 2C 
BAT RX 0x317 [8] 0D 41 0D 3E 0D 3E 0D 3D 
BAT RX 0x316 [8] 0D 35 0D 35 0D 34 0D 2D 
BAT RX 0x315 [8] 0D 3A 0D 3A 0D 3A 0D 3A 
BAT RX 0x314 [8] 5B 54 5B 54 00 15 05 44 
BAT RX 0x313 [8] 15 22 00 03 00 FE 64 63 
BAT RX 0x312 [8] 00 00 00 00 02 02 00 00 
BAT RX 0x311 [8] 02 38 00 00 08 24 01 21 
[keepalive] twai_transmit() -> ESP_OK
[349s] OK V=54.10V I=+0.3A T=25.4C SOC=100% SOH=99% | CVL=56.8V CCL=0.0A DCL=208.4A | chg=0 dis=1 fc1=0 fc2=0 | prot=0000 warn=0000 | packs=2 | inv0x305=no
BAT RX 0x330 [8] 02 0D 02 01 0D 41 0D 2B 
BAT RX 0x329 [8] 02 00 1A 25 02 00 40 D1 
BAT RX 0x323 [8] 20 0E 10 00 00 00 00 00 
BAT RX 0x324 [8] 01 39 35 32 32 30 36 32 
BAT RX 0x322 [8] 01 14 00 E8 03 01 64 64 
BAT RX 0x320 [8] 50 41 C3 85 85 00 00 00 
BAT RX 0x319 [8] 40 0D 41 0D 2B 1D 11 00 
BAT RX 0x318 [8] 0D 2E 0D 2D 0D 2C 0D 2B 
BAT RX 0x317 [8] 0D 41 0D 3F 0D 3D 0D 3D 
BAT RX 0x316 [8] 0D 35 0D 35 0D 34 0D 2E 
BAT RX 0x315 [8] 0D 3A 0D 3A 0D 3A 0D 39 
BAT RX 0x314 [8] 5B 54 5B 54 00 16 05 44 
BAT RX 0x313 [8] 15 22 00 00 00 FE 64 63 
BAT RX 0x312 [8] 00 00 00 00 02 02 00 00 
BAT RX 0x311 [8] 02 38 00 00 08 24 01 21 
[keepalive] twai_transmit() -> ESP_OK
BAT RX 0x330 [8] 02 0D 02 01 0D 41 0D 2B 
BAT RX 0x329 [8] 01 00 22 9C 01 00 40 35 
BAT RX 0x323 [8] 20 0E 10 00 00 00 00 00 
BAT RX 0x324 [8] 02 43 30 37 00 00 00 00 
BAT RX 0x322 [8] 01 14 00 E8 03 01 64 64 
BAT RX 0x320 [8] 50 41 C3 85 85 00 00 00 
BAT RX 0x319 [8] 40 0D 41 0D 2B 1D 11 00 
BAT RX 0x318 [8] 0D 2E 0D 2D 0D 2C 0D 2B 
BAT RX 0x317 [8] 0D 41 0D 3F 0D 3E 0D 3E 
BAT RX 0x316 [8] 0D 35 0D 35 0D 34 0D 2D 
BAT RX 0x315 [8] 0D 3A 0D 3A 0D 3A 0D 3A 
BAT RX 0x314 [8] 5B 54 5B 54 00 16 05 44 
BAT RX 0x313 [8] 15 22 00 00 00 FE 64 63 
BAT RX 0x312 [8] 00 00 00 00 02 02 00 00 
BAT RX 0x311 [8] 02 38 00 00 08 24 01 21 
[keepalive] twai_transmit() -> ESP_OK
[351s] OK V=54.10V I=+0.0A T=25.4C SOC=100% SOH=99% | CVL=56.8V CCL=0.0A DCL=208.4A | chg=0 dis=1 fc1=0 fc2=0 | prot=0000 warn=0000 | packs=2 | inv0x305=no
BAT RX 0x330 [8] 02 0D 02 01 0D 40 0D 2C 
BAT RX 0x329 [8] 02 00 1A 25 02 00 40 D1 
BAT RX 0x323 [8] 20 0E 10 00 00 00 00 00 
BAT RX 0x324 [8] 00 02 47 50 4A 30 32 31 
BAT RX 0x322 [8] 01 14 00 E8 03 01 64 64 
BAT RX 0x320 [8] 50 41 C3 85 85 00 00 00 
BAT RX 0x319 [8] 40 0D 40 0D 2C 1D 11 00 
BAT RX 0x318 [8] 0D 2E 0D 2D 0D 2C 0D 2C 
BAT RX 0x317 [8] 0D 40 0D 3F 0D 3E 0D 3D 
BAT RX 0x316 [8] 0D 35 0D 34 0D 34 0D 2E 
BAT RX 0x315 [8] 0D 3A 0D 3A 0D 3A 0D 3A 
BAT RX 0x314 [8] 5B 54 5B 54 00 14 05 44 
BAT RX 0x313 [8] 15 22 00 03 00 FE 64 63 
BAT RX 0x312 [8] 00 00 00 00 02 02 00 00 
BAT RX 0x311 [8] 02 38 00 00 08 24 01 21 
[keepalive] twai_transmit() -> ESP_OK
BAT RX 0x330 [8] 02 0D 02 01 0D 41 0D 2B 
BAT RX 0x329 [8] 01 00 22 9C 01 00 40 35 
BAT RX 0x323 [8] 20 0E 10 00 00 00 00 00 
BAT RX 0x324 [8] 01 39 35 32 32 30 36 32 
BAT RX 0x322 [8] 01 14 00 E8 03 01 64 64 
BAT RX 0x320 [8] 50 41 C3 85 85 00 00 00 
BAT RX 0x319 [8] 40 0D 41 0D 2B 1D 11 00 
BAT RX 0x318 [8] 0D 2E 0D 2D 0D 2D 0D 2B 
BAT RX 0x317 [8] 0D 41 0D 3F 0D 3E 0D 3D 
BAT RX 0x316 [8] 0D 35 0D 35 0D 34 0D 2D 
BAT RX 0x315 [8] 0D 3A 0D 3A 0D 3A 0D 3A 
BAT RX 0x314 [8] 5B 54 5B 54 00 16 05 44 
BAT RX 0x313 [8] 15 22 00 00 00 FE 64 63 
BAT RX 0x312 [8] 00 00 00 00 02 02 00 00 
BAT RX 0x311 [8] 02 38 00 00 08 24 01 21 
[keepalive] twai_transmit() -> ESP_OK
[353s] OK V=54.10V I=+0.0A T=25.4C SOC=100% SOH=99% | CVL=56.8V CCL=0.0A DCL=208.4A | chg=0 dis=1 fc1=0 fc2=0 | prot=0000 warn=0000 | packs=2 | inv0x305=no
BAT RX 0x330 [8] 02 0D 02 01 0D 41 0D 2B 
BAT RX 0x329 [8] 02 00 1A 25 02 00 40 D1 
BAT RX 0x323 [8] 20 0E 10 00 00 00 00 00 
BAT RX 0x324 [8] 02 42 42 37 00 00 00 00 
BAT RX 0x322 [8] 01 14 00 E8 03 01 64 64 
BAT RX 0x320 [8] 50 41 C3 85 85 00 00 00 
BAT RX 0x319 [8] 40 0D 41 0D 2B 1D 11 00 
BAT RX 0x318 [8] 0D 2D 0D 2C 0D 2C 0D 2B 
BAT RX 0x317 [8] 0D 41 0D 3F 0D 3E 0D 3D 
BAT RX 0x316 [8] 0D 35 0D 35 0D 34 0D 2D 
BAT RX 0x315 [8] 0D 3A 0D 3A 0D 3A 0D 3A 
BAT RX 0x314 [8] 5B 54 5B 54 00 16 05 44 
BAT RX 0x313 [8] 15 22 00 03 00 FE 64 63 
BAT RX 0x312 [8] 00 00 00 00 02 02 00 00 
BAT RX 0x311 [8] 02 38 00 00 08 24 01 21 
[keepalive] twai_transmit() -> ESP_OK
BAT RX 0x330 [8] 02 0D 02 01 0D 40 0D 2B 
BAT RX 0x329 [8] 01 00 22 9C 01 00 40 35 
BAT RX 0x323 [8] 20 0E 10 00 00 00 00 00 
BAT RX 0x324 [8] 00 01 47 50 4A 30 32 31 
BAT RX 0x322 [8] 01 14 00 E8 03 01 64 64 
BAT RX 0x320 [8] 50 41 C3 85 85 00 00 00 
BAT RX 0x319 [8] 40 0D 40 0D 2B 1D 11 00 
BAT RX 0x318 [8] 0D 2E 0D 2D 0D 2C 0D 2B 
BAT RX 0x317 [8] 0D 40 0D 3F 0D 3E 0D 3D 
BAT RX 0x316 [8] 0D 35 0D 35 0D 34 0D 2D 
BAT RX 0x315 [8] 0D 3A 0D 3A 0D 3A 0D 3A 
BAT RX 0x314 [8] 5B 54 5B 54 00 15 05 44 
BAT RX 0x313 [8] 15 22 00 00 00 FE 64 63 
BAT RX 0x312 [8] 00 00 00 00 02 02 00 00 
BAT RX 0x311 [8] 02 38 00 00 08 24 01 21 
[keepalive] twai_transmit() -> ESP_OK
[355s] OK V=54.10V I=+0.0A T=25.4C SOC=100% SOH=99% | CVL=56.8V CCL=0.0A DCL=208.4A | chg=0 dis=1 fc1=0 fc2=0 | prot=0000 warn=0000 | packs=2 | inv0x305=no
BAT RX 0x330 [8] 02 0D 02 01 0D 40 0D 2C 
BAT RX 0x329 [8] 02 00 1A 25 02 00 40 D1 
BAT RX 0x323 [8] 20 0E 10 00 00 00 00 00 
BAT RX 0x324 [8] 01 39 35 32 32 30 36 32 
BAT RX 0x322 [8] 01 14 00 E8 03 01 64 64 
BAT RX 0x320 [8] 50 41 C3 85 85 00 00 00 
BAT RX 0x319 [8] 40 0D 40 0D 2C 1D 11 00 
BAT RX 0x318 [8] 0D 2E 0D 2D 0D 2D 0D 2C 
BAT RX 0x317 [8] 0D 40 0D 3F 0D 3E 0D 3D 
BAT RX 0x316 [8] 0D 34 0D 34 0D 34 0D 2D 
BAT RX 0x315 [8] 0D 3A 0D 3A 0D 3A 0D 39 
BAT RX 0x314 [8] 5B 54 5B 54 00 14 05 44 
BAT RX 0x313 [8] 15 22 00 03 00 FE 64 63 
BAT RX 0x312 [8] 00 00 00 00 02 02 00 00 
BAT RX 0x311 [8] 02 38 00 00 08 24 01 21 
[keepalive] twai_transmit() -> ESP_OK
BAT RX 0x330 [8] 02 0D 02 01 0D 40 0D 2C 
BAT RX 0x329 [8] 01 00 22 9C 01 00 40 35 
BAT RX 0x323 [8] 20 0E 10 00 00 00 00 00 
BAT RX 0x324 [8] 02 43 30 37 00 00 00 00 
BAT RX 0x322 [8] 01 14 00 E8 03 01 64 64 
BAT RX 0x320 [8] 50 41 C3 85 85 00 00 00 
BAT RX 0x319 [8] 40 0D 40 0D 2C 1D 11 00 
BAT RX 0x318 [8] 0D 2E 0D 2D 0D 2C 0D 2C 
BAT RX 0x317 [8] 0D 40 0D 3E 0D 3D 0D 3D 
BAT RX 0x316 [8] 0D 35 0D 35 0D 34 0D 2D 
BAT RX 0x315 [8] 0D 3A 0D 3A 0D 39 0D 39 
BAT RX 0x314 [8] 5B 54 5B 54 00 14 05 44 
BAT RX 0x313 [8] 15 22 00 03 00 FE 64 63 
BAT RX 0x312 [8] 00 00 00 00 02 02 00 00 
BAT RX 0x311 [8] 02 38 00 00 08 24 01 21 
[keepalive] twai_transmit() -> ESP_OK
[357s] OK V=54.10V I=+0.3A T=25.4C SOC=100% SOH=99% | CVL=56.8V CCL=0.0A DCL=208.4A | chg=0 dis=1 fc1=0 fc2=0 | prot=0000 warn=0000 | packs=2 | inv0x305=no
BAT RX 0x330 [8] 02 0D 02 01 0D 41 0D 2B 
BAT RX 0x329 [8] 02 00 1A 25 02 00 40 D1 
BAT RX 0x323 [8] 20 0E 10 00 00 00 00 00 
BAT RX 0x324 [8] 00 02 47 50 4A 30 32 31 
BAT RX 0x322 [8] 01 14 00 E8 03 01 64 64 
BAT RX 0x320 [8] 50 41 C3 85 85 00 00 00 
BAT RX 0x319 [8] 40 0D 41 0D 2B 1D 11 00 
BAT RX 0x318 [8] 0D 2E 0D 2C 0D 2C 0D 2B 
BAT RX 0x317 [8] 0D 41 0D 3E 0D 3D 0D 3D 
BAT RX 0x316 [8] 0D 35 0D 35 0D 33 0D 2D 
BAT RX 0x315 [8] 0D 3A 0D 39 0D 39 0D 39 
BAT RX 0x314 [8] 5B 54 5B 54 00 16 05 44 
BAT RX 0x313 [8] 15 22 00 03 00 FE 64 63 
BAT RX 0x312 [8] 00 00 00 00 02 02 00 00 
BAT RX 0x311 [8] 02 38 00 00 08 24 01 21 
[keepalive] twai_transmit() -> ESP_OK
BAT RX 0x330 [8] 02 0D 02 01 0D 40 0D 2B 
BAT RX 0x329 [8] 01 00 22 9C 01 00 40 35 
BAT RX 0x323 [8] 20 0E 10 00 00 00 00 00 
BAT RX 0x324 [8] 01 39 35 32 32 30 36 32 
BAT RX 0x322 [8] 01 14 00 E8 03 01 64 64 
BAT RX 0x320 [8] 50 41 C3 85 85 00 00 00 
BAT RX 0x319 [8] 40 0D 40 0D 2B 1D 11 00 
BAT RX 0x318 [8] 0D 2E 0D 2D 0D 2B 0D 2B 
BAT RX 0x317 [8] 0D 40 0D 3E 0D 3D 0D 3D 
BAT RX 0x316 [8] 0D 35 0D 34 0D 34 0D 2E 
BAT RX 0x315 [8] 0D 3A 0D 3A 0D 3A 0D 38 
BAT RX 0x314 [8] 5B 54 5B 54 00 15 05 44 
BAT RX 0x313 [8] 15 22 00 00 00 FE 64 63 
BAT RX 0x312 [8] 00 00 00 00 02 02 00 00 
BAT RX 0x311 [8] 02 38 00 00 08 24 01 21 
[keepalive] twai_transmit() -> ESP_OK
[359s] OK V=54.10V I=+0.0A T=25.4C SOC=100% SOH=99% | CVL=56.8V CCL=0.0A DCL=208.4A | chg=0 dis=1 fc1=0 fc2=0 | prot=0000 warn=0000 | packs=2 | inv0x305=no
BAT RX 0x330 [8] 02 0D 02 01 0D 40 0D 2B 

---- battery-bus rate stats (VERBOSE_STATS) ----------------------------
  4647 frames, 360 s elapsed
  ID     count   period(ms)  (min-max gap)
  0x312     310    995 (7-1000)
  0x313     310    995 (3-1000)
  0x314     310    995 (4-1000)
  0x315     310    995 (4-1000)
  0x316     310    995 (3-1000)
  0x317     310    995 (3-1000)
  0x318     310    995 (4-1000)
  0x319     310    995 (4-1000)
  0x320     310    995 (4-1000)
  0x322     310    995 (4-1000)
  0x311     310    995 (4-1000)
  0x323     309    998 (767-1000)
  0x324     309    998 (768-1000)
  0x329     309    998 (757-1000)
  0x330     310    998 (746-1000)
--------------------------------------------------------------------------

  TWAI: state=RUNNING  tx_err=0 rx_err=0  tx_failed=0  rx_missed=0 rx_overrun=0  arb_lost=0  bus_err=190881
BAT RX 0x329 [8] 02 00 1A 25 02 00 40 D1 
BAT RX 0x323 [8] 20 0E 10 00 00 00 00 00 
BAT RX 0x324 [8] 02 42 42 37 00 00 00 00 
BAT RX 0x322 [8] 01 14 00 E8 03 01 64 64 
BAT RX 0x320 [8] 50 41 C3 85 85 00 00 00 
BAT RX 0x319 [8] 40 0D 40 0D 2B 1D 11 00 
BAT RX 0x318 [8] 0D 2E 0D 2C 0D 2C 0D 2B 
BAT RX 0x317 [8] 0D 40 0D 3F 0D 3E 0D 3D 
BAT RX 0x316 [8] 0D 35 0D 35 0D 34 0D 2E 
BAT RX 0x315 [8] 0D 3A 0D 3A 0D 39 0D 39 
BAT RX 0x314 [8] 5B 54 5B 54 00 15 05 44 
BAT RX 0x313 [8] 15 22 00 03 00 FE 64 63 
BAT RX 0x312 [8] 00 00 00 00 02 02 00 00 
BAT RX 0x311 [8] 02 38 00 00 08 24 01 21 
[keepalive] twai_transmit() -> ESP_OK
BAT RX 0x330 [8] 02 0D 02 01 0D 41 0D 2B 
BAT RX 0x329 [8] 01 00 22 9C 01 00 40 35 
BAT RX 0x323 [8] 20 0E 10 00 00 00 00 00 
BAT RX 0x324 [8] 00 01 47 50 4A 30 32 31 
BAT RX 0x322 [8] 01 14 00 E8 03 01 64 64 
BAT RX 0x320 [8] 50 41 C3 85 85 00 00 00 
BAT RX 0x319 [8] 40 0D 41 0D 2B 1D 11 00 
BAT RX 0x318 [8] 0D 2D 0D 2C 0D 2C 0D 2B 
BAT RX 0x317 [8] 0D 41 0D 3E 0D 3D 0D 3D 
BAT RX 0x316 [8] 0D 35 0D 34 0D 34 0D 2D 
BAT RX 0x315 [8] 0D 3A 0D 3A 0D 39 0D 39 
BAT RX 0x314 [8] 5B 54 5B 54 00 16 05 44 
BAT RX 0x313 [8] 15 22 00 03 00 FE 64 63 
BAT RX 0x312 [8] 00 00 00 00 02 02 00 00 
BAT RX 0x311 [8] 02 38 00 00 08 24 01 21 
[keepalive] twai_transmit() -> ESP_OK
[361s] OK V=54.10V I=+0.3A T=25.4C SOC=100% SOH=99% | CVL=56.8V CCL=0.0A DCL=208.4A | chg=0 dis=1 fc1=0 fc2=0 | prot=0000 warn=0000 | packs=2 | inv0x305=no
BAT RX 0x330 [8] 02 0D 02 01 0D 40 0D 2C 
BAT RX 0x329 [8] 02 00 1A 25 02 00 40 D1 
BAT RX 0x323 [8] 20 0E 10 00 00 00 00 00 
BAT RX 0x324 [8] 01 39 35 32 32 30 36 32 
BAT RX 0x322 [8] 01 14 00 E8 03 01 64 64 
BAT RX 0x320 [8] 50 41 C3 85 85 00 00 00 
BAT RX 0x319 [8] 40 0D 40 0D 2C 1D 11 00 
BAT RX 0x318 [8] 0D 2E 0D 2D 0D 2C 0D 2C 
BAT RX 0x317 [8] 0D 40 0D 3F 0D 3D 0D 3D 
BAT RX 0x316 [8] 0D 35 0D 34 0D 34 0D 2D 
BAT RX 0x315 [8] 0D 39 0D 39 0D 39 0D 39 
BAT RX 0x314 [8] 5B 54 5B 54 00 14 05 44 
BAT RX 0x313 [8] 15 22 00 03 00 FE 64 63 
BAT RX 0x312 [8] 00 00 00 00 02 02 00 00 
BAT RX 0x311 [8] 02 38 00 00 08 24 01 21 
[keepalive] twai_transmit() -> ESP_OK
BAT RX 0x330 [8] 02 0D 02 01 0D 40 0D 2B 
BAT RX 0x329 [8] 01 00 22 9C 01 00 40 35 
BAT RX 0x323 [8] 20 0E 10 00 00 00 00 00 
BAT RX 0x324 [8] 02 43 30 37 00 00 00 00 
BAT RX 0x322 [8] 01 14 00 E8 03 01 64 64 
BAT RX 0x320 [8] 50 41 C3 85 85 00 00 00 
BAT RX 0x319 [8] 40 0D 40 0D 2B 1D 11 00 
BAT RX 0x318 [8] 0D 2D 0D 2D 0D 2D 0D 2B 
BAT RX 0x317 [8] 0D 40 0D 3E 0D 3E 0D 3D 
BAT RX 0x316 [8] 0D 34 0D 34 0D 34 0D 2D 
BAT RX 0x315 [8] 0D 3A 0D 39 0D 39 0D 39 
BAT RX 0x314 [8] 5B 54 5B 54 00 15 05 44 
BAT RX 0x313 [8] 15 22 00 00 00 FE 64 63 
BAT RX 0x312 [8] 00 00 00 00 02 02 00 00 
BAT RX 0x311 [8] 02 38 00 00 08 24 01 21 
[keepalive] twai_transmit() -> ESP_OK
[363s] OK V=54.10V I=+0.0A T=25.4C SOC=100% SOH=99% | CVL=56.8V CCL=0.0A DCL=208.4A | chg=0 dis=1 fc1=0 fc2=0 | prot=0000 warn=0000 | packs=2 | inv0x305=no
BAT RX 0x330 [8] 02 0D 02 01 0D 40 0D 2B 
BAT RX 0x329 [8] 02 00 1A 25 02 00 40 D1 
BAT RX 0x323 [8] 20 0E 10 00 00 00 00 00 
BAT RX 0x324 [8] 00 02 47 50 4A 30 32 31 
BAT RX 0x322 [8] 01 14 00 E8 03 01 64 64 
BAT RX 0x320 [8] 50 41 C3 85 85 00 00 00 
BAT RX 0x319 [8] 40 0D 40 0D 2B 1D 11 00 
BAT RX 0x318 [8] 0D 2E 0D 2C 0D 2C 0D 2B 
BAT RX 0x317 [8] 0D 40 0D 3E 0D 3D 0D 3D 
BAT RX 0x316 [8] 0D 35 0D 34 0D 34 0D 2D 
BAT RX 0x315 [8] 0D 3A 0D 39 0D 39 0D 39 
BAT RX 0x314 [8] 5B 54 5B 54 00 15 05 44 
BAT RX 0x313 [8] 15 22 00 03 00 FE 64 63 
BAT RX 0x312 [8] 00 00 00 00 02 02 00 00 
BAT RX 0x311 [8] 02 38 00 00 08 24 01 21 
[keepalive] twai_transmit() -> ESP_OK
BAT RX 0x330 [8] 02 0D 02 01 0D 40 0D 2B 
BAT RX 0x329 [8] 01 00 22 9C 01 00 40 35 
BAT RX 0x323 [8] 20 0E 10 00 00 00 00 00 
BAT RX 0x324 [8] 01 39 35 32 32 30 36 32 
BAT RX 0x322 [8] 01 14 00 E8 03 01 64 64 
BAT RX 0x320 [8] 50 41 C3 85 85 00 00 00 
BAT RX 0x319 [8] 40 0D 40 0D 2B 1D 11 00 
BAT RX 0x318 [8] 0D 2D 0D 2C 0D 2B 0D 2B 
BAT RX 0x317 [8] 0D 40 0D 3E 0D 3D 0D 3D 
BAT RX 0x316 [8] 0D 35 0D 34 0D 34 0D 2D 
BAT RX 0x315 [8] 0D 3A 0D 39 0D 39 0D 39 
BAT RX 0x314 [8] 5B 54 5B 54 00 15 05 44 
BAT RX 0x313 [8] 15 22 00 03 00 FE 64 63 
BAT RX 0x312 [8] 00 00 00 00 02 02 00 00 
BAT RX 0x311 [8] 02 38 00 00 08 24 01 21 
[keepalive] twai_transmit() -> ESP_OK
[365s] OK V=54.10V I=+0.3A T=25.4C SOC=100% SOH=99% | CVL=56.8V CCL=0.0A DCL=208.4A | chg=0 dis=1 fc1=0 fc2=0 | prot=0000 warn=0000 | packs=2 | inv0x305=no
BAT RX 0x330 [8] 02 0D 02 01 0D 40 0D 2B 
BAT RX 0x329 [8] 02 00 1A 25 02 00 40 D1 
BAT RX 0x323 [8] 20 0E 10 00 00 00 00 00 
BAT RX 0x324 [8] 02 42 42 37 00 00 00 00 
BAT RX 0x322 [8] 01 14 00 E8 03 01 64 64 
BAT RX 0x320 [8] 50 41 C3 85 85 00 00 00 
BAT RX 0x319 [8] 40 0D 40 0D 2B 1D 11 00 
BAT RX 0x318 [8] 0D 2E 0D 2D 0D 2C 0D 2B 
BAT RX 0x317 [8] 0D 40 0D 3F 0D 3D 0D 3D 
BAT RX 0x316 [8] 0D 35 0D 34 0D 34 0D 2D 
BAT RX 0x315 [8] 0D 3A 0D 39 0D 39 0D 39 
BAT RX 0x314 [8] 5B 54 5B 54 00 15 05 44 
BAT RX 0x313 [8] 15 22 00 00 00 FE 64 63 
BAT RX 0x312 [8] 00 00 00 00 02 02 00 00 
BAT RX 0x311 [8] 02 38 00 00 08 24 01 21 
[keepalive] twai_transmit() -> ESP_OK
BAT RX 0x330 [8] 02 0D 02 01 0D 40 0D 2B 
BAT RX 0x329 [8] 01 00 22 9C 01 00 40 35 
BAT RX 0x323 [8] 20 0E 10 00 00 00 00 00 
BAT RX 0x324 [8] 00 01 47 50 4A 30 32 31 
BAT RX 0x322 [8] 01 14 00 E8 03 01 64 64 
BAT RX 0x320 [8] 50 41 C3 85 85 00 00 00 
BAT RX 0x319 [8] 40 0D 40 0D 2B 1D 11 00 
BAT RX 0x318 [8] 0D 2E 0D 2C 0D 2C 0D 2B 
BAT RX 0x317 [8] 0D 40 0D 3E 0D 3E 0D 3D 
BAT RX 0x316 [8] 0D 34 0D 34 0D 33 0D 2D 
BAT RX 0x315 [8] 0D 3A 0D 3A 0D 39 0D 39 
BAT RX 0x314 [8] 5B 54 5B 54 00 15 05 44 
BAT RX 0x313 [8] 15 22 00 03 00 FE 64 63 
BAT RX 0x312 [8] 00 00 00 00 02 02 00 00 
BAT RX 0x311 [8] 02 38 00 00 08 24 01 21 
[keepalive] twai_transmit() -> ESP_OK
[367s] OK V=54.10V I=+0.3A T=25.4C SOC=100% SOH=99% | CVL=56.8V CCL=0.0A DCL=208.4A | chg=0 dis=1 fc1=0 fc2=0 | prot=0000 warn=0000 | packs=2 | inv0x305=no
BAT RX 0x330 [8] 02 0D 02 01 0D 40 0D 2B 
BAT RX 0x329 [8] 02 00 1A 25 02 00 40 D1 
BAT RX 0x323 [8] 20 0E 10 00 00 00 00 00 
BAT RX 0x324 [8] 01 39 35 32 32 30 36 32 
BAT RX 0x322 [8] 01 14 00 E8 03 01 64 64 
BAT RX 0x320 [8] 50 41 C3 85 85 00 00 00 
BAT RX 0x319 [8] 40 0D 40 0D 2B 1D 11 00 
BAT RX 0x318 [8] 0D 2D 0D 2C 0D 2C 0D 2B 
BAT RX 0x317 [8] 0D 40 0D 3E 0D 3D 0D 3D 
BAT RX 0x316 [8] 0D 34 0D 34 0D 34 0D 2D 
BAT RX 0x315 [8] 0D 39 0D 39 0D 39 0D 39 
BAT RX 0x314 [8] 5B 54 5B 54 00 15 05 44 
BAT RX 0x313 [8] 15 22 00 00 00 FE 64 63 
BAT RX 0x312 [8] 00 00 00 00 02 02 00 00 
BAT RX 0x311 [8] 02 38 00 00 08 24 01 21 
[keepalive] twai_transmit() -> ESP_OK
BAT RX 0x330 [8] 02 0D 02 01 0D 40 0D 2B 
BAT RX 0x329 [8] 01 00 22 9C 01 00 40 35 
BAT RX 0x323 [8] 20 0E 10 00 00 00 00 00 
BAT RX 0x324 [8] 02 43 30 37 00 00 00 00 
BAT RX 0x322 [8] 01 14 00 E8 03 01 64 64 
BAT RX 0x320 [8] 50 41 C3 85 85 00 00 00 
BAT RX 0x319 [8] 40 0D 40 0D 2B 1D 11 00 
BAT RX 0x318 [8] 0D 2D 0D 2D 0D 2C 0D 2B 
BAT RX 0x317 [8] 0D 40 0D 3E 0D 3E 0D 3D 
BAT RX 0x316 [8] 0D 34 0D 34 0D 34 0D 2D 
BAT RX 0x315 [8] 0D 39 0D 39 0D 39 0D 39 
BAT RX 0x314 [8] 5B 54 5B 54 00 15 05 44 
BAT RX 0x313 [8] 15 22 00 00 00 FE 64 63 
BAT RX 0x312 [8] 00 00 00 00 02 02 00 00 
BAT RX 0x311 [8] 02 38 00 00 08 24 01 21 
[keepalive] twai_transmit() -> ESP_OK
[369s] OK V=54.10V I=+0.0A T=25.4C SOC=100% SOH=99% | CVL=56.8V CCL=0.0A DCL=208.4A | chg=0 dis=1 fc1=0 fc2=0 | prot=0000 warn=0000 | packs=2 | inv0x305=no
BAT RX 0x330 [8] 02 0D 02 01 0D 40 0D 2B 
BAT RX 0x329 [8] 02 00 1A 25 02 00 40 D1 
BAT RX 0x323 [8] 20 0E 10 00 00 00 00 00 
BAT RX 0x324 [8] 00 02 47 50 4A 30 32 31 
BAT RX 0x322 [8] 01 14 00 E8 03 01 64 64 
BAT RX 0x320 [8] 50 41 C3 85 85 00 00 00 
BAT RX 0x319 [8] 40 0D 40 0D 2B 1D 11 00 
BAT RX 0x318 [8] 0D 2D 0D 2C 0D 2C 0D 2B 
BAT RX 0x317 [8] 0D 40 0D 3E 0D 3E 0D 3D 
BAT RX 0x316 [8] 0D 34 0D 34 0D 34 0D 2D 
BAT RX 0x315 [8] 0D 39 0D 39 0D 39 0D 39 
BAT RX 0x314 [8] 5B 54 5B 54 00 15 05 44 
BAT RX 0x313 [8] 15 22 00 00 00 FE 64 63 
BAT RX 0x312 [8] 00 00 00 00 02 02 00 00 
BAT RX 0x311 [8] 02 38 00 00 08 24 01 21 
[keepalive] twai_transmit() -> ESP_OK
BAT RX 0x330 [8] 02 0D 02 01 0D 40 0D 2B 
BAT RX 0x329 [8] 01 00 22 9C 01 00 40 35 
BAT RX 0x323 [8] 20 0E 10 00 00 00 00 00 
BAT RX 0x324 [8] 01 39 35 32 32 30 36 32 
BAT RX 0x322 [8] 01 14 00 E8 03 01 64 64 
BAT RX 0x320 [8] 50 41 C3 85 85 00 00 00 
BAT RX 0x319 [8] 40 0D 40 0D 2B 1D 11 00 
BAT RX 0x318 [8] 0D 2D 0D 2C 0D 2C 0D 2B 
BAT RX 0x317 [8] 0D 40 0D 3E 0D 3D 0D 3D 
BAT RX 0x316 [8] 0D 34 0D 34 0D 33 0D 2D 
BAT RX 0x315 [8] 0D 3A 0D 39 0D 39 0D 39 
BAT RX 0x314 [8] 5B 54 5B 54 00 15 05 44 
BAT RX 0x313 [8] 15 22 00 03 00 FE 64 63 
BAT RX 0x312 [8] 00 00 00 00 02 02 00 00 
BAT RX 0x311 [8] 02 38 00 00 08 24 01 21 
[keepalive] twai_transmit() -> ESP_OK
[371s] OK V=54.10V I=+0.3A T=25.4C SOC=100% SOH=99% | CVL=56.8V CCL=0.0A DCL=208.4A | chg=0 dis=1 fc1=0 fc2=0 | prot=0000 warn=0000 | packs=2 | inv0x305=no
BAT RX 0x330 [8] 02 0D 02 01 0D 40 0D 2B 
BAT RX 0x329 [8] 02 00 1A 25 02 00 40 D1 
BAT RX 0x323 [8] 20 0E 10 00 00 00 00 00 
BAT RX 0x324 [8] 02 42 42 37 00 00 00 00 
BAT RX 0x322 [8] 01 14 00 E8 03 01 64 64 
BAT RX 0x320 [8] 50 41 C3 85 85 00 00 00 
BAT RX 0x319 [8] 40 0D 40 0D 2B 1D 11 00 
BAT RX 0x318 [8] 0D 2E 0D 2C 0D 2C 0D 2B 
BAT RX 0x317 [8] 0D 40 0D 3E 0D 3D 0D 3D 
BAT RX 0x316 [8] 0D 34 0D 34 0D 34 0D 2D 
BAT RX 0x315 [8] 0D 3A 0D 39 0D 39 0D 39 
BAT RX 0x314 [8] 5B 54 5B 54 00 15 05 44 
BAT RX 0x313 [8] 15 22 00 03 00 FE 64 63 
BAT RX 0x312 [8] 00 00 00 00 02 02 00 00 
BAT RX 0x311 [8] 02 38 00 00 08 24 01 21 
[keepalive] twai_transmit() -> ESP_OK
BAT RX 0x330 [8] 02 0D 02 01 0D 40 0D 2B 
BAT RX 0x329 [8] 01 00 22 9C 01 00 40 35 
BAT RX 0x323 [8] 20 0E 10 00 00 00 00 00 
BAT RX 0x324 [8] 00 01 47 50 4A 30 32 31 
BAT RX 0x322 [8] 01 14 00 E8 03 01 64 64 
BAT RX 0x320 [8] 50 41 C3 85 85 00 00 00 
BAT RX 0x319 [8] 40 0D 40 0D 2B 1D 11 00 
BAT RX 0x318 [8] 0D 2E 0D 2C 0D 2C 0D 2B 
BAT RX 0x317 [8] 0D 40 0D 3E 0D 3D 0D 3D 
BAT RX 0x316 [8] 0D 35 0D 34 0D 33 0D 2D 
BAT RX 0x315 [8] 0D 39 0D 39 0D 39 0D 39 
BAT RX 0x314 [8] 5B 54 5B 54 00 15 05 44 
BAT RX 0x313 [8] 15 22 00 00 00 FE 64 63 
BAT RX 0x312 [8] 00 00 00 00 02 02 00 00 
BAT RX 0x311 [8] 02 38 00 00 08 24 01 21 
[keepalive] twai_transmit() -> ESP_OK
[373s] OK V=54.10V I=+0.0A T=25.4C SOC=100% SOH=99% | CVL=56.8V CCL=0.0A DCL=208.4A | chg=0 dis=1 fc1=0 fc2=0 | prot=0000 warn=0000 | packs=2 | inv0x305=no
BAT RX 0x330 [8] 02 0D 02 01 0D 40 0D 2B 
BAT RX 0x329 [8] 02 00 1A 25 02 00 40 D1 
BAT RX 0x323 [8] 20 0E 10 00 00 00 00 00 
BAT RX 0x324 [8] 01 39 35 32 32 30 36 32 
BAT RX 0x322 [8] 01 14 00 E8 03 01 64 64 
BAT RX 0x320 [8] 50 41 C3 85 85 00 00 00 
BAT RX 0x319 [8] 40 0D 40 0D 2B 1D 11 00 
BAT RX 0x318 [8] 0D 2D 0D 2C 0D 2C 0D 2B 
BAT RX 0x317 [8] 0D 40 0D 3D 0D 3D 0D 3D 
BAT RX 0x316 [8] 0D 34 0D 34 0D 34 0D 2D 
BAT RX 0x315 [8] 0D 39 0D 39 0D 39 0D 39 
BAT RX 0x314 [8] 5B 54 5B 54 00 15 05 44 
BAT RX 0x313 [8] 15 22 00 03 00 FE 64 63 
BAT RX 0x312 [8] 00 00 00 00 02 02 00 00 
BAT RX 0x311 [8] 02 38 00 00 08 24 01 21 
[keepalive] twai_transmit() -> ESP_OK
BAT RX 0x330 [8] 02 0D 02 01 0D 40 0D 2B 
BAT RX 0x329 [8] 01 00 22 9C 01 00 40 35 

---- battery-bus rate stats (VERBOSE_STATS) ----------------------------
  4873 frames, 375 s elapsed
  ID     count   period(ms)  (min-max gap)
  0x312     325    995 (7-1000)
  0x313     325    995 (3-1000)
  0x314     325    995 (4-1000)
  0x315     325    995 (4-1000)
  0x316     325    995 (3-1000)
  0x317     325    995 (3-1000)
  0x318     325    995 (4-1000)
  0x319     325    995 (4-1000)
  0x320     325    995 (4-1000)
  0x322     325    995 (4-1000)
  0x311     325    995 (4-1000)
  0x323     324    998 (767-1000)
  0x324     324    998 (768-1000)
  0x329     325    998 (757-1000)
  0x330     325    998 (746-1000)
--------------------------------------------------------------------------

  TWAI: state=RUNNING  tx_err=0 rx_err=0  tx_failed=0  rx_missed=0 rx_overrun=0  arb_lost=0  bus_err=190881
BAT RX 0x323 [8] 20 0E 10 00 00 00 00 00 
BAT RX 0x324 [8] 02 43 30 37 00 00 00 00 
BAT RX 0x322 [8] 01 14 00 E8 03 01 64 64 
BAT RX 0x320 [8] 50 41 C3 85 85 00 00 00 
BAT RX 0x319 [8] 40 0D 40 0D 2B 1D 11 00 
BAT RX 0x318 [8] 0D 2D 0D 2C 0D 2C 0D 2B 
BAT RX 0x317 [8] 0D 40 0D 3F 0D 3E 0D 3C 
BAT RX 0x316 [8] 0D 34 0D 33 0D 33 0D 2D 
BAT RX 0x315 [8] 0D 39 0D 39 0D 39 0D 39 
BAT RX 0x314 [8] 5B 54 5B 54 00 15 05 44 
BAT RX 0x313 [8] 15 22 00 00 00 FE 64 63 
BAT RX 0x312 [8] 00 00 00 00 02 02 00 00 
BAT RX 0x311 [8] 02 38 00 00 08 24 01 21 
[keepalive] twai_transmit() -> ESP_OK
[375s] OK V=54.10V I=+0.0A T=25.4C SOC=100% SOH=99% | CVL=56.8V CCL=0.0A DCL=208.4A | chg=0 dis=1 fc1=0 fc2=0 | prot=0000 warn=0000 | packs=2 | inv0x305=no
BAT RX 0x330 [8] 02 0D 02 01 0D 3F 0D 2B 
BAT RX 0x329 [8] 02 00 1A 25 02 00 40 D1 
BAT RX 0x323 [8] 20 0E 10 00 00 00 00 00 
BAT RX 0x324 [8] 00 02 47 50 4A 30 32 31 
BAT RX 0x322 [8] 01 14 00 E8 03 01 64 64 
BAT RX 0x320 [8] 50 41 C3 85 85 00 00 00 
BAT RX 0x319 [8] 40 0D 3F 0D 2B 1D 11 00 
BAT RX 0x318 [8] 0D 2D 0D 2C 0D 2C 0D 2B 
BAT RX 0x317 [8] 0D 3F 0D 3E 0D 3D 0D 3D 
BAT RX 0x316 [8] 0D 34 0D 34 0D 34 0D 2D 
BAT RX 0x315 [8] 0D 39 0D 39 0D 39 0D 39 
BAT RX 0x314 [8] 5B 54 5B 54 00 14 05 44 
BAT RX 0x313 [8] 15 22 00 00 00 FE 64 63 
BAT RX 0x312 [8] 00 00 00 00 02 02 00 00 
BAT RX 0x311 [8] 02 38 00 00 08 24 01 21 
[keepalive] twai_transmit() -> ESP_OK
BAT RX 0x330 [8] 02 0D 02 01 0D 40 0D 2B 
BAT RX 0x329 [8] 01 00 22 9C 01 00 40 35 
BAT RX 0x323 [8] 20 0E 10 00 00 00 00 00 
BAT RX 0x324 [8] 01 39 35 32 32 30 36 32 
BAT RX 0x322 [8] 01 14 00 E8 03 01 64 64 
BAT RX 0x320 [8] 50 41 C3 85 85 00 00 00 
BAT RX 0x319 [8] 40 0D 40 0D 2B 1D 11 00 
BAT RX 0x318 [8] 0D 2D 0D 2C 0D 2C 0D 2B 
BAT RX 0x317 [8] 0D 40 0D 3E 0D 3D 0D 3D 
BAT RX 0x316 [8] 0D 34 0D 34 0D 32 0D 2C 
BAT RX 0x315 [8] 0D 3A 0D 39 0D 39 0D 38 
BAT RX 0x314 [8] 5B 54 5B 54 00 15 05 44 
BAT RX 0x313 [8] 15 22 00 03 00 FE 64 63 
BAT RX 0x312 [8] 00 00 00 00 02 02 00 00 
BAT RX 0x311 [8] 02 38 00 00 08 24 01 21 
[keepalive] twai_transmit() -> ESP_OK
[377s] OK V=54.10V I=+0.3A T=25.4C SOC=100% SOH=99% | CVL=56.8V CCL=0.0A DCL=208.4A | chg=0 dis=1 fc1=0 fc2=0 | prot=0000 warn=0000 | packs=2 | inv0x305=no
BAT RX 0x330 [8] 02 0D 02 01 0D 40 0D 2B 
BAT RX 0x329 [8] 02 00 1A 25 02 00 40 D1 
BAT RX 0x323 [8] 20 0E 10 00 00 00 00 00 
BAT RX 0x324 [8] 02 42 42 37 00 00 00 00 
BAT RX 0x322 [8] 01 14 00 E8 03 01 64 64 
BAT RX 0x320 [8] 50 41 C3 85 85 00 00 00 
BAT RX 0x319 [8] 40 0D 40 0D 2B 1D 11 00 
BAT RX 0x318 [8] 0D 2D 0D 2C 0D 2B 0D 2B 
BAT RX 0x317 [8] 0D 40 0D 3E 0D 3D 0D 3C 
BAT RX 0x316 [8] 0D 34 0D 34 0D 34 0D 2D 
BAT RX 0x315 [8] 0D 39 0D 39 0D 39 0D 39 
BAT RX 0x314 [8] 5B 54 5B 54 00 15 05 44 
BAT RX 0x313 [8] 15 22 00 00 00 FE 64 63 
BAT RX 0x312 [8] 00 00 00 00 02 02 00 00 
BAT RX 0x311 [8] 02 38 00 00 08 24 01 21 
[keepalive] twai_transmit() -> ESP_OK
BAT RX 0x330 [8] 02 0D 02 01 0D 40 0D 2B 
BAT RX 0x329 [8] 01 00 22 9C 01 00 40 35 
BAT RX 0x323 [8] 20 0E 10 00 00 00 00 00 
BAT RX 0x324 [8] 00 01 47 50 4A 30 32 31 
BAT RX 0x322 [8] 01 14 00 E8 03 01 64 64 
BAT RX 0x320 [8] 50 41 C3 85 85 00 00 00 
BAT RX 0x319 [8] 40 0D 40 0D 2B 1D 11 00 
BAT RX 0x318 [8] 0D 2D 0D 2C 0D 2B 0D 2B 
BAT RX 0x317 [8] 0D 40 0D 3E 0D 3D 0D 3D 
BAT RX 0x316 [8] 0D 34 0D 34 0D 33 0D 2C 
BAT RX 0x315 [8] 0D 39 0D 39 0D 39 0D 39 
BAT RX 0x314 [8] 5B 54 5B 54 00 15 05 44 
BAT RX 0x313 [8] 15 22 00 00 00 FE 64 63 
BAT RX 0x312 [8] 00 00 00 00 02 02 00 00 
BAT RX 0x311 [8] 02 38 00 00 08 24 01 21 
[keepalive] twai_transmit() -> ESP_OK
[379s] OK V=54.10V I=+0.0A T=25.4C SOC=100% SOH=99% | CVL=56.8V CCL=0.0A DCL=208.4A | chg=0 dis=1 fc1=0 fc2=0 | prot=0000 warn=0000 | packs=2 | inv0x305=no
BAT RX 0x330 [8] 02 0D 02 01 0D 40 0D 2B 
BAT RX 0x329 [8] 02 00 1A 25 02 00 40 D1 
BAT RX 0x323 [8] 20 0E 10 00 00 00 00 00 
BAT RX 0x324 [8] 01 39 35 32 32 30 36 32 
BAT RX 0x322 [8] 01 14 00 E8 03 01 64 64 
BAT RX 0x320 [8] 50 41 C3 85 85 00 00 00 
BAT RX 0x319 [8] 40 0D 40 0D 2B 1D 11 00 
BAT RX 0x318 [8] 0D 2D 0D 2C 0D 2C 0D 2B 
BAT RX 0x317 [8] 0D 40 0D 3E 0D 3D 0D 3D 
BAT RX 0x316 [8] 0D 34 0D 33 0D 33 0D 2C 
BAT RX 0x315 [8] 0D 39 0D 39 0D 39 0D 39 
BAT RX 0x314 [8] 5B 54 5B 54 00 15 05 44 
BAT RX 0x313 [8] 15 22 00 00 00 FE 64 63 
BAT RX 0x312 [8] 00 00 00 00 02 02 00 00 
BAT RX 0x311 [8] 02 38 00 00 08 24 01 21 
[keepalive] twai_transmit() -> ESP_OK
BAT RX 0x330 [8] 02 0D 02 01 0D 40 0D 2B 
BAT RX 0x329 [8] 01 00 22 9C 01 00 40 35 
BAT RX 0x323 [8] 20 0E 10 00 00 00 00 00 
BAT RX 0x324 [8] 02 43 30 37 00 00 00 00 
BAT RX 0x322 [8] 01 14 00 E8 03 01 64 64 
BAT RX 0x320 [8] 50 41 C3 85 85 00 00 00 
BAT RX 0x319 [8] 40 0D 40 0D 2B 1D 11 00 
BAT RX 0x318 [8] 0D 2D 0D 2C 0D 2B 0D 2B 
BAT RX 0x317 [8] 0D 40 0D 3E 0D 3D 0D 3D 
BAT RX 0x316 [8] 0D 34 0D 34 0D 33 0D 2D 
BAT RX 0x315 [8] 0D 39 0D 39 0D 39 0D 38 
BAT RX 0x314 [8] 5B 54 5B 54 00 15 05 44 
BAT RX 0x313 [8] 15 22 00 00 00 FE 64 63 
BAT RX 0x312 [8] 00 00 00 00 02 02 00 00 
BAT RX 0x311 [8] 02 38 00 00 08 24 01 21 
[keepalive] twai_transmit() -> ESP_OK
[381s] OK V=54.10V I=+0.0A T=25.4C SOC=100% SOH=99% | CVL=56.8V CCL=0.0A DCL=208.4A | chg=0 dis=1 fc1=0 fc2=0 | prot=0000 warn=0000 | packs=2 | inv0x305=no
BAT RX 0x330 [8] 02 0D 02 01 0D 40 0D 2B 
BAT RX 0x329 [8] 02 00 1A 25 02 00 40 D1 
BAT RX 0x323 [8] 20 0E 10 00 00 00 00 00 
BAT RX 0x324 [8] 00 02 47 50 4A 30 32 31 
BAT RX 0x322 [8] 01 14 00 E8 03 01 64 64 
BAT RX 0x320 [8] 50 41 C3 85 85 00 00 00 
BAT RX 0x319 [8] 40 0D 40 0D 2B 1D 11 00 
BAT RX 0x318 [8] 0D 2D 0D 2C 0D 2B 0D 2B 
BAT RX 0x317 [8] 0D 40 0D 3E 0D 3D 0D 3C 
BAT RX 0x316 [8] 0D 34 0D 34 0D 33 0D 2C 
BAT RX 0x315 [8] 0D 39 0D 39 0D 39 0D 38 
BAT RX 0x314 [8] 5B 54 5B 54 00 15 05 44 
BAT RX 0x313 [8] 15 22 00 03 00 FE 64 63 
BAT RX 0x312 [8] 00 00 00 00 02 02 00 00 
BAT RX 0x311 [8] 02 38 00 00 08 24 01 21 
[keepalive] twai_transmit() -> ESP_OK
BAT RX 0x330 [8] 02 0D 02 01 0D 40 0D 2B 
BAT RX 0x329 [8] 01 00 22 9C 01 00 40 35 
BAT RX 0x323 [8] 20 0E 10 00 00 00 00 00 
BAT RX 0x324 [8] 01 39 35 32 32 30 36 32 
BAT RX 0x322 [8] 01 14 00 E8 03 01 64 64 
BAT RX 0x320 [8] 50 41 C3 85 85 00 00 00 
BAT RX 0x319 [8] 40 0D 40 0D 2B 1D 11 00 
BAT RX 0x318 [8] 0D 2D 0D 2C 0D 2B 0D 2B 
BAT RX 0x317 [8] 0D 40 0D 3E 0D 3D 0D 3C 
BAT RX 0x316 [8] 0D 34 0D 33 0D 33 0D 2D 
BAT RX 0x315 [8] 0D 3A 0D 39 0D 39 0D 38 
BAT RX 0x314 [8] 5B 54 5B 54 00 15 05 44 
BAT RX 0x313 [8] 15 22 00 00 00 FE 64 63 
BAT RX 0x312 [8] 00 00 00 00 02 02 00 00 
BAT RX 0x311 [8] 02 38 00 00 08 24 01 21 
[keepalive] twai_transmit() -> ESP_OK
[383s] OK V=54.10V I=+0.0A T=25.4C SOC=100% SOH=99% | CVL=56.8V CCL=0.0A DCL=208.4A | chg=0 dis=1 fc1=0 fc2=0 | prot=0000 warn=0000 | packs=2 | inv0x305=no
BAT RX 0x330 [8] 02 0D 02 01 0D 40 0D 2B 
BAT RX 0x329 [8] 02 00 1A 25 02 00 40 D1 
BAT RX 0x323 [8] 20 0E 10 00 00 00 00 00 
BAT RX 0x324 [8] 02 42 42 37 00 00 00 00 
BAT RX 0x322 [8] 01 14 00 E8 03 01 64 64 
BAT RX 0x320 [8] 50 41 C3 85 85 00 00 00 
BAT RX 0x319 [8] 40 0D 40 0D 2B 1D 11 00 
BAT RX 0x318 [8] 0D 2D 0D 2C 0D 2C 0D 2B 
BAT RX 0x317 [8] 0D 40 0D 3E 0D 3D 0D 3C 
BAT RX 0x316 [8] 0D 34 0D 34 0D 33 0D 2C 
BAT RX 0x315 [8] 0D 39 0D 39 0D 39 0D 38 
BAT RX 0x314 [8] 5B 54 5B 54 00 15 05 44 
BAT RX 0x313 [8] 15 22 00 00 00 FE 64 63 
BAT RX 0x312 [8] 00 00 00 00 02 02 00 00 
BAT RX 0x311 [8] 02 38 00 00 08 24 01 21 
[keepalive] twai_transmit() -> ESP_OK
BAT RX 0x330 [8] 02 0D 02 01 0D 40 0D 2B 
BAT RX 0x329 [8] 01 00 22 9C 01 00 40 35 
BAT RX 0x323 [8] 20 0E 10 00 00 00 00 00 
BAT RX 0x324 [8] 00 01 47 50 4A 30 32 31 
BAT RX 0x322 [8] 01 14 00 E8 03 01 64 64 
BAT RX 0x320 [8] 50 41 C3 85 85 00 00 00 
BAT RX 0x319 [8] 40 0D 40 0D 2B 1D 11 00 
BAT RX 0x318 [8] 0D 2D 0D 2C 0D 2B 0D 2B 
BAT RX 0x317 [8] 0D 40 0D 3D 0D 3D 0D 3C 
BAT RX 0x316 [8] 0D 34 0D 33 0D 33 0D 2C 
BAT RX 0x315 [8] 0D 39 0D 39 0D 38 0D 38 
BAT RX 0x314 [8] 5B 54 5B 54 00 15 05 44 
BAT RX 0x313 [8] 15 22 00 03 00 FE 64 63 
BAT RX 0x312 [8] 00 00 00 00 02 02 00 00 
BAT RX 0x311 [8] 02 38 00 00 08 24 01 21 
[keepalive] twai_transmit() -> ESP_OK
[385s] OK V=54.10V I=+0.3A T=25.4C SOC=100% SOH=99% | CVL=56.8V CCL=0.0A DCL=208.4A | chg=0 dis=1 fc1=0 fc2=0 | prot=0000 warn=0000 | packs=2 | inv0x305=no
BAT RX 0x330 [8] 02 0D 02 01 0D 40 0D 2B 
BAT RX 0x329 [8] 02 00 1A 25 02 00 40 D1 
BAT RX 0x323 [8] 20 0E 10 00 00 00 00 00 
BAT RX 0x324 [8] 01 39 35 32 32 30 36 32 
BAT RX 0x322 [8] 01 14 00 E8 03 01 64 64 
BAT RX 0x320 [8] 50 41 C3 85 85 00 00 00 
BAT RX 0x319 [8] 40 0D 40 0D 2B 1D 11 00 
BAT RX 0x318 [8] 0D 2D 0D 2C 0D 2C 0D 2B 
BAT RX 0x317 [8] 0D 40 0D 3E 0D 3D 0D 3C 
BAT RX 0x316 [8] 0D 34 0D 33 0D 33 0D 2C 
BAT RX 0x315 [8] 0D 39 0D 39 0D 39 0D 38 
BAT RX 0x314 [8] 5B 54 5B 54 00 15 05 44 
BAT RX 0x313 [8] 15 22 00 03 00 FE 64 63 
BAT RX 0x312 [8] 00 00 00 00 02 02 00 00 
BAT RX 0x311 [8] 02 38 00 00 08 24 01 21 
[keepalive] twai_transmit() -> ESP_OK
BAT RX 0x330 [8] 02 0D 02 01 0D 40 0D 2B 
BAT RX 0x329 [8] 01 00 22 9C 01 00 40 35 
BAT RX 0x323 [8] 20 0E 10 00 00 00 00 00 
BAT RX 0x324 [8] 02 43 30 37 00 00 00 00 
BAT RX 0x322 [8] 01 14 00 E8 03 01 64 64 
BAT RX 0x320 [8] 50 41 C3 85 85 00 00 00 
BAT RX 0x319 [8] 40 0D 40 0D 2B 1D 11 00 
BAT RX 0x318 [8] 0D 2D 0D 2C 0D 2B 0D 2B 
BAT RX 0x317 [8] 0D 40 0D 3E 0D 3D 0D 3C 
BAT RX 0x316 [8] 0D 34 0D 33 0D 33 0D 2C 
BAT RX 0x315 [8] 0D 39 0D 39 0D 39 0D 38 
BAT RX 0x314 [8] 5B 54 5B 54 00 15 05 44 
BAT RX 0x313 [8] 15 22 00 03 00 FE 64 63 
BAT RX 0x312 [8] 00 00 00 00 02 02 00 00 
BAT RX 0x311 [8] 02 38 00 00 08 24 01 21 
[keepalive] twai_transmit() -> ESP_OK
[387s] OK V=54.10V I=+0.3A T=25.4C SOC=100% SOH=99% | CVL=56.8V CCL=0.0A DCL=208.4A | chg=0 dis=1 fc1=0 fc2=0 | prot=0000 warn=0000 | packs=2 | inv0x305=no
BAT RX 0x330 [8] 02 0D 02 01 0D 3F 0D 2B 
BAT RX 0x329 [8] 02 00 1A 25 02 00 40 D1 
BAT RX 0x323 [8] 20 0E 10 00 00 00 00 00 
BAT RX 0x324 [8] 00 02 47 50 4A 30 32 31 
BAT RX 0x322 [8] 01 14 00 E8 03 01 64 64 
BAT RX 0x320 [8] 50 41 C3 85 85 00 00 00 
BAT RX 0x319 [8] 40 0D 3F 0D 2B 1D 11 00 
BAT RX 0x318 [8] 0D 2D 0D 2C 0D 2B 0D 2B 
BAT RX 0x317 [8] 0D 3F 0D 3E 0D 3C 0D 3C 
BAT RX 0x316 [8] 0D 34 0D 34 0D 33 0D 2C 
BAT RX 0x315 [8] 0D 39 0D 39 0D 39 0D 38 
BAT RX 0x314 [8] 5B 54 5B 54 00 14 05 44 
BAT RX 0x313 [8] 15 22 00 03 00 FE 64 63 
BAT RX 0x312 [8] 00 00 00 00 02 02 00 00 
BAT RX 0x311 [8] 02 38 00 00 08 24 01 21 
[keepalive] twai_transmit() -> ESP_OK
BAT RX 0x330 [8] 02 0D 02 01 0D 3F 0D 2B 
BAT RX 0x329 [8] 01 00 22 9C 01 00 40 35 
BAT RX 0x323 [8] 20 0E 10 00 00 00 00 00 
BAT RX 0x324 [8] 01 39 35 32 32 30 36 32 
BAT RX 0x322 [8] 01 14 00 E8 03 01 64 64 
BAT RX 0x320 [8] 50 41 C3 85 85 00 00 00 
BAT RX 0x319 [8] 40 0D 3F 0D 2B 1D 11 00 
BAT RX 0x318 [8] 0D 2D 0D 2C 0D 2B 0D 2B 
BAT RX 0x317 [8] 0D 3F 0D 3D 0D 3D 0D 3C 
BAT RX 0x316 [8] 0D 34 0D 34 0D 33 0D 2C 
BAT RX 0x315 [8] 0D 39 0D 39 0D 38 0D 38 
BAT RX 0x314 [8] 5B 54 5B 54 00 14 05 44 
BAT RX 0x313 [8] 15 22 00 03 00 FE 64 63 
BAT RX 0x312 [8] 00 00 00 00 02 02 00 00 
BAT RX 0x311 [8] 02 38 00 00 08 24 01 21 
[keepalive] twai_transmit() -> ESP_OK
[389s] OK V=54.10V I=+0.3A T=25.4C SOC=100% SOH=99% | CVL=56.8V CCL=0.0A DCL=208.4A | chg=0 dis=1 fc1=0 fc2=0 | prot=0000 warn=0000 | packs=2 | inv0x305=no
BAT RX 0x330 [8] 02 0D 02 01 0D 3F 0D 2B 
BAT RX 0x329 [8] 02 00 1A 25 02 00 40 D1 
BAT RX 0x323 [8] 20 0E 10 00 00 00 00 00 
BAT RX 0x324 [8] 02 42 42 37 00 00 00 00 

---- battery-bus rate stats (VERBOSE_STATS) ----------------------------
  5100 frames, 390 s elapsed
  ID     count   period(ms)  (min-max gap)
  0x312     340    995 (7-1000)
  0x313     340    995 (3-1000)
  0x314     340    995 (4-1000)
  0x315     340    995 (4-1000)
  0x316     340    995 (3-1000)
  0x317     340    995 (3-1000)
  0x318     340    995 (4-1000)
  0x319     340    995 (4-1000)
  0x320     340    995 (4-1000)
  0x322     340    995 (4-1000)
  0x311     340    995 (4-1000)
  0x323     340    998 (767-1000)
  0x324     340    998 (768-1000)
  0x329     340    998 (757-1000)
  0x330     340    998 (746-1000)
--------------------------------------------------------------------------

  TWAI: state=RUNNING  tx_err=0 rx_err=0  tx_failed=0  rx_missed=0 rx_overrun=0  arb_lost=0  bus_err=190881
BAT RX 0x322 [8] 01 14 00 E8 03 01 64 64 
BAT RX 0x320 [8] 50 41 C3 85 85 00 00 00 
BAT RX 0x319 [8] 40 0D 3F 0D 2B 1D 11 00 
BAT RX 0x318 [8] 0D 2D 0D 2B 0D 2B 0D 2B 
BAT RX 0x317 [8] 0D 3F 0D 3E 0D 3D 0D 3C 
BAT RX 0x316 [8] 0D 34 0D 34 0D 33 0D 2C 
BAT RX 0x315 [8] 0D 39 0D 39 0D 39 0D 38 
BAT RX 0x314 [8] 5B 54 5B 54 00 14 05 44 
BAT RX 0x313 [8] 15 22 00 00 00 FE 64 63 
BAT RX 0x312 [8] 00 00 00 00 02 02 00 00 
BAT RX 0x311 [8] 02 38 00 00 08 24 01 21 
[keepalive] twai_transmit() -> ESP_OK
BAT RX 0x330 [8] 02 0D 02 01 0D 3F 0D 2B 
BAT RX 0x329 [8] 01 00 22 9C 01 00 40 35 
BAT RX 0x323 [8] 20 0E 10 00 00 00 00 00 
BAT RX 0x324 [8] 00 01 47 50 4A 30 32 31 
BAT RX 0x322 [8] 01 14 00 E8 03 01 64 64 
BAT RX 0x320 [8] 50 41 C3 85 85 00 00 00 
BAT RX 0x319 [8] 40 0D 3F 0D 2B 1D 11 00 
BAT RX 0x318 [8] 0D 2D 0D 2B 0D 2B 0D 2B 
BAT RX 0x317 [8] 0D 3F 0D 3E 0D 3D 0D 3C 
BAT RX 0x316 [8] 0D 34 0D 33 0D 33 0D 2C 
BAT RX 0x315 [8] 0D 39 0D 39 0D 38 0D 38 
BAT RX 0x314 [8] 5B 54 5B 54 00 14 05 44 
BAT RX 0x313 [8] 15 22 00 03 00 FE 64 63 
BAT RX 0x312 [8] 00 00 00 00 02 02 00 00 
BAT RX 0x311 [8] 02 38 00 00 08 24 01 21 
[keepalive] twai_transmit() -> ESP_OK
[391s] OK V=54.10V I=+0.3A T=25.4C SOC=100% SOH=99% | CVL=56.8V CCL=0.0A DCL=208.4A | chg=0 dis=1 fc1=0 fc2=0 | prot=0000 warn=0000 | packs=2 | inv0x305=no
BAT RX 0x330 [8] 02 0D 02 01 0D 3F 0D 2B 
BAT RX 0x329 [8] 02 00 1A 25 02 00 40 D1 
BAT RX 0x323 [8] 20 0E 10 00 00 00 00 00 
BAT RX 0x324 [8] 01 39 35 32 32 30 36 32 
BAT RX 0x322 [8] 01 14 00 E8 03 01 64 64 
BAT RX 0x320 [8] 50 41 C3 85 85 00 00 00 
BAT RX 0x319 [8] 40 0D 3F 0D 2B 1D 11 00 
BAT RX 0x318 [8] 0D 2D 0D 2B 0D 2B 0D 2B 
BAT RX 0x317 [8] 0D 3F 0D 3E 0D 3C 0D 3C 
BAT RX 0x316 [8] 0D 34 0D 33 0D 33 0D 2C 
BAT RX 0x315 [8] 0D 39 0D 39 0D 39 0D 39 
BAT RX 0x314 [8] 5B 54 5B 54 00 14 05 44 
BAT RX 0x313 [8] 15 22 00 00 00 FE 64 63 
BAT RX 0x312 [8] 00 00 00 00 02 02 00 00 
BAT RX 0x311 [8] 02 38 00 00 08 24 01 21 
[keepalive] twai_transmit() -> ESP_OK
BAT RX 0x330 [8] 02 0D 02 01 0D 3F 0D 2A 
BAT RX 0x329 [8] 01 00 22 9C 01 00 40 35 
BAT RX 0x323 [8] 20 0E 10 00 00 00 00 00 
BAT RX 0x324 [8] 02 43 30 37 00 00 00 00 
BAT RX 0x322 [8] 01 14 00 E8 03 01 64 64 
BAT RX 0x320 [8] 50 41 C3 85 85 00 00 00 
BAT RX 0x319 [8] 40 0D 3F 0D 2A 1D 11 00 
BAT RX 0x318 [8] 0D 2D 0D 2C 0D 2B 0D 2A 
BAT RX 0x317 [8] 0D 3F 0D 3D 0D 3D 0D 3C 
BAT RX 0x316 [8] 0D 34 0D 33 0D 33 0D 2C 
BAT RX 0x315 [8] 0D 38 0D 38 0D 38 0D 38 
BAT RX 0x314 [8] 5B 54 5B 54 00 15 05 44 
BAT RX 0x313 [8] 15 22 00 00 00 FE 64 63 
BAT RX 0x312 [8] 00 00 00 00 02 02 00 00 
BAT RX 0x311 [8] 02 38 00 00 08 24 01 21 
[keepalive] twai_transmit() -> ESP_OK
[393s] OK V=54.10V I=+0.0A T=25.4C SOC=100% SOH=99% | CVL=56.8V CCL=0.0A DCL=208.4A | chg=0 dis=1 fc1=0 fc2=0 | prot=0000 warn=0000 | packs=2 | inv0x305=no
BAT RX 0x330 [8] 02 0D 02 01 0D 3F 0D 2B 
BAT RX 0x329 [8] 02 00 1A 25 02 00 40 D1 
BAT RX 0x323 [8] 20 0E 10 00 00 00 00 00 
BAT RX 0x324 [8] 00 02 47 50 4A 30 32 31 
BAT RX 0x322 [8] 01 14 00 E8 03 01 64 64 
BAT RX 0x320 [8] 50 41 C3 85 85 00 00 00 
BAT RX 0x319 [8] 40 0D 3F 0D 2B 1D 11 00 
BAT RX 0x318 [8] 0D 2D 0D 2C 0D 2B 0D 2B 
BAT RX 0x317 [8] 0D 3F 0D 3E 0D 3C 0D 3C 
BAT RX 0x316 [8] 0D 34 0D 34 0D 33 0D 2D 
BAT RX 0x315 [8] 0D 39 0D 39 0D 38 0D 37 
BAT RX 0x314 [8] 5B 54 5B 54 00 14 05 44 
BAT RX 0x313 [8] 15 22 00 03 00 FE 64 63 
BAT RX 0x312 [8] 00 00 00 00 02 02 00 00 
BAT RX 0x311 [8] 02 38 00 00 08 24 01 21 
[keepalive] twai_transmit() -> ESP_OK
BAT RX 0x330 [8] 02 0D 02 01 0D 3F 0D 2B 
BAT RX 0x329 [8] 01 00 22 9C 01 00 40 35 
BAT RX 0x323 [8] 20 0E 10 00 00 00 00 00 
BAT RX 0x324 [8] 01 39 35 32 32 30 36 32 
BAT RX 0x322 [8] 01 14 00 E8 03 01 64 64 
BAT RX 0x320 [8] 50 41 C3 85 85 00 00 00 
BAT RX 0x319 [8] 40 0D 3F 0D 2B 1D 11 00 
BAT RX 0x318 [8] 0D 2D 0D 2C 0D 2B 0D 2B 
BAT RX 0x317 [8] 0D 3F 0D 3D 0D 3D 0D 3C 
BAT RX 0x316 [8] 0D 34 0D 33 0D 33 0D 2C 
BAT RX 0x315 [8] 0D 39 0D 38 0D 38 0D 38 
BAT RX 0x314 [8] 5B 54 5B 54 00 14 05 44 
BAT RX 0x313 [8] 15 22 00 00 00 FE 64 63 
BAT RX 0x312 [8] 00 00 00 00 02 02 00 00 
BAT RX 0x311 [8] 02 38 00 00 08 24 01 21 
[keepalive] twai_transmit() -> ESP_OK
[395s] OK V=54.10V I=+0.0A T=25.4C SOC=100% SOH=99% | CVL=56.8V CCL=0.0A DCL=208.4A | chg=0 dis=1 fc1=0 fc2=0 | prot=0000 warn=0000 | packs=2 | inv0x305=no
BAT RX 0x330 [8] 02 0D 02 01 0D 3F 0D 2B 
BAT RX 0x329 [8] 02 00 1A 25 02 00 40 D1 
BAT RX 0x323 [8] 20 0E 10 00 00 00 00 00 
BAT RX 0x324 [8] 02 42 42 37 00 00 00 00 
BAT RX 0x322 [8] 01 14 00 E8 03 01 64 64 
BAT RX 0x320 [8] 50 41 C3 85 85 00 00 00 
BAT RX 0x319 [8] 40 0D 3F 0D 2B 1D 11 00 
BAT RX 0x318 [8] 0D 2D 0D 2B 0D 2B 0D 2B 
BAT RX 0x317 [8] 0D 3F 0D 3D 0D 3C 0D 3C 
BAT RX 0x316 [8] 0D 34 0D 34 0D 33 0D 2C 
BAT RX 0x315 [8] 0D 39 0D 38 0D 38 0D 38 
BAT RX 0x314 [8] 5B 54 5B 54 00 14 05 44 
BAT RX 0x313 [8] 15 22 00 00 00 FE 64 63 
BAT RX 0x312 [8] 00 00 00 00 02 02 00 00 
BAT RX 0x311 [8] 02 38 00 00 08 24 01 21 
[keepalive] twai_transmit() -> ESP_OK
BAT RX 0x330 [8] 02 0D 02 0F 0D 3F 0D 2A 
BAT RX 0x329 [8] 01 00 22 9C 01 00 40 35 
BAT RX 0x323 [8] 20 0E 10 00 00 00 00 00 
BAT RX 0x324 [8] 00 01 47 50 4A 30 32 31 
BAT RX 0x322 [8] 01 14 00 E8 03 01 64 64 
BAT RX 0x320 [8] 50 41 C3 85 85 00 00 00 
BAT RX 0x319 [8] 40 0D 3F 0D 2A 1D 1F 00 
BAT RX 0x318 [8] 0D 2D 0D 2B 0D 2B 0D 2A 
BAT RX 0x317 [8] 0D 3F 0D 3D 0D 3C 0D 3C 
BAT RX 0x316 [8] 0D 33 0D 33 0D 33 0D 2C 
BAT RX 0x315 [8] 0D 39 0D 38 0D 38 0D 38 
BAT RX 0x314 [8] 5B 54 5B 54 00 15 05 44 
BAT RX 0x313 [8] 15 22 00 00 00 FE 64 63 
BAT RX 0x312 [8] 00 00 00 00 02 02 00 00 
BAT RX 0x311 [8] 02 38 00 00 08 24 01 21 
[keepalive] twai_transmit() -> ESP_OK
[397s] OK V=54.10V I=+0.0A T=25.4C SOC=100% SOH=99% | CVL=56.8V CCL=0.0A DCL=208.4A | chg=0 dis=1 fc1=0 fc2=0 | prot=0000 warn=0000 | packs=2 | inv0x305=no
BAT RX 0x330 [8] 02 0D 02 01 0D 3F 0D 2A 
BAT RX 0x329 [8] 02 00 1A 25 02 00 40 D1 
BAT RX 0x323 [8] 20 0E 10 00 00 00 00 00 
BAT RX 0x324 [8] 01 39 35 32 32 30 36 32 
BAT RX 0x322 [8] 01 14 00 E8 03 01 64 64 
BAT RX 0x320 [8] 50 41 C3 85 85 00 00 00 
BAT RX 0x319 [8] 40 0D 3F 0D 2A 1D 11 00 
BAT RX 0x318 [8] 0D 2D 0D 2C 0D 2B 0D 2A 
BAT RX 0x317 [8] 0D 3F 0D 3E 0D 3C 0D 3C 
BAT RX 0x316 [8] 0D 34 0D 33 0D 33 0D 2C 
BAT RX 0x315 [8] 0D 38 0D 38 0D 38 0D 38 
BAT RX 0x314 [8] 5B 54 5B 54 00 15 05 44 
BAT RX 0x313 [8] 15 22 00 00 00 FE 64 63 
BAT RX 0x312 [8] 00 00 00 00 02 02 00 00 
BAT RX 0x311 [8] 02 38 00 00 08 24 01 21 
[keepalive] twai_transmit() -> ESP_OK
BAT RX 0x330 [8] 02 0D 02 01 0D 3F 0D 2B 
BAT RX 0x329 [8] 01 00 22 9C 01 00 40 35 
BAT RX 0x323 [8] 20 0E 10 00 00 00 00 00 
BAT RX 0x324 [8] 02 43 30 37 00 00 00 00 
BAT RX 0x322 [8] 01 14 00 E8 03 01 64 64 
BAT RX 0x320 [8] 50 41 C3 85 85 00 00 00 
BAT RX 0x319 [8] 40 0D 3F 0D 2B 1D 11 00 
BAT RX 0x318 [8] 0D 2D 0D 2B 0D 2B 0D 2B 
BAT RX 0x317 [8] 0D 3F 0D 3D 0D 3C 0D 3C 
BAT RX 0x316 [8] 0D 33 0D 33 0D 33 0D 2C 
BAT RX 0x315 [8] 0D 39 0D 38 0D 38 0D 38 
BAT RX 0x314 [8] 5B 54 5B 54 00 14 05 44 
BAT RX 0x313 [8] 15 22 00 00 00 FE 64 63 
BAT RX 0x312 [8] 00 00 00 00 02 02 00 00 
BAT RX 0x311 [8] 02 38 00 00 08 24 01 21 
[keepalive] twai_transmit() -> ESP_OK
[399s] OK V=54.10V I=+0.0A T=25.4C SOC=100% SOH=99% | CVL=56.8V CCL=0.0A DCL=208.4A | chg=0 dis=1 fc1=0 fc2=0 | prot=0000 warn=0000 | packs=2 | inv0x305=no
BAT RX 0x330 [8] 02 0D 02 01 0D 3F 0D 2A 
BAT RX 0x329 [8] 02 00 1A 25 02 00 40 D1 
BAT RX 0x323 [8] 20 0E 10 00 00 00 00 00 
BAT RX 0x324 [8] 00 02 47 50 4A 30 32 31 
BAT RX 0x322 [8] 01 14 00 E8 03 01 64 64 
BAT RX 0x320 [8] 50 41 C3 85 85 00 00 00 
BAT RX 0x319 [8] 40 0D 3F 0D 2A 1D 11 00 
BAT RX 0x318 [8] 0D 2C 0D 2B 0D 2B 0D 2A 
BAT RX 0x317 [8] 0D 3F 0D 3D 0D 3C 0D 3C 
BAT RX 0x316 [8] 0D 34 0D 34 0D 33 0D 2C 
BAT RX 0x315 [8] 0D 39 0D 38 0D 38 0D 38 
BAT RX 0x314 [8] 5B 54 5B 54 00 15 05 44 
BAT RX 0x313 [8] 15 22 00 03 00 FE 64 63 
BAT RX 0x312 [8] 00 00 00 00 02 02 00 00 
BAT RX 0x311 [8] 02 38 00 00 08 24 01 21 
[keepalive] twai_transmit() -> ESP_OK
BAT RX 0x330 [8] 02 0D 02 0F 0D 3F 0D 2A 
BAT RX 0x329 [8] 01 00 22 9C 01 00 40 35 
BAT RX 0x323 [8] 20 0E 10 00 00 00 00 00 
BAT RX 0x324 [8] 01 39 35 32 32 30 36 32 
BAT RX 0x322 [8] 01 14 00 E8 03 01 64 64 
BAT RX 0x320 [8] 50 41 C3 85 85 00 00 00 
BAT RX 0x319 [8] 40 0D 3F 0D 2A 1D 1F 00 
BAT RX 0x318 [8] 0D 2D 0D 2C 0D 2B 0D 2A 
BAT RX 0x317 [8] 0D 3F 0D 3D 0D 3C 0D 3C 
BAT RX 0x316 [8] 0D 33 0D 33 0D 33 0D 2C 
BAT RX 0x315 [8] 0D 39 0D 38 0D 38 0D 38 
BAT RX 0x314 [8] 5B 54 5B 54 00 15 05 44 
BAT RX 0x313 [8] 15 22 00 00 00 FE 64 63 
BAT RX 0x312 [8] 00 00 00 00 02 02 00 00 
BAT RX 0x311 [8] 02 38 00 00 08 24 01 21 
[keepalive] twai_transmit() -> ESP_OK
[401s] OK V=54.10V I=+0.0A T=25.4C SOC=100% SOH=99% | CVL=56.8V CCL=0.0A DCL=208.4A | chg=0 dis=1 fc1=0 fc2=0 | prot=0000 warn=0000 | packs=2 | inv0x305=no
BAT RX 0x330 [8] 02 0D 02 01 0D 3F 0D 2A 
BAT RX 0x329 [8] 02 00 1A 25 02 00 40 D1 
BAT RX 0x323 [8] 20 0E 10 00 00 00 00 00 
BAT RX 0x324 [8] 02 42 42 37 00 00 00 00 
BAT RX 0x322 [8] 01 14 00 E8 03 01 64 64 
BAT RX 0x320 [8] 50 41 C3 85 85 00 00 00 
BAT RX 0x319 [8] 40 0D 3F 0D 2A 1D 11 00 
BAT RX 0x318 [8] 0D 2C 0D 2B 0D 2A 0D 2A 
BAT RX 0x317 [8] 0D 3F 0D 3D 0D 3C 0D 3C 
BAT RX 0x316 [8] 0D 34 0D 33 0D 32 0D 2C 
BAT RX 0x315 [8] 0D 39 0D 38 0D 37 0D 37 
BAT RX 0x314 [8] 5B 54 5B 54 00 15 05 44 
BAT RX 0x313 [8] 15 22 00 03 00 FE 64 63 
BAT RX 0x312 [8] 00 00 00 00 02 02 00 00 
BAT RX 0x311 [8] 02 38 00 00 08 24 01 21 
[keepalive] twai_transmit() -> ESP_OK
BAT RX 0x330 [8] 02 0D 02 01 0D 3F 0D 2A 
BAT RX 0x329 [8] 01 00 22 9C 01 00 40 35 
BAT RX 0x323 [8] 20 0E 10 00 00 00 00 00 
BAT RX 0x324 [8] 00 01 47 50 4A 30 32 31 
BAT RX 0x322 [8] 01 14 00 E8 03 01 64 64 
BAT RX 0x320 [8] 50 41 C3 85 85 00 00 00 
BAT RX 0x319 [8] 40 0D 3F 0D 2A 1D 11 00 
BAT RX 0x318 [8] 0D 2D 0D 2B 0D 2B 0D 2A 
BAT RX 0x317 [8] 0D 3F 0D 3D 0D 3C 0D 3C 
BAT RX 0x316 [8] 0D 34 0D 34 0D 32 0D 2C 
BAT RX 0x315 [8] 0D 38 0D 38 0D 38 0D 37 
BAT RX 0x314 [8] 5B 54 5B 54 00 15 05 44 
BAT RX 0x313 [8] 15 22 00 03 00 FE 64 63 
BAT RX 0x312 [8] 00 00 00 00 02 02 00 00 
BAT RX 0x311 [8] 02 38 00 00 08 24 01 21 
[keepalive] twai_transmit() -> ESP_OK
[403s] OK V=54.10V I=+0.3A T=25.4C SOC=100% SOH=99% | CVL=56.8V CCL=0.0A DCL=208.4A | chg=0 dis=1 fc1=0 fc2=0 | prot=0000 warn=0000 | packs=2 | inv0x305=no
BAT RX 0x330 [8] 02 0D 02 01 0D 3F 0D 2A 
BAT RX 0x329 [8] 02 00 1A 25 02 00 40 D1 
BAT RX 0x323 [8] 20 0E 10 00 00 00 00 00 
BAT RX 0x324 [8] 01 39 35 32 32 30 36 32 
BAT RX 0x322 [8] 01 14 00 E8 03 01 64 64 
BAT RX 0x320 [8] 50 41 C3 85 85 00 00 00 
BAT RX 0x319 [8] 40 0D 3F 0D 2A 1D 11 00 
BAT RX 0x318 [8] 0D 2D 0D 2C 0D 2B 0D 2A 
BAT RX 0x317 [8] 0D 3F 0D 3D 0D 3C 0D 3C 
BAT RX 0x316 [8] 0D 33 0D 33 0D 33 0D 2C 
BAT RX 0x315 [8] 0D 39 0D 38 0D 38 0D 38 
BAT RX 0x314 [8] 5B 54 5B 54 00 15 05 44 
BAT RX 0x313 [8] 15 22 00 00 00 FE 64 63 
BAT RX 0x312 [8] 00 00 00 00 02 02 00 00 
BAT RX 0x311 [8] 02 38 00 00 08 24 01 21 
[keepalive] twai_transmit() -> ESP_OK
BAT RX 0x330 [8] 02 0D 02 01 0D 3F 0D 2B 
BAT RX 0x329 [8] 01 00 22 9C 01 00 40 35 
BAT RX 0x323 [8] 20 0E 10 00 00 00 00 00 
BAT RX 0x324 [8] 02 43 30 37 00 00 00 00 
BAT RX 0x322 [8] 01 14 00 E8 03 01 64 64 

---- battery-bus rate stats (VERBOSE_STATS) ----------------------------
  5326 frames, 405 s elapsed
  ID     count   period(ms)  (min-max gap)
  0x312     355    996 (7-1000)
  0x313     355    995 (3-1000)
  0x314     355    995 (4-1000)
  0x315     355    995 (4-1000)
  0x316     355    995 (3-1000)
  0x317     355    995 (3-1000)
  0x318     355    995 (4-1000)
  0x319     355    995 (4-1000)
  0x320     355    995 (4-1000)
  0x322     356    995 (4-1000)
  0x311     355    996 (4-1000)
  0x323     355    998 (767-1000)
  0x324     355    998 (768-1000)
  0x329     355    998 (757-1000)
  0x330     355    998 (746-1000)
--------------------------------------------------------------------------

  TWAI: state=RUNNING  tx_err=0 rx_err=0  tx_failed=0  rx_missed=0 rx_overrun=0  arb_lost=0  bus_err=190881
BAT RX 0x320 [8] 50 41 C3 85 85 00 00 00 
BAT RX 0x319 [8] 40 0D 3F 0D 2B 1D 11 00 
BAT RX 0x318 [8] 0D 2D 0D 2B 0D 2B 0D 2B 
BAT RX 0x317 [8] 0D 3F 0D 3D 0D 3C 0D 3C 
BAT RX 0x316 [8] 0D 34 0D 33 0D 33 0D 2C 
BAT RX 0x315 [8] 0D 38 0D 38 0D 38 0D 38 
BAT RX 0x314 [8] 5B 54 5B 54 00 14 05 44 
BAT RX 0x313 [8] 15 22 00 00 00 FE 64 63 
BAT RX 0x312 [8] 00 00 00 00 02 02 00 00 
BAT RX 0x311 [8] 02 38 00 00 08 24 01 21 
[keepalive] twai_transmit() -> ESP_OK
[405s] OK V=54.10V I=+0.0A T=25.4C SOC=100% SOH=99% | CVL=56.8V CCL=0.0A DCL=208.4A | chg=0 dis=1 fc1=0 fc2=0 | prot=0000 warn=0000 | packs=2 | inv0x305=no
BAT RX 0x330 [8] 02 0D 02 01 0D 3F 0D 2A 
BAT RX 0x329 [8] 02 00 1A 25 02 00 40 D1 
BAT RX 0x323 [8] 20 0E 10 00 00 00 00 00 
BAT RX 0x324 [8] 00 02 47 50 4A 30 32 31 
BAT RX 0x322 [8] 01 14 00 E8 03 01 64 64 
BAT RX 0x320 [8] 50 41 C3 85 85 00 00 00 
BAT RX 0x319 [8] 40 0D 3F 0D 2A 1D 11 00 
BAT RX 0x318 [8] 0D 2C 0D 2B 0D 2A 0D 2A 
BAT RX 0x317 [8] 0D 3F 0D 3D 0D 3C 0D 3B 
BAT RX 0x316 [8] 0D 34 0D 33 0D 33 0D 2D 
BAT RX 0x315 [8] 0D 39 0D 39 0D 39 0D 37 
BAT RX 0x314 [8] 5B 54 5B 54 00 15 05 44 
BAT RX 0x313 [8] 15 22 00 00 00 FE 64 63 
BAT RX 0x312 [8] 00 00 00 00 02 02 00 00 
BAT RX 0x311 [8] 02 38 00 00 08 24 01 21 
[keepalive] twai_transmit() -> ESP_OK
BAT RX 0x330 [8] 02 0D 02 01 0D 3F 0D 2A 
BAT RX 0x329 [8] 01 00 22 9C 01 00 40 35 
BAT RX 0x323 [8] 20 0E 10 00 00 00 00 00 
BAT RX 0x324 [8] 01 39 35 32 32 30 36 32 
BAT RX 0x322 [8] 01 14 00 E8 03 01 64 64 
BAT RX 0x320 [8] 50 41 C3 85 85 00 00 00 
BAT RX 0x319 [8] 40 0D 3F 0D 2A 1D 11 00 
BAT RX 0x318 [8] 0D 2C 0D 2B 0D 2A 0D 2A 
BAT RX 0x317 [8] 0D 3F 0D 3D 0D 3C 0D 3C 
BAT RX 0x316 [8] 0D 33 0D 33 0D 33 0D 2C 
BAT RX 0x315 [8] 0D 38 0D 38 0D 38 0D 38 
BAT RX 0x314 [8] 5B 54 5B 54 00 15 05 44 
BAT RX 0x313 [8] 15 22 00 00 00 FE 64 63 
BAT RX 0x312 [8] 00 00 00 00 02 02 00 00 
BAT RX 0x311 [8] 02 38 00 00 08 24 01 21 
[keepalive] twai_transmit() -> ESP_OK
[407s] OK V=54.10V I=+0.0A T=25.4C SOC=100% SOH=99% | CVL=56.8V CCL=0.0A DCL=208.4A | chg=0 dis=1 fc1=0 fc2=0 | prot=0000 warn=0000 | packs=2 | inv0x305=no
BAT RX 0x330 [8] 02 0D 02 01 0D 3F 0D 2A 
BAT RX 0x329 [8] 02 00 1A 25 02 00 40 D1 
BAT RX 0x323 [8] 20 0E 10 00 00 00 00 00 
BAT RX 0x324 [8] 02 42 42 37 00 00 00 00 
BAT RX 0x322 [8] 01 14 00 E8 03 01 64 64 
BAT RX 0x320 [8] 50 41 C3 85 85 00 00 00 
BAT RX 0x319 [8] 40 0D 3F 0D 2A 1D 11 00 
BAT RX 0x318 [8] 0D 2C 0D 2B 0D 2B 0D 2A 
BAT RX 0x317 [8] 0D 3F 0D 3D 0D 3C 0D 3B 
BAT RX 0x316 [8] 0D 33 0D 33 0D 32 0D 2C 
BAT RX 0x315 [8] 0D 39 0D 39 0D 38 0D 38 
BAT RX 0x314 [8] 5B 54 5B 54 00 15 05 44 
BAT RX 0x313 [8] 15 22 00 00 00 FE 64 63 
BAT RX 0x312 [8] 00 00 00 00 02 02 00 00 
BAT RX 0x311 [8] 02 38 00 00 08 24 01 21 
[keepalive] twai_transmit() -> ESP_OK
BAT RX 0x330 [8] 02 0D 02 01 0D 3F 0D 2A 
BAT RX 0x329 [8] 01 00 22 9C 01 00 40 35 
BAT RX 0x323 [8] 20 0E 10 00 00 00 00 00 
BAT RX 0x324 [8] 00 01 47 50 4A 30 32 31 
BAT RX 0x322 [8] 01 14 00 E8 03 01 64 64 
BAT RX 0x320 [8] 50 41 C3 85 85 00 00 00 
BAT RX 0x319 [8] 40 0D 3F 0D 2A 1D 11 00 
BAT RX 0x318 [8] 0D 2C 0D 2B 0D 2B 0D 2A 
BAT RX 0x317 [8] 0D 3F 0D 3D 0D 3C 0D 3C 
BAT RX 0x316 [8] 0D 33 0D 33 0D 32 0D 2C 
BAT RX 0x315 [8] 0D 38 0D 38 0D 38 0D 38 
BAT RX 0x314 [8] 5B 54 5B 54 00 15 05 44 
BAT RX 0x313 [8] 15 22 00 00 00 FE 64 63 
BAT RX 0x312 [8] 00 00 00 00 02 02 00 00 
BAT RX 0x311 [8] 02 38 00 00 08 24 01 21 
[keepalive] twai_transmit() -> ESP_OK
[409s] OK V=54.10V I=+0.0A T=25.4C SOC=100% SOH=99% | CVL=56.8V CCL=0.0A DCL=208.4A | chg=0 dis=1 fc1=0 fc2=0 | prot=0000 warn=0000 | packs=2 | inv0x305=no
BAT RX 0x330 [8] 02 0D 02 01 0D 3F 0D 2A 
BAT RX 0x329 [8] 02 00 1A 25 02 00 40 D1 
BAT RX 0x323 [8] 20 0E 10 00 00 00 00 00 
BAT RX 0x324 [8] 01 39 35 32 32 30 36 32 
BAT RX 0x322 [8] 01 14 00 E8 03 01 64 64 
BAT RX 0x320 [8] 50 41 C3 85 85 00 00 00 
BAT RX 0x319 [8] 40 0D 3F 0D 2A 1D 11 00 
BAT RX 0x318 [8] 0D 2C 0D 2B 0D 2B 0D 2A 
BAT RX 0x317 [8] 0D 3F 0D 3D 0D 3C 0D 3C 
BAT RX 0x316 [8] 0D 33 0D 33 0D 33 0D 2C 
BAT RX 0x315 [8] 0D 38 0D 38 0D 38 0D 38 
BAT RX 0x314 [8] 5B 54 5B 54 00 15 05 44 
BAT RX 0x313 [8] 15 22 00 00 00 FE 64 63 
BAT RX 0x312 [8] 00 00 00 00 02 02 00 00 
BAT RX 0x311 [8] 02 38 00 00 08 24 01 21 
[keepalive] twai_transmit() -> ESP_OK
BAT RX 0x330 [8] 02 0D 02 01 0D 3F 0D 2B 
BAT RX 0x329 [8] 01 00 22 9C 01 00 40 35 
BAT RX 0x323 [8] 20 0E 10 00 00 00 00 00 
BAT RX 0x324 [8] 02 43 30 37 00 00 00 00 
BAT RX 0x322 [8] 01 14 00 E8 03 01 64 64 
BAT RX 0x320 [8] 50 41 C3 85 85 00 00 00 
BAT RX 0x319 [8] 40 0D 3F 0D 2B 1D 11 00 
BAT RX 0x318 [8] 0D 2C 0D 2B 0D 2B 0D 2B 
BAT RX 0x317 [8] 0D 3F 0D 3D 0D 3C 0D 3C 
BAT RX 0x316 [8] 0D 33 0D 33 0D 33 0D 2C 
BAT RX 0x315 [8] 0D 38 0D 38 0D 38 0D 38 
BAT RX 0x314 [8] 5B 54 5B 54 00 14 05 44 
BAT RX 0x313 [8] 15 22 00 00 00 FE 64 63 
BAT RX 0x312 [8] 00 00 00 00 02 02 00 00 
BAT RX 0x311 [8] 02 38 00 00 08 24 01 21 
[keepalive] twai_transmit() -> ESP_OK
[411s] OK V=54.10V I=+0.0A T=25.4C SOC=100% SOH=99% | CVL=56.8V CCL=0.0A DCL=208.4A | chg=0 dis=1 fc1=0 fc2=0 | prot=0000 warn=0000 | packs=2 | inv0x305=no
BAT RX 0x330 [8] 02 0D 02 01 0D 3F 0D 2A 
BAT RX 0x329 [8] 02 00 1A 25 02 00 40 D1 
BAT RX 0x323 [8] 20 0E 10 00 00 00 00 00 
BAT RX 0x324 [8] 00 02 47 50 4A 30 32 31 
BAT RX 0x322 [8] 01 14 00 E8 03 01 64 64 
BAT RX 0x320 [8] 50 41 C3 85 85 00 00 00 
BAT RX 0x319 [8] 40 0D 3F 0D 2A 1D 11 00 
BAT RX 0x318 [8] 0D 2C 0D 2A 0D 2A 0D 2A 
BAT RX 0x317 [8] 0D 3F 0D 3D 0D 3C 0D 3C 
BAT RX 0x316 [8] 0D 34 0D 34 0D 32 0D 2C 
BAT RX 0x315 [8] 0D 39 0D 37 0D 37 0D 37 
BAT RX 0x314 [8] 5B 54 5B 54 00 15 05 44 
BAT RX 0x313 [8] 15 18 00 03 00 FE 64 63 
BAT RX 0x312 [8] 00 00 00 00 02 02 00 00 
BAT RX 0x311 [8] 02 38 00 00 08 24 01 21 
[keepalive] twai_transmit() -> ESP_OK
BAT RX 0x330 [8] 02 0D 02 01 0D 3F 0D 2A 
BAT RX 0x329 [8] 01 00 22 9C 01 00 40 35 
BAT RX 0x323 [8] 20 0E 10 00 00 00 00 00 
BAT RX 0x324 [8] 01 39 35 32 32 30 36 32 
BAT RX 0x322 [8] 01 14 00 E8 03 01 64 64 
BAT RX 0x320 [8] 50 41 C3 85 85 00 00 00 
BAT RX 0x319 [8] 40 0D 3F 0D 2A 1D 11 00 
BAT RX 0x318 [8] 0D 2C 0D 2B 0D 2A 0D 2A 
BAT RX 0x317 [8] 0D 3F 0D 3D 0D 3C 0D 3B 
BAT RX 0x316 [8] 0D 33 0D 33 0D 33 0D 2C 
BAT RX 0x315 [8] 0D 38 0D 38 0D 38 0D 38 
BAT RX 0x314 [8] 5B 54 5B 54 00 15 05 44 
BAT RX 0x313 [8] 15 18 00 03 00 FE 64 63 
BAT RX 0x312 [8] 00 00 00 00 02 02 00 00 
BAT RX 0x311 [8] 02 38 00 00 08 24 01 21 
[keepalive] twai_transmit() -> ESP_OK
[413s] OK V=54.00V I=+0.3A T=25.4C SOC=100% SOH=99% | CVL=56.8V CCL=0.0A DCL=208.4A | chg=0 dis=1 fc1=0 fc2=0 | prot=0000 warn=0000 | packs=2 | inv0x305=no
BAT RX 0x330 [8] 02 0D 02 01 0D 3F 0D 2A 
BAT RX 0x329 [8] 02 00 1A 25 02 00 40 D1 
BAT RX 0x323 [8] 20 0E 10 00 00 00 00 00 
BAT RX 0x324 [8] 02 42 42 37 00 00 00 00 
BAT RX 0x322 [8] 01 14 00 E8 03 01 64 64 
BAT RX 0x320 [8] 50 41 C3 85 85 00 00 00 
BAT RX 0x319 [8] 40 0D 3F 0D 2A 1D 11 00 
BAT RX 0x318 [8] 0D 2C 0D 2B 0D 2B 0D 2A 
BAT RX 0x317 [8] 0D 3F 0D 3D 0D 3C 0D 3B 
BAT RX 0x316 [8] 0D 33 0D 33 0D 32 0D 2B 
BAT RX 0x315 [8] 0D 39 0D 38 0D 38 0D 38 
BAT RX 0x314 [8] 5B 54 5B 54 00 15 05 44 
BAT RX 0x313 [8] 15 22 00 03 00 FE 64 63 
BAT RX 0x312 [8] 00 00 00 00 02 02 00 00 
BAT RX 0x311 [8] 02 38 00 00 08 24 01 21 
[keepalive] twai_transmit() -> ESP_OK
BAT RX 0x330 [8] 02 0D 02 01 0D 3F 0D 2A 
BAT RX 0x329 [8] 01 00 22 9C 01 00 40 35 
BAT RX 0x323 [8] 20 0E 10 00 00 00 00 00 
BAT RX 0x324 [8] 00 01 47 50 4A 30 32 31 
BAT RX 0x322 [8] 01 14 00 E8 03 01 64 64 
BAT RX 0x320 [8] 50 41 C3 85 85 00 00 00 
BAT RX 0x319 [8] 40 0D 3F 0D 2A 1D 11 00 
BAT RX 0x318 [8] 0D 2C 0D 2B 0D 2A 0D 2A 
BAT RX 0x317 [8] 0D 3F 0D 3D 0D 3C 0D 3B 
BAT RX 0x316 [8] 0D 33 0D 33 0D 32 0D 2C 
BAT RX 0x315 [8] 0D 38 0D 38 0D 38 0D 37 
BAT RX 0x314 [8] 5B 54 5B 54 00 15 05 44 
BAT RX 0x313 [8] 15 18 00 00 00 FE 64 63 
BAT RX 0x312 [8] 00 00 00 00 02 02 00 00 
BAT RX 0x311 [8] 02 38 00 00 08 24 01 21 
[keepalive] twai_transmit() -> ESP_OK
[415s] OK V=54.00V I=+0.0A T=25.4C SOC=100% SOH=99% | CVL=56.8V CCL=0.0A DCL=208.4A | chg=0 dis=1 fc1=0 fc2=0 | prot=0000 warn=0000 | packs=2 | inv0x305=no
BAT RX 0x330 [8] 02 0D 02 01 0D 3F 0D 2A 
BAT RX 0x329 [8] 02 00 1A 25 02 00 40 D1 
BAT RX 0x323 [8] 20 0E 10 00 00 00 00 00 
BAT RX 0x324 [8] 01 39 35 32 32 30 36 32 
BAT RX 0x322 [8] 01 14 00 E8 03 01 64 64 
BAT RX 0x320 [8] 50 41 C3 85 85 00 00 00 
BAT RX 0x319 [8] 40 0D 3F 0D 2A 1D 11 00 
BAT RX 0x318 [8] 0D 2C 0D 2B 0D 2A 0D 2A 
BAT RX 0x317 [8] 0D 3F 0D 3D 0D 3C 0D 3C 
BAT RX 0x316 [8] 0D 33 0D 33 0D 32 0D 2C 
BAT RX 0x315 [8] 0D 38 0D 38 0D 38 0D 37 
BAT RX 0x314 [8] 5B 54 5B 54 00 15 05 44 
BAT RX 0x313 [8] 15 18 00 00 00 FE 64 63 
BAT RX 0x312 [8] 00 00 00 00 02 02 00 00 
BAT RX 0x311 [8] 02 38 00 00 08 24 01 21 
[keepalive] twai_transmit() -> ESP_OK
BAT RX 0x330 [8] 02 0D 02 01 0D 3F 0D 2A 
BAT RX 0x329 [8] 01 00 22 9C 01 00 40 35 
BAT RX 0x323 [8] 20 0E 10 00 00 00 00 00 
BAT RX 0x324 [8] 02 43 30 37 00 00 00 00 
BAT RX 0x322 [8] 01 14 00 E8 03 01 64 64 
BAT RX 0x320 [8] 50 41 C3 85 85 00 00 00 
BAT RX 0x319 [8] 40 0D 3F 0D 2A 1D 11 00 
BAT RX 0x318 [8] 0D 2C 0D 2B 0D 2A 0D 2A 
BAT RX 0x317 [8] 0D 3F 0D 3D 0D 3C 0D 3B 
BAT RX 0x316 [8] 0D 33 0D 33 0D 32 0D 2B 
BAT RX 0x315 [8] 0D 38 0D 38 0D 38 0D 37 
BAT RX 0x314 [8] 5B 54 5B 54 00 15 05 44 
BAT RX 0x313 [8] 15 18 00 03 00 FE 64 63 
BAT RX 0x312 [8] 00 00 00 00 02 02 00 00 
BAT RX 0x311 [8] 02 38 00 00 08 24 01 21 
[keepalive] twai_transmit() -> ESP_OK
[417s] OK V=54.00V I=+0.3A T=25.4C SOC=100% SOH=99% | CVL=56.8V CCL=0.0A DCL=208.4A | chg=0 dis=1 fc1=0 fc2=0 | prot=0000 warn=0000 | packs=2 | inv0x305=no
BAT RX 0x330 [8] 02 0D 02 01 0D 3E 0D 2A 
BAT RX 0x329 [8] 02 00 1A 25 02 00 40 D1 
BAT RX 0x323 [8] 20 0E 10 00 00 00 00 00 
BAT RX 0x324 [8] 00 02 47 50 4A 30 32 31 
BAT RX 0x322 [8] 01 14 00 E8 03 01 64 64 
BAT RX 0x320 [8] 50 41 C3 85 85 00 00 00 
BAT RX 0x319 [8] 40 0D 3E 0D 2A 1D 11 00 
BAT RX 0x318 [8] 0D 2C 0D 2B 0D 2B 0D 2A 
BAT RX 0x317 [8] 0D 3E 0D 3D 0D 3C 0D 3B 
BAT RX 0x316 [8] 0D 33 0D 33 0D 32 0D 2C 
BAT RX 0x315 [8] 0D 38 0D 38 0D 38 0D 37 
BAT RX 0x314 [8] 5B 54 5B 54 00 14 05 44 
BAT RX 0x313 [8] 15 18 00 03 00 FE 64 63 
BAT RX 0x312 [8] 00 00 00 00 02 02 00 00 
BAT RX 0x311 [8] 02 38 00 00 08 24 01 21 
[keepalive] twai_transmit() -> ESP_OK
BAT RX 0x330 [8] 02 0D 02 01 0D 3E 0D 2A 
BAT RX 0x329 [8] 01 00 22 9C 01 00 40 35 
BAT RX 0x323 [8] 20 0E 10 00 00 00 00 00 
BAT RX 0x324 [8] 01 39 35 32 32 30 36 32 
BAT RX 0x322 [8] 01 14 00 E8 03 01 64 64 
BAT RX 0x320 [8] 50 41 C3 85 85 00 00 00 
BAT RX 0x319 [8] 40 0D 3E 0D 2A 1D 11 00 
BAT RX 0x318 [8] 0D 2C 0D 2B 0D 2B 0D 2A 
BAT RX 0x317 [8] 0D 3E 0D 3D 0D 3C 0D 3B 
BAT RX 0x316 [8] 0D 34 0D 33 0D 32 0D 2C 
BAT RX 0x315 [8] 0D 38 0D 37 0D 37 0D 37 
BAT RX 0x314 [8] 5B 54 5B 54 00 14 05 44 
BAT RX 0x313 [8] 15 18 00 03 00 FE 64 63 
BAT RX 0x312 [8] 00 00 00 00 02 02 00 00 
BAT RX 0x311 [8] 02 38 00 00 08 24 01 21 
[keepalive] twai_transmit() -> ESP_OK
[419s] OK V=54.00V I=+0.3A T=25.4C SOC=100% SOH=99% | CVL=56.8V CCL=0.0A DCL=208.4A | chg=0 dis=1 fc1=0 fc2=0 | prot=0000 warn=0000 | packs=2 | inv0x305=no
BAT RX 0x330 [8] 02 0D 02 01 0D 3E 0D 2A 
BAT RX 0x329 [8] 02 00 1A 25 02 00 40 D1 
BAT RX 0x323 [8] 20 0E 10 00 00 00 00 00 
BAT RX 0x324 [8] 02 42 42 37 00 00 00 00 
BAT RX 0x322 [8] 01 14 00 E8 03 01 64 64 
BAT RX 0x320 [8] 50 41 C3 85 85 00 00 00 
BAT RX 0x319 [8] 40 0D 3E 0D 2A 1D 11 00 

---- battery-bus rate stats (VERBOSE_STATS) ----------------------------
  5553 frames, 420 s elapsed
  ID     count   period(ms)  (min-max gap)
  0x312     370    996 (7-1000)
  0x313     370    996 (3-1000)
  0x314     370    996 (4-1000)
  0x315     370    996 (4-1000)
  0x316     370    996 (3-1000)
  0x317     370    995 (3-1000)
  0x318     370    995 (4-1000)
  0x319     371    995 (4-1000)
  0x320     371    995 (4-1000)
  0x322     371    995 (4-1000)
  0x311     370    996 (4-1000)
  0x323     370    998 (767-1000)
  0x324     370    998 (768-1000)
  0x329     370    998 (757-1000)
  0x330     370    998 (746-1000)
--------------------------------------------------------------------------

  TWAI: state=RUNNING  tx_err=0 rx_err=0  tx_failed=0  rx_missed=0 rx_overrun=0  arb_lost=0  bus_err=190881
BAT RX 0x318 [8] 0D 2C 0D 2B 0D 2B 0D 2A 
BAT RX 0x317 [8] 0D 3E 0D 3D 0D 3C 0D 3B 
BAT RX 0x316 [8] 0D 33 0D 33 0D 32 0D 2C 
BAT RX 0x315 [8] 0D 38 0D 37 0D 37 0D 37 
BAT RX 0x314 [8] 5B 54 5B 54 00 14 05 44 
BAT RX 0x313 [8] 15 18 00 00 00 FE 64 63 
BAT RX 0x312 [8] 00 00 00 00 02 02 00 00 
BAT RX 0x311 [8] 02 38 00 00 08 24 01 21 
[keepalive] twai_transmit() -> ESP_OK
BAT RX 0x330 [8] 02 0D 02 01 0D 3F 0D 2A 
BAT RX 0x329 [8] 01 00 22 9C 01 00 40 35 
BAT RX 0x323 [8] 20 0E 10 00 00 00 00 00 
BAT RX 0x324 [8] 00 01 47 50 4A 30 32 31 
BAT RX 0x322 [8] 01 14 00 E8 03 01 64 64 
BAT RX 0x320 [8] 50 41 C3 85 85 00 00 00 
BAT RX 0x319 [8] 40 0D 3F 0D 2A 1D 11 00 
BAT RX 0x318 [8] 0D 2C 0D 2B 0D 2B 0D 2A 
BAT RX 0x317 [8] 0D 3F 0D 3D 0D 3B 0D 3B 
BAT RX 0x316 [8] 0D 33 0D 32 0D 32 0D 2C 
BAT RX 0x315 [8] 0D 38 0D 38 0D 38 0D 38 
BAT RX 0x314 [8] 5B 54 5B 54 00 15 05 44 
BAT RX 0x313 [8] 15 18 00 03 00 FE 64 63 
BAT RX 0x312 [8] 00 00 00 00 02 02 00 00 
BAT RX 0x311 [8] 02 38 00 00 08 24 01 21 
[keepalive] twai_transmit() -> ESP_OK
[421s] OK V=54.00V I=+0.3A T=25.4C SOC=100% SOH=99% | CVL=56.8V CCL=0.0A DCL=208.4A | chg=0 dis=1 fc1=0 fc2=0 | prot=0000 warn=0000 | packs=2 | inv0x305=no
BAT RX 0x330 [8] 02 0D 02 01 0D 3F 0D 2A 
BAT RX 0x329 [8] 02 00 1A 25 02 00 40 D1 
BAT RX 0x323 [8] 20 0E 10 00 00 00 00 00 
BAT RX 0x324 [8] 01 39 35 32 32 30 36 32 
BAT RX 0x322 [8] 01 14 00 E8 03 01 64 64 
BAT RX 0x320 [8] 50 41 C3 85 85 00 00 00 
BAT RX 0x319 [8] 40 0D 3F 0D 2A 1D 11 00 
BAT RX 0x318 [8] 0D 2C 0D 2B 0D 2A 0D 2A 
BAT RX 0x317 [8] 0D 3F 0D 3D 0D 3B 0D 3B 
BAT RX 0x316 [8] 0D 33 0D 33 0D 32 0D 2C 
BAT RX 0x315 [8] 0D 38 0D 38 0D 38 0D 37 
BAT RX 0x314 [8] 5B 54 5B 54 00 15 05 44 
BAT RX 0x313 [8] 15 18 00 00 00 FE 64 63 
BAT RX 0x312 [8] 00 00 00 00 02 02 00 00 
BAT RX 0x311 [8] 02 38 00 00 08 24 01 21 
[keepalive] twai_transmit() -> ESP_OK
BAT RX 0x330 [8] 02 0D 02 01 0D 3E 0D 2A 
BAT RX 0x329 [8] 01 00 22 9C 01 00 40 35 
BAT RX 0x323 [8] 20 0E 10 00 00 00 00 00 
BAT RX 0x324 [8] 02 43 30 37 00 00 00 00 
BAT RX 0x322 [8] 01 14 00 E8 03 01 64 64 
BAT RX 0x320 [8] 50 41 C3 85 85 00 00 00 
BAT RX 0x319 [8] 40 0D 3E 0D 2A 1D 11 00 
BAT RX 0x318 [8] 0D 2C 0D 2B 0D 2B 0D 2A 
BAT RX 0x317 [8] 0D 3E 0D 3D 0D 3C 0D 3C 
BAT RX 0x316 [8] 0D 33 0D 32 0D 32 0D 2B 
BAT RX 0x315 [8] 0D 38 0D 38 0D 37 0D 37 
BAT RX 0x314 [8] 5B 54 5B 54 00 14 05 44 
BAT RX 0x313 [8] 15 18 00 03 00 FE 64 63 
BAT RX 0x312 [8] 00 00 00 00 02 02 00 00 
BAT RX 0x311 [8] 02 38 00 00 08 24 01 21 
[keepalive] twai_transmit() -> ESP_OK
[423s] OK V=54.00V I=+0.3A T=25.4C SOC=100% SOH=99% | CVL=56.8V CCL=0.0A DCL=208.4A | chg=0 dis=1 fc1=0 fc2=0 | prot=0000 warn=0000 | packs=2 | inv0x305=no
BAT RX 0x330 [8] 02 0D 02 01 0D 3E 0D 2A 
BAT RX 0x329 [8] 02 00 1A 25 02 00 40 D1 
BAT RX 0x323 [8] 20 0E 10 00 00 00 00 00 
BAT RX 0x324 [8] 00 02 47 50 4A 30 32 31 
BAT RX 0x322 [8] 01 14 00 E8 03 01 64 64 
BAT RX 0x320 [8] 50 41 C3 85 85 00 00 00 
BAT RX 0x319 [8] 40 0D 3E 0D 2A 1D 11 00 
BAT RX 0x318 [8] 0D 2C 0D 2B 0D 2A 0D 2A 
BAT RX 0x317 [8] 0D 3E 0D 3D 0D 3C 0D 3B 
BAT RX 0x316 [8] 0D 33 0D 33 0D 32 0D 2B 
BAT RX 0x315 [8] 0D 38 0D 37 0D 37 0D 37 
BAT RX 0x314 [8] 5B 54 5B 54 00 14 05 44 
BAT RX 0x313 [8] 15 18 00 03 00 FE 64 63 
BAT RX 0x312 [8] 00 00 00 00 02 02 00 00 
BAT RX 0x311 [8] 02 38 00 00 08 24 01 21 
[keepalive] twai_transmit() -> ESP_OK
BAT RX 0x330 [8] 02 0D 02 01 0D 3F 0D 2A 
BAT RX 0x329 [8] 01 00 22 9C 01 00 40 35 
BAT RX 0x323 [8] 20 0E 10 00 00 00 00 00 
BAT RX 0x324 [8] 01 39 35 32 32 30 36 32 
BAT RX 0x322 [8] 01 14 00 E8 03 01 64 64 
BAT RX 0x320 [8] 50 41 C3 85 85 00 00 00 
BAT RX 0x319 [8] 40 0D 3F 0D 2A 1D 11 00 
BAT RX 0x318 [8] 0D 2C 0D 2A 0D 2A 0D 2A 
BAT RX 0x317 [8] 0D 3F 0D 3D 0D 3C 0D 3B 
BAT RX 0x316 [8] 0D 33 0D 32 0D 32 0D 2B 
BAT RX 0x315 [8] 0D 38 0D 38 0D 37 0D 37 
BAT RX 0x314 [8] 5B 54 5B 54 00 15 05 44 
BAT RX 0x313 [8] 15 18 00 03 00 FE 64 63 
BAT RX 0x312 [8] 00 00 00 00 02 02 00 00 
BAT RX 0x311 [8] 02 38 00 00 08 24 01 21 
[keepalive] twai_transmit() -> ESP_OK
[425s] OK V=54.00V I=+0.3A T=25.4C SOC=100% SOH=99% | CVL=56.8V CCL=0.0A DCL=208.4A | chg=0 dis=1 fc1=0 fc2=0 | prot=0000 warn=0000 | packs=2 | inv0x305=no
BAT RX 0x330 [8] 02 0D 02 01 0D 3E 0D 29 
BAT RX 0x329 [8] 02 00 1A 25 02 00 40 D1 
BAT RX 0x323 [8] 20 0E 10 00 00 00 00 00 
BAT RX 0x324 [8] 02 42 42 37 00 00 00 00 
BAT RX 0x322 [8] 01 14 00 E8 03 01 64 64 
BAT RX 0x320 [8] 50 41 C3 85 85 00 00 00 
BAT RX 0x319 [8] 40 0D 3E 0D 29 1D 11 00 
BAT RX 0x318 [8] 0D 2C 0D 2B 0D 2A 0D 29 
BAT RX 0x317 [8] 0D 3E 0D 3D 0D 3C 0D 3B 
BAT RX 0x316 [8] 0D 32 0D 32 0D 32 0D 2C 
BAT RX 0x315 [8] 0D 38 0D 38 0D 37 0D 37 
BAT RX 0x314 [8] 5B 54 5B 54 00 15 05 44 
BAT RX 0x313 [8] 15 18 00 00 00 FE 64 63 
BAT RX 0x312 [8] 00 00 00 00 02 02 00 00 
BAT RX 0x311 [8] 02 38 00 00 08 24 01 21 
[keepalive] twai_transmit() -> ESP_OK
BAT RX 0x330 [8] 02 0D 02 01 0D 3E 0D 2A 
BAT RX 0x329 [8] 01 00 22 9C 01 00 40 35 
BAT RX 0x323 [8] 20 0E 10 00 00 00 00 00 
BAT RX 0x324 [8] 00 01 47 50 4A 30 32 31 
BAT RX 0x322 [8] 01 14 00 E8 03 01 64 64 
BAT RX 0x320 [8] 50 41 C3 85 85 00 00 00 
BAT RX 0x319 [8] 40 0D 3E 0D 2A 1D 11 00 
BAT RX 0x318 [8] 0D 2C 0D 2B 0D 2A 0D 2A 
BAT RX 0x317 [8] 0D 3E 0D 3C 0D 3C 0D 3B 
BAT RX 0x316 [8] 0D 33 0D 33 0D 31 0D 2B 
BAT RX 0x315 [8] 0D 38 0D 38 0D 37 0D 37 
BAT RX 0x314 [8] 5B 54 5B 54 00 14 05 44 
BAT RX 0x313 [8] 15 18 00 00 00 FE 64 63 
BAT RX 0x312 [8] 00 00 00 00 02 02 00 00 
BAT RX 0x311 [8] 02 38 00 00 08 24 01 21 
[keepalive] twai_transmit() -> ESP_OK
[427s] OK V=54.00V I=+0.0A T=25.4C SOC=100% SOH=99% | CVL=56.8V CCL=0.0A DCL=208.4A | chg=0 dis=1 fc1=0 fc2=0 | prot=0000 warn=0000 | packs=2 | inv0x305=no
BAT RX 0x330 [8] 02 0D 02 01 0D 3E 0D 2A 
BAT RX 0x329 [8] 02 00 1A 25 02 00 40 D1 
BAT RX 0x323 [8] 20 0E 10 00 00 00 00 00 
BAT RX 0x324 [8] 01 39 35 32 32 30 36 32 
BAT RX 0x322 [8] 01 14 00 E8 03 01 64 64 
BAT RX 0x320 [8] 50 41 C3 85 85 00 00 00 
BAT RX 0x319 [8] 40 0D 3E 0D 2A 1D 11 00 
BAT RX 0x318 [8] 0D 2C 0D 2A 0D 2A 0D 2A 
BAT RX 0x317 [8] 0D 3E 0D 3D 0D 3B 0D 3B 
BAT RX 0x316 [8] 0D 32 0D 32 0D 32 0D 2C 
BAT RX 0x315 [8] 0D 38 0D 38 0D 37 0D 37 
BAT RX 0x314 [8] 5B 54 5B 54 00 14 05 44 
BAT RX 0x313 [8] 15 18 00 03 00 FE 64 63 
BAT RX 0x312 [8] 00 00 00 00 02 02 00 00 
BAT RX 0x311 [8] 02 38 00 00 08 24 01 21 
[keepalive] twai_transmit() -> ESP_OK
BAT RX 0x330 [8] 02 0D 02 01 0D 3E 0D 2A 
BAT RX 0x329 [8] 01 00 22 9C 01 00 40 35 
BAT RX 0x323 [8] 20 0E 10 00 00 00 00 00 
BAT RX 0x324 [8] 02 43 30 37 00 00 00 00 
BAT RX 0x322 [8] 01 14 00 E8 03 01 64 64 
BAT RX 0x320 [8] 50 41 C3 85 85 00 00 00 
BAT RX 0x319 [8] 40 0D 3E 0D 2A 1D 11 00 
BAT RX 0x318 [8] 0D 2C 0D 2B 0D 2A 0D 2A 
BAT RX 0x317 [8] 0D 3E 0D 3C 0D 3B 0D 3B 
BAT RX 0x316 [8] 0D 33 0D 33 0D 32 0D 2B 
BAT RX 0x315 [8] 0D 38 0D 38 0D 37 0D 37 
BAT RX 0x314 [8] 5B 54 5B 54 00 14 05 44 
BAT RX 0x313 [8] 15 18 00 00 00 FE 64 63 
BAT RX 0x312 [8] 00 00 00 00 02 02 00 00 
BAT RX 0x311 [8] 02 38 00 00 08 24 01 21 
[keepalive] twai_transmit() -> ESP_OK
[429s] OK V=54.00V I=+0.0A T=25.4C SOC=100% SOH=99% | CVL=56.8V CCL=0.0A DCL=208.4A | chg=0 dis=1 fc1=0 fc2=0 | prot=0000 warn=0000 | packs=2 | inv0x305=no
BAT RX 0x330 [8] 02 0D 02 01 0D 3E 0D 2A 
BAT RX 0x329 [8] 02 00 1A 25 02 00 40 D1 
BAT RX 0x323 [8] 20 0E 10 00 00 00 00 00 
BAT RX 0x324 [8] 00 02 47 50 4A 30 32 31 
BAT RX 0x322 [8] 01 14 00 E8 03 01 64 64 
BAT RX 0x320 [8] 50 41 C3 85 85 00 00 00 
BAT RX 0x319 [8] 40 0D 3E 0D 2A 1D 11 00 
BAT RX 0x318 [8] 0D 2C 0D 2B 0D 2A 0D 2A 
BAT RX 0x317 [8] 0D 3E 0D 3D 0D 3B 0D 3B 
BAT RX 0x316 [8] 0D 32 0D 32 0D 32 0D 2B 
BAT RX 0x315 [8] 0D 38 0D 37 0D 37 0D 37 
BAT RX 0x314 [8] 5B 54 5B 54 00 14 05 44 
BAT RX 0x313 [8] 15 18 00 03 00 FE 64 63 
BAT RX 0x312 [8] 00 00 00 00 02 02 00 00 
BAT RX 0x311 [8] 02 38 00 00 08 24 01 21 
[keepalive] twai_transmit() -> ESP_OK
BAT RX 0x330 [8] 02 0D 02 01 0D 3E 0D 29 
BAT RX 0x329 [8] 01 00 22 9C 01 00 40 35 
BAT RX 0x323 [8] 20 0E 10 00 00 00 00 00 
BAT RX 0x324 [8] 01 39 35 32 32 30 36 32 
BAT RX 0x322 [8] 01 14 00 E8 03 01 64 64 
BAT RX 0x320 [8] 50 41 C3 85 85 00 00 00 
BAT RX 0x319 [8] 40 0D 3E 0D 29 1D 11 00 
BAT RX 0x318 [8] 0D 2C 0D 2B 0D 2A 0D 29 
BAT RX 0x317 [8] 0D 3E 0D 3C 0D 3B 0D 3B 
BAT RX 0x316 [8] 0D 32 0D 32 0D 32 0D 2B 
BAT RX 0x315 [8] 0D 38 0D 38 0D 37 0D 37 
BAT RX 0x314 [8] 5B 54 5B 54 00 15 05 44 
BAT RX 0x313 [8] 15 18 00 03 00 FE 64 63 
BAT RX 0x312 [8] 00 00 00 00 02 02 00 00 
BAT RX 0x311 [8] 02 38 00 00 08 24 01 21 
[keepalive] twai_transmit() -> ESP_OK
[431s] OK V=54.00V I=+0.3A T=25.4C SOC=100% SOH=99% | CVL=56.8V CCL=0.0A DCL=208.4A | chg=0 dis=1 fc1=0 fc2=0 | prot=0000 warn=0000 | packs=2 | inv0x305=no
BAT RX 0x330 [8] 02 0D 02 01 0D 3E 0D 2A 
BAT RX 0x329 [8] 02 00 1A 25 02 00 40 D1 
BAT RX 0x323 [8] 20 0E 10 00 00 00 00 00 
BAT RX 0x324 [8] 02 42 42 37 00 00 00 00 
BAT RX 0x322 [8] 01 14 00 E8 03 01 64 64 
BAT RX 0x320 [8] 50 41 C3 85 85 00 00 00 
BAT RX 0x319 [8] 40 0D 3E 0D 2A 1D 11 00 
BAT RX 0x318 [8] 0D 2B 0D 2B 0D 2A 0D 2A 
BAT RX 0x317 [8] 0D 3E 0D 3C 0D 3B 0D 3B 
BAT RX 0x316 [8] 0D 33 0D 32 0D 32 0D 2B 
BAT RX 0x315 [8] 0D 38 0D 38 0D 37 0D 37 
BAT RX 0x314 [8] 5B 54 5B 54 00 14 05 44 
BAT RX 0x313 [8] 15 18 00 03 00 FE 64 63 
BAT RX 0x312 [8] 00 00 00 00 02 02 00 00 
BAT RX 0x311 [8] 02 38 00 00 08 24 01 21 
[keepalive] twai_transmit() -> ESP_OK
BAT RX 0x330 [8] 02 0D 02 01 0D 3E 0D 2A 
BAT RX 0x329 [8] 01 00 22 9C 01 00 40 35 
BAT RX 0x323 [8] 20 0E 10 00 00 00 00 00 
BAT RX 0x324 [8] 00 01 47 50 4A 30 32 31 
BAT RX 0x322 [8] 01 14 00 E8 03 01 64 64 
BAT RX 0x320 [8] 50 41 C3 85 85 00 00 00 
BAT RX 0x319 [8] 40 0D 3E 0D 2A 1D 11 00 
BAT RX 0x318 [8] 0D 2C 0D 2A 0D 2A 0D 2A 
BAT RX 0x317 [8] 0D 3E 0D 3C 0D 3B 0D 3B 
BAT RX 0x316 [8] 0D 32 0D 32 0D 32 0D 2B 
BAT RX 0x315 [8] 0D 38 0D 37 0D 37 0D 37 
BAT RX 0x314 [8] 5B 54 5B 54 00 14 05 44 
BAT RX 0x313 [8] 15 18 00 00 00 FE 64 63 
BAT RX 0x312 [8] 00 00 00 00 02 02 00 00 
BAT RX 0x311 [8] 02 38 00 00 08 24 01 21 
[keepalive] twai_transmit() -> ESP_OK
[433s] OK V=54.00V I=+0.0A T=25.4C SOC=100% SOH=99% | CVL=56.8V CCL=0.0A DCL=208.4A | chg=0 dis=1 fc1=0 fc2=0 | prot=0000 warn=0000 | packs=2 | inv0x305=no
BAT RX 0x330 [8] 02 0D 02 01 0D 3E 0D 29 
BAT RX 0x329 [8] 02 00 1A 25 02 00 40 D1 
BAT RX 0x323 [8] 20 0E 10 00 00 00 00 00 
BAT RX 0x324 [8] 01 39 35 32 32 30 36 32 
BAT RX 0x322 [8] 01 14 00 E8 03 01 64 64 
BAT RX 0x320 [8] 50 41 C3 85 85 00 00 00 
BAT RX 0x319 [8] 40 0D 3E 0D 29 1D 11 00 
BAT RX 0x318 [8] 0D 2B 0D 2A 0D 2A 0D 29 
BAT RX 0x317 [8] 0D 3E 0D 3C 0D 3C 0D 3B 
BAT RX 0x316 [8] 0D 33 0D 32 0D 32 0D 2B 
BAT RX 0x315 [8] 0D 38 0D 38 0D 37 0D 37 
BAT RX 0x314 [8] 5B 54 5B 54 00 15 05 44 
BAT RX 0x313 [8] 15 18 00 00 00 FE 64 63 
BAT RX 0x312 [8] 00 00 00 00 02 02 00 00 
BAT RX 0x311 [8] 02 38 00 00 08 24 01 21 
[keepalive] twai_transmit() -> ESP_OK
BAT RX 0x330 [8] 02 0D 02 01 0D 3E 0D 2A 
BAT RX 0x329 [8] 01 00 22 9C 01 00 40 35 
BAT RX 0x323 [8] 20 0E 10 00 00 00 00 00 
BAT RX 0x324 [8] 02 43 30 37 00 00 00 00 
BAT RX 0x322 [8] 01 14 00 E8 03 01 64 64 
BAT RX 0x320 [8] 50 41 C3 85 85 00 00 00 
BAT RX 0x319 [8] 40 0D 3E 0D 2A 1D 11 00 
BAT RX 0x318 [8] 0D 2C 0D 2A 0D 2A 0D 2A 

---- battery-bus rate stats (VERBOSE_STATS) ----------------------------
  5779 frames, 435 s elapsed
  ID     count   period(ms)  (min-max gap)
  0x312     385    996 (7-1000)
  0x313     385    996 (3-1000)
  0x314     385    996 (4-1000)
  0x315     385    996 (4-1000)
  0x316     385    996 (3-1000)
  0x317     385    996 (3-1000)
  0x318     386    996 (4-1000)
  0x319     386    996 (4-1000)
  0x320     386    996 (4-1000)
  0x322     386    996 (4-1000)
  0x311     385    996 (4-1000)
  0x323     385    998 (767-1000)
  0x324     385    998 (768-1000)
  0x329     385    998 (757-1000)
  0x330     385    998 (746-1000)
--------------------------------------------------------------------------

  TWAI: state=RUNNING  tx_err=0 rx_err=0  tx_failed=0  rx_missed=0 rx_overrun=0  arb_lost=0  bus_err=190881
BAT RX 0x317 [8] 0D 3E 0D 3C 0D 3B 0D 3B 
BAT RX 0x316 [8] 0D 33 0D 32 0D 32 0D 2B 
BAT RX 0x315 [8] 0D 37 0D 37 0D 37 0D 37 
BAT RX 0x314 [8] 5B 54 5B 54 00 14 05 44 
BAT RX 0x313 [8] 15 18 00 03 00 FE 64 63 
BAT RX 0x312 [8] 00 00 00 00 02 02 00 00 
BAT RX 0x311 [8] 02 38 00 00 08 24 01 21 
[keepalive] twai_transmit() -> ESP_OK
[435s] OK V=54.00V I=+0.3A T=25.4C SOC=100% SOH=99% | CVL=56.8V CCL=0.0A DCL=208.4A | chg=0 dis=1 fc1=0 fc2=0 | prot=0000 warn=0000 | packs=2 | inv0x305=no
BAT RX 0x330 [8] 02 0D 02 01 0D 3F 0D 29 
BAT RX 0x329 [8] 02 00 1A 25 02 00 40 D1 
BAT RX 0x323 [8] 20 0E 10 00 00 00 00 00 
BAT RX 0x324 [8] 00 02 47 50 4A 30 32 31 
BAT RX 0x322 [8] 01 14 00 E8 03 01 64 64 
BAT RX 0x320 [8] 50 41 C3 85 85 00 00 00 
BAT RX 0x319 [8] 40 0D 3F 0D 29 1D 11 00 
BAT RX 0x318 [8] 0D 2C 0D 2A 0D 2A 0D 29 
BAT RX 0x317 [8] 0D 3F 0D 3C 0D 3B 0D 3B 
BAT RX 0x316 [8] 0D 32 0D 32 0D 32 0D 2B 
BAT RX 0x315 [8] 0D 38 0D 38 0D 37 0D 37 
BAT RX 0x314 [8] 5B 54 5B 54 00 16 05 44 
BAT RX 0x313 [8] 15 18 00 03 00 FE 64 63 
BAT RX 0x312 [8] 00 00 00 00 02 02 00 00 
BAT RX 0x311 [8] 02 38 00 00 08 24 01 21 
[keepalive] twai_transmit() -> ESP_OK
BAT RX 0x330 [8] 02 0D 02 01 0D 3E 0D 2A 
BAT RX 0x329 [8] 01 00 22 9C 01 00 40 35 
BAT RX 0x323 [8] 20 0E 10 00 00 00 00 00 
BAT RX 0x324 [8] 01 39 35 32 32 30 36 32 
BAT RX 0x322 [8] 01 14 00 E8 03 01 64 64 
BAT RX 0x320 [8] 50 41 C3 85 85 00 00 00 
BAT RX 0x319 [8] 40 0D 3E 0D 2A 1D 11 00 
BAT RX 0x318 [8] 0D 2C 0D 2A 0D 2A 0D 2A 
BAT RX 0x317 [8] 0D 3E 0D 3C 0D 3B 0D 3A 
BAT RX 0x316 [8] 0D 33 0D 33 0D 31 0D 2A 
BAT RX 0x315 [8] 0D 37 0D 37 0D 37 0D 37 
BAT RX 0x314 [8] 5B 54 5B 54 00 14 05 44 
BAT RX 0x313 [8] 15 18 00 03 00 FE 64 63 
BAT RX 0x312 [8] 00 00 00 00 02 02 00 00 
BAT RX 0x311 [8] 02 38 00 00 08 24 01 21 
[keepalive] twai_transmit() -> ESP_OK
[437s] OK V=54.00V I=+0.3A T=25.4C SOC=100% SOH=99% | CVL=56.8V CCL=0.0A DCL=208.4A | chg=0 dis=1 fc1=0 fc2=0 | prot=0000 warn=0000 | packs=2 | inv0x305=no
BAT RX 0x330 [8] 02 0D 02 01 0D 3F 0D 29 
BAT RX 0x329 [8] 02 00 1A 25 02 00 40 D1 
BAT RX 0x323 [8] 20 0E 10 00 00 00 00 00 
BAT RX 0x324 [8] 02 42 42 37 00 00 00 00 
BAT RX 0x322 [8] 01 14 00 E8 03 01 64 64 
BAT RX 0x320 [8] 50 41 C3 85 85 00 00 00 
BAT RX 0x319 [8] 40 0D 3F 0D 29 1D 11 00 
BAT RX 0x318 [8] 0D 2B 0D 2A 0D 2A 0D 29 
BAT RX 0x317 [8] 0D 3F 0D 3C 0D 3B 0D 3B 
BAT RX 0x316 [8] 0D 32 0D 32 0D 32 0D 2B 
BAT RX 0x315 [8] 0D 38 0D 37 0D 37 0D 37 
BAT RX 0x314 [8] 5B 54 5B 54 00 16 05 44 
BAT RX 0x313 [8] 15 18 00 03 00 FE 64 63 
BAT RX 0x312 [8] 00 00 00 00 02 02 00 00 
BAT RX 0x311 [8] 02 38 00 00 08 24 01 21 
[keepalive] twai_transmit() -> ESP_OK
BAT RX 0x330 [8] 02 0D 02 01 0D 3E 0D 29 
BAT RX 0x329 [8] 01 00 22 9C 01 00 40 35 
BAT RX 0x323 [8] 20 0E 10 00 00 00 00 00 
BAT RX 0x324 [8] 00 01 47 50 4A 30 32 31 
BAT RX 0x322 [8] 01 14 00 E8 03 01 64 64 
BAT RX 0x320 [8] 50 41 C3 85 85 00 00 00 
BAT RX 0x319 [8] 40 0D 3E 0D 29 1D 11 00 
BAT RX 0x318 [8] 0D 2B 0D 2A 0D 29 0D 29 
BAT RX 0x317 [8] 0D 3E 0D 3C 0D 3B 0D 3B 
BAT RX 0x316 [8] 0D 32 0D 32 0D 31 0D 2B 
BAT RX 0x315 [8] 0D 38 0D 37 0D 37 0D 37 
BAT RX 0x314 [8] 5B 54 5B 54 00 15 05 44 
BAT RX 0x313 [8] 15 18 00 03 00 FE 64 63 
BAT RX 0x312 [8] 00 00 00 00 02 02 00 00 
BAT RX 0x311 [8] 02 38 00 00 08 24 01 21 
[keepalive] twai_transmit() -> ESP_OK
[439s] OK V=54.00V I=+0.3A T=25.4C SOC=100% SOH=99% | CVL=56.8V CCL=0.0A DCL=208.4A | chg=0 dis=1 fc1=0 fc2=0 | prot=0000 warn=0000 | packs=2 | inv0x305=no
BAT RX 0x330 [8] 02 0D 02 01 0D 3E 0D 29 
BAT RX 0x329 [8] 02 00 1A 25 02 00 40 D1 
BAT RX 0x323 [8] 20 0E 10 00 00 00 00 00 
BAT RX 0x324 [8] 01 39 35 32 32 30 36 32 
BAT RX 0x322 [8] 01 14 00 E8 03 01 64 64 
BAT RX 0x320 [8] 50 41 C3 85 85 00 00 00 
BAT RX 0x319 [8] 40 0D 3E 0D 29 1D 11 00 
BAT RX 0x318 [8] 0D 2B 0D 2A 0D 2A 0D 29 
BAT RX 0x317 [8] 0D 3E 0D 3C 0D 3B 0D 3A 
BAT RX 0x316 [8] 0D 32 0D 32 0D 32 0D 2B 
BAT RX 0x315 [8] 0D 37 0D 37 0D 37 0D 37 
BAT RX 0x314 [8] 5B 54 5B 54 00 15 05 44 
BAT RX 0x313 [8] 15 18 00 03 00 FE 64 63 
BAT RX 0x312 [8] 00 00 00 00 02 02 00 00 
BAT RX 0x311 [8] 02 38 00 00 08 24 01 21 
[keepalive] twai_transmit() -> ESP_OK
BAT RX 0x330 [8] 02 0D 02 01 0D 3E 0D 29 
BAT RX 0x329 [8] 01 00 22 9C 01 00 40 35 
BAT RX 0x323 [8] 20 0E 10 00 00 00 00 00 
BAT RX 0x324 [8] 02 43 30 37 00 00 00 00 
BAT RX 0x322 [8] 01 14 00 E8 03 01 64 64 
BAT RX 0x320 [8] 50 41 C3 85 85 00 00 00 
BAT RX 0x319 [8] 40 0D 3E 0D 29 1D 11 00 
BAT RX 0x318 [8] 0D 2B 0D 2A 0D 2A 0D 29 
BAT RX 0x317 [8] 0D 3E 0D 3C 0D 3B 0D 3B 
BAT RX 0x316 [8] 0D 32 0D 32 0D 32 0D 2B 
BAT RX 0x315 [8] 0D 37 0D 37 0D 37 0D 37 
BAT RX 0x314 [8] 5B 54 5B 54 00 15 05 44 
BAT RX 0x313 [8] 15 18 00 03 00 FE 64 63 
BAT RX 0x312 [8] 00 00 00 00 02 02 00 00 
BAT RX 0x311 [8] 02 38 00 00 08 24 01 21 
[keepalive] twai_transmit() -> ESP_OK
[441s] OK V=54.00V I=+0.3A T=25.4C SOC=100% SOH=99% | CVL=56.8V CCL=0.0A DCL=208.4A | chg=0 dis=1 fc1=0 fc2=0 | prot=0000 warn=0000 | packs=2 | inv0x305=no
BAT RX 0x330 [8] 02 0D 02 01 0D 3E 0D 29 
BAT RX 0x329 [8] 02 00 1A 25 02 00 40 D1 
BAT RX 0x323 [8] 20 0E 10 00 00 00 00 00 
BAT RX 0x324 [8] 00 02 47 50 4A 30 32 31 
BAT RX 0x322 [8] 01 14 00 E8 03 01 64 64 
BAT RX 0x320 [8] 50 41 C3 85 85 00 00 00 
BAT RX 0x319 [8] 40 0D 3E 0D 29 1D 11 00 
BAT RX 0x318 [8] 0D 2B 0D 2A 0D 2A 0D 29 
BAT RX 0x317 [8] 0D 3E 0D 3C 0D 3B 0D 3B 
BAT RX 0x316 [8] 0D 32 0D 32 0D 31 0D 2B 
BAT RX 0x315 [8] 0D 38 0D 38 0D 37 0D 37 
BAT RX 0x314 [8] 5B 54 5B 54 00 15 05 44 
BAT RX 0x313 [8] 15 18 00 03 00 FE 64 63 
BAT RX 0x312 [8] 00 00 00 00 02 02 00 00 
BAT RX 0x311 [8] 02 38 00 00 08 24 01 21 
[keepalive] twai_transmit() -> ESP_OK
BAT RX 0x330 [8] 02 0D 02 0F 0D 3E 0D 29 
BAT RX 0x329 [8] 01 00 22 9C 01 00 40 35 
BAT RX 0x323 [8] 20 0E 10 00 00 00 00 00 
BAT RX 0x324 [8] 01 39 35 32 32 30 36 32 
BAT RX 0x322 [8] 01 14 00 E8 03 01 64 64 
BAT RX 0x320 [8] 50 41 C3 85 85 00 00 00 
BAT RX 0x319 [8] 40 0D 3E 0D 29 1D 1F 00 
BAT RX 0x318 [8] 0D 2B 0D 2A 0D 2A 0D 29 
BAT RX 0x317 [8] 0D 3E 0D 3C 0D 3B 0D 3B 
BAT RX 0x316 [8] 0D 33 0D 32 0D 31 0D 2B 
BAT RX 0x315 [8] 0D 37 0D 37 0D 37 0D 36 
BAT RX 0x314 [8] 5B 54 5B 54 00 15 05 44 
BAT RX 0x313 [8] 15 18 00 03 00 FE 64 63 
BAT RX 0x312 [8] 00 00 00 00 02 02 00 00 
BAT RX 0x311 [8] 02 38 00 00 08 24 01 21 
[keepalive] twai_transmit() -> ESP_OK
[443s] OK V=54.00V I=+0.3A T=25.4C SOC=100% SOH=99% | CVL=56.8V CCL=0.0A DCL=208.4A | chg=0 dis=1 fc1=0 fc2=0 | prot=0000 warn=0000 | packs=2 | inv0x305=no
BAT RX 0x330 [8] 02 0D 02 01 0D 3E 0D 29 
BAT RX 0x329 [8] 02 00 1A 25 02 00 40 D1 
BAT RX 0x323 [8] 20 0E 10 00 00 00 00 00 
BAT RX 0x324 [8] 02 42 42 37 00 00 00 00 
BAT RX 0x322 [8] 01 14 00 E8 03 01 64 64 
BAT RX 0x320 [8] 50 41 C3 85 85 00 00 00 
BAT RX 0x319 [8] 40 0D 3E 0D 29 1D 11 00 
BAT RX 0x318 [8] 0D 2B 0D 2A 0D 2A 0D 29 
BAT RX 0x317 [8] 0D 3E 0D 3C 0D 3B 0D 3A 
BAT RX 0x316 [8] 0D 33 0D 32 0D 31 0D 2B 
BAT RX 0x315 [8] 0D 37 0D 37 0D 37 0D 37 
BAT RX 0x314 [8] 5B 54 5B 54 00 15 05 44 
BAT RX 0x313 [8] 15 18 00 03 00 FE 64 63 
BAT RX 0x312 [8] 00 00 00 00 02 02 00 00 
BAT RX 0x311 [8] 02 38 00 00 08 24 01 21 
[keepalive] twai_transmit() -> ESP_OK
BAT RX 0x330 [8] 02 0D 02 01 0D 3E 0D 29 
BAT RX 0x329 [8] 01 00 22 9C 01 00 40 35 
BAT RX 0x323 [8] 20 0E 10 00 00 00 00 00 
BAT RX 0x324 [8] 00 01 47 50 4A 30 32 31 
BAT RX 0x322 [8] 01 14 00 E8 03 01 64 64 
BAT RX 0x320 [8] 50 41 C3 85 85 00 00 00 
BAT RX 0x319 [8] 40 0D 3E 0D 29 1D 11 00 
BAT RX 0x318 [8] 0D 2B 0D 2A 0D 29 0D 29 
BAT RX 0x317 [8] 0D 3E 0D 3C 0D 3B 0D 3B 
BAT RX 0x316 [8] 0D 32 0D 32 0D 32 0D 2B 
BAT RX 0x315 [8] 0D 37 0D 37 0D 37 0D 37 
BAT RX 0x314 [8] 5B 54 5B 54 00 15 05 44 
BAT RX 0x313 [8] 15 18 00 00 00 FE 64 63 
BAT RX 0x312 [8] 00 00 00 00 02 02 00 00 
BAT RX 0x311 [8] 02 38 00 00 08 24 01 21 
[keepalive] twai_transmit() -> ESP_OK
[445s] OK V=54.00V I=+0.0A T=25.4C SOC=100% SOH=99% | CVL=56.8V CCL=0.0A DCL=208.4A | chg=0 dis=1 fc1=0 fc2=0 | prot=0000 warn=0000 | packs=2 | inv0x305=no
BAT RX 0x330 [8] 02 0D 02 01 0D 3E 0D 29 
BAT RX 0x329 [8] 02 00 1A 25 02 00 40 D1 
BAT RX 0x323 [8] 20 0E 10 00 00 00 00 00 
BAT RX 0x324 [8] 01 39 35 32 32 30 36 32 
BAT RX 0x322 [8] 01 14 00 E8 03 01 64 64 
BAT RX 0x320 [8] 50 41 C3 85 85 00 00 00 
BAT RX 0x319 [8] 40 0D 3E 0D 29 1D 11 00 
BAT RX 0x318 [8] 0D 2C 0D 2A 0D 2A 0D 29 
BAT RX 0x317 [8] 0D 3E 0D 3C 0D 3B 0D 3A 
BAT RX 0x316 [8] 0D 32 0D 32 0D 32 0D 2B 
BAT RX 0x315 [8] 0D 37 0D 37 0D 37 0D 37 
BAT RX 0x314 [8] 5B 54 5B 54 00 15 05 44 
BAT RX 0x313 [8] 15 18 00 00 00 FE 64 63 
BAT RX 0x312 [8] 00 00 00 00 02 02 00 00 
BAT RX 0x311 [8] 02 38 00 00 08 24 01 21 
[keepalive] twai_transmit() -> ESP_OK
BAT RX 0x330 [8] 02 0D 02 01 0D 3E 0D 29 
BAT RX 0x329 [8] 01 00 22 9C 01 00 40 35 
BAT RX 0x323 [8] 20 0E 10 00 00 00 00 00 
BAT RX 0x324 [8] 02 43 30 37 00 00 00 00 
BAT RX 0x322 [8] 01 14 00 E8 03 01 64 64 
BAT RX 0x320 [8] 50 41 C3 85 85 00 00 00 
BAT RX 0x319 [8] 40 0D 3E 0D 29 1D 11 00 
BAT RX 0x318 [8] 0D 2B 0D 2A 0D 2A 0D 29 
BAT RX 0x317 [8] 0D 3E 0D 3C 0D 3B 0D 3A 
BAT RX 0x316 [8] 0D 32 0D 32 0D 32 0D 2B 
BAT RX 0x315 [8] 0D 37 0D 37 0D 37 0D 37 
BAT RX 0x314 [8] 5B 54 5B 54 00 15 05 44 
BAT RX 0x313 [8] 15 18 00 00 00 FE 64 63 
BAT RX 0x312 [8] 00 00 00 00 02 02 00 00 
BAT RX 0x311 [8] 02 38 00 00 08 24 01 21 
[keepalive] twai_transmit() -> ESP_OK
[447s] OK V=54.00V I=+0.0A T=25.4C SOC=100% SOH=99% | CVL=56.8V CCL=0.0A DCL=208.4A | chg=0 dis=1 fc1=0 fc2=0 | prot=0000 warn=0000 | packs=2 | inv0x305=no
BAT RX 0x330 [8] 02 0D 02 01 0D 3E 0D 29 
BAT RX 0x329 [8] 02 00 1A 25 02 00 40 D1 
BAT RX 0x323 [8] 20 0E 10 00 00 00 00 00 
BAT RX 0x324 [8] 00 02 47 50 4A 30 32 31 
BAT RX 0x322 [8] 01 14 00 E8 03 01 64 64 
BAT RX 0x320 [8] 50 41 C3 85 85 00 00 00 
BAT RX 0x319 [8] 40 0D 3E 0D 29 1D 11 00 
BAT RX 0x318 [8] 0D 2B 0D 2A 0D 29 0D 29 
BAT RX 0x317 [8] 0D 3E 0D 3C 0D 3B 0D 3A 
BAT RX 0x316 [8] 0D 32 0D 31 0D 31 0D 2B 
BAT RX 0x315 [8] 0D 37 0D 37 0D 37 0D 37 
BAT RX 0x314 [8] 5B 54 5B 54 00 15 05 44 
BAT RX 0x313 [8] 15 18 00 03 00 FE 64 63 
BAT RX 0x312 [8] 00 00 00 00 02 02 00 00 
BAT RX 0x311 [8] 02 38 00 00 08 24 01 21 
[keepalive] twai_transmit() -> ESP_OK
BAT RX 0x330 [8] 02 0D 02 01 0D 3D 0D 29 
BAT RX 0x329 [8] 01 00 22 9C 01 00 40 35 
BAT RX 0x323 [8] 20 0E 10 00 00 00 00 00 
BAT RX 0x324 [8] 01 39 35 32 32 30 36 32 
BAT RX 0x322 [8] 01 14 00 E8 03 01 64 64 
BAT RX 0x320 [8] 50 41 C3 85 85 00 00 00 
BAT RX 0x319 [8] 40 0D 3D 0D 29 1D 11 00 
BAT RX 0x318 [8] 0D 2C 0D 2A 0D 2A 0D 29 
BAT RX 0x317 [8] 0D 3D 0D 3C 0D 3B 0D 3A 
BAT RX 0x316 [8] 0D 32 0D 32 0D 31 0D 2B 
BAT RX 0x315 [8] 0D 37 0D 37 0D 37 0D 37 
BAT RX 0x314 [8] 5B 54 5B 54 00 14 05 44 
BAT RX 0x313 [8] 15 18 00 03 00 FE 64 63 
BAT RX 0x312 [8] 00 00 00 00 02 02 00 00 
BAT RX 0x311 [8] 02 38 00 00 08 24 01 21 
[keepalive] twai_transmit() -> ESP_OK
[449s] OK V=54.00V I=+0.3A T=25.4C SOC=100% SOH=99% | CVL=56.8V CCL=0.0A DCL=208.4A | chg=0 dis=1 fc1=0 fc2=0 | prot=0000 warn=0000 | packs=2 | inv0x305=no
BAT RX 0x330 [8] 02 0D 02 01 0D 3E 0D 29 
BAT RX 0x329 [8] 02 00 1A 25 02 00 40 D1 
BAT RX 0x323 [8] 20 0E 10 00 00 00 00 00 
BAT RX 0x324 [8] 02 42 42 37 00 00 00 00 
BAT RX 0x322 [8] 01 14 00 E8 03 01 64 64 
BAT RX 0x320 [8] 50 41 C3 85 85 00 00 00 
BAT RX 0x319 [8] 40 0D 3E 0D 29 1D 11 00 
BAT RX 0x318 [8] 0D 2B 0D 2A 0D 2A 0D 29 
BAT RX 0x317 [8] 0D 3E 0D 3C 0D 3B 0D 3A 

---- battery-bus rate stats (VERBOSE_STATS) ----------------------------
  6005 frames, 450 s elapsed
  ID     count   period(ms)  (min-max gap)
  0x312     400    996 (7-1000)
  0x313     400    996 (3-1000)
  0x314     400    996 (4-1000)
  0x315     400    996 (4-1000)
  0x316     400    996 (3-1000)
  0x317     401    996 (3-1000)
  0x318     401    996 (4-1000)
  0x319     401    996 (4-1000)
  0x320     401    996 (4-1000)
  0x322     401    996 (4-1000)
  0x311     400    996 (4-1000)
  0x323     400    998 (767-1000)
  0x324     400    998 (768-1000)
  0x329     400    998 (757-1000)
  0x330     400    998 (746-1000)
--------------------------------------------------------------------------

  TWAI: state=RUNNING  tx_err=0 rx_err=0  tx_failed=0  rx_missed=0 rx_overrun=0  arb_lost=0  bus_err=190881
BAT RX 0x316 [8] 0D 32 0D 32 0D 32 0D 2B 
BAT RX 0x315 [8] 0D 37 0D 37 0D 37 0D 37 
BAT RX 0x314 [8] 5B 54 5B 54 00 15 05 44 
BAT RX 0x313 [8] 15 18 00 03 00 FE 64 63 
BAT RX 0x312 [8] 00 00 00 00 02 02 00 00 
BAT RX 0x311 [8] 02 38 00 00 08 24 01 21 
[keepalive] twai_transmit() -> ESP_OK
BAT RX 0x330 [8] 02 0D 02 01 0D 3E 0D 29 
BAT RX 0x329 [8] 01 00 22 9C 01 00 40 35 
BAT RX 0x323 [8] 20 0E 10 00 00 00 00 00 
BAT RX 0x324 [8] 00 01 47 50 4A 30 32 31 
BAT RX 0x322 [8] 01 14 00 E8 03 01 64 64 
BAT RX 0x320 [8] 50 41 C3 85 85 00 00 00 
BAT RX 0x319 [8] 40 0D 3E 0D 29 1D 11 00 
BAT RX 0x318 [8] 0D 2B 0D 2A 0D 29 0D 29 
BAT RX 0x317 [8] 0D 3E 0D 3C 0D 3B 0D 3A 
BAT RX 0x316 [8] 0D 32 0D 32 0D 31 0D 2B 
BAT RX 0x315 [8] 0D 37 0D 37 0D 37 0D 37 
BAT RX 0x314 [8] 5B 54 5B 54 00 15 05 44 
BAT RX 0x313 [8] 15 18 00 03 00 FE 64 63 
BAT RX 0x312 [8] 00 00 00 00 02 02 00 00 
BAT RX 0x311 [8] 02 38 00 00 08 24 01 21 
[keepalive] twai_transmit() -> ESP_OK
[451s] OK V=54.00V I=+0.3A T=25.4C SOC=100% SOH=99% | CVL=56.8V CCL=0.0A DCL=208.4A | chg=0 dis=1 fc1=0 fc2=0 | prot=0000 warn=0000 | packs=2 | inv0x305=no
BAT RX 0x330 [8] 02 0D 02 01 0D 3E 0D 29 
BAT RX 0x329 [8] 02 00 1A 25 02 00 40 D1 
BAT RX 0x323 [8] 20 0E 10 00 00 00 00 00 
BAT RX 0x324 [8] 01 39 35 32 32 30 36 32 
BAT RX 0x322 [8] 01 14 00 E8 03 01 64 64 
BAT RX 0x320 [8] 50 41 C3 85 85 00 00 00 
BAT RX 0x319 [8] 40 0D 3E 0D 29 1D 11 00 
BAT RX 0x318 [8] 0D 2B 0D 2A 0D 29 0D 29 
BAT RX 0x317 [8] 0D 3E 0D 3C 0D 3B 0D 3A 
BAT RX 0x316 [8] 0D 32 0D 31 0D 31 0D 2B 
BAT RX 0x315 [8] 0D 38 0D 38 0D 37 0D 36 
BAT RX 0x314 [8] 5B 54 5B 54 00 15 05 44 
BAT RX 0x313 [8] 15 18 00 03 00 FE 64 63 
BAT RX 0x312 [8] 00 00 00 00 02 02 00 00 
BAT RX 0x311 [8] 02 38 00 00 08 24 01 21 
[keepalive] twai_transmit() -> ESP_OK
BAT RX 0x330 [8] 02 0D 02 01 0D 3E 0D 29 
BAT RX 0x329 [8] 01 00 22 9C 01 00 40 35 
BAT RX 0x323 [8] 20 0E 10 00 00 00 00 00 
BAT RX 0x324 [8] 02 43 30 37 00 00 00 00 
BAT RX 0x322 [8] 01 14 00 E8 03 01 64 64 
BAT RX 0x320 [8] 50 41 C3 85 85 00 00 00 
BAT RX 0x319 [8] 40 0D 3E 0D 29 1D 11 00 
BAT RX 0x318 [8] 0D 2B 0D 2A 0D 29 0D 29 
BAT RX 0x317 [8] 0D 3E 0D 3C 0D 3B 0D 3B 
BAT RX 0x316 [8] 0D 32 0D 31 0D 31 0D 2B 
BAT RX 0x315 [8] 0D 37 0D 37 0D 37 0D 37 
BAT RX 0x314 [8] 5B 54 5B 54 00 15 05 44 
BAT RX 0x313 [8] 15 18 00 03 00 FE 64 63 
BAT RX 0x312 [8] 00 00 00 00 02 02 00 00 
BAT RX 0x311 [8] 02 38 00 00 08 24 01 21 
[keepalive] twai_transmit() -> ESP_OK
[453s] OK V=54.00V I=+0.3A T=25.4C SOC=100% SOH=99% | CVL=56.8V CCL=0.0A DCL=208.4A | chg=0 dis=1 fc1=0 fc2=0 | prot=0000 warn=0000 | packs=2 | inv0x305=no
BAT RX 0x330 [8] 02 0D 02 01 0D 3D 0D 29 
BAT RX 0x329 [8] 02 00 1A 25 02 00 40 D1 
BAT RX 0x323 [8] 20 0E 10 00 00 00 00 00 
BAT RX 0x324 [8] 00 02 47 50 4A 30 32 31 
BAT RX 0x322 [8] 01 14 00 E8 03 01 64 64 
BAT RX 0x320 [8] 50 41 C3 85 85 00 00 00 
BAT RX 0x319 [8] 40 0D 3D 0D 29 1D 11 00 
BAT RX 0x318 [8] 0D 2B 0D 2A 0D 29 0D 29 
BAT RX 0x317 [8] 0D 3D 0D 3C 0D 3B 0D 3A 
BAT RX 0x316 [8] 0D 32 0D 32 0D 32 0D 2B 
BAT RX 0x315 [8] 0D 37 0D 37 0D 37 0D 36 
BAT RX 0x314 [8] 5B 54 5B 54 00 14 05 44 
BAT RX 0x313 [8] 15 18 00 03 00 FE 64 63 
BAT RX 0x312 [8] 00 00 00 00 02 02 00 00 
BAT RX 0x311 [8] 02 38 00 00 08 24 01 21 
[keepalive] twai_transmit() -> ESP_OK
BAT RX 0x330 [8] 02 0D 02 01 0D 3D 0D 29 
BAT RX 0x329 [8] 01 00 22 9C 01 00 40 35 
BAT RX 0x323 [8] 20 0E 10 00 00 00 00 00 
BAT RX 0x324 [8] 01 39 35 32 32 30 36 32 
BAT RX 0x322 [8] 01 14 00 E8 03 01 64 64 
BAT RX 0x320 [8] 50 41 C3 85 85 00 00 00 
BAT RX 0x319 [8] 40 0D 3D 0D 29 1D 11 00 
BAT RX 0x318 [8] 0D 2B 0D 2A 0D 29 0D 29 
BAT RX 0x317 [8] 0D 3D 0D 3C 0D 3A 0D 3A 
BAT RX 0x316 [8] 0D 32 0D 32 0D 31 0D 2B 
BAT RX 0x315 [8] 0D 37 0D 37 0D 37 0D 36 
BAT RX 0x314 [8] 5B 54 5B 54 00 14 05 44 
BAT RX 0x313 [8] 15 18 00 03 00 FE 64 63 
BAT RX 0x312 [8] 00 00 00 00 02 02 00 00 
BAT RX 0x311 [8] 02 38 00 00 08 24 01 21 
[keepalive] twai_transmit() -> ESP_OK
[455s] OK V=54.00V I=+0.3A T=25.4C SOC=100% SOH=99% | CVL=56.8V CCL=0.0A DCL=208.4A | chg=0 dis=1 fc1=0 fc2=0 | prot=0000 warn=0000 | packs=2 | inv0x305=no
BAT RX 0x330 [8] 02 0D 02 01 0D 3E 0D 29 
BAT RX 0x329 [8] 02 00 1A 25 02 00 40 D1 
BAT RX 0x323 [8] 20 0E 10 00 00 00 00 00 
BAT RX 0x324 [8] 02 42 42 37 00 00 00 00 
BAT RX 0x322 [8] 01 14 00 E8 03 01 64 64 
BAT RX 0x320 [8] 50 41 C3 85 85 00 00 00 
BAT RX 0x319 [8] 40 0D 3E 0D 29 1D 11 00 
BAT RX 0x318 [8] 0D 2B 0D 2A 0D 29 0D 29 
BAT RX 0x317 [8] 0D 3E 0D 3B 0D 3B 0D 3A 
BAT RX 0x316 [8] 0D 32 0D 32 0D 31 0D 2A 
BAT RX 0x315 [8] 0D 37 0D 37 0D 37 0D 37 
BAT RX 0x314 [8] 5B 54 5B 54 00 15 05 44 
BAT RX 0x313 [8] 15 18 00 03 00 FE 64 63 
BAT RX 0x312 [8] 00 00 00 00 02 02 00 00 
BAT RX 0x311 [8] 02 38 00 00 08 24 01 21 
[keepalive] twai_transmit() -> ESP_OK
BAT RX 0x330 [8] 02 0D 02 01 0D 3E 0D 29 
BAT RX 0x329 [8] 01 00 22 9C 01 00 40 35 
BAT RX 0x323 [8] 20 0E 10 00 00 00 00 00 
BAT RX 0x324 [8] 00 01 47 50 4A 30 32 31 
BAT RX 0x322 [8] 01 14 00 E8 03 01 64 64 
BAT RX 0x320 [8] 50 41 C3 85 85 00 00 00 
BAT RX 0x319 [8] 40 0D 3E 0D 29 1D 11 00 
BAT RX 0x318 [8] 0D 2B 0D 2A 0D 29 0D 29 
BAT RX 0x317 [8] 0D 3E 0D 3B 0D 3A 0D 3A 
BAT RX 0x316 [8] 0D 32 0D 32 0D 31 0D 2B 
BAT RX 0x315 [8] 0D 37 0D 37 0D 36 0D 36 
BAT RX 0x314 [8] 5B 54 5B 54 00 15 05 44 
BAT RX 0x313 [8] 15 18 00 00 00 FE 64 63 
BAT RX 0x312 [8] 00 00 00 00 02 02 00 00 
BAT RX 0x311 [8] 02 38 00 00 08 24 01 21 
[keepalive] twai_transmit() -> ESP_OK
[457s] OK V=54.00V I=+0.0A T=25.4C SOC=100% SOH=99% | CVL=56.8V CCL=0.0A DCL=208.4A | chg=0 dis=1 fc1=0 fc2=0 | prot=0000 warn=0000 | packs=2 | inv0x305=no
BAT RX 0x330 [8] 02 0D 02 01 0D 3E 0D 29 
BAT RX 0x329 [8] 02 00 1A 25 02 00 40 D1 
BAT RX 0x323 [8] 20 0E 10 00 00 00 00 00 
BAT RX 0x324 [8] 01 39 35 32 32 30 36 32 
BAT RX 0x322 [8] 01 14 00 E8 03 01 64 64 
BAT RX 0x320 [8] 50 41 C3 85 85 00 00 00 
BAT RX 0x319 [8] 40 0D 3E 0D 29 1D 11 00 
BAT RX 0x318 [8] 0D 2B 0D 2A 0D 2A 0D 29 
BAT RX 0x317 [8] 0D 3E 0D 3C 0D 3B 0D 3A 
BAT RX 0x316 [8] 0D 32 0D 32 0D 31 0D 2A 
BAT RX 0x315 [8] 0D 37 0D 37 0D 37 0D 36 
BAT RX 0x314 [8] 5B 54 5B 54 00 15 05 44 
BAT RX 0x313 [8] 15 18 00 03 00 FE 64 63 
BAT RX 0x312 [8] 00 00 00 00 02 02 00 00 
BAT RX 0x311 [8] 02 38 00 00 08 24 01 21 
[keepalive] twai_transmit() -> ESP_OK
BAT RX 0x330 [8] 02 0D 02 01 0D 3D 0D 29 
BAT RX 0x329 [8] 01 00 22 9C 01 00 40 35 
BAT RX 0x323 [8] 20 0E 10 00 00 00 00 00 
BAT RX 0x324 [8] 02 43 30 37 00 00 00 00 
BAT RX 0x322 [8] 01 14 00 E8 03 01 64 64 
BAT RX 0x320 [8] 50 41 C3 85 85 00 00 00 
BAT RX 0x319 [8] 40 0D 3D 0D 29 1D 11 00 
BAT RX 0x318 [8] 0D 2B 0D 2A 0D 29 0D 29 
BAT RX 0x317 [8] 0D 3D 0D 3B 0D 3B 0D 3A 
BAT RX 0x316 [8] 0D 32 0D 31 0D 31 0D 2B 
BAT RX 0x315 [8] 0D 37 0D 37 0D 37 0D 37 
BAT RX 0x314 [8] 5B 54 5B 54 00 14 05 44 
BAT RX 0x313 [8] 15 18 00 03 00 FE 64 63 
BAT RX 0x312 [8] 00 00 00 00 02 02 00 00 
BAT RX 0x311 [8] 02 38 00 00 08 24 01 21 
[keepalive] twai_transmit() -> ESP_OK
[459s] OK V=54.00V I=+0.3A T=25.4C SOC=100% SOH=99% | CVL=56.8V CCL=0.0A DCL=208.4A | chg=0 dis=1 fc1=0 fc2=0 | prot=0000 warn=0000 | packs=2 | inv0x305=no
BAT RX 0x330 [8] 02 0D 02 01 0D 3D 0D 29 
BAT RX 0x329 [8] 02 00 1A 25 02 00 40 D1 
BAT RX 0x323 [8] 20 0E 10 00 00 00 00 00 
BAT RX 0x324 [8] 00 02 47 50 4A 30 32 31 
BAT RX 0x322 [8] 01 14 00 E8 03 01 64 64 
BAT RX 0x320 [8] 50 41 C3 85 85 00 00 00 
BAT RX 0x319 [8] 40 0D 3D 0D 29 1D 11 00 
BAT RX 0x318 [8] 0D 2B 0D 2A 0D 2A 0D 29 
BAT RX 0x317 [8] 0D 3D 0D 3C 0D 3B 0D 3A 
BAT RX 0x316 [8] 0D 32 0D 32 0D 31 0D 2B 
BAT RX 0x315 [8] 0D 37 0D 36 0D 36 0D 36 
BAT RX 0x314 [8] 5B 54 5B 54 00 14 05 44 
BAT RX 0x313 [8] 15 18 00 00 00 FE 64 63 
BAT RX 0x312 [8] 00 00 00 00 02 02 00 00 
BAT RX 0x311 [8] 02 38 00 00 08 24 01 21 
[keepalive] twai_transmit() -> ESP_OK
BAT RX 0x330 [8] 02 0D 02 01 0D 3D 0D 29 
BAT RX 0x329 [8] 01 00 22 9C 01 00 40 35 
BAT RX 0x323 [8] 20 0E 10 00 00 00 00 00 
BAT RX 0x324 [8] 01 39 35 32 32 30 36 32 
BAT RX 0x322 [8] 01 14 00 E8 03 01 64 64 
BAT RX 0x320 [8] 50 41 C3 85 85 00 00 00 
BAT RX 0x319 [8] 40 0D 3D 0D 29 1D 11 00 
BAT RX 0x318 [8] 0D 2B 0D 2A 0D 29 0D 29 
BAT RX 0x317 [8] 0D 3D 0D 3C 0D 3B 0D 3A 
BAT RX 0x316 [8] 0D 31 0D 31 0D 31 0D 2B 
BAT RX 0x315 [8] 0D 37 0D 37 0D 36 0D 36 
BAT RX 0x314 [8] 5B 54 5B 54 00 14 05 44 
BAT RX 0x313 [8] 15 18 00 03 00 FE 64 63 
BAT RX 0x312 [8] 00 00 00 00 02 02 00 00 
BAT RX 0x311 [8] 02 38 00 00 08 24 01 21 
[keepalive] twai_transmit() -> ESP_OK
[461s] OK V=54.00V I=+0.3A T=25.4C SOC=100% SOH=99% | CVL=56.8V CCL=0.0A DCL=208.4A | chg=0 dis=1 fc1=0 fc2=0 | prot=0000 warn=0000 | packs=2 | inv0x305=no
BAT RX 0x330 [8] 02 0D 02 01 0D 3E 0D 29 
BAT RX 0x329 [8] 02 00 1A 25 02 00 40 D1 
BAT RX 0x323 [8] 20 0E 10 00 00 00 00 00 
BAT RX 0x324 [8] 02 42 42 37 00 00 00 00 
BAT RX 0x322 [8] 01 14 00 E8 03 01 64 64 
BAT RX 0x320 [8] 50 41 C3 85 85 00 00 00 
BAT RX 0x319 [8] 40 0D 3E 0D 29 1D 11 00 
BAT RX 0x318 [8] 0D 2B 0D 2A 0D 29 0D 29 
BAT RX 0x317 [8] 0D 3E 0D 3B 0D 3A 0D 3A 
BAT RX 0x316 [8] 0D 32 0D 31 0D 31 0D 2A 
BAT RX 0x315 [8] 0D 37 0D 37 0D 36 0D 36 
BAT RX 0x314 [8] 5B 54 5B 54 00 15 05 44 
BAT RX 0x313 [8] 15 18 00 00 00 FE 64 63 
BAT RX 0x312 [8] 00 00 00 00 02 02 00 00 
BAT RX 0x311 [8] 02 38 00 00 08 24 01 21 
[keepalive] twai_transmit() -> ESP_OK
BAT RX 0x330 [8] 02 0D 02 01 0D 3D 0D 29 
BAT RX 0x329 [8] 01 00 22 9C 01 00 40 35 
BAT RX 0x323 [8] 20 0E 10 00 00 00 00 00 
BAT RX 0x324 [8] 00 01 47 50 4A 30 32 31 
BAT RX 0x322 [8] 01 14 00 E8 03 01 64 64 
BAT RX 0x320 [8] 50 41 C3 85 85 00 00 00 
BAT RX 0x319 [8] 40 0D 3D 0D 29 1D 11 00 
BAT RX 0x318 [8] 0D 2B 0D 2A 0D 29 0D 29 
BAT RX 0x317 [8] 0D 3D 0D 3B 0D 3B 0D 3A 
BAT RX 0x316 [8] 0D 32 0D 31 0D 31 0D 2B 
BAT RX 0x315 [8] 0D 37 0D 37 0D 37 0D 36 
BAT RX 0x314 [8] 5B 54 5B 54 00 14 05 44 
BAT RX 0x313 [8] 15 18 00 03 00 FE 64 63 
BAT RX 0x312 [8] 00 00 00 00 02 02 00 00 
BAT RX 0x311 [8] 02 38 00 00 08 24 01 21 
[keepalive] twai_transmit() -> ESP_OK
[463s] OK V=54.00V I=+0.3A T=25.4C SOC=100% SOH=99% | CVL=56.8V CCL=0.0A DCL=208.4A | chg=0 dis=1 fc1=0 fc2=0 | prot=0000 warn=0000 | packs=2 | inv0x305=no
BAT RX 0x330 [8] 02 0D 02 01 0D 3D 0D 29 
BAT RX 0x329 [8] 02 00 1A 25 02 00 40 D1 
BAT RX 0x323 [8] 20 0E 10 00 00 00 00 00 
BAT RX 0x324 [8] 01 39 35 32 32 30 36 32 
BAT RX 0x322 [8] 01 14 00 E8 03 01 64 64 
BAT RX 0x320 [8] 50 41 C3 85 85 00 00 00 
BAT RX 0x319 [8] 40 0D 3D 0D 29 1D 11 00 
BAT RX 0x318 [8] 0D 2B 0D 2A 0D 29 0D 29 
BAT RX 0x317 [8] 0D 3D 0D 3B 0D 3A 0D 3A 
BAT RX 0x316 [8] 0D 32 0D 31 0D 31 0D 2A 
BAT RX 0x315 [8] 0D 37 0D 36 0D 36 0D 36 
BAT RX 0x314 [8] 5B 54 5B 54 00 14 05 44 
BAT RX 0x313 [8] 15 18 00 00 00 FE 64 63 
BAT RX 0x312 [8] 00 00 00 00 02 02 00 00 
BAT RX 0x311 [8] 02 38 00 00 08 24 01 21 
[keepalive] twai_transmit() -> ESP_OK
BAT RX 0x330 [8] 02 0D 02 01 0D 3E 0D 29 
BAT RX 0x329 [8] 01 00 22 9C 01 00 40 35 
BAT RX 0x323 [8] 20 0E 10 00 00 00 00 00 
BAT RX 0x324 [8] 02 43 30 37 00 00 00 00 
BAT RX 0x322 [8] 01 14 00 E8 03 01 64 64 
BAT RX 0x320 [8] 50 41 C3 85 85 00 00 00 
BAT RX 0x319 [8] 40 0D 3E 0D 29 1D 11 00 
BAT RX 0x318 [8] 0D 2B 0D 2A 0D 29 0D 29 
BAT RX 0x317 [8] 0D 3E 0D 3C 0D 3A 0D 3A 
BAT RX 0x316 [8] 0D 32 0D 31 0D 31 0D 2A 

---- battery-bus rate stats (VERBOSE_STATS) ----------------------------
  6231 frames, 465 s elapsed
  ID     count   period(ms)  (min-max gap)
  0x312     415    996 (7-1000)
  0x313     415    996 (3-1000)
  0x314     415    996 (4-1000)
  0x315     415    996 (4-1000)
  0x316     416    996 (3-1000)
  0x317     416    996 (3-1000)
  0x318     416    996 (4-1000)
  0x319     416    996 (4-1000)
  0x320     416    996 (4-1000)
  0x322     416    996 (4-1000)
  0x311     415    996 (4-1000)
  0x323     415    998 (767-1000)
  0x324     415    998 (768-1000)
  0x329     415    998 (757-1000)
  0x330     415    998 (746-1000)
--------------------------------------------------------------------------

  TWAI: state=RUNNING  tx_err=0 rx_err=0  tx_failed=0  rx_missed=0 rx_overrun=0  arb_lost=0  bus_err=190881
BAT RX 0x315 [8] 0D 37 0D 37 0D 36 0D 36 
BAT RX 0x314 [8] 5B 54 5B 54 00 15 05 44 
BAT RX 0x313 [8] 15 18 00 00 00 FE 64 63 
BAT RX 0x312 [8] 00 00 00 00 02 02 00 00 
BAT RX 0x311 [8] 02 38 00 00 08 24 01 21 
[keepalive] twai_transmit() -> ESP_OK
[465s] OK V=54.00V I=+0.0A T=25.4C SOC=100% SOH=99% | CVL=56.8V CCL=0.0A DCL=208.4A | chg=0 dis=1 fc1=0 fc2=0 | prot=0000 warn=0000 | packs=2 | inv0x305=no
BAT RX 0x330 [8] 02 0D 02 01 0D 3E 0D 28 
BAT RX 0x329 [8] 02 00 1A 25 02 00 40 D1 
BAT RX 0x323 [8] 20 0E 10 00 00 00 00 00 
BAT RX 0x324 [8] 00 02 47 50 4A 30 32 31 
BAT RX 0x322 [8] 01 14 00 E8 03 01 64 64 
BAT RX 0x320 [8] 50 41 C3 85 85 00 00 00 
BAT RX 0x319 [8] 40 0D 3E 0D 28 1D 11 00 
BAT RX 0x318 [8] 0D 2A 0D 29 0D 29 0D 28 
BAT RX 0x317 [8] 0D 3E 0D 3C 0D 3B 0D 3A 
BAT RX 0x316 [8] 0D 32 0D 31 0D 31 0D 2A 
BAT RX 0x315 [8] 0D 37 0D 36 0D 36 0D 36 
BAT RX 0x314 [8] 5B 54 5B 54 00 16 05 44 
BAT RX 0x313 [8] 15 18 00 00 00 FE 64 63 
BAT RX 0x312 [8] 00 00 00 00 02 02 00 00 
BAT RX 0x311 [8] 02 38 00 00 08 24 01 21 
[keepalive] twai_transmit() -> ESP_OK
BAT RX 0x330 [8] 02 0D 02 01 0D 3D 0D 29 
BAT RX 0x329 [8] 01 00 22 9C 01 00 40 35 
BAT RX 0x323 [8] 20 0E 10 00 00 00 00 00 
BAT RX 0x324 [8] 01 39 35 32 32 30 36 32 
BAT RX 0x322 [8] 01 14 00 E8 03 01 64 64 
BAT RX 0x320 [8] 50 41 C3 85 85 00 00 00 
BAT RX 0x319 [8] 40 0D 3D 0D 29 1D 11 00 
BAT RX 0x318 [8] 0D 2B 0D 2A 0D 29 0D 29 
BAT RX 0x317 [8] 0D 3D 0D 3B 0D 3A 0D 3A 
BAT RX 0x316 [8] 0D 32 0D 31 0D 31 0D 2A 
BAT RX 0x315 [8] 0D 37 0D 36 0D 36 0D 36 
BAT RX 0x314 [8] 5B 54 5B 54 00 14 05 44 
BAT RX 0x313 [8] 15 18 00 03 00 FE 64 63 
BAT RX 0x312 [8] 00 00 00 00 02 02 00 00 
BAT RX 0x311 [8] 02 38 00 00 08 24 01 21 
[keepalive] twai_transmit() -> ESP_OK
[467s] OK V=54.00V I=+0.3A T=25.4C SOC=100% SOH=99% | CVL=56.8V CCL=0.0A DCL=208.4A | chg=0 dis=1 fc1=0 fc2=0 | prot=0000 warn=0000 | packs=2 | inv0x305=no
BAT RX 0x330 [8] 02 0D 02 01 0D 3D 0D 29 
BAT RX 0x329 [8] 02 00 1A 25 02 00 40 D1 
BAT RX 0x323 [8] 20 0E 10 00 00 00 00 00 
BAT RX 0x324 [8] 02 42 42 37 00 00 00 00 
BAT RX 0x322 [8] 01 14 00 E8 03 01 64 64 
BAT RX 0x320 [8] 50 41 C3 85 85 00 00 00 
BAT RX 0x319 [8] 40 0D 3D 0D 29 1D 11 00 
BAT RX 0x318 [8] 0D 2B 0D 29 0D 29 0D 29 
BAT RX 0x317 [8] 0D 3D 0D 3B 0D 3B 0D 39 
BAT RX 0x316 [8] 0D 31 0D 31 0D 31 0D 2A 
BAT RX 0x315 [8] 0D 37 0D 37 0D 36 0D 36 
BAT RX 0x314 [8] 5B 54 5B 54 00 14 05 44 
BAT RX 0x313 [8] 15 18 00 03 00 FE 64 63 
BAT RX 0x312 [8] 00 00 00 00 02 02 00 00 
BAT RX 0x311 [8] 02 38 00 00 08 24 01 21 
[keepalive] twai_transmit() -> ESP_OK
BAT RX 0x330 [8] 02 0D 02 01 0D 3D 0D 29 
BAT RX 0x329 [8] 01 00 22 9C 01 00 40 35 
BAT RX 0x323 [8] 20 0E 10 00 00 00 00 00 
BAT RX 0x324 [8] 00 01 47 50 4A 30 32 31 
BAT RX 0x322 [8] 01 14 00 E8 03 01 64 64 
BAT RX 0x320 [8] 50 41 C3 85 85 00 00 00 
BAT RX 0x319 [8] 40 0D 3D 0D 29 1D 11 00 
BAT RX 0x318 [8] 0D 2B 0D 29 0D 29 0D 29 
BAT RX 0x317 [8] 0D 3D 0D 3B 0D 3A 0D 3A 
BAT RX 0x316 [8] 0D 32 0D 32 0D 31 0D 2A 
BAT RX 0x315 [8] 0D 36 0D 36 0D 36 0D 36 
BAT RX 0x314 [8] 5B 54 5B 54 00 14 05 44 
BAT RX 0x313 [8] 15 18 00 03 00 FE 64 63 
BAT RX 0x312 [8] 00 00 00 00 02 02 00 00 
BAT RX 0x311 [8] 02 38 00 00 08 24 01 21 
[keepalive] twai_transmit() -> ESP_OK
[469s] OK V=54.00V I=+0.3A T=25.4C SOC=100% SOH=99% | CVL=56.8V CCL=0.0A DCL=208.4A | chg=0 dis=1 fc1=0 fc2=0 | prot=0000 warn=0000 | packs=2 | inv0x305=no
BAT RX 0x330 [8] 02 0D 02 01 0D 3D 0D 29 
BAT RX 0x329 [8] 02 00 1A 25 02 00 40 D1 
BAT RX 0x323 [8] 20 0E 10 00 00 00 00 00 
BAT RX 0x324 [8] 01 39 35 32 32 30 36 32 
BAT RX 0x322 [8] 01 14 00 E8 03 01 64 64 
BAT RX 0x320 [8] 50 41 C3 85 85 00 00 00 
BAT RX 0x319 [8] 40 0D 3D 0D 29 1D 11 00 
BAT RX 0x318 [8] 0D 2B 0D 2A 0D 29 0D 29 
BAT RX 0x317 [8] 0D 3D 0D 3B 0D 3B 0D 3A 
BAT RX 0x316 [8] 0D 31 0D 31 0D 31 0D 2B 
BAT RX 0x315 [8] 0D 37 0D 37 0D 36 0D 36 
BAT RX 0x314 [8] 5B 54 5B 54 00 14 05 44 
BAT RX 0x313 [8] 15 18 00 00 00 FE 64 63 
BAT RX 0x312 [8] 00 00 00 00 02 02 00 00 
BAT RX 0x311 [8] 02 38 00 00 08 24 01 21 
[keepalive] twai_transmit() -> ESP_OK
BAT RX 0x330 [8] 02 0D 02 01 0D 3D 0D 28 
BAT RX 0x329 [8] 01 00 22 9C 01 00 40 35 
BAT RX 0x323 [8] 20 0E 10 00 00 00 00 00 
BAT RX 0x324 [8] 02 43 30 37 00 00 00 00 
BAT RX 0x322 [8] 01 14 00 E8 03 01 64 64 
BAT RX 0x320 [8] 50 41 C3 85 85 00 00 00 
BAT RX 0x319 [8] 40 0D 3D 0D 28 1D 11 00 
BAT RX 0x318 [8] 0D 2B 0D 2A 0D 29 0D 28 
BAT RX 0x317 [8] 0D 3D 0D 3C 0D 3A 0D 3A 
BAT RX 0x316 [8] 0D 32 0D 31 0D 30 0D 2A 
BAT RX 0x315 [8] 0D 37 0D 36 0D 36 0D 36 
BAT RX 0x314 [8] 5B 54 5B 54 00 15 05 44 
BAT RX 0x313 [8] 15 18 00 03 00 FE 64 63 
BAT RX 0x312 [8] 00 00 00 00 02 02 00 00 
BAT RX 0x311 [8] 02 38 00 00 08 24 01 21 
[keepalive] twai_transmit() -> ESP_OK
[471s] OK V=54.00V I=+0.3A T=25.4C SOC=100% SOH=99% | CVL=56.8V CCL=0.0A DCL=208.4A | chg=0 dis=1 fc1=0 fc2=0 | prot=0000 warn=0000 | packs=2 | inv0x305=no
BAT RX 0x330 [8] 02 0D 02 01 0D 3D 0D 29 
BAT RX 0x329 [8] 02 00 1A 25 02 00 40 D1 
BAT RX 0x323 [8] 20 0E 10 00 00 00 00 00 
BAT RX 0x324 [8] 00 02 47 50 4A 30 32 31 
BAT RX 0x322 [8] 01 14 00 E8 03 01 64 64 
BAT RX 0x320 [8] 50 41 C3 85 85 00 00 00 
BAT RX 0x319 [8] 40 0D 3D 0D 29 1D 11 00 
BAT RX 0x318 [8] 0D 2B 0D 29 0D 29 0D 29 
BAT RX 0x317 [8] 0D 3D 0D 3B 0D 3A 0D 3A 
BAT RX 0x316 [8] 0D 32 0D 32 0D 31 0D 2A 
BAT RX 0x315 [8] 0D 36 0D 36 0D 36 0D 36 
BAT RX 0x314 [8] 5B 54 5B 54 00 14 05 44 
BAT RX 0x313 [8] 15 18 00 03 00 FE 64 63 
BAT RX 0x312 [8] 00 00 00 00 02 02 00 00 
BAT RX 0x311 [8] 02 38 00 00 08 24 01 21 
[keepalive] twai_transmit() -> ESP_OK
BAT RX 0x330 [8] 02 0D 02 01 0D 3D 0D 29 
BAT RX 0x329 [8] 01 00 22 9C 01 00 40 35 
BAT RX 0x323 [8] 20 0E 10 00 00 00 00 00 
BAT RX 0x324 [8] 01 39 35 32 32 30 36 32 
BAT RX 0x322 [8] 01 14 00 E8 03 01 64 64 
BAT RX 0x320 [8] 50 41 C3 85 85 00 00 00 
BAT RX 0x319 [8] 40 0D 3D 0D 29 1D 11 00 
BAT RX 0x318 [8] 0D 2B 0D 29 0D 29 0D 29 
BAT RX 0x317 [8] 0D 3D 0D 3B 0D 3A 0D 3A 
BAT RX 0x316 [8] 0D 31 0D 31 0D 31 0D 2A 
BAT RX 0x315 [8] 0D 37 0D 36 0D 36 0D 36 
BAT RX 0x314 [8] 5B 54 5B 54 00 14 05 44 
BAT RX 0x313 [8] 15 18 00 00 00 FE 64 63 
BAT RX 0x312 [8] 00 00 00 00 02 02 00 00 
BAT RX 0x311 [8] 02 38 00 00 08 24 01 21 
[keepalive] twai_transmit() -> ESP_OK
[473s] OK V=54.00V I=+0.0A T=25.4C SOC=100% SOH=99% | CVL=56.8V CCL=0.0A DCL=208.4A | chg=0 dis=1 fc1=0 fc2=0 | prot=0000 warn=0000 | packs=2 | inv0x305=no
BAT RX 0x330 [8] 02 0D 02 01 0D 3D 0D 29 
BAT RX 0x329 [8] 02 00 1A 25 02 00 40 D1 
BAT RX 0x323 [8] 20 0E 10 00 00 00 00 00 
BAT RX 0x324 [8] 02 42 42 37 00 00 00 00 
BAT RX 0x322 [8] 01 14 00 E8 03 01 64 64 
BAT RX 0x320 [8] 50 41 C3 85 85 00 00 00 
BAT RX 0x319 [8] 40 0D 3D 0D 29 1D 11 00 
BAT RX 0x318 [8] 0D 2B 0D 29 0D 29 0D 29 
BAT RX 0x317 [8] 0D 3D 0D 3B 0D 3B 0D 3A 
BAT RX 0x316 [8] 0D 31 0D 31 0D 31 0D 2A 
BAT RX 0x315 [8] 0D 37 0D 36 0D 36 0D 36 
BAT RX 0x314 [8] 5B 54 5B 54 00 14 05 44 
BAT RX 0x313 [8] 15 18 00 00 00 FE 64 63 
BAT RX 0x312 [8] 00 00 00 00 02 02 00 00 
BAT RX 0x311 [8] 02 38 00 00 08 24 01 21 
[keepalive] twai_transmit() -> ESP_OK
BAT RX 0x330 [8] 02 0D 02 01 0D 3D 0D 29 
BAT RX 0x329 [8] 01 00 22 9C 01 00 40 35 
BAT RX 0x323 [8] 20 0E 10 00 00 00 00 00 
BAT RX 0x324 [8] 00 01 47 50 4A 30 32 31 
BAT RX 0x322 [8] 01 14 00 E8 03 01 64 64 
BAT RX 0x320 [8] 50 41 C3 85 85 00 00 00 
BAT RX 0x319 [8] 40 0D 3D 0D 29 1D 11 00 
BAT RX 0x318 [8] 0D 2B 0D 29 0D 29 0D 29 
BAT RX 0x317 [8] 0D 3D 0D 3B 0D 3A 0D 3A 
BAT RX 0x316 [8] 0D 31 0D 31 0D 31 0D 2A 
BAT RX 0x315 [8] 0D 37 0D 36 0D 36 0D 36 
BAT RX 0x314 [8] 5B 54 5B 54 00 14 05 44 
BAT RX 0x313 [8] 15 18 00 00 00 FE 64 63 
BAT RX 0x312 [8] 00 00 00 00 02 02 00 00 
BAT RX 0x311 [8] 02 38 00 00 08 24 01 21 
[keepalive] twai_transmit() -> ESP_OK
[475s] OK V=54.00V I=+0.0A T=25.4C SOC=100% SOH=99% | CVL=56.8V CCL=0.0A DCL=208.4A | chg=0 dis=1 fc1=0 fc2=0 | prot=0000 warn=0000 | packs=2 | inv0x305=no
BAT RX 0x330 [8] 02 0D 02 01 0D 3D 0D 29 
BAT RX 0x329 [8] 02 00 1A 25 02 00 40 D1 
BAT RX 0x323 [8] 20 0E 10 00 00 00 00 00 
BAT RX 0x324 [8] 01 39 35 32 32 30 36 32 
BAT RX 0x322 [8] 01 14 00 E8 03 01 64 64 
BAT RX 0x320 [8] 50 41 C3 85 85 00 00 00 
BAT RX 0x319 [8] 40 0D 3D 0D 29 1D 11 00 
BAT RX 0x318 [8] 0D 2A 0D 29 0D 29 0D 29 
BAT RX 0x317 [8] 0D 3D 0D 3B 0D 3A 0D 3A 
BAT RX 0x316 [8] 0D 31 0D 31 0D 31 0D 2A 
BAT RX 0x315 [8] 0D 36 0D 36 0D 36 0D 36 
BAT RX 0x314 [8] 5B 54 5B 54 00 14 05 44 
BAT RX 0x313 [8] 15 18 00 00 00 FE 64 63 
BAT RX 0x312 [8] 00 00 00 00 02 02 00 00 
BAT RX 0x311 [8] 02 38 00 00 08 24 01 21 
[keepalive] twai_transmit() -> ESP_OK
BAT RX 0x330 [8] 02 0D 02 01 0D 3D 0D 28 
BAT RX 0x329 [8] 01 00 22 9C 01 00 40 35 
BAT RX 0x323 [8] 20 0E 10 00 00 00 00 00 
BAT RX 0x324 [8] 02 43 30 37 00 00 00 00 
BAT RX 0x322 [8] 01 14 00 E8 03 01 64 64 
BAT RX 0x320 [8] 50 41 C3 85 85 00 00 00 
BAT RX 0x319 [8] 40 0D 3D 0D 28 1D 11 00 
BAT RX 0x318 [8] 0D 2B 0D 29 0D 29 0D 28 
BAT RX 0x317 [8] 0D 3D 0D 3B 0D 3A 0D 3A 
BAT RX 0x316 [8] 0D 31 0D 31 0D 31 0D 2A 
BAT RX 0x315 [8] 0D 37 0D 36 0D 36 0D 35 
BAT RX 0x314 [8] 5B 54 5B 54 00 15 05 44 
BAT RX 0x313 [8] 15 18 00 03 00 FE 64 63 
BAT RX 0x312 [8] 00 00 00 00 02 02 00 00 
BAT RX 0x311 [8] 02 38 00 00 08 24 01 21 
[keepalive] twai_transmit() -> ESP_OK
[477s] OK V=54.00V I=+0.3A T=25.4C SOC=100% SOH=99% | CVL=56.8V CCL=0.0A DCL=208.4A | chg=0 dis=1 fc1=0 fc2=0 | prot=0000 warn=0000 | packs=2 | inv0x305=no
BAT RX 0x330 [8] 02 0D 02 01 0D 3D 0D 28 
BAT RX 0x329 [8] 02 00 1A 25 02 00 40 D1 
BAT RX 0x323 [8] 20 0E 10 00 00 00 00 00 
BAT RX 0x324 [8] 00 02 47 50 4A 30 32 31 
BAT RX 0x322 [8] 01 14 00 E8 03 01 64 64 
BAT RX 0x320 [8] 50 41 C3 85 85 00 00 00 
BAT RX 0x319 [8] 40 0D 3D 0D 28 1D 11 00 
BAT RX 0x318 [8] 0D 2B 0D 29 0D 29 0D 28 
BAT RX 0x317 [8] 0D 3D 0D 3B 0D 3A 0D 39 
BAT RX 0x316 [8] 0D 31 0D 31 0D 31 0D 2A 
BAT RX 0x315 [8] 0D 36 0D 36 0D 36 0D 36 
BAT RX 0x314 [8] 5B 54 5B 54 00 15 05 44 
BAT RX 0x313 [8] 15 18 00 00 00 FE 64 63 
BAT RX 0x312 [8] 00 00 00 00 02 02 00 00 
BAT RX 0x311 [8] 02 38 00 00 08 24 01 21 
[keepalive] twai_transmit() -> ESP_OK
BAT RX 0x330 [8] 02 0D 02 0F 0D 3D 0D 28 
BAT RX 0x329 [8] 01 00 22 9C 01 00 40 35 
BAT RX 0x323 [8] 20 0E 10 00 00 00 00 00 
BAT RX 0x324 [8] 01 39 35 32 32 30 36 32 
BAT RX 0x322 [8] 01 14 00 E8 03 01 64 64 
BAT RX 0x320 [8] 50 41 C3 85 85 00 00 00 
BAT RX 0x319 [8] 40 0D 3D 0D 28 1D 1F 00 
BAT RX 0x318 [8] 0D 2A 0D 29 0D 29 0D 28 
BAT RX 0x317 [8] 0D 3D 0D 3B 0D 3A 0D 3A 
BAT RX 0x316 [8] 0D 31 0D 31 0D 30 0D 2A 
BAT RX 0x315 [8] 0D 36 0D 36 0D 36 0D 36 
BAT RX 0x314 [8] 5B 54 5B 54 00 15 05 44 
BAT RX 0x313 [8] 15 18 00 03 00 FE 64 63 
BAT RX 0x312 [8] 00 00 00 00 02 02 00 00 
BAT RX 0x311 [8] 02 38 00 00 08 24 01 21 
[keepalive] twai_transmit() -> ESP_OK
[479s] OK V=54.00V I=+0.3A T=25.4C SOC=100% SOH=99% | CVL=56.8V CCL=0.0A DCL=208.4A | chg=0 dis=1 fc1=0 fc2=0 | prot=0000 warn=0000 | packs=2 | inv0x305=no
BAT RX 0x330 [8] 02 0D 02 01 0D 3D 0D 28 
BAT RX 0x329 [8] 02 00 1A 25 02 00 40 D1 
BAT RX 0x323 [8] 20 0E 10 00 00 00 00 00 
BAT RX 0x324 [8] 02 42 42 37 00 00 00 00 
BAT RX 0x322 [8] 01 14 00 E8 03 01 64 64 
BAT RX 0x320 [8] 50 41 C3 85 85 00 00 00 
BAT RX 0x319 [8] 40 0D 3D 0D 28 1D 11 00 
BAT RX 0x318 [8] 0D 2B 0D 2A 0D 28 0D 28 
BAT RX 0x317 [8] 0D 3D 0D 3B 0D 3A 0D 39 
BAT RX 0x316 [8] 0D 31 0D 31 0D 31 0D 2A 
BAT RX 0x315 [8] 0D 36 0D 36 0D 36 0D 36 
BAT RX 0x314 [8] 5B 54 5B 54 00 15 05 44 

---- battery-bus rate stats (VERBOSE_STATS) ----------------------------
  6458 frames, 480 s elapsed
  ID     count   period(ms)  (min-max gap)
  0x312     430    996 (7-1000)
  0x313     430    996 (3-1000)
  0x314     431    996 (4-1000)
  0x315     431    996 (4-1000)
  0x316     431    996 (3-1000)
  0x317     431    996 (3-1000)
  0x318     431    996 (4-1000)
  0x319     431    996 (4-1000)
  0x320     431    996 (4-1000)
  0x322     431    996 (4-1000)
  0x311     430    996 (4-1000)
  0x323     430    998 (767-1000)
  0x324     430    998 (768-1000)
  0x329     430    998 (757-1000)
  0x330     430    998 (746-1000)
--------------------------------------------------------------------------

  TWAI: state=RUNNING  tx_err=0 rx_err=0  tx_failed=0  rx_missed=0 rx_overrun=0  arb_lost=0  bus_err=190881
BAT RX 0x313 [8] 15 18 00 03 00 FE 64 63 
BAT RX 0x312 [8] 00 00 00 00 02 02 00 00 
BAT RX 0x311 [8] 02 38 00 00 08 24 01 21 
[keepalive] twai_transmit() -> ESP_OK
BAT RX 0x330 [8] 02 0D 02 0F 0D 3D 0D 28 
BAT RX 0x329 [8] 01 00 22 9C 01 00 40 35 
BAT RX 0x323 [8] 20 0E 10 00 00 00 00 00 
BAT RX 0x324 [8] 00 01 47 50 4A 30 32 31 
BAT RX 0x322 [8] 01 14 00 E8 03 01 64 64 
BAT RX 0x320 [8] 50 41 C3 85 85 00 00 00 
BAT RX 0x319 [8] 40 0D 3D 0D 28 1D 1F 00 
BAT RX 0x318 [8] 0D 2A 0D 29 0D 29 0D 28 
BAT RX 0x317 [8] 0D 3D 0D 3B 0D 3A 0D 3A 
BAT RX 0x316 [8] 0D 32 0D 31 0D 30 0D 2A 
BAT RX 0x315 [8] 0D 36 0D 36 0D 36 0D 36 
BAT RX 0x314 [8] 5B 54 5B 54 00 15 05 44 
BAT RX 0x313 [8] 15 18 00 03 00 FE 64 63 
BAT RX 0x312 [8] 00 00 00 00 02 02 00 00 
BAT RX 0x311 [8] 02 38 00 00 08 24 01 21 
[keepalive] twai_transmit() -> ESP_OK
[481s] OK V=54.00V I=+0.3A T=25.4C SOC=100% SOH=99% | CVL=56.8V CCL=0.0A DCL=208.4A | chg=0 dis=1 fc1=0 fc2=0 | prot=0000 warn=0000 | packs=2 | inv0x305=no
BAT RX 0x330 [8] 02 0D 02 01 0D 3D 0D 28 
BAT RX 0x329 [8] 02 00 1A 25 02 00 40 D1 
BAT RX 0x323 [8] 20 0E 10 00 00 00 00 00 
BAT RX 0x324 [8] 01 39 35 32 32 30 36 32 
BAT RX 0x322 [8] 01 14 00 E8 03 01 64 64 
BAT RX 0x320 [8] 50 41 C3 85 85 00 00 00 
BAT RX 0x319 [8] 40 0D 3D 0D 28 1D 11 00 
BAT RX 0x318 [8] 0D 2A 0D 29 0D 29 0D 28 
BAT RX 0x317 [8] 0D 3D 0D 3B 0D 3A 0D 39 
BAT RX 0x316 [8] 0D 31 0D 31 0D 30 0D 2A 
BAT RX 0x315 [8] 0D 36 0D 36 0D 36 0D 36 
BAT RX 0x314 [8] 5B 54 5B 54 00 15 05 44 
BAT RX 0x313 [8] 15 18 00 00 00 FE 64 63 
BAT RX 0x312 [8] 00 00 00 00 02 02 00 00 
BAT RX 0x311 [8] 02 38 00 00 08 24 01 21 
[keepalive] twai_transmit() -> ESP_OK
BAT RX 0x330 [8] 02 0D 02 01 0D 3D 0D 29 
BAT RX 0x329 [8] 01 00 22 9C 01 00 40 35 
BAT RX 0x323 [8] 20 0E 10 00 00 00 00 00 
BAT RX 0x324 [8] 02 43 30 37 00 00 00 00 
BAT RX 0x322 [8] 01 14 00 E8 03 01 64 64 
BAT RX 0x320 [8] 50 41 C3 85 85 00 00 00 
BAT RX 0x319 [8] 40 0D 3D 0D 29 1D 11 00 
BAT RX 0x318 [8] 0D 2A 0D 29 0D 29 0D 29 
BAT RX 0x317 [8] 0D 3D 0D 3B 0D 3A 0D 39 
BAT RX 0x316 [8] 0D 31 0D 31 0D 31 0D 2A 
BAT RX 0x315 [8] 0D 36 0D 36 0D 36 0D 36 
BAT RX 0x314 [8] 5B 54 5B 54 00 14 05 44 
BAT RX 0x313 [8] 15 18 00 00 00 FE 64 63 
BAT RX 0x312 [8] 00 00 00 00 02 02 00 00 
BAT RX 0x311 [8] 02 38 00 00 08 24 01 21 
[keepalive] twai_transmit() -> ESP_OK
[483s] OK V=54.00V I=+0.0A T=25.4C SOC=100% SOH=99% | CVL=56.8V CCL=0.0A DCL=208.4A | chg=0 dis=1 fc1=0 fc2=0 | prot=0000 warn=0000 | packs=2 | inv0x305=no
BAT RX 0x330 [8] 02 0D 02 01 0D 3D 0D 28 
BAT RX 0x329 [8] 02 00 1A 25 02 00 40 D1 
BAT RX 0x323 [8] 20 0E 10 00 00 00 00 00 
BAT RX 0x324 [8] 00 02 47 50 4A 30 32 31 
BAT RX 0x322 [8] 01 14 00 E8 03 01 64 64 
BAT RX 0x320 [8] 50 41 C3 85 85 00 00 00 
BAT RX 0x319 [8] 40 0D 3D 0D 28 1D 11 00 
BAT RX 0x318 [8] 0D 2A 0D 29 0D 29 0D 28 
BAT RX 0x317 [8] 0D 3D 0D 3B 0D 3A 0D 39 
BAT RX 0x316 [8] 0D 32 0D 31 0D 31 0D 2A 
BAT RX 0x315 [8] 0D 37 0D 36 0D 36 0D 35 
BAT RX 0x314 [8] 5B 54 5B 54 00 15 05 44 
BAT RX 0x313 [8] 15 18 00 03 00 FE 64 63 
BAT RX 0x312 [8] 00 00 00 00 02 02 00 00 
BAT RX 0x311 [8] 02 38 00 00 08 24 01 21 
[keepalive] twai_transmit() -> ESP_OK
BAT RX 0x330 [8] 02 0D 02 0F 0D 3D 0D 28 
BAT RX 0x329 [8] 01 00 22 9C 01 00 40 35 
BAT RX 0x323 [8] 20 0E 10 00 00 00 00 00 
BAT RX 0x324 [8] 01 39 35 32 32 30 36 32 
BAT RX 0x322 [8] 01 14 00 E8 03 01 64 64 
BAT RX 0x320 [8] 50 41 C3 85 85 00 00 00 
BAT RX 0x319 [8] 40 0D 3D 0D 28 1D 1F 00 
BAT RX 0x318 [8] 0D 2A 0D 2A 0D 29 0D 28 
BAT RX 0x317 [8] 0D 3D 0D 3B 0D 3A 0D 39 
BAT RX 0x316 [8] 0D 32 0D 30 0D 30 0D 2A 
BAT RX 0x315 [8] 0D 36 0D 36 0D 36 0D 35 
BAT RX 0x314 [8] 5B 54 5B 54 00 15 05 44 
BAT RX 0x313 [8] 15 18 00 00 00 FE 64 63 
BAT RX 0x312 [8] 00 00 00 00 02 02 00 00 
BAT RX 0x311 [8] 02 38 00 00 08 24 01 21 
[keepalive] twai_transmit() -> ESP_OK
[485s] OK V=54.00V I=+0.0A T=25.4C SOC=100% SOH=99% | CVL=56.8V CCL=0.0A DCL=208.4A | chg=0 dis=1 fc1=0 fc2=0 | prot=0000 warn=0000 | packs=2 | inv0x305=no
BAT RX 0x330 [8] 02 0D 02 01 0D 3C 0D 29 
BAT RX 0x329 [8] 02 00 1A 25 02 00 40 D1 
BAT RX 0x323 [8] 20 0E 10 00 00 00 00 00 
BAT RX 0x324 [8] 02 42 42 37 00 00 00 00 
BAT RX 0x322 [8] 01 14 00 E8 03 01 64 64 
BAT RX 0x320 [8] 50 41 C3 85 85 00 00 00 
BAT RX 0x319 [8] 40 0D 3C 0D 29 1D 11 00 
BAT RX 0x318 [8] 0D 2A 0D 29 0D 29 0D 29 
BAT RX 0x317 [8] 0D 3C 0D 3B 0D 3A 0D 3A 
BAT RX 0x316 [8] 0D 32 0D 30 0D 30 0D 29 
BAT RX 0x315 [8] 0D 36 0D 36 0D 35 0D 35 
BAT RX 0x314 [8] 5B 54 5B 54 00 13 05 44 
BAT RX 0x313 [8] 15 18 00 03 00 FE 64 63 
BAT RX 0x312 [8] 00 00 00 00 02 02 00 00 
BAT RX 0x311 [8] 02 38 00 00 08 24 01 21 
[keepalive] twai_transmit() -> ESP_OK
BAT RX 0x330 [8] 02 0D 02 01 0D 3C 0D 28 
BAT RX 0x329 [8] 01 00 22 9C 01 00 40 35 
BAT RX 0x323 [8] 20 0E 10 00 00 00 00 00 
BAT RX 0x324 [8] 00 01 47 50 4A 30 32 31 
BAT RX 0x322 [8] 01 14 00 E8 03 01 64 64 
BAT RX 0x320 [8] 50 41 C3 85 85 00 00 00 
BAT RX 0x319 [8] 40 0D 3C 0D 28 1D 11 00 
BAT RX 0x318 [8] 0D 2A 0D 29 0D 29 0D 28 
BAT RX 0x317 [8] 0D 3C 0D 3B 0D 3A 0D 39 
BAT RX 0x316 [8] 0D 31 0D 31 0D 31 0D 2A 
BAT RX 0x315 [8] 0D 36 0D 36 0D 36 0D 35 
BAT RX 0x314 [8] 5B 54 5B 54 00 14 05 44 
BAT RX 0x313 [8] 15 18 00 00 00 FE 64 63 
BAT RX 0x312 [8] 00 00 00 00 02 02 00 00 
BAT RX 0x311 [8] 02 38 00 00 08 24 01 21 
[keepalive] twai_transmit() -> ESP_OK
[487s] OK V=54.00V I=+0.0A T=25.4C SOC=100% SOH=99% | CVL=56.8V CCL=0.0A DCL=208.4A | chg=0 dis=1 fc1=0 fc2=0 | prot=0000 warn=0000 | packs=2 | inv0x305=no
BAT RX 0x330 [8] 02 0D 02 01 0D 3D 0D 28 
BAT RX 0x329 [8] 02 00 1A 25 02 00 40 D1 
BAT RX 0x323 [8] 20 0E 10 00 00 00 00 00 
BAT RX 0x324 [8] 01 39 35 32 32 30 36 32 
BAT RX 0x322 [8] 01 14 00 E8 03 01 64 64 
BAT RX 0x320 [8] 50 41 C3 85 85 00 00 00 
BAT RX 0x319 [8] 40 0D 3D 0D 28 1D 11 00 
BAT RX 0x318 [8] 0D 2A 0D 29 0D 29 0D 28 
BAT RX 0x317 [8] 0D 3D 0D 3B 0D 3A 0D 39 
BAT RX 0x316 [8] 0D 31 0D 31 0D 30 0D 2A 
BAT RX 0x315 [8] 0D 36 0D 36 0D 36 0D 36 
BAT RX 0x314 [8] 5B 54 5B 54 00 15 05 44 
BAT RX 0x313 [8] 15 18 00 00 00 FE 64 63 
BAT RX 0x312 [8] 00 00 00 00 02 02 00 00 
BAT RX 0x311 [8] 02 38 00 00 08 24 01 21 
[keepalive] twai_transmit() -> ESP_OK
BAT RX 0x330 [8] 02 0D 02 01 0D 3C 0D 28 
BAT RX 0x329 [8] 01 00 22 9C 01 00 40 35 
BAT RX 0x323 [8] 20 0E 10 00 00 00 00 00 
BAT RX 0x324 [8] 02 43 30 37 00 00 00 00 
BAT RX 0x322 [8] 01 14 00 E8 03 01 64 64 
BAT RX 0x320 [8] 50 41 C3 85 85 00 00 00 
BAT RX 0x319 [8] 40 0D 3C 0D 28 1D 11 00 
BAT RX 0x318 [8] 0D 2A 0D 29 0D 29 0D 28 
BAT RX 0x317 [8] 0D 3C 0D 3B 0D 3A 0D 39 
BAT RX 0x316 [8] 0D 31 0D 31 0D 30 0D 2A 
BAT RX 0x315 [8] 0D 36 0D 36 0D 36 0D 36 
BAT RX 0x314 [8] 5B 54 5B 54 00 14 05 44 
BAT RX 0x313 [8] 15 18 00 00 00 FE 64 63 
BAT RX 0x312 [8] 00 00 00 00 02 02 00 00 
BAT RX 0x311 [8] 02 38 00 00 08 24 01 21 
[keepalive] twai_transmit() -> ESP_OK
[489s] OK V=54.00V I=+0.0A T=25.4C SOC=100% SOH=99% | CVL=56.8V CCL=0.0A DCL=208.4A | chg=0 dis=1 fc1=0 fc2=0 | prot=0000 warn=0000 | packs=2 | inv0x305=no
BAT RX 0x330 [8] 02 0D 02 01 0D 3D 0D 28 
BAT RX 0x329 [8] 02 00 1A 25 02 00 40 D1 
BAT RX 0x323 [8] 20 0E 10 00 00 00 00 00 
BAT RX 0x324 [8] 00 02 47 50 4A 30 32 31 
BAT RX 0x322 [8] 01 14 00 E8 03 01 64 64 
BAT RX 0x320 [8] 50 41 C3 85 85 00 00 00 
BAT RX 0x319 [8] 40 0D 3D 0D 28 1D 11 00 
BAT RX 0x318 [8] 0D 2B 0D 29 0D 29 0D 28 
BAT RX 0x317 [8] 0D 3D 0D 3B 0D 3A 0D 39 
BAT RX 0x316 [8] 0D 31 0D 31 0D 30 0D 2A 
BAT RX 0x315 [8] 0D 36 0D 36 0D 36 0D 36 
BAT RX 0x314 [8] 5B 54 5B 54 00 15 05 44 
BAT RX 0x313 [8] 15 18 00 00 00 FE 64 63 
BAT RX 0x312 [8] 00 00 00 00 02 02 00 00 
BAT RX 0x311 [8] 02 38 00 00 08 24 01 21 
[keepalive] twai_transmit() -> ESP_OK
BAT RX 0x330 [8] 02 0D 02 0F 0D 3D 0D 28 
BAT RX 0x329 [8] 01 00 22 9C 01 00 40 35 
BAT RX 0x323 [8] 20 0E 10 00 00 00 00 00 
BAT RX 0x324 [8] 01 39 35 32 32 30 36 32 
BAT RX 0x322 [8] 01 14 00 E8 03 01 64 64 
BAT RX 0x320 [8] 50 41 C3 85 85 00 00 00 
BAT RX 0x319 [8] 40 0D 3D 0D 28 1D 1F 00 
BAT RX 0x318 [8] 0D 2A 0D 29 0D 29 0D 28 
BAT RX 0x317 [8] 0D 3D 0D 3A 0D 3A 0D 39 
BAT RX 0x316 [8] 0D 31 0D 30 0D 30 0D 2A 
BAT RX 0x315 [8] 0D 36 0D 36 0D 36 0D 36 
BAT RX 0x314 [8] 5B 54 5B 54 00 15 05 44 
BAT RX 0x313 [8] 15 18 00 00 00 FE 64 63 
BAT RX 0x312 [8] 00 00 00 00 02 02 00 00 
BAT RX 0x311 [8] 02 38 00 00 08 24 01 21 
[keepalive] twai_transmit() -> ESP_OK
[491s] OK V=54.00V I=+0.0A T=25.4C SOC=100% SOH=99% | CVL=56.8V CCL=0.0A DCL=208.4A | chg=0 dis=1 fc1=0 fc2=0 | prot=0000 warn=0000 | packs=2 | inv0x305=no
BAT RX 0x330 [8] 02 0D 02 01 0D 3C 0D 28 
BAT RX 0x329 [8] 02 00 1A 25 02 00 40 D1 
BAT RX 0x323 [8] 20 0E 10 00 00 00 00 00 
BAT RX 0x324 [8] 02 42 42 37 00 00 00 00 
BAT RX 0x322 [8] 01 14 00 E8 03 01 64 64 
BAT RX 0x320 [8] 50 41 C3 85 85 00 00 00 
BAT RX 0x319 [8] 40 0D 3C 0D 28 1D 11 00 
BAT RX 0x318 [8] 0D 2A 0D 29 0D 29 0D 28 
BAT RX 0x317 [8] 0D 3C 0D 3B 0D 3A 0D 39 
BAT RX 0x316 [8] 0D 31 0D 31 0D 30 0D 2A 
BAT RX 0x315 [8] 0D 36 0D 36 0D 36 0D 35 
BAT RX 0x314 [8] 5B 54 5B 54 00 14 05 44 
BAT RX 0x313 [8] 15 18 00 03 00 FE 64 63 
BAT RX 0x312 [8] 00 00 00 00 02 02 00 00 
BAT RX 0x311 [8] 02 38 00 00 08 24 01 21 
[keepalive] twai_transmit() -> ESP_OK
BAT RX 0x330 [8] 02 0D 01 01 0D 3C 0D 29 
BAT RX 0x329 [8] 01 00 22 9C 01 00 40 35 
BAT RX 0x323 [8] 20 0E 10 00 00 00 00 00 
BAT RX 0x324 [8] 00 01 47 50 4A 30 32 31 
BAT RX 0x322 [8] 01 14 00 E8 03 01 64 64 
BAT RX 0x320 [8] 50 41 C3 85 85 00 00 00 
BAT RX 0x319 [8] 40 0D 3C 0D 29 1D 01 00 
BAT RX 0x318 [8] 0D 2A 0D 29 0D 29 0D 29 
BAT RX 0x317 [8] 0D 3C 0D 3A 0D 3A 0D 39 
BAT RX 0x316 [8] 0D 31 0D 31 0D 30 0D 2A 
BAT RX 0x315 [8] 0D 36 0D 36 0D 36 0D 35 
BAT RX 0x314 [8] 5B 54 5B 54 00 13 05 44 
BAT RX 0x313 [8] 15 18 00 03 00 FE 64 63 
BAT RX 0x312 [8] 00 00 00 00 02 02 00 00 
BAT RX 0x311 [8] 02 38 00 00 08 24 01 21 
[keepalive] twai_transmit() -> ESP_OK
[493s] OK V=54.00V I=+0.3A T=25.4C SOC=100% SOH=99% | CVL=56.8V CCL=0.0A DCL=208.4A | chg=0 dis=1 fc1=0 fc2=0 | prot=0000 warn=0000 | packs=2 | inv0x305=no
BAT RX 0x330 [8] 02 0D 02 01 0D 3D 0D 28 
BAT RX 0x329 [8] 02 00 1A 25 02 00 40 D1 
BAT RX 0x323 [8] 20 0E 10 00 00 00 00 00 
BAT RX 0x324 [8] 01 39 35 32 32 30 36 32 
BAT RX 0x322 [8] 01 14 00 E8 03 01 64 64 
BAT RX 0x320 [8] 50 41 C3 85 85 00 00 00 
BAT RX 0x319 [8] 40 0D 3D 0D 28 1D 11 00 
BAT RX 0x318 [8] 0D 2A 0D 28 0D 28 0D 28 
BAT RX 0x317 [8] 0D 3D 0D 3A 0D 39 0D 39 
BAT RX 0x316 [8] 0D 31 0D 31 0D 30 0D 2A 
BAT RX 0x315 [8] 0D 36 0D 36 0D 36 0D 35 
BAT RX 0x314 [8] 5B 54 5B 54 00 15 05 44 
BAT RX 0x313 [8] 15 18 00 03 00 FE 64 63 
BAT RX 0x312 [8] 00 00 00 00 02 02 00 00 
BAT RX 0x311 [8] 02 38 00 00 08 24 01 21 
[keepalive] twai_transmit() -> ESP_OK
BAT RX 0x330 [8] 02 0D 02 01 0D 3C 0D 28 
BAT RX 0x329 [8] 01 00 22 9C 01 00 40 35 
BAT RX 0x323 [8] 20 0E 10 00 00 00 00 00 
BAT RX 0x324 [8] 02 43 30 37 00 00 00 00 
BAT RX 0x322 [8] 01 14 00 E8 03 01 64 64 
BAT RX 0x320 [8] 50 41 C3 85 85 00 00 00 
BAT RX 0x319 [8] 40 0D 3C 0D 28 1D 11 00 
BAT RX 0x318 [8] 0D 2A 0D 29 0D 29 0D 28 
BAT RX 0x317 [8] 0D 3C 0D 3B 0D 3A 0D 39 
BAT RX 0x316 [8] 0D 31 0D 31 0D 30 0D 2A 
BAT RX 0x315 [8] 0D 36 0D 36 0D 36 0D 35 
BAT RX 0x314 [8] 5B 54 5B 54 00 14 05 44 
BAT RX 0x313 [8] 15 18 00 00 00 FE 64 63 

---- battery-bus rate stats (VERBOSE_STATS) ----------------------------
  6684 frames, 495 s elapsed
  ID     count   period(ms)  (min-max gap)
  0x312     445    996 (7-1000)
  0x313     446    996 (3-1000)
  0x314     446    996 (4-1000)
  0x315     446    996 (4-1000)
  0x316     446    996 (3-1000)
  0x317     446    996 (3-1000)
  0x318     446    996 (4-1000)
  0x319     446    996 (4-1000)
  0x320     446    996 (4-1000)
  0x322     446    996 (4-1000)
  0x311     445    996 (4-1000)
  0x323     445    998 (767-1000)
  0x324     445    998 (768-1000)
  0x329     445    998 (757-1000)
  0x330     445    998 (746-1000)
--------------------------------------------------------------------------

  TWAI: state=RUNNING  tx_err=0 rx_err=0  tx_failed=0  rx_missed=0 rx_overrun=0  arb_lost=0  bus_err=190881
BAT RX 0x312 [8] 00 00 00 00 02 02 00 00 
BAT RX 0x311 [8] 02 38 00 00 08 24 01 21 
[keepalive] twai_transmit() -> ESP_OK
[495s] OK V=54.00V I=+0.0A T=25.4C SOC=100% SOH=99% | CVL=56.8V CCL=0.0A DCL=208.4A | chg=0 dis=1 fc1=0 fc2=0 | prot=0000 warn=0000 | packs=2 | inv0x305=no
BAT RX 0x330 [8] 02 0D 02 01 0D 3C 0D 28 
BAT RX 0x329 [8] 02 00 1A 25 02 00 40 D1 
BAT RX 0x323 [8] 20 0E 10 00 00 00 00 00 
BAT RX 0x324 [8] 00 02 47 50 4A 30 32 31 
BAT RX 0x322 [8] 01 14 00 E8 03 01 64 64 
BAT RX 0x320 [8] 50 41 C3 85 85 00 00 00 
BAT RX 0x319 [8] 40 0D 3C 0D 28 1D 11 00 
BAT RX 0x318 [8] 0D 2A 0D 29 0D 28 0D 28 
BAT RX 0x317 [8] 0D 3C 0D 3B 0D 3A 0D 39 
BAT RX 0x316 [8] 0D 31 0D 31 0D 30 0D 2A 
BAT RX 0x315 [8] 0D 36 0D 36 0D 36 0D 35 
BAT RX 0x314 [8] 5B 54 5B 54 00 14 05 44 
BAT RX 0x313 [8] 15 18 00 00 00 FE 64 63 
BAT RX 0x312 [8] 00 00 00 00 02 02 00 00 
BAT RX 0x311 [8] 02 38 00 00 08 24 01 21 
[keepalive] twai_transmit() -> ESP_OK
BAT RX 0x330 [8] 02 0D 02 0F 0D 3C 0D 28 
BAT RX 0x329 [8] 01 00 22 9C 01 00 40 35 
BAT RX 0x323 [8] 20 0E 10 00 00 00 00 00 
BAT RX 0x324 [8] 01 39 35 32 32 30 36 32 
BAT RX 0x322 [8] 01 14 00 E8 03 01 64 64 
BAT RX 0x320 [8] 50 41 C3 85 85 00 00 00 
BAT RX 0x319 [8] 40 0D 3C 0D 28 1D 1F 00 
BAT RX 0x318 [8] 0D 2A 0D 29 0D 29 0D 28 
BAT RX 0x317 [8] 0D 3C 0D 3A 0D 39 0D 39 
BAT RX 0x316 [8] 0D 30 0D 30 0D 30 0D 2A 
BAT RX 0x315 [8] 0D 36 0D 36 0D 36 0D 36 
BAT RX 0x314 [8] 5B 54 5B 54 00 14 05 44 
BAT RX 0x313 [8] 15 18 00 00 00 FE 64 63 
BAT RX 0x312 [8] 00 00 00 00 02 02 00 00 
BAT RX 0x311 [8] 02 38 00 00 08 24 01 21 
[keepalive] twai_transmit() -> ESP_OK
[497s] OK V=54.00V I=+0.0A T=25.4C SOC=100% SOH=99% | CVL=56.8V CCL=0.0A DCL=208.4A | chg=0 dis=1 fc1=0 fc2=0 | prot=0000 warn=0000 | packs=2 | inv0x305=no
BAT RX 0x330 [8] 02 0D 02 01 0D 3C 0D 28 
BAT RX 0x329 [8] 02 00 1A 25 02 00 40 D1 
BAT RX 0x323 [8] 20 0E 10 00 00 00 00 00 
BAT RX 0x324 [8] 02 42 42 37 00 00 00 00 
BAT RX 0x322 [8] 01 14 00 E8 03 01 64 64 
BAT RX 0x320 [8] 50 41 C3 85 85 00 00 00 
BAT RX 0x319 [8] 40 0D 3C 0D 28 1D 11 00 
BAT RX 0x318 [8] 0D 2A 0D 29 0D 28 0D 28 
BAT RX 0x317 [8] 0D 3C 0D 3B 0D 3A 0D 39 
BAT RX 0x316 [8] 0D 31 0D 31 0D 30 0D 29 
BAT RX 0x315 [8] 0D 36 0D 36 0D 36 0D 35 
BAT RX 0x314 [8] 5B 54 5B 54 00 14 05 44 
BAT RX 0x313 [8] 15 18 00 00 00 FE 64 63 
BAT RX 0x312 [8] 00 00 00 00 02 02 00 00 
BAT RX 0x311 [8] 02 38 00 00 08 24 01 21 
[keepalive] twai_transmit() -> ESP_OK
BAT RX 0x330 [8] 02 0D 02 01 0D 3C 0D 28 
BAT RX 0x329 [8] 01 00 22 9C 01 00 40 35 
BAT RX 0x323 [8] 20 0E 10 00 00 00 00 00 
BAT RX 0x324 [8] 00 01 47 50 4A 30 32 31 
BAT RX 0x322 [8] 01 14 00 E8 03 01 64 64 
BAT RX 0x320 [8] 50 41 C3 85 85 00 00 00 
BAT RX 0x319 [8] 40 0D 3C 0D 28 1D 11 00 
BAT RX 0x318 [8] 0D 2A 0D 29 0D 28 0D 28 
BAT RX 0x317 [8] 0D 3C 0D 3B 0D 3A 0D 39 
BAT RX 0x316 [8] 0D 31 0D 30 0D 30 0D 2B 
BAT RX 0x315 [8] 0D 36 0D 36 0D 35 0D 35 
BAT RX 0x314 [8] 5B 54 5B 54 00 14 05 44 
BAT RX 0x313 [8] 15 18 00 00 00 FE 64 63 
BAT RX 0x312 [8] 00 00 00 00 02 02 00 00 
BAT RX 0x311 [8] 02 38 00 00 08 24 01 21 
[keepalive] twai_transmit() -> ESP_OK
[499s] OK V=54.00V I=+0.0A T=25.4C SOC=100% SOH=99% | CVL=56.8V CCL=0.0A DCL=208.4A | chg=0 dis=1 fc1=0 fc2=0 | prot=0000 warn=0000 | packs=2 | inv0x305=no
BAT RX 0x330 [8] 02 0D 02 01 0D 3C 0D 28 
BAT RX 0x329 [8] 02 00 1A 25 02 00 40 D1 
BAT RX 0x323 [8] 20 0E 10 00 00 00 00 00 
BAT RX 0x324 [8] 01 39 35 32 32 30 36 32 
BAT RX 0x322 [8] 01 14 00 E8 03 01 64 64 
BAT RX 0x320 [8] 50 41 C3 85 85 00 00 00 
BAT RX 0x319 [8] 40 0D 3C 0D 28 1D 11 00 
BAT RX 0x318 [8] 0D 2A 0D 29 0D 28 0D 28 
BAT RX 0x317 [8] 0D 3C 0D 3B 0D 3A 0D 39 
BAT RX 0x316 [8] 0D 31 0D 30 0D 30 0D 29 
BAT RX 0x315 [8] 0D 36 0D 35 0D 35 0D 35 
BAT RX 0x314 [8] 5B 54 5B 54 00 14 05 44 
BAT RX 0x313 [8] 15 18 00 00 00 FE 64 63 
BAT RX 0x312 [8] 00 00 00 00 02 02 00 00 
BAT RX 0x311 [8] 02 38 00 00 08 24 01 21 
[keepalive] twai_transmit() -> ESP_OK
BAT RX 0x330 [8] 02 0D 02 01 0D 3C 0D 28 
BAT RX 0x329 [8] 01 00 22 9C 01 00 40 35 
BAT RX 0x323 [8] 20 0E 10 00 00 00 00 00 
BAT RX 0x324 [8] 02 43 30 37 00 00 00 00 
BAT RX 0x322 [8] 01 14 00 E8 03 01 64 64 
BAT RX 0x320 [8] 50 41 C3 85 85 00 00 00 
BAT RX 0x319 [8] 40 0D 3C 0D 28 1D 11 00 
BAT RX 0x318 [8] 0D 2A 0D 29 0D 28 0D 28 
BAT RX 0x317 [8] 0D 3C 0D 3A 0D 39 0D 39 
BAT RX 0x316 [8] 0D 30 0D 30 0D 30 0D 29 
BAT RX 0x315 [8] 0D 36 0D 35 0D 35 0D 35 
BAT RX 0x314 [8] 5B 54 5B 54 00 14 05 44 
BAT RX 0x313 [8] 15 18 00 03 00 FE 64 63 
BAT RX 0x312 [8] 00 00 00 00 02 02 00 00 
BAT RX 0x311 [8] 02 38 00 00 08 24 01 21 
[keepalive] twai_transmit() -> ESP_OK
[501s] OK V=54.00V I=+0.3A T=25.4C SOC=100% SOH=99% | CVL=56.8V CCL=0.0A DCL=208.4A | chg=0 dis=1 fc1=0 fc2=0 | prot=0000 warn=0000 | packs=2 | inv0x305=no
BAT RX 0x330 [8] 02 0D 02 0F 0D 3C 0D 28 
BAT RX 0x329 [8] 02 00 1A 25 02 00 40 D1 
BAT RX 0x323 [8] 20 0E 10 00 00 00 00 00 
BAT RX 0x324 [8] 00 02 47 50 4A 30 32 31 
BAT RX 0x322 [8] 01 14 00 E8 03 01 64 64 
BAT RX 0x320 [8] 50 41 C3 85 85 00 00 00 
BAT RX 0x319 [8] 40 0D 3C 0D 28 1D 1F 00 
BAT RX 0x318 [8] 0D 2A 0D 29 0D 29 0D 28 
BAT RX 0x317 [8] 0D 3C 0D 3A 0D 39 0D 39 
BAT RX 0x316 [8] 0D 31 0D 30 0D 30 0D 2A 
BAT RX 0x315 [8] 0D 36 0D 35 0D 35 0D 35 
BAT RX 0x314 [8] 5B 54 5B 54 00 14 05 44 
BAT RX 0x313 [8] 15 18 00 00 00 FE 64 63 
BAT RX 0x312 [8] 00 00 00 00 02 02 00 00 
BAT RX 0x311 [8] 02 38 00 00 08 24 01 21 
[keepalive] twai_transmit() -> ESP_OK
BAT RX 0x330 [8] 02 0D 02 01 0D 3C 0D 28 
BAT RX 0x329 [8] 01 00 22 9C 01 00 40 35 
BAT RX 0x323 [8] 20 0E 10 00 00 00 00 00 
BAT RX 0x324 [8] 01 39 35 32 32 30 36 32 
BAT RX 0x322 [8] 01 14 00 E8 03 01 64 64 
BAT RX 0x320 [8] 50 41 C3 85 85 00 00 00 
BAT RX 0x319 [8] 40 0D 3C 0D 28 1D 11 00 
BAT RX 0x318 [8] 0D 2A 0D 29 0D 28 0D 28 
BAT RX 0x317 [8] 0D 3C 0D 3A 0D 3A 0D 39 
BAT RX 0x316 [8] 0D 31 0D 30 0D 30 0D 29 
BAT RX 0x315 [8] 0D 35 0D 35 0D 35 0D 35 
BAT RX 0x314 [8] 5B 54 5B 54 00 14 05 44 
BAT RX 0x313 [8] 15 18 00 00 00 FE 64 63 
BAT RX 0x312 [8] 00 00 00 00 02 02 00 00 
BAT RX 0x311 [8] 02 38 00 00 08 24 01 21 
[keepalive] twai_transmit() -> ESP_OK
[503s] OK V=54.00V I=+0.0A T=25.4C SOC=100% SOH=99% | CVL=56.8V CCL=0.0A DCL=208.4A | chg=0 dis=1 fc1=0 fc2=0 | prot=0000 warn=0000 | packs=2 | inv0x305=no
BAT RX 0x330 [8] 02 0D 02 01 0D 3D 0D 28 
BAT RX 0x329 [8] 02 00 1A 25 02 00 40 D1 
BAT RX 0x323 [8] 20 0E 10 00 00 00 00 00 
BAT RX 0x324 [8] 02 42 42 37 00 00 00 00 
BAT RX 0x322 [8] 01 14 00 E8 03 01 64 64 
BAT RX 0x320 [8] 50 41 C3 85 85 00 00 00 
BAT RX 0x319 [8] 40 0D 3D 0D 28 1D 11 00 
BAT RX 0x318 [8] 0D 2A 0D 28 0D 28 0D 28 
BAT RX 0x317 [8] 0D 3D 0D 3A 0D 39 0D 39 
BAT RX 0x316 [8] 0D 31 0D 30 0D 30 0D 2A 
BAT RX 0x315 [8] 0D 36 0D 35 0D 35 0D 35 
BAT RX 0x314 [8] 5B 54 5B 54 00 15 05 44 
BAT RX 0x313 [8] 15 18 00 00 00 FE 64 63 
BAT RX 0x312 [8] 00 00 00 00 02 02 00 00 
BAT RX 0x311 [8] 02 38 00 00 08 24 01 21 
[keepalive] twai_transmit() -> ESP_OK
BAT RX 0x330 [8] 02 0D 02 0F 0D 3C 0D 28 
BAT RX 0x329 [8] 01 00 22 9C 01 00 40 35 
BAT RX 0x323 [8] 20 0E 10 00 00 00 00 00 
BAT RX 0x324 [8] 00 01 47 50 4A 30 32 31 
BAT RX 0x322 [8] 01 14 00 E8 03 01 64 64 
BAT RX 0x320 [8] 50 41 C3 85 85 00 00 00 
BAT RX 0x319 [8] 40 0D 3C 0D 28 1D 1F 00 
BAT RX 0x318 [8] 0D 2A 0D 29 0D 29 0D 28 
BAT RX 0x317 [8] 0D 3C 0D 3B 0D 39 0D 39 
BAT RX 0x316 [8] 0D 31 0D 30 0D 30 0D 29 
BAT RX 0x315 [8] 0D 36 0D 35 0D 35 0D 35 
BAT RX 0x314 [8] 5B 54 5B 54 00 14 05 44 
BAT RX 0x313 [8] 15 18 00 00 00 FE 64 63 
BAT RX 0x312 [8] 00 00 00 00 02 02 00 00 
BAT RX 0x311 [8] 02 38 00 00 08 24 01 21 
[keepalive] twai_transmit() -> ESP_OK
[505s] OK V=54.00V I=+0.0A T=25.4C SOC=100% SOH=99% | CVL=56.8V CCL=0.0A DCL=208.4A | chg=0 dis=1 fc1=0 fc2=0 | prot=0000 warn=0000 | packs=2 | inv0x305=no
BAT RX 0x330 [8] 02 0D 02 01 0D 3C 0D 28 
BAT RX 0x329 [8] 02 00 1A 25 02 00 40 D1 
BAT RX 0x323 [8] 20 0E 10 00 00 00 00 00 
BAT RX 0x324 [8] 01 39 35 32 32 30 36 32 
BAT RX 0x322 [8] 01 14 00 E8 03 01 64 64 
BAT RX 0x320 [8] 50 41 C3 85 85 00 00 00 
BAT RX 0x319 [8] 40 0D 3C 0D 28 1D 11 00 
BAT RX 0x318 [8] 0D 2A 0D 29 0D 28 0D 28 
BAT RX 0x317 [8] 0D 3C 0D 3A 0D 39 0D 39 
BAT RX 0x316 [8] 0D 30 0D 30 0D 30 0D 2A 
BAT RX 0x315 [8] 0D 36 0D 36 0D 35 0D 35 
BAT RX 0x314 [8] 5B 54 5B 54 00 14 05 44 
BAT RX 0x313 [8] 15 18 00 00 00 FE 64 63 
BAT RX 0x312 [8] 00 00 00 00 02 02 00 00 
BAT RX 0x311 [8] 02 38 00 00 08 24 01 21 
[keepalive] twai_transmit() -> ESP_OK
BAT RX 0x330 [8] 02 0D 02 01 0D 3C 0D 28 
BAT RX 0x329 [8] 01 00 22 9C 01 00 40 35 
BAT RX 0x323 [8] 20 0E 10 00 00 00 00 00 
BAT RX 0x324 [8] 02 43 30 37 00 00 00 00 
BAT RX 0x322 [8] 01 14 00 E8 03 01 64 64 
BAT RX 0x320 [8] 50 41 C3 85 85 00 00 00 
BAT RX 0x319 [8] 40 0D 3C 0D 28 1D 11 00 
BAT RX 0x318 [8] 0D 2A 0D 29 0D 28 0D 28 
BAT RX 0x317 [8] 0D 3C 0D 3A 0D 39 0D 39 
BAT RX 0x316 [8] 0D 30 0D 30 0D 30 0D 2A 
BAT RX 0x315 [8] 0D 35 0D 35 0D 35 0D 35 
BAT RX 0x314 [8] 5B 54 5B 54 00 14 05 44 
BAT RX 0x313 [8] 15 18 00 00 00 FE 64 63 
BAT RX 0x312 [8] 00 00 00 00 02 02 00 00 
BAT RX 0x311 [8] 02 38 00 00 08 24 01 21 
[keepalive] twai_transmit() -> ESP_OK
[507s] OK V=54.00V I=+0.0A T=25.4C SOC=100% SOH=99% | CVL=56.8V CCL=0.0A DCL=208.4A | chg=0 dis=1 fc1=0 fc2=0 | prot=0000 warn=0000 | packs=2 | inv0x305=no
BAT RX 0x330 [8] 02 0D 02 01 0D 3C 0D 28 
BAT RX 0x329 [8] 02 00 1A 25 02 00 40 D1 
BAT RX 0x323 [8] 20 0E 10 00 00 00 00 00 
BAT RX 0x324 [8] 00 02 47 50 4A 30 32 31 
BAT RX 0x322 [8] 01 14 00 E8 03 01 64 64 
BAT RX 0x320 [8] 50 41 C3 85 85 00 00 00 
BAT RX 0x319 [8] 40 0D 3C 0D 28 1D 11 00 
BAT RX 0x318 [8] 0D 2A 0D 29 0D 28 0D 28 
BAT RX 0x317 [8] 0D 3C 0D 3A 0D 39 0D 39 
BAT RX 0x316 [8] 0D 31 0D 30 0D 30 0D 29 
BAT RX 0x315 [8] 0D 35 0D 35 0D 35 0D 35 
BAT RX 0x314 [8] 5B 54 5B 54 00 14 05 44 
BAT RX 0x313 [8] 15 18 00 00 00 FE 64 63 
BAT RX 0x312 [8] 00 00 00 00 02 02 00 00 
BAT RX 0x311 [8] 02 38 00 00 08 24 01 21 
[keepalive] twai_transmit() -> ESP_OK
BAT RX 0x330 [8] 02 0D 02 01 0D 3C 0D 28 
BAT RX 0x329 [8] 01 00 22 9C 01 00 40 35 
BAT RX 0x323 [8] 20 0E 10 00 00 00 00 00 
BAT RX 0x324 [8] 01 39 35 32 32 30 36 32 
BAT RX 0x322 [8] 01 14 00 E8 03 01 64 64 
BAT RX 0x320 [8] 50 41 C3 85 85 00 00 00 
BAT RX 0x319 [8] 40 0D 3C 0D 28 1D 11 00 
BAT RX 0x318 [8] 0D 2A 0D 29 0D 28 0D 28 
BAT RX 0x317 [8] 0D 3C 0D 3A 0D 39 0D 39 
BAT RX 0x316 [8] 0D 30 0D 30 0D 30 0D 29 
BAT RX 0x315 [8] 0D 36 0D 35 0D 35 0D 35 
BAT RX 0x314 [8] 5B 54 5B 54 00 14 05 44 
BAT RX 0x313 [8] 15 18 00 00 00 FE 64 63 
BAT RX 0x312 [8] 00 00 00 00 02 02 00 00 
BAT RX 0x311 [8] 02 38 00 00 08 24 01 21 
[keepalive] twai_transmit() -> ESP_OK
[509s] OK V=54.00V I=+0.0A T=25.4C SOC=100% SOH=99% | CVL=56.8V CCL=0.0A DCL=208.4A | chg=0 dis=1 fc1=0 fc2=0 | prot=0000 warn=0000 | packs=2 | inv0x305=no
BAT RX 0x330 [8] 02 0D 02 01 0D 3C 0D 28 
BAT RX 0x329 [8] 02 00 1A 25 02 00 40 D1 
BAT RX 0x323 [8] 20 0E 10 00 00 00 00 00 
BAT RX 0x324 [8] 02 42 42 37 00 00 00 00 
BAT RX 0x322 [8] 01 14 00 E8 03 01 64 64 
BAT RX 0x320 [8] 50 41 C3 85 85 00 00 00 
BAT RX 0x319 [8] 40 0D 3C 0D 28 1D 11 00 
BAT RX 0x318 [8] 0D 2A 0D 29 0D 28 0D 28 
BAT RX 0x317 [8] 0D 3C 0D 3A 0D 39 0D 38 
BAT RX 0x316 [8] 0D 31 0D 30 0D 2F 0D 29 
BAT RX 0x315 [8] 0D 36 0D 35 0D 35 0D 35 
BAT RX 0x314 [8] 5B 54 5B 54 00 14 05 44 
BAT RX 0x313 [8] 15 18 00 00 00 FE 64 63 
BAT RX 0x312 [8] 00 00 00 00 02 02 00 00 

---- battery-bus rate stats (VERBOSE_STATS) ----------------------------
  6910 frames, 510 s elapsed
  ID     count   period(ms)  (min-max gap)
  0x312     461    996 (7-1000)
  0x313     461    996 (3-1000)
  0x314     461    996 (4-1000)
  0x315     461    996 (4-1000)
  0x316     461    996 (3-1000)
  0x317     461    996 (3-1000)
  0x318     461    996 (4-1000)
  0x319     461    996 (4-1000)
  0x320     461    996 (4-1000)
  0x322     461    996 (4-1000)
  0x311     460    996 (4-1000)
  0x323     460    998 (767-1000)
  0x324     460    998 (768-1000)
  0x329     460    998 (757-1000)
  0x330     460    998 (746-1000)
--------------------------------------------------------------------------

  TWAI: state=RUNNING  tx_err=0 rx_err=0  tx_failed=0  rx_missed=0 rx_overrun=0  arb_lost=0  bus_err=190881
BAT RX 0x311 [8] 02 38 00 00 08 24 01 21 
[keepalive] twai_transmit() -> ESP_OK
BAT RX 0x330 [8] 02 0D 02 01 0D 3C 0D 28 
BAT RX 0x329 [8] 01 00 22 9C 01 00 40 35 
BAT RX 0x323 [8] 20 0E 10 00 00 00 00 00 
BAT RX 0x324 [8] 00 01 47 50 4A 30 32 31 
BAT RX 0x322 [8] 01 14 00 E8 03 01 64 64 
BAT RX 0x320 [8] 50 41 C3 85 85 00 00 00 
BAT RX 0x319 [8] 40 0D 3C 0D 28 1D 11 00 
BAT RX 0x318 [8] 0D 2A 0D 28 0D 28 0D 28 
BAT RX 0x317 [8] 0D 3C 0D 3A 0D 39 0D 38 
BAT RX 0x316 [8] 0D 30 0D 30 0D 30 0D 2A 
BAT RX 0x315 [8] 0D 35 0D 35 0D 35 0D 35 
BAT RX 0x314 [8] 5B 54 5B 54 00 14 05 44 
BAT RX 0x313 [8] 15 18 00 03 00 FE 64 63 
BAT RX 0x312 [8] 00 00 00 00 02 02 00 00 
BAT RX 0x311 [8] 02 38 00 00 08 24 01 21 
[keepalive] twai_transmit() -> ESP_OK
[511s] OK V=54.00V I=+0.3A T=25.4C SOC=100% SOH=99% | CVL=56.8V CCL=0.0A DCL=208.4A | chg=0 dis=1 fc1=0 fc2=0 | prot=0000 warn=0000 | packs=2 | inv0x305=no
BAT RX 0x330 [8] 02 0D 02 01 0D 3C 0D 28 
BAT RX 0x329 [8] 02 00 1A 25 02 00 40 D1 
BAT RX 0x323 [8] 20 0E 10 00 00 00 00 00 
BAT RX 0x324 [8] 01 39 35 32 32 30 36 32 
BAT RX 0x322 [8] 01 14 00 E8 03 01 64 64 
BAT RX 0x320 [8] 50 41 C3 85 85 00 00 00 
BAT RX 0x319 [8] 40 0D 3C 0D 28 1D 11 00 
BAT RX 0x318 [8] 0D 2A 0D 29 0D 28 0D 28 
BAT RX 0x317 [8] 0D 3C 0D 3A 0D 39 0D 38 
BAT RX 0x316 [8] 0D 31 0D 30 0D 30 0D 29 
BAT RX 0x315 [8] 0D 35 0D 35 0D 35 0D 35 
BAT RX 0x314 [8] 5B 54 5B 54 00 14 05 44 
BAT RX 0x313 [8] 15 18 00 00 00 FE 64 63 
BAT RX 0x312 [8] 00 00 00 00 02 02 00 00 
BAT RX 0x311 [8] 02 38 00 00 08 24 01 21 
[keepalive] twai_transmit() -> ESP_OK
BAT RX 0x330 [8] 02 0D 02 01 0D 3C 0D 28 
BAT RX 0x329 [8] 01 00 22 9C 01 00 40 35 
BAT RX 0x323 [8] 20 0E 10 00 00 00 00 00 
BAT RX 0x324 [8] 02 43 30 37 00 00 00 00 
BAT RX 0x322 [8] 01 14 00 E8 03 01 64 64 
BAT RX 0x320 [8] 50 41 C3 85 85 00 00 00 
BAT RX 0x319 [8] 40 0D 3C 0D 28 1D 11 00 
BAT RX 0x318 [8] 0D 29 0D 29 0D 28 0D 28 
BAT RX 0x317 [8] 0D 3C 0D 3A 0D 39 0D 38 
BAT RX 0x316 [8] 0D 30 0D 30 0D 30 0D 2A 
BAT RX 0x315 [8] 0D 35 0D 35 0D 35 0D 35 
BAT RX 0x314 [8] 5B 54 5B 54 00 14 05 44 
BAT RX 0x313 [8] 15 18 00 03 00 FE 64 63 
BAT RX 0x312 [8] 00 00 00 00 02 02 00 00 
BAT RX 0x311 [8] 02 38 00 00 08 24 01 21 
[keepalive] twai_transmit() -> ESP_OK
[513s] OK V=54.00V I=+0.3A T=25.4C SOC=100% SOH=99% | CVL=56.8V CCL=0.0A DCL=208.4A | chg=0 dis=1 fc1=0 fc2=0 | prot=0000 warn=0000 | packs=2 | inv0x305=no
BAT RX 0x330 [8] 02 0D 02 01 0D 3B 0D 28 
BAT RX 0x329 [8] 02 00 1A 25 02 00 40 D1 
BAT RX 0x323 [8] 20 0E 10 00 00 00 00 00 
BAT RX 0x324 [8] 00 02 47 50 4A 30 32 31 
BAT RX 0x322 [8] 01 14 00 E8 03 01 64 64 
BAT RX 0x320 [8] 50 41 C3 85 85 00 00 00 
BAT RX 0x319 [8] 40 0D 3B 0D 28 1D 11 00 
BAT RX 0x318 [8] 0D 29 0D 28 0D 28 0D 28 
BAT RX 0x317 [8] 0D 3B 0D 3A 0D 39 0D 39 
BAT RX 0x316 [8] 0D 31 0D 30 0D 30 0D 29 
BAT RX 0x315 [8] 0D 36 0D 35 0D 35 0D 35 
BAT RX 0x314 [8] 5B 54 5B 54 00 13 05 44 
BAT RX 0x313 [8] 15 18 00 00 00 FE 64 63 
BAT RX 0x312 [8] 00 00 00 00 02 02 00 00 
BAT RX 0x311 [8] 02 38 00 00 08 24 01 21 
[keepalive] twai_transmit() -> ESP_OK
BAT RX 0x330 [8] 02 0D 02 01 0D 3C 0D 27 
BAT RX 0x329 [8] 01 00 22 9C 01 00 40 35 
BAT RX 0x323 [8] 20 0E 10 00 00 00 00 00 
BAT RX 0x324 [8] 01 39 35 32 32 30 36 32 
BAT RX 0x322 [8] 01 14 00 E8 03 01 64 64 
BAT RX 0x320 [8] 50 41 C3 85 85 00 00 00 
BAT RX 0x319 [8] 40 0D 3C 0D 27 1D 11 00 
BAT RX 0x318 [8] 0D 29 0D 28 0D 28 0D 27 
BAT RX 0x317 [8] 0D 3C 0D 3A 0D 39 0D 38 
BAT RX 0x316 [8] 0D 30 0D 30 0D 30 0D 2A 
BAT RX 0x315 [8] 0D 35 0D 35 0D 35 0D 35 
BAT RX 0x314 [8] 5B 54 5B 54 00 15 05 44 
BAT RX 0x313 [8] 15 18 00 03 00 FE 64 63 
BAT RX 0x312 [8] 00 00 00 00 02 02 00 00 
BAT RX 0x311 [8] 02 38 00 00 08 24 01 21 
[keepalive] twai_transmit() -> ESP_OK
[515s] OK V=54.00V I=+0.3A T=25.4C SOC=100% SOH=99% | CVL=56.8V CCL=0.0A DCL=208.4A | chg=0 dis=1 fc1=0 fc2=0 | prot=0000 warn=0000 | packs=2 | inv0x305=no
BAT RX 0x330 [8] 02 0D 01 01 0D 3C 0D 28 
BAT RX 0x329 [8] 02 00 1A 25 02 00 40 D1 
BAT RX 0x323 [8] 20 0E 10 00 00 00 00 00 
BAT RX 0x324 [8] 02 42 42 37 00 00 00 00 
BAT RX 0x322 [8] 01 14 00 E8 03 01 64 64 
BAT RX 0x320 [8] 50 41 C3 85 85 00 00 00 
BAT RX 0x319 [8] 40 0D 3C 0D 28 1D 01 00 
BAT RX 0x318 [8] 0D 2A 0D 28 0D 28 0D 28 
BAT RX 0x317 [8] 0D 3C 0D 3A 0D 39 0D 38 
BAT RX 0x316 [8] 0D 31 0D 30 0D 30 0D 29 
BAT RX 0x315 [8] 0D 35 0D 35 0D 35 0D 35 
BAT RX 0x314 [8] 5B 54 5B 54 00 14 05 44 
BAT RX 0x313 [8] 15 18 00 00 00 FE 64 63 
BAT RX 0x312 [8] 00 00 00 00 02 02 00 00 
BAT RX 0x311 [8] 02 38 00 00 08 24 01 21 
[keepalive] twai_transmit() -> ESP_OK
BAT RX 0x330 [8] 02 0D 02 01 0D 3C 0D 28 
BAT RX 0x329 [8] 01 00 22 9C 01 00 40 35 
BAT RX 0x323 [8] 20 0E 10 00 00 00 00 00 
BAT RX 0x324 [8] 00 01 47 50 4A 30 32 31 
BAT RX 0x322 [8] 01 14 00 E8 03 01 64 64 
BAT RX 0x320 [8] 50 41 C3 85 85 00 00 00 
BAT RX 0x319 [8] 40 0D 3C 0D 28 1D 11 00 
BAT RX 0x318 [8] 0D 2A 0D 28 0D 28 0D 28 
BAT RX 0x317 [8] 0D 3C 0D 3A 0D 39 0D 39 
BAT RX 0x316 [8] 0D 31 0D 30 0D 30 0D 29 
BAT RX 0x315 [8] 0D 35 0D 35 0D 35 0D 35 
BAT RX 0x314 [8] 5B 54 5B 54 00 14 05 44 
BAT RX 0x313 [8] 15 18 00 00 00 FE 64 63 
BAT RX 0x312 [8] 00 00 00 00 02 02 00 00 
BAT RX 0x311 [8] 02 38 00 00 08 24 01 21 
[keepalive] twai_transmit() -> ESP_OK
[517s] OK V=54.00V I=+0.0A T=25.4C SOC=100% SOH=99% | CVL=56.8V CCL=0.0A DCL=208.4A | chg=0 dis=1 fc1=0 fc2=0 | prot=0000 warn=0000 | packs=2 | inv0x305=no
BAT RX 0x330 [8] 02 0D 02 01 0D 3C 0D 28 
BAT RX 0x329 [8] 02 00 1A 25 02 00 40 D1 
BAT RX 0x323 [8] 20 0E 10 00 00 00 00 00 
BAT RX 0x324 [8] 01 39 35 32 32 30 36 32 
BAT RX 0x322 [8] 01 14 00 E8 03 01 64 64 
BAT RX 0x320 [8] 50 41 C3 85 85 00 00 00 
BAT RX 0x319 [8] 40 0D 3C 0D 28 1D 11 00 
BAT RX 0x318 [8] 0D 2A 0D 28 0D 28 0D 28 
BAT RX 0x317 [8] 0D 3C 0D 3A 0D 39 0D 38 
BAT RX 0x316 [8] 0D 30 0D 30 0D 30 0D 29 
BAT RX 0x315 [8] 0D 35 0D 35 0D 35 0D 35 
BAT RX 0x314 [8] 5B 54 5B 54 00 14 05 44 
BAT RX 0x313 [8] 15 18 00 03 00 FE 64 63 
BAT RX 0x312 [8] 00 00 00 00 02 02 00 00 
BAT RX 0x311 [8] 02 38 00 00 08 24 01 21 
[keepalive] twai_transmit() -> ESP_OK
BAT RX 0x330 [8] 02 0D 02 01 0D 3C 0D 27 
BAT RX 0x329 [8] 01 00 22 9C 01 00 40 35 
BAT RX 0x323 [8] 20 0E 10 00 00 00 00 00 
BAT RX 0x324 [8] 02 43 30 37 00 00 00 00 
BAT RX 0x322 [8] 01 14 00 E8 03 01 64 64 
BAT RX 0x320 [8] 50 41 C3 85 85 00 00 00 
BAT RX 0x319 [8] 40 0D 3C 0D 27 1D 11 00 
BAT RX 0x318 [8] 0D 2A 0D 28 0D 28 0D 27 
BAT RX 0x317 [8] 0D 3C 0D 3A 0D 39 0D 38 
BAT RX 0x316 [8] 0D 31 0D 30 0D 30 0D 29 
BAT RX 0x315 [8] 0D 35 0D 35 0D 35 0D 34 
BAT RX 0x314 [8] 5B 54 5B 54 00 15 05 44 
BAT RX 0x313 [8] 15 18 00 03 00 FE 64 63 
BAT RX 0x312 [8] 00 00 00 00 02 02 00 00 
BAT RX 0x311 [8] 02 38 00 00 08 24 01 21 
[keepalive] twai_transmit() -> ESP_OK
[519s] OK V=54.00V I=+0.3A T=25.4C SOC=100% SOH=99% | CVL=56.8V CCL=0.0A DCL=208.4A | chg=0 dis=1 fc1=0 fc2=0 | prot=0000 warn=0000 | packs=2 | inv0x305=no
BAT RX 0x330 [8] 02 0D 02 01 0D 3C 0D 28 
BAT RX 0x329 [8] 02 00 1A 25 02 00 40 D1 
BAT RX 0x323 [8] 20 0E 10 00 00 00 00 00 
BAT RX 0x324 [8] 00 02 47 50 4A 30 32 31 
BAT RX 0x322 [8] 01 14 00 E8 03 01 64 64 
BAT RX 0x320 [8] 50 41 C3 85 85 00 00 00 
BAT RX 0x319 [8] 40 0D 3C 0D 28 1D 11 00 
BAT RX 0x318 [8] 0D 2A 0D 28 0D 28 0D 28 
BAT RX 0x317 [8] 0D 3C 0D 3A 0D 39 0D 38 
BAT RX 0x316 [8] 0D 30 0D 30 0D 30 0D 29 
BAT RX 0x315 [8] 0D 35 0D 35 0D 35 0D 35 
BAT RX 0x314 [8] 5B 54 5B 54 00 14 05 44 
BAT RX 0x313 [8] 15 18 00 03 00 FE 64 63 
BAT RX 0x312 [8] 00 00 00 00 02 02 00 00 
BAT RX 0x311 [8] 02 38 00 00 08 24 01 21 
[keepalive] twai_transmit() -> ESP_OK
BAT RX 0x330 [8] 02 0D 02 01 0D 3C 0D 27 
BAT RX 0x329 [8] 01 00 22 9C 01 00 40 35 
BAT RX 0x323 [8] 20 0E 10 00 00 00 00 00 
BAT RX 0x324 [8] 01 39 35 32 32 30 36 32 
BAT RX 0x322 [8] 01 14 00 E8 03 01 64 64 
BAT RX 0x320 [8] 50 41 C3 85 85 00 00 00 
BAT RX 0x319 [8] 40 0D 3C 0D 27 1D 11 00 
BAT RX 0x318 [8] 0D 29 0D 28 0D 28 0D 27 
BAT RX 0x317 [8] 0D 3C 0D 3A 0D 39 0D 39 
BAT RX 0x316 [8] 0D 30 0D 30 0D 30 0D 29 
BAT RX 0x315 [8] 0D 35 0D 35 0D 35 0D 35 
BAT RX 0x314 [8] 5B 54 5B 54 00 15 05 44 
BAT RX 0x313 [8] 15 18 00 03 00 FE 64 63 
BAT RX 0x312 [8] 00 00 00 00 02 02 00 00 
BAT RX 0x311 [8] 02 38 00 00 08 24 01 21 
[keepalive] twai_transmit() -> ESP_OK
[521s] OK V=54.00V I=+0.3A T=25.4C SOC=100% SOH=99% | CVL=56.8V CCL=0.0A DCL=208.4A | chg=0 dis=1 fc1=0 fc2=0 | prot=0000 warn=0000 | packs=2 | inv0x305=no
BAT RX 0x330 [8] 02 0D 02 01 0D 3C 0D 28 
BAT RX 0x329 [8] 02 00 1A 25 02 00 40 D1 
BAT RX 0x323 [8] 20 0E 10 00 00 00 00 00 
BAT RX 0x324 [8] 02 42 42 37 00 00 00 00 
BAT RX 0x322 [8] 01 14 00 E8 03 01 64 64 
BAT RX 0x320 [8] 50 41 C3 85 85 00 00 00 
BAT RX 0x319 [8] 40 0D 3C 0D 28 1D 11 00 
BAT RX 0x318 [8] 0D 29 0D 28 0D 28 0D 28 
BAT RX 0x317 [8] 0D 3C 0D 3A 0D 39 0D 38 
BAT RX 0x316 [8] 0D 30 0D 30 0D 30 0D 29 
BAT RX 0x315 [8] 0D 35 0D 35 0D 35 0D 35 
BAT RX 0x314 [8] 5B 54 5B 54 00 14 05 44 
BAT RX 0x313 [8] 15 18 00 03 00 FE 64 63 
BAT RX 0x312 [8] 00 00 00 00 02 02 00 00 
BAT RX 0x311 [8] 02 38 00 00 08 24 01 21 
[keepalive] twai_transmit() -> ESP_OK
BAT RX 0x330 [8] 02 0D 02 01 0D 3C 0D 28 
BAT RX 0x329 [8] 01 00 22 9C 01 00 40 35 
BAT RX 0x323 [8] 20 0E 10 00 00 00 00 00 
BAT RX 0x324 [8] 00 01 47 50 4A 30 32 31 
BAT RX 0x322 [8] 01 14 00 E8 03 01 64 64 
BAT RX 0x320 [8] 50 41 C3 85 85 00 00 00 
BAT RX 0x319 [8] 40 0D 3C 0D 28 1D 11 00 
BAT RX 0x318 [8] 0D 2A 0D 28 0D 28 0D 28 
BAT RX 0x317 [8] 0D 3C 0D 3A 0D 39 0D 38 
BAT RX 0x316 [8] 0D 30 0D 30 0D 30 0D 29 
BAT RX 0x315 [8] 0D 35 0D 35 0D 35 0D 35 
BAT RX 0x314 [8] 5B 54 5B 54 00 14 05 44 
BAT RX 0x313 [8] 15 18 00 00 00 FE 64 63 
BAT RX 0x312 [8] 00 00 00 00 02 02 00 00 
BAT RX 0x311 [8] 02 38 00 00 08 24 01 21 
[keepalive] twai_transmit() -> ESP_OK
[523s] OK V=54.00V I=+0.0A T=25.4C SOC=100% SOH=99% | CVL=56.8V CCL=0.0A DCL=208.4A | chg=0 dis=1 fc1=0 fc2=0 | prot=0000 warn=0000 | packs=2 | inv0x305=no
BAT RX 0x330 [8] 02 0D 02 0F 0D 3C 0D 27 
BAT RX 0x329 [8] 02 00 1A 25 02 00 40 D1 
BAT RX 0x323 [8] 20 0E 10 00 00 00 00 00 
BAT RX 0x324 [8] 01 39 35 32 32 30 36 32 
BAT RX 0x322 [8] 01 14 00 E8 03 01 64 64 
BAT RX 0x320 [8] 50 41 C3 85 85 00 00 00 
BAT RX 0x319 [8] 40 0D 3C 0D 27 1D 1F 00 
BAT RX 0x318 [8] 0D 2A 0D 28 0D 28 0D 27 
BAT RX 0x317 [8] 0D 3C 0D 3A 0D 39 0D 38 
BAT RX 0x316 [8] 0D 30 0D 2F 0D 2F 0D 29 
BAT RX 0x315 [8] 0D 35 0D 35 0D 35 0D 34 
BAT RX 0x314 [8] 5B 54 5B 54 00 15 05 44 
BAT RX 0x313 [8] 15 18 00 00 00 FE 64 63 
BAT RX 0x312 [8] 00 00 00 00 02 02 00 00 
BAT RX 0x311 [8] 02 38 00 00 08 24 01 21 
[keepalive] twai_transmit() -> ESP_OK
BAT RX 0x330 [8] 02 0D 02 01 0D 3C 0D 27 
BAT RX 0x329 [8] 01 00 22 9C 01 00 40 35 
BAT RX 0x323 [8] 20 0E 10 00 00 00 00 00 
BAT RX 0x324 [8] 02 43 30 37 00 00 00 00 
BAT RX 0x322 [8] 01 14 00 E8 03 01 64 64 
BAT RX 0x320 [8] 50 41 C3 85 85 00 00 00 
BAT RX 0x319 [8] 40 0D 3C 0D 27 1D 11 00 
BAT RX 0x318 [8] 0D 29 0D 28 0D 28 0D 27 
BAT RX 0x317 [8] 0D 3C 0D 3A 0D 39 0D 39 
BAT RX 0x316 [8] 0D 30 0D 30 0D 30 0D 29 
BAT RX 0x315 [8] 0D 36 0D 36 0D 35 0D 35 
BAT RX 0x314 [8] 5B 54 5B 54 00 15 05 44 
BAT RX 0x313 [8] 15 18 00 03 00 FE 64 63 
BAT RX 0x312 [8] 00 00 00 00 02 02 00 00 
BAT RX 0x311 [8] 02 38 00 00 08 24 01 21 

---- battery-bus rate stats (VERBOSE_STATS) ----------------------------
  7136 frames, 525 s elapsed
  ID     count   period(ms)  (min-max gap)
  0x312     476    996 (7-1000)
  0x313     476    996 (3-1000)
  0x314     476    996 (4-1000)
  0x315     476    996 (4-1000)
  0x316     476    996 (3-1000)
  0x317     476    996 (3-1000)
  0x318     476    996 (4-1000)
  0x319     476    996 (4-1000)
  0x320     476    996 (4-1000)
  0x322     476    996 (4-1000)
  0x311     476    996 (4-1000)
  0x323     475    998 (767-1000)
  0x324     475    998 (768-1000)
  0x329     475    998 (757-1000)
  0x330     475    998 (746-1000)
--------------------------------------------------------------------------

  TWAI: state=RUNNING  tx_err=0 rx_err=0  tx_failed=0  rx_missed=0 rx_overrun=0  arb_lost=0  bus_err=190881
[keepalive] twai_transmit() -> ESP_OK
[525s] OK V=54.00V I=+0.3A T=25.4C SOC=100% SOH=99% | CVL=56.8V CCL=0.0A DCL=208.4A | chg=0 dis=1 fc1=0 fc2=0 | prot=0000 warn=0000 | packs=2 | inv0x305=no
BAT RX 0x330 [8] 02 0D 02 01 0D 3C 0D 28 
BAT RX 0x329 [8] 02 00 1A 25 02 00 40 D1 
BAT RX 0x323 [8] 20 0E 10 00 00 00 00 00 
BAT RX 0x324 [8] 00 02 47 50 4A 30 32 31 
BAT RX 0x322 [8] 01 14 00 E8 03 01 64 64 
BAT RX 0x320 [8] 50 41 C3 85 85 00 00 00 
BAT RX 0x319 [8] 40 0D 3C 0D 28 1D 11 00 
BAT RX 0x318 [8] 0D 29 0D 28 0D 28 0D 28 
BAT RX 0x317 [8] 0D 3C 0D 3A 0D 39 0D 39 
BAT RX 0x316 [8] 0D 30 0D 30 0D 2F 0D 29 
BAT RX 0x315 [8] 0D 35 0D 35 0D 35 0D 34 
BAT RX 0x314 [8] 5B 54 5B 54 00 14 05 44 
BAT RX 0x313 [8] 15 18 00 00 00 FE 64 63 
BAT RX 0x312 [8] 00 00 00 00 02 02 00 00 
BAT RX 0x311 [8] 02 38 00 00 08 24 01 21 
[keepalive] twai_transmit() -> ESP_OK
BAT RX 0x330 [8] 02 0D 02 0F 0D 3B 0D 27 
BAT RX 0x329 [8] 01 00 22 9C 01 00 40 35 
BAT RX 0x323 [8] 20 0E 10 00 00 00 00 00 
BAT RX 0x324 [8] 01 39 35 32 32 30 36 32 
BAT RX 0x322 [8] 01 14 00 E8 03 01 64 64 
BAT RX 0x320 [8] 50 41 C3 85 85 00 00 00 
BAT RX 0x319 [8] 40 0D 3B 0D 27 1D 1F 00 
BAT RX 0x318 [8] 0D 29 0D 28 0D 28 0D 27 
BAT RX 0x317 [8] 0D 3B 0D 3A 0D 38 0D 38 
BAT RX 0x316 [8] 0D 30 0D 30 0D 2F 0D 29 
BAT RX 0x315 [8] 0D 36 0D 35 0D 35 0D 34 
BAT RX 0x314 [8] 5B 54 5B 54 00 14 05 44 
BAT RX 0x313 [8] 15 18 00 00 00 FE 64 63 
BAT RX 0x312 [8] 00 00 00 00 02 02 00 00 
BAT RX 0x311 [8] 02 38 00 00 08 24 01 21 
[keepalive] twai_transmit() -> ESP_OK
[527s] OK V=54.00V I=+0.0A T=25.4C SOC=100% SOH=99% | CVL=56.8V CCL=0.0A DCL=208.4A | chg=0 dis=1 fc1=0 fc2=0 | prot=0000 warn=0000 | packs=2 | inv0x305=no
BAT RX 0x330 [8] 02 0D 02 01 0D 3C 0D 27 
BAT RX 0x329 [8] 02 00 1A 25 02 00 40 D1 
BAT RX 0x323 [8] 20 0E 10 00 00 00 00 00 
BAT RX 0x324 [8] 02 42 42 37 00 00 00 00 
BAT RX 0x322 [8] 01 14 00 E8 03 01 64 64 
BAT RX 0x320 [8] 50 41 C3 85 85 00 00 00 
BAT RX 0x319 [8] 40 0D 3C 0D 27 1D 11 00 
BAT RX 0x318 [8] 0D 29 0D 28 0D 28 0D 27 
BAT RX 0x317 [8] 0D 3C 0D 3A 0D 38 0D 38 
BAT RX 0x316 [8] 0D 30 0D 30 0D 2F 0D 29 
BAT RX 0x315 [8] 0D 35 0D 35 0D 35 0D 35 
BAT RX 0x314 [8] 5B 54 5B 54 00 15 05 44 
BAT RX 0x313 [8] 15 18 00 00 00 FE 64 63 
BAT RX 0x312 [8] 00 00 00 00 02 02 00 00 
BAT RX 0x311 [8] 02 38 00 00 08 24 01 21 
[keepalive] twai_transmit() -> ESP_OK
BAT RX 0x330 [8] 02 0D 02 0F 0D 3B 0D 27 
BAT RX 0x329 [8] 01 00 22 9C 01 00 40 35 
BAT RX 0x323 [8] 20 0E 10 00 00 00 00 00 
BAT RX 0x324 [8] 00 01 47 50 4A 30 32 31 
BAT RX 0x322 [8] 01 14 00 E8 03 01 64 64 
BAT RX 0x320 [8] 50 41 C3 85 85 00 00 00 
BAT RX 0x319 [8] 40 0D 3B 0D 27 1D 1F 00 
BAT RX 0x318 [8] 0D 29 0D 28 0D 28 0D 27 
BAT RX 0x317 [8] 0D 3B 0D 3A 0D 39 0D 38 
BAT RX 0x316 [8] 0D 30 0D 30 0D 2F 0D 29 
BAT RX 0x315 [8] 0D 35 0D 35 0D 35 0D 35 
BAT RX 0x314 [8] 5B 54 5B 54 00 14 05 44 
BAT RX 0x313 [8] 15 18 00 00 00 FE 64 63 
BAT RX 0x312 [8] 00 00 00 00 02 02 00 00 
BAT RX 0x311 [8] 02 38 00 00 08 24 01 21 
[keepalive] twai_transmit() -> ESP_OK
[529s] OK V=54.00V I=+0.0A T=25.4C SOC=100% SOH=99% | CVL=56.8V CCL=0.0A DCL=208.4A | chg=0 dis=1 fc1=0 fc2=0 | prot=0000 warn=0000 | packs=2 | inv0x305=no
BAT RX 0x330 [8] 02 0D 02 01 0D 3C 0D 27 
BAT RX 0x329 [8] 02 00 1A 25 02 00 40 D1 
BAT RX 0x323 [8] 20 0E 10 00 00 00 00 00 
BAT RX 0x324 [8] 01 39 35 32 32 30 36 32 
BAT RX 0x322 [8] 01 14 00 E8 03 01 64 64 
BAT RX 0x320 [8] 50 41 C3 85 85 00 00 00 
BAT RX 0x319 [8] 40 0D 3C 0D 27 1D 11 00 
BAT RX 0x318 [8] 0D 29 0D 28 0D 27 0D 27 
BAT RX 0x317 [8] 0D 3C 0D 39 0D 39 0D 39 
BAT RX 0x316 [8] 0D 31 0D 2F 0D 2F 0D 29 
BAT RX 0x315 [8] 0D 35 0D 35 0D 34 0D 34 
BAT RX 0x314 [8] 5B 54 5B 54 00 15 05 44 
BAT RX 0x313 [8] 15 18 00 00 00 FE 64 63 
BAT RX 0x312 [8] 00 00 00 00 02 02 00 00 
BAT RX 0x311 [8] 02 38 00 00 08 24 01 21 
[keepalive] twai_transmit() -> ESP_OK
BAT RX 0x330 [8] 02 0D 02 01 0D 3B 0D 28 
BAT RX 0x329 [8] 01 00 22 9C 01 00 40 35 
BAT RX 0x323 [8] 20 0E 10 00 00 00 00 00 
BAT RX 0x324 [8] 02 43 30 37 00 00 00 00 
BAT RX 0x322 [8] 01 14 00 E8 03 01 64 64 
BAT RX 0x320 [8] 50 41 C3 85 85 00 00 00 
BAT RX 0x319 [8] 40 0D 3B 0D 28 1D 11 00 
BAT RX 0x318 [8] 0D 29 0D 29 0D 28 0D 28 
BAT RX 0x317 [8] 0D 3B 0D 3A 0D 39 0D 38 
BAT RX 0x316 [8] 0D 30 0D 30 0D 2F 0D 29 
BAT RX 0x315 [8] 0D 35 0D 35 0D 35 0D 34 
BAT RX 0x314 [8] 5B 54 5B 54 00 13 05 44 
BAT RX 0x313 [8] 15 18 00 03 00 FE 64 63 
BAT RX 0x312 [8] 00 00 00 00 02 02 00 00 
BAT RX 0x311 [8] 02 38 00 00 08 24 01 21 
[keepalive] twai_transmit() -> ESP_OK
[531s] OK V=54.00V I=+0.3A T=25.4C SOC=100% SOH=99% | CVL=56.8V CCL=0.0A DCL=208.4A | chg=0 dis=1 fc1=0 fc2=0 | prot=0000 warn=0000 | packs=2 | inv0x305=no
BAT RX 0x330 [8] 02 0D 02 01 0D 3B 0D 27 
BAT RX 0x329 [8] 02 00 1A 25 02 00 40 D1 
BAT RX 0x323 [8] 20 0E 10 00 00 00 00 00 
BAT RX 0x324 [8] 00 02 47 50 4A 30 32 31 
BAT RX 0x322 [8] 01 14 00 E8 03 01 64 64 
BAT RX 0x320 [8] 50 41 C3 85 85 00 00 00 
BAT RX 0x319 [8] 40 0D 3B 0D 27 1D 11 00 
BAT RX 0x318 [8] 0D 29 0D 28 0D 28 0D 27 
BAT RX 0x317 [8] 0D 3B 0D 3A 0D 39 0D 38 
BAT RX 0x316 [8] 0D 30 0D 30 0D 2F 0D 29 
BAT RX 0x315 [8] 0D 35 0D 34 0D 34 0D 34 
BAT RX 0x314 [8] 5B 54 5B 54 00 14 05 44 
BAT RX 0x313 [8] 15 18 00 03 00 FE 64 63 
BAT RX 0x312 [8] 00 00 00 00 02 02 00 00 
BAT RX 0x311 [8] 02 38 00 00 08 24 01 21 
[keepalive] twai_transmit() -> ESP_OK
BAT RX 0x330 [8] 02 0D 02 01 0D 3C 0D 27 
BAT RX 0x329 [8] 01 00 22 9C 01 00 40 35 
BAT RX 0x323 [8] 20 0E 10 00 00 00 00 00 
BAT RX 0x324 [8] 01 39 35 32 32 30 36 32 
BAT RX 0x322 [8] 01 14 00 E8 03 01 64 64 
BAT RX 0x320 [8] 50 41 C3 85 85 00 00 00 
BAT RX 0x319 [8] 40 0D 3C 0D 27 1D 11 00 
BAT RX 0x318 [8] 0D 29 0D 28 0D 28 0D 27 
BAT RX 0x317 [8] 0D 3C 0D 3A 0D 39 0D 38 
BAT RX 0x316 [8] 0D 30 0D 30 0D 2F 0D 29 
BAT RX 0x315 [8] 0D 35 0D 35 0D 34 0D 34 
BAT RX 0x314 [8] 5B 54 5B 54 00 15 05 44 
BAT RX 0x313 [8] 15 18 00 03 00 FE 64 63 
BAT RX 0x312 [8] 00 00 00 00 02 02 00 00 
BAT RX 0x311 [8] 02 38 00 00 08 24 01 21 
[keepalive] twai_transmit() -> ESP_OK
[533s] OK V=54.00V I=+0.3A T=25.4C SOC=100% SOH=99% | CVL=56.8V CCL=0.0A DCL=208.4A | chg=0 dis=1 fc1=0 fc2=0 | prot=0000 warn=0000 | packs=2 | inv0x305=no
BAT RX 0x330 [8] 02 0D 02 01 0D 3B 0D 27 
BAT RX 0x329 [8] 02 00 1A 25 02 00 40 D1 
BAT RX 0x323 [8] 20 0E 10 00 00 00 00 00 
BAT RX 0x324 [8] 02 42 42 37 00 00 00 00 
BAT RX 0x322 [8] 01 14 00 E8 03 01 64 64 
BAT RX 0x320 [8] 50 41 C3 85 85 00 00 00 
BAT RX 0x319 [8] 40 0D 3B 0D 27 1D 11 00 
BAT RX 0x318 [8] 0D 29 0D 28 0D 27 0D 27 
BAT RX 0x317 [8] 0D 3B 0D 3A 0D 39 0D 38 
BAT RX 0x316 [8] 0D 30 0D 30 0D 30 0D 29 
BAT RX 0x315 [8] 0D 35 0D 35 0D 34 0D 34 
BAT RX 0x314 [8] 5B 54 5B 54 00 14 05 44 
BAT RX 0x313 [8] 15 18 00 00 00 FE 64 63 
BAT RX 0x312 [8] 00 00 00 00 02 02 00 00 
BAT RX 0x311 [8] 02 38 00 00 08 24 01 21 
[keepalive] twai_transmit() -> ESP_OK
BAT RX 0x330 [8] 02 0D 02 01 0D 3B 0D 28 
BAT RX 0x329 [8] 01 00 22 9C 01 00 40 35 
BAT RX 0x323 [8] 20 0E 10 00 00 00 00 00 
BAT RX 0x324 [8] 00 01 47 50 4A 30 32 31 
BAT RX 0x322 [8] 01 14 00 E8 03 01 64 64 
BAT RX 0x320 [8] 50 41 C3 85 85 00 00 00 
BAT RX 0x319 [8] 40 0D 3B 0D 28 1D 11 00 
BAT RX 0x318 [8] 0D 29 0D 28 0D 28 0D 28 
BAT RX 0x317 [8] 0D 3B 0D 39 0D 39 0D 38 
BAT RX 0x316 [8] 0D 30 0D 30 0D 2F 0D 29 
BAT RX 0x315 [8] 0D 35 0D 35 0D 34 0D 34 
BAT RX 0x314 [8] 5B 54 5B 54 00 13 05 44 
BAT RX 0x313 [8] 15 18 00 03 00 FE 64 63 
BAT RX 0x312 [8] 00 00 00 00 02 02 00 00 
BAT RX 0x311 [8] 02 38 00 00 08 24 01 21 
[keepalive] twai_transmit() -> ESP_OK
[535s] OK V=54.00V I=+0.3A T=25.4C SOC=100% SOH=99% | CVL=56.8V CCL=0.0A DCL=208.4A | chg=0 dis=1 fc1=0 fc2=0 | prot=0000 warn=0000 | packs=2 | inv0x305=no
BAT RX 0x330 [8] 02 0D 02 01 0D 3C 0D 27 
BAT RX 0x329 [8] 02 00 1A 25 02 00 40 D1 
BAT RX 0x323 [8] 20 0E 10 00 00 00 00 00 
BAT RX 0x324 [8] 01 39 35 32 32 30 36 32 
BAT RX 0x322 [8] 01 14 00 E8 03 01 64 64 
BAT RX 0x320 [8] 50 41 C3 85 85 00 00 00 
BAT RX 0x319 [8] 40 0D 3C 0D 27 1D 11 00 
BAT RX 0x318 [8] 0D 29 0D 28 0D 27 0D 27 
BAT RX 0x317 [8] 0D 3C 0D 39 0D 38 0D 38 
BAT RX 0x316 [8] 0D 30 0D 2F 0D 2F 0D 29 
BAT RX 0x315 [8] 0D 35 0D 35 0D 34 0D 34 
BAT RX 0x314 [8] 5B 54 5B 54 00 15 05 44 
BAT RX 0x313 [8] 15 18 00 00 00 FE 64 63 
BAT RX 0x312 [8] 00 00 00 00 02 02 00 00 
BAT RX 0x311 [8] 02 38 00 00 08 24 01 21 
[keepalive] twai_transmit() -> ESP_OK
BAT RX 0x330 [8] 02 0D 02 01 0D 3C 0D 27 
BAT RX 0x329 [8] 01 00 22 9C 01 00 40 35 
BAT RX 0x323 [8] 20 0E 10 00 00 00 00 00 
BAT RX 0x324 [8] 02 43 30 37 00 00 00 00 
BAT RX 0x322 [8] 01 14 00 E8 03 01 64 64 
BAT RX 0x320 [8] 50 41 C3 85 85 00 00 00 
BAT RX 0x319 [8] 40 0D 3C 0D 27 1D 11 00 
BAT RX 0x318 [8] 0D 29 0D 28 0D 28 0D 27 
BAT RX 0x317 [8] 0D 3C 0D 3A 0D 38 0D 38 
BAT RX 0x316 [8] 0D 30 0D 30 0D 2F 0D 29 
BAT RX 0x315 [8] 0D 35 0D 35 0D 34 0D 34 
BAT RX 0x314 [8] 5B 54 5B 54 00 15 05 44 
BAT RX 0x313 [8] 15 18 00 03 00 FE 64 63 
BAT RX 0x312 [8] 00 00 00 00 02 02 00 00 
BAT RX 0x311 [8] 02 38 00 00 08 24 01 21 
[keepalive] twai_transmit() -> ESP_OK
[537s] OK V=54.00V I=+0.3A T=25.4C SOC=100% SOH=99% | CVL=56.8V CCL=0.0A DCL=208.4A | chg=0 dis=1 fc1=0 fc2=0 | prot=0000 warn=0000 | packs=2 | inv0x305=no
BAT RX 0x330 [8] 02 0D 02 01 0D 3C 0D 27 
BAT RX 0x329 [8] 02 00 1A 25 02 00 40 D1 
BAT RX 0x323 [8] 20 0E 10 00 00 00 00 00 
BAT RX 0x324 [8] 00 02 47 50 4A 30 32 31 
BAT RX 0x322 [8] 01 14 00 E8 03 01 64 64 
BAT RX 0x320 [8] 50 41 C3 85 85 00 00 00 
BAT RX 0x319 [8] 40 0D 3C 0D 27 1D 11 00 
BAT RX 0x318 [8] 0D 29 0D 28 0D 27 0D 27 
BAT RX 0x317 [8] 0D 3C 0D 3A 0D 39 0D 38 
BAT RX 0x316 [8] 0D 30 0D 2F 0D 2F 0D 29 
BAT RX 0x315 [8] 0D 35 0D 35 0D 35 0D 34 
BAT RX 0x314 [8] 5B 54 5B 54 00 15 05 44 
BAT RX 0x313 [8] 15 18 00 03 00 FE 64 63 
BAT RX 0x312 [8] 00 00 00 00 02 02 00 00 
BAT RX 0x311 [8] 02 38 00 00 08 24 01 21 
[keepalive] twai_transmit() -> ESP_OK
BAT RX 0x330 [8] 02 0D 02 01 0D 3B 0D 27 
BAT RX 0x329 [8] 01 00 22 9C 01 00 40 35 
BAT RX 0x323 [8] 20 0E 10 00 00 00 00 00 
BAT RX 0x324 [8] 01 39 35 32 32 30 36 32 
BAT RX 0x322 [8] 01 14 00 E8 03 01 64 64 
BAT RX 0x320 [8] 50 41 C3 85 85 00 00 00 
BAT RX 0x319 [8] 40 0D 3B 0D 27 1D 11 00 
BAT RX 0x318 [8] 0D 29 0D 28 0D 28 0D 27 
BAT RX 0x317 [8] 0D 3B 0D 3A 0D 39 0D 38 
BAT RX 0x316 [8] 0D 30 0D 2F 0D 2F 0D 29 
BAT RX 0x315 [8] 0D 35 0D 35 0D 34 0D 34 
BAT RX 0x314 [8] 5B 54 5B 54 00 14 05 44 
BAT RX 0x313 [8] 15 18 00 03 00 FE 64 63 
BAT RX 0x312 [8] 00 00 00 00 02 02 00 00 
BAT RX 0x311 [8] 02 38 00 00 08 24 01 21 
[keepalive] twai_transmit() -> ESP_OK
[539s] OK V=54.00V I=+0.3A T=25.4C SOC=100% SOH=99% | CVL=56.8V CCL=0.0A DCL=208.4A | chg=0 dis=1 fc1=0 fc2=0 | prot=0000 warn=0000 | packs=2 | inv0x305=no
BAT RX 0x330 [8] 02 0D 02 0E 0D 3B 0D 27 
BAT RX 0x329 [8] 02 00 1A 25 02 00 40 D1 
BAT RX 0x323 [8] 20 0E 10 00 00 00 00 00 
BAT RX 0x324 [8] 02 42 42 37 00 00 00 00 
BAT RX 0x322 [8] 01 14 00 E8 03 01 64 64 
BAT RX 0x320 [8] 50 41 C3 85 85 00 00 00 
BAT RX 0x319 [8] 40 0D 3B 0D 27 1D 1E 00 
BAT RX 0x318 [8] 0D 29 0D 28 0D 28 0D 27 
BAT RX 0x317 [8] 0D 3B 0D 39 0D 39 0D 38 
BAT RX 0x316 [8] 0D 30 0D 30 0D 2F 0D 29 
BAT RX 0x315 [8] 0D 34 0D 34 0D 34 0D 34 
BAT RX 0x314 [8] 5B 54 5B 54 00 14 05 44 
BAT RX 0x313 [8] 15 18 00 00 00 FE 64 63 
BAT RX 0x312 [8] 00 00 00 00 02 02 00 00 
BAT RX 0x311 [8] 02 38 00 00 08 24 01 21 

---- battery-bus rate stats (VERBOSE_STATS) ----------------------------
  7361 frames, 540 s elapsed
  ID     count   period(ms)  (min-max gap)
  0x312     491    996 (7-1000)
  0x313     491    996 (3-1000)
  0x314     491    996 (4-1000)
  0x315     491    996 (4-1000)
  0x316     491    996 (3-1000)
  0x317     491    996 (3-1000)
  0x318     491    996 (4-1000)
  0x319     491    996 (4-1000)
  0x320     491    996 (4-1000)
  0x322     491    996 (4-1000)
  0x311     491    996 (4-1000)
  0x323     490    998 (767-1000)
  0x324     490    998 (768-1000)
  0x329     490    998 (757-1000)
  0x330     490    998 (746-1000)
--------------------------------------------------------------------------

  TWAI: state=RUNNING  tx_err=0 rx_err=0  tx_failed=0  rx_missed=0 rx_overrun=0  arb_lost=0  bus_err=190881
[keepalive] twai_transmit() -> ESP_OK
BAT RX 0x330 [8] 02 0D 02 01 0D 3B 0D 27 
BAT RX 0x329 [8] 01 00 22 9C 01 00 40 35 
BAT RX 0x323 [8] 20 0E 10 00 00 00 00 00 
BAT RX 0x324 [8] 00 01 47 50 4A 30 32 31 
BAT RX 0x322 [8] 01 14 00 E8 03 01 64 64 
BAT RX 0x320 [8] 50 41 C3 85 85 00 00 00 
BAT RX 0x319 [8] 40 0D 3B 0D 27 1D 11 00 
BAT RX 0x318 [8] 0D 29 0D 28 0D 27 0D 27 
BAT RX 0x317 [8] 0D 3B 0D 39 0D 38 0D 38 
BAT RX 0x316 [8] 0D 30 0D 2F 0D 2F 0D 29 
BAT RX 0x315 [8] 0D 34 0D 34 0D 34 0D 34 
BAT RX 0x314 [8] 5B 54 5B 54 00 14 05 44 
BAT RX 0x313 [8] 15 18 00 00 00 FE 64 63 
BAT RX 0x312 [8] 00 00 00 00 02 02 00 00 
BAT RX 0x311 [8] 02 38 00 00 08 24 01 21 
[keepalive] twai_transmit() -> ESP_OK
[541s] OK V=54.00V I=+0.0A T=25.4C SOC=100% SOH=99% | CVL=56.8V CCL=0.0A DCL=208.4A | chg=0 dis=1 fc1=0 fc2=0 | prot=0000 warn=0000 | packs=2 | inv0x305=no
BAT RX 0x330 [8] 02 0D 02 01 0D 3B 0D 27 
BAT RX 0x329 [8] 02 00 1A 25 02 00 40 D1 
BAT RX 0x323 [8] 20 0E 10 00 00 00 00 00 
BAT RX 0x324 [8] 01 39 35 32 32 30 36 32 
BAT RX 0x322 [8] 01 14 00 E8 03 01 64 64 
BAT RX 0x320 [8] 50 41 C3 85 85 00 00 00 
BAT RX 0x319 [8] 40 0D 3B 0D 27 1D 11 00 
BAT RX 0x318 [8] 0D 29 0D 28 0D 27 0D 27 
BAT RX 0x317 [8] 0D 3B 0D 39 0D 39 0D 38 
BAT RX 0x316 [8] 0D 30 0D 30 0D 2F 0D 28 
BAT RX 0x315 [8] 0D 34 0D 34 0D 34 0D 34 
BAT RX 0x314 [8] 5B 54 5B 54 00 14 05 44 
BAT RX 0x313 [8] 15 18 00 00 00 FE 64 63 
BAT RX 0x312 [8] 00 00 00 00 02 02 00 00 
BAT RX 0x311 [8] 02 38 00 00 08 24 01 21 
[keepalive] twai_transmit() -> ESP_OK
BAT RX 0x330 [8] 02 0D 02 01 0D 3B 0D 27 
BAT RX 0x329 [8] 01 00 22 9C 01 00 40 35 
BAT RX 0x323 [8] 20 0E 10 00 00 00 00 00 
BAT RX 0x324 [8] 02 43 30 37 00 00 00 00 
BAT RX 0x322 [8] 01 14 00 E8 03 01 64 64 
BAT RX 0x320 [8] 50 41 C3 85 85 00 00 00 
BAT RX 0x319 [8] 40 0D 3B 0D 27 1D 11 00 
BAT RX 0x318 [8] 0D 29 0D 28 0D 27 0D 27 
BAT RX 0x317 [8] 0D 3B 0D 39 0D 38 0D 38 
BAT RX 0x316 [8] 0D 30 0D 30 0D 2F 0D 28 
BAT RX 0x315 [8] 0D 34 0D 34 0D 34 0D 34 
BAT RX 0x314 [8] 5B 54 5B 54 00 14 05 44 
BAT RX 0x313 [8] 15 18 00 03 00 FE 64 63 
BAT RX 0x312 [8] 00 00 00 00 02 02 00 00 
BAT RX 0x311 [8] 02 38 00 00 08 24 01 21 
[keepalive] twai_transmit() -> ESP_OK
[543s] OK V=54.00V I=+0.3A T=25.4C SOC=100% SOH=99% | CVL=56.8V CCL=0.0A DCL=208.4A | chg=0 dis=1 fc1=0 fc2=0 | prot=0000 warn=0000 | packs=2 | inv0x305=no
BAT RX 0x330 [8] 02 0D 02 01 0D 3B 0D 27 
BAT RX 0x329 [8] 02 00 1A 25 02 00 40 D1 
BAT RX 0x323 [8] 20 0E 10 00 00 00 00 00 
BAT RX 0x324 [8] 00 02 47 50 4A 30 32 31 
BAT RX 0x322 [8] 01 14 00 E8 03 01 64 64 
BAT RX 0x320 [8] 50 41 C3 85 85 00 00 00 
BAT RX 0x319 [8] 40 0D 3B 0D 27 1D 11 00 
BAT RX 0x318 [8] 0D 29 0D 28 0D 28 0D 27 
BAT RX 0x317 [8] 0D 3B 0D 39 0D 39 0D 37 
BAT RX 0x316 [8] 0D 30 0D 2F 0D 2F 0D 29 
BAT RX 0x315 [8] 0D 35 0D 34 0D 34 0D 34 
BAT RX 0x314 [8] 5B 54 5B 54 00 14 05 44 
BAT RX 0x313 [8] 15 18 00 00 00 FE 64 63 
BAT RX 0x312 [8] 00 00 00 00 02 02 00 00 
BAT RX 0x311 [8] 02 38 00 00 08 24 01 21 
[keepalive] twai_transmit() -> ESP_OK
BAT RX 0x330 [8] 02 0D 02 01 0D 3C 0D 27 
BAT RX 0x329 [8] 01 00 22 9C 01 00 40 35 
BAT RX 0x323 [8] 20 0E 10 00 00 00 00 00 
BAT RX 0x324 [8] 01 39 35 32 32 30 36 32 
BAT RX 0x322 [8] 01 14 00 E8 03 01 64 64 
BAT RX 0x320 [8] 50 41 C3 85 85 00 00 00 
BAT RX 0x319 [8] 40 0D 3C 0D 27 1D 11 00 
BAT RX 0x318 [8] 0D 29 0D 28 0D 27 0D 27 
BAT RX 0x317 [8] 0D 3C 0D 39 0D 38 0D 38 
BAT RX 0x316 [8] 0D 30 0D 30 0D 2F 0D 29 
BAT RX 0x315 [8] 0D 35 0D 35 0D 34 0D 34 
BAT RX 0x314 [8] 5B 54 5B 54 00 15 05 44 
BAT RX 0x313 [8] 15 18 00 03 00 FE 64 63 
BAT RX 0x312 [8] 00 00 00 00 02 02 00 00 
BAT RX 0x311 [8] 02 38 00 00 08 24 01 21 
[keepalive] twai_transmit() -> ESP_OK
[545s] OK V=54.00V I=+0.3A T=25.4C SOC=100% SOH=99% | CVL=56.8V CCL=0.0A DCL=208.4A | chg=0 dis=1 fc1=0 fc2=0 | prot=0000 warn=0000 | packs=2 | inv0x305=no
BAT RX 0x330 [8] 02 0D 02 01 0D 3B 0D 27 
BAT RX 0x329 [8] 02 00 1A 25 02 00 40 D1 
BAT RX 0x323 [8] 20 0E 10 00 00 00 00 00 
BAT RX 0x324 [8] 02 42 42 37 00 00 00 00 
BAT RX 0x322 [8] 01 14 00 E8 03 01 64 64 
BAT RX 0x320 [8] 50 41 C3 85 85 00 00 00 
BAT RX 0x319 [8] 40 0D 3B 0D 27 1D 11 00 
BAT RX 0x318 [8] 0D 29 0D 28 0D 27 0D 27 
BAT RX 0x317 [8] 0D 3B 0D 39 0D 38 0D 38 
BAT RX 0x316 [8] 0D 2F 0D 2F 0D 2F 0D 29 
BAT RX 0x315 [8] 0D 34 0D 34 0D 34 0D 34 
BAT RX 0x314 [8] 5B 54 5B 54 00 14 05 44 
BAT RX 0x313 [8] 15 18 00 03 00 FE 64 63 
BAT RX 0x312 [8] 00 00 00 00 02 02 00 00 
BAT RX 0x311 [8] 02 38 00 00 08 24 01 21 
[keepalive] twai_transmit() -> ESP_OK
BAT RX 0x330 [8] 02 0D 02 01 0D 3C 0D 27 
BAT RX 0x329 [8] 01 00 22 9C 01 00 40 35 
BAT RX 0x323 [8] 20 0E 10 00 00 00 00 00 
BAT RX 0x324 [8] 00 01 47 50 4A 30 32 31 
BAT RX 0x322 [8] 01 14 00 E8 03 01 64 64 
BAT RX 0x320 [8] 50 41 C3 85 85 00 00 00 
BAT RX 0x319 [8] 40 0D 3C 0D 27 1D 11 00 
BAT RX 0x318 [8] 0D 28 0D 28 0D 27 0D 27 
BAT RX 0x317 [8] 0D 3C 0D 39 0D 39 0D 38 
BAT RX 0x316 [8] 0D 2F 0D 2F 0D 2F 0D 28 
BAT RX 0x315 [8] 0D 35 0D 34 0D 34 0D 34 
BAT RX 0x314 [8] 5B 54 5B 54 00 15 05 44 
BAT RX 0x313 [8] 15 18 00 03 00 FE 64 63 
BAT RX 0x312 [8] 00 00 00 00 02 02 00 00 
BAT RX 0x311 [8] 02 38 00 00 08 24 01 21 
[keepalive] twai_transmit() -> ESP_OK
[547s] OK V=54.00V I=+0.3A T=25.4C SOC=100% SOH=99% | CVL=56.8V CCL=0.0A DCL=208.4A | chg=0 dis=1 fc1=0 fc2=0 | prot=0000 warn=0000 | packs=2 | inv0x305=no
BAT RX 0x330 [8] 02 0D 02 01 0D 3B 0D 27 
BAT RX 0x329 [8] 02 00 1A 25 02 00 40 D1 
BAT RX 0x323 [8] 20 0E 10 00 00 00 00 00 
BAT RX 0x324 [8] 01 39 35 32 32 30 36 32 
BAT RX 0x322 [8] 01 14 00 E8 03 01 64 64 
BAT RX 0x320 [8] 50 41 C3 85 85 00 00 00 
BAT RX 0x319 [8] 40 0D 3B 0D 27 1D 11 00 
BAT RX 0x318 [8] 0D 29 0D 28 0D 27 0D 27 
BAT RX 0x317 [8] 0D 3B 0D 39 0D 38 0D 38 
BAT RX 0x316 [8] 0D 2F 0D 2F 0D 2F 0D 29 
BAT RX 0x315 [8] 0D 34 0D 34 0D 34 0D 34 
BAT RX 0x314 [8] 5B 54 5B 54 00 14 05 44 
BAT RX 0x313 [8] 15 18 00 03 00 FE 64 63 
BAT RX 0x312 [8] 00 00 00 00 02 02 00 00 
BAT RX 0x311 [8] 02 38 00 00 08 24 01 21 
[keepalive] twai_transmit() -> ESP_OK
BAT RX 0x330 [8] 02 0D 02 01 0D 3B 0D 27 
BAT RX 0x329 [8] 01 00 22 9C 01 00 40 35 
BAT RX 0x323 [8] 20 0E 10 00 00 00 00 00 
BAT RX 0x324 [8] 02 43 30 37 00 00 00 00 
BAT RX 0x322 [8] 01 14 00 E8 03 01 64 64 
BAT RX 0x320 [8] 50 41 C3 85 85 00 00 00 
BAT RX 0x319 [8] 40 0D 3B 0D 27 1D 11 00 
BAT RX 0x318 [8] 0D 29 0D 28 0D 27 0D 27 
BAT RX 0x317 [8] 0D 3B 0D 39 0D 38 0D 38 
BAT RX 0x316 [8] 0D 30 0D 2F 0D 2E 0D 29 
BAT RX 0x315 [8] 0D 35 0D 35 0D 34 0D 34 
BAT RX 0x314 [8] 5B 54 5B 54 00 14 05 44 
BAT RX 0x313 [8] 15 18 00 00 00 FE 64 63 
BAT RX 0x312 [8] 00 00 00 00 02 02 00 00 
BAT RX 0x311 [8] 02 38 00 00 08 24 01 21 
[keepalive] twai_transmit() -> ESP_OK
[549s] OK V=54.00V I=+0.0A T=25.4C SOC=100% SOH=99% | CVL=56.8V CCL=0.0A DCL=208.4A | chg=0 dis=1 fc1=0 fc2=0 | prot=0000 warn=0000 | packs=2 | inv0x305=no
BAT RX 0x330 [8] 02 0D 02 01 0D 3A 0D 27 
BAT RX 0x329 [8] 02 00 1A 25 02 00 40 D1 
BAT RX 0x323 [8] 20 0E 10 00 00 00 00 00 
BAT RX 0x324 [8] 00 02 47 50 4A 30 32 31 
BAT RX 0x322 [8] 01 14 00 E8 03 01 64 64 
BAT RX 0x320 [8] 50 41 C3 85 85 00 00 00 
BAT RX 0x319 [8] 40 0D 3A 0D 27 1D 11 00 
BAT RX 0x318 [8] 0D 29 0D 28 0D 27 0D 27 
BAT RX 0x317 [8] 0D 3A 0D 39 0D 38 0D 37 
BAT RX 0x316 [8] 0D 30 0D 2F 0D 2F 0D 28 
BAT RX 0x315 [8] 0D 35 0D 34 0D 34 0D 34 
BAT RX 0x314 [8] 5B 54 5B 54 00 13 05 44 
BAT RX 0x313 [8] 15 18 00 03 00 FE 64 63 
BAT RX 0x312 [8] 00 00 00 00 02 02 00 00 
BAT RX 0x311 [8] 02 38 00 00 08 24 01 21 
[keepalive] twai_transmit() -> ESP_OK
BAT RX 0x330 [8] 02 0D 02 01 0D 3B 0D 27 
BAT RX 0x329 [8] 01 00 22 9C 01 00 40 35 
BAT RX 0x323 [8] 20 0E 10 00 00 00 00 00 
BAT RX 0x324 [8] 01 39 35 32 32 30 36 32 
BAT RX 0x322 [8] 01 14 00 E8 03 01 64 64 
BAT RX 0x320 [8] 50 41 C3 85 85 00 00 00 
BAT RX 0x319 [8] 40 0D 3B 0D 27 1D 11 00 
BAT RX 0x318 [8] 0D 29 0D 28 0D 27 0D 27 
BAT RX 0x317 [8] 0D 3B 0D 39 0D 38 0D 38 
BAT RX 0x316 [8] 0D 2F 0D 2F 0D 2F 0D 29 
BAT RX 0x315 [8] 0D 34 0D 34 0D 34 0D 34 
BAT RX 0x314 [8] 5B 54 5B 54 00 14 05 44 
BAT RX 0x313 [8] 15 18 00 03 00 FE 64 63 
BAT RX 0x312 [8] 00 00 00 00 02 02 00 00 
BAT RX 0x311 [8] 02 38 00 00 08 24 01 21 
[keepalive] twai_transmit() -> ESP_OK
[551s] OK V=54.00V I=+0.3A T=25.4C SOC=100% SOH=99% | CVL=56.8V CCL=0.0A DCL=208.4A | chg=0 dis=1 fc1=0 fc2=0 | prot=0000 warn=0000 | packs=2 | inv0x305=no
BAT RX 0x330 [8] 02 0D 02 01 0D 3B 0D 27 
BAT RX 0x329 [8] 02 00 1A 25 02 00 40 D1 
BAT RX 0x323 [8] 20 0E 10 00 00 00 00 00 
BAT RX 0x324 [8] 02 42 42 37 00 00 00 00 
BAT RX 0x322 [8] 01 14 00 E8 03 01 64 64 
BAT RX 0x320 [8] 50 41 C3 85 85 00 00 00 
BAT RX 0x319 [8] 40 0D 3B 0D 27 1D 11 00 
BAT RX 0x318 [8] 0D 29 0D 28 0D 27 0D 27 
BAT RX 0x317 [8] 0D 3B 0D 39 0D 38 0D 38 
BAT RX 0x316 [8] 0D 2F 0D 2F 0D 2F 0D 29 
BAT RX 0x315 [8] 0D 35 0D 34 0D 34 0D 34 
BAT RX 0x314 [8] 5B 54 5B 54 00 14 05 44 
BAT RX 0x313 [8] 15 18 00 03 00 FE 64 63 
BAT RX 0x312 [8] 00 00 00 00 02 02 00 00 
BAT RX 0x311 [8] 02 38 00 00 08 24 01 21 
[keepalive] twai_transmit() -> ESP_OK
BAT RX 0x330 [8] 02 0D 02 01 0D 3B 0D 27 
BAT RX 0x329 [8] 01 00 22 9C 01 00 40 35 
BAT RX 0x323 [8] 20 0E 10 00 00 00 00 00 
BAT RX 0x324 [8] 00 01 47 50 4A 30 32 31 
BAT RX 0x322 [8] 01 14 00 E8 03 01 64 64 
BAT RX 0x320 [8] 50 41 C3 85 85 00 00 00 
BAT RX 0x319 [8] 40 0D 3B 0D 27 1D 11 00 
BAT RX 0x318 [8] 0D 29 0D 27 0D 27 0D 27 
BAT RX 0x317 [8] 0D 3B 0D 39 0D 38 0D 38 
BAT RX 0x316 [8] 0D 30 0D 2F 0D 2F 0D 28 
BAT RX 0x315 [8] 0D 34 0D 34 0D 34 0D 34 
BAT RX 0x314 [8] 5B 54 5B 54 00 14 05 44 
BAT RX 0x313 [8] 15 18 00 00 00 FE 64 63 
BAT RX 0x312 [8] 00 00 00 00 02 02 00 00 
BAT RX 0x311 [8] 02 38 00 00 08 24 01 21 
[keepalive] twai_transmit() -> ESP_OK
[553s] OK V=54.00V I=+0.0A T=25.4C SOC=100% SOH=99% | CVL=56.8V CCL=0.0A DCL=208.4A | chg=0 dis=1 fc1=0 fc2=0 | prot=0000 warn=0000 | packs=2 | inv0x305=no
BAT RX 0x330 [8] 02 0D 02 01 0D 3B 0D 27 
BAT RX 0x329 [8] 02 00 1A 25 02 00 40 D1 
BAT RX 0x323 [8] 20 0E 10 00 00 00 00 00 
BAT RX 0x324 [8] 01 39 35 32 32 30 36 32 
BAT RX 0x322 [8] 01 14 00 E8 03 01 64 64 
BAT RX 0x320 [8] 50 41 C3 85 85 00 00 00 
BAT RX 0x319 [8] 40 0D 3B 0D 27 1D 11 00 
BAT RX 0x318 [8] 0D 29 0D 28 0D 27 0D 27 
BAT RX 0x317 [8] 0D 3B 0D 39 0D 38 0D 37 
BAT RX 0x316 [8] 0D 30 0D 2F 0D 2F 0D 28 
BAT RX 0x315 [8] 0D 34 0D 34 0D 34 0D 34 
BAT RX 0x314 [8] 5B 54 5B 54 00 14 05 44 
BAT RX 0x313 [8] 15 18 00 00 00 FE 64 63 
BAT RX 0x312 [8] 00 00 00 00 02 02 00 00 
BAT RX 0x311 [8] 02 38 00 00 08 24 01 21 
[keepalive] twai_transmit() -> ESP_OK
BAT RX 0x330 [8] 02 0D 02 01 0D 3B 0D 27 
BAT RX 0x329 [8] 01 00 22 9C 01 00 40 35 
BAT RX 0x323 [8] 20 0E 10 00 00 00 00 00 
BAT RX 0x324 [8] 02 43 30 37 00 00 00 00 
BAT RX 0x322 [8] 01 14 00 E8 03 01 64 64 
BAT RX 0x320 [8] 50 41 C3 85 85 00 00 00 
BAT RX 0x319 [8] 40 0D 3B 0D 27 1D 11 00 
BAT RX 0x318 [8] 0D 29 0D 28 0D 27 0D 27 
BAT RX 0x317 [8] 0D 3B 0D 3A 0D 38 0D 37 
BAT RX 0x316 [8] 0D 30 0D 2F 0D 2F 0D 28 
BAT RX 0x315 [8] 0D 34 0D 34 0D 34 0D 33 
BAT RX 0x314 [8] 5B 54 5B 54 00 14 05 44 
BAT RX 0x313 [8] 15 18 00 03 00 FE 64 63 
BAT RX 0x312 [8] 00 00 00 00 02 02 00 00 
BAT RX 0x311 [8] 02 38 00 00 08 24 01 21 

---- battery-bus rate stats (VERBOSE_STATS) ----------------------------
  7586 frames, 555 s elapsed
  ID     count   period(ms)  (min-max gap)
  0x312     506    996 (7-1000)
  0x313     506    996 (3-1000)
  0x314     506    996 (4-1000)
  0x315     506    996 (4-1000)
  0x316     506    996 (3-1000)
  0x317     506    996 (3-1000)
  0x318     506    996 (4-1000)
  0x319     506    996 (4-1000)
  0x320     506    996 (4-1000)
  0x322     506    996 (4-1000)
  0x311     506    996 (4-1000)
  0x323     505    998 (767-1000)
  0x324     505    998 (768-1000)
  0x329     505    998 (757-1000)
  0x330     505    998 (746-1000)
--------------------------------------------------------------------------

  TWAI: state=RUNNING  tx_err=0 rx_err=0  tx_failed=0  rx_missed=0 rx_overrun=0  arb_lost=0  bus_err=190881
[keepalive] twai_transmit() -> ESP_OK
[555s] OK V=54.00V I=+0.3A T=25.4C SOC=100% SOH=99% | CVL=56.8V CCL=0.0A DCL=208.4A | chg=0 dis=1 fc1=0 fc2=0 | prot=0000 warn=0000 | packs=2 | inv0x305=no
BAT RX 0x330 [8] 02 0D 02 01 0D 3B 0D 27 
BAT RX 0x329 [8] 02 00 1A 25 02 00 40 D1 
BAT RX 0x323 [8] 20 0E 10 00 00 00 00 00 
BAT RX 0x324 [8] 00 02 47 50 4A 30 32 31 
BAT RX 0x322 [8] 01 14 00 E8 03 01 64 64 
BAT RX 0x320 [8] 50 41 C3 85 85 00 00 00 
BAT RX 0x319 [8] 40 0D 3B 0D 27 1D 11 00 
BAT RX 0x318 [8] 0D 28 0D 27 0D 27 0D 27 
BAT RX 0x317 [8] 0D 3B 0D 39 0D 38 0D 37 
BAT RX 0x316 [8] 0D 2F 0D 2F 0D 2F 0D 28 
BAT RX 0x315 [8] 0D 35 0D 34 0D 34 0D 34 
BAT RX 0x314 [8] 5B 54 5B 54 00 14 05 44 
BAT RX 0x313 [8] 15 18 00 00 00 FE 64 63 
BAT RX 0x312 [8] 00 00 00 00 02 02 00 00 
BAT RX 0x311 [8] 02 38 00 00 08 24 01 21 
[keepalive] twai_transmit() -> ESP_OK
BAT RX 0x330 [8] 02 04 02 01 0D 3A 0D 27 
BAT RX 0x329 [8] 01 00 22 9C 01 00 40 35 
BAT RX 0x323 [8] 20 0E 10 00 00 00 00 00 
BAT RX 0x324 [8] 01 39 35 32 32 30 36 32 
BAT RX 0x322 [8] 01 14 00 E8 03 01 64 64 
BAT RX 0x320 [8] 50 41 C3 85 85 00 00 00 
BAT RX 0x319 [8] 40 0D 3A 0D 27 14 11 00 
BAT RX 0x318 [8] 0D 29 0D 28 0D 27 0D 27 
BAT RX 0x317 [8] 0D 3A 0D 3A 0D 38 0D 37 
BAT RX 0x316 [8] 0D 2F 0D 2F 0D 2F 0D 28 
BAT RX 0x315 [8] 0D 35 0D 34 0D 34 0D 33 
BAT RX 0x314 [8] 5B 54 5B 54 00 13 05 44 
BAT RX 0x313 [8] 15 18 00 00 00 FE 64 63 
BAT RX 0x312 [8] 00 00 00 00 02 02 00 00 
BAT RX 0x311 [8] 02 38 00 00 08 24 01 21 
[keepalive] twai_transmit() -> ESP_OK
[557s] OK V=54.00V I=+0.0A T=25.4C SOC=100% SOH=99% | CVL=56.8V CCL=0.0A DCL=208.4A | chg=0 dis=1 fc1=0 fc2=0 | prot=0000 warn=0000 | packs=2 | inv0x305=no
BAT RX 0x330 [8] 02 0D 02 01 0D 3B 0D 27 
BAT RX 0x329 [8] 02 00 1A 25 02 00 40 D1 
BAT RX 0x323 [8] 20 0E 10 00 00 00 00 00 
BAT RX 0x324 [8] 02 42 42 37 00 00 00 00 
BAT RX 0x322 [8] 01 14 00 E8 03 01 64 64 
BAT RX 0x320 [8] 50 41 C3 85 85 00 00 00 
BAT RX 0x319 [8] 40 0D 3B 0D 27 1D 11 00 
BAT RX 0x318 [8] 0D 29 0D 27 0D 27 0D 27 
BAT RX 0x317 [8] 0D 3B 0D 39 0D 38 0D 38 
BAT RX 0x316 [8] 0D 2F 0D 2F 0D 2E 0D 28 
BAT RX 0x315 [8] 0D 35 0D 34 0D 34 0D 34 
BAT RX 0x314 [8] 5B 54 5B 54 00 14 05 44 
BAT RX 0x313 [8] 15 18 00 03 00 FE 64 63 
BAT RX 0x312 [8] 00 00 00 00 02 02 00 00 
BAT RX 0x311 [8] 02 38 00 00 08 24 01 21 
[keepalive] twai_transmit() -> ESP_OK
BAT RX 0x330 [8] 02 0D 02 01 0D 3B 0D 27 
BAT RX 0x329 [8] 01 00 22 9C 01 00 40 35 
BAT RX 0x323 [8] 20 0E 10 00 00 00 00 00 
BAT RX 0x324 [8] 00 01 47 50 4A 30 32 31 
BAT RX 0x322 [8] 01 14 00 E8 03 01 64 64 
BAT RX 0x320 [8] 50 41 C3 85 85 00 00 00 
BAT RX 0x319 [8] 40 0D 3B 0D 27 1D 11 00 
BAT RX 0x318 [8] 0D 28 0D 28 0D 27 0D 27 
BAT RX 0x317 [8] 0D 3B 0D 39 0D 38 0D 37 
BAT RX 0x316 [8] 0D 2F 0D 2F 0D 2E 0D 28 
BAT RX 0x315 [8] 0D 34 0D 34 0D 34 0D 34 
BAT RX 0x314 [8] 5B 54 5B 54 00 14 05 44 
BAT RX 0x313 [8] 15 18 00 00 00 FE 64 63 
BAT RX 0x312 [8] 00 00 00 00 02 02 00 00 
BAT RX 0x311 [8] 02 38 00 00 08 24 01 21 
[keepalive] twai_transmit() -> ESP_OK
[559s] OK V=54.00V I=+0.0A T=25.4C SOC=100% SOH=99% | CVL=56.8V CCL=0.0A DCL=208.4A | chg=0 dis=1 fc1=0 fc2=0 | prot=0000 warn=0000 | packs=2 | inv0x305=no
BAT RX 0x330 [8] 02 0D 02 01 0D 3B 0D 27 
BAT RX 0x329 [8] 02 00 1A 25 02 00 40 D1 
BAT RX 0x323 [8] 20 0E 10 00 00 00 00 00 
BAT RX 0x324 [8] 01 39 35 32 32 30 36 32 
BAT RX 0x322 [8] 01 14 00 E8 03 01 64 64 
BAT RX 0x320 [8] 50 41 C3 85 85 00 00 00 
BAT RX 0x319 [8] 40 0D 3B 0D 27 1D 11 00 
BAT RX 0x318 [8] 0D 28 0D 28 0D 27 0D 27 
BAT RX 0x317 [8] 0D 3B 0D 39 0D 38 0D 37 
BAT RX 0x316 [8] 0D 30 0D 2F 0D 2F 0D 28 
BAT RX 0x315 [8] 0D 34 0D 34 0D 34 0D 33 
BAT RX 0x314 [8] 5B 54 5B 54 00 14 05 44 
BAT RX 0x313 [8] 15 18 00 00 00 FE 64 63 
BAT RX 0x312 [8] 00 00 00 00 02 02 00 00 
BAT RX 0x311 [8] 02 38 00 00 08 24 01 21 
[keepalive] twai_transmit() -> ESP_OK
BAT RX 0x330 [8] 02 0D 02 01 0D 3A 0D 27 
BAT RX 0x329 [8] 01 00 22 9C 01 00 40 35 
BAT RX 0x323 [8] 20 0E 10 00 00 00 00 00 
BAT RX 0x324 [8] 02 43 30 37 00 00 00 00 
BAT RX 0x322 [8] 01 14 00 E8 03 01 64 64 
BAT RX 0x320 [8] 50 41 C3 85 85 00 00 00 
BAT RX 0x319 [8] 40 0D 3A 0D 27 1D 11 00 
BAT RX 0x318 [8] 0D 29 0D 27 0D 27 0D 27 
BAT RX 0x317 [8] 0D 3A 0D 39 0D 38 0D 37 
BAT RX 0x316 [8] 0D 2F 0D 2F 0D 2E 0D 28 
BAT RX 0x315 [8] 0D 34 0D 34 0D 34 0D 34 
BAT RX 0x314 [8] 5B 54 5B 54 00 13 05 44 
BAT RX 0x313 [8] 15 18 00 03 00 FE 64 63 
BAT RX 0x312 [8] 00 00 00 00 02 02 00 00 
BAT RX 0x311 [8] 02 38 00 00 08 24 01 21 
[keepalive] twai_transmit() -> ESP_OK
[561s] OK V=54.00V I=+0.3A T=25.4C SOC=100% SOH=99% | CVL=56.8V CCL=0.0A DCL=208.4A | chg=0 dis=1 fc1=0 fc2=0 | prot=0000 warn=0000 | packs=2 | inv0x305=no
BAT RX 0x330 [8] 02 0D 02 01 0D 3B 0D 27 
BAT RX 0x329 [8] 02 00 1A 25 02 00 40 D1 
BAT RX 0x323 [8] 20 0E 10 00 00 00 00 00 
BAT RX 0x324 [8] 00 02 47 50 4A 30 32 31 
BAT RX 0x322 [8] 01 14 00 E8 03 01 64 64 
BAT RX 0x320 [8] 50 41 C3 85 85 00 00 00 
BAT RX 0x319 [8] 40 0D 3B 0D 27 1D 11 00 
BAT RX 0x318 [8] 0D 28 0D 28 0D 27 0D 27 
BAT RX 0x317 [8] 0D 3B 0D 39 0D 38 0D 38 
BAT RX 0x316 [8] 0D 2F 0D 2F 0D 2F 0D 28 
BAT RX 0x315 [8] 0D 34 0D 34 0D 34 0D 34 
BAT RX 0x314 [8] 5B 54 5B 54 00 14 05 44 
BAT RX 0x313 [8] 15 18 00 00 00 FE 64 63 
BAT RX 0x312 [8] 00 00 00 00 02 02 00 00 
BAT RX 0x311 [8] 02 38 00 00 08 24 01 21 
[keepalive] twai_transmit() -> ESP_OK
BAT RX 0x330 [8] 02 0D 02 01 0D 3B 0D 27 
BAT RX 0x329 [8] 01 00 22 9C 01 00 40 35 
BAT RX 0x323 [8] 20 0E 10 00 00 00 00 00 
BAT RX 0x324 [8] 01 39 35 32 32 30 36 32 
BAT RX 0x322 [8] 01 14 00 E8 03 01 64 64 
BAT RX 0x320 [8] 50 41 C3 85 85 00 00 00 
BAT RX 0x319 [8] 40 0D 3B 0D 27 1D 11 00 
BAT RX 0x318 [8] 0D 29 0D 27 0D 27 0D 27 
BAT RX 0x317 [8] 0D 3B 0D 39 0D 38 0D 37 
BAT RX 0x316 [8] 0D 2F 0D 2F 0D 2E 0D 29 
BAT RX 0x315 [8] 0D 34 0D 34 0D 34 0D 34 
BAT RX 0x314 [8] 5B 54 5B 54 00 14 05 44 
BAT RX 0x313 [8] 15 18 00 00 00 FE 64 63 
BAT RX 0x312 [8] 00 00 00 00 02 02 00 00 
BAT RX 0x311 [8] 02 38 00 00 08 24 01 21 
[keepalive] twai_transmit() -> ESP_OK
[563s] OK V=54.00V I=+0.0A T=25.4C SOC=100% SOH=99% | CVL=56.8V CCL=0.0A DCL=208.4A | chg=0 dis=1 fc1=0 fc2=0 | prot=0000 warn=0000 | packs=2 | inv0x305=no
BAT RX 0x330 [8] 02 0D 02 01 0D 3B 0D 27 
BAT RX 0x329 [8] 02 00 1A 25 02 00 40 D1 
BAT RX 0x323 [8] 20 0E 10 00 00 00 00 00 
BAT RX 0x324 [8] 02 42 42 37 00 00 00 00 
BAT RX 0x322 [8] 01 14 00 E8 03 01 64 64 
BAT RX 0x320 [8] 50 41 C3 85 85 00 00 00 
BAT RX 0x319 [8] 40 0D 3B 0D 27 1D 11 00 
BAT RX 0x318 [8] 0D 29 0D 27 0D 27 0D 27 
BAT RX 0x317 [8] 0D 3B 0D 39 0D 38 0D 37 
BAT RX 0x316 [8] 0D 30 0D 2F 0D 2F 0D 28 
BAT RX 0x315 [8] 0D 34 0D 34 0D 34 0D 33 
BAT RX 0x314 [8] 5B 54 5B 54 00 14 05 44 
BAT RX 0x313 [8] 15 18 00 00 00 FE 64 63 
BAT RX 0x312 [8] 00 00 00 00 02 02 00 00 
BAT RX 0x311 [8] 02 38 00 00 08 24 01 21 
[keepalive] twai_transmit() -> ESP_OK
BAT RX 0x330 [8] 02 0D 02 01 0D 3A 0D 27 
BAT RX 0x329 [8] 01 00 22 9C 01 00 40 35 
BAT RX 0x323 [8] 20 0E 10 00 00 00 00 00 
BAT RX 0x324 [8] 00 01 47 50 4A 30 32 31 
BAT RX 0x322 [8] 01 14 00 E8 03 01 64 64 
BAT RX 0x320 [8] 50 41 C3 85 85 00 00 00 
BAT RX 0x319 [8] 40 0D 3A 0D 27 1D 11 00 
BAT RX 0x318 [8] 0D 28 0D 27 0D 27 0D 27 
BAT RX 0x317 [8] 0D 3A 0D 39 0D 38 0D 38 
BAT RX 0x316 [8] 0D 2F 0D 2F 0D 2E 0D 28 
BAT RX 0x315 [8] 0D 34 0D 34 0D 33 0D 33 
BAT RX 0x314 [8] 5B 54 5B 54 00 13 05 44 
BAT RX 0x313 [8] 15 18 00 00 00 FE 64 63 
BAT RX 0x312 [8] 00 00 00 00 02 02 00 00 
BAT RX 0x311 [8] 02 38 00 00 08 24 01 21 
[keepalive] twai_transmit() -> ESP_OK
[565s] OK V=54.00V I=+0.0A T=25.4C SOC=100% SOH=99% | CVL=56.8V CCL=0.0A DCL=208.4A | chg=0 dis=1 fc1=0 fc2=0 | prot=0000 warn=0000 | packs=2 | inv0x305=no
BAT RX 0x330 [8] 02 0D 02 01 0D 3B 0D 27 
BAT RX 0x329 [8] 02 00 1A 25 02 00 40 D1 
BAT RX 0x323 [8] 20 0E 10 00 00 00 00 00 
BAT RX 0x324 [8] 01 39 35 32 32 30 36 32 
BAT RX 0x322 [8] 01 14 00 E8 03 01 64 64 
BAT RX 0x320 [8] 50 41 C3 85 85 00 00 00 
BAT RX 0x319 [8] 40 0D 3B 0D 27 1D 11 00 
BAT RX 0x318 [8] 0D 29 0D 27 0D 27 0D 27 
BAT RX 0x317 [8] 0D 3B 0D 39 0D 38 0D 37 
BAT RX 0x316 [8] 0D 2F 0D 2F 0D 2E 0D 28 
BAT RX 0x315 [8] 0D 34 0D 34 0D 34 0D 34 
BAT RX 0x314 [8] 5B 54 5B 54 00 14 05 44 
BAT RX 0x313 [8] 15 18 00 00 00 FE 64 63 
BAT RX 0x312 [8] 00 00 00 00 02 02 00 00 
BAT RX 0x311 [8] 02 38 00 00 08 24 01 21 
[keepalive] twai_transmit() -> ESP_OK
BAT RX 0x330 [8] 02 0D 02 01 0D 3A 0D 27 
BAT RX 0x329 [8] 01 00 22 9C 01 00 40 35 
BAT RX 0x323 [8] 20 0E 10 00 00 00 00 00 
BAT RX 0x324 [8] 02 43 30 37 00 00 00 00 
BAT RX 0x322 [8] 01 14 00 E8 03 01 64 64 
BAT RX 0x320 [8] 50 41 C3 85 85 00 00 00 
BAT RX 0x319 [8] 40 0D 3A 0D 27 1D 11 00 
BAT RX 0x318 [8] 0D 29 0D 27 0D 27 0D 27 
BAT RX 0x317 [8] 0D 3A 0D 39 0D 37 0D 37 
BAT RX 0x316 [8] 0D 2F 0D 2F 0D 2F 0D 28 
BAT RX 0x315 [8] 0D 34 0D 34 0D 34 0D 34 
BAT RX 0x314 [8] 5B 54 5B 54 00 13 05 44 
BAT RX 0x313 [8] 15 18 00 03 00 FE 64 63 
BAT RX 0x312 [8] 00 00 00 00 02 02 00 00 
BAT RX 0x311 [8] 02 38 00 00 08 24 01 21 
[keepalive] twai_transmit() -> ESP_OK
[567s] OK V=54.00V I=+0.3A T=25.4C SOC=100% SOH=99% | CVL=56.8V CCL=0.0A DCL=208.4A | chg=0 dis=1 fc1=0 fc2=0 | prot=0000 warn=0000 | packs=2 | inv0x305=no
BAT RX 0x330 [8] 02 0D 02 01 0D 3A 0D 27 
BAT RX 0x329 [8] 02 00 1A 25 02 00 40 D1 
BAT RX 0x323 [8] 20 0E 10 00 00 00 00 00 
BAT RX 0x324 [8] 00 02 47 50 4A 30 32 31 
BAT RX 0x322 [8] 01 14 00 E8 03 01 64 64 
BAT RX 0x320 [8] 50 41 C3 85 85 00 00 00 
BAT RX 0x319 [8] 40 0D 3A 0D 27 1D 11 00 
BAT RX 0x318 [8] 0D 28 0D 27 0D 27 0D 27 
BAT RX 0x317 [8] 0D 3A 0D 39 0D 38 0D 37 
BAT RX 0x316 [8] 0D 2F 0D 2F 0D 2E 0D 28 
BAT RX 0x315 [8] 0D 34 0D 34 0D 34 0D 34 
BAT RX 0x314 [8] 5B 54 5B 54 00 13 05 44 
BAT RX 0x313 [8] 15 18 00 00 00 FE 64 63 
BAT RX 0x312 [8] 00 00 00 00 02 02 00 00 
BAT RX 0x311 [8] 02 38 00 00 08 24 01 21 
[keepalive] twai_transmit() -> ESP_OK
BAT RX 0x330 [8] 02 0D 02 01 0D 3B 0D 26 
BAT RX 0x329 [8] 01 00 22 9C 01 00 40 35 
BAT RX 0x323 [8] 20 0E 10 00 00 00 00 00 
BAT RX 0x324 [8] 01 39 35 32 32 30 36 32 
BAT RX 0x322 [8] 01 14 00 E8 03 01 64 64 
BAT RX 0x320 [8] 50 41 C3 85 85 00 00 00 
BAT RX 0x319 [8] 40 0D 3B 0D 26 1D 11 00 
BAT RX 0x318 [8] 0D 29 0D 27 0D 27 0D 26 
BAT RX 0x317 [8] 0D 3B 0D 39 0D 38 0D 37 
BAT RX 0x316 [8] 0D 2F 0D 2F 0D 2E 0D 28 
BAT RX 0x315 [8] 0D 34 0D 34 0D 34 0D 33 
BAT RX 0x314 [8] 5B 54 5B 54 00 15 05 44 
BAT RX 0x313 [8] 15 18 00 03 00 FE 64 63 
BAT RX 0x312 [8] 00 00 00 00 02 02 00 00 
BAT RX 0x311 [8] 02 38 00 00 08 24 01 21 
[keepalive] twai_transmit() -> ESP_OK
[569s] OK V=54.00V I=+0.3A T=25.4C SOC=100% SOH=99% | CVL=56.8V CCL=0.0A DCL=208.4A | chg=0 dis=1 fc1=0 fc2=0 | prot=0000 warn=0000 | packs=2 | inv0x305=no
BAT RX 0x330 [8] 02 0D 02 0F 0D 3B 0D 26 
BAT RX 0x329 [8] 02 00 1A 25 02 00 40 D1 
BAT RX 0x323 [8] 20 0E 10 00 00 00 00 00 
BAT RX 0x324 [8] 02 42 42 37 00 00 00 00 
BAT RX 0x322 [8] 01 14 00 E8 03 01 64 64 
BAT RX 0x320 [8] 50 41 C3 85 85 00 00 00 
BAT RX 0x319 [8] 40 0D 3B 0D 26 1D 1F 00 
BAT RX 0x318 [8] 0D 28 0D 27 0D 27 0D 26 
BAT RX 0x317 [8] 0D 3B 0D 39 0D 38 0D 37 
BAT RX 0x316 [8] 0D 30 0D 2F 0D 2E 0D 29 
BAT RX 0x315 [8] 0D 34 0D 34 0D 34 0D 33 
BAT RX 0x314 [8] 5B 54 5B 54 00 15 05 44 
BAT RX 0x313 [8] 15 18 00 00 00 FE 64 63 
BAT RX 0x312 [8] 00 00 00 00 02 02 00 00 
BAT RX 0x311 [8] 02 38 00 00 08 24 01 21 

---- battery-bus rate stats (VERBOSE_STATS) ----------------------------
  7811 frames, 570 s elapsed
  ID     count   period(ms)  (min-max gap)
  0x312     521    997 (7-1000)
  0x313     521    996 (3-1000)
  0x314     521    996 (4-1000)
  0x315     521    996 (4-1000)
  0x316     521    996 (3-1000)
  0x317     521    996 (3-1000)
  0x318     521    996 (4-1000)
  0x319     521    996 (4-1000)
  0x320     521    996 (4-1000)
  0x322     521    996 (4-1000)
  0x311     521    997 (4-1000)
  0x323     520    998 (767-1000)
  0x324     520    998 (768-1000)
  0x329     520    998 (757-1000)
  0x330     520    998 (746-1000)
--------------------------------------------------------------------------

  TWAI: state=RUNNING  tx_err=0 rx_err=0  tx_failed=0  rx_missed=0 rx_overrun=0  arb_lost=0  bus_err=190881
[keepalive] twai_transmit() -> ESP_OK
BAT RX 0x330 [8] 02 0D 02 01 0D 3A 0D 26 
BAT RX 0x329 [8] 01 00 22 9C 01 00 40 35 
BAT RX 0x323 [8] 20 0E 10 00 00 00 00 00 
BAT RX 0x324 [8] 00 01 47 50 4A 30 32 31 
BAT RX 0x322 [8] 01 14 00 E8 03 01 64 64 
BAT RX 0x320 [8] 50 41 C3 85 85 00 00 00 
BAT RX 0x319 [8] 40 0D 3A 0D 26 1D 11 00 
BAT RX 0x318 [8] 0D 28 0D 27 0D 27 0D 26 
BAT RX 0x317 [8] 0D 3A 0D 39 0D 38 0D 37 
BAT RX 0x316 [8] 0D 2F 0D 2F 0D 2E 0D 28 
BAT RX 0x315 [8] 0D 34 0D 34 0D 33 0D 33 
BAT RX 0x314 [8] 5B 54 5B 54 00 14 05 44 
BAT RX 0x313 [8] 15 18 00 00 00 FE 64 63 
BAT RX 0x312 [8] 00 00 00 00 02 02 00 00 
BAT RX 0x311 [8] 02 38 00 00 08 24 01 21 
[keepalive] twai_transmit() -> ESP_OK
[571s] OK V=54.00V I=+0.0A T=25.4C SOC=100% SOH=99% | CVL=56.8V CCL=0.0A DCL=208.4A | chg=0 dis=1 fc1=0 fc2=0 | prot=0000 warn=0000 | packs=2 | inv0x305=no
BAT RX 0x330 [8] 02 0D 02 01 0D 3A 0D 27 
BAT RX 0x329 [8] 02 00 1A 25 02 00 40 D1 
BAT RX 0x323 [8] 20 0E 10 00 00 00 00 00 
BAT RX 0x324 [8] 01 39 35 32 32 30 36 32 
BAT RX 0x322 [8] 01 14 00 E8 03 01 64 64 
BAT RX 0x320 [8] 50 41 C3 85 85 00 00 00 
BAT RX 0x319 [8] 40 0D 3A 0D 27 1D 11 00 
BAT RX 0x318 [8] 0D 28 0D 27 0D 27 0D 27 
BAT RX 0x317 [8] 0D 3A 0D 39 0D 38 0D 37 
BAT RX 0x316 [8] 0D 2F 0D 2F 0D 2E 0D 28 
BAT RX 0x315 [8] 0D 34 0D 33 0D 33 0D 33 
BAT RX 0x314 [8] 5B 54 5B 54 00 13 05 44 
BAT RX 0x313 [8] 15 18 00 00 00 FE 64 63 
BAT RX 0x312 [8] 00 00 00 00 02 02 00 00 
BAT RX 0x311 [8] 02 38 00 00 08 24 01 21 
[keepalive] twai_transmit() -> ESP_OK
BAT RX 0x330 [8] 02 0D 02 0F 0D 3A 0D 26 
BAT RX 0x329 [8] 01 00 22 9C 01 00 40 35 
BAT RX 0x323 [8] 20 0E 10 00 00 00 00 00 
BAT RX 0x324 [8] 02 43 30 37 00 00 00 00 
BAT RX 0x322 [8] 01 14 00 E8 03 01 64 64 
BAT RX 0x320 [8] 50 41 C3 85 85 00 00 00 
BAT RX 0x319 [8] 40 0D 3A 0D 26 1D 1F 00 
BAT RX 0x318 [8] 0D 28 0D 27 0D 27 0D 26 
BAT RX 0x317 [8] 0D 3A 0D 39 0D 37 0D 37 
BAT RX 0x316 [8] 0D 2F 0D 2E 0D 2E 0D 28 
BAT RX 0x315 [8] 0D 34 0D 34 0D 34 0D 33 
BAT RX 0x314 [8] 5B 54 5B 54 00 14 05 44 
BAT RX 0x313 [8] 15 18 00 03 00 FE 64 63 
BAT RX 0x312 [8] 00 00 00 00 02 02 00 00 
BAT RX 0x311 [8] 02 38 00 00 08 24 01 21 
[keepalive] twai_transmit() -> ESP_OK
[573s] OK V=54.00V I=+0.3A T=25.4C SOC=100% SOH=99% | CVL=56.8V CCL=0.0A DCL=208.4A | chg=0 dis=1 fc1=0 fc2=0 | prot=0000 warn=0000 | packs=2 | inv0x305=no
BAT RX 0x330 [8] 02 0D 02 01 0D 3B 0D 27 
BAT RX 0x329 [8] 02 00 1A 25 02 00 40 D1 
BAT RX 0x323 [8] 20 0E 10 00 00 00 00 00 
BAT RX 0x324 [8] 00 02 47 50 4A 30 32 31 
BAT RX 0x322 [8] 01 14 00 E8 03 01 64 64 
BAT RX 0x320 [8] 50 41 C3 85 85 00 00 00 
BAT RX 0x319 [8] 40 0D 3B 0D 27 1D 11 00 
BAT RX 0x318 [8] 0D 28 0D 27 0D 27 0D 27 
BAT RX 0x317 [8] 0D 3B 0D 38 0D 38 0D 37 
BAT RX 0x316 [8] 0D 30 0D 2F 0D 2E 0D 27 
BAT RX 0x315 [8] 0D 34 0D 34 0D 33 0D 33 
BAT RX 0x314 [8] 5B 54 5B 54 00 14 05 44 
BAT RX 0x313 [8] 15 18 00 00 00 FE 64 63 
BAT RX 0x312 [8] 00 00 00 00 02 02 00 00 
BAT RX 0x311 [8] 02 38 00 00 08 24 01 21 
[keepalive] twai_transmit() -> ESP_OK
BAT RX 0x330 [8] 02 0D 02 01 0D 3A 0D 26 
BAT RX 0x329 [8] 01 00 22 9C 01 00 40 35 
BAT RX 0x323 [8] 20 0E 10 00 00 00 00 00 
BAT RX 0x324 [8] 01 39 35 32 32 30 36 32 
BAT RX 0x322 [8] 01 14 00 E8 03 01 64 64 
BAT RX 0x320 [8] 50 41 C3 85 85 00 00 00 
BAT RX 0x319 [8] 40 0D 3A 0D 26 1D 11 00 
BAT RX 0x318 [8] 0D 28 0D 27 0D 27 0D 26 
BAT RX 0x317 [8] 0D 3A 0D 39 0D 38 0D 37 
BAT RX 0x316 [8] 0D 2F 0D 2E 0D 2E 0D 28 
BAT RX 0x315 [8] 0D 34 0D 34 0D 34 0D 33 
BAT RX 0x314 [8] 5B 54 5B 54 00 14 05 44 
BAT RX 0x313 [8] 15 18 00 03 00 FE 64 63 
BAT RX 0x312 [8] 00 00 00 00 02 02 00 00 
BAT RX 0x311 [8] 02 38 00 00 08 24 01 21 
[keepalive] twai_transmit() -> ESP_OK
[575s] OK V=54.00V I=+0.3A T=25.4C SOC=100% SOH=99% | CVL=56.8V CCL=0.0A DCL=208.4A | chg=0 dis=1 fc1=0 fc2=0 | prot=0000 warn=0000 | packs=2 | inv0x305=no
BAT RX 0x330 [8] 02 0D 02 01 0D 3A 0D 27 
BAT RX 0x329 [8] 02 00 1A 25 02 00 40 D1 
BAT RX 0x323 [8] 20 0E 10 00 00 00 00 00 
BAT RX 0x324 [8] 02 42 42 37 00 00 00 00 
BAT RX 0x322 [8] 01 14 00 E8 03 01 64 64 
BAT RX 0x320 [8] 50 41 C3 85 85 00 00 00 
BAT RX 0x319 [8] 40 0D 3A 0D 27 1D 11 00 
BAT RX 0x318 [8] 0D 28 0D 27 0D 27 0D 27 
BAT RX 0x317 [8] 0D 3A 0D 39 0D 37 0D 37 
BAT RX 0x316 [8] 0D 2F 0D 2F 0D 2E 0D 28 
BAT RX 0x315 [8] 0D 34 0D 34 0D 34 0D 33 
BAT RX 0x314 [8] 5B 54 5B 54 00 13 05 44 
BAT RX 0x313 [8] 15 18 00 03 00 FE 64 63 
BAT RX 0x312 [8] 00 00 00 00 02 02 00 00 
BAT RX 0x311 [8] 02 38 00 00 08 24 01 21 
[keepalive] twai_transmit() -> ESP_OK
BAT RX 0x330 [8] 02 0D 02 01 0D 3A 0D 27 
BAT RX 0x329 [8] 01 00 22 9C 01 00 40 35 
BAT RX 0x323 [8] 20 0E 10 00 00 00 00 00 
BAT RX 0x324 [8] 00 01 47 50 4A 30 32 31 
BAT RX 0x322 [8] 01 14 00 E8 03 01 64 64 
BAT RX 0x320 [8] 50 41 C3 85 85 00 00 00 
BAT RX 0x319 [8] 40 0D 3A 0D 27 1D 11 00 
BAT RX 0x318 [8] 0D 28 0D 27 0D 27 0D 27 
BAT RX 0x317 [8] 0D 3A 0D 38 0D 38 0D 37 
BAT RX 0x316 [8] 0D 2F 0D 2F 0D 2E 0D 28 
BAT RX 0x315 [8] 0D 34 0D 34 0D 33 0D 33 
BAT RX 0x314 [8] 5B 54 5B 54 00 13 05 44 
BAT RX 0x313 [8] 15 18 00 03 00 FE 64 63 
BAT RX 0x312 [8] 00 00 00 00 02 02 00 00 
BAT RX 0x311 [8] 02 38 00 00 08 24 01 21 
[keepalive] twai_transmit() -> ESP_OK
[577s] OK V=54.00V I=+0.3A T=25.4C SOC=100% SOH=99% | CVL=56.8V CCL=0.0A DCL=208.4A | chg=0 dis=1 fc1=0 fc2=0 | prot=0000 warn=0000 | packs=2 | inv0x305=no
BAT RX 0x330 [8] 02 0D 02 01 0D 3A 0D 26 
BAT RX 0x329 [8] 02 00 1A 25 02 00 40 D1 
BAT RX 0x323 [8] 20 0E 10 00 00 00 00 00 
BAT RX 0x324 [8] 01 39 35 32 32 30 36 32 
BAT RX 0x322 [8] 01 14 00 E8 03 01 64 64 
BAT RX 0x320 [8] 50 41 C3 85 85 00 00 00 
BAT RX 0x319 [8] 40 0D 3A 0D 26 1D 11 00 
BAT RX 0x318 [8] 0D 28 0D 27 0D 27 0D 26 
BAT RX 0x317 [8] 0D 3A 0D 39 0D 38 0D 37 
BAT RX 0x316 [8] 0D 2F 0D 2F 0D 2E 0D 28 
BAT RX 0x315 [8] 0D 34 0D 33 0D 33 0D 33 
BAT RX 0x314 [8] 5B 54 5B 54 00 14 05 44 
BAT RX 0x313 [8] 15 18 00 03 00 FE 64 63 
BAT RX 0x312 [8] 00 00 00 00 02 02 00 00 
BAT RX 0x311 [8] 02 38 00 00 08 24 01 21 
[keepalive] twai_transmit() -> ESP_OK
BAT RX 0x330 [8] 02 0D 02 01 0D 3A 0D 26 
BAT RX 0x329 [8] 01 00 22 9C 01 00 40 35 
BAT RX 0x323 [8] 20 0E 10 00 00 00 00 00 
BAT RX 0x324 [8] 02 43 30 37 00 00 00 00 
BAT RX 0x322 [8] 01 14 00 E8 03 01 64 64 
BAT RX 0x320 [8] 50 41 C3 85 85 00 00 00 
BAT RX 0x319 [8] 40 0D 3A 0D 26 1D 11 00 
BAT RX 0x318 [8] 0D 28 0D 27 0D 27 0D 26 
BAT RX 0x317 [8] 0D 3A 0D 38 0D 38 0D 37 
BAT RX 0x316 [8] 0D 2F 0D 2F 0D 2D 0D 28 
BAT RX 0x315 [8] 0D 34 0D 34 0D 34 0D 33 
BAT RX 0x314 [8] 5B 54 5B 54 00 14 05 44 
BAT RX 0x313 [8] 15 18 00 03 00 FE 64 63 
BAT RX 0x312 [8] 00 00 00 00 02 02 00 00 
BAT RX 0x311 [8] 02 38 00 00 08 24 01 21 
[keepalive] twai_transmit() -> ESP_OK
[579s] OK V=54.00V I=+0.3A T=25.4C SOC=100% SOH=99% | CVL=56.8V CCL=0.0A DCL=208.4A | chg=0 dis=1 fc1=0 fc2=0 | prot=0000 warn=0000 | packs=2 | inv0x305=no
BAT RX 0x330 [8] 02 0D 02 01 0D 3A 0D 26 
BAT RX 0x329 [8] 02 00 1A 25 02 00 40 D1 
BAT RX 0x323 [8] 20 0E 10 00 00 00 00 00 
BAT RX 0x324 [8] 00 02 47 50 4A 30 32 31 
BAT RX 0x322 [8] 01 14 00 E8 03 01 64 64 
BAT RX 0x320 [8] 50 41 C3 85 85 00 00 00 
BAT RX 0x319 [8] 40 0D 3A 0D 26 1D 11 00 
BAT RX 0x318 [8] 0D 28 0D 27 0D 26 0D 26 
BAT RX 0x317 [8] 0D 3A 0D 39 0D 37 0D 37 
BAT RX 0x316 [8] 0D 2F 0D 2F 0D 2E 0D 28 
BAT RX 0x315 [8] 0D 34 0D 34 0D 33 0D 33 
BAT RX 0x314 [8] 5B 54 5B 54 00 14 05 44 
BAT RX 0x313 [8] 15 18 00 00 00 FE 64 63 
BAT RX 0x312 [8] 00 00 00 00 02 02 00 00 
BAT RX 0x311 [8] 02 38 00 00 08 24 01 21 
[keepalive] twai_transmit() -> ESP_OK
BAT RX 0x330 [8] 02 0D 01 01 0D 3A 0D 27 
BAT RX 0x329 [8] 01 00 22 9C 01 00 40 35 
BAT RX 0x323 [8] 20 0E 10 00 00 00 00 00 
BAT RX 0x324 [8] 01 39 35 32 32 30 36 32 
BAT RX 0x322 [8] 01 14 00 E8 03 01 64 64 
BAT RX 0x320 [8] 50 41 C3 85 85 00 00 00 
BAT RX 0x319 [8] 40 0D 3A 0D 27 1D 01 00 
BAT RX 0x318 [8] 0D 28 0D 27 0D 27 0D 27 
BAT RX 0x317 [8] 0D 3A 0D 39 0D 37 0D 37 
BAT RX 0x316 [8] 0D 2F 0D 2E 0D 2D 0D 28 
BAT RX 0x315 [8] 0D 34 0D 34 0D 34 0D 33 
BAT RX 0x314 [8] 5B 54 5B 54 00 13 05 44 
BAT RX 0x313 [8] 15 18 00 03 00 FE 64 63 
BAT RX 0x312 [8] 00 00 00 00 02 02 00 00 
BAT RX 0x311 [8] 02 38 00 00 08 24 01 21 
[keepalive] twai_transmit() -> ESP_OK
[581s] OK V=54.00V I=+0.3A T=25.4C SOC=100% SOH=99% | CVL=56.8V CCL=0.0A DCL=208.4A | chg=0 dis=1 fc1=0 fc2=0 | prot=0000 warn=0000 | packs=2 | inv0x305=no
BAT RX 0x330 [8] 02 0D 02 01 0D 3A 0D 26 
BAT RX 0x329 [8] 02 00 1A 25 02 00 40 D1 
BAT RX 0x323 [8] 20 0E 10 00 00 00 00 00 
BAT RX 0x324 [8] 02 42 42 37 00 00 00 00 
BAT RX 0x322 [8] 01 14 00 E8 03 01 64 64 
BAT RX 0x320 [8] 50 41 C3 85 85 00 00 00 
BAT RX 0x319 [8] 40 0D 3A 0D 26 1D 11 00 
BAT RX 0x318 [8] 0D 28 0D 27 0D 27 0D 26 
BAT RX 0x317 [8] 0D 3A 0D 38 0D 37 0D 37 
BAT RX 0x316 [8] 0D 2F 0D 2E 0D 2E 0D 27 
BAT RX 0x315 [8] 0D 34 0D 33 0D 33 0D 33 
BAT RX 0x314 [8] 5B 54 5B 54 00 14 05 44 
BAT RX 0x313 [8] 15 18 00 00 00 FE 64 63 
BAT RX 0x312 [8] 00 00 00 00 02 02 00 00 
BAT RX 0x311 [8] 02 38 00 00 08 24 01 21 
[keepalive] twai_transmit() -> ESP_OK
BAT RX 0x330 [8] 02 0D 02 01 0D 3A 0D 26 
BAT RX 0x329 [8] 01 00 22 9C 01 00 40 35 
BAT RX 0x323 [8] 20 0E 10 00 00 00 00 00 
BAT RX 0x324 [8] 00 01 47 50 4A 30 32 31 
BAT RX 0x322 [8] 01 14 00 E8 03 01 64 64 
BAT RX 0x320 [8] 50 41 C3 85 85 00 00 00 
BAT RX 0x319 [8] 40 0D 3A 0D 26 1D 11 00 
BAT RX 0x318 [8] 0D 28 0D 27 0D 27 0D 26 
BAT RX 0x317 [8] 0D 3A 0D 39 0D 38 0D 37 
BAT RX 0x316 [8] 0D 2F 0D 2E 0D 2E 0D 28 
BAT RX 0x315 [8] 0D 34 0D 33 0D 33 0D 33 
BAT RX 0x314 [8] 5B 54 5B 54 00 14 05 44 
BAT RX 0x313 [8] 15 18 00 00 00 FE 64 63 
BAT RX 0x312 [8] 00 00 00 00 02 02 00 00 
BAT RX 0x311 [8] 02 38 00 00 08 24 01 21 
[keepalive] twai_transmit() -> ESP_OK
[583s] OK V=54.00V I=+0.0A T=25.4C SOC=100% SOH=99% | CVL=56.8V CCL=0.0A DCL=208.4A | chg=0 dis=1 fc1=0 fc2=0 | prot=0000 warn=0000 | packs=2 | inv0x305=no
BAT RX 0x330 [8] 02 0D 02 01 0D 3A 0D 26 
BAT RX 0x329 [8] 02 00 1A 25 02 00 40 D1 
BAT RX 0x323 [8] 20 0E 10 00 00 00 00 00 
BAT RX 0x324 [8] 01 39 35 32 32 30 36 32 
BAT RX 0x322 [8] 01 14 00 E8 03 01 64 64 
BAT RX 0x320 [8] 50 41 C3 85 85 00 00 00 
BAT RX 0x319 [8] 40 0D 3A 0D 26 1D 11 00 
BAT RX 0x318 [8] 0D 28 0D 27 0D 26 0D 26 
BAT RX 0x317 [8] 0D 3A 0D 39 0D 38 0D 36 
BAT RX 0x316 [8] 0D 2F 0D 2E 0D 2D 0D 28 
BAT RX 0x315 [8] 0D 35 0D 34 0D 34 0D 33 
BAT RX 0x314 [8] 5B 54 5B 54 00 14 05 44 
BAT RX 0x313 [8] 15 18 00 03 00 FE 64 63 
BAT RX 0x312 [8] 00 00 00 00 02 02 00 00 
BAT RX 0x311 [8] 02 38 00 00 08 24 01 21 
[keepalive] twai_transmit() -> ESP_OK
BAT RX 0x330 [8] 02 0D 02 01 0D 3A 0D 26 
BAT RX 0x329 [8] 01 00 22 9C 01 00 40 35 
BAT RX 0x323 [8] 20 0E 10 00 00 00 00 00 
BAT RX 0x324 [8] 02 43 30 37 00 00 00 00 
BAT RX 0x322 [8] 01 14 00 E8 03 01 64 64 
BAT RX 0x320 [8] 50 41 C3 85 85 00 00 00 
BAT RX 0x319 [8] 40 0D 3A 0D 26 1D 11 00 
BAT RX 0x318 [8] 0D 28 0D 27 0D 26 0D 26 
BAT RX 0x317 [8] 0D 3A 0D 39 0D 38 0D 36 
BAT RX 0x316 [8] 0D 2F 0D 2E 0D 2E 0D 27 
BAT RX 0x315 [8] 0D 34 0D 33 0D 33 0D 33 
BAT RX 0x314 [8] 5B 54 5B 54 00 14 05 44 
BAT RX 0x313 [8] 15 18 00 00 00 FE 64 63 
BAT RX 0x312 [8] 00 00 00 00 02 02 00 00 
BAT RX 0x311 [8] 02 38 00 00 08 24 01 21 

---- battery-bus rate stats (VERBOSE_STATS) ----------------------------
  8036 frames, 585 s elapsed
  ID     count   period(ms)  (min-max gap)
  0x312     536    997 (7-1000)
  0x313     536    997 (3-1000)
  0x314     536    997 (4-1000)
  0x315     536    997 (4-1000)
  0x316     536    996 (3-1000)
  0x317     536    996 (3-1000)
  0x318     536    996 (4-1000)
  0x319     536    996 (4-1000)
  0x320     536    996 (4-1000)
  0x322     536    996 (4-1000)
  0x311     536    997 (4-1000)
  0x323     535    998 (767-1000)
  0x324     535    998 (768-1000)
  0x329     535    998 (757-1000)
  0x330     535    998 (746-1000)
--------------------------------------------------------------------------

  TWAI: state=RUNNING  tx_err=0 rx_err=0  tx_failed=0  rx_missed=0 rx_overrun=0  arb_lost=0  bus_err=190881
[keepalive] twai_transmit() -> ESP_OK
[585s] OK V=54.00V I=+0.0A T=25.4C SOC=100% SOH=99% | CVL=56.8V CCL=0.0A DCL=208.4A | chg=0 dis=1 fc1=0 fc2=0 | prot=0000 warn=0000 | packs=2 | inv0x305=no
BAT RX 0x330 [8] 02 0D 02 01 0D 3A 0D 26 
BAT RX 0x329 [8] 02 00 1A 25 02 00 40 D1 
BAT RX 0x323 [8] 20 0E 10 00 00 00 00 00 
BAT RX 0x324 [8] 00 02 47 50 4A 30 32 31 
BAT RX 0x322 [8] 01 14 00 E8 03 01 64 64 
BAT RX 0x320 [8] 50 41 C3 85 85 00 00 00 
BAT RX 0x319 [8] 40 0D 3A 0D 26 1D 11 00 
BAT RX 0x318 [8] 0D 28 0D 27 0D 27 0D 26 
BAT RX 0x317 [8] 0D 3A 0D 39 0D 37 0D 37 
BAT RX 0x316 [8] 0D 2E 0D 2E 0D 2E 0D 28 
BAT RX 0x315 [8] 0D 34 0D 34 0D 34 0D 33 
BAT RX 0x314 [8] 5B 54 5B 54 00 14 05 44 
BAT RX 0x313 [8] 15 18 00 00 00 FE 64 63 
BAT RX 0x312 [8] 00 00 00 00 02 02 00 00 
BAT RX 0x311 [8] 02 38 00 00 08 24 01 21 
[keepalive] twai_transmit() -> ESP_OK
BAT RX 0x330 [8] 02 0D 02 01 0D 3A 0D 26 
BAT RX 0x329 [8] 01 00 22 9C 01 00 40 35 
BAT RX 0x323 [8] 20 0E 10 00 00 00 00 00 
BAT RX 0x324 [8] 01 39 35 32 32 30 36 32 
BAT RX 0x322 [8] 01 14 00 E8 03 01 64 64 
BAT RX 0x320 [8] 50 41 C3 85 85 00 00 00 
BAT RX 0x319 [8] 40 0D 3A 0D 26 1D 11 00 
BAT RX 0x318 [8] 0D 28 0D 27 0D 26 0D 26 
BAT RX 0x317 [8] 0D 3A 0D 38 0D 37 0D 37 
BAT RX 0x316 [8] 0D 2F 0D 2F 0D 2E 0D 28 
BAT RX 0x315 [8] 0D 34 0D 33 0D 33 0D 33 
BAT RX 0x314 [8] 5B 54 5B 54 00 14 05 44 
BAT RX 0x313 [8] 15 18 00 00 00 FE 64 63 
BAT RX 0x312 [8] 00 00 00 00 02 02 00 00 
BAT RX 0x311 [8] 02 38 00 00 08 24 01 21 
[keepalive] twai_transmit() -> ESP_OK
[587s] OK V=54.00V I=+0.0A T=25.4C SOC=100% SOH=99% | CVL=56.8V CCL=0.0A DCL=208.4A | chg=0 dis=1 fc1=0 fc2=0 | prot=0000 warn=0000 | packs=2 | inv0x305=no
BAT RX 0x330 [8] 02 0D 02 01 0D 3A 0D 26 
BAT RX 0x329 [8] 02 00 1A 25 02 00 40 D1 
BAT RX 0x323 [8] 20 0E 10 00 00 00 00 00 
BAT RX 0x324 [8] 02 42 42 37 00 00 00 00 
BAT RX 0x322 [8] 01 14 00 E8 03 01 64 64 
BAT RX 0x320 [8] 50 41 C3 85 85 00 00 00 
BAT RX 0x319 [8] 40 0D 3A 0D 26 1D 11 00 
BAT RX 0x318 [8] 0D 28 0D 27 0D 26 0D 26 
BAT RX 0x317 [8] 0D 3A 0D 38 0D 37 0D 37 
BAT RX 0x316 [8] 0D 30 0D 2E 0D 2E 0D 27 
BAT RX 0x315 [8] 0D 34 0D 33 0D 33 0D 33 
BAT RX 0x314 [8] 5B 54 5B 54 00 14 05 44 
BAT RX 0x313 [8] 15 18 00 03 00 FE 64 63 
BAT RX 0x312 [8] 00 00 00 00 02 02 00 00 
BAT RX 0x311 [8] 02 38 00 00 08 24 01 21 
[keepalive] twai_transmit() -> ESP_OK
BAT RX 0x330 [8] 02 0D 02 01 0D 3A 0D 26 
BAT RX 0x329 [8] 01 00 22 9C 01 00 40 35 
BAT RX 0x323 [8] 20 0E 10 00 00 00 00 00 
BAT RX 0x324 [8] 00 01 47 50 4A 30 32 31 
BAT RX 0x322 [8] 01 14 00 E8 03 01 64 64 
BAT RX 0x320 [8] 50 41 C3 85 85 00 00 00 
BAT RX 0x319 [8] 40 0D 3A 0D 26 1D 11 00 
BAT RX 0x318 [8] 0D 28 0D 27 0D 26 0D 26 
BAT RX 0x317 [8] 0D 3A 0D 38 0D 37 0D 36 
BAT RX 0x316 [8] 0D 2F 0D 2E 0D 2E 0D 28 
BAT RX 0x315 [8] 0D 33 0D 33 0D 33 0D 33 
BAT RX 0x314 [8] 5B 54 5B 54 00 14 05 44 
BAT RX 0x313 [8] 15 18 00 00 00 FE 64 63 
BAT RX 0x312 [8] 00 00 00 00 02 02 00 00 
BAT RX 0x311 [8] 02 38 00 00 08 24 01 21 
[keepalive] twai_transmit() -> ESP_OK
[589s] OK V=54.00V I=+0.0A T=25.4C SOC=100% SOH=99% | CVL=56.8V CCL=0.0A DCL=208.4A | chg=0 dis=1 fc1=0 fc2=0 | prot=0000 warn=0000 | packs=2 | inv0x305=no
BAT RX 0x330 [8] 02 0D 02 01 0D 3A 0D 26 
BAT RX 0x329 [8] 02 00 1A 25 02 00 40 D1 
BAT RX 0x323 [8] 20 0E 10 00 00 00 00 00 
BAT RX 0x324 [8] 01 39 35 32 32 30 36 32 
BAT RX 0x322 [8] 01 14 00 E8 03 01 64 64 
BAT RX 0x320 [8] 50 41 C3 85 85 00 00 00 
BAT RX 0x319 [8] 40 0D 3A 0D 26 1D 11 00 
BAT RX 0x318 [8] 0D 28 0D 27 0D 26 0D 26 
BAT RX 0x317 [8] 0D 3A 0D 39 0D 37 0D 36 
BAT RX 0x316 [8] 0D 2E 0D 2E 0D 2E 0D 27 
BAT RX 0x315 [8] 0D 33 0D 33 0D 33 0D 33 
BAT RX 0x314 [8] 5B 54 5B 54 00 14 05 44 
BAT RX 0x313 [8] 15 18 00 00 00 FE 64 63 
BAT RX 0x312 [8] 00 00 00 00 02 02 00 00 
BAT RX 0x311 [8] 02 38 00 00 08 24 01 21 
[keepalive] twai_transmit() -> ESP_OK
BAT RX 0x330 [8] 02 0D 02 01 0D 3A 0D 26 
BAT RX 0x329 [8] 01 00 22 9C 01 00 40 35 
BAT RX 0x323 [8] 20 0E 10 00 00 00 00 00 
BAT RX 0x324 [8] 02 43 30 37 00 00 00 00 
BAT RX 0x322 [8] 01 14 00 E8 03 01 64 64 
BAT RX 0x320 [8] 50 41 C3 85 85 00 00 00 
BAT RX 0x319 [8] 40 0D 3A 0D 26 1D 11 00 
BAT RX 0x318 [8] 0D 28 0D 27 0D 27 0D 26 
BAT RX 0x317 [8] 0D 3A 0D 38 0D 37 0D 36 
BAT RX 0x316 [8] 0D 2F 0D 2E 0D 2E 0D 28 
BAT RX 0x315 [8] 0D 34 0D 33 0D 33 0D 33 
BAT RX 0x314 [8] 5B 54 5B 54 00 14 05 44 
BAT RX 0x313 [8] 15 18 00 00 00 FE 64 63 
BAT RX 0x312 [8] 00 00 00 00 02 02 00 00 
BAT RX 0x311 [8] 02 38 00 00 08 24 01 21 
[keepalive] twai_transmit() -> ESP_OK
[591s] OK V=54.00V I=+0.0A T=25.4C SOC=100% SOH=99% | CVL=56.8V CCL=0.0A DCL=208.4A | chg=0 dis=1 fc1=0 fc2=0 | prot=0000 warn=0000 | packs=2 | inv0x305=no
BAT RX 0x330 [8] 02 0D 02 01 0D 3A 0D 26 
BAT RX 0x329 [8] 02 00 1A 25 02 00 40 D1 
BAT RX 0x323 [8] 20 0E 10 00 00 00 00 00 
BAT RX 0x324 [8] 00 02 47 50 4A 30 32 31 
BAT RX 0x322 [8] 01 14 00 E8 03 01 64 64 
BAT RX 0x320 [8] 50 41 C3 85 85 00 00 00 
BAT RX 0x319 [8] 40 0D 3A 0D 26 1D 11 00 
BAT RX 0x318 [8] 0D 28 0D 27 0D 26 0D 26 
BAT RX 0x317 [8] 0D 3A 0D 38 0D 37 0D 36 
BAT RX 0x316 [8] 0D 2F 0D 2E 0D 2E 0D 28 
BAT RX 0x315 [8] 0D 33 0D 33 0D 33 0D 33 
BAT RX 0x314 [8] 5B 54 5B 54 00 14 05 44 
BAT RX 0x313 [8] 15 18 00 00 00 FE 64 63 
BAT RX 0x312 [8] 00 00 00 00 02 02 00 00 
BAT RX 0x311 [8] 02 38 00 00 08 24 01 21 
[keepalive] twai_transmit() -> ESP_OK
BAT RX 0x330 [8] 02 0D 02 01 0D 3A 0D 26 
BAT RX 0x329 [8] 01 00 22 9C 01 00 40 35 
BAT RX 0x323 [8] 20 0E 10 00 00 00 00 00 
BAT RX 0x324 [8] 01 39 35 32 32 30 36 32 
BAT RX 0x322 [8] 01 14 00 E8 03 01 64 64 
BAT RX 0x320 [8] 50 41 C3 85 85 00 00 00 
BAT RX 0x319 [8] 40 0D 3A 0D 26 1D 11 00 
BAT RX 0x318 [8] 0D 28 0D 27 0D 26 0D 26 
BAT RX 0x317 [8] 0D 3A 0D 38 0D 37 0D 37 
BAT RX 0x316 [8] 0D 2F 0D 2E 0D 2E 0D 27 
BAT RX 0x315 [8] 0D 33 0D 33 0D 33 0D 33 
BAT RX 0x314 [8] 5B 54 5B 54 00 14 05 44 
BAT RX 0x313 [8] 15 18 00 00 00 FE 64 63 
BAT RX 0x312 [8] 00 00 00 00 02 02 00 00 
BAT RX 0x311 [8] 02 38 00 00 08 24 01 21 
[keepalive] twai_transmit() -> ESP_OK
[593s] OK V=54.00V I=+0.0A T=25.4C SOC=100% SOH=99% | CVL=56.8V CCL=0.0A DCL=208.4A | chg=0 dis=1 fc1=0 fc2=0 | prot=0000 warn=0000 | packs=2 | inv0x305=no
BAT RX 0x330 [8] 02 0D 02 01 0D 3A 0D 27 
BAT RX 0x329 [8] 02 00 1A 25 02 00 40 D1 
BAT RX 0x323 [8] 20 0E 10 00 00 00 00 00 
BAT RX 0x324 [8] 02 42 42 37 00 00 00 00 
BAT RX 0x322 [8] 01 14 00 E8 03 01 64 64 
BAT RX 0x320 [8] 50 41 C3 85 85 00 00 00 
BAT RX 0x319 [8] 40 0D 3A 0D 27 1D 11 00 
BAT RX 0x318 [8] 0D 28 0D 27 0D 27 0D 27 
BAT RX 0x317 [8] 0D 3A 0D 38 0D 37 0D 37 
BAT RX 0x316 [8] 0D 2F 0D 2E 0D 2E 0D 28 
BAT RX 0x315 [8] 0D 34 0D 33 0D 33 0D 33 
BAT RX 0x314 [8] 5B 54 5B 54 00 13 05 44 
BAT RX 0x313 [8] 15 18 00 03 00 FE 64 63 
BAT RX 0x312 [8] 00 00 00 00 02 02 00 00 
BAT RX 0x311 [8] 02 38 00 00 08 24 01 21 
[keepalive] twai_transmit() -> ESP_OK
BAT RX 0x330 [8] 02 0D 02 01 0D 3A 0D 26 
BAT RX 0x329 [8] 01 00 22 9C 01 00 40 35 
BAT RX 0x323 [8] 20 0E 10 00 00 00 00 00 
BAT RX 0x324 [8] 00 01 47 50 4A 30 32 31 
BAT RX 0x322 [8] 01 14 00 E8 03 01 64 64 
BAT RX 0x320 [8] 50 41 C3 85 85 00 00 00 
BAT RX 0x319 [8] 40 0D 3A 0D 26 1D 11 00 
BAT RX 0x318 [8] 0D 28 0D 27 0D 26 0D 26 
BAT RX 0x317 [8] 0D 3A 0D 38 0D 37 0D 37 
BAT RX 0x316 [8] 0D 2E 0D 2E 0D 2E 0D 28 
BAT RX 0x315 [8] 0D 33 0D 33 0D 33 0D 33 
BAT RX 0x314 [8] 5B 54 5B 54 00 14 05 44 
BAT RX 0x313 [8] 15 18 00 00 00 FE 64 63 
BAT RX 0x312 [8] 00 00 00 00 02 02 00 00 
BAT RX 0x311 [8] 02 38 00 00 08 24 01 21 
[keepalive] twai_transmit() -> ESP_OK
[595s] OK V=54.00V I=+0.0A T=25.4C SOC=100% SOH=99% | CVL=56.8V CCL=0.0A DCL=208.4A | chg=0 dis=1 fc1=0 fc2=0 | prot=0000 warn=0000 | packs=2 | inv0x305=no
BAT RX 0x330 [8] 02 0D 02 01 0D 3A 0D 26 
BAT RX 0x329 [8] 02 00 1A 25 02 00 40 D1 
BAT RX 0x323 [8] 20 0E 10 00 00 00 00 00 
BAT RX 0x324 [8] 01 39 35 32 32 30 36 32 
BAT RX 0x322 [8] 01 14 00 E8 03 01 64 64 
BAT RX 0x320 [8] 50 41 C3 85 85 00 00 00 
BAT RX 0x319 [8] 40 0D 3A 0D 26 1D 11 00 
BAT RX 0x318 [8] 0D 28 0D 26 0D 26 0D 26 
BAT RX 0x317 [8] 0D 3A 0D 38 0D 37 0D 36 
BAT RX 0x316 [8] 0D 2F 0D 2E 0D 2E 0D 28 
BAT RX 0x315 [8] 0D 33 0D 33 0D 33 0D 33 
BAT RX 0x314 [8] 5B 54 5B 54 00 14 05 44 
BAT RX 0x313 [8] 15 18 00 03 00 FE 64 63 
BAT RX 0x312 [8] 00 00 00 00 02 02 00 00 
BAT RX 0x311 [8] 02 38 00 00 08 24 01 21 
[keepalive] twai_transmit() -> ESP_OK
BAT RX 0x330 [8] 02 0D 02 01 0D 3A 0D 26 
BAT RX 0x329 [8] 01 00 22 9C 01 00 40 35 
BAT RX 0x323 [8] 20 0E 10 00 00 00 00 00 
BAT RX 0x324 [8] 02 43 30 37 00 00 00 00 
BAT RX 0x322 [8] 01 14 00 E8 03 01 64 64 
BAT RX 0x320 [8] 50 41 C3 85 85 00 00 00 
BAT RX 0x319 [8] 40 0D 3A 0D 26 1D 11 00 
BAT RX 0x318 [8] 0D 28 0D 27 0D 26 0D 26 
BAT RX 0x317 [8] 0D 3A 0D 38 0D 37 0D 36 
BAT RX 0x316 [8] 0D 2F 0D 2E 0D 2E 0D 28 
BAT RX 0x315 [8] 0D 33 0D 33 0D 33 0D 33 
BAT RX 0x314 [8] 5B 54 5B 54 00 14 05 44 
BAT RX 0x313 [8] 15 18 00 00 00 FE 64 63 
BAT RX 0x312 [8] 00 00 00 00 02 02 00 00 
BAT RX 0x311 [8] 02 38 00 00 08 24 01 21 
[keepalive] twai_transmit() -> ESP_OK
[597s] OK V=54.00V I=+0.0A T=25.4C SOC=100% SOH=99% | CVL=56.8V CCL=0.0A DCL=208.4A | chg=0 dis=1 fc1=0 fc2=0 | prot=0000 warn=0000 | packs=2 | inv0x305=no
BAT RX 0x330 [8] 02 0D 02 01 0D 3A 0D 26 
BAT RX 0x329 [8] 02 00 1A 25 02 00 40 D1 
BAT RX 0x323 [8] 20 0E 10 00 00 00 00 00 
BAT RX 0x324 [8] 00 02 47 50 4A 30 32 31 
BAT RX 0x322 [8] 01 14 00 E8 03 01 64 64 
BAT RX 0x320 [8] 50 41 C3 85 85 00 00 00 
BAT RX 0x319 [8] 40 0D 3A 0D 26 1D 11 00 
BAT RX 0x318 [8] 0D 27 0D 27 0D 26 0D 26 
BAT RX 0x317 [8] 0D 3A 0D 38 0D 37 0D 36 
BAT RX 0x316 [8] 0D 2F 0D 2E 0D 2E 0D 28 
BAT RX 0x315 [8] 0D 33 0D 33 0D 33 0D 33 
BAT RX 0x314 [8] 5B 54 5B 54 00 14 05 44 
BAT RX 0x313 [8] 15 18 00 03 00 FE 64 63 
BAT RX 0x312 [8] 00 00 00 00 02 02 00 00 
BAT RX 0x311 [8] 02 38 00 00 08 24 01 21 
[keepalive] twai_transmit() -> ESP_OK
BAT RX 0x330 [8] 02 0D 02 01 0D 3A 0D 26 
BAT RX 0x329 [8] 01 00 22 9C 01 00 40 35 
BAT RX 0x323 [8] 20 0E 10 00 00 00 00 00 
BAT RX 0x324 [8] 01 39 35 32 32 30 36 32 
BAT RX 0x322 [8] 01 14 00 E8 03 01 64 64 
BAT RX 0x320 [8] 50 41 C3 85 85 00 00 00 
BAT RX 0x319 [8] 40 0D 3A 0D 26 1D 11 00 
BAT RX 0x318 [8] 0D 28 0D 27 0D 26 0D 26 
BAT RX 0x317 [8] 0D 3A 0D 38 0D 37 0D 37 
BAT RX 0x316 [8] 0D 2F 0D 2E 0D 2E 0D 28 
BAT RX 0x315 [8] 0D 33 0D 33 0D 33 0D 33 
BAT RX 0x314 [8] 5B 54 5B 54 00 14 05 44 
BAT RX 0x313 [8] 15 18 00 03 00 FE 64 63 
BAT RX 0x312 [8] 00 00 00 00 02 02 00 00 
BAT RX 0x311 [8] 02 38 00 00 08 24 01 21 
[keepalive] twai_transmit() -> ESP_OK
[599s] OK V=54.00V I=+0.3A T=25.4C SOC=100% SOH=99% | CVL=56.8V CCL=0.0A DCL=208.4A | chg=0 dis=1 fc1=0 fc2=0 | prot=0000 warn=0000 | packs=2 | inv0x305=no
BAT RX 0x330 [8] 02 0D 02 01 0D 3A 0D 26 
BAT RX 0x329 [8] 02 00 1A 25 02 00 40 D1 
BAT RX 0x323 [8] 20 0E 10 00 00 00 00 00 
BAT RX 0x324 [8] 02 42 42 37 00 00 00 00 
BAT RX 0x322 [8] 01 14 00 E8 03 01 64 64 
BAT RX 0x320 [8] 50 41 C3 85 85 00 00 00 
BAT RX 0x319 [8] 40 0D 3A 0D 26 1D 11 00 
BAT RX 0x318 [8] 0D 28 0D 27 0D 27 0D 26 
BAT RX 0x317 [8] 0D 3A 0D 38 0D 37 0D 36 
BAT RX 0x316 [8] 0D 2F 0D 2E 0D 2E 0D 27 
BAT RX 0x315 [8] 0D 33 0D 33 0D 33 0D 33 
BAT RX 0x314 [8] 5B 54 5B 54 00 14 05 44 
BAT RX 0x313 [8] 15 18 00 00 00 FE 64 63 
BAT RX 0x312 [8] 00 00 00 00 02 02 00 00 
BAT RX 0x311 [8] 02 38 00 00 08 24 01 21 

---- battery-bus rate stats (VERBOSE_STATS) ----------------------------
  8261 frames, 600 s elapsed
  ID     count   period(ms)  (min-max gap)
  0x312     551    997 (7-1000)
  0x313     551    997 (3-1000)
  0x314     551    997 (4-1000)
  0x315     551    997 (4-1000)
  0x316     551    997 (3-1000)
  0x317     551    997 (3-1000)
  0x318     551    997 (4-1000)
  0x319     551    996 (4-1000)
  0x320     551    996 (4-1000)
  0x322     551    996 (4-1000)
  0x311     551    997 (4-1000)
  0x323     550    998 (767-1000)
  0x324     550    998 (768-1000)
  0x329     550    998 (757-1000)
  0x330     550    998 (746-1000)
--------------------------------------------------------------------------

  TWAI: state=RUNNING  tx_err=0 rx_err=0  tx_failed=0  rx_missed=0 rx_overrun=0  arb_lost=0  bus_err=190881
[keepalive] twai_transmit() -> ESP_OK
BAT RX 0x330 [8] 02 0D 02 01 0D 3A 0D 26 
BAT RX 0x329 [8] 01 00 22 9C 01 00 40 35 
BAT RX 0x323 [8] 20 0E 10 00 00 00 00 00 
BAT RX 0x324 [8] 00 01 47 50 4A 30 32 31 
BAT RX 0x322 [8] 01 14 00 E8 03 01 64 64 
BAT RX 0x320 [8] 50 41 C3 85 85 00 00 00 
BAT RX 0x319 [8] 40 0D 3A 0D 26 1D 11 00 
BAT RX 0x318 [8] 0D 28 0D 27 0D 26 0D 26 
BAT RX 0x317 [8] 0D 3A 0D 38 0D 37 0D 37 
BAT RX 0x316 [8] 0D 2E 0D 2E 0D 2E 0D 28 
BAT RX 0x315 [8] 0D 33 0D 33 0D 33 0D 33 
BAT RX 0x314 [8] 5B 54 5B 54 00 14 05 44 
BAT RX 0x313 [8] 15 18 00 00 00 FE 64 63 
BAT RX 0x312 [8] 00 00 00 00 02 02 00 00 
BAT RX 0x311 [8] 02 38 00 00 08 24 01 21 
[keepalive] twai_transmit() -> ESP_OK
[601s] OK V=54.00V I=+0.0A T=25.4C SOC=100% SOH=99% | CVL=56.8V CCL=0.0A DCL=208.4A | chg=0 dis=1 fc1=0 fc2=0 | prot=0000 warn=0000 | packs=2 | inv0x305=no
BAT RX 0x330 [8] 02 0D 02 01 0D 3A 0D 26 
BAT RX 0x329 [8] 02 00 1A 25 02 00 40 D1 
BAT RX 0x323 [8] 20 0E 10 00 00 00 00 00 
BAT RX 0x324 [8] 01 39 35 32 32 30 36 32 
BAT RX 0x322 [8] 01 14 00 E8 03 01 64 64 
BAT RX 0x320 [8] 50 41 C3 85 85 00 00 00 
BAT RX 0x319 [8] 40 0D 3A 0D 26 1D 11 00 
BAT RX 0x318 [8] 0D 28 0D 27 0D 27 0D 26 
BAT RX 0x317 [8] 0D 3A 0D 38 0D 37 0D 36 
BAT RX 0x316 [8] 0D 2F 0D 2E 0D 2E 0D 27 
BAT RX 0x315 [8] 0D 33 0D 33 0D 33 0D 32 
BAT RX 0x314 [8] 5B 54 5B 54 00 14 05 44 
BAT RX 0x313 [8] 15 18 00 00 00 FE 64 63 
BAT RX 0x312 [8] 00 00 00 00 02 02 00 00 
BAT RX 0x311 [8] 02 38 00 00 08 24 01 21 
[keepalive] twai_transmit() -> ESP_OK
BAT RX 0x330 [8] 02 0D 02 01 0D 3A 0D 26 
BAT RX 0x329 [8] 01 00 22 9C 01 00 40 35 
BAT RX 0x323 [8] 20 0E 10 00 00 00 00 00 
BAT RX 0x324 [8] 02 43 30 37 00 00 00 00 
BAT RX 0x322 [8] 01 14 00 E8 03 01 64 64 
BAT RX 0x320 [8] 50 41 C3 85 85 00 00 00 
BAT RX 0x319 [8] 40 0D 3A 0D 26 1D 11 00 
BAT RX 0x318 [8] 0D 28 0D 27 0D 27 0D 26 
BAT RX 0x317 [8] 0D 3A 0D 38 0D 37 0D 36 
BAT RX 0x316 [8] 0D 2F 0D 2E 0D 2E 0D 27 
BAT RX 0x315 [8] 0D 33 0D 33 0D 33 0D 32 
BAT RX 0x314 [8] 5B 54 5B 54 00 14 05 44 
BAT RX 0x313 [8] 15 18 00 00 00 FE 64 63 
BAT RX 0x312 [8] 00 00 00 00 02 02 00 00 
BAT RX 0x311 [8] 02 38 00 00 08 24 01 21 
[keepalive] twai_transmit() -> ESP_OK
[603s] OK V=54.00V I=+0.0A T=25.4C SOC=100% SOH=99% | CVL=56.8V CCL=0.0A DCL=208.4A | chg=0 dis=1 fc1=0 fc2=0 | prot=0000 warn=0000 | packs=2 | inv0x305=no
BAT RX 0x330 [8] 02 0D 02 01 0D 3A 0D 26 
BAT RX 0x329 [8] 02 00 1A 25 02 00 40 D1 
BAT RX 0x323 [8] 20 0E 10 00 00 00 00 00 
BAT RX 0x324 [8] 00 02 47 50 4A 30 32 31 
BAT RX 0x322 [8] 01 14 00 E8 03 01 64 64 
BAT RX 0x320 [8] 50 41 C3 85 85 00 00 00 
BAT RX 0x319 [8] 40 0D 3A 0D 26 1D 11 00 
BAT RX 0x318 [8] 0D 28 0D 26 0D 26 0D 26 
BAT RX 0x317 [8] 0D 3A 0D 38 0D 37 0D 36 
BAT RX 0x316 [8] 0D 2E 0D 2E 0D 2E 0D 27 
BAT RX 0x315 [8] 0D 33 0D 33 0D 33 0D 33 
BAT RX 0x314 [8] 5B 54 5B 54 00 14 05 44 
BAT RX 0x313 [8] 15 18 00 00 00 FE 64 63 
BAT RX 0x312 [8] 00 00 00 00 02 02 00 00 
BAT RX 0x311 [8] 02 38 00 00 08 24 01 21 
[keepalive] twai_transmit() -> ESP_OK
BAT RX 0x330 [8] 02 0D 02 01 0D 3A 0D 26 
BAT RX 0x329 [8] 01 00 22 9C 01 00 40 35 
BAT RX 0x323 [8] 20 0E 10 00 00 00 00 00 
BAT RX 0x324 [8] 01 39 35 32 32 30 36 32 
BAT RX 0x322 [8] 01 14 00 E8 03 01 64 64 
BAT RX 0x320 [8] 50 41 C3 85 85 00 00 00 
BAT RX 0x319 [8] 40 0D 3A 0D 26 1D 11 00 
BAT RX 0x318 [8] 0D 28 0D 26 0D 26 0D 26 
BAT RX 0x317 [8] 0D 3A 0D 38 0D 37 0D 36 
BAT RX 0x316 [8] 0D 2F 0D 2E 0D 2E 0D 27 
BAT RX 0x315 [8] 0D 33 0D 33 0D 32 0D 32 
BAT RX 0x314 [8] 5B 54 5B 54 00 14 05 44 
BAT RX 0x313 [8] 15 18 00 03 00 FE 64 63 
BAT RX 0x312 [8] 00 00 00 00 02 02 00 00 
BAT RX 0x311 [8] 02 38 00 00 08 24 01 21 
[keepalive] twai_transmit() -> ESP_OK
[605s] OK V=54.00V I=+0.3A T=25.4C SOC=100% SOH=99% | CVL=56.8V CCL=0.0A DCL=208.4A | chg=0 dis=1 fc1=0 fc2=0 | prot=0000 warn=0000 | packs=2 | inv0x305=no
BAT RX 0x330 [8] 02 0D 02 01 0D 3A 0D 26 
BAT RX 0x329 [8] 02 00 1A 25 02 00 40 D1 
BAT RX 0x323 [8] 20 0E 10 00 00 00 00 00 
BAT RX 0x324 [8] 02 42 42 37 00 00 00 00 
BAT RX 0x322 [8] 01 14 00 E8 03 01 64 64 
BAT RX 0x320 [8] 50 41 C3 85 85 00 00 00 
BAT RX 0x319 [8] 40 0D 3A 0D 26 1D 11 00 
BAT RX 0x318 [8] 0D 28 0D 27 0D 26 0D 26 
BAT RX 0x317 [8] 0D 3A 0D 37 0D 37 0D 36 
BAT RX 0x316 [8] 0D 2F 0D 2E 0D 2E 0D 27 
BAT RX 0x315 [8] 0D 33 0D 33 0D 33 0D 32 
BAT RX 0x314 [8] 5B 54 5B 54 00 14 05 44 
BAT RX 0x313 [8] 15 18 00 03 00 FE 64 63 
BAT RX 0x312 [8] 00 00 00 00 02 02 00 00 
BAT RX 0x311 [8] 02 38 00 00 08 24 01 21 
[keepalive] twai_transmit() -> ESP_OK
BAT RX 0x330 [8] 02 0D 02 01 0D 3A 0D 26 
BAT RX 0x329 [8] 01 00 22 9C 01 00 40 35 
BAT RX 0x323 [8] 20 0E 10 00 00 00 00 00 
BAT RX 0x324 [8] 00 01 47 50 4A 30 32 31 
BAT RX 0x322 [8] 01 14 00 E8 03 01 64 64 
BAT RX 0x320 [8] 50 41 C3 85 85 00 00 00 
BAT RX 0x319 [8] 40 0D 3A 0D 26 1D 11 00 
BAT RX 0x318 [8] 0D 27 0D 26 0D 26 0D 26 
BAT RX 0x317 [8] 0D 3A 0D 38 0D 37 0D 37 
BAT RX 0x316 [8] 0D 2F 0D 2F 0D 2D 0D 27 
BAT RX 0x315 [8] 0D 34 0D 32 0D 32 0D 32 
BAT RX 0x314 [8] 5B 54 5B 54 00 14 05 44 
BAT RX 0x313 [8] 15 18 00 03 00 FE 64 63 
BAT RX 0x312 [8] 00 00 00 00 02 02 00 00 
BAT RX 0x311 [8] 02 38 00 00 08 24 01 21 
[keepalive] twai_transmit() -> ESP_OK
[607s] OK V=54.00V I=+0.3A T=25.4C SOC=100% SOH=99% | CVL=56.8V CCL=0.0A DCL=208.4A | chg=0 dis=1 fc1=0 fc2=0 | prot=0000 warn=0000 | packs=2 | inv0x305=no
BAT RX 0x330 [8] 02 0D 02 01 0D 39 0D 26 
BAT RX 0x329 [8] 02 00 1A 25 02 00 40 D1 
BAT RX 0x323 [8] 20 0E 10 00 00 00 00 00 
BAT RX 0x324 [8] 01 39 35 32 32 30 36 32 
BAT RX 0x322 [8] 01 14 00 E8 03 01 64 64 
BAT RX 0x320 [8] 50 41 C3 85 85 00 00 00 
BAT RX 0x319 [8] 40 0D 39 0D 26 1D 11 00 
BAT RX 0x318 [8] 0D 28 0D 26 0D 26 0D 26 
BAT RX 0x317 [8] 0D 39 0D 37 0D 37 0D 36 
BAT RX 0x316 [8] 0D 2F 0D 2E 0D 2D 0D 27 
BAT RX 0x315 [8] 0D 33 0D 33 0D 33 0D 33 
BAT RX 0x314 [8] 5B 54 5B 54 00 13 05 44 
BAT RX 0x313 [8] 15 18 00 03 00 FE 64 63 
BAT RX 0x312 [8] 00 00 00 00 02 02 00 00 
BAT RX 0x311 [8] 02 38 00 00 08 24 01 21 
[keepalive] twai_transmit() -> ESP_OK
BAT RX 0x330 [8] 02 0D 02 01 0D 3A 0D 26 
BAT RX 0x329 [8] 01 00 22 9C 01 00 40 35 
BAT RX 0x323 [8] 20 0E 10 00 00 00 00 00 
BAT RX 0x324 [8] 02 43 30 37 00 00 00 00 
BAT RX 0x322 [8] 01 14 00 E8 03 01 64 64 
BAT RX 0x320 [8] 50 41 C3 85 85 00 00 00 
BAT RX 0x319 [8] 40 0D 3A 0D 26 1D 11 00 
BAT RX 0x318 [8] 0D 28 0D 27 0D 26 0D 26 
BAT RX 0x317 [8] 0D 3A 0D 38 0D 37 0D 36 
BAT RX 0x316 [8] 0D 2F 0D 2E 0D 2D 0D 28 
BAT RX 0x315 [8] 0D 33 0D 33 0D 33 0D 32 
BAT RX 0x314 [8] 5B 54 5B 54 00 14 05 44 
BAT RX 0x313 [8] 15 18 00 00 00 FE 64 63 
BAT RX 0x312 [8] 00 00 00 00 02 02 00 00 
BAT RX 0x311 [8] 02 38 00 00 08 24 01 21 
[keepalive] twai_transmit() -> ESP_OK
[609s] OK V=54.00V I=+0.0A T=25.4C SOC=100% SOH=99% | CVL=56.8V CCL=0.0A DCL=208.4A | chg=0 dis=1 fc1=0 fc2=0 | prot=0000 warn=0000 | packs=2 | inv0x305=no
BAT RX 0x330 [8] 02 0D 02 01 0D 3A 0D 26 
BAT RX 0x329 [8] 02 00 1A 25 02 00 40 D1 
BAT RX 0x323 [8] 20 0E 10 00 00 00 00 00 
BAT RX 0x324 [8] 00 02 47 50 4A 30 32 31 
BAT RX 0x322 [8] 01 14 00 E8 03 01 64 64 
BAT RX 0x320 [8] 50 41 C3 85 85 00 00 00 
BAT RX 0x319 [8] 40 0D 3A 0D 26 1D 11 00 
BAT RX 0x318 [8] 0D 28 0D 26 0D 26 0D 26 
BAT RX 0x317 [8] 0D 3A 0D 38 0D 37 0D 36 
BAT RX 0x316 [8] 0D 2F 0D 2D 0D 2D 0D 27 
BAT RX 0x315 [8] 0D 34 0D 33 0D 33 0D 32 
BAT RX 0x314 [8] 5B 54 5B 54 00 14 05 44 
BAT RX 0x313 [8] 15 18 00 00 00 FE 64 63 
BAT RX 0x312 [8] 00 00 00 00 02 02 00 00 
BAT RX 0x311 [8] 02 38 00 00 08 24 01 21 
[keepalive] twai_transmit() -> ESP_OK
BAT RX 0x330 [8] 02 0D 02 01 0D 3A 0D 26 
BAT RX 0x329 [8] 01 00 22 9C 01 00 40 35 
BAT RX 0x323 [8] 20 0E 10 00 00 00 00 00 
BAT RX 0x324 [8] 01 39 35 32 32 30 36 32 
BAT RX 0x322 [8] 01 14 00 E8 03 01 64 64 
BAT RX 0x320 [8] 50 41 C3 85 85 00 00 00 
BAT RX 0x319 [8] 40 0D 3A 0D 26 1D 11 00 
BAT RX 0x318 [8] 0D 28 0D 27 0D 26 0D 26 
BAT RX 0x317 [8] 0D 3A 0D 38 0D 37 0D 36 
BAT RX 0x316 [8] 0D 2F 0D 2F 0D 2D 0D 28 
BAT RX 0x315 [8] 0D 33 0D 33 0D 33 0D 32 
BAT RX 0x314 [8] 5B 54 5B 54 00 14 05 44 
BAT RX 0x313 [8] 15 18 00 00 00 FE 64 63 
BAT RX 0x312 [8] 00 00 00 00 02 02 00 00 
BAT RX 0x311 [8] 02 38 00 00 08 24 01 21 
[keepalive] twai_transmit() -> ESP_OK
[611s] OK V=54.00V I=+0.0A T=25.4C SOC=100% SOH=99% | CVL=56.8V CCL=0.0A DCL=208.4A | chg=0 dis=1 fc1=0 fc2=0 | prot=0000 warn=0000 | packs=2 | inv0x305=no
BAT RX 0x330 [8] 02 0D 02 01 0D 3A 0D 26 
BAT RX 0x329 [8] 02 00 1A 25 02 00 40 D1 
BAT RX 0x323 [8] 20 0E 10 00 00 00 00 00 
BAT RX 0x324 [8] 02 42 42 37 00 00 00 00 
BAT RX 0x322 [8] 01 14 00 E8 03 01 64 64 
BAT RX 0x320 [8] 50 41 C3 85 85 00 00 00 
BAT RX 0x319 [8] 40 0D 3A 0D 26 1D 11 00 
BAT RX 0x318 [8] 0D 28 0D 26 0D 26 0D 26 
BAT RX 0x317 [8] 0D 3A 0D 37 0D 37 0D 36 
BAT RX 0x316 [8] 0D 2E 0D 2E 0D 2D 0D 27 
BAT RX 0x315 [8] 0D 33 0D 33 0D 32 0D 32 
BAT RX 0x314 [8] 5B 54 5B 54 00 14 05 44 
BAT RX 0x313 [8] 15 18 00 00 00 FE 64 63 
BAT RX 0x312 [8] 00 00 00 00 02 02 00 00 
BAT RX 0x311 [8] 02 38 00 00 08 24 01 21 
[keepalive] twai_transmit() -> ESP_OK
BAT RX 0x330 [8] 02 0D 02 01 0D 39 0D 26 
BAT RX 0x329 [8] 01 00 22 9C 01 00 40 35 
BAT RX 0x323 [8] 20 0E 10 00 00 00 00 00 
BAT RX 0x324 [8] 00 01 47 50 4A 30 32 31 
BAT RX 0x322 [8] 01 14 00 E8 03 01 64 64 
BAT RX 0x320 [8] 50 41 C3 85 85 00 00 00 
BAT RX 0x319 [8] 40 0D 39 0D 26 1D 11 00 
BAT RX 0x318 [8] 0D 28 0D 27 0D 26 0D 26 
BAT RX 0x317 [8] 0D 39 0D 37 0D 36 0D 36 
BAT RX 0x316 [8] 0D 2E 0D 2E 0D 2D 0D 28 
BAT RX 0x315 [8] 0D 33 0D 33 0D 33 0D 32 
BAT RX 0x314 [8] 5B 54 5B 54 00 13 05 44 
BAT RX 0x313 [8] 15 18 00 00 00 FE 64 63 
BAT RX 0x312 [8] 00 00 00 00 02 02 00 00 
BAT RX 0x311 [8] 02 38 00 00 08 24 01 21 
[keepalive] twai_transmit() -> ESP_OK
[613s] OK V=54.00V I=+0.0A T=25.4C SOC=100% SOH=99% | CVL=56.8V CCL=0.0A DCL=208.4A | chg=0 dis=1 fc1=0 fc2=0 | prot=0000 warn=0000 | packs=2 | inv0x305=no
BAT RX 0x330 [8] 02 0D 02 01 0D 39 0D 26 
BAT RX 0x329 [8] 02 00 1A 25 02 00 40 D1 
BAT RX 0x323 [8] 20 0E 10 00 00 00 00 00 
BAT RX 0x324 [8] 01 39 35 32 32 30 36 32 
BAT RX 0x322 [8] 01 14 00 E8 03 01 64 64 
BAT RX 0x320 [8] 50 41 C3 85 85 00 00 00 
BAT RX 0x319 [8] 40 0D 39 0D 26 1D 11 00 
BAT RX 0x318 [8] 0D 27 0D 26 0D 26 0D 26 
BAT RX 0x317 [8] 0D 39 0D 38 0D 36 0D 36 
BAT RX 0x316 [8] 0D 2E 0D 2E 0D 2E 0D 27 
BAT RX 0x315 [8] 0D 33 0D 33 0D 32 0D 32 
BAT RX 0x314 [8] 5B 54 5B 54 00 13 05 44 
BAT RX 0x313 [8] 15 18 00 03 00 FE 64 63 
BAT RX 0x312 [8] 00 00 00 00 02 02 00 00 
BAT RX 0x311 [8] 02 38 00 00 08 24 01 21 
[keepalive] twai_transmit() -> ESP_OK
BAT RX 0x330 [8] 02 0D 02 01 0D 39 0D 26 
BAT RX 0x329 [8] 01 00 22 9C 01 00 40 35 
BAT RX 0x323 [8] 20 0E 10 00 00 00 00 00 
BAT RX 0x324 [8] 02 43 30 37 00 00 00 00 
BAT RX 0x322 [8] 01 14 00 E8 03 01 64 64 
BAT RX 0x320 [8] 50 41 C3 85 85 00 00 00 
BAT RX 0x319 [8] 40 0D 39 0D 26 1D 11 00 
BAT RX 0x318 [8] 0D 27 0D 26 0D 26 0D 26 
BAT RX 0x317 [8] 0D 39 0D 37 0D 37 0D 36 
BAT RX 0x316 [8] 0D 2E 0D 2E 0D 2D 0D 27 
BAT RX 0x315 [8] 0D 33 0D 33 0D 33 0D 32 
BAT RX 0x314 [8] 5B 54 5B 54 00 13 05 44 
BAT RX 0x313 [8] 15 18 00 03 00 FE 64 63 
BAT RX 0x312 [8] 00 00 00 00 02 02 00 00 
BAT RX 0x311 [8] 02 38 00 00 08 24 01 21 

---- battery-bus rate stats (VERBOSE_STATS) ----------------------------
  8486 frames, 615 s elapsed
  ID     count   period(ms)  (min-max gap)
  0x312     566    997 (7-1000)
  0x313     566    997 (3-1000)
  0x314     566    997 (4-1000)
  0x315     566    997 (4-1000)
  0x316     566    997 (3-1000)
  0x317     566    997 (3-1000)
  0x318     566    997 (4-1000)
  0x319     566    997 (4-1000)
  0x320     566    997 (4-1000)
  0x322     566    997 (4-1000)
  0x311     566    997 (4-1000)
  0x323     565    998 (767-1000)
  0x324     565    998 (768-1000)
  0x329     565    998 (757-1000)
  0x330     565    998 (746-1000)
--------------------------------------------------------------------------

  TWAI: state=RUNNING  tx_err=0 rx_err=0  tx_failed=0  rx_missed=0 rx_overrun=0  arb_lost=0  bus_err=190881
[keepalive] twai_transmit() -> ESP_OK
[615s] OK V=54.00V I=+0.3A T=25.4C SOC=100% SOH=99% | CVL=56.8V CCL=0.0A DCL=208.4A | chg=0 dis=1 fc1=0 fc2=0 | prot=0000 warn=0000 | packs=2 | inv0x305=no
BAT RX 0x330 [8] 02 0D 02 01 0D 39 0D 26 
BAT RX 0x329 [8] 02 00 1A 25 02 00 40 D1 
BAT RX 0x323 [8] 20 0E 10 00 00 00 00 00 
BAT RX 0x324 [8] 00 02 47 50 4A 30 32 31 
BAT RX 0x322 [8] 01 14 00 E8 03 01 64 64 
BAT RX 0x320 [8] 50 41 C3 85 85 00 00 00 
BAT RX 0x319 [8] 40 0D 39 0D 26 1D 11 00 
BAT RX 0x318 [8] 0D 28 0D 27 0D 26 0D 26 
BAT RX 0x317 [8] 0D 39 0D 37 0D 37 0D 36 
BAT RX 0x316 [8] 0D 2E 0D 2E 0D 2D 0D 27 
BAT RX 0x315 [8] 0D 33 0D 33 0D 32 0D 32 
BAT RX 0x314 [8] 5B 54 5B 54 00 13 05 44 
BAT RX 0x313 [8] 15 18 00 00 00 FE 64 63 
BAT RX 0x312 [8] 00 00 00 00 02 02 00 00 
BAT RX 0x311 [8] 02 38 00 00 08 24 01 21 
[keepalive] twai_transmit() -> ESP_OK
BAT RX 0x330 [8] 02 0D 02 01 0D 3A 0D 26 
BAT RX 0x329 [8] 01 00 22 9C 01 00 40 35 
BAT RX 0x323 [8] 20 0E 10 00 00 00 00 00 
BAT RX 0x324 [8] 01 39 35 32 32 30 36 32 
BAT RX 0x322 [8] 01 14 00 E8 03 01 64 64 
BAT RX 0x320 [8] 50 41 C3 85 85 00 00 00 
BAT RX 0x319 [8] 40 0D 3A 0D 26 1D 11 00 
BAT RX 0x318 [8] 0D 27 0D 26 0D 26 0D 26 
BAT RX 0x317 [8] 0D 3A 0D 38 0D 36 0D 36 
BAT RX 0x316 [8] 0D 2E 0D 2E 0D 2D 0D 27 
BAT RX 0x315 [8] 0D 33 0D 33 0D 32 0D 32 
BAT RX 0x314 [8] 5B 54 5B 54 00 14 05 44 
BAT RX 0x313 [8] 15 18 00 00 00 FE 64 63 
BAT RX 0x312 [8] 00 00 00 00 02 02 00 00 
BAT RX 0x311 [8] 02 38 00 00 08 24 01 21 
[keepalive] twai_transmit() -> ESP_OK
[617s] OK V=54.00V I=+0.0A T=25.4C SOC=100% SOH=99% | CVL=56.8V CCL=0.0A DCL=208.4A | chg=0 dis=1 fc1=0 fc2=0 | prot=0000 warn=0000 | packs=2 | inv0x305=no
BAT RX 0x330 [8] 02 0D 02 0F 0D 39 0D 25 
BAT RX 0x329 [8] 02 00 1A 25 02 00 40 D1 
BAT RX 0x323 [8] 20 0E 10 00 00 00 00 00 
BAT RX 0x324 [8] 02 42 42 37 00 00 00 00 
BAT RX 0x322 [8] 01 14 00 E8 03 01 64 64 
BAT RX 0x320 [8] 50 41 C3 85 85 00 00 00 
BAT RX 0x319 [8] 40 0D 39 0D 25 1D 1F 00 
BAT RX 0x318 [8] 0D 28 0D 26 0D 26 0D 25 
BAT RX 0x317 [8] 0D 39 0D 37 0D 37 0D 36 
BAT RX 0x316 [8] 0D 2E 0D 2E 0D 2D 0D 27 
BAT RX 0x315 [8] 0D 33 0D 33 0D 33 0D 32 
BAT RX 0x314 [8] 5B 54 5B 54 00 14 05 44 
BAT RX 0x313 [8] 15 18 00 03 00 FE 64 63 
BAT RX 0x312 [8] 00 00 00 00 02 02 00 00 
BAT RX 0x311 [8] 02 38 00 00 08 24 01 21 
[keepalive] twai_transmit() -> ESP_OK
BAT RX 0x330 [8] 02 0D 02 01 0D 3A 0D 25 
BAT RX 0x329 [8] 01 00 22 9C 01 00 40 35 
BAT RX 0x323 [8] 20 0E 10 00 00 00 00 00 
BAT RX 0x324 [8] 00 01 47 50 4A 30 32 31 
BAT RX 0x322 [8] 01 14 00 E8 03 01 64 64 
BAT RX 0x320 [8] 50 41 C3 85 85 00 00 00 
BAT RX 0x319 [8] 40 0D 3A 0D 25 1D 11 00 
BAT RX 0x318 [8] 0D 27 0D 26 0D 26 0D 25 
BAT RX 0x317 [8] 0D 3A 0D 38 0D 36 0D 36 
BAT RX 0x316 [8] 0D 2E 0D 2D 0D 2D 0D 27 
BAT RX 0x315 [8] 0D 33 0D 32 0D 32 0D 32 
BAT RX 0x314 [8] 5B 54 5B 54 00 15 05 44 
BAT RX 0x313 [8] 15 18 00 00 00 FE 64 63 
BAT RX 0x312 [8] 00 00 00 00 02 02 00 00 
BAT RX 0x311 [8] 02 38 00 00 08 24 01 21 
[keepalive] twai_transmit() -> ESP_OK
[619s] OK V=54.00V I=+0.0A T=25.4C SOC=100% SOH=99% | CVL=56.8V CCL=0.0A DCL=208.4A | chg=0 dis=1 fc1=0 fc2=0 | prot=0000 warn=0000 | packs=2 | inv0x305=no
BAT RX 0x330 [8] 02 0D 02 01 0D 3A 0D 26 
BAT RX 0x329 [8] 02 00 1A 25 02 00 40 D1 
BAT RX 0x323 [8] 20 0E 10 00 00 00 00 00 
BAT RX 0x324 [8] 01 39 35 32 32 30 36 32 
BAT RX 0x322 [8] 01 14 00 E8 03 01 64 64 
BAT RX 0x320 [8] 50 41 C3 85 85 00 00 00 
BAT RX 0x319 [8] 40 0D 3A 0D 26 1D 11 00 
BAT RX 0x318 [8] 0D 27 0D 26 0D 26 0D 26 
BAT RX 0x317 [8] 0D 3A 0D 38 0D 37 0D 36 
BAT RX 0x316 [8] 0D 2F 0D 2D 0D 2D 0D 27 
BAT RX 0x315 [8] 0D 32 0D 32 0D 32 0D 32 
BAT RX 0x314 [8] 5B 54 5B 54 00 14 05 44 
BAT RX 0x313 [8] 15 18 00 00 00 FE 64 63 
BAT RX 0x312 [8] 00 00 00 00 02 02 00 00 
BAT RX 0x311 [8] 02 38 00 00 08 24 01 21 
[keepalive] twai_transmit() -> ESP_OK
BAT RX 0x330 [8] 02 0D 02 0F 0D 39 0D 25 
BAT RX 0x329 [8] 01 00 22 9C 01 00 40 35 
BAT RX 0x323 [8] 20 0E 10 00 00 00 00 00 
BAT RX 0x324 [8] 02 43 30 37 00 00 00 00 
BAT RX 0x322 [8] 01 14 00 E8 03 01 64 64 
BAT RX 0x320 [8] 50 41 C3 85 85 00 00 00 
BAT RX 0x319 [8] 40 0D 39 0D 25 1D 1F 00 
BAT RX 0x318 [8] 0D 27 0D 26 0D 26 0D 25 
BAT RX 0x317 [8] 0D 39 0D 38 0D 36 0D 36 
BAT RX 0x316 [8] 0D 2E 0D 2D 0D 2D 0D 27 
BAT RX 0x315 [8] 0D 33 0D 32 0D 32 0D 32 
BAT RX 0x314 [8] 5B 54 5B 54 00 14 05 44 
BAT RX 0x313 [8] 15 18 00 00 00 FE 64 63 
BAT RX 0x312 [8] 00 00 00 00 02 02 00 00 
BAT RX 0x311 [8] 02 38 00 00 08 24 01 21 
[keepalive] twai_transmit() -> ESP_OK
[621s] OK V=54.00V I=+0.0A T=25.4C SOC=100% SOH=99% | CVL=56.8V CCL=0.0A DCL=208.4A | chg=0 dis=1 fc1=0 fc2=0 | prot=0000 warn=0000 | packs=2 | inv0x305=no
BAT RX 0x330 [8] 02 0D 02 01 0D 3A 0D 25 
BAT RX 0x329 [8] 02 00 1A 25 02 00 40 D1 
BAT RX 0x323 [8] 20 0E 10 00 00 00 00 00 
BAT RX 0x324 [8] 00 02 47 50 4A 30 32 31 
BAT RX 0x322 [8] 01 14 00 E8 03 01 64 64 
BAT RX 0x320 [8] 50 41 C3 85 85 00 00 00 
BAT RX 0x319 [8] 40 0D 3A 0D 25 1D 11 00 
BAT RX 0x318 [8] 0D 27 0D 26 0D 26 0D 25 
BAT RX 0x317 [8] 0D 3A 0D 38 0D 37 0D 36 
BAT RX 0x316 [8] 0D 2F 0D 2E 0D 2D 0D 27 
BAT RX 0x315 [8] 0D 33 0D 32 0D 32 0D 32 
BAT RX 0x314 [8] 5B 54 5B 54 00 15 05 44 
BAT RX 0x313 [8] 15 18 00 03 00 FE 64 63 
BAT RX 0x312 [8] 00 00 00 00 02 02 00 00 
BAT RX 0x311 [8] 02 38 00 00 08 24 01 21 
[keepalive] twai_transmit() -> ESP_OK
BAT RX 0x330 [8] 02 0D 02 01 0D 39 0D 26 
BAT RX 0x329 [8] 01 00 22 9C 01 00 40 35 
BAT RX 0x323 [8] 20 0E 10 00 00 00 00 00 
BAT RX 0x324 [8] 01 39 35 32 32 30 36 32 
BAT RX 0x322 [8] 01 14 00 E8 03 01 64 64 
BAT RX 0x320 [8] 50 41 C3 85 85 00 00 00 
BAT RX 0x319 [8] 40 0D 39 0D 26 1D 11 00 
BAT RX 0x318 [8] 0D 27 0D 26 0D 26 0D 26 
BAT RX 0x317 [8] 0D 39 0D 38 0D 36 0D 36 
BAT RX 0x316 [8] 0D 2E 0D 2E 0D 2D 0D 27 
BAT RX 0x315 [8] 0D 33 0D 33 0D 32 0D 32 
BAT RX 0x314 [8] 5B 54 5B 54 00 13 05 44 
BAT RX 0x313 [8] 15 18 00 00 00 FE 64 63 
BAT RX 0x312 [8] 00 00 00 00 02 02 00 00 
BAT RX 0x311 [8] 02 38 00 00 08 24 01 21 
[keepalive] twai_transmit() -> ESP_OK
[623s] OK V=54.00V I=+0.0A T=25.4C SOC=100% SOH=99% | CVL=56.8V CCL=0.0A DCL=208.4A | chg=0 dis=1 fc1=0 fc2=0 | prot=0000 warn=0000 | packs=2 | inv0x305=no
BAT RX 0x330 [8] 02 0D 02 0F 0D 39 0D 25 
BAT RX 0x329 [8] 02 00 1A 25 02 00 40 D1 
BAT RX 0x323 [8] 20 0E 10 00 00 00 00 00 
BAT RX 0x324 [8] 02 42 42 37 00 00 00 00 
BAT RX 0x322 [8] 01 14 00 E8 03 01 64 64 
BAT RX 0x320 [8] 50 41 C3 85 85 00 00 00 
BAT RX 0x319 [8] 40 0D 39 0D 25 1D 1F 00 
BAT RX 0x318 [8] 0D 27 0D 26 0D 26 0D 25 
BAT RX 0x317 [8] 0D 39 0D 37 0D 36 0D 36 
BAT RX 0x316 [8] 0D 2E 0D 2D 0D 2D 0D 27 
BAT RX 0x315 [8] 0D 33 0D 32 0D 32 0D 32 
BAT RX 0x314 [8] 5B 54 5B 54 00 14 05 44 
BAT RX 0x313 [8] 15 18 00 00 00 FE 64 63 
BAT RX 0x312 [8] 00 00 00 00 02 02 00 00 
BAT RX 0x311 [8] 02 38 00 00 08 24 01 21 
[keepalive] twai_transmit() -> ESP_OK
BAT RX 0x330 [8] 02 0D 02 01 0D 39 0D 25 
BAT RX 0x329 [8] 01 00 22 9C 01 00 40 35 
BAT RX 0x323 [8] 20 0E 10 00 00 00 00 00 
BAT RX 0x324 [8] 00 01 47 50 4A 30 32 31 
BAT RX 0x322 [8] 01 14 00 E8 03 01 64 64 
BAT RX 0x320 [8] 50 41 C3 85 85 00 00 00 
BAT RX 0x319 [8] 40 0D 39 0D 25 1D 11 00 
BAT RX 0x318 [8] 0D 27 0D 26 0D 26 0D 25 
BAT RX 0x317 [8] 0D 39 0D 37 0D 36 0D 36 
BAT RX 0x316 [8] 0D 2E 0D 2E 0D 2D 0D 28 
BAT RX 0x315 [8] 0D 33 0D 33 0D 33 0D 31 
BAT RX 0x314 [8] 5B 54 5B 54 00 14 05 44 
BAT RX 0x313 [8] 15 18 00 00 00 FE 64 63 
BAT RX 0x312 [8] 00 00 00 00 02 02 00 00 
BAT RX 0x311 [8] 02 38 00 00 08 24 01 21 
[keepalive] twai_transmit() -> ESP_OK
[625s] OK V=54.00V I=+0.0A T=25.4C SOC=100% SOH=99% | CVL=56.8V CCL=0.0A DCL=208.4A | chg=0 dis=1 fc1=0 fc2=0 | prot=0000 warn=0000 | packs=2 | inv0x305=no
BAT RX 0x330 [8] 02 0D 02 01 0D 39 0D 26 
BAT RX 0x329 [8] 02 00 1A 25 02 00 40 D1 
BAT RX 0x323 [8] 20 0E 10 00 00 00 00 00 
BAT RX 0x324 [8] 01 39 35 32 32 30 36 32 
BAT RX 0x322 [8] 01 14 00 E8 03 01 64 64 
BAT RX 0x320 [8] 50 41 C3 85 85 00 00 00 
BAT RX 0x319 [8] 40 0D 39 0D 26 1D 11 00 
BAT RX 0x318 [8] 0D 27 0D 26 0D 26 0D 26 
BAT RX 0x317 [8] 0D 39 0D 37 0D 36 0D 35 
BAT RX 0x316 [8] 0D 2E 0D 2D 0D 2D 0D 27 
BAT RX 0x315 [8] 0D 33 0D 32 0D 32 0D 32 
BAT RX 0x314 [8] 5B 54 5B 54 00 13 05 44 
BAT RX 0x313 [8] 15 18 00 03 00 FE 64 63 
BAT RX 0x312 [8] 00 00 00 00 02 02 00 00 
BAT RX 0x311 [8] 02 38 00 00 08 24 01 21 
[keepalive] twai_transmit() -> ESP_OK
BAT RX 0x330 [8] 02 0D 02 01 0D 39 0D 26 
BAT RX 0x329 [8] 01 00 22 9C 01 00 40 35 
BAT RX 0x323 [8] 20 0E 10 00 00 00 00 00 
BAT RX 0x324 [8] 02 43 30 37 00 00 00 00 
BAT RX 0x322 [8] 01 14 00 E8 03 01 64 64 
BAT RX 0x320 [8] 50 41 C3 85 85 00 00 00 
BAT RX 0x319 [8] 40 0D 39 0D 26 1D 11 00 
BAT RX 0x318 [8] 0D 27 0D 26 0D 26 0D 26 
BAT RX 0x317 [8] 0D 39 0D 37 0D 36 0D 36 
BAT RX 0x316 [8] 0D 2E 0D 2E 0D 2D 0D 27 
BAT RX 0x315 [8] 0D 33 0D 32 0D 32 0D 32 
BAT RX 0x314 [8] 5B 54 5B 54 00 13 05 44 
BAT RX 0x313 [8] 15 18 00 00 00 FE 64 63 
BAT RX 0x312 [8] 00 00 00 00 02 02 00 00 
BAT RX 0x311 [8] 02 38 00 00 08 24 01 21 
[keepalive] twai_transmit() -> ESP_OK
[627s] OK V=54.00V I=+0.0A T=25.4C SOC=100% SOH=99% | CVL=56.8V CCL=0.0A DCL=208.4A | chg=0 dis=1 fc1=0 fc2=0 | prot=0000 warn=0000 | packs=2 | inv0x305=no
BAT RX 0x330 [8] 02 0D 02 01 0D 39 0D 26 
BAT RX 0x329 [8] 02 00 1A 25 02 00 40 D1 
BAT RX 0x323 [8] 20 0E 10 00 00 00 00 00 
BAT RX 0x324 [8] 00 02 47 50 4A 30 32 31 
BAT RX 0x322 [8] 01 14 00 E8 03 01 64 64 
BAT RX 0x320 [8] 50 41 C3 85 85 00 00 00 
BAT RX 0x319 [8] 40 0D 39 0D 26 1D 11 00 
BAT RX 0x318 [8] 0D 27 0D 26 0D 26 0D 26 
BAT RX 0x317 [8] 0D 39 0D 37 0D 37 0D 35 
BAT RX 0x316 [8] 0D 2E 0D 2E 0D 2D 0D 27 
BAT RX 0x315 [8] 0D 33 0D 32 0D 32 0D 32 
BAT RX 0x314 [8] 5B 54 5B 54 00 13 05 44 
BAT RX 0x313 [8] 15 18 00 03 00 FE 64 63 
BAT RX 0x312 [8] 00 00 00 00 02 02 00 00 
BAT RX 0x311 [8] 02 38 00 00 08 24 01 21 
[keepalive] twai_transmit() -> ESP_OK
BAT RX 0x330 [8] 02 0D 02 01 0D 39 0D 25 
BAT RX 0x329 [8] 01 00 22 9C 01 00 40 35 
BAT RX 0x323 [8] 20 0E 10 00 00 00 00 00 
BAT RX 0x324 [8] 01 39 35 32 32 30 36 32 
BAT RX 0x322 [8] 01 14 00 E8 03 01 64 64 
BAT RX 0x320 [8] 50 41 C3 85 85 00 00 00 
BAT RX 0x319 [8] 40 0D 39 0D 25 1D 11 00 
BAT RX 0x318 [8] 0D 27 0D 26 0D 25 0D 25 
BAT RX 0x317 [8] 0D 39 0D 37 0D 36 0D 36 
BAT RX 0x316 [8] 0D 2E 0D 2D 0D 2D 0D 27 
BAT RX 0x315 [8] 0D 33 0D 32 0D 32 0D 32 
BAT RX 0x314 [8] 5B 54 5B 54 00 14 05 44 
BAT RX 0x313 [8] 15 18 00 00 00 FE 64 63 
BAT RX 0x312 [8] 00 00 00 00 02 02 00 00 
BAT RX 0x311 [8] 02 38 00 00 08 24 01 21 
[keepalive] twai_transmit() -> ESP_OK
[629s] OK V=54.00V I=+0.0A T=25.4C SOC=100% SOH=99% | CVL=56.8V CCL=0.0A DCL=208.4A | chg=0 dis=1 fc1=0 fc2=0 | prot=0000 warn=0000 | packs=2 | inv0x305=no
BAT RX 0x330 [8] 02 0D 02 01 0D 39 0D 26 
BAT RX 0x329 [8] 02 00 1A 25 02 00 40 D1 
BAT RX 0x323 [8] 20 0E 10 00 00 00 00 00 
BAT RX 0x324 [8] 02 42 42 37 00 00 00 00 
BAT RX 0x322 [8] 01 14 00 E8 03 01 64 64 
BAT RX 0x320 [8] 50 41 C3 85 85 00 00 00 
BAT RX 0x319 [8] 40 0D 39 0D 26 1D 11 00 
BAT RX 0x318 [8] 0D 27 0D 26 0D 26 0D 26 
BAT RX 0x317 [8] 0D 39 0D 37 0D 36 0D 35 
BAT RX 0x316 [8] 0D 2E 0D 2D 0D 2D 0D 27 
BAT RX 0x315 [8] 0D 33 0D 33 0D 32 0D 32 
BAT RX 0x314 [8] 5B 54 5B 54 00 13 05 44 
BAT RX 0x313 [8] 15 18 00 00 00 FE 64 63 
BAT RX 0x312 [8] 00 00 00 00 02 02 00 00 
BAT RX 0x311 [8] 02 38 00 00 08 24 01 21 

---- battery-bus rate stats (VERBOSE_STATS) ----------------------------
  8711 frames, 630 s elapsed
  ID     count   period(ms)  (min-max gap)
  0x312     581    997 (7-1000)
  0x313     581    997 (3-1000)
  0x314     581    997 (4-1000)
  0x315     581    997 (4-1000)
  0x316     581    997 (3-1000)
  0x317     581    997 (3-1000)
  0x318     581    997 (4-1000)
  0x319     581    997 (4-1000)
  0x320     581    997 (4-1000)
  0x322     581    997 (4-1000)
  0x311     581    997 (4-1000)
  0x323     580    998 (767-1000)
  0x324     580    998 (768-1000)
  0x329     580    998 (757-1000)
  0x330     580    998 (746-1000)
--------------------------------------------------------------------------

  TWAI: state=RUNNING  tx_err=0 rx_err=0  tx_failed=0  rx_missed=0 rx_overrun=0  arb_lost=0  bus_err=190881
[keepalive] twai_transmit() -> ESP_OK
BAT RX 0x330 [8] 02 0D 02 01 0D 39 0D 26 
BAT RX 0x329 [8] 01 00 22 9C 01 00 40 35 
BAT RX 0x323 [8] 20 0E 10 00 00 00 00 00 
BAT RX 0x324 [8] 00 01 47 50 4A 30 32 31 
BAT RX 0x322 [8] 01 14 00 E8 03 01 64 64 
BAT RX 0x320 [8] 50 41 C3 85 85 00 00 00 
BAT RX 0x319 [8] 40 0D 39 0D 26 1D 11 00 
BAT RX 0x318 [8] 0D 27 0D 26 0D 26 0D 26 
BAT RX 0x317 [8] 0D 39 0D 37 0D 36 0D 36 
BAT RX 0x316 [8] 0D 2D 0D 2D 0D 2D 0D 27 
BAT RX 0x315 [8] 0D 33 0D 32 0D 32 0D 32 
BAT RX 0x314 [8] 5B 54 5B 54 00 13 05 44 
BAT RX 0x313 [8] 15 18 00 03 00 FE 64 63 
BAT RX 0x312 [8] 00 00 00 00 02 02 00 00 
BAT RX 0x311 [8] 02 38 00 00 08 24 01 21 
[keepalive] twai_transmit() -> ESP_OK
[631s] OK V=54.00V I=+0.3A T=25.4C SOC=100% SOH=99% | CVL=56.8V CCL=0.0A DCL=208.4A | chg=0 dis=1 fc1=0 fc2=0 | prot=0000 warn=0000 | packs=2 | inv0x305=no
BAT RX 0x330 [8] 02 0D 02 0F 0D 39 0D 25 
BAT RX 0x329 [8] 02 00 1A 25 02 00 40 D1 
BAT RX 0x323 [8] 20 0E 10 00 00 00 00 00 
BAT RX 0x324 [8] 01 39 35 32 32 30 36 32 
BAT RX 0x322 [8] 01 14 00 E8 03 01 64 64 
BAT RX 0x320 [8] 50 41 C3 85 85 00 00 00 
BAT RX 0x319 [8] 40 0D 39 0D 25 1D 1F 00 
BAT RX 0x318 [8] 0D 27 0D 26 0D 26 0D 25 
BAT RX 0x317 [8] 0D 39 0D 37 0D 36 0D 36 
BAT RX 0x316 [8] 0D 2E 0D 2D 0D 2D 0D 27 
BAT RX 0x315 [8] 0D 33 0D 32 0D 32 0D 32 
BAT RX 0x314 [8] 5B 54 5B 54 00 14 05 44 
BAT RX 0x313 [8] 15 18 00 03 00 FE 64 63 
BAT RX 0x312 [8] 00 00 00 00 02 02 00 00 
BAT RX 0x311 [8] 02 38 00 00 08 24 01 21 
[keepalive] twai_transmit() -> ESP_OK
BAT RX 0x330 [8] 02 0D 02 01 0D 39 0D 25 
BAT RX 0x329 [8] 01 00 22 9C 01 00 40 35 
BAT RX 0x323 [8] 20 0E 10 00 00 00 00 00 
BAT RX 0x324 [8] 02 43 30 37 00 00 00 00 
BAT RX 0x322 [8] 01 14 00 E8 03 01 64 64 
BAT RX 0x320 [8] 50 41 C3 85 85 00 00 00 
BAT RX 0x319 [8] 40 0D 39 0D 25 1D 11 00 
BAT RX 0x318 [8] 0D 27 0D 26 0D 26 0D 25 
BAT RX 0x317 [8] 0D 39 0D 37 0D 37 0D 35 
BAT RX 0x316 [8] 0D 2E 0D 2E 0D 2D 0D 27 
BAT RX 0x315 [8] 0D 33 0D 32 0D 32 0D 32 
BAT RX 0x314 [8] 5B 54 5B 54 00 14 05 44 
BAT RX 0x313 [8] 15 18 00 00 00 FE 64 63 
BAT RX 0x312 [8] 00 00 00 00 02 02 00 00 
BAT RX 0x311 [8] 02 38 00 00 08 24 01 21 
[keepalive] twai_transmit() -> ESP_OK
[633s] OK V=54.00V I=+0.0A T=25.4C SOC=100% SOH=99% | CVL=56.8V CCL=0.0A DCL=208.4A | chg=0 dis=1 fc1=0 fc2=0 | prot=0000 warn=0000 | packs=2 | inv0x305=no
BAT RX 0x330 [8] 02 0D 02 01 0D 39 0D 25 
BAT RX 0x329 [8] 02 00 1A 25 02 00 40 D1 
BAT RX 0x323 [8] 20 0E 10 00 00 00 00 00 
BAT RX 0x324 [8] 00 02 47 50 4A 30 32 31 
BAT RX 0x322 [8] 01 14 00 E8 03 01 64 64 
BAT RX 0x320 [8] 50 41 C3 85 85 00 00 00 
BAT RX 0x319 [8] 40 0D 39 0D 25 1D 11 00 
BAT RX 0x318 [8] 0D 27 0D 26 0D 25 0D 25 
BAT RX 0x317 [8] 0D 39 0D 37 0D 36 0D 35 
BAT RX 0x316 [8] 0D 2E 0D 2D 0D 2D 0D 27 
BAT RX 0x315 [8] 0D 32 0D 32 0D 32 0D 32 
BAT RX 0x314 [8] 5B 54 5B 54 00 14 05 44 
BAT RX 0x313 [8] 15 18 00 00 00 FE 64 63 
BAT RX 0x312 [8] 00 00 00 00 02 02 00 00 
BAT RX 0x311 [8] 02 38 00 00 08 24 01 21 
[keepalive] twai_transmit() -> ESP_OK
BAT RX 0x330 [8] 02 0D 02 0F 0D 39 0D 25 
BAT RX 0x329 [8] 01 00 22 9C 01 00 40 35 
BAT RX 0x323 [8] 20 0E 10 00 00 00 00 00 
BAT RX 0x324 [8] 01 39 35 32 32 30 36 32 
BAT RX 0x322 [8] 01 14 00 E8 03 01 64 64 
BAT RX 0x320 [8] 50 41 C3 85 85 00 00 00 
BAT RX 0x319 [8] 40 0D 39 0D 25 1D 1F 00 
BAT RX 0x318 [8] 0D 27 0D 26 0D 26 0D 25 
BAT RX 0x317 [8] 0D 39 0D 37 0D 36 0D 36 
BAT RX 0x316 [8] 0D 2D 0D 2D 0D 2D 0D 27 
BAT RX 0x315 [8] 0D 33 0D 32 0D 32 0D 32 
BAT RX 0x314 [8] 5B 54 5B 54 00 14 05 44 
BAT RX 0x313 [8] 15 18 00 00 00 FE 64 63 
BAT RX 0x312 [8] 00 00 00 00 02 02 00 00 
BAT RX 0x311 [8] 02 38 00 00 08 24 01 21 
[keepalive] twai_transmit() -> ESP_OK
[635s] OK V=54.00V I=+0.0A T=25.4C SOC=100% SOH=99% | CVL=56.8V CCL=0.0A DCL=208.4A | chg=0 dis=1 fc1=0 fc2=0 | prot=0000 warn=0000 | packs=2 | inv0x305=no
BAT RX 0x330 [8] 02 0D 02 01 0D 39 0D 25 
BAT RX 0x329 [8] 02 00 1A 25 02 00 40 D1 
BAT RX 0x323 [8] 20 0E 10 00 00 00 00 00 
BAT RX 0x324 [8] 02 42 42 37 00 00 00 00 
BAT RX 0x322 [8] 01 14 00 E8 03 01 64 64 
BAT RX 0x320 [8] 50 41 C3 85 85 00 00 00 
BAT RX 0x319 [8] 40 0D 39 0D 25 1D 11 00 
BAT RX 0x318 [8] 0D 27 0D 26 0D 25 0D 25 
BAT RX 0x317 [8] 0D 39 0D 37 0D 36 0D 35 
BAT RX 0x316 [8] 0D 2E 0D 2D 0D 2D 0D 27 
BAT RX 0x315 [8] 0D 33 0D 32 0D 32 0D 32 
BAT RX 0x314 [8] 5B 54 5B 54 00 14 05 44 
BAT RX 0x313 [8] 15 18 00 00 00 FE 64 63 
BAT RX 0x312 [8] 00 00 00 00 02 02 00 00 
BAT RX 0x311 [8] 02 38 00 00 08 24 01 21 
[keepalive] twai_transmit() -> ESP_OK
BAT RX 0x330 [8] 02 0D 02 01 0D 39 0D 25 
BAT RX 0x329 [8] 01 00 22 9C 01 00 40 35 
BAT RX 0x323 [8] 20 0E 10 00 00 00 00 00 
BAT RX 0x324 [8] 00 01 47 50 4A 30 32 31 
BAT RX 0x322 [8] 01 14 00 E8 03 01 64 64 
BAT RX 0x320 [8] 50 41 C3 85 85 00 00 00 
BAT RX 0x319 [8] 40 0D 39 0D 25 1D 11 00 
BAT RX 0x318 [8] 0D 27 0D 26 0D 26 0D 25 
BAT RX 0x317 [8] 0D 39 0D 37 0D 36 0D 35 
BAT RX 0x316 [8] 0D 2E 0D 2D 0D 2D 0D 27 
BAT RX 0x315 [8] 0D 32 0D 32 0D 32 0D 32 
BAT RX 0x314 [8] 5B 54 5B 54 00 14 05 44 
BAT RX 0x313 [8] 15 18 00 00 00 FE 64 63 
BAT RX 0x312 [8] 00 00 00 00 02 02 00 00 
BAT RX 0x311 [8] 02 38 00 00 08 24 01 21 
[keepalive] twai_transmit() -> ESP_OK
[637s] OK V=54.00V I=+0.0A T=25.4C SOC=100% SOH=99% | CVL=56.8V CCL=0.0A DCL=208.4A | chg=0 dis=1 fc1=0 fc2=0 | prot=0000 warn=0000 | packs=2 | inv0x305=no
BAT RX 0x330 [8] 02 0D 02 01 0D 39 0D 26 
BAT RX 0x329 [8] 02 00 1A 25 02 00 40 D1 
BAT RX 0x323 [8] 20 0E 10 00 00 00 00 00 
BAT RX 0x324 [8] 01 39 35 32 32 30 36 32 
BAT RX 0x322 [8] 01 14 00 E8 03 01 64 64 
BAT RX 0x320 [8] 50 41 C3 85 85 00 00 00 
BAT RX 0x319 [8] 40 0D 39 0D 26 1D 11 00 
BAT RX 0x318 [8] 0D 27 0D 26 0D 26 0D 26 
BAT RX 0x317 [8] 0D 39 0D 37 0D 36 0D 35 
BAT RX 0x316 [8] 0D 2E 0D 2D 0D 2D 0D 27 
BAT RX 0x315 [8] 0D 32 0D 32 0D 32 0D 32 
BAT RX 0x314 [8] 5B 54 5B 54 00 13 05 44 
BAT RX 0x313 [8] 15 18 00 03 00 FE 64 63 
BAT RX 0x312 [8] 00 00 00 00 02 02 00 00 
BAT RX 0x311 [8] 02 38 00 00 08 24 01 21 
[keepalive] twai_transmit() -> ESP_OK
BAT RX 0x330 [8] 02 0D 02 01 0D 39 0D 25 
BAT RX 0x329 [8] 01 00 22 9C 01 00 40 35 
BAT RX 0x323 [8] 20 0E 10 00 00 00 00 00 
BAT RX 0x324 [8] 02 43 30 37 00 00 00 00 
BAT RX 0x322 [8] 01 14 00 E8 03 01 64 64 
BAT RX 0x320 [8] 50 41 C3 85 85 00 00 00 
BAT RX 0x319 [8] 40 0D 39 0D 25 1D 11 00 
BAT RX 0x318 [8] 0D 27 0D 26 0D 25 0D 25 
BAT RX 0x317 [8] 0D 39 0D 37 0D 36 0D 35 
BAT RX 0x316 [8] 0D 2E 0D 2D 0D 2D 0D 27 
BAT RX 0x315 [8] 0D 32 0D 32 0D 32 0D 32 
BAT RX 0x314 [8] 5B 54 5B 54 00 14 05 44 
BAT RX 0x313 [8] 15 18 00 00 00 FE 64 63 
BAT RX 0x312 [8] 00 00 00 00 02 02 00 00 
BAT RX 0x311 [8] 02 38 00 00 08 24 01 21 
[keepalive] twai_transmit() -> ESP_OK
[639s] OK V=54.00V I=+0.0A T=25.4C SOC=100% SOH=99% | CVL=56.8V CCL=0.0A DCL=208.4A | chg=0 dis=1 fc1=0 fc2=0 | prot=0000 warn=0000 | packs=2 | inv0x305=no
BAT RX 0x330 [8] 02 0D 02 01 0D 39 0D 25 
BAT RX 0x329 [8] 02 00 1A 25 02 00 40 D1 
BAT RX 0x323 [8] 20 0E 10 00 00 00 00 00 
BAT RX 0x324 [8] 00 02 47 50 4A 30 32 31 
BAT RX 0x322 [8] 01 14 00 E8 03 01 64 64 
BAT RX 0x320 [8] 50 41 C3 85 85 00 00 00 
BAT RX 0x319 [8] 40 0D 39 0D 25 1D 11 00 
BAT RX 0x318 [8] 0D 27 0D 26 0D 25 0D 25 
BAT RX 0x317 [8] 0D 39 0D 37 0D 36 0D 35 
BAT RX 0x316 [8] 0D 2E 0D 2D 0D 2D 0D 27 
BAT RX 0x315 [8] 0D 32 0D 32 0D 32 0D 31 
BAT RX 0x314 [8] 5B 54 5B 54 00 14 05 44 
BAT RX 0x313 [8] 15 18 00 00 00 FE 64 63 
BAT RX 0x312 [8] 00 00 00 00 02 02 00 00 
BAT RX 0x311 [8] 02 38 00 00 08 24 01 21 
[keepalive] twai_transmit() -> ESP_OK
BAT RX 0x330 [8] 02 0D 02 01 0D 39 0D 25 
BAT RX 0x329 [8] 01 00 22 9C 01 00 40 35 
BAT RX 0x323 [8] 20 0E 10 00 00 00 00 00 
BAT RX 0x324 [8] 01 39 35 32 32 30 36 32 
BAT RX 0x322 [8] 01 14 00 E8 03 01 64 64 
BAT RX 0x320 [8] 50 41 C3 85 85 00 00 00 
BAT RX 0x319 [8] 40 0D 39 0D 25 1D 11 00 
BAT RX 0x318 [8] 0D 27 0D 26 0D 25 0D 25 
BAT RX 0x317 [8] 0D 39 0D 37 0D 36 0D 35 
BAT RX 0x316 [8] 0D 2E 0D 2D 0D 2C 0D 27 
BAT RX 0x315 [8] 0D 32 0D 32 0D 32 0D 32 
BAT RX 0x314 [8] 5B 54 5B 54 00 14 05 44 
BAT RX 0x313 [8] 15 18 00 00 00 FE 64 63 
BAT RX 0x312 [8] 00 00 00 00 02 02 00 00 
BAT RX 0x311 [8] 02 38 00 00 08 24 01 21 
[keepalive] twai_transmit() -> ESP_OK
[641s] OK V=54.00V I=+0.0A T=25.4C SOC=100% SOH=99% | CVL=56.8V CCL=0.0A DCL=208.4A | chg=0 dis=1 fc1=0 fc2=0 | prot=0000 warn=0000 | packs=2 | inv0x305=no
BAT RX 0x330 [8] 02 0D 02 01 0D 39 0D 25 
BAT RX 0x329 [8] 02 00 1A 25 02 00 40 D1 
BAT RX 0x323 [8] 20 0E 10 00 00 00 00 00 
BAT RX 0x324 [8] 02 42 42 37 00 00 00 00 
BAT RX 0x322 [8] 01 14 00 E8 03 01 64 64 
BAT RX 0x320 [8] 50 41 C3 85 85 00 00 00 
BAT RX 0x319 [8] 40 0D 39 0D 25 1D 11 00 
BAT RX 0x318 [8] 0D 27 0D 26 0D 25 0D 25 
BAT RX 0x317 [8] 0D 39 0D 37 0D 36 0D 36 
BAT RX 0x316 [8] 0D 2E 0D 2D 0D 2D 0D 26 
BAT RX 0x315 [8] 0D 32 0D 32 0D 31 0D 31 
BAT RX 0x314 [8] 5B 54 5B 54 00 14 05 44 
BAT RX 0x313 [8] 15 18 00 00 00 FE 64 63 
BAT RX 0x312 [8] 00 00 00 00 02 02 00 00 
BAT RX 0x311 [8] 02 38 00 00 08 24 01 21 
[keepalive] twai_transmit() -> ESP_OK
BAT RX 0x330 [8] 02 0D 02 01 0D 39 0D 25 
BAT RX 0x329 [8] 01 00 22 9C 01 00 40 35 
BAT RX 0x323 [8] 20 0E 10 00 00 00 00 00 
BAT RX 0x324 [8] 00 01 47 50 4A 30 32 31 
BAT RX 0x322 [8] 01 14 00 E8 03 01 64 64 
BAT RX 0x320 [8] 50 41 C3 85 85 00 00 00 
BAT RX 0x319 [8] 40 0D 39 0D 25 1D 11 00 
BAT RX 0x318 [8] 0D 27 0D 26 0D 26 0D 25 
BAT RX 0x317 [8] 0D 39 0D 37 0D 36 0D 35 
BAT RX 0x316 [8] 0D 2E 0D 2D 0D 2D 0D 27 
BAT RX 0x315 [8] 0D 32 0D 32 0D 32 0D 31 
BAT RX 0x314 [8] 5B 54 5B 54 00 14 05 44 
BAT RX 0x313 [8] 15 18 00 00 00 FE 64 63 
BAT RX 0x312 [8] 00 00 00 00 02 02 00 00 
BAT RX 0x311 [8] 02 38 00 00 08 24 01 21 
[keepalive] twai_transmit() -> ESP_OK
[643s] OK V=54.00V I=+0.0A T=25.4C SOC=100% SOH=99% | CVL=56.8V CCL=0.0A DCL=208.4A | chg=0 dis=1 fc1=0 fc2=0 | prot=0000 warn=0000 | packs=2 | inv0x305=no
BAT RX 0x330 [8] 02 0D 02 0E 0D 39 0D 25 
BAT RX 0x329 [8] 02 00 1A 25 02 00 40 D1 
BAT RX 0x323 [8] 20 0E 10 00 00 00 00 00 
BAT RX 0x324 [8] 01 39 35 32 32 30 36 32 
BAT RX 0x322 [8] 01 14 00 E8 03 01 64 64 
BAT RX 0x320 [8] 50 41 C3 85 85 00 00 00 
BAT RX 0x319 [8] 40 0D 39 0D 25 1D 1E 00 
BAT RX 0x318 [8] 0D 27 0D 26 0D 26 0D 25 
BAT RX 0x317 [8] 0D 39 0D 37 0D 36 0D 35 
BAT RX 0x316 [8] 0D 2D 0D 2D 0D 2D 0D 27 
BAT RX 0x315 [8] 0D 32 0D 32 0D 32 0D 31 
BAT RX 0x314 [8] 5B 54 5B 54 00 14 05 44 
BAT RX 0x313 [8] 15 18 00 00 00 FE 64 63 
BAT RX 0x312 [8] 00 00 00 00 02 02 00 00 
BAT RX 0x311 [8] 02 38 00 00 08 24 01 21 
[keepalive] twai_transmit() -> ESP_OK
BAT RX 0x330 [8] 02 0D 02 01 0D 38 0D 25 
BAT RX 0x329 [8] 01 00 22 9C 01 00 40 35 
BAT RX 0x323 [8] 20 0E 10 00 00 00 00 00 
BAT RX 0x324 [8] 02 43 30 37 00 00 00 00 
BAT RX 0x322 [8] 01 14 00 E8 03 01 64 64 
BAT RX 0x320 [8] 50 41 C3 85 85 00 00 00 
BAT RX 0x319 [8] 40 0D 38 0D 25 1D 11 00 
BAT RX 0x318 [8] 0D 27 0D 25 0D 25 0D 25 
BAT RX 0x317 [8] 0D 38 0D 37 0D 36 0D 35 
BAT RX 0x316 [8] 0D 2D 0D 2D 0D 2D 0D 27 
BAT RX 0x315 [8] 0D 32 0D 32 0D 32 0D 32 
BAT RX 0x314 [8] 5B 54 5B 54 00 13 05 44 
BAT RX 0x313 [8] 15 18 00 00 00 FE 64 63 
BAT RX 0x312 [8] 00 00 00 00 02 02 00 00 
BAT RX 0x311 [8] 02 38 00 00 08 24 01 21 

---- battery-bus rate stats (VERBOSE_STATS) ----------------------------
  8936 frames, 645 s elapsed
  ID     count   period(ms)  (min-max gap)
  0x312     596    997 (7-1000)
  0x313     596    997 (3-1000)
  0x314     596    997 (4-1000)
  0x315     596    997 (4-1000)
  0x316     596    997 (3-1000)
  0x317     596    997 (3-1000)
  0x318     596    997 (4-1000)
  0x319     596    997 (4-1000)
  0x320     596    997 (4-1000)
  0x322     596    997 (4-1000)
  0x311     596    997 (4-1000)
  0x323     595    998 (767-1000)
  0x324     595    998 (768-1000)
  0x329     595    998 (757-1000)
  0x330     595    998 (746-1000)
--------------------------------------------------------------------------

  TWAI: state=RUNNING  tx_err=0 rx_err=0  tx_failed=0  rx_missed=0 rx_overrun=0  arb_lost=0  bus_err=190881
[keepalive] twai_transmit() -> ESP_OK
[645s] OK V=54.00V I=+0.0A T=25.4C SOC=100% SOH=99% | CVL=56.8V CCL=0.0A DCL=208.4A | chg=0 dis=1 fc1=0 fc2=0 | prot=0000 warn=0000 | packs=2 | inv0x305=no
BAT RX 0x330 [8] 02 0D 02 01 0D 39 0D 25 
BAT RX 0x329 [8] 02 00 1A 25 02 00 40 D1 
BAT RX 0x323 [8] 20 0E 10 00 00 00 00 00 
BAT RX 0x324 [8] 00 02 47 50 4A 30 32 31 
BAT RX 0x322 [8] 01 14 00 E8 03 01 64 64 
BAT RX 0x320 [8] 50 41 C3 85 85 00 00 00 
BAT RX 0x319 [8] 40 0D 39 0D 25 1D 11 00 
BAT RX 0x318 [8] 0D 27 0D 25 0D 25 0D 25 
BAT RX 0x317 [8] 0D 39 0D 37 0D 36 0D 35 
BAT RX 0x316 [8] 0D 2D 0D 2D 0D 2D 0D 27 
BAT RX 0x315 [8] 0D 32 0D 32 0D 32 0D 31 
BAT RX 0x314 [8] 5B 54 5B 54 00 14 05 44 
BAT RX 0x313 [8] 15 18 00 00 00 FE 64 63 
BAT RX 0x312 [8] 00 00 00 00 02 02 00 00 
BAT RX 0x311 [8] 02 38 00 00 08 24 01 21 
[keepalive] twai_transmit() -> ESP_OK
BAT RX 0x330 [8] 02 0D 02 01 0D 39 0D 25 
BAT RX 0x329 [8] 01 00 22 9C 01 00 40 35 
BAT RX 0x323 [8] 20 0E 10 00 04 00 00 00 
BAT RX 0x324 [8] 01 39 35 32 32 30 36 32 
BAT RX 0x322 [8] 01 14 00 E8 03 01 64 64 
BAT RX 0x320 [8] 50 41 C3 85 85 00 00 00 
BAT RX 0x319 [8] 40 0D 39 0D 25 1D 11 01 
BAT RX 0x318 [8] 0D 27 0D 26 0D 26 0D 25 
BAT RX 0x317 [8] 0D 39 0D 37 0D 36 0D 35 
BAT RX 0x316 [8] 0D 2E 0D 2D 0D 2D 0D 27 
BAT RX 0x315 [8] 0D 32 0D 32 0D 32 0D 32 
BAT RX 0x314 [8] 5B 54 5B 54 00 14 05 44 
BAT RX 0x313 [8] 15 18 00 00 00 FE 64 63 
BAT RX 0x312 [8] 00 00 00 00 02 02 00 00 
BAT RX 0x311 [8] 02 38 00 00 01 00 01 21 
[keepalive] twai_transmit() -> ESP_OK
[647s] OK V=54.00V I=+0.0A T=25.4C SOC=100% SOH=99% | CVL=56.8V CCL=0.0A DCL=25.6A | chg=0 dis=1 fc1=0 fc2=0 | prot=0000 warn=0000 | packs=2 | inv0x305=no
BAT RX 0x330 [8] 02 0D 02 01 0D 39 0D 25 
BAT RX 0x329 [8] 02 00 1A 25 02 00 40 D1 
BAT RX 0x323 [8] 20 0E 10 00 04 00 00 00 
BAT RX 0x324 [8] 02 42 42 37 00 00 00 00 
BAT RX 0x322 [8] 01 14 00 E8 03 01 64 64 
BAT RX 0x320 [8] 50 41 C3 85 85 00 00 00 
BAT RX 0x319 [8] 00 0D 39 0D 25 1D 11 01 
BAT RX 0x318 [8] 0D 27 0D 26 0D 25 0D 25 
BAT RX 0x317 [8] 0D 39 0D 37 0D 36 0D 35 
BAT RX 0x316 [8] 0D 2E 0D 2D 0D 2C 0D 27 
BAT RX 0x315 [8] 0D 32 0D 32 0D 32 0D 31 
BAT RX 0x314 [8] 5B 54 5B 54 00 14 05 44 
BAT RX 0x313 [8] 15 18 00 00 00 FE 64 63 
BAT RX 0x312 [8] 00 00 00 00 02 02 00 00 
BAT RX 0x311 [8] 02 38 00 00 00 00 01 00 
[keepalive] twai_transmit() -> ESP_OK
BAT RX 0x330 [8] 02 0D 02 0F 0D 38 0D 25 
BAT RX 0x329 [8] 01 00 22 9C 01 00 40 35 
BAT RX 0x323 [8] 20 0E 10 00 04 00 00 00 
BAT RX 0x324 [8] 00 01 47 50 4A 30 32 31 
BAT RX 0x322 [8] 01 14 00 E8 03 01 64 64 
BAT RX 0x320 [8] 50 41 C3 85 85 00 00 00 
BAT RX 0x319 [8] 00 0D 38 0D 25 1D 1F 01 
BAT RX 0x318 [8] 0D 27 0D 26 0D 26 0D 25 
BAT RX 0x317 [8] 0D 38 0D 37 0D 36 0D 35 
BAT RX 0x316 [8] 0D 2E 0D 2D 0D 2C 0D 27 
BAT RX 0x315 [8] 0D 32 0D 32 0D 31 0D 31 
BAT RX 0x314 [8] 5B 54 5B 54 00 13 05 44 
BAT RX 0x313 [8] 15 18 00 00 00 FE 64 63 
BAT RX 0x312 [8] 00 00 00 00 02 02 00 00 
BAT RX 0x311 [8] 02 38 00 00 00 00 01 00 
[keepalive] twai_transmit() -> ESP_OK
[649s] OK V=54.00V I=+0.0A T=25.4C SOC=100% SOH=99% | CVL=56.8V CCL=0.0A DCL=0.0A | chg=0 dis=0 fc1=0 fc2=0 | prot=0000 warn=0000 | packs=2 | inv0x305=no
BAT RX 0x330 [8] 02 0D 02 01 0D 39 0D 25 
BAT RX 0x329 [8] 02 00 1A 25 02 00 40 D1 
BAT RX 0x323 [8] 20 0E 10 00 04 00 00 00 
BAT RX 0x324 [8] 01 39 35 32 32 30 36 32 
BAT RX 0x322 [8] 01 14 00 E8 03 01 64 64 
BAT RX 0x320 [8] 50 41 C3 85 85 00 00 00 
BAT RX 0x319 [8] 00 0D 39 0D 25 1D 11 01 
BAT RX 0x318 [8] 0D 27 0D 26 0D 25 0D 25 
BAT RX 0x317 [8] 0D 39 0D 37 0D 36 0D 35 
BAT RX 0x316 [8] 0D 2D 0D 2D 0D 2D 0D 27 
BAT RX 0x315 [8] 0D 32 0D 32 0D 32 0D 32 
BAT RX 0x314 [8] 5B 54 5B 54 00 14 05 44 
BAT RX 0x313 [8] 15 18 00 00 00 FE 64 63 
BAT RX 0x312 [8] 00 00 00 00 02 02 00 00 
BAT RX 0x311 [8] 02 38 00 00 00 00 01 00 
[keepalive] twai_transmit() -> ESP_OK
BAT RX 0x330 [8] 02 0D 02 01 0D 39 0D 25 
BAT RX 0x329 [8] 01 00 22 9C 01 00 40 35 
BAT RX 0x323 [8] 20 0E 10 00 04 00 00 00 
BAT RX 0x324 [8] 02 43 30 37 00 00 00 00 
BAT RX 0x322 [8] 01 14 00 E8 03 01 64 64 
BAT RX 0x320 [8] 50 41 C3 85 85 00 00 00 
BAT RX 0x319 [8] 00 0D 39 0D 25 1D 11 01 
BAT RX 0x318 [8] 0D 27 0D 26 0D 26 0D 25 
BAT RX 0x317 [8] 0D 39 0D 37 0D 36 0D 35 
BAT RX 0x316 [8] 0D 2D 0D 2D 0D 2D 0D 27 
BAT RX 0x315 [8] 0D 32 0D 32 0D 32 0D 31 
BAT RX 0x314 [8] 5B 54 5B 54 00 14 05 44 
BAT RX 0x313 [8] 15 18 00 00 00 FE 64 63 
BAT RX 0x312 [8] 00 00 00 00 02 02 00 00 
BAT RX 0x311 [8] 02 38 00 00 00 00 01 00 
[keepalive] twai_transmit() -> ESP_OK
[651s] OK V=54.00V I=+0.0A T=25.4C SOC=100% SOH=99% | CVL=56.8V CCL=0.0A DCL=0.0A | chg=0 dis=0 fc1=0 fc2=0 | prot=0000 warn=0000 | packs=2 | inv0x305=no
BAT RX 0x330 [8] 02 0D 02 0E 0D 39 0D 25 
BAT RX 0x329 [8] 02 00 1A 25 02 00 40 D1 
BAT RX 0x323 [8] 20 0E 10 00 04 00 00 00 
BAT RX 0x324 [8] 00 02 47 50 4A 30 32 31 
BAT RX 0x322 [8] 01 14 00 E8 03 01 64 64 
BAT RX 0x320 [8] 50 41 C3 85 85 00 00 00 
BAT RX 0x319 [8] 00 0D 39 0D 25 1D 1E 01 
BAT RX 0x318 [8] 0D 26 0D 26 0D 26 0D 25 
BAT RX 0x317 [8] 0D 39 0D 37 0D 35 0D 35 
BAT RX 0x316 [8] 0D 2E 0D 2D 0D 2D 0D 27 
BAT RX 0x315 [8] 0D 32 0D 32 0D 32 0D 32 
BAT RX 0x314 [8] 5B 54 5B 54 00 14 05 44 
BAT RX 0x313 [8] 15 18 00 00 00 FE 64 63 
BAT RX 0x312 [8] 00 00 00 00 02 02 00 00 
BAT RX 0x311 [8] 02 38 00 00 00 00 01 00 
[keepalive] twai_transmit() -> ESP_OK
BAT RX 0x330 [8] 02 0D 02 01 0D 39 0D 25 
BAT RX 0x329 [8] 01 00 22 9C 01 00 40 35 
BAT RX 0x323 [8] 20 0E 10 00 04 00 00 00 
BAT RX 0x324 [8] 01 39 35 32 32 30 36 32 
BAT RX 0x322 [8] 01 14 00 E8 03 01 64 64 
BAT RX 0x320 [8] 50 41 C3 85 85 00 00 00 
BAT RX 0x319 [8] 00 0D 39 0D 25 1D 11 01 
BAT RX 0x318 [8] 0D 27 0D 26 0D 25 0D 25 
BAT RX 0x317 [8] 0D 39 0D 37 0D 36 0D 35 
BAT RX 0x316 [8] 0D 2D 0D 2D 0D 2D 0D 27 
BAT RX 0x315 [8] 0D 32 0D 32 0D 32 0D 32 
BAT RX 0x314 [8] 5B 54 5B 54 00 14 05 44 
BAT RX 0x313 [8] 15 18 00 00 00 FE 64 63 
BAT RX 0x312 [8] 00 00 00 00 02 02 00 00 
BAT RX 0x311 [8] 02 38 00 00 00 00 01 00 
[keepalive] twai_transmit() -> ESP_OK
[653s] OK V=54.00V I=+0.0A T=25.4C SOC=100% SOH=99% | CVL=56.8V CCL=0.0A DCL=0.0A | chg=0 dis=0 fc1=0 fc2=0 | prot=0000 warn=0000 | packs=2 | inv0x305=no
BAT RX 0x330 [8] 02 0D 02 01 0D 38 0D 25 
BAT RX 0x329 [8] 02 00 1A 25 02 00 40 D1 
BAT RX 0x323 [8] 20 0E 10 00 04 00 00 00 
BAT RX 0x324 [8] 02 42 42 37 00 00 00 00 
BAT RX 0x322 [8] 01 14 00 E8 03 01 64 64 
BAT RX 0x320 [8] 50 41 C3 85 85 00 00 00 
BAT RX 0x319 [8] 00 0D 38 0D 25 1D 11 01 
BAT RX 0x318 [8] 0D 27 0D 26 0D 25 0D 25 
BAT RX 0x317 [8] 0D 38 0D 37 0D 36 0D 35 
BAT RX 0x316 [8] 0D 2D 0D 2D 0D 2D 0D 27 
BAT RX 0x315 [8] 0D 32 0D 32 0D 32 0D 32 
BAT RX 0x314 [8] 5B 54 5B 54 00 13 05 44 
BAT RX 0x313 [8] 15 18 00 00 00 FE 64 63 
BAT RX 0x312 [8] 00 00 00 00 02 02 00 00 
BAT RX 0x311 [8] 02 38 00 00 00 00 01 00 
[keepalive] twai_transmit() -> ESP_OK
BAT RX 0x330 [8] 02 0D 02 01 0D 38 0D 25 
BAT RX 0x329 [8] 01 00 22 9C 01 00 40 35 
BAT RX 0x323 [8] 20 0E 10 00 04 00 00 00 
BAT RX 0x324 [8] 00 01 47 50 4A 30 32 31 
BAT RX 0x322 [8] 01 14 00 E8 03 01 64 64 
BAT RX 0x320 [8] 50 41 C3 85 85 00 00 00 
BAT RX 0x319 [8] 00 0D 38 0D 25 1D 11 01 
BAT RX 0x318 [8] 0D 27 0D 26 0D 25 0D 25 
BAT RX 0x317 [8] 0D 38 0D 37 0D 36 0D 35 
BAT RX 0x316 [8] 0D 2E 0D 2D 0D 2D 0D 27 
BAT RX 0x315 [8] 0D 32 0D 32 0D 32 0D 32 
BAT RX 0x314 [8] 5B 54 5B 54 00 13 05 44 
BAT RX 0x313 [8] 15 18 00 00 00 FE 64 63 
BAT RX 0x312 [8] 00 00 00 00 02 02 00 00 
BAT RX 0x311 [8] 02 38 00 00 00 00 01 00 
[keepalive] twai_transmit() -> ESP_OK
[655s] OK V=54.00V I=+0.0A T=25.4C SOC=100% SOH=99% | CVL=56.8V CCL=0.0A DCL=0.0A | chg=0 dis=0 fc1=0 fc2=0 | prot=0000 warn=0000 | packs=2 | inv0x305=no
BAT RX 0x330 [8] 02 0D 02 01 0D 39 0D 25 
BAT RX 0x329 [8] 02 00 1A 25 02 00 40 D1 
BAT RX 0x323 [8] 20 0E 10 00 04 00 00 00 
BAT RX 0x324 [8] 01 39 35 32 32 30 36 32 
BAT RX 0x322 [8] 01 14 00 E8 03 01 64 64 
BAT RX 0x320 [8] 50 41 C3 85 85 00 00 00 
BAT RX 0x319 [8] 00 0D 39 0D 25 1D 11 01 
BAT RX 0x318 [8] 0D 27 0D 26 0D 25 0D 25 
BAT RX 0x317 [8] 0D 39 0D 37 0D 36 0D 35 
BAT RX 0x316 [8] 0D 2E 0D 2C 0D 2B 0D 26 
BAT RX 0x315 [8] 0D 33 0D 33 0D 33 0D 32 
BAT RX 0x314 [8] 5B 54 5B 54 00 14 05 44 
BAT RX 0x313 [8] 15 18 00 00 00 FE 64 63 
BAT RX 0x312 [8] 00 00 00 00 02 02 00 00 
BAT RX 0x311 [8] 02 38 00 00 00 00 01 00 
[keepalive] twai_transmit() -> ESP_OK
BAT RX 0x330 [8] 02 0D 02 01 0D 39 0D 25 
BAT RX 0x329 [8] 01 00 22 9C 01 00 40 35 
BAT RX 0x323 [8] 20 0E 10 00 04 00 00 00 
BAT RX 0x324 [8] 02 43 30 37 00 00 00 00 
BAT RX 0x322 [8] 01 14 00 E8 03 01 64 64 
BAT RX 0x320 [8] 50 41 C3 85 85 00 00 00 
BAT RX 0x319 [8] 00 0D 39 0D 25 1D 11 01 
BAT RX 0x318 [8] 0D 26 0D 25 0D 25 0D 25 
BAT RX 0x317 [8] 0D 39 0D 37 0D 36 0D 35 
BAT RX 0x316 [8] 0D 2E 0D 2D 0D 2D 0D 26 
BAT RX 0x315 [8] 0D 32 0D 32 0D 32 0D 31 
BAT RX 0x314 [8] 5B 54 5B 54 00 14 05 44 
BAT RX 0x313 [8] 15 18 00 00 00 FE 64 63 
BAT RX 0x312 [8] 00 00 00 00 02 02 00 00 
BAT RX 0x311 [8] 02 38 00 00 00 00 01 00 
[keepalive] twai_transmit() -> ESP_OK
[657s] OK V=54.00V I=+0.0A T=25.4C SOC=100% SOH=99% | CVL=56.8V CCL=0.0A DCL=0.0A | chg=0 dis=0 fc1=0 fc2=0 | prot=0000 warn=0000 | packs=2 | inv0x305=no
BAT RX 0x330 [8] 02 0D 02 01 0D 39 0D 25 
BAT RX 0x329 [8] 02 00 1A 25 02 00 40 D1 
BAT RX 0x323 [8] 20 0E 10 00 04 00 00 00 
BAT RX 0x324 [8] 00 02 47 50 4A 30 32 31 
BAT RX 0x322 [8] 01 14 00 E8 03 01 64 64 
BAT RX 0x320 [8] 50 41 C3 85 85 00 00 00 
BAT RX 0x319 [8] 00 0D 39 0D 25 1D 11 01 
BAT RX 0x318 [8] 0D 26 0D 25 0D 25 0D 25 
BAT RX 0x317 [8] 0D 39 0D 36 0D 35 0D 35 
BAT RX 0x316 [8] 0D 2D 0D 2D 0D 2D 0D 27 
BAT RX 0x315 [8] 0D 32 0D 32 0D 32 0D 32 
BAT RX 0x314 [8] 5B 54 5B 54 00 14 05 44 
BAT RX 0x313 [8] 15 18 00 00 00 FE 64 63 
BAT RX 0x312 [8] 00 00 00 00 02 02 00 00 
BAT RX 0x311 [8] 02 38 00 00 00 00 01 00 
[keepalive] twai_transmit() -> ESP_OK
BAT RX 0x330 [8] 02 0D 02 01 0D 39 0D 25 
BAT RX 0x329 [8] 01 00 22 9C 01 00 40 35 
BAT RX 0x323 [8] 20 0E 10 00 04 00 00 00 
BAT RX 0x324 [8] 01 39 35 32 32 30 36 32 
BAT RX 0x322 [8] 01 14 00 E8 03 01 64 64 
BAT RX 0x320 [8] 50 41 C3 85 85 00 00 00 
BAT RX 0x319 [8] 00 0D 39 0D 25 1D 11 01 
BAT RX 0x318 [8] 0D 27 0D 26 0D 25 0D 25 
BAT RX 0x317 [8] 0D 39 0D 37 0D 35 0D 35 
BAT RX 0x316 [8] 0D 2D 0D 2D 0D 2D 0D 27 
BAT RX 0x315 [8] 0D 32 0D 32 0D 32 0D 32 
BAT RX 0x314 [8] 5B 54 5B 54 00 14 05 44 
BAT RX 0x313 [8] 15 18 00 00 00 FE 64 63 
BAT RX 0x312 [8] 00 00 00 00 02 02 00 00 
BAT RX 0x311 [8] 02 38 00 00 00 00 01 00 
[keepalive] twai_transmit() -> ESP_OK
[659s] OK V=54.00V I=+0.0A T=25.4C SOC=100% SOH=99% | CVL=56.8V CCL=0.0A DCL=0.0A | chg=0 dis=0 fc1=0 fc2=0 | prot=0000 warn=0000 | packs=2 | inv0x305=no
BAT RX 0x330 [8] 02 0D 02 01 0D 38 0D 25 
BAT RX 0x329 [8] 02 00 1A 25 02 00 40 D1 
BAT RX 0x323 [8] 20 0E 10 00 04 00 00 00 
BAT RX 0x324 [8] 02 42 42 37 00 00 00 00 
BAT RX 0x322 [8] 01 14 00 E8 03 01 64 64 
BAT RX 0x320 [8] 50 41 C3 85 85 00 00 00 
BAT RX 0x319 [8] 00 0D 38 0D 25 1D 11 01 
BAT RX 0x318 [8] 0D 26 0D 25 0D 25 0D 25 
BAT RX 0x317 [8] 0D 38 0D 37 0D 35 0D 35 
BAT RX 0x316 [8] 0D 2D 0D 2D 0D 2D 0D 27 
BAT RX 0x315 [8] 0D 32 0D 32 0D 32 0D 32 
BAT RX 0x314 [8] 5B 54 5B 54 00 13 05 44 
BAT RX 0x313 [8] 15 18 00 00 00 FE 64 63 
BAT RX 0x312 [8] 00 00 00 00 02 02 00 00 
BAT RX 0x311 [8] 02 38 00 00 00 00 01 00 

---- battery-bus rate stats (VERBOSE_STATS) ----------------------------
  9161 frames, 660 s elapsed
  ID     count   period(ms)  (min-max gap)
  0x312     611    997 (7-1000)
  0x313     611    997 (3-1000)
  0x314     611    997 (4-1000)
  0x315     611    997 (4-1000)
  0x316     611    997 (3-1000)
  0x317     611    997 (3-1000)
  0x318     611    997 (4-1000)
  0x319     611    997 (4-1000)
  0x320     611    997 (4-1000)
  0x322     611    997 (4-1000)
  0x311     611    997 (4-1000)
  0x323     610    998 (767-1000)
  0x324     610    998 (768-1000)
  0x329     610    998 (757-1002)
  0x330     610    998 (746-1000)
--------------------------------------------------------------------------

  TWAI: state=RUNNING  tx_err=0 rx_err=0  tx_failed=0  rx_missed=0 rx_overrun=0  arb_lost=0  bus_err=190881
[keepalive] twai_transmit() -> ESP_OK
BAT RX 0x330 [8] 02 0D 02 01 0D 39 0D 25 
BAT RX 0x329 [8] 01 00 22 9C 01 00 40 35 
BAT RX 0x323 [8] 20 0E 10 00 04 00 00 00 
BAT RX 0x324 [8] 00 01 47 50 4A 30 32 31 
BAT RX 0x322 [8] 01 14 00 E8 03 01 64 64 
BAT RX 0x320 [8] 50 41 C3 85 85 00 00 00 
BAT RX 0x319 [8] 00 0D 39 0D 25 1D 11 01 
BAT RX 0x318 [8] 0D 27 0D 26 0D 25 0D 25 
BAT RX 0x317 [8] 0D 39 0D 37 0D 36 0D 35 
BAT RX 0x316 [8] 0D 2E 0D 2D 0D 2D 0D 27 
BAT RX 0x315 [8] 0D 32 0D 32 0D 32 0D 32 
BAT RX 0x314 [8] 5B 54 5B 54 00 14 05 44 
BAT RX 0x313 [8] 15 18 00 00 00 FE 64 63 
BAT RX 0x312 [8] 00 00 00 00 02 02 00 00 
BAT RX 0x311 [8] 02 38 00 00 00 00 01 00 
[keepalive] twai_transmit() -> ESP_OK
[661s] OK V=54.00V I=+0.0A T=25.4C SOC=100% SOH=99% | CVL=56.8V CCL=0.0A DCL=0.0A | chg=0 dis=0 fc1=0 fc2=0 | prot=0000 warn=0000 | packs=2 | inv0x305=no
BAT RX 0x330 [8] 02 0D 02 01 0D 38 0D 25 
BAT RX 0x329 [8] 02 00 1A 25 02 00 40 D1 
BAT RX 0x323 [8] 20 0E 10 00 04 00 00 00 
BAT RX 0x324 [8] 01 39 35 32 32 30 36 32 
BAT RX 0x322 [8] 01 14 00 E8 03 01 64 64 
BAT RX 0x320 [8] 50 41 C3 85 85 00 00 00 
BAT RX 0x319 [8] 00 0D 38 0D 25 1D 11 01 
BAT RX 0x318 [8] 0D 26 0D 26 0D 25 0D 25 
BAT RX 0x317 [8] 0D 38 0D 37 0D 36 0D 35 
BAT RX 0x316 [8] 0D 2D 0D 2D 0D 2D 0D 27 
BAT RX 0x315 [8] 0D 33 0D 33 0D 32 0D 32 
BAT RX 0x314 [8] 5B 54 5B 54 00 13 05 44 
BAT RX 0x313 [8] 15 18 00 00 00 FE 64 63 
BAT RX 0x312 [8] 00 00 00 00 02 02 00 00 
BAT RX 0x311 [8] 02 38 00 00 00 00 01 00 
[keepalive] twai_transmit() -> ESP_OK
BAT RX 0x330 [8] 02 0D 02 01 0D 39 0D 25 
BAT RX 0x329 [8] 01 00 22 9C 01 00 40 35 
BAT RX 0x323 [8] 20 0E 10 00 04 00 00 00 
BAT RX 0x324 [8] 02 43 30 37 00 00 00 00 
BAT RX 0x322 [8] 01 14 00 E8 03 01 64 64 
BAT RX 0x320 [8] 50 41 C3 85 85 00 00 00 
BAT RX 0x319 [8] 00 0D 39 0D 25 1D 11 01 
BAT RX 0x318 [8] 0D 27 0D 26 0D 25 0D 25 
BAT RX 0x317 [8] 0D 39 0D 37 0D 35 0D 35 
BAT RX 0x316 [8] 0D 2E 0D 2D 0D 2D 0D 27 
BAT RX 0x315 [8] 0D 32 0D 32 0D 32 0D 31 
BAT RX 0x314 [8] 5B 54 5B 54 00 14 05 44 
BAT RX 0x313 [8] 15 18 00 00 00 FE 64 63 
BAT RX 0x312 [8] 00 00 00 00 02 02 00 00 
BAT RX 0x311 [8] 02 38 00 00 00 00 01 00 
[keepalive] twai_transmit() -> ESP_OK
[663s] OK V=54.00V I=+0.0A T=25.4C SOC=100% SOH=99% | CVL=56.8V CCL=0.0A DCL=0.0A | chg=0 dis=0 fc1=0 fc2=0 | prot=0000 warn=0000 | packs=2 | inv0x305=no
BAT RX 0x330 [8] 02 0D 02 01 0D 39 0D 25 
BAT RX 0x329 [8] 02 00 1A 25 02 00 40 D1 
BAT RX 0x323 [8] 20 0E 10 00 04 00 00 00 
BAT RX 0x324 [8] 00 02 47 50 4A 30 32 31 
BAT RX 0x322 [8] 01 14 00 E8 03 01 64 64 
BAT RX 0x320 [8] 50 41 C3 85 85 00 00 00 
BAT RX 0x319 [8] 00 0D 39 0D 25 1D 11 01 
BAT RX 0x318 [8] 0D 27 0D 26 0D 25 0D 25 
BAT RX 0x317 [8] 0D 39 0D 37 0D 36 0D 35 
BAT RX 0x316 [8] 0D 2E 0D 2D 0D 2C 0D 27 
BAT RX 0x315 [8] 0D 32 0D 32 0D 31 0D 31 
BAT RX 0x314 [8] 5B 54 5B 54 00 14 05 44 
BAT RX 0x313 [8] 15 18 00 00 00 FE 64 63 
BAT RX 0x312 [8] 00 00 00 00 02 02 00 00 
BAT RX 0x311 [8] 02 38 00 00 00 00 01 00 
[keepalive] twai_transmit() -> ESP_OK
BAT RX 0x330 [8] 02 0D 02 01 0D 38 0D 25 
BAT RX 0x329 [8] 01 00 22 9C 01 00 40 35 
BAT RX 0x323 [8] 20 0E 10 00 04 00 00 00 
BAT RX 0x324 [8] 01 39 35 32 32 30 36 32 
BAT RX 0x322 [8] 01 14 00 E8 03 01 64 64 
BAT RX 0x320 [8] 50 41 C3 85 85 00 00 00 
BAT RX 0x319 [8] 00 0D 38 0D 25 1D 11 01 
BAT RX 0x318 [8] 0D 26 0D 25 0D 25 0D 25 
BAT RX 0x317 [8] 0D 38 0D 37 0D 35 0D 35 
BAT RX 0x316 [8] 0D 2D 0D 2D 0D 2C 0D 27 
BAT RX 0x315 [8] 0D 32 0D 32 0D 32 0D 31 
BAT RX 0x314 [8] 5B 54 5B 54 00 13 05 44 
BAT RX 0x313 [8] 15 18 00 00 00 FE 64 63 
BAT RX 0x312 [8] 00 00 00 00 02 02 00 00 
BAT RX 0x311 [8] 02 38 00 00 00 00 01 00 
[keepalive] twai_transmit() -> ESP_OK
[665s] OK V=54.00V I=+0.0A T=25.4C SOC=100% SOH=99% | CVL=56.8V CCL=0.0A DCL=0.0A | chg=0 dis=0 fc1=0 fc2=0 | prot=0000 warn=0000 | packs=2 | inv0x305=no
BAT RX 0x330 [8] 02 0D 02 01 0D 38 0D 25 
BAT RX 0x329 [8] 02 00 1A 25 02 00 40 D1 
BAT RX 0x323 [8] 20 0E 10 00 04 00 00 00 
BAT RX 0x324 [8] 02 42 42 37 00 00 00 00 
BAT RX 0x322 [8] 01 14 00 E8 03 01 64 64 
BAT RX 0x320 [8] 50 41 C3 85 85 00 00 00 
BAT RX 0x319 [8] 00 0D 38 0D 25 1D 11 01 
BAT RX 0x318 [8] 0D 27 0D 25 0D 25 0D 25 
BAT RX 0x317 [8] 0D 38 0D 37 0D 36 0D 35 
BAT RX 0x316 [8] 0D 2D 0D 2D 0D 2C 0D 26 
BAT RX 0x315 [8] 0D 32 0D 32 0D 32 0D 31 
BAT RX 0x314 [8] 5B 54 5B 54 00 13 05 44 
BAT RX 0x313 [8] 15 18 00 00 00 FE 64 63 
BAT RX 0x312 [8] 00 00 00 00 02 02 00 00 
BAT RX 0x311 [8] 02 38 00 00 00 00 01 00 
[keepalive] twai_transmit() -> ESP_OK
BAT RX 0x330 [8] 02 0D 02 01 0D 39 0D 25 
BAT RX 0x329 [8] 01 00 22 9C 01 00 40 35 
BAT RX 0x323 [8] 20 0E 10 00 04 00 00 00 
BAT RX 0x324 [8] 00 01 47 50 4A 30 32 31 
BAT RX 0x322 [8] 01 14 00 E8 03 01 64 64 
BAT RX 0x320 [8] 50 41 C3 85 85 00 00 00 
BAT RX 0x319 [8] 00 0D 39 0D 25 1D 11 01 
BAT RX 0x318 [8] 0D 26 0D 25 0D 25 0D 25 
BAT RX 0x317 [8] 0D 39 0D 37 0D 35 0D 35 
BAT RX 0x316 [8] 0D 2D 0D 2D 0D 2C 0D 27 
BAT RX 0x315 [8] 0D 32 0D 32 0D 32 0D 32 
BAT RX 0x314 [8] 5B 54 5B 54 00 14 05 44 
BAT RX 0x313 [8] 15 18 00 00 00 FE 64 63 
BAT RX 0x312 [8] 00 00 00 00 02 02 00 00 
BAT RX 0x311 [8] 02 38 00 00 00 00 01 00 
[keepalive] twai_transmit() -> ESP_OK
[667s] OK V=54.00V I=+0.0A T=25.4C SOC=100% SOH=99% | CVL=56.8V CCL=0.0A DCL=0.0A | chg=0 dis=0 fc1=0 fc2=0 | prot=0000 warn=0000 | packs=2 | inv0x305=no
BAT RX 0x330 [8] 02 0D 02 01 0D 39 0D 25 
BAT RX 0x329 [8] 02 00 1A 25 02 00 40 D1 
BAT RX 0x323 [8] 20 0E 10 00 04 00 00 00 
BAT RX 0x324 [8] 01 39 35 32 32 30 36 32 
BAT RX 0x322 [8] 01 14 00 E8 03 01 64 64 
BAT RX 0x320 [8] 50 41 C3 85 85 00 00 00 
BAT RX 0x319 [8] 00 0D 39 0D 25 1D 11 01 
BAT RX 0x318 [8] 0D 27 0D 25 0D 25 0D 25 
BAT RX 0x317 [8] 0D 39 0D 37 0D 35 0D 35 
BAT RX 0x316 [8] 0D 2E 0D 2D 0D 2C 0D 27 
BAT RX 0x315 [8] 0D 32 0D 32 0D 32 0D 31 
BAT RX 0x314 [8] 5B 54 5B 54 00 14 05 44 
BAT RX 0x313 [8] 15 18 00 00 00 FE 64 63 
BAT RX 0x312 [8] 00 00 00 00 02 02 00 00 
BAT RX 0x311 [8] 02 38 00 00 00 00 01 00 
[keepalive] twai_transmit() -> ESP_OK
BAT RX 0x330 [8] 02 0D 02 0F 0D 38 0D 25 
BAT RX 0x329 [8] 01 00 22 9C 01 00 40 35 
BAT RX 0x323 [8] 20 0E 10 00 04 00 00 00 
BAT RX 0x324 [8] 02 43 30 37 00 00 00 00 
BAT RX 0x322 [8] 01 14 00 E8 03 01 64 64 
BAT RX 0x320 [8] 50 41 C3 85 85 00 00 00 
BAT RX 0x319 [8] 00 0D 38 0D 25 1D 1F 01 
BAT RX 0x318 [8] 0D 27 0D 26 0D 26 0D 25 
BAT RX 0x317 [8] 0D 38 0D 37 0D 35 0D 35 
BAT RX 0x316 [8] 0D 2D 0D 2D 0D 2C 0D 27 
BAT RX 0x315 [8] 0D 32 0D 32 0D 32 0D 32 
BAT RX 0x314 [8] 5B 54 5B 54 00 13 05 44 
BAT RX 0x313 [8] 15 18 00 00 00 FE 64 63 
BAT RX 0x312 [8] 00 00 00 00 02 02 00 00 
BAT RX 0x311 [8] 02 38 00 00 00 00 01 00 
[keepalive] twai_transmit() -> ESP_OK
[669s] OK V=54.00V I=+0.0A T=25.4C SOC=100% SOH=99% | CVL=56.8V CCL=0.0A DCL=0.0A | chg=0 dis=0 fc1=0 fc2=0 | prot=0000 warn=0000 | packs=2 | inv0x305=no
BAT RX 0x330 [8] 02 0D 02 01 0D 38 0D 25 
BAT RX 0x329 [8] 02 00 1A 25 02 00 40 D1 
BAT RX 0x323 [8] 20 0E 10 00 04 00 00 00 
BAT RX 0x324 [8] 00 02 47 50 4A 30 32 31 
BAT RX 0x322 [8] 01 14 00 E8 03 01 64 64 
BAT RX 0x320 [8] 50 41 C3 85 85 00 00 00 
BAT RX 0x319 [8] 00 0D 38 0D 25 1D 11 01 
BAT RX 0x318 [8] 0D 26 0D 25 0D 25 0D 25 
BAT RX 0x317 [8] 0D 38 0D 37 0D 35 0D 35 
BAT RX 0x316 [8] 0D 2D 0D 2D 0D 2D 0D 26 
BAT RX 0x315 [8] 0D 32 0D 32 0D 32 0D 31 
BAT RX 0x314 [8] 5B 54 5B 54 00 13 05 44 
BAT RX 0x313 [8] 15 18 00 00 00 FE 64 63 
BAT RX 0x312 [8] 00 00 00 00 02 02 00 00 
BAT RX 0x311 [8] 02 38 00 00 00 00 01 00 
[keepalive] twai_transmit() -> ESP_OK
BAT RX 0x330 [8] 02 0D 02 01 0D 38 0D 25 
BAT RX 0x329 [8] 01 00 22 9C 01 00 40 35 
BAT RX 0x323 [8] 20 0E 10 00 04 00 00 00 
BAT RX 0x324 [8] 01 39 35 32 32 30 36 32 
BAT RX 0x322 [8] 01 14 00 E8 03 01 64 64 
BAT RX 0x320 [8] 50 41 C3 85 85 00 00 00 
BAT RX 0x319 [8] 00 0D 38 0D 25 1D 11 01 
BAT RX 0x318 [8] 0D 26 0D 25 0D 25 0D 25 
BAT RX 0x317 [8] 0D 38 0D 36 0D 36 0D 35 
BAT RX 0x316 [8] 0D 2E 0D 2D 0D 2C 0D 26 
BAT RX 0x315 [8] 0D 32 0D 31 0D 31 0D 31 
BAT RX 0x314 [8] 5B 54 5B 54 00 13 05 44 
BAT RX 0x313 [8] 15 18 00 00 00 FE 64 63 
BAT RX 0x312 [8] 00 00 00 00 02 02 00 00 
BAT RX 0x311 [8] 02 38 00 00 00 00 01 00 
[keepalive] twai_transmit() -> ESP_OK
[671s] OK V=54.00V I=+0.0A T=25.4C SOC=100% SOH=99% | CVL=56.8V CCL=0.0A DCL=0.0A | chg=0 dis=0 fc1=0 fc2=0 | prot=0000 warn=0000 | packs=2 | inv0x305=no
BAT RX 0x330 [8] 02 0D 02 01 0D 38 0D 25 
BAT RX 0x329 [8] 02 00 1A 25 02 00 40 D1 
BAT RX 0x323 [8] 20 0E 10 00 04 00 00 00 
BAT RX 0x324 [8] 02 42 42 37 00 00 00 00 
BAT RX 0x322 [8] 01 14 00 E8 03 01 64 64 
BAT RX 0x320 [8] 50 41 C3 85 85 00 00 00 
BAT RX 0x319 [8] 00 0D 38 0D 25 1D 11 01 
BAT RX 0x318 [8] 0D 26 0D 25 0D 25 0D 25 
BAT RX 0x317 [8] 0D 38 0D 37 0D 35 0D 35 
BAT RX 0x316 [8] 0D 2D 0D 2D 0D 2C 0D 27 
BAT RX 0x315 [8] 0D 32 0D 32 0D 32 0D 32 
BAT RX 0x314 [8] 5B 54 5B 54 00 13 05 44 
BAT RX 0x313 [8] 15 18 00 00 00 FE 64 63 
BAT RX 0x312 [8] 00 00 00 00 02 02 00 00 
BAT RX 0x311 [8] 02 38 00 00 00 00 01 00 
[keepalive] twai_transmit() -> ESP_OK
BAT RX 0x330 [8] 02 0D 02 01 0D 38 0D 25 
BAT RX 0x329 [8] 01 00 22 9C 01 00 40 35 
BAT RX 0x323 [8] 20 0E 10 00 04 00 00 00 
BAT RX 0x324 [8] 00 01 47 50 4A 30 32 31 
BAT RX 0x322 [8] 01 14 00 E8 03 01 64 64 
BAT RX 0x320 [8] 50 41 C3 85 85 00 00 00 
BAT RX 0x319 [8] 00 0D 38 0D 25 1D 11 01 
BAT RX 0x318 [8] 0D 26 0D 25 0D 25 0D 25 
BAT RX 0x317 [8] 0D 38 0D 36 0D 35 0D 35 
BAT RX 0x316 [8] 0D 2E 0D 2C 0D 2C 0D 27 
BAT RX 0x315 [8] 0D 32 0D 32 0D 31 0D 31 
BAT RX 0x314 [8] 5B 54 5B 54 00 13 05 44 
BAT RX 0x313 [8] 15 18 00 00 00 FE 64 63 
BAT RX 0x312 [8] 00 00 00 00 02 02 00 00 
BAT RX 0x311 [8] 02 38 00 00 00 00 01 00 
[keepalive] twai_transmit() -> ESP_OK
[673s] OK V=54.00V I=+0.0A T=25.4C SOC=100% SOH=99% | CVL=56.8V CCL=0.0A DCL=0.0A | chg=0 dis=0 fc1=0 fc2=0 | prot=0000 warn=0000 | packs=2 | inv0x305=no
BAT RX 0x330 [8] 02 0D 02 01 0D 39 0D 25 
BAT RX 0x329 [8] 02 00 1A 25 02 00 40 D1 
BAT RX 0x323 [8] 20 0E 10 00 04 00 00 00 
BAT RX 0x324 [8] 01 39 35 32 32 30 36 32 
BAT RX 0x322 [8] 01 14 00 E8 03 01 64 64 
BAT RX 0x320 [8] 50 41 C3 85 85 00 00 00 
BAT RX 0x319 [8] 00 0D 39 0D 25 1D 11 01 
BAT RX 0x318 [8] 0D 26 0D 26 0D 25 0D 25 
BAT RX 0x317 [8] 0D 39 0D 36 0D 36 0D 34 
BAT RX 0x316 [8] 0D 2D 0D 2D 0D 2C 0D 27 
BAT RX 0x315 [8] 0D 32 0D 32 0D 31 0D 31 
BAT RX 0x314 [8] 5B 54 5B 54 00 14 05 44 
BAT RX 0x313 [8] 15 18 00 00 00 FE 64 63 
BAT RX 0x312 [8] 00 00 00 00 02 02 00 00 
BAT RX 0x311 [8] 02 38 00 00 00 00 01 00 
[keepalive] twai_transmit() -> ESP_OK
BAT RX 0x330 [8] 02 0D 02 01 0D 38 0D 25 
BAT RX 0x329 [8] 01 00 22 9C 01 00 40 35 
BAT RX 0x323 [8] 20 0E 10 00 04 00 00 00 
BAT RX 0x324 [8] 02 43 30 37 00 00 00 00 
BAT RX 0x322 [8] 01 14 00 E8 03 01 64 64 
BAT RX 0x320 [8] 50 41 C3 85 85 00 00 00 
BAT RX 0x319 [8] 00 0D 38 0D 25 1D 11 01 
BAT RX 0x318 [8] 0D 26 0D 25 0D 25 0D 25 
BAT RX 0x317 [8] 0D 38 0D 37 0D 35 0D 35 
BAT RX 0x316 [8] 0D 2D 0D 2D 0D 2C 0D 27 
BAT RX 0x315 [8] 0D 32 0D 32 0D 32 0D 31 
BAT RX 0x314 [8] 5B 54 5B 54 00 13 05 44 
BAT RX 0x313 [8] 15 18 00 00 00 FE 64 63 
BAT RX 0x312 [8] 00 00 00 00 02 02 00 00 
BAT RX 0x311 [8] 02 38 00 00 00 00 01 00 

---- battery-bus rate stats (VERBOSE_STATS) ----------------------------
  9386 frames, 675 s elapsed
  ID     count   period(ms)  (min-max gap)
  0x312     626    997 (7-1000)
  0x313     626    997 (3-1000)
  0x314     626    997 (4-1000)
  0x315     626    997 (4-1000)
  0x316     626    997 (3-1000)
  0x317     626    997 (3-1000)
  0x318     626    997 (4-1000)
  0x319     626    997 (4-1000)
  0x320     626    997 (4-1000)
  0x322     626    997 (4-1000)
  0x311     626    997 (4-1000)
  0x323     625    998 (767-1000)
  0x324     625    998 (768-1000)
  0x329     625    998 (757-1002)
  0x330     625    998 (746-1000)
--------------------------------------------------------------------------

  TWAI: state=RUNNING  tx_err=0 rx_err=0  tx_failed=0  rx_missed=0 rx_overrun=0  arb_lost=0  bus_err=190881
[keepalive] twai_transmit() -> ESP_OK
[675s] OK V=54.00V I=+0.0A T=25.4C SOC=100% SOH=99% | CVL=56.8V CCL=0.0A DCL=0.0A | chg=0 dis=0 fc1=0 fc2=0 | prot=0000 warn=0000 | packs=2 | inv0x305=no
BAT RX 0x330 [8] 02 0D 02 01 0D 39 0D 25 
BAT RX 0x329 [8] 02 00 1A 25 02 00 40 D1 
BAT RX 0x323 [8] 20 0E 10 00 04 00 00 00 
BAT RX 0x324 [8] 00 02 47 50 4A 30 32 31 
BAT RX 0x322 [8] 01 14 00 E8 03 01 64 64 
BAT RX 0x320 [8] 50 41 C3 85 85 00 00 00 
BAT RX 0x319 [8] 00 0D 39 0D 25 1D 11 01 
BAT RX 0x318 [8] 0D 26 0D 25 0D 25 0D 25 
BAT RX 0x317 [8] 0D 39 0D 36 0D 35 0D 35 
BAT RX 0x316 [8] 0D 2D 0D 2D 0D 2C 0D 26 
BAT RX 0x315 [8] 0D 32 0D 32 0D 31 0D 31 
BAT RX 0x314 [8] 5B 54 5B 54 00 14 05 44 
BAT RX 0x313 [8] 15 18 00 00 00 FE 64 63 
BAT RX 0x312 [8] 00 00 00 00 02 02 00 00 
BAT RX 0x311 [8] 02 38 00 00 00 00 01 00 
[keepalive] twai_transmit() -> ESP_OK
BAT RX 0x330 [8] 02 0D 02 01 0D 38 0D 25 
BAT RX 0x329 [8] 01 00 22 9C 01 00 40 35 
BAT RX 0x323 [8] 20 0E 10 00 04 00 00 00 
BAT RX 0x324 [8] 01 39 35 32 32 30 36 32 
BAT RX 0x322 [8] 01 14 00 E8 03 01 64 64 
BAT RX 0x320 [8] 50 41 C3 85 85 00 00 00 
BAT RX 0x319 [8] 00 0D 38 0D 25 1D 11 01 
BAT RX 0x318 [8] 0D 27 0D 26 0D 25 0D 25 
BAT RX 0x317 [8] 0D 38 0D 37 0D 35 0D 34 
BAT RX 0x316 [8] 0D 2D 0D 2D 0D 2C 0D 27 
BAT RX 0x315 [8] 0D 32 0D 32 0D 32 0D 31 
BAT RX 0x314 [8] 5B 54 5B 54 00 13 05 44 
BAT RX 0x313 [8] 15 18 00 00 00 FE 64 63 
BAT RX 0x312 [8] 00 00 00 00 02 02 00 00 
BAT RX 0x311 [8] 02 38 00 00 00 00 01 00 
[keepalive] twai_transmit() -> ESP_OK
[677s] OK V=54.00V I=+0.0A T=25.4C SOC=100% SOH=99% | CVL=56.8V CCL=0.0A DCL=0.0A | chg=0 dis=0 fc1=0 fc2=0 | prot=0000 warn=0000 | packs=2 | inv0x305=no
BAT RX 0x330 [8] 02 0D 02 01 0D 39 0D 25 
BAT RX 0x329 [8] 02 00 1A 25 02 00 40 D1 
BAT RX 0x323 [8] 20 0E 10 00 04 00 00 00 
BAT RX 0x324 [8] 02 42 42 37 00 00 00 00 
BAT RX 0x322 [8] 01 14 00 E8 03 01 64 64 
BAT RX 0x320 [8] 50 41 C3 85 85 00 00 00 
BAT RX 0x319 [8] 00 0D 39 0D 25 1D 11 01 
BAT RX 0x318 [8] 0D 27 0D 25 0D 25 0D 25 
BAT RX 0x317 [8] 0D 39 0D 36 0D 35 0D 35 
BAT RX 0x316 [8] 0D 2D 0D 2C 0D 2C 0D 26 
BAT RX 0x315 [8] 0D 32 0D 32 0D 31 0D 31 
BAT RX 0x314 [8] 5B 54 5B 54 00 14 05 44 
BAT RX 0x313 [8] 15 18 00 00 00 FE 64 63 
BAT RX 0x312 [8] 00 00 00 00 02 02 00 00 
BAT RX 0x311 [8] 02 38 00 00 00 00 01 00 
[keepalive] twai_transmit() -> ESP_OK
BAT RX 0x330 [8] 02 0D 02 01 0D 38 0D 25 
BAT RX 0x329 [8] 01 00 22 9C 01 00 40 35 
BAT RX 0x323 [8] 20 0E 10 00 04 00 00 00 
BAT RX 0x324 [8] 00 01 47 50 4A 30 32 31 
BAT RX 0x322 [8] 01 14 00 E8 03 01 64 64 
BAT RX 0x320 [8] 50 41 C3 85 85 00 00 00 
BAT RX 0x319 [8] 00 0D 38 0D 25 1D 11 01 
BAT RX 0x318 [8] 0D 26 0D 25 0D 25 0D 25 
BAT RX 0x317 [8] 0D 38 0D 36 0D 36 0D 35 
BAT RX 0x316 [8] 0D 2D 0D 2D 0D 2D 0D 27 
BAT RX 0x315 [8] 0D 32 0D 32 0D 31 0D 31 
BAT RX 0x314 [8] 5B 54 5B 54 00 13 05 44 
BAT RX 0x313 [8] 15 18 00 00 00 FE 64 63 
BAT RX 0x312 [8] 00 00 00 00 02 02 00 00 
BAT RX 0x311 [8] 02 38 00 00 00 00 01 00 
[keepalive] twai_transmit() -> ESP_OK
[679s] OK V=54.00V I=+0.0A T=25.4C SOC=100% SOH=99% | CVL=56.8V CCL=0.0A DCL=0.0A | chg=0 dis=0 fc1=0 fc2=0 | prot=0000 warn=0000 | packs=2 | inv0x305=no
BAT RX 0x330 [8] 02 0D 02 01 0D 38 0D 25 
BAT RX 0x329 [8] 02 00 1A 25 02 00 40 D1 
BAT RX 0x323 [8] 20 0E 10 00 04 00 00 00 
BAT RX 0x324 [8] 01 39 35 32 32 30 36 32 
BAT RX 0x322 [8] 01 14 00 E8 03 01 64 64 
BAT RX 0x320 [8] 50 41 C3 85 85 00 00 00 
BAT RX 0x319 [8] 00 0D 38 0D 25 1D 11 01 
BAT RX 0x318 [8] 0D 26 0D 25 0D 25 0D 25 
BAT RX 0x317 [8] 0D 38 0D 36 0D 35 0D 35 
BAT RX 0x316 [8] 0D 2D 0D 2D 0D 2C 0D 26 
BAT RX 0x315 [8] 0D 32 0D 32 0D 31 0D 31 
BAT RX 0x314 [8] 5B 54 5B 54 00 13 05 44 
BAT RX 0x313 [8] 15 18 00 00 00 FE 64 63 
BAT RX 0x312 [8] 00 00 00 00 02 02 00 00 
BAT RX 0x311 [8] 02 38 00 00 00 00 01 00 
[keepalive] twai_transmit() -> ESP_OK
BAT RX 0x330 [8] 02 0D 02 01 0D 38 0D 25 
BAT RX 0x329 [8] 01 00 22 9C 01 00 40 35 
BAT RX 0x323 [8] 20 0E 10 00 04 00 00 00 
BAT RX 0x324 [8] 02 43 30 37 00 00 00 00 
BAT RX 0x322 [8] 01 14 00 E8 03 01 64 64 
BAT RX 0x320 [8] 50 41 C3 85 85 00 00 00 
BAT RX 0x319 [8] 00 0D 38 0D 25 1D 11 01 
BAT RX 0x318 [8] 0D 27 0D 26 0D 25 0D 25 
BAT RX 0x317 [8] 0D 38 0D 36 0D 35 0D 35 
BAT RX 0x316 [8] 0D 2D 0D 2D 0D 2C 0D 26 
BAT RX 0x315 [8] 0D 32 0D 31 0D 31 0D 31 
BAT RX 0x314 [8] 5B 54 5B 54 00 13 05 44 
BAT RX 0x313 [8] 15 18 00 00 00 FE 64 63 
BAT RX 0x312 [8] 00 00 00 00 02 02 00 00 
BAT RX 0x311 [8] 02 38 00 00 00 00 01 00 
[keepalive] twai_transmit() -> ESP_OK
[681s] OK V=54.00V I=+0.0A T=25.4C SOC=100% SOH=99% | CVL=56.8V CCL=0.0A DCL=0.0A | chg=0 dis=0 fc1=0 fc2=0 | prot=0000 warn=0000 | packs=2 | inv0x305=no
BAT RX 0x330 [8] 02 0D 02 01 0D 38 0D 25 
BAT RX 0x329 [8] 02 00 1A 25 02 00 40 D1 
BAT RX 0x323 [8] 20 0E 10 00 04 00 00 00 
BAT RX 0x324 [8] 00 02 47 50 4A 30 32 31 
BAT RX 0x322 [8] 01 14 00 E8 03 01 64 64 
BAT RX 0x320 [8] 50 41 C3 85 85 00 00 00 
BAT RX 0x319 [8] 00 0D 38 0D 25 1D 11 01 
BAT RX 0x318 [8] 0D 26 0D 26 0D 25 0D 25 
BAT RX 0x317 [8] 0D 38 0D 37 0D 36 0D 35 
BAT RX 0x316 [8] 0D 2D 0D 2D 0D 2D 0D 26 
BAT RX 0x315 [8] 0D 32 0D 32 0D 31 0D 31 
BAT RX 0x314 [8] 5B 54 5B 54 00 13 05 44 
BAT RX 0x313 [8] 15 18 00 00 00 FE 64 63 
BAT RX 0x312 [8] 00 00 00 00 02 02 00 00 
BAT RX 0x311 [8] 02 38 00 00 00 00 01 00 
[keepalive] twai_transmit() -> ESP_OK
BAT RX 0x330 [8] 02 0D 02 01 0D 38 0D 25 
BAT RX 0x329 [8] 01 00 22 9C 01 00 40 35 
BAT RX 0x323 [8] 20 0E 10 00 04 00 00 00 
BAT RX 0x324 [8] 01 39 35 32 32 30 36 32 
BAT RX 0x322 [8] 01 14 00 E8 03 01 64 64 
BAT RX 0x320 [8] 50 41 C3 85 85 00 00 00 
BAT RX 0x319 [8] 00 0D 38 0D 25 1D 11 01 
BAT RX 0x318 [8] 0D 27 0D 25 0D 25 0D 25 
BAT RX 0x317 [8] 0D 38 0D 36 0D 35 0D 34 
BAT RX 0x316 [8] 0D 2D 0D 2D 0D 2C 0D 27 
BAT RX 0x315 [8] 0D 32 0D 32 0D 31 0D 31 
BAT RX 0x314 [8] 5B 54 5B 54 00 13 05 44 
BAT RX 0x313 [8] 15 18 00 00 00 FE 64 63 
BAT RX 0x312 [8] 00 00 00 00 02 02 00 00 
BAT RX 0x311 [8] 02 38 00 00 00 00 01 00 
[keepalive] twai_transmit() -> ESP_OK
[683s] OK V=54.00V I=+0.0A T=25.4C SOC=100% SOH=99% | CVL=56.8V CCL=0.0A DCL=0.0A | chg=0 dis=0 fc1=0 fc2=0 | prot=0000 warn=0000 | packs=2 | inv0x305=no
BAT RX 0x330 [8] 02 0D 02 0F 0D 39 0D 24 
BAT RX 0x329 [8] 02 00 1A 25 02 00 40 D1 
BAT RX 0x323 [8] 20 0E 10 00 04 00 00 00 
BAT RX 0x324 [8] 02 42 42 37 00 00 00 00 
BAT RX 0x322 [8] 01 14 00 E8 03 01 64 64 
BAT RX 0x320 [8] 50 41 C3 85 85 00 00 00 
BAT RX 0x319 [8] 00 0D 39 0D 24 1D 1F 01 
BAT RX 0x318 [8] 0D 26 0D 25 0D 25 0D 24 
BAT RX 0x317 [8] 0D 39 0D 36 0D 35 0D 34 
BAT RX 0x316 [8] 0D 2D 0D 2D 0D 2C 0D 27 
BAT RX 0x315 [8] 0D 32 0D 32 0D 32 0D 31 
BAT RX 0x314 [8] 5B 54 5B 54 00 15 05 44 
BAT RX 0x313 [8] 15 18 00 00 00 FE 64 63 
BAT RX 0x312 [8] 00 00 00 00 02 02 00 00 
BAT RX 0x311 [8] 02 38 00 00 00 00 01 00 
[keepalive] twai_transmit() -> ESP_OK
BAT RX 0x330 [8] 02 0D 02 01 0D 38 0D 24 
BAT RX 0x329 [8] 01 00 22 9C 01 00 40 35 
BAT RX 0x323 [8] 20 0E 10 00 04 00 00 00 
BAT RX 0x324 [8] 00 01 47 50 4A 30 32 31 
BAT RX 0x322 [8] 01 14 00 E8 03 01 64 64 
BAT RX 0x320 [8] 50 41 C3 85 85 00 00 00 
BAT RX 0x319 [8] 00 0D 38 0D 24 1D 11 01 
BAT RX 0x318 [8] 0D 26 0D 25 0D 25 0D 24 
BAT RX 0x317 [8] 0D 38 0D 36 0D 35 0D 35 
BAT RX 0x316 [8] 0D 2D 0D 2D 0D 2C 0D 27 
BAT RX 0x315 [8] 0D 32 0D 31 0D 31 0D 31 
BAT RX 0x314 [8] 5B 54 5B 54 00 14 05 44 
BAT RX 0x313 [8] 15 18 00 00 00 FE 64 63 
BAT RX 0x312 [8] 00 00 00 00 02 02 00 00 
BAT RX 0x311 [8] 02 38 00 00 00 00 01 00 
[keepalive] twai_transmit() -> ESP_OK
[685s] OK V=54.00V I=+0.0A T=25.4C SOC=100% SOH=99% | CVL=56.8V CCL=0.0A DCL=0.0A | chg=0 dis=0 fc1=0 fc2=0 | prot=0000 warn=0000 | packs=2 | inv0x305=no
BAT RX 0x330 [8] 02 0D 02 01 0D 38 0D 25 
BAT RX 0x329 [8] 02 00 1A 25 02 00 40 D1 
BAT RX 0x323 [8] 20 0E 10 00 04 00 00 00 
BAT RX 0x324 [8] 01 39 35 32 32 30 36 32 
BAT RX 0x322 [8] 01 14 00 E8 03 01 64 64 
BAT RX 0x320 [8] 50 41 C3 85 85 00 00 00 
BAT RX 0x319 [8] 00 0D 38 0D 25 1D 11 01 
BAT RX 0x318 [8] 0D 27 0D 25 0D 25 0D 25 
BAT RX 0x317 [8] 0D 38 0D 37 0D 35 0D 35 
BAT RX 0x316 [8] 0D 2D 0D 2D 0D 2C 0D 26 
BAT RX 0x315 [8] 0D 32 0D 31 0D 31 0D 31 
BAT RX 0x314 [8] 5B 54 5B 54 00 13 05 44 
BAT RX 0x313 [8] 15 18 00 00 00 FE 64 63 
BAT RX 0x312 [8] 00 00 00 00 02 02 00 00 
BAT RX 0x311 [8] 02 38 00 00 00 00 01 00 
[keepalive] twai_transmit() -> ESP_OK
BAT RX 0x330 [8] 02 0D 02 0F 0D 38 0D 24 
BAT RX 0x329 [8] 01 00 22 9C 01 00 40 35 
BAT RX 0x323 [8] 20 0E 10 00 04 00 00 00 
BAT RX 0x324 [8] 02 43 30 37 00 00 00 00 
BAT RX 0x322 [8] 01 14 00 E8 03 01 64 64 
BAT RX 0x320 [8] 50 41 C3 85 85 00 00 00 
BAT RX 0x319 [8] 00 0D 38 0D 24 1D 1F 01 
BAT RX 0x318 [8] 0D 27 0D 25 0D 25 0D 24 
BAT RX 0x317 [8] 0D 38 0D 36 0D 35 0D 35 
BAT RX 0x316 [8] 0D 2D 0D 2D 0D 2C 0D 27 
BAT RX 0x315 [8] 0D 32 0D 32 0D 31 0D 31 
BAT RX 0x314 [8] 5B 54 5B 54 00 14 05 44 
BAT RX 0x313 [8] 15 18 00 00 00 FE 64 63 
BAT RX 0x312 [8] 00 00 00 00 02 02 00 00 
BAT RX 0x311 [8] 02 38 00 00 00 00 01 00 
[keepalive] twai_transmit() -> ESP_OK
[687s] OK V=54.00V I=+0.0A T=25.4C SOC=100% SOH=99% | CVL=56.8V CCL=0.0A DCL=0.0A | chg=0 dis=0 fc1=0 fc2=0 | prot=0000 warn=0000 | packs=2 | inv0x305=no
BAT RX 0x330 [8] 02 0D 02 01 0D 38 0D 25 
BAT RX 0x329 [8] 02 00 1A 25 02 00 40 D1 
BAT RX 0x323 [8] 20 0E 10 00 04 00 00 00 
BAT RX 0x324 [8] 00 02 47 50 4A 30 32 31 
BAT RX 0x322 [8] 01 14 00 E8 03 01 64 64 
BAT RX 0x320 [8] 50 41 C3 85 85 00 00 00 
BAT RX 0x319 [8] 00 0D 38 0D 25 1D 11 01 
BAT RX 0x318 [8] 0D 26 0D 25 0D 25 0D 25 
BAT RX 0x317 [8] 0D 38 0D 36 0D 35 0D 35 
BAT RX 0x316 [8] 0D 2D 0D 2D 0D 2C 0D 26 
BAT RX 0x315 [8] 0D 32 0D 31 0D 31 0D 31 
BAT RX 0x314 [8] 5B 54 5B 54 00 13 05 44 
BAT RX 0x313 [8] 15 18 00 00 00 FE 64 63 
BAT RX 0x312 [8] 00 00 00 00 02 02 00 00 
BAT RX 0x311 [8] 02 38 00 00 00 00 01 00 
[keepalive] twai_transmit() -> ESP_OK
BAT RX 0x330 [8] 02 0D 02 01 0D 38 0D 25 
BAT RX 0x329 [8] 01 00 22 9C 01 00 40 35 
BAT RX 0x323 [8] 20 0E 10 00 04 00 00 00 
BAT RX 0x324 [8] 01 39 35 32 32 30 36 32 
BAT RX 0x322 [8] 01 14 00 E8 03 01 64 64 
BAT RX 0x320 [8] 50 41 C3 85 85 00 00 00 
BAT RX 0x319 [8] 00 0D 38 0D 25 1D 11 01 
BAT RX 0x318 [8] 0D 26 0D 25 0D 25 0D 25 
BAT RX 0x317 [8] 0D 38 0D 36 0D 35 0D 34 
BAT RX 0x316 [8] 0D 2E 0D 2D 0D 2C 0D 27 
BAT RX 0x315 [8] 0D 32 0D 31 0D 31 0D 31 
BAT RX 0x314 [8] 5B 54 5B 54 00 13 05 44 
BAT RX 0x313 [8] 15 18 00 00 00 FE 64 63 
BAT RX 0x312 [8] 00 00 00 00 02 02 00 00 
BAT RX 0x311 [8] 02 38 00 00 00 00 01 00 
[keepalive] twai_transmit() -> ESP_OK
[689s] OK V=54.00V I=+0.0A T=25.4C SOC=100% SOH=99% | CVL=56.8V CCL=0.0A DCL=0.0A | chg=0 dis=0 fc1=0 fc2=0 | prot=0000 warn=0000 | packs=2 | inv0x305=no
BAT RX 0x330 [8] 02 0D 02 0F 0D 38 0D 24 
BAT RX 0x329 [8] 02 00 1A 25 02 00 40 D1 
BAT RX 0x323 [8] 20 0E 10 00 04 00 00 00 
BAT RX 0x324 [8] 02 42 42 37 00 00 00 00 
BAT RX 0x322 [8] 01 14 00 E8 03 01 64 64 
BAT RX 0x320 [8] 50 41 C3 85 85 00 00 00 
BAT RX 0x319 [8] 00 0D 38 0D 24 1D 1F 01 
BAT RX 0x318 [8] 0D 26 0D 25 0D 25 0D 24 
BAT RX 0x317 [8] 0D 38 0D 36 0D 35 0D 34 
BAT RX 0x316 [8] 0D 2D 0D 2D 0D 2D 0D 26 
BAT RX 0x315 [8] 0D 32 0D 32 0D 31 0D 31 
BAT RX 0x314 [8] 5B 54 5B 54 00 14 05 44 
BAT RX 0x313 [8] 15 18 00 00 00 FE 64 63 
BAT RX 0x312 [8] 00 00 00 00 02 02 00 00 
BAT RX 0x311 [8] 02 38 00 00 00 00 01 00 

---- battery-bus rate stats (VERBOSE_STATS) ----------------------------
  9611 frames, 690 s elapsed
  ID     count   period(ms)  (min-max gap)
  0x312     641    997 (7-1000)
  0x313     641    997 (3-1000)
  0x314     641    997 (4-1000)
  0x315     641    997 (4-1000)
  0x316     641    997 (3-1000)
  0x317     641    997 (3-1000)
  0x318     641    997 (4-1000)
  0x319     641    997 (4-1000)
  0x320     641    997 (4-1000)
  0x322     641    997 (4-1000)
  0x311     641    997 (4-1000)
  0x323     640    998 (767-1000)
  0x324     640    998 (768-1000)
  0x329     640    998 (757-1002)
  0x330     640    998 (746-1000)
--------------------------------------------------------------------------

  TWAI: state=RUNNING  tx_err=0 rx_err=0  tx_failed=0  rx_missed=0 rx_overrun=0  arb_lost=0  bus_err=190881
[keepalive] twai_transmit() -> ESP_OK
BAT RX 0x330 [8] 02 0D 02 01 0D 38 0D 25 
BAT RX 0x329 [8] 01 00 22 9C 01 00 40 35 
BAT RX 0x323 [8] 20 0E 10 00 04 00 00 00 
BAT RX 0x324 [8] 00 01 47 50 4A 30 32 31 
BAT RX 0x322 [8] 01 14 00 E8 03 01 64 64 
BAT RX 0x320 [8] 50 41 C3 85 85 00 00 00 
BAT RX 0x319 [8] 00 0D 38 0D 25 1D 11 01 
BAT RX 0x318 [8] 0D 26 0D 25 0D 25 0D 25 
BAT RX 0x317 [8] 0D 38 0D 36 0D 36 0D 34 
BAT RX 0x316 [8] 0D 2D 0D 2C 0D 2C 0D 26 
BAT RX 0x315 [8] 0D 31 0D 31 0D 31 0D 31 
BAT RX 0x314 [8] 5B 54 5B 54 00 13 05 44 
BAT RX 0x313 [8] 15 18 00 00 00 FE 64 63 
BAT RX 0x312 [8] 00 00 00 00 02 02 00 00 
BAT RX 0x311 [8] 02 38 00 00 00 00 01 00 
[keepalive] twai_transmit() -> ESP_OK
[691s] OK V=54.00V I=+0.0A T=25.4C SOC=100% SOH=99% | CVL=56.8V CCL=0.0A DCL=0.0A | chg=0 dis=0 fc1=0 fc2=0 | prot=0000 warn=0000 | packs=2 | inv0x305=no
BAT RX 0x330 [8] 02 0D 02 0F 0D 38 0D 24 
BAT RX 0x329 [8] 02 00 1A 25 02 00 40 D1 
BAT RX 0x323 [8] 20 0E 10 00 04 00 00 00 
BAT RX 0x324 [8] 01 39 35 32 32 30 36 32 
BAT RX 0x322 [8] 01 14 00 E8 03 01 64 64 
BAT RX 0x320 [8] 50 41 C3 85 85 00 00 00 
BAT RX 0x319 [8] 00 0D 38 0D 24 1D 1F 01 
BAT RX 0x318 [8] 0D 26 0D 25 0D 25 0D 24 
BAT RX 0x317 [8] 0D 38 0D 36 0D 36 0D 35 
BAT RX 0x316 [8] 0D 2E 0D 2D 0D 2C 0D 26 
BAT RX 0x315 [8] 0D 31 0D 31 0D 31 0D 31 
BAT RX 0x314 [8] 5B 54 5B 54 00 14 05 44 
BAT RX 0x313 [8] 15 18 00 00 00 FE 64 63 
BAT RX 0x312 [8] 00 00 00 00 02 02 00 00 
BAT RX 0x311 [8] 02 38 00 00 00 00 01 00 
[keepalive] twai_transmit() -> ESP_OK
BAT RX 0x330 [8] 02 0D 02 01 0D 38 0D 25 
BAT RX 0x329 [8] 01 00 22 9C 01 00 40 35 
BAT RX 0x323 [8] 20 0E 10 00 04 00 00 00 
BAT RX 0x324 [8] 02 43 30 37 00 00 00 00 
BAT RX 0x322 [8] 01 14 00 E8 03 01 64 64 
BAT RX 0x320 [8] 50 41 C3 85 85 00 00 00 
BAT RX 0x319 [8] 00 0D 38 0D 25 1D 11 01 
BAT RX 0x318 [8] 0D 26 0D 25 0D 25 0D 25 
BAT RX 0x317 [8] 0D 38 0D 36 0D 35 0D 34 
BAT RX 0x316 [8] 0D 2D 0D 2D 0D 2C 0D 27 
BAT RX 0x315 [8] 0D 31 0D 31 0D 31 0D 31 
BAT RX 0x314 [8] 5B 54 5B 54 00 13 05 44 
BAT RX 0x313 [8] 15 18 00 00 00 FE 64 63 
BAT RX 0x312 [8] 00 00 00 00 02 02 00 00 
BAT RX 0x311 [8] 02 38 00 00 00 00 01 00 
[keepalive] twai_transmit() -> ESP_OK
[693s] OK V=54.00V I=+0.0A T=25.4C SOC=100% SOH=99% | CVL=56.8V CCL=0.0A DCL=0.0A | chg=0 dis=0 fc1=0 fc2=0 | prot=0000 warn=0000 | packs=2 | inv0x305=no
BAT RX 0x330 [8] 02 0D 02 0F 0D 38 0D 24 
BAT RX 0x329 [8] 02 00 1A 25 02 00 40 D1 
BAT RX 0x323 [8] 20 0E 10 00 04 00 00 00 
BAT RX 0x324 [8] 00 02 47 50 4A 30 32 31 
BAT RX 0x322 [8] 01 14 00 E8 03 01 64 64 
BAT RX 0x320 [8] 50 41 C3 85 85 00 00 00 
BAT RX 0x319 [8] 00 0D 38 0D 24 1D 1F 01 
BAT RX 0x318 [8] 0D 26 0D 25 0D 25 0D 24 
BAT RX 0x317 [8] 0D 38 0D 36 0D 35 0D 34 
BAT RX 0x316 [8] 0D 2D 0D 2D 0D 2C 0D 26 
BAT RX 0x315 [8] 0D 32 0D 31 0D 31 0D 31 
BAT RX 0x314 [8] 5B 54 5B 54 00 14 05 44 
BAT RX 0x313 [8] 15 18 00 00 00 FE 64 63 
BAT RX 0x312 [8] 00 00 00 00 02 02 00 00 
BAT RX 0x311 [8] 02 38 00 00 00 00 01 00 
[keepalive] twai_transmit() -> ESP_OK
BAT RX 0x330 [8] 02 0D 02 01 0D 38 0D 25 
BAT RX 0x329 [8] 01 00 22 9C 01 00 40 35 
BAT RX 0x323 [8] 20 0E 10 00 04 00 00 00 
BAT RX 0x324 [8] 01 39 35 32 32 30 36 32 
BAT RX 0x322 [8] 01 14 00 E8 03 01 64 64 
BAT RX 0x320 [8] 50 41 C3 85 85 00 00 00 
BAT RX 0x319 [8] 00 0D 38 0D 25 1D 11 01 
BAT RX 0x318 [8] 0D 26 0D 25 0D 25 0D 25 
BAT RX 0x317 [8] 0D 38 0D 36 0D 35 0D 35 
BAT RX 0x316 [8] 0D 2D 0D 2D 0D 2C 0D 26 
BAT RX 0x315 [8] 0D 32 0D 31 0D 31 0D 31 
BAT RX 0x314 [8] 5B 54 5B 54 00 13 05 44 
BAT RX 0x313 [8] 15 18 00 00 00 FE 64 63 
BAT RX 0x312 [8] 00 00 00 00 02 02 00 00 
BAT RX 0x311 [8] 02 38 00 00 00 00 01 00 
[keepalive] twai_transmit() -> ESP_OK
[695s] OK V=54.00V I=+0.0A T=25.4C SOC=100% SOH=99% | CVL=56.8V CCL=0.0A DCL=0.0A | chg=0 dis=0 fc1=0 fc2=0 | prot=0000 warn=0000 | packs=2 | inv0x305=no
BAT RX 0x330 [8] 02 0D 02 0F 0D 38 0D 24 
BAT RX 0x329 [8] 02 00 1A 25 02 00 40 D1 
BAT RX 0x323 [8] 20 0E 10 00 04 00 00 00 
BAT RX 0x324 [8] 02 42 42 37 00 00 00 00 
BAT RX 0x322 [8] 01 14 00 E8 03 01 64 64 
BAT RX 0x320 [8] 50 41 C3 85 85 00 00 00 
BAT RX 0x319 [8] 00 0D 38 0D 24 1D 1F 01 
BAT RX 0x318 [8] 0D 26 0D 25 0D 25 0D 24 
BAT RX 0x317 [8] 0D 38 0D 36 0D 35 0D 34 
BAT RX 0x316 [8] 0D 2D 0D 2D 0D 2C 0D 26 
BAT RX 0x315 [8] 0D 31 0D 31 0D 31 0D 31 
BAT RX 0x314 [8] 5B 54 5B 54 00 14 05 44 
BAT RX 0x313 [8] 15 18 00 00 00 FE 64 63 
BAT RX 0x312 [8] 00 00 00 00 02 02 00 00 
BAT RX 0x311 [8] 02 38 00 00 00 00 01 00 
[keepalive] twai_transmit() -> ESP_OK
BAT RX 0x330 [8] 02 0D 02 01 0D 38 0D 24 
BAT RX 0x329 [8] 01 00 22 9C 01 00 40 35 
BAT RX 0x323 [8] 20 0E 10 00 04 00 00 00 
BAT RX 0x324 [8] 00 01 47 50 4A 30 32 31 
BAT RX 0x322 [8] 01 14 00 E8 03 01 64 64 
BAT RX 0x320 [8] 50 41 C3 85 85 00 00 00 
BAT RX 0x319 [8] 00 0D 38 0D 24 1D 11 01 
BAT RX 0x318 [8] 0D 26 0D 25 0D 25 0D 24 
BAT RX 0x317 [8] 0D 38 0D 36 0D 35 0D 34 
BAT RX 0x316 [8] 0D 2D 0D 2C 0D 2C 0D 27 
BAT RX 0x315 [8] 0D 32 0D 31 0D 31 0D 31 
BAT RX 0x314 [8] 5B 54 5B 54 00 14 05 44 
BAT RX 0x313 [8] 15 18 00 00 00 FE 64 63 
BAT RX 0x312 [8] 00 00 00 00 02 02 00 00 
BAT RX 0x311 [8] 02 38 00 00 00 00 01 00 
[keepalive] twai_transmit() -> ESP_OK
[697s] OK V=54.00V I=+0.0A T=25.4C SOC=100% SOH=99% | CVL=56.8V CCL=0.0A DCL=0.0A | chg=0 dis=0 fc1=0 fc2=0 | prot=0000 warn=0000 | packs=2 | inv0x305=no
BAT RX 0x330 [8] 02 0D 02 0F 0D 38 0D 24 
BAT RX 0x329 [8] 02 00 1A 25 02 00 40 D1 
BAT RX 0x323 [8] 20 0E 10 00 04 00 00 00 
BAT RX 0x324 [8] 01 39 35 32 32 30 36 32 
BAT RX 0x322 [8] 01 14 00 E8 03 01 64 64 
BAT RX 0x320 [8] 50 41 C3 85 85 00 00 00 
BAT RX 0x319 [8] 00 0D 38 0D 24 1D 1F 01 
BAT RX 0x318 [8] 0D 26 0D 25 0D 25 0D 24 
BAT RX 0x317 [8] 0D 38 0D 36 0D 35 0D 34 
BAT RX 0x316 [8] 0D 2D 0D 2D 0D 2C 0D 27 
BAT RX 0x315 [8] 0D 32 0D 32 0D 31 0D 31 
BAT RX 0x314 [8] 5B 54 5B 54 00 14 05 44 
BAT RX 0x313 [8] 15 18 00 00 00 FE 64 63 
BAT RX 0x312 [8] 00 00 00 00 02 02 00 00 
BAT RX 0x311 [8] 02 38 00 00 00 00 01 00 
[keepalive] twai_transmit() -> ESP_OK
BAT RX 0x330 [8] 02 0D 02 0F 0D 38 0D 24 
BAT RX 0x329 [8] 01 00 22 9C 01 00 40 35 
BAT RX 0x323 [8] 20 0E 10 00 04 00 00 00 
BAT RX 0x324 [8] 02 43 30 37 00 00 00 00 
BAT RX 0x322 [8] 01 14 00 E8 03 01 64 64 
BAT RX 0x320 [8] 50 41 C3 85 85 00 00 00 
BAT RX 0x319 [8] 00 0D 38 0D 24 1D 1F 01 
BAT RX 0x318 [8] 0D 26 0D 25 0D 25 0D 24 
BAT RX 0x317 [8] 0D 38 0D 36 0D 35 0D 34 
BAT RX 0x316 [8] 0D 2D 0D 2C 0D 2B 0D 26 
BAT RX 0x315 [8] 0D 32 0D 32 0D 32 0D 31 
BAT RX 0x314 [8] 5B 54 5B 54 00 14 05 44 
BAT RX 0x313 [8] 15 18 00 00 00 FE 64 63 
BAT RX 0x312 [8] 00 00 00 00 02 02 00 00 
BAT RX 0x311 [8] 02 38 00 00 00 00 01 00 
[keepalive] twai_transmit() -> ESP_OK
[699s] OK V=54.00V I=+0.0A T=25.4C SOC=100% SOH=99% | CVL=56.8V CCL=0.0A DCL=0.0A | chg=0 dis=0 fc1=0 fc2=0 | prot=0000 warn=0000 | packs=2 | inv0x305=no
BAT RX 0x330 [8] 02 0D 02 0F 0D 38 0D 24 
BAT RX 0x329 [8] 02 00 1A 25 02 00 40 D1 
BAT RX 0x323 [8] 20 0E 10 00 04 00 00 00 
BAT RX 0x324 [8] 00 02 47 50 4A 30 32 31 
BAT RX 0x322 [8] 01 14 00 E8 03 01 64 64 
BAT RX 0x320 [8] 50 41 C3 85 85 00 00 00 
BAT RX 0x319 [8] 00 0D 38 0D 24 1D 1F 01 
BAT RX 0x318 [8] 0D 26 0D 25 0D 25 0D 24 
BAT RX 0x317 [8] 0D 38 0D 36 0D 35 0D 34 
BAT RX 0x316 [8] 0D 2D 0D 2D 0D 2C 0D 26 
BAT RX 0x315 [8] 0D 32 0D 31 0D 31 0D 31 
BAT RX 0x314 [8] 5B 54 5B 54 00 14 05 44 
BAT RX 0x313 [8] 15 18 00 00 00 FE 64 63 
BAT RX 0x312 [8] 00 00 00 00 02 02 00 00 
BAT RX 0x311 [8] 02 38 00 00 00 00 01 00 
[keepalive] twai_transmit() -> ESP_OK
BAT RX 0x330 [8] 02 0D 02 0F 0D 38 0D 24 
BAT RX 0x329 [8] 01 00 22 9C 01 00 40 35 
BAT RX 0x323 [8] 20 0E 10 00 04 00 00 00 
BAT RX 0x324 [8] 01 39 35 32 32 30 36 32 
BAT RX 0x322 [8] 01 14 00 E8 03 01 64 64 
BAT RX 0x320 [8] 50 41 C3 85 85 00 00 00 
BAT RX 0x319 [8] 00 0D 38 0D 24 1D 1F 01 
BAT RX 0x318 [8] 0D 27 0D 25 0D 25 0D 24 
BAT RX 0x317 [8] 0D 38 0D 36 0D 35 0D 34 
BAT RX 0x316 [8] 0D 2C 0D 2C 0D 2C 0D 26 
BAT RX 0x315 [8] 0D 32 0D 31 0D 31 0D 31 
BAT RX 0x314 [8] 5B 54 5B 54 00 14 05 44 
BAT RX 0x313 [8] 15 18 00 00 00 FE 64 63 
BAT RX 0x312 [8] 00 00 00 00 02 02 00 00 
BAT RX 0x311 [8] 02 38 00 00 00 00 01 00 
[keepalive] twai_transmit() -> ESP_OK
[701s] OK V=54.00V I=+0.0A T=25.4C SOC=100% SOH=99% | CVL=56.8V CCL=0.0A DCL=0.0A | chg=0 dis=0 fc1=0 fc2=0 | prot=0000 warn=0000 | packs=2 | inv0x305=no
BAT RX 0x330 [8] 02 0D 02 0F 0D 38 0D 24 
BAT RX 0x329 [8] 02 00 1A 25 02 00 40 D1 
BAT RX 0x323 [8] 20 0E 10 00 04 00 00 00 
BAT RX 0x324 [8] 02 42 42 37 00 00 00 00 
BAT RX 0x322 [8] 01 14 00 E8 03 01 64 64 
BAT RX 0x320 [8] 50 41 C3 85 85 00 00 00 
BAT RX 0x319 [8] 00 0D 38 0D 24 1D 1F 01 
BAT RX 0x318 [8] 0D 26 0D 25 0D 25 0D 24 
BAT RX 0x317 [8] 0D 38 0D 36 0D 35 0D 34 
BAT RX 0x316 [8] 0D 2D 0D 2C 0D 2C 0D 26 
BAT RX 0x315 [8] 0D 31 0D 31 0D 31 0D 31 
BAT RX 0x314 [8] 5B 54 5B 54 00 14 05 44 
BAT RX 0x313 [8] 15 18 00 00 00 FE 64 63 
BAT RX 0x312 [8] 00 00 00 00 02 02 00 00 
BAT RX 0x311 [8] 02 38 00 00 00 00 01 00 
[keepalive] twai_transmit() -> ESP_OK
BAT RX 0x330 [8] 02 0D 02 01 0D 38 0D 25 
BAT RX 0x329 [8] 01 00 22 9C 01 00 40 35 
BAT RX 0x323 [8] 20 0E 10 00 04 00 00 00 
BAT RX 0x324 [8] 00 01 47 50 4A 30 32 31 
BAT RX 0x322 [8] 01 14 00 E8 03 01 64 64 
BAT RX 0x320 [8] 50 41 C3 85 85 00 00 00 
BAT RX 0x319 [8] 00 0D 38 0D 25 1D 11 01 
BAT RX 0x318 [8] 0D 27 0D 25 0D 25 0D 25 
BAT RX 0x317 [8] 0D 38 0D 36 0D 35 0D 34 
BAT RX 0x316 [8] 0D 2D 0D 2D 0D 2C 0D 26 
BAT RX 0x315 [8] 0D 31 0D 31 0D 31 0D 31 
BAT RX 0x314 [8] 5B 54 5B 54 00 13 05 44 
BAT RX 0x313 [8] 15 18 00 00 00 FE 64 63 
BAT RX 0x312 [8] 00 00 00 00 02 02 00 00 
BAT RX 0x311 [8] 02 38 00 00 00 00 01 00 
[keepalive] twai_transmit() -> ESP_OK
[703s] OK V=54.00V I=+0.0A T=25.4C SOC=100% SOH=99% | CVL=56.8V CCL=0.0A DCL=0.0A | chg=0 dis=0 fc1=0 fc2=0 | prot=0000 warn=0000 | packs=2 | inv0x305=no
BAT RX 0x330 [8] 02 0D 02 0F 0D 38 0D 24 
BAT RX 0x329 [8] 02 00 1A 25 02 00 40 D1 
BAT RX 0x323 [8] 20 0E 10 00 04 00 00 00 
BAT RX 0x324 [8] 01 39 35 32 32 30 36 32 
BAT RX 0x322 [8] 01 14 00 E8 03 01 64 64 
BAT RX 0x320 [8] 50 41 C3 85 85 00 00 00 
BAT RX 0x319 [8] 00 0D 38 0D 24 1D 1F 01 
BAT RX 0x318 [8] 0D 26 0D 25 0D 25 0D 24 
BAT RX 0x317 [8] 0D 38 0D 36 0D 35 0D 34 
BAT RX 0x316 [8] 0D 2D 0D 2C 0D 2C 0D 26 
BAT RX 0x315 [8] 0D 31 0D 31 0D 31 0D 31 
BAT RX 0x314 [8] 5B 54 5B 54 00 14 05 44 
BAT RX 0x313 [8] 15 18 00 00 00 FE 64 63 
BAT RX 0x312 [8] 00 00 00 00 02 02 00 00 
BAT RX 0x311 [8] 02 38 00 00 00 00 01 00 
[keepalive] twai_transmit() -> ESP_OK
BAT RX 0x330 [8] 02 0D 02 01 0D 37 0D 24 
BAT RX 0x329 [8] 01 00 22 9C 01 00 40 35 
BAT RX 0x323 [8] 20 0E 10 00 04 00 00 00 
BAT RX 0x324 [8] 02 43 30 37 00 00 00 00 
BAT RX 0x322 [8] 01 14 00 E8 03 01 64 64 
BAT RX 0x320 [8] 50 41 C3 85 85 00 00 00 
BAT RX 0x319 [8] 00 0D 37 0D 24 1D 11 01 
BAT RX 0x318 [8] 0D 26 0D 25 0D 25 0D 24 
BAT RX 0x317 [8] 0D 37 0D 36 0D 35 0D 34 
BAT RX 0x316 [8] 0D 2D 0D 2D 0D 2C 0D 26 
BAT RX 0x315 [8] 0D 31 0D 31 0D 31 0D 31 
BAT RX 0x314 [8] 5B 54 5B 54 00 13 05 44 
BAT RX 0x313 [8] 15 18 00 00 00 FE 64 63 
BAT RX 0x312 [8] 00 00 00 00 02 02 00 00 
BAT RX 0x311 [8] 02 38 00 00 00 00 01 00 

---- battery-bus rate stats (VERBOSE_STATS) ----------------------------
  9836 frames, 705 s elapsed
  ID     count   period(ms)  (min-max gap)
  0x312     656    997 (7-1000)
  0x313     656    997 (3-1000)
  0x314     656    997 (4-1000)
  0x315     656    997 (4-1000)
  0x316     656    997 (3-1000)
  0x317     656    997 (3-1000)
  0x318     656    997 (4-1000)
  0x319     656    997 (4-1000)
  0x320     656    997 (4-1000)
  0x322     656    997 (4-1000)
  0x311     656    997 (4-1000)
  0x323     655    998 (767-1000)
  0x324     655    998 (768-1000)
  0x329     655    998 (757-1002)
  0x330     655    998 (746-1000)
--------------------------------------------------------------------------

  TWAI: state=RUNNING  tx_err=0 rx_err=0  tx_failed=0  rx_missed=0 rx_overrun=0  arb_lost=0  bus_err=190881
[keepalive] twai_transmit() -> ESP_OK
[705s] OK V=54.00V I=+0.0A T=25.4C SOC=100% SOH=99% | CVL=56.8V CCL=0.0A DCL=0.0A | chg=0 dis=0 fc1=0 fc2=0 | prot=0000 warn=0000 | packs=2 | inv0x305=no
BAT RX 0x330 [8] 02 0D 02 0E 0D 38 0D 24 
BAT RX 0x329 [8] 02 00 1A 25 02 00 40 D1 
BAT RX 0x323 [8] 20 0E 10 00 04 00 00 00 
BAT RX 0x324 [8] 00 02 47 50 4A 30 32 31 
BAT RX 0x322 [8] 01 14 00 E8 03 01 64 64 
BAT RX 0x320 [8] 50 41 C3 85 85 00 00 00 
BAT RX 0x319 [8] 00 0D 38 0D 24 1D 1E 01 
BAT RX 0x318 [8] 0D 26 0D 25 0D 25 0D 24 
BAT RX 0x317 [8] 0D 38 0D 36 0D 35 0D 34 
BAT RX 0x316 [8] 0D 2D 0D 2D 0D 2C 0D 26 
BAT RX 0x315 [8] 0D 32 0D 31 0D 30 0D 30 
BAT RX 0x314 [8] 5B 54 5B 54 00 14 05 44 
BAT RX 0x313 [8] 15 18 00 00 00 FE 64 63 
BAT RX 0x312 [8] 00 00 00 00 02 02 00 00 
BAT RX 0x311 [8] 02 38 00 00 00 00 01 00 
[keepalive] twai_transmit() -> ESP_OK
BAT RX 0x330 [8] 02 0D 02 0E 0D 38 0D 24 
BAT RX 0x329 [8] 01 00 22 9C 01 00 40 35 
BAT RX 0x323 [8] 20 0E 10 00 04 00 00 00 
BAT RX 0x324 [8] 01 39 35 32 32 30 36 32 
BAT RX 0x322 [8] 01 14 00 E8 03 01 64 64 
BAT RX 0x320 [8] 50 41 C3 85 85 00 00 00 
BAT RX 0x319 [8] 00 0D 38 0D 24 1D 1E 01 
BAT RX 0x318 [8] 0D 25 0D 25 0D 25 0D 24 
BAT RX 0x317 [8] 0D 38 0D 36 0D 35 0D 34 
BAT RX 0x316 [8] 0D 2E 0D 2D 0D 2B 0D 26 
BAT RX 0x315 [8] 0D 31 0D 31 0D 31 0D 30 
BAT RX 0x314 [8] 5B 54 5B 54 00 14 05 44 
BAT RX 0x313 [8] 15 18 00 00 00 FE 64 63 
BAT RX 0x312 [8] 00 00 00 00 02 02 00 00 
BAT RX 0x311 [8] 02 38 00 00 00 00 01 00 
[keepalive] twai_transmit() -> ESP_OK
[707s] OK V=54.00V I=+0.0A T=25.4C SOC=100% SOH=99% | CVL=56.8V CCL=0.0A DCL=0.0A | chg=0 dis=0 fc1=0 fc2=0 | prot=0000 warn=0000 | packs=2 | inv0x305=no
BAT RX 0x330 [8] 02 0D 02 0F 0D 38 0D 24 
BAT RX 0x329 [8] 02 00 1A 25 02 00 40 D1 
BAT RX 0x323 [8] 20 0E 10 00 04 00 00 00 
BAT RX 0x324 [8] 02 42 42 37 00 00 00 00 
BAT RX 0x322 [8] 01 14 00 E8 03 01 64 64 
BAT RX 0x320 [8] 50 41 C3 85 85 00 00 00 
BAT RX 0x319 [8] 00 0D 38 0D 24 1D 1F 01 
BAT RX 0x318 [8] 0D 26 0D 25 0D 25 0D 24 
BAT RX 0x317 [8] 0D 38 0D 36 0D 35 0D 34 
BAT RX 0x316 [8] 0D 2D 0D 2C 0D 2C 0D 26 
BAT RX 0x315 [8] 0D 32 0D 32 0D 31 0D 31 
BAT RX 0x314 [8] 5B 54 5B 54 00 14 05 44 
BAT RX 0x313 [8] 15 18 00 00 00 FE 64 63 
BAT RX 0x312 [8] 00 00 00 00 02 02 00 00 
BAT RX 0x311 [8] 02 38 00 00 00 00 01 00 
[keepalive] twai_transmit() -> ESP_OK
BAT RX 0x330 [8] 02 0D 02 01 0D 38 0D 24 
BAT RX 0x329 [8] 01 00 22 9C 01 00 40 35 
BAT RX 0x323 [8] 20 0E 10 00 04 00 00 00 
BAT RX 0x324 [8] 00 01 47 50 4A 30 32 31 
BAT RX 0x322 [8] 01 14 00 E8 03 01 64 64 
BAT RX 0x320 [8] 50 41 C3 85 85 00 00 00 
BAT RX 0x319 [8] 00 0D 38 0D 24 1D 11 01 
BAT RX 0x318 [8] 0D 26 0D 25 0D 25 0D 24 
BAT RX 0x317 [8] 0D 38 0D 36 0D 35 0D 33 
BAT RX 0x316 [8] 0D 2D 0D 2D 0D 2C 0D 26 
BAT RX 0x315 [8] 0D 31 0D 31 0D 31 0D 31 
BAT RX 0x314 [8] 5B 54 5B 54 00 14 05 44 
BAT RX 0x313 [8] 15 18 00 00 00 FE 64 63 
BAT RX 0x312 [8] 00 00 00 00 02 02 00 00 
BAT RX 0x311 [8] 02 38 00 00 00 00 01 00 
[keepalive] twai_transmit() -> ESP_OK
[709s] OK V=54.00V I=+0.0A T=25.4C SOC=100% SOH=99% | CVL=56.8V CCL=0.0A DCL=0.0A | chg=0 dis=0 fc1=0 fc2=0 | prot=0000 warn=0000 | packs=2 | inv0x305=no
BAT RX 0x330 [8] 02 0D 02 01 0D 37 0D 24 
BAT RX 0x329 [8] 02 00 1A 25 02 00 40 D1 
BAT RX 0x323 [8] 20 0E 10 00 04 00 00 00 
BAT RX 0x324 [8] 01 39 35 32 32 30 36 32 
BAT RX 0x322 [8] 01 14 00 E8 03 01 64 64 
BAT RX 0x320 [8] 50 41 C3 85 85 00 00 00 
BAT RX 0x319 [8] 00 0D 37 0D 24 1D 11 01 
BAT RX 0x318 [8] 0D 26 0D 25 0D 25 0D 24 
BAT RX 0x317 [8] 0D 37 0D 36 0D 35 0D 34 
BAT RX 0x316 [8] 0D 2D 0D 2C 0D 2C 0D 26 
BAT RX 0x315 [8] 0D 31 0D 31 0D 31 0D 31 
BAT RX 0x314 [8] 5B 54 5B 54 00 13 05 44 
BAT RX 0x313 [8] 15 18 00 00 00 FE 64 63 
BAT RX 0x312 [8] 00 00 00 00 02 02 00 00 
BAT RX 0x311 [8] 02 38 00 00 00 00 01 00 
[keepalive] twai_transmit() -> ESP_OK
BAT RX 0x330 [8] 02 0D 02 0F 0D 38 0D 24 
BAT RX 0x329 [8] 01 00 22 9C 01 00 40 35 
BAT RX 0x323 [8] 20 0E 10 00 04 00 00 00 
BAT RX 0x324 [8] 02 43 30 37 00 00 00 00 
BAT RX 0x322 [8] 01 14 00 E8 03 01 64 64 
BAT RX 0x320 [8] 50 41 C3 85 85 00 00 00 
BAT RX 0x319 [8] 00 0D 38 0D 24 1D 1F 01 
BAT RX 0x318 [8] 0D 26 0D 25 0D 25 0D 24 
BAT RX 0x317 [8] 0D 38 0D 36 0D 34 0D 34 
BAT RX 0x316 [8] 0D 2D 0D 2C 0D 2C 0D 26 
BAT RX 0x315 [8] 0D 32 0D 31 0D 31 0D 31 
BAT RX 0x314 [8] 5B 54 5B 54 00 14 05 44 
BAT RX 0x313 [8] 15 18 00 00 00 FE 64 63 
BAT RX 0x312 [8] 00 00 00 00 02 02 00 00 
BAT RX 0x311 [8] 02 38 00 00 00 00 01 00 
[keepalive] twai_transmit() -> ESP_OK
[711s] OK V=54.00V I=+0.0A T=25.4C SOC=100% SOH=99% | CVL=56.8V CCL=0.0A DCL=0.0A | chg=0 dis=0 fc1=0 fc2=0 | prot=0000 warn=0000 | packs=2 | inv0x305=no
BAT RX 0x330 [8] 02 0D 02 01 0D 38 0D 24 
BAT RX 0x329 [8] 02 00 1A 25 02 00 40 D1 
BAT RX 0x323 [8] 20 0E 10 00 04 00 00 00 
BAT RX 0x324 [8] 00 02 47 50 4A 30 32 31 
BAT RX 0x322 [8] 01 14 00 E8 03 01 64 64 
BAT RX 0x320 [8] 50 41 C3 85 85 00 00 00 
BAT RX 0x319 [8] 00 0D 38 0D 24 1D 11 01 
BAT RX 0x318 [8] 0D 26 0D 25 0D 25 0D 24 
BAT RX 0x317 [8] 0D 38 0D 36 0D 35 0D 34 
BAT RX 0x316 [8] 0D 2D 0D 2C 0D 2C 0D 26 
BAT RX 0x315 [8] 0D 31 0D 31 0D 31 0D 31 
BAT RX 0x314 [8] 5B 54 5B 54 00 14 05 44 
BAT RX 0x313 [8] 15 18 00 00 00 FE 64 63 
BAT RX 0x312 [8] 00 00 00 00 02 02 00 00 
BAT RX 0x311 [8] 02 38 00 00 00 00 01 00 
[keepalive] twai_transmit() -> ESP_OK
BAT RX 0x330 [8] 02 0D 02 01 0D 38 0D 24 
BAT RX 0x329 [8] 01 00 22 9C 01 00 40 35 
BAT RX 0x323 [8] 20 0E 10 00 04 00 00 00 
BAT RX 0x324 [8] 01 39 35 32 32 30 36 32 
BAT RX 0x322 [8] 01 14 00 E8 03 01 64 64 
BAT RX 0x320 [8] 50 41 C3 85 85 00 00 00 
BAT RX 0x319 [8] 00 0D 38 0D 24 1D 11 01 
BAT RX 0x318 [8] 0D 26 0D 25 0D 24 0D 24 
BAT RX 0x317 [8] 0D 38 0D 35 0D 35 0D 34 
BAT RX 0x316 [8] 0D 2C 0D 2C 0D 2C 0D 26 
BAT RX 0x315 [8] 0D 31 0D 31 0D 31 0D 31 
BAT RX 0x314 [8] 5B 54 5B 54 00 14 05 44 
BAT RX 0x313 [8] 15 18 00 00 00 FE 64 63 
BAT RX 0x312 [8] 00 00 00 00 02 02 00 00 
BAT RX 0x311 [8] 02 38 00 00 00 00 01 00 
[keepalive] twai_transmit() -> ESP_OK
[713s] OK V=54.00V I=+0.0A T=25.4C SOC=100% SOH=99% | CVL=56.8V CCL=0.0A DCL=0.0A | chg=0 dis=0 fc1=0 fc2=0 | prot=0000 warn=0000 | packs=2 | inv0x305=no
BAT RX 0x330 [8] 02 0D 02 01 0D 38 0D 24 
BAT RX 0x329 [8] 02 00 1A 25 02 00 40 D1 
BAT RX 0x323 [8] 20 0E 10 00 04 00 00 00 
BAT RX 0x324 [8] 02 42 42 37 00 00 00 00 
BAT RX 0x322 [8] 01 14 00 E8 03 01 64 64 
BAT RX 0x320 [8] 50 41 C3 85 85 00 00 00 
BAT RX 0x319 [8] 00 0D 38 0D 24 1D 11 01 
BAT RX 0x318 [8] 0D 26 0D 26 0D 24 0D 24 
BAT RX 0x317 [8] 0D 38 0D 36 0D 35 0D 34 
BAT RX 0x316 [8] 0D 2C 0D 2C 0D 2C 0D 26 
BAT RX 0x315 [8] 0D 31 0D 31 0D 31 0D 31 
BAT RX 0x314 [8] 5B 54 5B 54 00 14 05 44 
BAT RX 0x313 [8] 15 18 00 00 00 FE 64 63 
BAT RX 0x312 [8] 00 00 00 00 02 02 00 00 
BAT RX 0x311 [8] 02 38 00 00 00 00 01 00 
[keepalive] twai_transmit() -> ESP_OK
BAT RX 0x330 [8] 02 0D 02 0F 0D 38 0D 24 
BAT RX 0x329 [8] 01 00 22 9C 01 00 40 35 
BAT RX 0x323 [8] 20 0E 10 00 04 00 00 00 
BAT RX 0x324 [8] 00 01 47 50 4A 30 32 31 
BAT RX 0x322 [8] 01 14 00 E8 03 01 64 64 
BAT RX 0x320 [8] 50 41 C3 85 85 00 00 00 
BAT RX 0x319 [8] 00 0D 38 0D 24 1D 1F 01 
BAT RX 0x318 [8] 0D 26 0D 25 0D 25 0D 24 
BAT RX 0x317 [8] 0D 38 0D 36 0D 34 0D 34 
BAT RX 0x316 [8] 0D 2C 0D 2C 0D 2C 0D 26 
BAT RX 0x315 [8] 0D 31 0D 31 0D 31 0D 31 
BAT RX 0x314 [8] 5B 54 5B 54 00 14 05 44 
BAT RX 0x313 [8] 15 18 00 00 00 FE 64 63 
BAT RX 0x312 [8] 00 00 00 00 02 02 00 00 
BAT RX 0x311 [8] 02 38 00 00 00 00 01 00 
[keepalive] twai_transmit() -> ESP_OK
[715s] OK V=54.00V I=+0.0A T=25.4C SOC=100% SOH=99% | CVL=56.8V CCL=0.0A DCL=0.0A | chg=0 dis=0 fc1=0 fc2=0 | prot=0000 warn=0000 | packs=2 | inv0x305=no
BAT RX 0x330 [8] 02 0D 02 01 0D 37 0D 24 
BAT RX 0x329 [8] 02 00 1A 25 02 00 40 D1 
BAT RX 0x323 [8] 20 0E 10 00 04 00 00 00 
BAT RX 0x324 [8] 01 39 35 32 32 30 36 32 
BAT RX 0x322 [8] 01 14 00 E8 03 01 64 64 
BAT RX 0x320 [8] 50 41 C3 85 85 00 00 00 
BAT RX 0x319 [8] 00 0D 37 0D 24 1D 11 01 
BAT RX 0x318 [8] 0D 26 0D 25 0D 24 0D 24 
BAT RX 0x317 [8] 0D 37 0D 36 0D 35 0D 34 
BAT RX 0x316 [8] 0D 2D 0D 2D 0D 2C 0D 26 
BAT RX 0x315 [8] 0D 31 0D 31 0D 31 0D 31 
BAT RX 0x314 [8] 5B 54 5B 54 00 13 05 44 
BAT RX 0x313 [8] 15 18 00 00 00 FE 64 63 
BAT RX 0x312 [8] 00 00 00 00 02 02 00 00 
BAT RX 0x311 [8] 02 38 00 00 00 00 01 00 
[keepalive] twai_transmit() -> ESP_OK
BAT RX 0x330 [8] 02 0D 02 0F 0D 38 0D 24 
BAT RX 0x329 [8] 01 00 22 9C 01 00 40 35 
BAT RX 0x323 [8] 20 0E 10 00 04 00 00 00 
BAT RX 0x324 [8] 02 43 30 37 00 00 00 00 
BAT RX 0x322 [8] 01 14 00 E8 03 01 64 64 
BAT RX 0x320 [8] 50 41 C3 85 85 00 00 00 
BAT RX 0x319 [8] 00 0D 38 0D 24 1D 1F 01 
BAT RX 0x318 [8] 0D 26 0D 25 0D 25 0D 24 
BAT RX 0x317 [8] 0D 38 0D 35 0D 35 0D 34 
BAT RX 0x316 [8] 0D 2D 0D 2C 0D 2C 0D 26 
BAT RX 0x315 [8] 0D 31 0D 31 0D 31 0D 31 
BAT RX 0x314 [8] 5B 54 5B 54 00 14 05 44 
BAT RX 0x313 [8] 15 18 00 00 00 FE 64 63 
BAT RX 0x312 [8] 00 00 00 00 02 02 00 00 
BAT RX 0x311 [8] 02 38 00 00 00 00 01 00 
[keepalive] twai_transmit() -> ESP_OK
[717s] OK V=54.00V I=+0.0A T=25.4C SOC=100% SOH=99% | CVL=56.8V CCL=0.0A DCL=0.0A | chg=0 dis=0 fc1=0 fc2=0 | prot=0000 warn=0000 | packs=2 | inv0x305=no
BAT RX 0x330 [8] 02 0D 02 01 0D 38 0D 24 
BAT RX 0x329 [8] 02 00 1A 25 02 00 40 D1 
BAT RX 0x323 [8] 20 0E 10 00 04 00 00 00 
BAT RX 0x324 [8] 00 02 47 50 4A 30 32 31 
BAT RX 0x322 [8] 01 14 00 E8 03 01 64 64 
BAT RX 0x320 [8] 50 41 C3 85 85 00 00 00 
BAT RX 0x319 [8] 00 0D 38 0D 24 1D 11 01 
BAT RX 0x318 [8] 0D 26 0D 24 0D 24 0D 24 
BAT RX 0x317 [8] 0D 38 0D 36 0D 34 0D 34 
BAT RX 0x316 [8] 0D 2C 0D 2C 0D 2C 0D 27 
BAT RX 0x315 [8] 0D 32 0D 32 0D 31 0D 31 
BAT RX 0x314 [8] 5B 54 5B 54 00 14 05 44 
BAT RX 0x313 [8] 15 18 00 00 00 FE 64 63 
BAT RX 0x312 [8] 00 00 00 00 02 02 00 00 
BAT RX 0x311 [8] 02 38 00 00 00 00 01 00 
[keepalive] twai_transmit() -> ESP_OK
BAT RX 0x330 [8] 02 0D 02 0F 0D 38 0D 24 
BAT RX 0x329 [8] 01 00 22 9C 01 00 40 35 
BAT RX 0x323 [8] 20 0E 10 00 04 00 00 00 
BAT RX 0x324 [8] 01 39 35 32 32 30 36 32 
BAT RX 0x322 [8] 01 14 00 E8 03 01 64 64 
BAT RX 0x320 [8] 50 41 C3 85 85 00 00 00 
BAT RX 0x319 [8] 00 0D 38 0D 24 1D 1F 01 
BAT RX 0x318 [8] 0D 26 0D 25 0D 25 0D 24 
BAT RX 0x317 [8] 0D 38 0D 36 0D 35 0D 34 
BAT RX 0x316 [8] 0D 2C 0D 2C 0D 2C 0D 26 
BAT RX 0x315 [8] 0D 32 0D 31 0D 31 0D 31 
BAT RX 0x314 [8] 5B 54 5B 54 00 14 05 44 
BAT RX 0x313 [8] 15 18 00 00 00 FE 64 63 
BAT RX 0x312 [8] 00 00 00 00 02 02 00 00 
BAT RX 0x311 [8] 02 38 00 00 00 00 01 00 
[keepalive] twai_transmit() -> ESP_OK
[719s] OK V=54.00V I=+0.0A T=25.4C SOC=100% SOH=99% | CVL=56.8V CCL=0.0A DCL=0.0A | chg=0 dis=0 fc1=0 fc2=0 | prot=0000 warn=0000 | packs=2 | inv0x305=no
BAT RX 0x330 [8] 02 0D 02 01 0D 37 0D 24 
BAT RX 0x329 [8] 02 00 1A 25 02 00 40 D1 
BAT RX 0x323 [8] 20 0E 10 00 04 00 00 00 
BAT RX 0x324 [8] 02 42 42 37 00 00 00 00 
BAT RX 0x322 [8] 01 14 00 E8 03 01 64 64 
BAT RX 0x320 [8] 50 41 C3 85 85 00 00 00 
BAT RX 0x319 [8] 00 0D 37 0D 24 1D 11 01 
BAT RX 0x318 [8] 0D 26 0D 24 0D 24 0D 24 
BAT RX 0x317 [8] 0D 37 0D 35 0D 35 0D 34 
BAT RX 0x316 [8] 0D 2D 0D 2C 0D 2C 0D 26 
BAT RX 0x315 [8] 0D 31 0D 31 0D 31 0D 31 
BAT RX 0x314 [8] 5B 54 5B 54 00 13 05 44 
BAT RX 0x313 [8] 15 18 00 00 00 FE 64 63 
BAT RX 0x312 [8] 00 00 00 00 02 02 00 00 
BAT RX 0x311 [8] 02 38 00 00 00 00 01 00 

---- battery-bus rate stats (VERBOSE_STATS) ----------------------------
  10061 frames, 720 s elapsed
  ID     count   period(ms)  (min-max gap)
  0x312     671    997 (7-1000)
  0x313     671    997 (3-1000)
  0x314     671    997 (4-1000)
  0x315     671    997 (4-1000)
  0x316     671    997 (3-1000)
  0x317     671    997 (3-1000)
  0x318     671    997 (4-1000)
  0x319     671    997 (4-1000)
  0x320     671    997 (4-1000)
  0x322     671    997 (4-1000)
  0x311     671    997 (4-1000)
  0x323     670    998 (767-1000)
  0x324     670    998 (768-1000)
  0x329     670    998 (757-1002)
  0x330     670    998 (746-1000)
--------------------------------------------------------------------------

  TWAI: state=RUNNING  tx_err=0 rx_err=0  tx_failed=0  rx_missed=0 rx_overrun=0  arb_lost=0  bus_err=190881
[keepalive] twai_transmit() -> ESP_OK
BAT RX 0x330 [8] 02 0D 02 01 0D 38 0D 24 
BAT RX 0x329 [8] 01 00 22 9C 01 00 40 35 
BAT RX 0x323 [8] 20 0E 10 00 04 00 00 00 
BAT RX 0x324 [8] 00 01 47 50 4A 30 32 31 
BAT RX 0x322 [8] 01 14 00 E8 03 01 64 64 
BAT RX 0x320 [8] 50 41 C3 85 85 00 00 00 
BAT RX 0x319 [8] 00 0D 38 0D 24 1D 11 01 
BAT RX 0x318 [8] 0D 26 0D 25 0D 24 0D 24 
BAT RX 0x317 [8] 0D 38 0D 36 0D 35 0D 34 
BAT RX 0x316 [8] 0D 2D 0D 2C 0D 2C 0D 26 
BAT RX 0x315 [8] 0D 31 0D 31 0D 31 0D 31 
BAT RX 0x314 [8] 5B 54 5B 54 00 14 05 44 
BAT RX 0x313 [8] 15 18 00 00 00 FE 64 63 
BAT RX 0x312 [8] 00 00 00 00 02 02 00 00 
BAT RX 0x311 [8] 02 38 00 00 00 00 01 00 
[keepalive] twai_transmit() -> ESP_OK
[721s] OK V=54.00V I=+0.0A T=25.4C SOC=100% SOH=99% | CVL=56.8V CCL=0.0A DCL=0.0A | chg=0 dis=0 fc1=0 fc2=0 | prot=0000 warn=0000 | packs=2 | inv0x305=no
BAT RX 0x330 [8] 02 0D 02 01 0D 38 0D 24 
BAT RX 0x329 [8] 02 00 1A 25 02 00 40 D1 
BAT RX 0x323 [8] 20 0E 10 00 04 00 00 00 
BAT RX 0x324 [8] 01 39 35 32 32 30 36 32 
BAT RX 0x322 [8] 01 14 00 E8 03 01 64 64 
BAT RX 0x320 [8] 50 41 C3 85 85 00 00 00 
BAT RX 0x319 [8] 00 0D 38 0D 24 1D 11 01 
BAT RX 0x318 [8] 0D 26 0D 25 0D 25 0D 24 
BAT RX 0x317 [8] 0D 38 0D 36 0D 35 0D 34 
BAT RX 0x316 [8] 0D 2C 0D 2C 0D 2C 0D 26 
BAT RX 0x315 [8] 0D 31 0D 31 0D 31 0D 31 
BAT RX 0x314 [8] 5B 54 5B 54 00 14 05 44 
BAT RX 0x313 [8] 15 18 00 00 00 FE 64 63 
BAT RX 0x312 [8] 00 00 00 00 02 02 00 00 
BAT RX 0x311 [8] 02 38 00 00 00 00 01 00 
[keepalive] twai_transmit() -> ESP_OK
BAT RX 0x330 [8] 02 0D 02 01 0D 37 0D 24 
BAT RX 0x329 [8] 01 00 22 9C 01 00 40 35 
BAT RX 0x323 [8] 20 0E 10 00 04 00 00 00 
BAT RX 0x324 [8] 02 43 30 37 00 00 00 00 
BAT RX 0x322 [8] 01 14 00 E8 03 01 64 64 
BAT RX 0x320 [8] 50 41 C3 85 85 00 00 00 
BAT RX 0x319 [8] 00 0D 37 0D 24 1D 11 01 
BAT RX 0x318 [8] 0D 26 0D 25 0D 24 0D 24 
BAT RX 0x317 [8] 0D 37 0D 36 0D 34 0D 34 
BAT RX 0x316 [8] 0D 2D 0D 2D 0D 2C 0D 26 
BAT RX 0x315 [8] 0D 31 0D 31 0D 31 0D 31 
BAT RX 0x314 [8] 5B 54 5B 54 00 13 05 44 
BAT RX 0x313 [8] 15 18 00 00 00 FE 64 63 
BAT RX 0x312 [8] 00 00 00 00 02 02 00 00 
BAT RX 0x311 [8] 02 38 00 00 00 00 01 00 
[keepalive] twai_transmit() -> ESP_OK
[723s] OK V=54.00V I=+0.0A T=25.4C SOC=100% SOH=99% | CVL=56.8V CCL=0.0A DCL=0.0A | chg=0 dis=0 fc1=0 fc2=0 | prot=0000 warn=0000 | packs=2 | inv0x305=no
BAT RX 0x330 [8] 02 0D 02 01 0D 38 0D 24 
BAT RX 0x329 [8] 02 00 1A 25 02 00 40 D1 
BAT RX 0x323 [8] 20 0E 10 00 04 00 00 00 
BAT RX 0x324 [8] 00 02 47 50 4A 30 32 31 
BAT RX 0x322 [8] 01 14 00 E8 03 01 64 64 
BAT RX 0x320 [8] 50 41 C3 85 85 00 00 00 
BAT RX 0x319 [8] 00 0D 38 0D 24 1D 11 01 
BAT RX 0x318 [8] 0D 26 0D 24 0D 24 0D 24 
BAT RX 0x317 [8] 0D 38 0D 35 0D 34 0D 33 
BAT RX 0x316 [8] 0D 2D 0D 2C 0D 2C 0D 25 
BAT RX 0x315 [8] 0D 32 0D 31 0D 31 0D 31 
BAT RX 0x314 [8] 5B 54 5B 54 00 14 05 44 
BAT RX 0x313 [8] 15 18 00 00 00 FE 64 63 
BAT RX 0x312 [8] 00 00 00 00 02 02 00 00 
BAT RX 0x311 [8] 02 38 00 00 00 00 01 00 
[keepalive] twai_transmit() -> ESP_OK
BAT RX 0x330 [8] 02 0D 02 01 0D 37 0D 24 
BAT RX 0x329 [8] 01 00 22 9C 01 00 40 35 
BAT RX 0x323 [8] 20 0E 10 00 04 00 00 00 
BAT RX 0x324 [8] 01 39 35 32 32 30 36 32 
BAT RX 0x322 [8] 01 14 00 E8 03 01 64 64 
BAT RX 0x320 [8] 50 41 C3 85 85 00 00 00 
BAT RX 0x319 [8] 00 0D 37 0D 24 1D 11 01 
BAT RX 0x318 [8] 0D 25 0D 24 0D 24 0D 24 
BAT RX 0x317 [8] 0D 37 0D 36 0D 35 0D 34 
BAT RX 0x316 [8] 0D 2D 0D 2C 0D 2C 0D 26 
BAT RX 0x315 [8] 0D 31 0D 31 0D 31 0D 31 
BAT RX 0x314 [8] 5B 54 5B 54 00 13 05 44 
BAT RX 0x313 [8] 15 18 00 00 00 FE 64 63 
BAT RX 0x312 [8] 00 00 00 00 02 02 00 00 
BAT RX 0x311 [8] 02 38 00 00 00 00 01 00 
[keepalive] twai_transmit() -> ESP_OK
[725s] OK V=54.00V I=+0.0A T=25.4C SOC=100% SOH=99% | CVL=56.8V CCL=0.0A DCL=0.0A | chg=0 dis=0 fc1=0 fc2=0 | prot=0000 warn=0000 | packs=2 | inv0x305=no
BAT RX 0x330 [8] 02 0D 02 01 0D 38 0D 24 
BAT RX 0x329 [8] 02 00 1A 25 02 00 40 D1 
BAT RX 0x323 [8] 20 0E 10 00 04 00 00 00 
BAT RX 0x324 [8] 02 42 42 37 00 00 00 00 
BAT RX 0x322 [8] 01 14 00 E8 03 01 64 64 
BAT RX 0x320 [8] 50 41 C3 85 85 00 00 00 
BAT RX 0x319 [8] 00 0D 38 0D 24 1D 11 01 
BAT RX 0x318 [8] 0D 26 0D 25 0D 24 0D 24 
BAT RX 0x317 [8] 0D 38 0D 36 0D 35 0D 34 
BAT RX 0x316 [8] 0D 2D 0D 2C 0D 2C 0D 25 
BAT RX 0x315 [8] 0D 31 0D 31 0D 31 0D 30 
BAT RX 0x314 [8] 5B 54 5B 54 00 14 05 44 
BAT RX 0x313 [8] 15 18 00 00 00 FE 64 63 
BAT RX 0x312 [8] 00 00 00 00 02 02 00 00 
BAT RX 0x311 [8] 02 38 00 00 00 00 01 00 
[keepalive] twai_transmit() -> ESP_OK
BAT RX 0x330 [8] 02 0D 02 01 0D 37 0D 24 
BAT RX 0x329 [8] 01 00 22 9C 01 00 40 35 
BAT RX 0x323 [8] 20 0E 10 00 04 00 00 00 
BAT RX 0x324 [8] 00 01 47 50 4A 30 32 31 
BAT RX 0x322 [8] 01 14 00 E8 03 01 64 64 
BAT RX 0x320 [8] 50 41 C3 85 85 00 00 00 
BAT RX 0x319 [8] 00 0D 37 0D 24 1D 11 01 
BAT RX 0x318 [8] 0D 26 0D 24 0D 24 0D 24 
BAT RX 0x317 [8] 0D 37 0D 35 0D 34 0D 34 
BAT RX 0x316 [8] 0D 2D 0D 2C 0D 2C 0D 26 
BAT RX 0x315 [8] 0D 31 0D 31 0D 31 0D 31 
BAT RX 0x314 [8] 5B 54 5B 54 00 13 05 44 
BAT RX 0x313 [8] 15 18 00 00 00 FE 64 63 
BAT RX 0x312 [8] 00 00 00 00 02 02 00 00 
BAT RX 0x311 [8] 02 38 00 00 00 00 01 00 
[keepalive] twai_transmit() -> ESP_OK
[727s] OK V=54.00V I=+0.0A T=25.4C SOC=100% SOH=99% | CVL=56.8V CCL=0.0A DCL=0.0A | chg=0 dis=0 fc1=0 fc2=0 | prot=0000 warn=0000 | packs=2 | inv0x305=no
BAT RX 0x330 [8] 02 0D 02 01 0D 38 0D 24 
BAT RX 0x329 [8] 02 00 1A 25 02 00 40 D1 
BAT RX 0x323 [8] 20 0E 10 00 04 00 00 00 
BAT RX 0x324 [8] 01 39 35 32 32 30 36 32 
BAT RX 0x322 [8] 01 14 00 E8 03 01 64 64 
BAT RX 0x320 [8] 50 41 C3 85 85 00 00 00 
BAT RX 0x319 [8] 00 0D 38 0D 24 1D 11 01 
BAT RX 0x318 [8] 0D 26 0D 25 0D 24 0D 24 
BAT RX 0x317 [8] 0D 38 0D 35 0D 35 0D 33 
BAT RX 0x316 [8] 0D 2D 0D 2C 0D 2C 0D 26 
BAT RX 0x315 [8] 0D 31 0D 31 0D 31 0D 31 
BAT RX 0x314 [8] 5B 54 5B 54 00 14 05 44 
BAT RX 0x313 [8] 15 18 00 00 00 FE 64 63 
BAT RX 0x312 [8] 00 00 00 00 02 02 00 00 
BAT RX 0x311 [8] 02 38 00 00 00 00 01 00 
[keepalive] twai_transmit() -> ESP_OK
BAT RX 0x330 [8] 02 0D 02 01 0D 38 0D 24 
BAT RX 0x329 [8] 01 00 22 9C 01 00 40 35 
BAT RX 0x323 [8] 20 0E 10 00 04 00 00 00 
BAT RX 0x324 [8] 02 43 30 37 00 00 00 00 
BAT RX 0x322 [8] 01 14 00 E8 03 01 64 64 
BAT RX 0x320 [8] 50 41 C3 85 85 00 00 00 
BAT RX 0x319 [8] 00 0D 38 0D 24 1D 11 01 
BAT RX 0x318 [8] 0D 26 0D 25 0D 24 0D 24 
BAT RX 0x317 [8] 0D 38 0D 35 0D 34 0D 34 
BAT RX 0x316 [8] 0D 2D 0D 2C 0D 2C 0D 26 
BAT RX 0x315 [8] 0D 31 0D 31 0D 31 0D 31 
BAT RX 0x314 [8] 5B 54 5B 54 00 14 05 44 
BAT RX 0x313 [8] 15 18 00 00 00 FE 64 63 
BAT RX 0x312 [8] 00 00 00 00 02 02 00 00 
BAT RX 0x311 [8] 02 38 00 00 00 00 01 00 
[keepalive] twai_transmit() -> ESP_OK
[729s] OK V=54.00V I=+0.0A T=25.4C SOC=100% SOH=99% | CVL=56.8V CCL=0.0A DCL=0.0A | chg=0 dis=0 fc1=0 fc2=0 | prot=0000 warn=0000 | packs=2 | inv0x305=no
BAT RX 0x330 [8] 02 0D 02 01 0D 37 0D 24 
BAT RX 0x329 [8] 02 00 1A 25 02 00 40 D1 
BAT RX 0x323 [8] 20 0E 10 00 04 00 00 00 
BAT RX 0x324 [8] 00 02 47 50 4A 30 32 31 
BAT RX 0x322 [8] 01 14 00 E8 03 01 64 64 
BAT RX 0x320 [8] 50 41 C3 85 85 00 00 00 
BAT RX 0x319 [8] 00 0D 37 0D 24 1D 11 01 
BAT RX 0x318 [8] 0D 26 0D 25 0D 25 0D 24 
BAT RX 0x317 [8] 0D 37 0D 35 0D 35 0D 33 
BAT RX 0x316 [8] 0D 2D 0D 2C 0D 2C 0D 26 
BAT RX 0x315 [8] 0D 31 0D 31 0D 31 0D 31 
BAT RX 0x314 [8] 5B 54 5B 54 00 13 05 44 
BAT RX 0x313 [8] 15 18 00 00 00 FE 64 63 
BAT RX 0x312 [8] 00 00 00 00 02 02 00 00 
BAT RX 0x311 [8] 02 38 00 00 00 00 01 00 
[keepalive] twai_transmit() -> ESP_OK
BAT RX 0x330 [8] 02 0D 02 01 0D 37 0D 24 
BAT RX 0x329 [8] 01 00 22 9C 01 00 40 35 
BAT RX 0x323 [8] 20 0E 10 00 04 00 00 00 
BAT RX 0x324 [8] 01 39 35 32 32 30 36 32 
BAT RX 0x322 [8] 01 14 00 E8 03 01 64 64 
BAT RX 0x320 [8] 50 41 C3 85 85 00 00 00 
BAT RX 0x319 [8] 00 0D 37 0D 24 1D 11 01 
BAT RX 0x318 [8] 0D 26 0D 25 0D 24 0D 24 
BAT RX 0x317 [8] 0D 37 0D 35 0D 35 0D 33 
BAT RX 0x316 [8] 0D 2D 0D 2C 0D 2C 0D 26 
BAT RX 0x315 [8] 0D 31 0D 31 0D 31 0D 30 
BAT RX 0x314 [8] 5B 54 5B 54 00 13 05 44 
BAT RX 0x313 [8] 15 18 00 00 00 FE 64 63 
BAT RX 0x312 [8] 00 00 00 00 02 02 00 00 
BAT RX 0x311 [8] 02 38 00 00 00 00 01 00 
[keepalive] twai_transmit() -> ESP_OK
[731s] OK V=54.00V I=+0.0A T=25.4C SOC=100% SOH=99% | CVL=56.8V CCL=0.0A DCL=0.0A | chg=0 dis=0 fc1=0 fc2=0 | prot=0000 warn=0000 | packs=2 | inv0x305=no
BAT RX 0x330 [8] 02 0D 02 01 0D 38 0D 24 
BAT RX 0x329 [8] 02 00 1A 25 02 00 40 D1 
BAT RX 0x323 [8] 20 0E 10 00 04 00 00 00 
BAT RX 0x324 [8] 02 42 42 37 00 00 00 00 
BAT RX 0x322 [8] 01 14 00 E8 03 01 64 64 
BAT RX 0x320 [8] 50 41 C3 85 85 00 00 00 
BAT RX 0x319 [8] 00 0D 38 0D 24 1D 11 01 
BAT RX 0x318 [8] 0D 25 0D 25 0D 24 0D 24 
BAT RX 0x317 [8] 0D 38 0D 35 0D 35 0D 33 
BAT RX 0x316 [8] 0D 2D 0D 2C 0D 2B 0D 26 
BAT RX 0x315 [8] 0D 31 0D 31 0D 31 0D 31 
BAT RX 0x314 [8] 5B 54 5B 54 00 14 05 44 
BAT RX 0x313 [8] 15 18 00 00 00 FE 64 63 
BAT RX 0x312 [8] 00 00 00 00 02 02 00 00 
BAT RX 0x311 [8] 02 38 00 00 00 00 01 00 
[keepalive] twai_transmit() -> ESP_OK
BAT RX 0x330 [8] 02 0D 02 01 0D 37 0D 24 
BAT RX 0x329 [8] 01 00 22 9C 01 00 40 35 
BAT RX 0x323 [8] 20 0E 10 00 04 00 00 00 
BAT RX 0x324 [8] 00 01 47 50 4A 30 32 31 
BAT RX 0x322 [8] 01 14 00 E8 03 01 64 64 
BAT RX 0x320 [8] 50 41 C3 85 85 00 00 00 
BAT RX 0x319 [8] 00 0D 37 0D 24 1D 11 01 
BAT RX 0x318 [8] 0D 26 0D 25 0D 24 0D 24 
BAT RX 0x317 [8] 0D 37 0D 35 0D 35 0D 34 
BAT RX 0x316 [8] 0D 2C 0D 2C 0D 2C 0D 26 
BAT RX 0x315 [8] 0D 31 0D 31 0D 31 0D 31 
BAT RX 0x314 [8] 5B 54 5B 54 00 13 05 44 
BAT RX 0x313 [8] 15 18 00 00 00 FE 64 63 
BAT RX 0x312 [8] 00 00 00 00 02 02 00 00 
BAT RX 0x311 [8] 02 38 00 00 00 00 01 00 
[keepalive] twai_transmit() -> ESP_OK
[733s] OK V=54.00V I=+0.0A T=25.4C SOC=100% SOH=99% | CVL=56.8V CCL=0.0A DCL=0.0A | chg=0 dis=0 fc1=0 fc2=0 | prot=0000 warn=0000 | packs=2 | inv0x305=no
BAT RX 0x330 [8] 02 0D 02 01 0D 37 0D 24 
BAT RX 0x329 [8] 02 00 1A 25 02 00 40 D1 
BAT RX 0x323 [8] 20 0E 10 00 04 00 00 00 
BAT RX 0x324 [8] 01 39 35 32 32 30 36 32 
BAT RX 0x322 [8] 01 14 00 E8 03 01 64 64 
BAT RX 0x320 [8] 50 41 C3 85 85 00 00 00 
BAT RX 0x319 [8] 00 0D 37 0D 24 1D 11 01 
BAT RX 0x318 [8] 0D 25 0D 25 0D 24 0D 24 
BAT RX 0x317 [8] 0D 37 0D 36 0D 34 0D 34 
BAT RX 0x316 [8] 0D 2D 0D 2C 0D 2C 0D 26 
BAT RX 0x315 [8] 0D 31 0D 31 0D 31 0D 30 
BAT RX 0x314 [8] 5B 54 5B 54 00 13 05 44 
BAT RX 0x313 [8] 15 18 00 00 00 FE 64 63 
BAT RX 0x312 [8] 00 00 00 00 02 02 00 00 
BAT RX 0x311 [8] 02 38 00 00 00 00 01 00 
[keepalive] twai_transmit() -> ESP_OK
BAT RX 0x330 [8] 02 0D 02 01 0D 38 0D 24 
BAT RX 0x329 [8] 01 00 22 9C 01 00 40 35 
BAT RX 0x323 [8] 20 0E 10 00 04 00 00 00 
BAT RX 0x324 [8] 02 43 30 37 00 00 00 00 
BAT RX 0x322 [8] 01 14 00 E8 03 01 64 64 
BAT RX 0x320 [8] 50 41 C3 85 85 00 00 00 
BAT RX 0x319 [8] 00 0D 38 0D 24 1D 11 01 
BAT RX 0x318 [8] 0D 25 0D 24 0D 24 0D 24 
BAT RX 0x317 [8] 0D 38 0D 35 0D 34 0D 34 
BAT RX 0x316 [8] 0D 2D 0D 2C 0D 2C 0D 26 
BAT RX 0x315 [8] 0D 32 0D 31 0D 31 0D 31 
BAT RX 0x314 [8] 5B 54 5B 54 00 14 05 44 
BAT RX 0x313 [8] 15 18 00 00 00 FE 64 63 
BAT RX 0x312 [8] 00 00 00 00 02 02 00 00 
BAT RX 0x311 [8] 02 38 00 00 00 00 01 00 

---- battery-bus rate stats (VERBOSE_STATS) ----------------------------
  10286 frames, 735 s elapsed
  ID     count   period(ms)  (min-max gap)
  0x312     686    997 (7-1000)
  0x313     686    997 (3-1000)
  0x314     686    997 (4-1000)
  0x315     686    997 (4-1000)
  0x316     686    997 (3-1000)
  0x317     686    997 (3-1000)
  0x318     686    997 (4-1000)
  0x319     686    997 (4-1000)
  0x320     686    997 (4-1000)
  0x322     686    997 (4-1000)
  0x311     686    997 (4-1000)
  0x323     685    998 (767-1000)
  0x324     685    998 (768-1000)
  0x329     685    998 (757-1002)
  0x330     685    998 (746-1000)
--------------------------------------------------------------------------

  TWAI: state=RUNNING  tx_err=0 rx_err=0  tx_failed=0  rx_missed=0 rx_overrun=0  arb_lost=0  bus_err=190881
[keepalive] twai_transmit() -> ESP_OK
[735s] OK V=54.00V I=+0.0A T=25.4C SOC=100% SOH=99% | CVL=56.8V CCL=0.0A DCL=0.0A | chg=0 dis=0 fc1=0 fc2=0 | prot=0000 warn=0000 | packs=2 | inv0x305=no
BAT RX 0x330 [8] 02 0D 02 01 0D 38 0D 24 
BAT RX 0x329 [8] 02 00 1A 25 02 00 40 D1 
BAT RX 0x323 [8] 20 0E 10 00 04 00 00 00 
BAT RX 0x324 [8] 00 02 47 50 4A 30 32 31 
BAT RX 0x322 [8] 01 14 00 E8 03 01 64 64 
BAT RX 0x320 [8] 50 41 C3 85 85 00 00 00 
BAT RX 0x319 [8] 00 0D 38 0D 24 1D 11 01 
BAT RX 0x318 [8] 0D 26 0D 25 0D 24 0D 24 
BAT RX 0x317 [8] 0D 38 0D 36 0D 34 0D 34 
BAT RX 0x316 [8] 0D 2C 0D 2C 0D 2C 0D 26 
BAT RX 0x315 [8] 0D 31 0D 31 0D 31 0D 31 
BAT RX 0x314 [8] 5B 54 5B 54 00 14 05 44 
BAT RX 0x313 [8] 15 18 00 00 00 FE 64 63 
BAT RX 0x312 [8] 00 00 00 00 02 02 00 00 
BAT RX 0x311 [8] 02 38 00 00 00 00 01 00 
[keepalive] twai_transmit() -> ESP_OK
BAT RX 0x330 [8] 02 0D 02 01 0D 37 0D 24 
BAT RX 0x329 [8] 01 00 22 9C 01 00 40 35 
BAT RX 0x323 [8] 20 0E 10 00 04 00 00 00 
BAT RX 0x324 [8] 01 39 35 32 32 30 36 32 
BAT RX 0x322 [8] 01 14 00 E8 03 01 64 64 
BAT RX 0x320 [8] 50 41 C3 85 85 00 00 00 
BAT RX 0x319 [8] 00 0D 37 0D 24 1D 11 01 
BAT RX 0x318 [8] 0D 26 0D 25 0D 24 0D 24 
BAT RX 0x317 [8] 0D 37 0D 35 0D 34 0D 34 
BAT RX 0x316 [8] 0D 2D 0D 2C 0D 2C 0D 26 
BAT RX 0x315 [8] 0D 31 0D 31 0D 31 0D 30 
BAT RX 0x314 [8] 5B 54 5B 54 00 13 05 44 
BAT RX 0x313 [8] 15 18 00 00 00 FE 64 63 
BAT RX 0x312 [8] 00 00 00 00 02 02 00 00 
BAT RX 0x311 [8] 02 38 00 00 00 00 01 00 
[keepalive] twai_transmit() -> ESP_OK
[737s] OK V=54.00V I=+0.0A T=25.4C SOC=100% SOH=99% | CVL=56.8V CCL=0.0A DCL=0.0A | chg=0 dis=0 fc1=0 fc2=0 | prot=0000 warn=0000 | packs=2 | inv0x305=no
BAT RX 0x330 [8] 02 0D 02 01 0D 38 0D 24 
BAT RX 0x329 [8] 02 00 1A 25 02 00 40 D1 
BAT RX 0x323 [8] 20 0E 10 00 04 00 00 00 
BAT RX 0x324 [8] 02 42 42 37 00 00 00 00 
BAT RX 0x322 [8] 01 14 00 E8 03 01 64 64 
BAT RX 0x320 [8] 50 41 C3 85 85 00 00 00 
BAT RX 0x319 [8] 00 0D 38 0D 24 1D 11 01 
BAT RX 0x318 [8] 0D 25 0D 25 0D 24 0D 24 
BAT RX 0x317 [8] 0D 38 0D 35 0D 34 0D 33 
BAT RX 0x316 [8] 0D 2C 0D 2C 0D 2C 0D 26 
BAT RX 0x315 [8] 0D 31 0D 31 0D 31 0D 31 
BAT RX 0x314 [8] 5B 54 5B 54 00 14 05 44 
BAT RX 0x313 [8] 15 18 00 00 00 FE 64 63 
BAT RX 0x312 [8] 00 00 00 00 02 02 00 00 
BAT RX 0x311 [8] 02 38 00 00 00 00 01 00 
[keepalive] twai_transmit() -> ESP_OK
BAT RX 0x330 [8] 02 0D 02 0F 0D 38 0D 23 
BAT RX 0x329 [8] 01 00 22 9C 01 00 40 35 
BAT RX 0x323 [8] 20 0E 10 00 04 00 00 00 
BAT RX 0x324 [8] 00 01 47 50 4A 30 32 31 
BAT RX 0x322 [8] 01 14 00 E8 03 01 64 64 
BAT RX 0x320 [8] 50 41 C3 85 85 00 00 00 
BAT RX 0x319 [8] 00 0D 38 0D 23 1D 1F 01 
BAT RX 0x318 [8] 0D 26 0D 24 0D 24 0D 23 
BAT RX 0x317 [8] 0D 38 0D 35 0D 34 0D 34 
BAT RX 0x316 [8] 0D 2C 0D 2C 0D 2C 0D 26 
BAT RX 0x315 [8] 0D 31 0D 31 0D 31 0D 31 
BAT RX 0x314 [8] 5B 54 5B 54 00 15 05 44 
BAT RX 0x313 [8] 15 18 00 00 00 FE 64 63 
BAT RX 0x312 [8] 00 00 00 00 02 02 00 00 
BAT RX 0x311 [8] 02 38 00 00 00 00 01 00 
[keepalive] twai_transmit() -> ESP_OK
[739s] OK V=54.00V I=+0.0A T=25.4C SOC=100% SOH=99% | CVL=56.8V CCL=0.0A DCL=0.0A | chg=0 dis=0 fc1=0 fc2=0 | prot=0000 warn=0000 | packs=2 | inv0x305=no
BAT RX 0x330 [8] 02 0D 02 01 0D 38 0D 24 
BAT RX 0x329 [8] 02 00 1A 25 02 00 40 D1 
BAT RX 0x323 [8] 20 0E 10 00 04 00 00 00 
BAT RX 0x324 [8] 01 39 35 32 32 30 36 32 
BAT RX 0x322 [8] 01 14 00 E8 03 01 64 64 
BAT RX 0x320 [8] 50 41 C3 85 85 00 00 00 
BAT RX 0x319 [8] 00 0D 38 0D 24 1D 11 01 
BAT RX 0x318 [8] 0D 26 0D 24 0D 24 0D 24 
BAT RX 0x317 [8] 0D 38 0D 35 0D 34 0D 33 
BAT RX 0x316 [8] 0D 2C 0D 2C 0D 2C 0D 26 
BAT RX 0x315 [8] 0D 31 0D 31 0D 31 0D 31 
BAT RX 0x314 [8] 5B 54 5B 54 00 14 05 44 
BAT RX 0x313 [8] 15 18 00 00 00 FE 64 63 
BAT RX 0x312 [8] 00 00 00 00 02 02 00 00 
BAT RX 0x311 [8] 02 38 00 00 00 00 01 00 
[keepalive] twai_transmit() -> ESP_OK
BAT RX 0x330 [8] 02 0D 02 01 0D 37 0D 24 
BAT RX 0x329 [8] 01 00 22 9C 01 00 40 35 
BAT RX 0x323 [8] 20 0E 10 00 04 00 00 00 
BAT RX 0x324 [8] 02 43 30 37 00 00 00 00 
BAT RX 0x322 [8] 01 14 00 E8 03 01 64 64 
BAT RX 0x320 [8] 50 41 C3 85 85 00 00 00 
BAT RX 0x319 [8] 00 0D 37 0D 24 1D 11 01 
BAT RX 0x318 [8] 0D 26 0D 25 0D 24 0D 24 
BAT RX 0x317 [8] 0D 37 0D 36 0D 35 0D 33 
BAT RX 0x316 [8] 0D 2D 0D 2C 0D 2B 0D 26 
BAT RX 0x315 [8] 0D 31 0D 31 0D 31 0D 31 
BAT RX 0x314 [8] 5B 54 5B 54 00 13 05 44 
BAT RX 0x313 [8] 15 18 00 00 00 FE 64 63 
BAT RX 0x312 [8] 00 00 00 00 02 02 00 00 
BAT RX 0x311 [8] 02 38 00 00 00 00 01 00 
[keepalive] twai_transmit() -> ESP_OK
[741s] OK V=54.00V I=+0.0A T=25.4C SOC=100% SOH=99% | CVL=56.8V CCL=0.0A DCL=0.0A | chg=0 dis=0 fc1=0 fc2=0 | prot=0000 warn=0000 | packs=2 | inv0x305=no
BAT RX 0x330 [8] 02 0D 02 01 0D 37 0D 24 
BAT RX 0x329 [8] 02 00 1A 25 02 00 40 D1 
BAT RX 0x323 [8] 20 0E 10 00 04 00 00 00 
BAT RX 0x324 [8] 00 02 47 50 4A 30 32 31 
BAT RX 0x322 [8] 01 14 00 E8 03 01 64 64 
BAT RX 0x320 [8] 50 41 C3 85 85 00 00 00 
BAT RX 0x319 [8] 00 0D 37 0D 24 1D 11 01 
BAT RX 0x318 [8] 0D 25 0D 24 0D 24 0D 24 
BAT RX 0x317 [8] 0D 37 0D 35 0D 34 0D 33 
BAT RX 0x316 [8] 0D 2D 0D 2C 0D 2C 0D 26 
BAT RX 0x315 [8] 0D 31 0D 31 0D 31 0D 30 
BAT RX 0x314 [8] 5B 54 5B 54 00 13 05 44 
BAT RX 0x313 [8] 15 18 00 00 00 FE 64 63 
BAT RX 0x312 [8] 00 00 00 00 02 02 00 00 
BAT RX 0x311 [8] 02 38 00 00 00 00 01 00 
[keepalive] twai_transmit() -> ESP_OK
BAT RX 0x330 [8] 02 0D 02 01 0D 37 0D 24 
BAT RX 0x329 [8] 01 00 22 9C 01 00 40 35 
BAT RX 0x323 [8] 20 0E 10 00 04 00 00 00 
BAT RX 0x324 [8] 01 39 35 32 32 30 36 32 
BAT RX 0x322 [8] 01 14 00 E8 03 01 64 64 
BAT RX 0x320 [8] 50 41 C3 85 85 00 00 00 
BAT RX 0x319 [8] 00 0D 37 0D 24 1D 11 01 
BAT RX 0x318 [8] 0D 26 0D 24 0D 24 0D 24 
BAT RX 0x317 [8] 0D 37 0D 35 0D 34 0D 34 
BAT RX 0x316 [8] 0D 2D 0D 2C 0D 2C 0D 26 
BAT RX 0x315 [8] 0D 31 0D 31 0D 31 0D 30 
BAT RX 0x314 [8] 5B 54 5B 54 00 13 05 44 
BAT RX 0x313 [8] 15 18 00 00 00 FE 64 63 
BAT RX 0x312 [8] 00 00 00 00 02 02 00 00 
BAT RX 0x311 [8] 02 38 00 00 00 00 01 00 
[keepalive] twai_transmit() -> ESP_OK
[743s] OK V=54.00V I=+0.0A T=25.4C SOC=100% SOH=99% | CVL=56.8V CCL=0.0A DCL=0.0A | chg=0 dis=0 fc1=0 fc2=0 | prot=0000 warn=0000 | packs=2 | inv0x305=no
BAT RX 0x330 [8] 02 0D 02 01 0D 37 0D 24 
BAT RX 0x329 [8] 02 00 1A 25 02 00 40 D1 
BAT RX 0x323 [8] 20 0E 10 00 04 00 00 00 
BAT RX 0x324 [8] 02 42 42 37 00 00 00 00 
BAT RX 0x322 [8] 01 14 00 E8 03 01 64 64 
BAT RX 0x320 [8] 50 41 C3 85 85 00 00 00 
BAT RX 0x319 [8] 00 0D 37 0D 24 1D 11 01 
BAT RX 0x318 [8] 0D 26 0D 25 0D 24 0D 24 
BAT RX 0x317 [8] 0D 37 0D 36 0D 34 0D 34 
BAT RX 0x316 [8] 0D 2D 0D 2C 0D 2B 0D 26 
BAT RX 0x315 [8] 0D 31 0D 31 0D 30 0D 30 
BAT RX 0x314 [8] 5B 54 5B 54 00 13 05 44 
BAT RX 0x313 [8] 15 18 00 00 00 FE 64 63 
BAT RX 0x312 [8] 00 00 00 00 02 02 00 00 
BAT RX 0x311 [8] 02 38 00 00 00 00 01 00 
[keepalive] twai_transmit() -> ESP_OK
BAT RX 0x330 [8] 02 0D 02 01 0D 37 0D 24 
BAT RX 0x329 [8] 01 00 22 9C 01 00 40 35 
BAT RX 0x323 [8] 20 0E 10 00 04 00 00 00 
BAT RX 0x324 [8] 00 01 47 50 4A 30 32 31 
BAT RX 0x322 [8] 01 14 00 E8 03 01 64 64 
BAT RX 0x320 [8] 50 41 C3 85 85 00 00 00 
BAT RX 0x319 [8] 00 0D 37 0D 24 1D 11 01 
BAT RX 0x318 [8] 0D 25 0D 24 0D 24 0D 24 
BAT RX 0x317 [8] 0D 37 0D 35 0D 34 0D 33 
BAT RX 0x316 [8] 0D 2D 0D 2C 0D 2B 0D 26 
BAT RX 0x315 [8] 0D 31 0D 31 0D 31 0D 31 
BAT RX 0x314 [8] 5B 54 5B 54 00 13 05 44 
BAT RX 0x313 [8] 15 18 00 00 00 FE 64 63 
BAT RX 0x312 [8] 00 00 00 00 02 02 00 00 
BAT RX 0x311 [8] 02 38 00 00 00 00 01 00 
[keepalive] twai_transmit() -> ESP_OK
[745s] OK V=54.00V I=+0.0A T=25.4C SOC=100% SOH=99% | CVL=56.8V CCL=0.0A DCL=0.0A | chg=0 dis=0 fc1=0 fc2=0 | prot=0000 warn=0000 | packs=2 | inv0x305=no
BAT RX 0x330 [8] 02 0D 02 0F 0D 37 0D 23 
BAT RX 0x329 [8] 02 00 1A 25 02 00 40 D1 
BAT RX 0x323 [8] 20 0E 10 00 04 00 00 00 
BAT RX 0x324 [8] 01 39 35 32 32 30 36 32 
BAT RX 0x322 [8] 01 14 00 E8 03 01 64 64 
BAT RX 0x320 [8] 50 41 C3 85 85 00 00 00 
BAT RX 0x319 [8] 00 0D 37 0D 23 1D 1F 01 
BAT RX 0x318 [8] 0D 25 0D 25 0D 24 0D 23 
BAT RX 0x317 [8] 0D 37 0D 35 0D 34 0D 33 
BAT RX 0x316 [8] 0D 2C 0D 2C 0D 2C 0D 25 
BAT RX 0x315 [8] 0D 31 0D 31 0D 31 0D 31 
BAT RX 0x314 [8] 5B 54 5B 54 00 14 05 44 
BAT RX 0x313 [8] 15 18 00 00 00 FE 64 63 
BAT RX 0x312 [8] 00 00 00 00 02 02 00 00 
BAT RX 0x311 [8] 02 38 00 00 00 00 01 00 
[keepalive] twai_transmit() -> ESP_OK
BAT RX 0x330 [8] 02 0D 02 01 0D 37 0D 24 
BAT RX 0x329 [8] 01 00 22 9C 01 00 40 35 
BAT RX 0x323 [8] 20 0E 10 00 04 00 00 00 
BAT RX 0x324 [8] 02 43 30 37 00 00 00 00 
BAT RX 0x322 [8] 01 14 00 E8 03 01 64 64 
BAT RX 0x320 [8] 50 41 C3 85 85 00 00 00 
BAT RX 0x319 [8] 00 0D 37 0D 24 1D 11 01 
BAT RX 0x318 [8] 0D 25 0D 24 0D 24 0D 24 
BAT RX 0x317 [8] 0D 37 0D 35 0D 34 0D 34 
BAT RX 0x316 [8] 0D 2C 0D 2C 0D 2B 0D 26 
BAT RX 0x315 [8] 0D 31 0D 31 0D 31 0D 31 
BAT RX 0x314 [8] 5B 54 5B 54 00 13 05 44 
BAT RX 0x313 [8] 15 18 00 00 00 FE 64 63 
BAT RX 0x312 [8] 00 00 00 00 02 02 00 00 
BAT RX 0x311 [8] 02 38 00 00 00 00 01 00 
[keepalive] twai_transmit() -> ESP_OK
[747s] OK V=54.00V I=+0.0A T=25.4C SOC=100% SOH=99% | CVL=56.8V CCL=0.0A DCL=0.0A | chg=0 dis=0 fc1=0 fc2=0 | prot=0000 warn=0000 | packs=2 | inv0x305=no
BAT RX 0x330 [8] 02 0D 02 0F 0D 37 0D 23 
BAT RX 0x329 [8] 02 00 1A 25 02 00 40 D1 
BAT RX 0x323 [8] 20 0E 10 00 04 00 00 00 
BAT RX 0x324 [8] 00 02 47 50 4A 30 32 31 
BAT RX 0x322 [8] 01 14 00 E8 03 01 64 64 
BAT RX 0x320 [8] 50 41 C3 85 85 00 00 00 
BAT RX 0x319 [8] 00 0D 37 0D 23 1D 1F 01 
BAT RX 0x318 [8] 0D 25 0D 25 0D 25 0D 23 
BAT RX 0x317 [8] 0D 37 0D 35 0D 34 0D 34 
BAT RX 0x316 [8] 0D 2C 0D 2C 0D 2B 0D 26 
BAT RX 0x315 [8] 0D 31 0D 30 0D 30 0D 30 
BAT RX 0x314 [8] 5B 54 5B 54 00 14 05 44 
BAT RX 0x313 [8] 15 18 00 00 00 FE 64 63 
BAT RX 0x312 [8] 00 00 00 00 02 02 00 00 
BAT RX 0x311 [8] 02 38 00 00 00 00 01 00 
[keepalive] twai_transmit() -> ESP_OK
BAT RX 0x330 [8] 02 0D 02 01 0D 37 0D 24 
BAT RX 0x329 [8] 01 00 22 9C 01 00 40 35 
BAT RX 0x323 [8] 20 0E 10 00 04 00 00 00 
BAT RX 0x324 [8] 01 39 35 32 32 30 36 32 
BAT RX 0x322 [8] 01 14 00 E8 03 01 64 64 
BAT RX 0x320 [8] 50 41 C3 85 85 00 00 00 
BAT RX 0x319 [8] 00 0D 37 0D 24 1D 11 01 
BAT RX 0x318 [8] 0D 25 0D 24 0D 24 0D 24 
BAT RX 0x317 [8] 0D 37 0D 35 0D 35 0D 33 
BAT RX 0x316 [8] 0D 2C 0D 2C 0D 2B 0D 26 
BAT RX 0x315 [8] 0D 31 0D 31 0D 31 0D 30 
BAT RX 0x314 [8] 5B 54 5B 54 00 13 05 44 
BAT RX 0x313 [8] 15 18 00 00 00 FE 64 63 
BAT RX 0x312 [8] 00 00 00 00 02 02 00 00 
BAT RX 0x311 [8] 02 38 00 00 00 00 01 00 
[keepalive] twai_transmit() -> ESP_OK
[749s] OK V=54.00V I=+0.0A T=25.4C SOC=100% SOH=99% | CVL=56.8V CCL=0.0A DCL=0.0A | chg=0 dis=0 fc1=0 fc2=0 | prot=0000 warn=0000 | packs=2 | inv0x305=no
BAT RX 0x330 [8] 02 0D 02 01 0D 37 0D 24 
BAT RX 0x329 [8] 02 00 1A 25 02 00 40 D1 
BAT RX 0x323 [8] 20 0E 10 00 04 00 00 00 
BAT RX 0x324 [8] 02 42 42 37 00 00 00 00 
BAT RX 0x322 [8] 01 14 00 E8 03 01 64 64 
BAT RX 0x320 [8] 50 41 C3 85 85 00 00 00 
BAT RX 0x319 [8] 00 0D 37 0D 24 1D 11 01 
BAT RX 0x318 [8] 0D 25 0D 24 0D 24 0D 24 
BAT RX 0x317 [8] 0D 37 0D 35 0D 34 0D 33 
BAT RX 0x316 [8] 0D 2C 0D 2C 0D 2C 0D 26 
BAT RX 0x315 [8] 0D 31 0D 31 0D 31 0D 31 
BAT RX 0x314 [8] 5B 54 5B 54 00 13 05 44 
BAT RX 0x313 [8] 15 18 00 00 00 FE 64 63 
BAT RX 0x312 [8] 00 00 00 00 02 02 00 00 
BAT RX 0x311 [8] 02 38 00 00 00 00 01 00 

---- battery-bus rate stats (VERBOSE_STATS) ----------------------------
  10511 frames, 750 s elapsed
  ID     count   period(ms)  (min-max gap)
  0x312     701    997 (7-1000)
  0x313     701    997 (3-1000)
  0x314     701    997 (4-1000)
  0x315     701    997 (4-1000)
  0x316     701    997 (3-1000)
  0x317     701    997 (3-1000)
  0x318     701    997 (4-1000)
  0x319     701    997 (4-1000)
  0x320     701    997 (4-1000)
  0x322     701    997 (4-1000)
  0x311     701    997 (4-1000)
  0x323     700    998 (767-1000)
  0x324     700    998 (768-1000)
  0x329     700    998 (757-1002)
  0x330     700    998 (746-1000)
--------------------------------------------------------------------------

  TWAI: state=RUNNING  tx_err=0 rx_err=0  tx_failed=0  rx_missed=0 rx_overrun=0  arb_lost=0  bus_err=190881
[keepalive] twai_transmit() -> ESP_OK
BAT RX 0x330 [8] 02 0D 02 01 0D 37 0D 24 
BAT RX 0x329 [8] 01 00 22 9C 01 00 40 35 
BAT RX 0x323 [8] 20 0E 10 00 04 00 00 00 
BAT RX 0x324 [8] 00 01 47 50 4A 30 32 31 
BAT RX 0x322 [8] 01 14 00 E8 03 01 64 64 
BAT RX 0x320 [8] 50 41 C3 85 85 00 00 00 
BAT RX 0x319 [8] 00 0D 37 0D 24 1D 11 01 
BAT RX 0x318 [8] 0D 25 0D 24 0D 24 0D 24 
BAT RX 0x317 [8] 0D 37 0D 35 0D 34 0D 33 
BAT RX 0x316 [8] 0D 2D 0D 2C 0D 2B 0D 26 
BAT RX 0x315 [8] 0D 31 0D 31 0D 30 0D 30 
BAT RX 0x314 [8] 5B 54 5B 54 00 13 05 44 
BAT RX 0x313 [8] 15 18 00 00 00 FE 64 63 
BAT RX 0x312 [8] 00 00 00 00 02 02 00 00 
BAT RX 0x311 [8] 02 38 00 00 00 00 01 00 
[keepalive] twai_transmit() -> ESP_OK
[751s] OK V=54.00V I=+0.0A T=25.4C SOC=100% SOH=99% | CVL=56.8V CCL=0.0A DCL=0.0A | chg=0 dis=0 fc1=0 fc2=0 | prot=0000 warn=0000 | packs=2 | inv0x305=no
BAT RX 0x330 [8] 02 0D 02 0F 0D 37 0D 23 
BAT RX 0x329 [8] 02 00 1A 25 02 00 40 D1 
BAT RX 0x323 [8] 20 0E 10 00 04 00 00 00 
BAT RX 0x324 [8] 01 39 35 32 32 30 36 32 
BAT RX 0x322 [8] 01 14 00 E8 03 01 64 64 
BAT RX 0x320 [8] 50 41 C3 85 85 00 00 00 
BAT RX 0x319 [8] 00 0D 37 0D 23 1D 1F 01 
BAT RX 0x318 [8] 0D 25 0D 24 0D 24 0D 23 
BAT RX 0x317 [8] 0D 37 0D 35 0D 34 0D 33 
BAT RX 0x316 [8] 0D 2D 0D 2C 0D 2B 0D 25 
BAT RX 0x315 [8] 0D 31 0D 31 0D 30 0D 30 
BAT RX 0x314 [8] 5B 54 5B 54 00 14 05 44 
BAT RX 0x313 [8] 15 18 00 00 00 FE 64 63 
BAT RX 0x312 [8] 00 00 00 00 02 02 00 00 
BAT RX 0x311 [8] 02 38 00 00 00 00 01 00 
[keepalive] twai_transmit() -> ESP_OK
BAT RX 0x330 [8] 02 0D 02 01 0D 37 0D 24 
BAT RX 0x329 [8] 01 00 22 9C 01 00 40 35 
BAT RX 0x323 [8] 20 0E 10 00 04 00 00 00 
BAT RX 0x324 [8] 02 43 30 37 00 00 00 00 
BAT RX 0x322 [8] 01 14 00 E8 03 01 64 64 
BAT RX 0x320 [8] 50 41 C3 85 85 00 00 00 
BAT RX 0x319 [8] 00 0D 37 0D 24 1D 11 01 
BAT RX 0x318 [8] 0D 25 0D 24 0D 24 0D 24 
BAT RX 0x317 [8] 0D 37 0D 35 0D 35 0D 33 
BAT RX 0x316 [8] 0D 2C 0D 2C 0D 2B 0D 26 
BAT RX 0x315 [8] 0D 31 0D 31 0D 31 0D 30 
BAT RX 0x314 [8] 5B 54 5B 54 00 13 05 44 
BAT RX 0x313 [8] 15 18 00 00 00 FE 64 63 
BAT RX 0x312 [8] 00 00 00 00 02 02 00 00 
BAT RX 0x311 [8] 02 38 00 00 00 00 01 00 
[keepalive] twai_transmit() -> ESP_OK
[753s] OK V=54.00V I=+0.0A T=25.4C SOC=100% SOH=99% | CVL=56.8V CCL=0.0A DCL=0.0A | chg=0 dis=0 fc1=0 fc2=0 | prot=0000 warn=0000 | packs=2 | inv0x305=no
BAT RX 0x330 [8] 02 0D 02 01 0D 37 0D 24 
BAT RX 0x329 [8] 02 00 1A 25 02 00 40 D1 
BAT RX 0x323 [8] 20 0E 10 00 04 00 00 00 
BAT RX 0x324 [8] 00 02 47 50 4A 30 32 31 
BAT RX 0x322 [8] 01 14 00 E8 03 01 64 64 
BAT RX 0x320 [8] 50 41 C3 85 85 00 00 00 
BAT RX 0x319 [8] 00 0D 37 0D 24 1D 11 01 
BAT RX 0x318 [8] 0D 25 0D 24 0D 24 0D 24 
BAT RX 0x317 [8] 0D 37 0D 35 0D 34 0D 34 
BAT RX 0x316 [8] 0D 2D 0D 2C 0D 2B 0D 25 
BAT RX 0x315 [8] 0D 31 0D 31 0D 31 0D 31 
BAT RX 0x314 [8] 5B 54 5B 54 00 13 05 44 
BAT RX 0x313 [8] 15 18 00 00 00 FE 64 63 
BAT RX 0x312 [8] 00 00 00 00 02 02 00 00 
BAT RX 0x311 [8] 02 38 00 00 00 00 01 00 
[keepalive] twai_transmit() -> ESP_OK
BAT RX 0x330 [8] 02 0D 02 01 0D 37 0D 24 
BAT RX 0x329 [8] 01 00 22 9C 01 00 40 35 
BAT RX 0x323 [8] 20 0E 10 00 04 00 00 00 
BAT RX 0x324 [8] 01 39 35 32 32 30 36 32 
BAT RX 0x322 [8] 01 14 00 E8 03 01 64 64 
BAT RX 0x320 [8] 50 41 C3 85 85 00 00 00 
BAT RX 0x319 [8] 00 0D 37 0D 24 1D 11 01 
BAT RX 0x318 [8] 0D 25 0D 24 0D 24 0D 24 
BAT RX 0x317 [8] 0D 37 0D 35 0D 34 0D 33 
BAT RX 0x316 [8] 0D 2C 0D 2C 0D 2B 0D 26 
BAT RX 0x315 [8] 0D 31 0D 31 0D 31 0D 30 
BAT RX 0x314 [8] 5B 54 5B 54 00 13 05 44 
BAT RX 0x313 [8] 15 18 00 00 00 FE 64 63 
BAT RX 0x312 [8] 00 00 00 00 02 02 00 00 
BAT RX 0x311 [8] 02 38 00 00 00 00 01 00 
[keepalive] twai_transmit() -> ESP_OK
[755s] OK V=54.00V I=+0.0A T=25.4C SOC=100% SOH=99% | CVL=56.8V CCL=0.0A DCL=0.0A | chg=0 dis=0 fc1=0 fc2=0 | prot=0000 warn=0000 | packs=2 | inv0x305=no
BAT RX 0x330 [8] 02 0D 02 01 0D 37 0D 24 
BAT RX 0x329 [8] 02 00 1A 25 02 00 40 D1 
BAT RX 0x323 [8] 20 0E 10 00 04 00 00 00 
BAT RX 0x324 [8] 02 42 42 37 00 00 00 00 
BAT RX 0x322 [8] 01 14 00 E8 03 01 64 64 
BAT RX 0x320 [8] 50 41 C3 85 85 00 00 00 
BAT RX 0x319 [8] 00 0D 37 0D 24 1D 11 01 
BAT RX 0x318 [8] 0D 25 0D 24 0D 24 0D 24 
BAT RX 0x317 [8] 0D 37 0D 35 0D 34 0D 33 
BAT RX 0x316 [8] 0D 2C 0D 2C 0D 2B 0D 26 
BAT RX 0x315 [8] 0D 31 0D 31 0D 30 0D 30 
BAT RX 0x314 [8] 5B 54 5B 54 00 13 05 44 
BAT RX 0x313 [8] 15 18 00 00 00 FE 64 63 
BAT RX 0x312 [8] 00 00 00 00 02 02 00 00 
BAT RX 0x311 [8] 02 38 00 00 00 00 01 00 
[keepalive] twai_transmit() -> ESP_OK
BAT RX 0x330 [8] 02 0D 02 01 0D 37 0D 24 
BAT RX 0x329 [8] 01 00 22 9C 01 00 40 35 
BAT RX 0x323 [8] 20 0E 10 00 04 00 00 00 
BAT RX 0x324 [8] 00 01 47 50 4A 30 32 31 
BAT RX 0x322 [8] 01 14 00 E8 03 01 64 64 
BAT RX 0x320 [8] 50 41 C3 85 85 00 00 00 
BAT RX 0x319 [8] 00 0D 37 0D 24 1D 11 01 
BAT RX 0x318 [8] 0D 25 0D 24 0D 24 0D 24 
BAT RX 0x317 [8] 0D 37 0D 35 0D 35 0D 33 
BAT RX 0x316 [8] 0D 2C 0D 2C 0D 2C 0D 25 
BAT RX 0x315 [8] 0D 31 0D 31 0D 30 0D 30 
BAT RX 0x314 [8] 5B 54 5B 54 00 13 05 44 
BAT RX 0x313 [8] 15 18 00 00 00 FE 64 63 
BAT RX 0x312 [8] 00 00 00 00 02 02 00 00 
BAT RX 0x311 [8] 02 38 00 00 00 00 01 00 
[keepalive] twai_transmit() -> ESP_OK
[757s] OK V=54.00V I=+0.0A T=25.4C SOC=100% SOH=99% | CVL=56.8V CCL=0.0A DCL=0.0A | chg=0 dis=0 fc1=0 fc2=0 | prot=0000 warn=0000 | packs=2 | inv0x305=no
BAT RX 0x330 [8] 02 0D 02 01 0D 37 0D 24 
BAT RX 0x329 [8] 02 00 1A 25 02 00 40 D1 
BAT RX 0x323 [8] 20 0E 10 00 04 00 00 00 
BAT RX 0x324 [8] 01 39 35 32 32 30 36 32 
BAT RX 0x322 [8] 01 14 00 E8 03 01 64 64 
BAT RX 0x320 [8] 50 41 C3 85 85 00 00 00 
BAT RX 0x319 [8] 00 0D 37 0D 24 1D 11 01 
BAT RX 0x318 [8] 0D 25 0D 24 0D 24 0D 24 
BAT RX 0x317 [8] 0D 37 0D 35 0D 34 0D 33 
BAT RX 0x316 [8] 0D 2C 0D 2C 0D 2B 0D 25 
BAT RX 0x315 [8] 0D 31 0D 31 0D 31 0D 31 
BAT RX 0x314 [8] 5B 54 5B 54 00 13 05 44 
BAT RX 0x313 [8] 15 18 00 00 00 FE 64 63 
BAT RX 0x312 [8] 00 00 00 00 02 02 00 00 
BAT RX 0x311 [8] 02 38 00 00 00 00 01 00 
[keepalive] twai_transmit() -> ESP_OK
BAT RX 0x330 [8] 02 0D 02 01 0D 37 0D 24 
BAT RX 0x329 [8] 01 00 22 9C 01 00 40 35 
BAT RX 0x323 [8] 20 0E 10 00 04 00 00 00 
BAT RX 0x324 [8] 02 43 30 37 00 00 00 00 
BAT RX 0x322 [8] 01 14 00 E8 03 01 64 64 
BAT RX 0x320 [8] 50 41 C3 85 85 00 00 00 
BAT RX 0x319 [8] 00 0D 37 0D 24 1D 11 01 
BAT RX 0x318 [8] 0D 25 0D 24 0D 24 0D 24 
BAT RX 0x317 [8] 0D 37 0D 35 0D 34 0D 33 
BAT RX 0x316 [8] 0D 2C 0D 2C 0D 2B 0D 26 
BAT RX 0x315 [8] 0D 31 0D 31 0D 31 0D 30 
BAT RX 0x314 [8] 5B 54 5B 54 00 13 05 44 
BAT RX 0x313 [8] 15 18 00 00 00 FE 64 63 
BAT RX 0x312 [8] 00 00 00 00 02 02 00 00 
BAT RX 0x311 [8] 02 38 00 00 00 00 01 00 
[keepalive] twai_transmit() -> ESP_OK
[759s] OK V=54.00V I=+0.0A T=25.4C SOC=100% SOH=99% | CVL=56.8V CCL=0.0A DCL=0.0A | chg=0 dis=0 fc1=0 fc2=0 | prot=0000 warn=0000 | packs=2 | inv0x305=no
BAT RX 0x330 [8] 02 0D 02 01 0D 37 0D 24 
BAT RX 0x329 [8] 02 00 1A 25 02 00 40 D1 
BAT RX 0x323 [8] 20 0E 10 00 04 00 00 00 
BAT RX 0x324 [8] 00 02 47 50 4A 30 32 31 
BAT RX 0x322 [8] 01 14 00 E8 03 01 64 64 
BAT RX 0x320 [8] 50 41 C3 85 85 00 00 00 
BAT RX 0x319 [8] 00 0D 37 0D 24 1D 11 01 
BAT RX 0x318 [8] 0D 25 0D 24 0D 24 0D 24 
BAT RX 0x317 [8] 0D 37 0D 35 0D 34 0D 33 
BAT RX 0x316 [8] 0D 2C 0D 2C 0D 2C 0D 25 
BAT RX 0x315 [8] 0D 31 0D 30 0D 30 0D 30 
BAT RX 0x314 [8] 5B 54 5B 54 00 13 05 44 
BAT RX 0x313 [8] 15 18 00 00 00 FE 64 63 
BAT RX 0x312 [8] 00 00 00 00 02 02 00 00 
BAT RX 0x311 [8] 02 38 00 00 00 00 01 00 
[keepalive] twai_transmit() -> ESP_OK
BAT RX 0x330 [8] 02 0D 02 0F 0D 37 0D 23 
BAT RX 0x329 [8] 01 00 22 9C 01 00 40 35 
BAT RX 0x323 [8] 20 0E 10 00 04 00 00 00 
BAT RX 0x324 [8] 01 39 35 32 32 30 36 32 
BAT RX 0x322 [8] 01 14 00 E8 03 01 64 64 
BAT RX 0x320 [8] 50 41 C3 85 85 00 00 00 
BAT RX 0x319 [8] 00 0D 37 0D 23 1D 1F 01 
BAT RX 0x318 [8] 0D 26 0D 24 0D 24 0D 23 
BAT RX 0x317 [8] 0D 37 0D 35 0D 34 0D 33 
BAT RX 0x316 [8] 0D 2C 0D 2B 0D 2B 0D 26 
BAT RX 0x315 [8] 0D 31 0D 30 0D 30 0D 30 
BAT RX 0x314 [8] 5B 54 5B 54 00 14 05 44 
BAT RX 0x313 [8] 15 18 00 00 00 FE 64 63 
BAT RX 0x312 [8] 00 00 00 00 02 02 00 00 
BAT RX 0x311 [8] 02 38 00 00 00 00 01 00 
[keepalive] twai_transmit() -> ESP_OK
[761s] OK V=54.00V I=+0.0A T=25.4C SOC=100% SOH=99% | CVL=56.8V CCL=0.0A DCL=0.0A | chg=0 dis=0 fc1=0 fc2=0 | prot=0000 warn=0000 | packs=2 | inv0x305=no
BAT RX 0x330 [8] 02 0D 02 01 0D 37 0D 24 
BAT RX 0x329 [8] 02 00 1A 25 02 00 40 D1 
BAT RX 0x323 [8] 20 0E 10 00 04 00 00 00 
BAT RX 0x324 [8] 02 42 42 37 00 00 00 00 
BAT RX 0x322 [8] 01 14 00 E8 03 01 64 64 
BAT RX 0x320 [8] 50 41 C3 85 85 00 00 00 
BAT RX 0x319 [8] 00 0D 37 0D 24 1D 11 01 
BAT RX 0x318 [8] 0D 25 0D 24 0D 24 0D 24 
BAT RX 0x317 [8] 0D 37 0D 35 0D 34 0D 33 
BAT RX 0x316 [8] 0D 2D 0D 2C 0D 2B 0D 25 
BAT RX 0x315 [8] 0D 31 0D 30 0D 30 0D 30 
BAT RX 0x314 [8] 5B 54 5B 54 00 13 05 44 
BAT RX 0x313 [8] 15 18 00 00 00 FE 64 63 
BAT RX 0x312 [8] 00 00 00 00 02 02 00 00 
BAT RX 0x311 [8] 02 38 00 00 00 00 01 00 
[keepalive] twai_transmit() -> ESP_OK
BAT RX 0x330 [8] 02 0D 02 0F 0D 37 0D 23 
BAT RX 0x329 [8] 01 00 22 9C 01 00 40 35 
BAT RX 0x323 [8] 20 0E 10 00 04 00 00 00 
BAT RX 0x324 [8] 00 01 47 50 4A 30 32 31 
BAT RX 0x322 [8] 01 14 00 E8 03 01 64 64 
BAT RX 0x320 [8] 50 41 C3 85 85 00 00 00 
BAT RX 0x319 [8] 00 0D 37 0D 23 1D 1F 01 
BAT RX 0x318 [8] 0D 25 0D 24 0D 24 0D 23 
BAT RX 0x317 [8] 0D 37 0D 35 0D 34 0D 33 
BAT RX 0x316 [8] 0D 2C 0D 2C 0D 2B 0D 26 
BAT RX 0x315 [8] 0D 31 0D 31 0D 30 0D 30 
BAT RX 0x314 [8] 5B 54 5B 54 00 14 05 44 
BAT RX 0x313 [8] 15 18 00 00 00 FE 64 63 
BAT RX 0x312 [8] 00 00 00 00 02 02 00 00 
BAT RX 0x311 [8] 02 38 00 00 00 00 01 00 
[keepalive] twai_transmit() -> ESP_OK
[763s] OK V=54.00V I=+0.0A T=25.4C SOC=100% SOH=99% | CVL=56.8V CCL=0.0A DCL=0.0A | chg=0 dis=0 fc1=0 fc2=0 | prot=0000 warn=0000 | packs=2 | inv0x305=no
BAT RX 0x330 [8] 02 0D 02 0F 0D 37 0D 23 
BAT RX 0x329 [8] 02 00 1A 25 02 00 40 D1 
BAT RX 0x323 [8] 20 0E 10 00 04 00 00 00 
BAT RX 0x324 [8] 01 39 35 32 32 30 36 32 
BAT RX 0x322 [8] 01 14 00 E8 03 01 64 64 
BAT RX 0x320 [8] 50 41 C3 85 85 00 00 00 
BAT RX 0x319 [8] 00 0D 37 0D 23 1D 1F 01 
BAT RX 0x318 [8] 0D 25 0D 24 0D 24 0D 23 
BAT RX 0x317 [8] 0D 37 0D 35 0D 34 0D 33 
BAT RX 0x316 [8] 0D 2C 0D 2C 0D 2B 0D 26 
BAT RX 0x315 [8] 0D 31 0D 31 0D 31 0D 30 
BAT RX 0x314 [8] 5B 54 5B 54 00 14 05 44 
BAT RX 0x313 [8] 15 18 00 00 00 FE 64 63 
BAT RX 0x312 [8] 00 00 00 00 02 02 00 00 
BAT RX 0x311 [8] 02 38 00 00 00 00 01 00 
[keepalive] twai_transmit() -> ESP_OK
BAT RX 0x330 [8] 02 0D 02 0F 0D 37 0D 23 
BAT RX 0x329 [8] 01 00 22 9C 01 00 40 35 
BAT RX 0x323 [8] 20 0E 10 00 04 00 00 00 
BAT RX 0x324 [8] 02 43 30 37 00 00 00 00 
BAT RX 0x322 [8] 01 14 00 E8 03 01 64 64 
BAT RX 0x320 [8] 50 41 C3 85 85 00 00 00 
BAT RX 0x319 [8] 00 0D 37 0D 23 1D 1F 01 
BAT RX 0x318 [8] 0D 25 0D 24 0D 24 0D 23 
BAT RX 0x317 [8] 0D 37 0D 35 0D 33 0D 33 
BAT RX 0x316 [8] 0D 2D 0D 2C 0D 2B 0D 25 
BAT RX 0x315 [8] 0D 31 0D 30 0D 30 0D 30 
BAT RX 0x314 [8] 5B 54 5B 54 00 14 05 44 
BAT RX 0x313 [8] 15 0E 00 00 00 FE 64 63 
BAT RX 0x312 [8] 00 00 00 00 02 02 00 00 
BAT RX 0x311 [8] 02 38 00 00 00 00 01 00 

---- battery-bus rate stats (VERBOSE_STATS) ----------------------------
  10736 frames, 765 s elapsed
  ID     count   period(ms)  (min-max gap)
  0x312     716    997 (7-1000)
  0x313     716    997 (3-1000)
  0x314     716    997 (4-1000)
  0x315     716    997 (4-1000)
  0x316     716    997 (3-1000)
  0x317     716    997 (3-1000)
  0x318     716    997 (4-1000)
  0x319     716    997 (4-1000)
  0x320     716    997 (4-1000)
  0x322     716    997 (4-1000)
  0x311     716    997 (4-1000)
  0x323     715    998 (767-1000)
  0x324     715    998 (768-1000)
  0x329     715    998 (757-1002)
  0x330     715    998 (746-1000)
--------------------------------------------------------------------------

  TWAI: state=RUNNING  tx_err=0 rx_err=0  tx_failed=0  rx_missed=0 rx_overrun=0  arb_lost=0  bus_err=190881
[keepalive] twai_transmit() -> ESP_OK
[765s] OK V=53.90V I=+0.0A T=25.4C SOC=100% SOH=99% | CVL=56.8V CCL=0.0A DCL=0.0A | chg=0 dis=0 fc1=0 fc2=0 | prot=0000 warn=0000 | packs=2 | inv0x305=no
BAT RX 0x330 [8] 02 0D 02 01 0D 37 0D 24 
BAT RX 0x329 [8] 02 00 1A 25 02 00 40 D1 
BAT RX 0x323 [8] 20 0E 10 00 04 00 00 00 
BAT RX 0x324 [8] 00 02 47 50 4A 30 32 31 
BAT RX 0x322 [8] 01 14 00 E8 03 01 64 64 
BAT RX 0x320 [8] 50 41 C3 85 85 00 00 00 
BAT RX 0x319 [8] 00 0D 37 0D 24 1D 11 01 
BAT RX 0x318 [8] 0D 25 0D 24 0D 24 0D 24 
BAT RX 0x317 [8] 0D 37 0D 35 0D 34 0D 33 
BAT RX 0x316 [8] 0D 2C 0D 2C 0D 2B 0D 26 
BAT RX 0x315 [8] 0D 31 0D 31 0D 30 0D 30 
BAT RX 0x314 [8] 5B 54 5B 54 00 13 05 44 
BAT RX 0x313 [8] 15 18 00 00 00 FE 64 63 
BAT RX 0x312 [8] 00 00 00 00 02 02 00 00 
BAT RX 0x311 [8] 02 38 00 00 00 00 01 00 
[keepalive] twai_transmit() -> ESP_OK
BAT RX 0x330 [8] 02 0D 02 01 0D 37 0D 23 
BAT RX 0x329 [8] 01 00 22 9C 01 00 40 35 
BAT RX 0x323 [8] 20 0E 10 00 04 00 00 00 
BAT RX 0x324 [8] 01 39 35 32 32 30 36 32 
BAT RX 0x322 [8] 01 14 00 E8 03 01 64 64 
BAT RX 0x320 [8] 50 41 C3 85 85 00 00 00 
BAT RX 0x319 [8] 00 0D 37 0D 23 1D 11 01 
BAT RX 0x318 [8] 0D 25 0D 24 0D 24 0D 23 
BAT RX 0x317 [8] 0D 37 0D 35 0D 34 0D 33 
BAT RX 0x316 [8] 0D 2C 0D 2C 0D 2B 0D 26 
BAT RX 0x315 [8] 0D 31 0D 31 0D 30 0D 30 
BAT RX 0x314 [8] 5B 54 5B 54 00 14 05 44 
BAT RX 0x313 [8] 15 18 00 00 00 FE 64 63 
BAT RX 0x312 [8] 00 00 00 00 02 02 00 00 
BAT RX 0x311 [8] 02 38 00 00 00 00 01 00 
[keepalive] twai_transmit() -> ESP_OK
[767s] OK V=54.00V I=+0.0A T=25.4C SOC=100% SOH=99% | CVL=56.8V CCL=0.0A DCL=0.0A | chg=0 dis=0 fc1=0 fc2=0 | prot=0000 warn=0000 | packs=2 | inv0x305=no
BAT RX 0x330 [8] 02 0D 02 01 0D 37 0D 24 
BAT RX 0x329 [8] 02 00 1A 25 02 00 40 D1 
BAT RX 0x323 [8] 20 0E 10 00 04 00 00 00 
BAT RX 0x324 [8] 02 42 42 37 00 00 00 00 
BAT RX 0x322 [8] 01 14 00 E8 03 01 64 64 
BAT RX 0x320 [8] 50 41 C3 85 85 00 00 00 
BAT RX 0x319 [8] 00 0D 37 0D 24 1D 11 01 
BAT RX 0x318 [8] 0D 26 0D 24 0D 24 0D 24 
BAT RX 0x317 [8] 0D 37 0D 35 0D 34 0D 33 
BAT RX 0x316 [8] 0D 2C 0D 2B 0D 2B 0D 26 
BAT RX 0x315 [8] 0D 31 0D 31 0D 30 0D 30 
BAT RX 0x314 [8] 5B 54 5B 54 00 13 05 44 
BAT RX 0x313 [8] 15 0E 00 00 00 FE 64 63 
BAT RX 0x312 [8] 00 00 00 00 02 02 00 00 
BAT RX 0x311 [8] 02 38 00 00 00 00 01 00 
[keepalive] twai_transmit() -> ESP_OK
BAT RX 0x330 [8] 02 0D 02 01 0D 37 0D 24 
BAT RX 0x329 [8] 01 00 22 9C 01 00 40 35 
BAT RX 0x323 [8] 20 0E 10 00 04 00 00 00 
BAT RX 0x324 [8] 00 01 47 50 4A 30 32 31 
BAT RX 0x322 [8] 01 14 00 E8 03 01 64 64 
BAT RX 0x320 [8] 50 41 C3 85 85 00 00 00 
BAT RX 0x319 [8] 00 0D 37 0D 24 1D 11 01 
BAT RX 0x318 [8] 0D 25 0D 24 0D 24 0D 24 
BAT RX 0x317 [8] 0D 37 0D 35 0D 34 0D 33 
BAT RX 0x316 [8] 0D 2C 0D 2C 0D 2B 0D 25 
BAT RX 0x315 [8] 0D 31 0D 30 0D 30 0D 30 
BAT RX 0x314 [8] 5B 54 5B 54 00 13 05 44 
BAT RX 0x313 [8] 15 0E 00 00 00 FE 64 63 
BAT RX 0x312 [8] 00 00 00 00 02 02 00 00 
BAT RX 0x311 [8] 02 38 00 00 00 00 01 00 
[keepalive] twai_transmit() -> ESP_OK
[769s] OK V=53.90V I=+0.0A T=25.4C SOC=100% SOH=99% | CVL=56.8V CCL=0.0A DCL=0.0A | chg=0 dis=0 fc1=0 fc2=0 | prot=0000 warn=0000 | packs=2 | inv0x305=no
BAT RX 0x330 [8] 02 0D 02 01 0D 37 0D 24 
BAT RX 0x329 [8] 02 00 1A 25 02 00 40 D1 
BAT RX 0x323 [8] 20 0E 10 00 04 00 00 00 
BAT RX 0x324 [8] 01 39 35 32 32 30 36 32 
BAT RX 0x322 [8] 01 14 00 E8 03 01 64 64 
BAT RX 0x320 [8] 50 41 C3 85 85 00 00 00 
BAT RX 0x319 [8] 00 0D 37 0D 24 1D 11 01 
BAT RX 0x318 [8] 0D 25 0D 24 0D 24 0D 24 
BAT RX 0x317 [8] 0D 37 0D 35 0D 34 0D 33 
BAT RX 0x316 [8] 0D 2D 0D 2B 0D 2B 0D 25 
BAT RX 0x315 [8] 0D 31 0D 30 0D 30 0D 30 
BAT RX 0x314 [8] 5B 54 5B 54 00 13 05 44 
BAT RX 0x313 [8] 15 0E 00 00 00 FE 64 63 
BAT RX 0x312 [8] 00 00 00 00 02 02 00 00 
BAT RX 0x311 [8] 02 38 00 00 00 00 01 00 
[keepalive] twai_transmit() -> ESP_OK
BAT RX 0x330 [8] 02 0D 02 0E 0D 37 0D 23 
BAT RX 0x329 [8] 01 00 22 9C 01 00 40 35 
BAT RX 0x323 [8] 20 0E 10 00 04 00 00 00 
BAT RX 0x324 [8] 02 43 30 37 00 00 00 00 
BAT RX 0x322 [8] 01 14 00 E8 03 01 64 64 
BAT RX 0x320 [8] 50 41 C3 85 85 00 00 00 
BAT RX 0x319 [8] 00 0D 37 0D 23 1D 1E 01 
BAT RX 0x318 [8] 0D 25 0D 24 0D 23 0D 23 
BAT RX 0x317 [8] 0D 37 0D 35 0D 34 0D 33 
BAT RX 0x316 [8] 0D 2D 0D 2C 0D 2B 0D 25 
BAT RX 0x315 [8] 0D 31 0D 30 0D 30 0D 30 
BAT RX 0x314 [8] 5B 54 5B 54 00 14 05 44 
BAT RX 0x313 [8] 15 0E 00 00 00 FE 64 63 
BAT RX 0x312 [8] 00 00 00 00 02 02 00 00 
BAT RX 0x311 [8] 02 38 00 00 00 00 01 00 
[keepalive] twai_transmit() -> ESP_OK
[771s] OK V=53.90V I=+0.0A T=25.4C SOC=100% SOH=99% | CVL=56.8V CCL=0.0A DCL=0.0A | chg=0 dis=0 fc1=0 fc2=0 | prot=0000 warn=0000 | packs=2 | inv0x305=no
BAT RX 0x330 [8] 02 0D 02 01 0D 37 0D 23 
BAT RX 0x329 [8] 02 00 1A 25 02 00 40 D1 
BAT RX 0x323 [8] 20 0E 10 00 04 00 00 00 
BAT RX 0x324 [8] 00 02 47 50 4A 30 32 31 
BAT RX 0x322 [8] 01 14 00 E8 03 01 64 64 
BAT RX 0x320 [8] 50 41 C3 85 85 00 00 00 
BAT RX 0x319 [8] 00 0D 37 0D 23 1D 11 01 
BAT RX 0x318 [8] 0D 25 0D 24 0D 24 0D 23 
BAT RX 0x317 [8] 0D 37 0D 35 0D 34 0D 33 
BAT RX 0x316 [8] 0D 2C 0D 2C 0D 2B 0D 25 
BAT RX 0x315 [8] 0D 31 0D 30 0D 30 0D 30 
BAT RX 0x314 [8] 5B 54 5B 54 00 14 05 44 
BAT RX 0x313 [8] 15 0E 00 00 00 FE 64 63 
BAT RX 0x312 [8] 00 00 00 00 02 02 00 00 
BAT RX 0x311 [8] 02 38 00 00 00 00 01 00 
[keepalive] twai_transmit() -> ESP_OK
BAT RX 0x330 [8] 02 0D 02 01 0D 37 0D 24 
BAT RX 0x329 [8] 01 00 22 9C 01 00 40 35 
BAT RX 0x323 [8] 20 0E 10 00 04 00 00 00 
BAT RX 0x324 [8] 01 39 35 32 32 30 36 32 
BAT RX 0x322 [8] 01 14 00 E8 03 01 64 64 
BAT RX 0x320 [8] 50 41 C3 85 85 00 00 00 
BAT RX 0x319 [8] 00 0D 37 0D 24 1D 11 01 
BAT RX 0x318 [8] 0D 25 0D 24 0D 24 0D 24 
BAT RX 0x317 [8] 0D 37 0D 35 0D 34 0D 33 
BAT RX 0x316 [8] 0D 2C 0D 2C 0D 2B 0D 26 
BAT RX 0x315 [8] 0D 31 0D 30 0D 30 0D 30 
BAT RX 0x314 [8] 5B 54 5B 54 00 13 05 44 
BAT RX 0x313 [8] 15 0E 00 00 00 FE 64 63 
BAT RX 0x312 [8] 00 00 00 00 02 02 00 00 
BAT RX 0x311 [8] 02 38 00 00 00 00 01 00 
[keepalive] twai_transmit() -> ESP_OK
[773s] OK V=53.90V I=+0.0A T=25.4C SOC=100% SOH=99% | CVL=56.8V CCL=0.0A DCL=0.0A | chg=0 dis=0 fc1=0 fc2=0 | prot=0000 warn=0000 | packs=2 | inv0x305=no
BAT RX 0x330 [8] 02 0D 02 01 0D 37 0D 23 
BAT RX 0x329 [8] 02 00 1A 25 02 00 40 D1 
BAT RX 0x323 [8] 20 0E 10 00 04 00 00 00 
BAT RX 0x324 [8] 02 42 42 37 00 00 00 00 
BAT RX 0x322 [8] 01 14 00 E8 03 01 64 64 
BAT RX 0x320 [8] 50 41 C3 85 85 00 00 00 
BAT RX 0x319 [8] 00 0D 37 0D 23 1D 11 01 
BAT RX 0x318 [8] 0D 25 0D 24 0D 24 0D 23 
BAT RX 0x317 [8] 0D 37 0D 35 0D 34 0D 33 
BAT RX 0x316 [8] 0D 2C 0D 2B 0D 2B 0D 26 
BAT RX 0x315 [8] 0D 30 0D 30 0D 30 0D 30 
BAT RX 0x314 [8] 5B 54 5B 54 00 14 05 44 
BAT RX 0x313 [8] 15 0E 00 00 00 FE 64 63 
BAT RX 0x312 [8] 00 00 00 00 02 02 00 00 
BAT RX 0x311 [8] 02 38 00 00 00 00 01 00 
[keepalive] twai_transmit() -> ESP_OK
BAT RX 0x330 [8] 02 0D 02 0F 0D 37 0D 23 
BAT RX 0x329 [8] 01 00 22 9C 01 00 40 35 
BAT RX 0x323 [8] 20 0E 10 00 04 00 00 00 
BAT RX 0x324 [8] 00 01 47 50 4A 30 32 31 
BAT RX 0x322 [8] 01 14 00 E8 03 01 64 64 
BAT RX 0x320 [8] 50 41 C3 85 85 00 00 00 
BAT RX 0x319 [8] 00 0D 37 0D 23 1D 1F 01 
BAT RX 0x318 [8] 0D 25 0D 24 0D 24 0D 23 
BAT RX 0x317 [8] 0D 37 0D 34 0D 34 0D 33 
BAT RX 0x316 [8] 0D 2C 0D 2B 0D 2B 0D 26 
BAT RX 0x315 [8] 0D 31 0D 30 0D 30 0D 30 
BAT RX 0x314 [8] 5B 54 5B 54 00 14 05 44 
BAT RX 0x313 [8] 15 0E 00 00 00 FE 64 63 
BAT RX 0x312 [8] 00 00 00 00 02 02 00 00 
BAT RX 0x311 [8] 02 38 00 00 00 00 01 00 
[keepalive] twai_transmit() -> ESP_OK
[775s] OK V=53.90V I=+0.0A T=25.4C SOC=100% SOH=99% | CVL=56.8V CCL=0.0A DCL=0.0A | chg=0 dis=0 fc1=0 fc2=0 | prot=0000 warn=0000 | packs=2 | inv0x305=no
BAT RX 0x330 [8] 02 0D 02 01 0D 37 0D 24 
BAT RX 0x329 [8] 02 00 1A 25 02 00 40 D1 
BAT RX 0x323 [8] 20 0E 10 00 04 00 00 00 
BAT RX 0x324 [8] 01 39 35 32 32 30 36 32 
BAT RX 0x322 [8] 01 14 00 E8 03 01 64 64 
BAT RX 0x320 [8] 50 41 C3 85 85 00 00 00 
BAT RX 0x319 [8] 00 0D 37 0D 24 1D 11 01 
BAT RX 0x318 [8] 0D 25 0D 24 0D 24 0D 24 
BAT RX 0x317 [8] 0D 37 0D 35 0D 33 0D 33 
BAT RX 0x316 [8] 0D 2C 0D 2C 0D 2B 0D 25 
BAT RX 0x315 [8] 0D 31 0D 31 0D 30 0D 30 
BAT RX 0x314 [8] 5B 54 5B 54 00 13 05 44 
BAT RX 0x313 [8] 15 0E 00 00 00 FE 64 63 
BAT RX 0x312 [8] 00 00 00 00 02 02 00 00 
BAT RX 0x311 [8] 02 38 00 00 00 00 01 00 
[keepalive] twai_transmit() -> ESP_OK
BAT RX 0x330 [8] 02 0D 02 01 0D 37 0D 23 
BAT RX 0x329 [8] 01 00 22 9C 01 00 40 35 
BAT RX 0x323 [8] 20 0E 10 00 04 00 00 00 
BAT RX 0x324 [8] 02 43 30 37 00 00 00 00 
BAT RX 0x322 [8] 01 14 00 E8 03 01 64 64 
BAT RX 0x320 [8] 50 41 C3 85 85 00 00 00 
BAT RX 0x319 [8] 00 0D 37 0D 23 1D 11 01 
BAT RX 0x318 [8] 0D 25 0D 24 0D 24 0D 23 
BAT RX 0x317 [8] 0D 37 0D 35 0D 34 0D 33 
BAT RX 0x316 [8] 0D 2C 0D 2B 0D 2B 0D 25 
BAT RX 0x315 [8] 0D 30 0D 30 0D 30 0D 30 
BAT RX 0x314 [8] 5B 54 5B 54 00 14 05 44 
BAT RX 0x313 [8] 15 0E 00 00 00 FE 64 63 
BAT RX 0x312 [8] 00 00 00 00 02 02 00 00 
BAT RX 0x311 [8] 02 38 00 00 00 00 01 00 
[keepalive] twai_transmit() -> ESP_OK
[777s] OK V=53.90V I=+0.0A T=25.4C SOC=100% SOH=99% | CVL=56.8V CCL=0.0A DCL=0.0A | chg=0 dis=0 fc1=0 fc2=0 | prot=0000 warn=0000 | packs=2 | inv0x305=no
BAT RX 0x330 [8] 02 0D 02 01 0D 37 0D 24 
BAT RX 0x329 [8] 02 00 1A 25 02 00 40 D1 
BAT RX 0x323 [8] 20 0E 10 00 04 00 00 00 
BAT RX 0x324 [8] 00 02 47 50 4A 30 32 31 
BAT RX 0x322 [8] 01 14 00 E8 03 01 64 64 
BAT RX 0x320 [8] 50 41 C3 85 85 00 00 00 
BAT RX 0x319 [8] 00 0D 37 0D 24 1D 11 01 
BAT RX 0x318 [8] 0D 26 0D 24 0D 24 0D 24 
BAT RX 0x317 [8] 0D 37 0D 35 0D 33 0D 33 
BAT RX 0x316 [8] 0D 2D 0D 2C 0D 2B 0D 26 
BAT RX 0x315 [8] 0D 30 0D 30 0D 30 0D 30 
BAT RX 0x314 [8] 5B 54 5B 54 00 13 05 44 
BAT RX 0x313 [8] 15 0E 00 00 00 FE 64 63 
BAT RX 0x312 [8] 00 00 00 00 02 02 00 00 
BAT RX 0x311 [8] 02 38 00 00 00 00 01 00 
[keepalive] twai_transmit() -> ESP_OK
BAT RX 0x330 [8] 02 0D 02 0F 0D 37 0D 23 
BAT RX 0x329 [8] 01 00 22 9C 01 00 40 35 
BAT RX 0x323 [8] 20 0E 10 00 04 00 00 00 
BAT RX 0x324 [8] 01 39 35 32 32 30 36 32 
BAT RX 0x322 [8] 01 14 00 E8 03 01 64 64 
BAT RX 0x320 [8] 50 41 C3 85 85 00 00 00 
BAT RX 0x319 [8] 00 0D 37 0D 23 1D 1F 01 
BAT RX 0x318 [8] 0D 25 0D 24 0D 24 0D 23 
BAT RX 0x317 [8] 0D 37 0D 35 0D 34 0D 33 
BAT RX 0x316 [8] 0D 2C 0D 2B 0D 2B 0D 25 
BAT RX 0x315 [8] 0D 31 0D 30 0D 30 0D 30 
BAT RX 0x314 [8] 5B 54 5B 54 00 14 05 44 
BAT RX 0x313 [8] 15 0E 00 00 00 FE 64 63 
BAT RX 0x312 [8] 00 00 00 00 02 02 00 00 
BAT RX 0x311 [8] 02 38 00 00 00 00 01 00 
[keepalive] twai_transmit() -> ESP_OK
[779s] OK V=53.90V I=+0.0A T=25.4C SOC=100% SOH=99% | CVL=56.8V CCL=0.0A DCL=0.0A | chg=0 dis=0 fc1=0 fc2=0 | prot=0000 warn=0000 | packs=2 | inv0x305=no
BAT RX 0x330 [8] 02 0D 02 01 0D 36 0D 23 
BAT RX 0x329 [8] 02 00 1A 25 02 00 40 D1 
BAT RX 0x323 [8] 20 0E 10 00 04 00 00 00 
BAT RX 0x324 [8] 02 42 42 37 00 00 00 00 
BAT RX 0x322 [8] 01 14 00 E8 03 01 64 64 
BAT RX 0x320 [8] 50 41 C3 85 85 00 00 00 
BAT RX 0x319 [8] 00 0D 36 0D 23 1D 11 01 
BAT RX 0x318 [8] 0D 25 0D 24 0D 24 0D 23 
BAT RX 0x317 [8] 0D 36 0D 35 0D 34 0D 32 
BAT RX 0x316 [8] 0D 2C 0D 2B 0D 2B 0D 25 
BAT RX 0x315 [8] 0D 30 0D 30 0D 30 0D 30 
BAT RX 0x314 [8] 5B 54 5B 54 00 13 05 44 
BAT RX 0x313 [8] 15 0E 00 00 00 FE 64 63 
BAT RX 0x312 [8] 00 00 00 00 02 02 00 00 
BAT RX 0x311 [8] 02 38 00 00 00 00 01 00 

---- battery-bus rate stats (VERBOSE_STATS) ----------------------------
  10961 frames, 780 s elapsed
  ID     count   period(ms)  (min-max gap)
  0x312     731    997 (7-1000)
  0x313     731    997 (3-1000)
  0x314     731    997 (4-1000)
  0x315     731    997 (4-1000)
  0x316     731    997 (3-1000)
  0x317     731    997 (3-1000)
  0x318     731    997 (4-1000)
  0x319     731    997 (4-1000)
  0x320     731    997 (4-1000)
  0x322     731    997 (4-1000)
  0x311     731    997 (4-1000)
  0x323     730    998 (767-1000)
  0x324     730    998 (768-1000)
  0x329     730    998 (757-1002)
  0x330     730    998 (746-1000)
--------------------------------------------------------------------------

  TWAI: state=RUNNING  tx_err=0 rx_err=0  tx_failed=0  rx_missed=0 rx_overrun=0  arb_lost=0  bus_err=190881
[keepalive] twai_transmit() -> ESP_OK
BAT RX 0x330 [8] 02 0D 02 0F 0D 37 0D 23 
BAT RX 0x329 [8] 01 00 22 9C 01 00 40 35 
BAT RX 0x323 [8] 20 0E 10 00 04 00 00 00 
BAT RX 0x324 [8] 00 01 47 50 4A 30 32 31 
BAT RX 0x322 [8] 01 14 00 E8 03 01 64 64 
BAT RX 0x320 [8] 50 41 C3 85 85 00 00 00 
BAT RX 0x319 [8] 00 0D 37 0D 23 1D 1F 01 
BAT RX 0x318 [8] 0D 25 0D 24 0D 24 0D 23 
BAT RX 0x317 [8] 0D 37 0D 34 0D 34 0D 33 
BAT RX 0x316 [8] 0D 2C 0D 2B 0D 2B 0D 25 
BAT RX 0x315 [8] 0D 30 0D 30 0D 30 0D 30 
BAT RX 0x314 [8] 5B 54 5B 54 00 14 05 44 
BAT RX 0x313 [8] 15 0E 00 00 00 FE 64 63 
BAT RX 0x312 [8] 00 00 00 00 02 02 00 00 
BAT RX 0x311 [8] 02 38 00 00 00 00 01 00 
[keepalive] twai_transmit() -> ESP_OK
[781s] OK V=53.90V I=+0.0A T=25.4C SOC=100% SOH=99% | CVL=56.8V CCL=0.0A DCL=0.0A | chg=0 dis=0 fc1=0 fc2=0 | prot=0000 warn=0000 | packs=2 | inv0x305=no
BAT RX 0x330 [8] 02 0D 02 0E 0D 36 0D 23 
BAT RX 0x329 [8] 02 00 1A 25 02 00 40 D1 
BAT RX 0x323 [8] 20 0E 10 00 04 00 00 00 
BAT RX 0x324 [8] 01 39 35 32 32 30 36 32 
BAT RX 0x322 [8] 01 14 00 E8 03 01 64 64 
BAT RX 0x320 [8] 50 41 C3 85 85 00 00 00 
BAT RX 0x319 [8] 00 0D 36 0D 23 1D 1E 01 
BAT RX 0x318 [8] 0D 25 0D 24 0D 23 0D 23 
BAT RX 0x317 [8] 0D 36 0D 35 0D 34 0D 33 
BAT RX 0x316 [8] 0D 2C 0D 2B 0D 2B 0D 25 
BAT RX 0x315 [8] 0D 31 0D 30 0D 30 0D 30 
BAT RX 0x314 [8] 5B 54 5B 54 00 13 05 44 
BAT RX 0x313 [8] 15 0E 00 00 00 FE 64 63 
BAT RX 0x312 [8] 00 00 00 00 02 02 00 00 
BAT RX 0x311 [8] 02 38 00 00 00 00 01 00 
[keepalive] twai_transmit() -> ESP_OK
BAT RX 0x330 [8] 02 0D 02 0F 0D 36 0D 23 
BAT RX 0x329 [8] 01 00 22 9C 01 00 40 35 
BAT RX 0x323 [8] 20 0E 10 00 04 00 00 00 
BAT RX 0x324 [8] 02 43 30 37 00 00 00 00 
BAT RX 0x322 [8] 01 14 00 E8 03 01 64 64 
BAT RX 0x320 [8] 50 41 C3 85 85 00 00 00 
BAT RX 0x319 [8] 00 0D 36 0D 23 1D 1F 01 
BAT RX 0x318 [8] 0D 25 0D 24 0D 24 0D 23 
BAT RX 0x317 [8] 0D 36 0D 35 0D 34 0D 33 
BAT RX 0x316 [8] 0D 2C 0D 2C 0D 2B 0D 26 
BAT RX 0x315 [8] 0D 31 0D 30 0D 30 0D 30 
BAT RX 0x314 [8] 5B 54 5B 54 00 13 05 44 
BAT RX 0x313 [8] 15 0E 00 00 00 FE 64 63 
BAT RX 0x312 [8] 00 00 00 00 02 02 00 00 
BAT RX 0x311 [8] 02 38 00 00 00 00 01 00 
[keepalive] twai_transmit() -> ESP_OK
[783s] OK V=53.90V I=+0.0A T=25.4C SOC=100% SOH=99% | CVL=56.8V CCL=0.0A DCL=0.0A | chg=0 dis=0 fc1=0 fc2=0 | prot=0000 warn=0000 | packs=2 | inv0x305=no
BAT RX 0x330 [8] 02 0D 02 01 0D 37 0D 23 
BAT RX 0x329 [8] 02 00 1A 25 02 00 40 D1 
BAT RX 0x323 [8] 20 0E 10 00 04 00 00 00 
BAT RX 0x324 [8] 00 02 47 50 4A 30 32 31 
BAT RX 0x322 [8] 01 14 00 E8 03 01 64 64 
BAT RX 0x320 [8] 50 41 C3 85 85 00 00 00 
BAT RX 0x319 [8] 00 0D 37 0D 23 1D 11 01 
BAT RX 0x318 [8] 0D 25 0D 23 0D 23 0D 23 
BAT RX 0x317 [8] 0D 37 0D 35 0D 34 0D 32 
BAT RX 0x316 [8] 0D 2C 0D 2C 0D 2B 0D 25 
BAT RX 0x315 [8] 0D 30 0D 30 0D 30 0D 30 
BAT RX 0x314 [8] 5B 54 5B 54 00 14 05 44 
BAT RX 0x313 [8] 15 0E 00 00 00 FE 64 63 
BAT RX 0x312 [8] 00 00 00 00 02 02 00 00 
BAT RX 0x311 [8] 02 38 00 00 00 00 01 00 
[keepalive] twai_transmit() -> ESP_OK
BAT RX 0x330 [8] 02 0D 02 01 0D 36 0D 23 
BAT RX 0x329 [8] 01 00 22 9C 01 00 40 35 
BAT RX 0x323 [8] 20 0E 10 00 04 00 00 00 
BAT RX 0x324 [8] 01 39 35 32 32 30 36 32 
BAT RX 0x322 [8] 01 14 00 E8 03 01 64 64 
BAT RX 0x320 [8] 50 41 C3 85 85 00 00 00 
BAT RX 0x319 [8] 00 0D 36 0D 23 1D 11 01 
BAT RX 0x318 [8] 0D 25 0D 23 0D 23 0D 23 
BAT RX 0x317 [8] 0D 36 0D 35 0D 34 0D 33 
BAT RX 0x316 [8] 0D 2C 0D 2B 0D 2B 0D 25 
BAT RX 0x315 [8] 0D 30 0D 30 0D 30 0D 30 
BAT RX 0x314 [8] 5B 54 5B 54 00 13 05 44 
BAT RX 0x313 [8] 15 0E 00 00 00 FE 64 63 
BAT RX 0x312 [8] 00 00 00 00 02 02 00 00 
BAT RX 0x311 [8] 02 38 00 00 00 00 01 00 
[keepalive] twai_transmit() -> ESP_OK
[785s] OK V=53.90V I=+0.0A T=25.4C SOC=100% SOH=99% | CVL=56.8V CCL=0.0A DCL=0.0A | chg=0 dis=0 fc1=0 fc2=0 | prot=0000 warn=0000 | packs=2 | inv0x305=no
BAT RX 0x330 [8] 02 0D 02 01 0D 37 0D 23 
BAT RX 0x329 [8] 02 00 1A 25 02 00 40 D1 
BAT RX 0x323 [8] 20 0E 10 00 04 00 00 00 
BAT RX 0x324 [8] 02 42 42 37 00 00 00 00 
BAT RX 0x322 [8] 01 14 00 E8 03 01 64 64 
BAT RX 0x320 [8] 50 41 C3 85 85 00 00 00 
BAT RX 0x319 [8] 00 0D 37 0D 23 1D 11 01 
BAT RX 0x318 [8] 0D 25 0D 24 0D 23 0D 23 
BAT RX 0x317 [8] 0D 37 0D 34 0D 34 0D 33 
BAT RX 0x316 [8] 0D 2C 0D 2B 0D 2B 0D 25 
BAT RX 0x315 [8] 0D 30 0D 30 0D 30 0D 30 
BAT RX 0x314 [8] 5B 54 5B 54 00 14 05 44 
BAT RX 0x313 [8] 15 0E 00 00 00 FE 64 63 
BAT RX 0x312 [8] 00 00 00 00 02 02 00 00 
BAT RX 0x311 [8] 02 38 00 00 00 00 01 00 
[keepalive] twai_transmit() -> ESP_OK
BAT RX 0x330 [8] 02 0D 02 0F 0D 36 0D 23 
BAT RX 0x329 [8] 01 00 22 9C 01 00 40 35 
BAT RX 0x323 [8] 20 0E 10 00 04 00 00 00 
BAT RX 0x324 [8] 00 01 47 50 4A 30 32 31 
BAT RX 0x322 [8] 01 14 00 E8 03 01 64 64 
BAT RX 0x320 [8] 50 41 C3 85 85 00 00 00 
BAT RX 0x319 [8] 00 0D 36 0D 23 1D 1F 01 
BAT RX 0x318 [8] 0D 25 0D 24 0D 24 0D 23 
BAT RX 0x317 [8] 0D 36 0D 35 0D 34 0D 32 
BAT RX 0x316 [8] 0D 2D 0D 2C 0D 2B 0D 25 
BAT RX 0x315 [8] 0D 30 0D 30 0D 30 0D 30 
BAT RX 0x314 [8] 5B 54 5B 54 00 13 05 44 
BAT RX 0x313 [8] 15 0E 00 00 00 FE 64 63 
BAT RX 0x312 [8] 00 00 00 00 02 02 00 00 
BAT RX 0x311 [8] 02 38 00 00 00 00 01 00 
[keepalive] twai_transmit() -> ESP_OK
[787s] OK V=53.90V I=+0.0A T=25.4C SOC=100% SOH=99% | CVL=56.8V CCL=0.0A DCL=0.0A | chg=0 dis=0 fc1=0 fc2=0 | prot=0000 warn=0000 | packs=2 | inv0x305=no
BAT RX 0x330 [8] 02 0D 02 0F 0D 36 0D 23 
BAT RX 0x329 [8] 02 00 1A 25 02 00 40 D1 
BAT RX 0x323 [8] 20 0E 10 00 04 00 00 00 
BAT RX 0x324 [8] 01 39 35 32 32 30 36 32 
BAT RX 0x322 [8] 01 14 00 E8 03 01 64 64 
BAT RX 0x320 [8] 50 41 C3 85 85 00 00 00 
BAT RX 0x319 [8] 00 0D 36 0D 23 1D 1F 01 
BAT RX 0x318 [8] 0D 24 0D 24 0D 24 0D 23 
BAT RX 0x317 [8] 0D 36 0D 34 0D 34 0D 32 
BAT RX 0x316 [8] 0D 2C 0D 2C 0D 2B 0D 25 
BAT RX 0x315 [8] 0D 31 0D 30 0D 30 0D 30 
BAT RX 0x314 [8] 5B 54 5B 54 00 13 05 44 
BAT RX 0x313 [8] 15 0E 00 00 00 FE 64 63 
BAT RX 0x312 [8] 00 00 00 00 02 02 00 00 
BAT RX 0x311 [8] 02 38 00 00 00 00 01 00 
[keepalive] twai_transmit() -> ESP_OK
BAT RX 0x330 [8] 02 0D 02 01 0D 37 0D 23 
BAT RX 0x329 [8] 01 00 22 9C 01 00 40 35 
BAT RX 0x323 [8] 20 0E 10 00 04 00 00 00 
BAT RX 0x324 [8] 02 43 30 37 00 00 00 00 
BAT RX 0x322 [8] 01 14 00 E8 03 01 64 64 
BAT RX 0x320 [8] 50 41 C3 85 85 00 00 00 
BAT RX 0x319 [8] 00 0D 37 0D 23 1D 11 01 
BAT RX 0x318 [8] 0D 25 0D 24 0D 23 0D 23 
BAT RX 0x317 [8] 0D 37 0D 35 0D 34 0D 33 
BAT RX 0x316 [8] 0D 2C 0D 2B 0D 2B 0D 25 
BAT RX 0x315 [8] 0D 31 0D 30 0D 30 0D 30 
BAT RX 0x314 [8] 5B 54 5B 54 00 14 05 44 
BAT RX 0x313 [8] 15 0E 00 00 00 FE 64 63 
BAT RX 0x312 [8] 00 00 00 00 02 02 00 00 
BAT RX 0x311 [8] 02 38 00 00 00 00 01 00 
[keepalive] twai_transmit() -> ESP_OK
[789s] OK V=53.90V I=+0.0A T=25.4C SOC=100% SOH=99% | CVL=56.8V CCL=0.0A DCL=0.0A | chg=0 dis=0 fc1=0 fc2=0 | prot=0000 warn=0000 | packs=2 | inv0x305=no
BAT RX 0x330 [8] 02 0D 02 01 0D 37 0D 23 
BAT RX 0x329 [8] 02 00 1A 25 02 00 40 D1 
BAT RX 0x323 [8] 20 0E 10 00 04 00 00 00 
BAT RX 0x324 [8] 00 02 47 50 4A 30 32 31 
BAT RX 0x322 [8] 01 14 00 E8 03 01 64 64 
BAT RX 0x320 [8] 50 41 C3 85 85 00 00 00 
BAT RX 0x319 [8] 00 0D 37 0D 23 1D 11 01 
BAT RX 0x318 [8] 0D 24 0D 24 0D 23 0D 23 
BAT RX 0x317 [8] 0D 37 0D 35 0D 33 0D 33 
BAT RX 0x316 [8] 0D 2C 0D 2B 0D 2B 0D 25 
BAT RX 0x315 [8] 0D 30 0D 30 0D 30 0D 30 
BAT RX 0x314 [8] 5B 54 5B 54 00 14 05 44 
BAT RX 0x313 [8] 15 0E 00 00 00 FE 64 63 
BAT RX 0x312 [8] 00 00 00 00 02 02 00 00 
BAT RX 0x311 [8] 02 38 00 00 00 00 01 00 
[keepalive] twai_transmit() -> ESP_OK
BAT RX 0x330 [8] 02 0D 02 0F 0D 36 0D 23 
BAT RX 0x329 [8] 01 00 22 9C 01 00 40 35 
BAT RX 0x323 [8] 20 0E 10 00 04 00 00 00 
BAT RX 0x324 [8] 01 39 35 32 32 30 36 32 
BAT RX 0x322 [8] 01 14 00 E8 03 01 64 64 
BAT RX 0x320 [8] 50 41 C3 85 85 00 00 00 
BAT RX 0x319 [8] 00 0D 36 0D 23 1D 1F 01 
BAT RX 0x318 [8] 0D 25 0D 24 0D 24 0D 23 
BAT RX 0x317 [8] 0D 36 0D 34 0D 34 0D 32 
BAT RX 0x316 [8] 0D 2C 0D 2C 0D 2B 0D 25 
BAT RX 0x315 [8] 0D 30 0D 30 0D 30 0D 30 
BAT RX 0x314 [8] 5B 54 5B 54 00 13 05 44 
BAT RX 0x313 [8] 15 0E 00 00 00 FE 64 63 
BAT RX 0x312 [8] 00 00 00 00 02 02 00 00 
BAT RX 0x311 [8] 02 38 00 00 00 00 01 00 
[keepalive] twai_transmit() -> ESP_OK
[791s] OK V=53.90V I=+0.0A T=25.4C SOC=100% SOH=99% | CVL=56.8V CCL=0.0A DCL=0.0A | chg=0 dis=0 fc1=0 fc2=0 | prot=0000 warn=0000 | packs=2 | inv0x305=no
BAT RX 0x330 [8] 02 0D 02 0F 0D 37 0D 23 
BAT RX 0x329 [8] 02 00 1A 25 02 00 40 D1 
BAT RX 0x323 [8] 20 0E 10 00 04 00 00 00 
BAT RX 0x324 [8] 02 42 42 37 00 00 00 00 
BAT RX 0x322 [8] 01 14 00 E8 03 01 64 64 
BAT RX 0x320 [8] 50 41 C3 85 85 00 00 00 
BAT RX 0x319 [8] 00 0D 37 0D 23 1D 1F 01 
BAT RX 0x318 [8] 0D 25 0D 24 0D 24 0D 23 
BAT RX 0x317 [8] 0D 37 0D 35 0D 34 0D 32 
BAT RX 0x316 [8] 0D 2C 0D 2B 0D 2B 0D 26 
BAT RX 0x315 [8] 0D 30 0D 30 0D 30 0D 30 
BAT RX 0x314 [8] 5B 54 5B 54 00 14 05 44 
BAT RX 0x313 [8] 15 0E 00 00 00 FE 64 63 
BAT RX 0x312 [8] 00 00 00 00 02 02 00 00 
BAT RX 0x311 [8] 02 38 00 00 00 00 01 00 
[keepalive] twai_transmit() -> ESP_OK
BAT RX 0x330 [8] 02 0D 02 01 0D 37 0D 23 
BAT RX 0x329 [8] 01 00 22 9C 01 00 40 35 
BAT RX 0x323 [8] 20 0E 10 00 04 00 00 00 
BAT RX 0x324 [8] 00 01 47 50 4A 30 32 31 
BAT RX 0x322 [8] 01 14 00 E8 03 01 64 64 
BAT RX 0x320 [8] 50 41 C3 85 85 00 00 00 
BAT RX 0x319 [8] 00 0D 37 0D 23 1D 11 01 
BAT RX 0x318 [8] 0D 25 0D 24 0D 23 0D 23 
BAT RX 0x317 [8] 0D 37 0D 35 0D 34 0D 32 
BAT RX 0x316 [8] 0D 2C 0D 2B 0D 2B 0D 26 
BAT RX 0x315 [8] 0D 30 0D 30 0D 30 0D 30 
BAT RX 0x314 [8] 5B 54 5B 54 00 14 05 44 
BAT RX 0x313 [8] 15 0E 00 00 00 FE 64 63 
BAT RX 0x312 [8] 00 00 00 00 02 02 00 00 
BAT RX 0x311 [8] 02 38 00 00 00 00 01 00 
[keepalive] twai_transmit() -> ESP_OK
[793s] OK V=53.90V I=+0.0A T=25.4C SOC=100% SOH=99% | CVL=56.8V CCL=0.0A DCL=0.0A | chg=0 dis=0 fc1=0 fc2=0 | prot=0000 warn=0000 | packs=2 | inv0x305=no
BAT RX 0x330 [8] 02 0D 02 0E 0D 36 0D 23 
BAT RX 0x329 [8] 02 00 1A 25 02 00 40 D1 
BAT RX 0x323 [8] 20 0E 10 00 04 00 00 00 
BAT RX 0x324 [8] 01 39 35 32 32 30 36 32 
BAT RX 0x322 [8] 01 14 00 E8 03 01 64 64 
BAT RX 0x320 [8] 50 41 C3 85 85 00 00 00 
BAT RX 0x319 [8] 00 0D 36 0D 23 1D 1E 01 
BAT RX 0x318 [8] 0D 24 0D 24 0D 24 0D 23 
BAT RX 0x317 [8] 0D 36 0D 34 0D 34 0D 33 
BAT RX 0x316 [8] 0D 2C 0D 2B 0D 2B 0D 25 
BAT RX 0x315 [8] 0D 30 0D 30 0D 30 0D 30 
BAT RX 0x314 [8] 5B 54 5B 54 00 13 05 44 
BAT RX 0x313 [8] 15 0E 00 00 00 FE 64 63 
BAT RX 0x312 [8] 00 00 00 00 02 02 00 00 
BAT RX 0x311 [8] 02 38 00 00 00 00 01 00 
[keepalive] twai_transmit() -> ESP_OK
BAT RX 0x330 [8] 02 0D 02 0F 0D 36 0D 23 
BAT RX 0x329 [8] 01 00 22 9C 01 00 40 35 
BAT RX 0x323 [8] 20 0E 10 00 04 00 00 00 
BAT RX 0x324 [8] 02 43 30 37 00 00 00 00 
BAT RX 0x322 [8] 01 14 00 E8 03 01 64 64 
BAT RX 0x320 [8] 50 41 C3 85 85 00 00 00 
BAT RX 0x319 [8] 00 0D 36 0D 23 1D 1F 01 
BAT RX 0x318 [8] 0D 25 0D 24 0D 24 0D 23 
BAT RX 0x317 [8] 0D 36 0D 35 0D 33 0D 33 
BAT RX 0x316 [8] 0D 2C 0D 2B 0D 2B 0D 26 
BAT RX 0x315 [8] 0D 31 0D 30 0D 30 0D 30 
BAT RX 0x314 [8] 5B 54 5B 54 00 13 05 44 
BAT RX 0x313 [8] 15 0E 00 00 00 FE 64 63 
BAT RX 0x312 [8] 00 00 00 00 02 02 00 00 
BAT RX 0x311 [8] 02 38 00 00 00 00 01 00 

---- battery-bus rate stats (VERBOSE_STATS) ----------------------------
  11186 frames, 795 s elapsed
  ID     count   period(ms)  (min-max gap)
  0x312     746    997 (7-1000)
  0x313     746    997 (3-1000)
  0x314     746    997 (4-1000)
  0x315     746    997 (4-1000)
  0x316     746    997 (3-1000)
  0x317     746    997 (3-1000)
  0x318     746    997 (4-1000)
  0x319     746    997 (4-1000)
  0x320     746    997 (4-1000)
  0x322     746    997 (4-1000)
  0x311     746    997 (4-1000)
  0x323     745    998 (767-1000)
  0x324     745    998 (768-1000)
  0x329     745    998 (757-1002)
  0x330     745    998 (746-1000)
--------------------------------------------------------------------------

  TWAI: state=RUNNING  tx_err=0 rx_err=0  tx_failed=0  rx_missed=0 rx_overrun=0  arb_lost=0  bus_err=190881
[keepalive] twai_transmit() -> ESP_OK
[795s] OK V=53.90V I=+0.0A T=25.4C SOC=100% SOH=99% | CVL=56.8V CCL=0.0A DCL=0.0A | chg=0 dis=0 fc1=0 fc2=0 | prot=0000 warn=0000 | packs=2 | inv0x305=no
BAT RX 0x330 [8] 02 0D 02 01 0D 36 0D 23 
BAT RX 0x329 [8] 02 00 1A 25 02 00 40 D1 
BAT RX 0x323 [8] 20 0E 10 00 04 00 00 00 
BAT RX 0x324 [8] 00 02 47 50 4A 30 32 31 
BAT RX 0x322 [8] 01 14 00 E8 03 01 64 64 
BAT RX 0x320 [8] 50 41 C3 85 85 00 00 00 
BAT RX 0x319 [8] 00 0D 36 0D 23 1D 11 01 
BAT RX 0x318 [8] 0D 24 0D 24 0D 23 0D 23 
BAT RX 0x317 [8] 0D 36 0D 35 0D 33 0D 33 
BAT RX 0x316 [8] 0D 2C 0D 2B 0D 2B 0D 25 
BAT RX 0x315 [8] 0D 31 0D 30 0D 30 0D 30 
BAT RX 0x314 [8] 5B 54 5B 54 00 13 05 44 
BAT RX 0x313 [8] 15 0E 00 00 00 FE 64 63 
BAT RX 0x312 [8] 00 00 00 00 02 02 00 00 
BAT RX 0x311 [8] 02 38 00 00 00 00 01 00 
[keepalive] twai_transmit() -> ESP_OK
BAT RX 0x330 [8] 02 0D 02 01 0D 37 0D 23 
BAT RX 0x329 [8] 01 00 22 9C 01 00 40 35 
BAT RX 0x323 [8] 20 0E 10 00 04 00 00 00 
BAT RX 0x324 [8] 01 39 35 32 32 30 36 32 
BAT RX 0x322 [8] 01 14 00 E8 03 01 64 64 
BAT RX 0x320 [8] 50 41 C3 85 85 00 00 00 
BAT RX 0x319 [8] 00 0D 37 0D 23 1D 11 01 
BAT RX 0x318 [8] 0D 25 0D 24 0D 23 0D 23 
BAT RX 0x317 [8] 0D 37 0D 34 0D 34 0D 33 
BAT RX 0x316 [8] 0D 2C 0D 2B 0D 2B 0D 25 
BAT RX 0x315 [8] 0D 30 0D 30 0D 30 0D 30 
BAT RX 0x314 [8] 5B 54 5B 54 00 14 05 44 
BAT RX 0x313 [8] 15 0E 00 00 00 FE 64 63 
BAT RX 0x312 [8] 00 00 00 00 02 02 00 00 
BAT RX 0x311 [8] 02 38 00 00 00 00 01 00 
[keepalive] twai_transmit() -> ESP_OK
[797s] OK V=53.90V I=+0.0A T=25.4C SOC=100% SOH=99% | CVL=56.8V CCL=0.0A DCL=0.0A | chg=0 dis=0 fc1=0 fc2=0 | prot=0000 warn=0000 | packs=2 | inv0x305=no
BAT RX 0x330 [8] 02 0D 02 0E 0D 37 0D 23 
BAT RX 0x329 [8] 02 00 1A 25 02 00 40 D1 
BAT RX 0x323 [8] 20 0E 10 00 04 00 00 00 
BAT RX 0x324 [8] 02 42 42 37 00 00 00 00 
BAT RX 0x322 [8] 01 14 00 E8 03 01 64 64 
BAT RX 0x320 [8] 50 41 C3 85 85 00 00 00 
BAT RX 0x319 [8] 00 0D 37 0D 23 1D 1E 01 
BAT RX 0x318 [8] 0D 25 0D 24 0D 23 0D 23 
BAT RX 0x317 [8] 0D 37 0D 35 0D 33 0D 32 
BAT RX 0x316 [8] 0D 2B 0D 2B 0D 2B 0D 25 
BAT RX 0x315 [8] 0D 31 0D 31 0D 30 0D 30 
BAT RX 0x314 [8] 5B 54 5B 54 00 14 05 44 
BAT RX 0x313 [8] 15 0E 00 00 00 FE 64 63 
BAT RX 0x312 [8] 00 00 00 00 02 02 00 00 
BAT RX 0x311 [8] 02 38 00 00 00 00 01 00 
[keepalive] twai_transmit() -> ESP_OK
BAT RX 0x330 [8] 02 0D 02 01 0D 37 0D 23 
BAT RX 0x329 [8] 01 00 22 9C 01 00 40 35 
BAT RX 0x323 [8] 20 0E 10 00 04 00 00 00 
BAT RX 0x324 [8] 00 01 47 50 4A 30 32 31 
BAT RX 0x322 [8] 01 14 00 E8 03 01 64 64 
BAT RX 0x320 [8] 50 41 C3 85 85 00 00 00 
BAT RX 0x319 [8] 00 0D 37 0D 23 1D 11 01 
BAT RX 0x318 [8] 0D 25 0D 23 0D 23 0D 23 
BAT RX 0x317 [8] 0D 37 0D 35 0D 34 0D 32 
BAT RX 0x316 [8] 0D 2C 0D 2C 0D 2B 0D 25 
BAT RX 0x315 [8] 0D 30 0D 30 0D 30 0D 30 
BAT RX 0x314 [8] 5B 54 5B 54 00 14 05 44 
BAT RX 0x313 [8] 15 0E 00 00 00 FE 64 63 
BAT RX 0x312 [8] 00 00 00 00 02 02 00 00 
BAT RX 0x311 [8] 02 38 00 00 00 00 01 00 
[keepalive] twai_transmit() -> ESP_OK
[799s] OK V=53.90V I=+0.0A T=25.4C SOC=100% SOH=99% | CVL=56.8V CCL=0.0A DCL=0.0A | chg=0 dis=0 fc1=0 fc2=0 | prot=0000 warn=0000 | packs=2 | inv0x305=no
BAT RX 0x330 [8] 02 0D 02 01 0D 37 0D 23 
BAT RX 0x329 [8] 02 00 1A 25 02 00 40 D1 
BAT RX 0x323 [8] 20 0E 10 00 04 00 00 00 
BAT RX 0x324 [8] 01 39 35 32 32 30 36 32 
BAT RX 0x322 [8] 01 14 00 E8 03 01 64 64 
BAT RX 0x320 [8] 50 41 C3 85 85 00 00 00 
BAT RX 0x319 [8] 00 0D 37 0D 23 1D 11 01 
BAT RX 0x318 [8] 0D 24 0D 23 0D 23 0D 23 
BAT RX 0x317 [8] 0D 37 0D 35 0D 33 0D 33 
BAT RX 0x316 [8] 0D 2C 0D 2B 0D 2B 0D 25 
BAT RX 0x315 [8] 0D 30 0D 30 0D 30 0D 30 
BAT RX 0x314 [8] 5B 54 5B 54 00 14 05 44 
BAT RX 0x313 [8] 15 0E 00 00 00 FE 64 63 
BAT RX 0x312 [8] 00 00 00 00 02 02 00 00 
BAT RX 0x311 [8] 02 38 00 00 00 00 01 00 
[keepalive] twai_transmit() -> ESP_OK
BAT RX 0x330 [8] 02 0D 02 01 0D 37 0D 23 
BAT RX 0x329 [8] 01 00 22 9C 01 00 40 35 
BAT RX 0x323 [8] 20 0E 10 00 04 00 00 00 
BAT RX 0x324 [8] 02 43 30 37 00 00 00 00 
BAT RX 0x322 [8] 01 14 00 E8 03 01 64 64 
BAT RX 0x320 [8] 50 41 C3 85 85 00 00 00 
BAT RX 0x319 [8] 00 0D 37 0D 23 1D 11 01 
BAT RX 0x318 [8] 0D 24 0D 24 0D 23 0D 23 
BAT RX 0x317 [8] 0D 37 0D 34 0D 34 0D 33 
BAT RX 0x316 [8] 0D 2C 0D 2B 0D 2B 0D 25 
BAT RX 0x315 [8] 0D 30 0D 30 0D 30 0D 30 
BAT RX 0x314 [8] 5B 54 5B 54 00 14 05 44 
BAT RX 0x313 [8] 15 0E 00 00 00 FE 64 63 
BAT RX 0x312 [8] 00 00 00 00 02 02 00 00 
BAT RX 0x311 [8] 02 38 00 00 00 00 01 00 
[keepalive] twai_transmit() -> ESP_OK
[801s] OK V=53.90V I=+0.0A T=25.4C SOC=100% SOH=99% | CVL=56.8V CCL=0.0A DCL=0.0A | chg=0 dis=0 fc1=0 fc2=0 | prot=0000 warn=0000 | packs=2 | inv0x305=no
BAT RX 0x330 [8] 02 0D 02 01 0D 36 0D 23 
BAT RX 0x329 [8] 02 00 1A 25 02 00 40 D1 
BAT RX 0x323 [8] 20 0E 10 00 04 00 00 00 
BAT RX 0x324 [8] 00 02 47 50 4A 30 32 31 
BAT RX 0x322 [8] 01 14 00 E8 03 01 64 64 
BAT RX 0x320 [8] 50 41 C3 85 85 00 00 00 
BAT RX 0x319 [8] 00 0D 36 0D 23 1D 11 01 
BAT RX 0x318 [8] 0D 24 0D 24 0D 23 0D 23 
BAT RX 0x317 [8] 0D 36 0D 34 0D 33 0D 32 
BAT RX 0x316 [8] 0D 2C 0D 2B 0D 2B 0D 25 
BAT RX 0x315 [8] 0D 30 0D 30 0D 30 0D 30 
BAT RX 0x314 [8] 5B 54 5B 54 00 13 05 44 
BAT RX 0x313 [8] 15 0E 00 00 00 FE 64 63 
BAT RX 0x312 [8] 00 00 00 00 02 02 00 00 
BAT RX 0x311 [8] 02 38 00 00 00 00 01 00 
[keepalive] twai_transmit() -> ESP_OK
BAT RX 0x330 [8] 02 0D 02 01 0D 36 0D 23 
BAT RX 0x329 [8] 01 00 22 9C 01 00 40 35 
BAT RX 0x323 [8] 20 0E 10 00 04 00 00 00 
BAT RX 0x324 [8] 01 39 35 32 32 30 36 32 
BAT RX 0x322 [8] 01 14 00 E8 03 01 64 64 
BAT RX 0x320 [8] 50 41 C3 85 85 00 00 00 
BAT RX 0x319 [8] 00 0D 36 0D 23 1D 11 01 
BAT RX 0x318 [8] 0D 25 0D 24 0D 23 0D 23 
BAT RX 0x317 [8] 0D 36 0D 34 0D 34 0D 32 
BAT RX 0x316 [8] 0D 2C 0D 2B 0D 2B 0D 26 
BAT RX 0x315 [8] 0D 30 0D 30 0D 30 0D 30 
BAT RX 0x314 [8] 5B 54 5B 54 00 13 05 44 
BAT RX 0x313 [8] 15 0E 00 00 00 FE 64 63 
BAT RX 0x312 [8] 00 00 00 00 02 02 00 00 
BAT RX 0x311 [8] 02 38 00 00 00 00 01 00 
[keepalive] twai_transmit() -> ESP_OK
[803s] OK V=53.90V I=+0.0A T=25.4C SOC=100% SOH=99% | CVL=56.8V CCL=0.0A DCL=0.0A | chg=0 dis=0 fc1=0 fc2=0 | prot=0000 warn=0000 | packs=2 | inv0x305=no
BAT RX 0x330 [8] 02 0D 02 01 0D 36 0D 23 
BAT RX 0x329 [8] 02 00 1A 25 02 00 40 D1 
BAT RX 0x323 [8] 20 0E 10 00 04 00 00 00 
BAT RX 0x324 [8] 02 42 42 37 00 00 00 00 
BAT RX 0x322 [8] 01 14 00 E8 03 01 64 64 
BAT RX 0x320 [8] 50 41 C3 85 85 00 00 00 
BAT RX 0x319 [8] 00 0D 36 0D 23 1D 11 01 
BAT RX 0x318 [8] 0D 24 0D 23 0D 23 0D 23 
BAT RX 0x317 [8] 0D 36 0D 34 0D 34 0D 32 
BAT RX 0x316 [8] 0D 2C 0D 2B 0D 2A 0D 25 
BAT RX 0x315 [8] 0D 30 0D 30 0D 30 0D 30 
BAT RX 0x314 [8] 5B 54 5B 54 00 13 05 44 
BAT RX 0x313 [8] 15 0E 00 00 00 FE 64 63 
BAT RX 0x312 [8] 00 00 00 00 02 02 00 00 
BAT RX 0x311 [8] 02 38 00 00 00 00 01 00 
[keepalive] twai_transmit() -> ESP_OK
BAT RX 0x330 [8] 02 0D 02 01 0D 36 0D 23 
BAT RX 0x329 [8] 01 00 22 9C 01 00 40 35 
BAT RX 0x323 [8] 20 0E 10 00 04 00 00 00 
BAT RX 0x324 [8] 00 01 47 50 4A 30 32 31 
BAT RX 0x322 [8] 01 14 00 E8 03 01 64 64 
BAT RX 0x320 [8] 50 41 C3 85 85 00 00 00 
BAT RX 0x319 [8] 00 0D 36 0D 23 1D 11 01 
BAT RX 0x318 [8] 0D 24 0D 24 0D 23 0D 23 
BAT RX 0x317 [8] 0D 36 0D 35 0D 34 0D 32 
BAT RX 0x316 [8] 0D 2D 0D 2B 0D 2B 0D 25 
BAT RX 0x315 [8] 0D 31 0D 30 0D 30 0D 2F 
BAT RX 0x314 [8] 5B 54 5B 54 00 13 05 44 
BAT RX 0x313 [8] 15 0E 00 00 00 FE 64 63 
BAT RX 0x312 [8] 00 00 00 00 02 02 00 00 
BAT RX 0x311 [8] 02 38 00 00 00 00 01 00 
[keepalive] twai_transmit() -> ESP_OK
[805s] OK V=53.90V I=+0.0A T=25.4C SOC=100% SOH=99% | CVL=56.8V CCL=0.0A DCL=0.0A | chg=0 dis=0 fc1=0 fc2=0 | prot=0000 warn=0000 | packs=2 | inv0x305=no
BAT RX 0x330 [8] 02 0D 02 01 0D 36 0D 23 
BAT RX 0x329 [8] 02 00 1A 25 02 00 40 D1 
BAT RX 0x323 [8] 20 0E 10 00 04 00 00 00 
BAT RX 0x324 [8] 01 39 35 32 32 30 36 32 
BAT RX 0x322 [8] 01 14 00 E8 03 01 64 64 
BAT RX 0x320 [8] 50 41 C3 85 85 00 00 00 
BAT RX 0x319 [8] 00 0D 36 0D 23 1D 11 01 
BAT RX 0x318 [8] 0D 25 0D 24 0D 23 0D 23 
BAT RX 0x317 [8] 0D 36 0D 35 0D 33 0D 33 
BAT RX 0x316 [8] 0D 2C 0D 2B 0D 2B 0D 25 
BAT RX 0x315 [8] 0D 31 0D 30 0D 30 0D 2F 
BAT RX 0x314 [8] 5B 54 5B 54 00 13 05 44 
BAT RX 0x313 [8] 15 0E 00 00 00 FE 64 63 
BAT RX 0x312 [8] 00 00 00 00 02 02 00 00 
BAT RX 0x311 [8] 02 38 00 00 00 00 01 00 
[keepalive] twai_transmit() -> ESP_OK
BAT RX 0x330 [8] 02 0D 02 01 0D 36 0D 23 
BAT RX 0x329 [8] 01 00 22 9C 01 00 40 35 
BAT RX 0x323 [8] 20 0E 10 00 04 00 00 00 
BAT RX 0x324 [8] 02 43 30 37 00 00 00 00 
BAT RX 0x322 [8] 01 14 00 E8 03 01 64 64 
BAT RX 0x320 [8] 50 41 C3 85 85 00 00 00 
BAT RX 0x319 [8] 00 0D 36 0D 23 1D 11 01 
BAT RX 0x318 [8] 0D 24 0D 24 0D 23 0D 23 
BAT RX 0x317 [8] 0D 36 0D 34 0D 33 0D 33 
BAT RX 0x316 [8] 0D 2C 0D 2B 0D 2B 0D 25 
BAT RX 0x315 [8] 0D 30 0D 30 0D 30 0D 30 
BAT RX 0x314 [8] 5B 54 5B 54 00 13 05 44 
BAT RX 0x313 [8] 15 0E 00 00 00 FE 64 63 
BAT RX 0x312 [8] 00 00 00 00 02 02 00 00 
BAT RX 0x311 [8] 02 38 00 00 00 00 01 00 
[keepalive] twai_transmit() -> ESP_OK
[807s] OK V=53.90V I=+0.0A T=25.4C SOC=100% SOH=99% | CVL=56.8V CCL=0.0A DCL=0.0A | chg=0 dis=0 fc1=0 fc2=0 | prot=0000 warn=0000 | packs=2 | inv0x305=no
BAT RX 0x330 [8] 02 0D 02 01 0D 36 0D 23 
BAT RX 0x329 [8] 02 00 1A 25 02 00 40 D1 
BAT RX 0x323 [8] 20 0E 10 00 04 00 00 00 
BAT RX 0x324 [8] 00 02 47 50 4A 30 32 31 
BAT RX 0x322 [8] 01 14 00 E8 03 01 64 64 
BAT RX 0x320 [8] 50 41 C3 85 85 00 00 00 
BAT RX 0x319 [8] 00 0D 36 0D 23 1D 11 01 
BAT RX 0x318 [8] 0D 24 0D 24 0D 23 0D 23 
BAT RX 0x317 [8] 0D 36 0D 35 0D 33 0D 33 
BAT RX 0x316 [8] 0D 2C 0D 2B 0D 2B 0D 25 
BAT RX 0x315 [8] 0D 30 0D 30 0D 30 0D 30 
BAT RX 0x314 [8] 5B 54 5B 54 00 13 05 44 
BAT RX 0x313 [8] 15 0E 00 00 00 FE 64 63 
BAT RX 0x312 [8] 00 00 00 00 02 02 00 00 
BAT RX 0x311 [8] 02 38 00 00 00 00 01 00 
[keepalive] twai_transmit() -> ESP_OK
BAT RX 0x330 [8] 02 0D 02 01 0D 36 0D 23 
BAT RX 0x329 [8] 01 00 22 9C 01 00 40 35 
BAT RX 0x323 [8] 20 0E 10 00 04 00 00 00 
BAT RX 0x324 [8] 01 39 35 32 32 30 36 32 
BAT RX 0x322 [8] 01 14 00 E8 03 01 64 64 
BAT RX 0x320 [8] 50 41 C3 85 85 00 00 00 
BAT RX 0x319 [8] 00 0D 36 0D 23 1D 11 01 
BAT RX 0x318 [8] 0D 25 0D 23 0D 23 0D 23 
BAT RX 0x317 [8] 0D 36 0D 35 0D 33 0D 33 
BAT RX 0x316 [8] 0D 2C 0D 2B 0D 2B 0D 25 
BAT RX 0x315 [8] 0D 30 0D 30 0D 30 0D 30 
BAT RX 0x314 [8] 5B 54 5B 54 00 13 05 44 
BAT RX 0x313 [8] 15 0E 00 00 00 FE 64 63 
BAT RX 0x312 [8] 00 00 00 00 02 02 00 00 
BAT RX 0x311 [8] 02 38 00 00 00 00 01 00 
[keepalive] twai_transmit() -> ESP_OK
[809s] OK V=53.90V I=+0.0A T=25.4C SOC=100% SOH=99% | CVL=56.8V CCL=0.0A DCL=0.0A | chg=0 dis=0 fc1=0 fc2=0 | prot=0000 warn=0000 | packs=2 | inv0x305=no
BAT RX 0x330 [8] 02 0D 02 01 0D 36 0D 23 
BAT RX 0x329 [8] 02 00 1A 25 02 00 40 D1 
BAT RX 0x323 [8] 20 0E 10 00 04 00 00 00 
BAT RX 0x324 [8] 02 42 42 37 00 00 00 00 
BAT RX 0x322 [8] 01 14 00 E8 03 01 64 64 
BAT RX 0x320 [8] 50 41 C3 85 85 00 00 00 
BAT RX 0x319 [8] 00 0D 36 0D 23 1D 11 01 
BAT RX 0x318 [8] 0D 24 0D 24 0D 23 0D 23 
BAT RX 0x317 [8] 0D 36 0D 34 0D 34 0D 33 
BAT RX 0x316 [8] 0D 2C 0D 2C 0D 2B 0D 25 
BAT RX 0x315 [8] 0D 30 0D 30 0D 30 0D 30 
BAT RX 0x314 [8] 5B 54 5B 54 00 13 05 44 
BAT RX 0x313 [8] 15 0E 00 00 00 FE 64 63 
BAT RX 0x312 [8] 00 00 00 00 02 02 00 00 
BAT RX 0x311 [8] 02 38 00 00 00 00 01 00 

---- battery-bus rate stats (VERBOSE_STATS) ----------------------------
  11411 frames, 810 s elapsed
  ID     count   period(ms)  (min-max gap)
  0x312     761    997 (7-1000)
  0x313     761    997 (3-1000)
  0x314     761    997 (4-1000)
  0x315     761    997 (4-1000)
  0x316     761    997 (3-1000)
  0x317     761    997 (3-1000)
  0x318     761    997 (4-1000)
  0x319     761    997 (4-1000)
  0x320     761    997 (4-1000)
  0x322     761    997 (4-1000)
  0x311     761    997 (4-1000)
  0x323     760    998 (767-1000)
  0x324     760    998 (768-1000)
  0x329     760    998 (757-1002)
  0x330     760    998 (746-1000)
--------------------------------------------------------------------------

  TWAI: state=RUNNING  tx_err=0 rx_err=0  tx_failed=0  rx_missed=0 rx_overrun=0  arb_lost=0  bus_err=190881
[keepalive] twai_transmit() -> ESP_OK
BAT RX 0x330 [8] 02 0D 02 01 0D 36 0D 23 
BAT RX 0x329 [8] 01 00 22 9C 01 00 40 35 
BAT RX 0x323 [8] 20 0E 10 00 04 00 00 00 
BAT RX 0x324 [8] 00 01 47 50 4A 30 32 31 
BAT RX 0x322 [8] 01 14 00 E8 03 01 64 64 
BAT RX 0x320 [8] 50 41 C3 85 85 00 00 00 
BAT RX 0x319 [8] 00 0D 36 0D 23 1D 11 01 
BAT RX 0x318 [8] 0D 25 0D 23 0D 23 0D 23 
BAT RX 0x317 [8] 0D 36 0D 34 0D 33 0D 32 
BAT RX 0x316 [8] 0D 2B 0D 2B 0D 2B 0D 25 
BAT RX 0x315 [8] 0D 30 0D 30 0D 30 0D 30 
BAT RX 0x314 [8] 5B 54 5B 54 00 13 05 44 
BAT RX 0x313 [8] 15 0E 00 00 00 FE 64 63 
BAT RX 0x312 [8] 00 00 00 00 02 02 00 00 
BAT RX 0x311 [8] 02 38 00 00 00 00 01 00 
[keepalive] twai_transmit() -> ESP_OK
[811s] OK V=53.90V I=+0.0A T=25.4C SOC=100% SOH=99% | CVL=56.8V CCL=0.0A DCL=0.0A | chg=0 dis=0 fc1=0 fc2=0 | prot=0000 warn=0000 | packs=2 | inv0x305=no
BAT RX 0x330 [8] 02 0D 02 01 0D 37 0D 23 
BAT RX 0x329 [8] 02 00 1A 25 02 00 40 D1 
BAT RX 0x323 [8] 20 0E 10 00 04 00 00 00 
BAT RX 0x324 [8] 01 39 35 32 32 30 36 32 
BAT RX 0x322 [8] 01 14 00 E8 03 01 64 64 
BAT RX 0x320 [8] 50 41 C3 85 85 00 00 00 
BAT RX 0x319 [8] 00 0D 37 0D 23 1D 11 01 
BAT RX 0x318 [8] 0D 24 0D 23 0D 23 0D 23 
BAT RX 0x317 [8] 0D 37 0D 35 0D 33 0D 33 
BAT RX 0x316 [8] 0D 2C 0D 2B 0D 2B 0D 25 
BAT RX 0x315 [8] 0D 30 0D 30 0D 30 0D 30 
BAT RX 0x314 [8] 5B 54 5B 54 00 14 05 44 
BAT RX 0x313 [8] 15 0E 00 00 00 FE 64 63 
BAT RX 0x312 [8] 00 00 00 00 02 02 00 00 
BAT RX 0x311 [8] 02 38 00 00 00 00 01 00 
[keepalive] twai_transmit() -> ESP_OK
BAT RX 0x330 [8] 02 0D 02 01 0D 36 0D 23 
BAT RX 0x329 [8] 01 00 22 9C 01 00 40 35 
BAT RX 0x323 [8] 20 0E 10 00 04 00 00 00 
BAT RX 0x324 [8] 02 43 30 37 00 00 00 00 
BAT RX 0x322 [8] 01 14 00 E8 03 01 64 64 
BAT RX 0x320 [8] 50 41 C3 85 85 00 00 00 
BAT RX 0x319 [8] 00 0D 36 0D 23 1D 11 01 
BAT RX 0x318 [8] 0D 25 0D 23 0D 23 0D 23 
BAT RX 0x317 [8] 0D 36 0D 34 0D 33 0D 32 
BAT RX 0x316 [8] 0D 2C 0D 2B 0D 2A 0D 25 
BAT RX 0x315 [8] 0D 30 0D 30 0D 30 0D 30 
BAT RX 0x314 [8] 5B 54 5B 54 00 13 05 44 
BAT RX 0x313 [8] 15 0E 00 00 00 FE 64 63 
BAT RX 0x312 [8] 00 00 00 00 02 02 00 00 
BAT RX 0x311 [8] 02 38 00 00 00 00 01 00 
[keepalive] twai_transmit() -> ESP_OK
[813s] OK V=53.90V I=+0.0A T=25.4C SOC=100% SOH=99% | CVL=56.8V CCL=0.0A DCL=0.0A | chg=0 dis=0 fc1=0 fc2=0 | prot=0000 warn=0000 | packs=2 | inv0x305=no
BAT RX 0x330 [8] 02 0D 02 01 0D 36 0D 23 
BAT RX 0x329 [8] 02 00 1A 25 02 00 40 D1 
BAT RX 0x323 [8] 20 0E 10 00 04 00 00 00 
BAT RX 0x324 [8] 00 02 47 50 4A 30 32 31 
BAT RX 0x322 [8] 01 14 00 E8 03 01 64 64 
BAT RX 0x320 [8] 50 41 C3 85 85 00 00 00 
BAT RX 0x319 [8] 00 0D 36 0D 23 1D 11 01 
BAT RX 0x318 [8] 0D 25 0D 23 0D 23 0D 23 
BAT RX 0x317 [8] 0D 36 0D 34 0D 33 0D 32 
BAT RX 0x316 [8] 0D 2C 0D 2C 0D 2A 0D 26 
BAT RX 0x315 [8] 0D 31 0D 30 0D 30 0D 30 
BAT RX 0x314 [8] 5B 54 5B 54 00 13 05 44 
BAT RX 0x313 [8] 15 0E 00 00 00 FE 64 63 
BAT RX 0x312 [8] 00 00 00 00 02 02 00 00 
BAT RX 0x311 [8] 02 38 00 00 00 00 01 00 
[keepalive] twai_transmit() -> ESP_OK
BAT RX 0x330 [8] 02 0D 02 01 0D 36 0D 23 
BAT RX 0x329 [8] 01 00 22 9C 01 00 40 35 
BAT RX 0x323 [8] 20 0E 10 00 04 00 00 00 
BAT RX 0x324 [8] 01 39 35 32 32 30 36 32 
BAT RX 0x322 [8] 01 14 00 E8 03 01 64 64 
BAT RX 0x320 [8] 50 41 C3 85 85 00 00 00 
BAT RX 0x319 [8] 00 0D 36 0D 23 1D 11 01 
BAT RX 0x318 [8] 0D 24 0D 23 0D 23 0D 23 
BAT RX 0x317 [8] 0D 36 0D 34 0D 33 0D 32 
BAT RX 0x316 [8] 0D 2C 0D 2B 0D 2A 0D 25 
BAT RX 0x315 [8] 0D 30 0D 30 0D 30 0D 30 
BAT RX 0x314 [8] 5B 54 5B 54 00 13 05 44 
BAT RX 0x313 [8] 15 0E 00 00 00 FE 64 63 
BAT RX 0x312 [8] 00 00 00 00 02 02 00 00 
BAT RX 0x311 [8] 02 38 00 00 00 00 01 00 
[keepalive] twai_transmit() -> ESP_OK
[815s] OK V=53.90V I=+0.0A T=25.4C SOC=100% SOH=99% | CVL=56.8V CCL=0.0A DCL=0.0A | chg=0 dis=0 fc1=0 fc2=0 | prot=0000 warn=0000 | packs=2 | inv0x305=no
BAT RX 0x330 [8] 02 0D 02 01 0D 37 0D 23 
BAT RX 0x329 [8] 02 00 1A 25 02 00 40 D1 
BAT RX 0x323 [8] 20 0E 10 00 04 00 00 00 
BAT RX 0x324 [8] 02 42 42 37 00 00 00 00 
BAT RX 0x322 [8] 01 14 00 E8 03 01 64 64 
BAT RX 0x320 [8] 50 41 C3 85 85 00 00 00 
BAT RX 0x319 [8] 00 0D 37 0D 23 1D 11 01 
BAT RX 0x318 [8] 0D 24 0D 23 0D 23 0D 23 
BAT RX 0x317 [8] 0D 37 0D 34 0D 33 0D 32 
BAT RX 0x316 [8] 0D 2C 0D 2B 0D 2B 0D 25 
BAT RX 0x315 [8] 0D 30 0D 30 0D 30 0D 30 
BAT RX 0x314 [8] 5B 54 5B 54 00 14 05 44 
BAT RX 0x313 [8] 15 0E 00 00 00 FE 64 63 
BAT RX 0x312 [8] 00 00 00 00 02 02 00 00 
BAT RX 0x311 [8] 02 38 00 00 00 00 01 00 
[keepalive] twai_transmit() -> ESP_OK
BAT RX 0x330 [8] 02 0D 02 01 0D 36 0D 23 
BAT RX 0x329 [8] 01 00 22 9C 01 00 40 35 
BAT RX 0x323 [8] 20 0E 10 00 04 00 00 00 
BAT RX 0x324 [8] 00 01 47 50 4A 30 32 31 
BAT RX 0x322 [8] 01 14 00 E8 03 01 64 64 
BAT RX 0x320 [8] 50 41 C3 85 85 00 00 00 
BAT RX 0x319 [8] 00 0D 36 0D 23 1D 11 01 
BAT RX 0x318 [8] 0D 24 0D 23 0D 23 0D 23 
BAT RX 0x317 [8] 0D 36 0D 35 0D 33 0D 33 
BAT RX 0x316 [8] 0D 2B 0D 2B 0D 2B 0D 25 
BAT RX 0x315 [8] 0D 30 0D 30 0D 30 0D 30 
BAT RX 0x314 [8] 5B 54 5B 54 00 13 05 44 
BAT RX 0x313 [8] 15 0E 00 00 00 FE 64 63 
BAT RX 0x312 [8] 00 00 00 00 02 02 00 00 
BAT RX 0x311 [8] 02 38 00 00 00 00 01 00 
[keepalive] twai_transmit() -> ESP_OK
[817s] OK V=53.90V I=+0.0A T=25.4C SOC=100% SOH=99% | CVL=56.8V CCL=0.0A DCL=0.0A | chg=0 dis=0 fc1=0 fc2=0 | prot=0000 warn=0000 | packs=2 | inv0x305=no
BAT RX 0x330 [8] 02 0D 02 01 0D 36 0D 23 
BAT RX 0x329 [8] 02 00 1A 25 02 00 40 D1 
BAT RX 0x323 [8] 20 0E 10 00 04 00 00 00 
BAT RX 0x324 [8] 01 39 35 32 32 30 36 32 
BAT RX 0x322 [8] 01 14 00 E8 03 01 64 64 
BAT RX 0x320 [8] 50 41 C3 85 85 00 00 00 
BAT RX 0x319 [8] 00 0D 36 0D 23 1D 11 01 
BAT RX 0x318 [8] 0D 24 0D 24 0D 23 0D 23 
BAT RX 0x317 [8] 0D 36 0D 34 0D 33 0D 33 
BAT RX 0x316 [8] 0D 2B 0D 2B 0D 2B 0D 25 
BAT RX 0x315 [8] 0D 30 0D 30 0D 30 0D 30 
BAT RX 0x314 [8] 5B 54 5B 54 00 13 05 44 
BAT RX 0x313 [8] 15 0E 00 00 00 FE 64 63 
BAT RX 0x312 [8] 00 00 00 00 02 02 00 00 
BAT RX 0x311 [8] 02 38 00 00 00 00 01 00 
[keepalive] twai_transmit() -> ESP_OK
BAT RX 0x330 [8] 02 0D 02 01 0D 36 0D 23 
BAT RX 0x329 [8] 01 00 22 9C 01 00 40 35 
BAT RX 0x323 [8] 20 0E 10 00 04 00 00 00 
BAT RX 0x324 [8] 02 43 30 37 00 00 00 00 
BAT RX 0x322 [8] 01 14 00 E8 03 01 64 64 
BAT RX 0x320 [8] 50 41 C3 85 85 00 00 00 
BAT RX 0x319 [8] 00 0D 36 0D 23 1D 11 01 
BAT RX 0x318 [8] 0D 24 0D 24 0D 23 0D 23 
BAT RX 0x317 [8] 0D 36 0D 34 0D 33 0D 32 
BAT RX 0x316 [8] 0D 2C 0D 2B 0D 2B 0D 25 
BAT RX 0x315 [8] 0D 30 0D 30 0D 30 0D 30 
BAT RX 0x314 [8] 5B 54 5B 54 00 13 05 44 
BAT RX 0x313 [8] 15 0E 00 00 00 FE 64 63 
BAT RX 0x312 [8] 00 00 00 00 02 02 00 00 
BAT RX 0x311 [8] 02 38 00 00 00 00 01 00 
[keepalive] twai_transmit() -> ESP_OK
[819s] OK V=53.90V I=+0.0A T=25.4C SOC=100% SOH=99% | CVL=56.8V CCL=0.0A DCL=0.0A | chg=0 dis=0 fc1=0 fc2=0 | prot=0000 warn=0000 | packs=2 | inv0x305=no
BAT RX 0x330 [8] 02 0D 02 01 0D 36 0D 23 
BAT RX 0x329 [8] 02 00 1A 25 02 00 40 D1 
BAT RX 0x323 [8] 20 0E 10 00 04 00 00 00 
BAT RX 0x324 [8] 00 02 47 50 4A 30 32 31 
BAT RX 0x322 [8] 01 14 00 E8 03 01 64 64 
BAT RX 0x320 [8] 50 41 C3 85 85 00 00 00 
BAT RX 0x319 [8] 00 0D 36 0D 23 1D 11 01 
BAT RX 0x318 [8] 0D 24 0D 23 0D 23 0D 23 
BAT RX 0x317 [8] 0D 36 0D 34 0D 33 0D 32 
BAT RX 0x316 [8] 0D 2C 0D 2C 0D 2A 0D 25 
BAT RX 0x315 [8] 0D 30 0D 30 0D 30 0D 30 
BAT RX 0x314 [8] 5B 54 5B 54 00 13 05 44 
BAT RX 0x313 [8] 15 0E 00 00 00 FE 64 63 
BAT RX 0x312 [8] 00 00 00 00 02 02 00 00 
BAT RX 0x311 [8] 02 38 00 00 00 00 01 00 
[keepalive] twai_transmit() -> ESP_OK
BAT RX 0x330 [8] 02 0D 02 01 0D 36 0D 23 
BAT RX 0x329 [8] 01 00 22 9C 01 00 40 35 
BAT RX 0x323 [8] 20 0E 10 00 04 00 00 00 
BAT RX 0x324 [8] 01 39 35 32 32 30 36 32 
BAT RX 0x322 [8] 01 14 00 E8 03 01 64 64 
BAT RX 0x320 [8] 50 41 C3 85 85 00 00 00 
BAT RX 0x319 [8] 00 0D 36 0D 23 1D 11 01 
BAT RX 0x318 [8] 0D 25 0D 23 0D 23 0D 23 
BAT RX 0x317 [8] 0D 36 0D 34 0D 33 0D 33 
BAT RX 0x316 [8] 0D 2B 0D 2B 0D 2A 0D 25 
BAT RX 0x315 [8] 0D 30 0D 30 0D 30 0D 30 
BAT RX 0x314 [8] 5B 54 5B 54 00 13 05 44 
BAT RX 0x313 [8] 15 0E 00 00 00 FE 64 63 
BAT RX 0x312 [8] 00 00 00 00 02 02 00 00 
BAT RX 0x311 [8] 02 38 00 00 00 00 01 00 
[keepalive] twai_transmit() -> ESP_OK
[821s] OK V=53.90V I=+0.0A T=25.4C SOC=100% SOH=99% | CVL=56.8V CCL=0.0A DCL=0.0A | chg=0 dis=0 fc1=0 fc2=0 | prot=0000 warn=0000 | packs=2 | inv0x305=no
BAT RX 0x330 [8] 02 0D 02 01 0D 36 0D 23 
BAT RX 0x329 [8] 02 00 1A 25 02 00 40 D1 
BAT RX 0x323 [8] 20 0E 10 00 04 00 00 00 
BAT RX 0x324 [8] 02 42 42 37 00 00 00 00 
BAT RX 0x322 [8] 01 14 00 E8 03 01 64 64 
BAT RX 0x320 [8] 50 41 C3 85 85 00 00 00 
BAT RX 0x319 [8] 00 0D 36 0D 23 1D 11 01 
BAT RX 0x318 [8] 0D 24 0D 23 0D 23 0D 23 
BAT RX 0x317 [8] 0D 36 0D 34 0D 34 0D 32 
BAT RX 0x316 [8] 0D 2C 0D 2B 0D 2B 0D 25 
BAT RX 0x315 [8] 0D 30 0D 30 0D 30 0D 30 
BAT RX 0x314 [8] 5B 54 5B 54 00 13 05 44 
BAT RX 0x313 [8] 15 0E 00 00 00 FE 64 63 
BAT RX 0x312 [8] 00 00 00 00 02 02 00 00 
BAT RX 0x311 [8] 02 38 00 00 00 00 01 00 
[keepalive] twai_transmit() -> ESP_OK
BAT RX 0x330 [8] 02 0D 02 01 0D 36 0D 23 
BAT RX 0x329 [8] 01 00 22 9C 01 00 40 35 
BAT RX 0x323 [8] 20 0E 10 00 04 00 00 00 
BAT RX 0x324 [8] 00 01 47 50 4A 30 32 31 
BAT RX 0x322 [8] 01 14 00 E8 03 01 64 64 
BAT RX 0x320 [8] 50 41 C3 85 85 00 00 00 
BAT RX 0x319 [8] 00 0D 36 0D 23 1D 11 01 
BAT RX 0x318 [8] 0D 24 0D 23 0D 23 0D 23 
BAT RX 0x317 [8] 0D 36 0D 34 0D 33 0D 33 
BAT RX 0x316 [8] 0D 2B 0D 2B 0D 2A 0D 25 
BAT RX 0x315 [8] 0D 30 0D 30 0D 30 0D 30 
BAT RX 0x314 [8] 5B 54 5B 54 00 13 05 44 
BAT RX 0x313 [8] 15 0E 00 00 00 FE 64 63 
BAT RX 0x312 [8] 00 00 00 00 02 02 00 00 
BAT RX 0x311 [8] 02 38 00 00 00 00 01 00 
[keepalive] twai_transmit() -> ESP_OK
[823s] OK V=53.90V I=+0.0A T=25.4C SOC=100% SOH=99% | CVL=56.8V CCL=0.0A DCL=0.0A | chg=0 dis=0 fc1=0 fc2=0 | prot=0000 warn=0000 | packs=2 | inv0x305=no
BAT RX 0x330 [8] 02 0D 02 01 0D 36 0D 23 
BAT RX 0x329 [8] 02 00 1A 25 02 00 40 D1 
BAT RX 0x323 [8] 20 0E 10 00 04 00 00 00 
BAT RX 0x324 [8] 01 39 35 32 32 30 36 32 
BAT RX 0x322 [8] 01 14 00 E8 03 01 64 64 
BAT RX 0x320 [8] 50 41 C3 85 85 00 00 00 
BAT RX 0x319 [8] 00 0D 36 0D 23 1D 11 01 
BAT RX 0x318 [8] 0D 25 0D 23 0D 23 0D 23 
BAT RX 0x317 [8] 0D 36 0D 34 0D 33 0D 32 
BAT RX 0x316 [8] 0D 2B 0D 2B 0D 2B 0D 25 
BAT RX 0x315 [8] 0D 31 0D 30 0D 30 0D 2F 
BAT RX 0x314 [8] 5B 54 5B 54 00 13 05 44 
BAT RX 0x313 [8] 15 0E 00 00 00 FE 64 63 
BAT RX 0x312 [8] 00 00 00 00 02 02 00 00 
BAT RX 0x311 [8] 02 38 00 00 00 00 01 00 
[keepalive] twai_transmit() -> ESP_OK
BAT RX 0x330 [8] 02 0D 02 01 0D 36 0D 23 
BAT RX 0x329 [8] 01 00 22 9C 01 00 40 35 
BAT RX 0x323 [8] 20 0E 10 00 04 00 00 00 
BAT RX 0x324 [8] 02 43 30 37 00 00 00 00 
BAT RX 0x322 [8] 01 14 00 E8 03 01 64 64 
BAT RX 0x320 [8] 50 41 C3 85 85 00 00 00 
BAT RX 0x319 [8] 00 0D 36 0D 23 1D 11 01 
BAT RX 0x318 [8] 0D 24 0D 23 0D 23 0D 23 
BAT RX 0x317 [8] 0D 36 0D 34 0D 33 0D 32 
BAT RX 0x316 [8] 0D 2B 0D 2B 0D 2B 0D 25 
BAT RX 0x315 [8] 0D 30 0D 30 0D 30 0D 30 
BAT RX 0x314 [8] 5B 54 5B 54 00 13 05 44 
BAT RX 0x313 [8] 15 0E 00 00 00 FE 64 63 
BAT RX 0x312 [8] 00 00 00 00 02 02 00 00 
BAT RX 0x311 [8] 02 38 00 00 00 00 01 00 

---- battery-bus rate stats (VERBOSE_STATS) ----------------------------
  11636 frames, 825 s elapsed
  ID     count   period(ms)  (min-max gap)
  0x312     776    997 (7-1000)
  0x313     776    997 (3-1000)
  0x314     776    997 (4-1000)
  0x315     776    997 (4-1000)
  0x316     776    997 (3-1000)
  0x317     776    997 (3-1000)
  0x318     776    997 (4-1000)
  0x319     776    997 (4-1000)
  0x320     776    997 (4-1000)
  0x322     776    997 (4-1000)
  0x311     776    997 (4-1000)
  0x323     775    998 (767-1000)
  0x324     775    998 (768-1000)
  0x329     775    998 (757-1002)
  0x330     775    998 (746-1000)
--------------------------------------------------------------------------

  TWAI: state=RUNNING  tx_err=0 rx_err=0  tx_failed=0  rx_missed=0 rx_overrun=0  arb_lost=0  bus_err=190881
[keepalive] twai_transmit() -> ESP_OK
[825s] OK V=53.90V I=+0.0A T=25.4C SOC=100% SOH=99% | CVL=56.8V CCL=0.0A DCL=0.0A | chg=0 dis=0 fc1=0 fc2=0 | prot=0000 warn=0000 | packs=2 | inv0x305=no
BAT RX 0x330 [8] 02 0D 02 01 0D 36 0D 23 
BAT RX 0x329 [8] 02 00 1A 25 02 00 40 D1 
BAT RX 0x323 [8] 20 0E 10 00 04 00 00 00 
BAT RX 0x324 [8] 00 02 47 50 4A 30 32 31 
BAT RX 0x322 [8] 01 14 00 E8 03 01 64 64 
BAT RX 0x320 [8] 50 41 C3 85 85 00 00 00 
BAT RX 0x319 [8] 00 0D 36 0D 23 1D 11 01 
BAT RX 0x318 [8] 0D 24 0D 23 0D 23 0D 23 
BAT RX 0x317 [8] 0D 36 0D 34 0D 33 0D 32 
BAT RX 0x316 [8] 0D 2C 0D 2B 0D 2A 0D 25 
BAT RX 0x315 [8] 0D 30 0D 30 0D 2F 0D 2F 
BAT RX 0x314 [8] 5B 54 5B 54 00 13 05 44 
BAT RX 0x313 [8] 15 0E 00 00 00 FE 64 63 
BAT RX 0x312 [8] 00 00 00 00 02 02 00 00 
BAT RX 0x311 [8] 02 38 00 00 00 00 01 00 
[keepalive] twai_transmit() -> ESP_OK
BAT RX 0x330 [8] 02 0D 02 01 0D 36 0D 22 
BAT RX 0x329 [8] 01 00 22 9C 01 00 40 35 
BAT RX 0x323 [8] 20 0E 10 00 04 00 00 00 
BAT RX 0x324 [8] 01 39 35 32 32 30 36 32 
BAT RX 0x322 [8] 01 14 00 E8 03 01 64 64 
BAT RX 0x320 [8] 50 41 C3 85 85 00 00 00 
BAT RX 0x319 [8] 00 0D 36 0D 22 1D 11 01 
BAT RX 0x318 [8] 0D 24 0D 23 0D 23 0D 22 
BAT RX 0x317 [8] 0D 36 0D 34 0D 33 0D 32 
BAT RX 0x316 [8] 0D 2C 0D 2B 0D 2A 0D 25 
BAT RX 0x315 [8] 0D 30 0D 30 0D 30 0D 30 
BAT RX 0x314 [8] 5B 54 5B 54 00 14 05 44 
BAT RX 0x313 [8] 15 0E 00 00 00 FE 64 63 
BAT RX 0x312 [8] 00 00 00 00 02 02 00 00 
BAT RX 0x311 [8] 02 38 00 00 00 00 01 00 
[keepalive] twai_transmit() -> ESP_OK
[827s] OK V=53.90V I=+0.0A T=25.4C SOC=100% SOH=99% | CVL=56.8V CCL=0.0A DCL=0.0A | chg=0 dis=0 fc1=0 fc2=0 | prot=0000 warn=0000 | packs=2 | inv0x305=no
BAT RX 0x330 [8] 02 0D 02 01 0D 36 0D 23 
BAT RX 0x329 [8] 02 00 1A 25 02 00 40 D1 
BAT RX 0x323 [8] 20 0E 10 00 04 00 00 00 
BAT RX 0x324 [8] 02 42 42 37 00 00 00 00 
BAT RX 0x322 [8] 01 14 00 E8 03 01 64 64 
BAT RX 0x320 [8] 50 41 C3 85 85 00 00 00 
BAT RX 0x319 [8] 00 0D 36 0D 23 1D 11 01 
BAT RX 0x318 [8] 0D 24 0D 23 0D 23 0D 23 
BAT RX 0x317 [8] 0D 36 0D 34 0D 33 0D 32 
BAT RX 0x316 [8] 0D 2B 0D 2B 0D 2B 0D 26 
BAT RX 0x315 [8] 0D 30 0D 30 0D 30 0D 2F 
BAT RX 0x314 [8] 5B 54 5B 54 00 13 05 44 
BAT RX 0x313 [8] 15 0E 00 00 00 FE 64 63 
BAT RX 0x312 [8] 00 00 00 00 02 02 00 00 
BAT RX 0x311 [8] 02 38 00 00 00 00 01 00 
[keepalive] twai_transmit() -> ESP_OK
BAT RX 0x330 [8] 02 0D 02 01 0D 36 0D 23 
BAT RX 0x329 [8] 01 00 22 9C 01 00 40 35 
BAT RX 0x323 [8] 20 0E 10 00 04 00 00 00 
BAT RX 0x324 [8] 00 01 47 50 4A 30 32 31 
BAT RX 0x322 [8] 01 14 00 E8 03 01 64 64 
BAT RX 0x320 [8] 50 41 C3 85 85 00 00 00 
BAT RX 0x319 [8] 00 0D 36 0D 23 1D 11 01 
BAT RX 0x318 [8] 0D 24 0D 23 0D 23 0D 23 
BAT RX 0x317 [8] 0D 36 0D 34 0D 33 0D 32 
BAT RX 0x316 [8] 0D 2C 0D 2B 0D 2B 0D 25 
BAT RX 0x315 [8] 0D 30 0D 30 0D 30 0D 2F 
BAT RX 0x314 [8] 5B 54 5B 54 00 13 05 44 
BAT RX 0x313 [8] 15 0E 00 00 00 FE 64 63 
BAT RX 0x312 [8] 00 00 00 00 02 02 00 00 
BAT RX 0x311 [8] 02 38 00 00 00 00 01 00 
[keepalive] twai_transmit() -> ESP_OK
[829s] OK V=53.90V I=+0.0A T=25.4C SOC=100% SOH=99% | CVL=56.8V CCL=0.0A DCL=0.0A | chg=0 dis=0 fc1=0 fc2=0 | prot=0000 warn=0000 | packs=2 | inv0x305=no
BAT RX 0x330 [8] 02 0D 02 01 0D 36 0D 23 
BAT RX 0x329 [8] 02 00 1A 25 02 00 40 D1 
BAT RX 0x323 [8] 20 0E 10 00 04 00 00 00 
BAT RX 0x324 [8] 01 39 35 32 32 30 36 32 
BAT RX 0x322 [8] 01 14 00 E8 03 01 64 64 
BAT RX 0x320 [8] 50 41 C3 85 85 00 00 00 
BAT RX 0x319 [8] 00 0D 36 0D 23 1D 11 01 
BAT RX 0x318 [8] 0D 24 0D 23 0D 23 0D 23 
BAT RX 0x317 [8] 0D 36 0D 34 0D 33 0D 32 
BAT RX 0x316 [8] 0D 2C 0D 2B 0D 2A 0D 25 
BAT RX 0x315 [8] 0D 30 0D 30 0D 30 0D 30 
BAT RX 0x314 [8] 5B 54 5B 54 00 13 05 44 
BAT RX 0x313 [8] 15 0E 00 00 00 FE 64 63 
BAT RX 0x312 [8] 00 00 00 00 02 02 00 00 
BAT RX 0x311 [8] 02 38 00 00 00 00 01 00 
[keepalive] twai_transmit() -> ESP_OK
BAT RX 0x330 [8] 02 0D 02 0F 0D 36 0D 22 
BAT RX 0x329 [8] 01 00 22 9C 01 00 40 35 
BAT RX 0x323 [8] 20 0E 10 00 04 00 00 00 
BAT RX 0x324 [8] 02 43 30 37 00 00 00 00 
BAT RX 0x322 [8] 01 14 00 E8 03 01 64 64 
BAT RX 0x320 [8] 50 41 C3 85 85 00 00 00 
BAT RX 0x319 [8] 00 0D 36 0D 22 1D 1F 01 
BAT RX 0x318 [8] 0D 24 0D 23 0D 23 0D 22 
BAT RX 0x317 [8] 0D 36 0D 34 0D 33 0D 32 
BAT RX 0x316 [8] 0D 2B 0D 2B 0D 2A 0D 25 
BAT RX 0x315 [8] 0D 30 0D 30 0D 30 0D 30 
BAT RX 0x314 [8] 5B 54 5B 54 00 14 05 44 
BAT RX 0x313 [8] 15 0E 00 00 00 FE 64 63 
BAT RX 0x312 [8] 00 00 00 00 02 02 00 00 
BAT RX 0x311 [8] 02 38 00 00 00 00 01 00 
[keepalive] twai_transmit() -> ESP_OK
[831s] OK V=53.90V I=+0.0A T=25.4C SOC=100% SOH=99% | CVL=56.8V CCL=0.0A DCL=0.0A | chg=0 dis=0 fc1=0 fc2=0 | prot=0000 warn=0000 | packs=2 | inv0x305=no
BAT RX 0x330 [8] 02 0D 02 0F 0D 36 0D 22 
BAT RX 0x329 [8] 02 00 1A 25 02 00 40 D1 
BAT RX 0x323 [8] 20 0E 10 00 04 00 00 00 
BAT RX 0x324 [8] 00 02 47 50 4A 30 32 31 
BAT RX 0x322 [8] 01 14 00 E8 03 01 64 64 
BAT RX 0x320 [8] 50 41 C3 85 85 00 00 00 
BAT RX 0x319 [8] 00 0D 36 0D 22 1D 1F 01 
BAT RX 0x318 [8] 0D 24 0D 23 0D 23 0D 22 
BAT RX 0x317 [8] 0D 36 0D 34 0D 33 0D 32 
BAT RX 0x316 [8] 0D 2C 0D 2B 0D 2B 0D 25 
BAT RX 0x315 [8] 0D 30 0D 30 0D 30 0D 30 
BAT RX 0x314 [8] 5B 54 5B 54 00 14 05 44 
BAT RX 0x313 [8] 15 0E 00 00 00 FE 64 63 
BAT RX 0x312 [8] 00 00 00 00 02 02 00 00 
BAT RX 0x311 [8] 02 38 00 00 00 00 01 00 
[keepalive] twai_transmit() -> ESP_OK
BAT RX 0x330 [8] 02 0D 02 01 0D 36 0D 23 
BAT RX 0x329 [8] 01 00 22 9C 01 00 40 35 
BAT RX 0x323 [8] 20 0E 10 00 04 00 00 00 
BAT RX 0x324 [8] 01 39 35 32 32 30 36 32 
BAT RX 0x322 [8] 01 14 00 E8 03 01 64 64 
BAT RX 0x320 [8] 50 41 C3 85 85 00 00 00 
BAT RX 0x319 [8] 00 0D 36 0D 23 1D 11 01 
BAT RX 0x318 [8] 0D 25 0D 23 0D 23 0D 23 
BAT RX 0x317 [8] 0D 36 0D 33 0D 33 0D 32 
BAT RX 0x316 [8] 0D 2B 0D 2B 0D 2A 0D 25 
BAT RX 0x315 [8] 0D 30 0D 30 0D 30 0D 30 
BAT RX 0x314 [8] 5B 54 5B 54 00 13 05 44 
BAT RX 0x313 [8] 15 0E 00 00 00 FE 64 63 
BAT RX 0x312 [8] 00 00 00 00 02 02 00 00 
BAT RX 0x311 [8] 02 38 00 00 00 00 01 00 
[keepalive] twai_transmit() -> ESP_OK
[833s] OK V=53.90V I=+0.0A T=25.4C SOC=100% SOH=99% | CVL=56.8V CCL=0.0A DCL=0.0A | chg=0 dis=0 fc1=0 fc2=0 | prot=0000 warn=0000 | packs=2 | inv0x305=no
BAT RX 0x330 [8] 02 0D 02 01 0D 36 0D 23 
BAT RX 0x329 [8] 02 00 1A 25 02 00 40 D1 
BAT RX 0x323 [8] 20 0E 10 00 04 00 00 00 
BAT RX 0x324 [8] 02 42 42 37 00 00 00 00 
BAT RX 0x322 [8] 01 14 00 E8 03 01 64 64 
BAT RX 0x320 [8] 50 41 C3 85 85 00 00 00 
BAT RX 0x319 [8] 00 0D 36 0D 23 1D 11 01 
BAT RX 0x318 [8] 0D 24 0D 23 0D 23 0D 23 
BAT RX 0x317 [8] 0D 36 0D 34 0D 33 0D 32 
BAT RX 0x316 [8] 0D 2B 0D 2B 0D 2B 0D 25 
BAT RX 0x315 [8] 0D 30 0D 30 0D 30 0D 30 
BAT RX 0x314 [8] 5B 54 5B 54 00 13 05 44 
BAT RX 0x313 [8] 15 0E 00 00 00 FE 64 63 
BAT RX 0x312 [8] 00 00 00 00 02 02 00 00 
BAT RX 0x311 [8] 02 38 00 00 00 00 01 00 
[keepalive] twai_transmit() -> ESP_OK
BAT RX 0x330 [8] 02 0D 02 01 0D 36 0D 23 
BAT RX 0x329 [8] 01 00 22 9C 01 00 40 35 
BAT RX 0x323 [8] 20 0E 10 00 04 00 00 00 
BAT RX 0x324 [8] 00 01 47 50 4A 30 32 31 
BAT RX 0x322 [8] 01 14 00 E8 03 01 64 64 
BAT RX 0x320 [8] 50 41 C3 85 85 00 00 00 
BAT RX 0x319 [8] 00 0D 36 0D 23 1D 11 01 
BAT RX 0x318 [8] 0D 24 0D 23 0D 23 0D 23 
BAT RX 0x317 [8] 0D 36 0D 34 0D 32 0D 32 
BAT RX 0x316 [8] 0D 2B 0D 2B 0D 2B 0D 25 
BAT RX 0x315 [8] 0D 30 0D 30 0D 30 0D 30 
BAT RX 0x314 [8] 5B 54 5B 54 00 13 05 44 
BAT RX 0x313 [8] 15 0E 00 00 00 FE 64 63 
BAT RX 0x312 [8] 00 00 00 00 02 02 00 00 
BAT RX 0x311 [8] 02 38 00 00 00 00 01 00 
[keepalive] twai_transmit() -> ESP_OK
[835s] OK V=53.90V I=+0.0A T=25.4C SOC=100% SOH=99% | CVL=56.8V CCL=0.0A DCL=0.0A | chg=0 dis=0 fc1=0 fc2=0 | prot=0000 warn=0000 | packs=2 | inv0x305=no
BAT RX 0x330 [8] 02 0D 02 01 0D 36 0D 23 
BAT RX 0x329 [8] 02 00 1A 25 02 00 40 D1 
BAT RX 0x323 [8] 20 0E 10 00 04 00 00 00 
BAT RX 0x324 [8] 01 39 35 32 32 30 36 32 
BAT RX 0x322 [8] 01 14 00 E8 03 01 64 64 
BAT RX 0x320 [8] 50 41 C3 85 85 00 00 00 
BAT RX 0x319 [8] 00 0D 36 0D 23 1D 11 01 
BAT RX 0x318 [8] 0D 24 0D 23 0D 23 0D 23 
BAT RX 0x317 [8] 0D 36 0D 34 0D 33 0D 32 
BAT RX 0x316 [8] 0D 2B 0D 2B 0D 2B 0D 26 
BAT RX 0x315 [8] 0D 30 0D 30 0D 30 0D 2F 
BAT RX 0x314 [8] 5B 54 5B 54 00 13 05 44 
BAT RX 0x313 [8] 15 0E 00 00 00 FE 64 63 
BAT RX 0x312 [8] 00 00 00 00 02 02 00 00 
BAT RX 0x311 [8] 02 38 00 00 00 00 01 00 
[keepalive] twai_transmit() -> ESP_OK
BAT RX 0x330 [8] 02 0D 02 0F 0D 36 0D 22 
BAT RX 0x329 [8] 01 00 22 9C 01 00 40 35 
BAT RX 0x323 [8] 20 0E 10 00 04 00 00 00 
BAT RX 0x324 [8] 02 43 30 37 00 00 00 00 
BAT RX 0x322 [8] 01 14 00 E8 03 01 64 64 
BAT RX 0x320 [8] 50 41 C3 85 85 00 00 00 
BAT RX 0x319 [8] 00 0D 36 0D 22 1D 1F 01 
BAT RX 0x318 [8] 0D 24 0D 23 0D 23 0D 22 
BAT RX 0x317 [8] 0D 36 0D 34 0D 33 0D 32 
BAT RX 0x316 [8] 0D 2B 0D 2B 0D 2A 0D 25 
BAT RX 0x315 [8] 0D 30 0D 30 0D 2F 0D 2F 
BAT RX 0x314 [8] 5B 54 5B 54 00 14 05 44 
BAT RX 0x313 [8] 15 0E 00 00 00 FE 64 63 
BAT RX 0x312 [8] 00 00 00 00 02 02 00 00 
BAT RX 0x311 [8] 02 38 00 00 00 00 01 00 
[keepalive] twai_transmit() -> ESP_OK
[837s] OK V=53.90V I=+0.0A T=25.4C SOC=100% SOH=99% | CVL=56.8V CCL=0.0A DCL=0.0A | chg=0 dis=0 fc1=0 fc2=0 | prot=0000 warn=0000 | packs=2 | inv0x305=no
BAT RX 0x330 [8] 02 0D 02 01 0D 36 0D 23 
BAT RX 0x329 [8] 02 00 1A 25 02 00 40 D1 
BAT RX 0x323 [8] 20 0E 10 00 04 00 00 00 
BAT RX 0x324 [8] 00 02 47 50 4A 30 32 31 
BAT RX 0x322 [8] 01 14 00 E8 03 01 64 64 
BAT RX 0x320 [8] 50 41 C3 85 85 00 00 00 
BAT RX 0x319 [8] 00 0D 36 0D 23 1D 11 01 
BAT RX 0x318 [8] 0D 24 0D 23 0D 23 0D 23 
BAT RX 0x317 [8] 0D 36 0D 34 0D 33 0D 32 
BAT RX 0x316 [8] 0D 2B 0D 2B 0D 2A 0D 25 
BAT RX 0x315 [8] 0D 30 0D 30 0D 30 0D 2F 
BAT RX 0x314 [8] 5B 54 5B 54 00 13 05 44 
BAT RX 0x313 [8] 15 0E 00 00 00 FE 64 63 
BAT RX 0x312 [8] 00 00 00 00 02 02 00 00 
BAT RX 0x311 [8] 02 38 00 00 00 00 01 00 
[keepalive] twai_transmit() -> ESP_OK
BAT RX 0x330 [8] 02 0D 02 01 0D 36 0D 22 
BAT RX 0x329 [8] 01 00 22 9C 01 00 40 35 
BAT RX 0x323 [8] 20 0E 10 00 04 00 00 00 
BAT RX 0x324 [8] 01 39 35 32 32 30 36 32 
BAT RX 0x322 [8] 01 14 00 E8 03 01 64 64 
BAT RX 0x320 [8] 50 41 C3 85 85 00 00 00 
BAT RX 0x319 [8] 00 0D 36 0D 22 1D 11 01 
BAT RX 0x318 [8] 0D 24 0D 23 0D 23 0D 22 
BAT RX 0x317 [8] 0D 36 0D 34 0D 33 0D 32 
BAT RX 0x316 [8] 0D 2C 0D 2B 0D 2A 0D 25 
BAT RX 0x315 [8] 0D 30 0D 30 0D 30 0D 30 
BAT RX 0x314 [8] 5B 54 5B 54 00 14 05 44 
BAT RX 0x313 [8] 15 0E 00 00 00 FE 64 63 
BAT RX 0x312 [8] 00 00 00 00 02 02 00 00 
BAT RX 0x311 [8] 02 38 00 00 00 00 01 00 
[keepalive] twai_transmit() -> ESP_OK
[839s] OK V=53.90V I=+0.0A T=25.4C SOC=100% SOH=99% | CVL=56.8V CCL=0.0A DCL=0.0A | chg=0 dis=0 fc1=0 fc2=0 | prot=0000 warn=0000 | packs=2 | inv0x305=no
BAT RX 0x330 [8] 02 0D 02 0F 0D 36 0D 22 
BAT RX 0x329 [8] 02 00 1A 25 02 00 40 D1 
BAT RX 0x323 [8] 20 0E 10 00 04 00 00 00 
BAT RX 0x324 [8] 02 42 42 37 00 00 00 00 
BAT RX 0x322 [8] 01 14 00 E8 03 01 64 64 
BAT RX 0x320 [8] 50 41 C3 85 85 00 00 00 
BAT RX 0x319 [8] 00 0D 36 0D 22 1D 1F 01 
BAT RX 0x318 [8] 0D 24 0D 23 0D 23 0D 22 
BAT RX 0x317 [8] 0D 36 0D 34 0D 33 0D 32 
BAT RX 0x316 [8] 0D 2B 0D 2B 0D 2A 0D 25 
BAT RX 0x315 [8] 0D 30 0D 30 0D 30 0D 2F 
BAT RX 0x314 [8] 5B 54 5B 54 00 14 05 44 
BAT RX 0x313 [8] 15 0E 00 00 00 FE 64 63 
BAT RX 0x312 [8] 00 00 00 00 02 02 00 00 
BAT RX 0x311 [8] 02 38 00 00 00 00 01 00 

---- battery-bus rate stats (VERBOSE_STATS) ----------------------------
  11861 frames, 840 s elapsed
  ID     count   period(ms)  (min-max gap)
  0x312     791    997 (7-1000)
  0x313     791    997 (3-1000)
  0x314     791    997 (4-1000)
  0x315     791    997 (4-1000)
  0x316     791    997 (3-1000)
  0x317     791    997 (3-1000)
  0x318     791    997 (4-1000)
  0x319     791    997 (4-1000)
  0x320     791    997 (4-1000)
  0x322     791    997 (4-1000)
  0x311     791    997 (4-1000)
  0x323     790    998 (767-1000)
  0x324     790    998 (768-1000)
  0x329     790    998 (757-1002)
  0x330     790    998 (746-1000)
--------------------------------------------------------------------------

  TWAI: state=RUNNING  tx_err=0 rx_err=0  tx_failed=0  rx_missed=0 rx_overrun=0  arb_lost=0  bus_err=190881
[keepalive] twai_transmit() -> ESP_OK
BAT RX 0x330 [8] 02 0D 02 01 0D 35 0D 22 
BAT RX 0x329 [8] 01 00 22 9C 01 00 40 35 
BAT RX 0x323 [8] 20 0E 10 00 04 00 00 00 
BAT RX 0x324 [8] 00 01 47 50 4A 30 32 31 
BAT RX 0x322 [8] 01 14 00 E8 03 01 64 64 
BAT RX 0x320 [8] 50 41 C3 85 85 00 00 00 
BAT RX 0x319 [8] 00 0D 35 0D 22 1D 11 01 
BAT RX 0x318 [8] 0D 24 0D 23 0D 22 0D 22 
BAT RX 0x317 [8] 0D 35 0D 34 0D 33 0D 31 
BAT RX 0x316 [8] 0D 2B 0D 2B 0D 2B 0D 25 
BAT RX 0x315 [8] 0D 30 0D 30 0D 30 0D 2F 
BAT RX 0x314 [8] 5B 54 5B 54 00 13 05 44 
BAT RX 0x313 [8] 15 0E 00 00 00 FE 64 63 
BAT RX 0x312 [8] 00 00 00 00 02 02 00 00 
BAT RX 0x311 [8] 02 38 00 00 00 00 01 00 
[keepalive] twai_transmit() -> ESP_OK
[841s] OK V=53.90V I=+0.0A T=25.4C SOC=100% SOH=99% | CVL=56.8V CCL=0.0A DCL=0.0A | chg=0 dis=0 fc1=0 fc2=0 | prot=0000 warn=0000 | packs=2 | inv0x305=no
BAT RX 0x330 [8] 02 0D 02 01 0D 36 0D 23 
BAT RX 0x329 [8] 02 00 1A 25 02 00 40 D1 
BAT RX 0x323 [8] 20 0E 10 00 04 00 00 00 
BAT RX 0x324 [8] 01 39 35 32 32 30 36 32 
BAT RX 0x322 [8] 01 14 00 E8 03 01 64 64 
BAT RX 0x320 [8] 50 41 C3 85 85 00 00 00 
BAT RX 0x319 [8] 00 0D 36 0D 23 1D 11 01 
BAT RX 0x318 [8] 0D 24 0D 23 0D 23 0D 23 
BAT RX 0x317 [8] 0D 36 0D 34 0D 32 0D 32 
BAT RX 0x316 [8] 0D 2B 0D 2B 0D 2A 0D 25 
BAT RX 0x315 [8] 0D 30 0D 30 0D 30 0D 2F 
BAT RX 0x314 [8] 5B 54 5B 54 00 13 05 44 
BAT RX 0x313 [8] 15 0E 00 00 00 FE 64 63 
BAT RX 0x312 [8] 00 00 00 00 02 02 00 00 
BAT RX 0x311 [8] 02 38 00 00 00 00 01 00 
[keepalive] twai_transmit() -> ESP_OK
BAT RX 0x330 [8] 02 0D 02 01 0D 36 0D 23 
BAT RX 0x329 [8] 01 00 22 9C 01 00 40 35 
BAT RX 0x323 [8] 20 0E 10 00 04 00 00 00 
BAT RX 0x324 [8] 02 43 30 37 00 00 00 00 
BAT RX 0x322 [8] 01 14 00 E8 03 01 64 64 
BAT RX 0x320 [8] 50 41 C3 85 85 00 00 00 
BAT RX 0x319 [8] 00 0D 36 0D 23 1D 11 01 
BAT RX 0x318 [8] 0D 24 0D 23 0D 23 0D 23 
BAT RX 0x317 [8] 0D 36 0D 34 0D 33 0D 32 
BAT RX 0x316 [8] 0D 2B 0D 2B 0D 2A 0D 25 
BAT RX 0x315 [8] 0D 30 0D 30 0D 30 0D 2F 
BAT RX 0x314 [8] 5B 54 5B 54 00 13 05 44 
BAT RX 0x313 [8] 15 0E 00 00 00 FE 64 63 
BAT RX 0x312 [8] 00 00 00 00 02 02 00 00 
BAT RX 0x311 [8] 02 38 00 00 00 00 01 00 
[keepalive] twai_transmit() -> ESP_OK
[843s] OK V=53.90V I=+0.0A T=25.4C SOC=100% SOH=99% | CVL=56.8V CCL=0.0A DCL=0.0A | chg=0 dis=0 fc1=0 fc2=0 | prot=0000 warn=0000 | packs=2 | inv0x305=no
BAT RX 0x330 [8] 02 0D 02 01 0D 36 0D 23 
BAT RX 0x329 [8] 02 00 1A 25 02 00 40 D1 
BAT RX 0x323 [8] 20 0E 10 00 04 00 00 00 
BAT RX 0x324 [8] 00 02 47 50 4A 30 32 31 
BAT RX 0x322 [8] 01 14 00 E8 03 01 64 64 
BAT RX 0x320 [8] 50 41 C3 85 85 00 00 00 
BAT RX 0x319 [8] 00 0D 36 0D 23 1D 11 01 
BAT RX 0x318 [8] 0D 24 0D 23 0D 23 0D 23 
BAT RX 0x317 [8] 0D 36 0D 34 0D 33 0D 32 
BAT RX 0x316 [8] 0D 2B 0D 2B 0D 2A 0D 25 
BAT RX 0x315 [8] 0D 30 0D 30 0D 30 0D 2F 
BAT RX 0x314 [8] 5B 54 5B 54 00 13 05 44 
BAT RX 0x313 [8] 15 0E 00 00 00 FE 64 63 
BAT RX 0x312 [8] 00 00 00 00 02 02 00 00 
BAT RX 0x311 [8] 02 38 00 00 00 00 01 00 
[keepalive] twai_transmit() -> ESP_OK
BAT RX 0x330 [8] 02 0D 02 0F 0D 36 0D 22 
BAT RX 0x329 [8] 01 00 22 9C 01 00 40 35 
BAT RX 0x323 [8] 20 0E 10 00 04 00 00 00 
BAT RX 0x324 [8] 01 39 35 32 32 30 36 32 
BAT RX 0x322 [8] 01 14 00 E8 03 01 64 64 
BAT RX 0x320 [8] 50 41 C3 85 85 00 00 00 
BAT RX 0x319 [8] 00 0D 36 0D 22 1D 1F 01 
BAT RX 0x318 [8] 0D 24 0D 23 0D 23 0D 22 
BAT RX 0x317 [8] 0D 36 0D 34 0D 32 0D 32 
BAT RX 0x316 [8] 0D 2B 0D 2B 0D 2A 0D 25 
BAT RX 0x315 [8] 0D 30 0D 30 0D 30 0D 2F 
BAT RX 0x314 [8] 5B 54 5B 54 00 14 05 44 
BAT RX 0x313 [8] 15 0E 00 00 00 FE 64 63 
BAT RX 0x312 [8] 00 00 00 00 02 02 00 00 
BAT RX 0x311 [8] 02 38 00 00 00 00 01 00 
[keepalive] twai_transmit() -> ESP_OK
[845s] OK V=53.90V I=+0.0A T=25.4C SOC=100% SOH=99% | CVL=56.8V CCL=0.0A DCL=0.0A | chg=0 dis=0 fc1=0 fc2=0 | prot=0000 warn=0000 | packs=2 | inv0x305=no
BAT RX 0x330 [8] 02 0D 02 01 0D 36 0D 23 
BAT RX 0x329 [8] 02 00 1A 25 02 00 40 D1 
BAT RX 0x323 [8] 20 0E 10 00 04 00 00 00 
BAT RX 0x324 [8] 02 42 42 37 00 00 00 00 
BAT RX 0x322 [8] 01 14 00 E8 03 01 64 64 
BAT RX 0x320 [8] 50 41 C3 85 85 00 00 00 
BAT RX 0x319 [8] 00 0D 36 0D 23 1D 11 01 
BAT RX 0x318 [8] 0D 24 0D 23 0D 23 0D 23 
BAT RX 0x317 [8] 0D 36 0D 34 0D 32 0D 31 
BAT RX 0x316 [8] 0D 2B 0D 2B 0D 2A 0D 25 
BAT RX 0x315 [8] 0D 30 0D 30 0D 30 0D 2F 
BAT RX 0x314 [8] 5B 54 5B 54 00 13 05 44 
BAT RX 0x313 [8] 15 0E 00 00 00 FE 64 63 
BAT RX 0x312 [8] 00 00 00 00 02 02 00 00 
BAT RX 0x311 [8] 02 38 00 00 00 00 01 00 
[keepalive] twai_transmit() -> ESP_OK
BAT RX 0x330 [8] 02 0D 02 0F 0D 35 0D 22 
BAT RX 0x329 [8] 01 00 22 9C 01 00 40 35 
BAT RX 0x323 [8] 20 0E 10 00 04 00 00 00 
BAT RX 0x324 [8] 00 01 47 50 4A 30 32 31 
BAT RX 0x322 [8] 01 14 00 E8 03 01 64 64 
BAT RX 0x320 [8] 50 41 C3 85 85 00 00 00 
BAT RX 0x319 [8] 00 0D 35 0D 22 1D 1F 01 
BAT RX 0x318 [8] 0D 24 0D 23 0D 23 0D 22 
BAT RX 0x317 [8] 0D 35 0D 34 0D 33 0D 32 
BAT RX 0x316 [8] 0D 2B 0D 2B 0D 2B 0D 25 
BAT RX 0x315 [8] 0D 30 0D 2F 0D 2F 0D 2F 
BAT RX 0x314 [8] 5B 54 5B 54 00 13 05 44 
BAT RX 0x313 [8] 15 0E 00 00 00 FE 64 63 
BAT RX 0x312 [8] 00 00 00 00 02 02 00 00 
BAT RX 0x311 [8] 02 38 00 00 00 00 01 00 
[keepalive] twai_transmit() -> ESP_OK
[847s] OK V=53.90V I=+0.0A T=25.4C SOC=100% SOH=99% | CVL=56.8V CCL=0.0A DCL=0.0A | chg=0 dis=0 fc1=0 fc2=0 | prot=0000 warn=0000 | packs=2 | inv0x305=no
BAT RX 0x330 [8] 02 0D 02 0F 0D 36 0D 22 
BAT RX 0x329 [8] 02 00 1A 25 02 00 40 D1 
BAT RX 0x323 [8] 20 0E 10 00 04 00 00 00 
BAT RX 0x324 [8] 01 39 35 32 32 30 36 32 
BAT RX 0x322 [8] 01 14 00 E8 03 01 64 64 
BAT RX 0x320 [8] 50 41 C3 85 85 00 00 00 
BAT RX 0x319 [8] 00 0D 36 0D 22 1D 1F 01 
BAT RX 0x318 [8] 0D 24 0D 23 0D 23 0D 22 
BAT RX 0x317 [8] 0D 36 0D 33 0D 33 0D 32 
BAT RX 0x316 [8] 0D 2B 0D 2B 0D 2A 0D 25 
BAT RX 0x315 [8] 0D 30 0D 30 0D 30 0D 2F 
BAT RX 0x314 [8] 5B 54 5B 54 00 14 05 44 
BAT RX 0x313 [8] 15 0E 00 00 00 FE 64 63 
BAT RX 0x312 [8] 00 00 00 00 02 02 00 00 
BAT RX 0x311 [8] 02 38 00 00 00 00 01 00 
[keepalive] twai_transmit() -> ESP_OK
BAT RX 0x330 [8] 02 0D 02 01 0D 36 0D 22 
BAT RX 0x329 [8] 01 00 22 9C 01 00 40 35 
BAT RX 0x323 [8] 20 0E 10 00 04 00 00 00 
BAT RX 0x324 [8] 02 43 30 37 00 00 00 00 
BAT RX 0x322 [8] 01 14 00 E8 03 01 64 64 
BAT RX 0x320 [8] 50 41 C3 85 85 00 00 00 
BAT RX 0x319 [8] 00 0D 36 0D 22 1D 11 01 
BAT RX 0x318 [8] 0D 24 0D 23 0D 22 0D 22 
BAT RX 0x317 [8] 0D 36 0D 33 0D 32 0D 32 
BAT RX 0x316 [8] 0D 2C 0D 2B 0D 2B 0D 24 
BAT RX 0x315 [8] 0D 30 0D 2F 0D 2F 0D 2F 
BAT RX 0x314 [8] 5B 54 5B 54 00 14 05 44 
BAT RX 0x313 [8] 15 0E 00 00 00 FE 64 63 
BAT RX 0x312 [8] 00 00 00 00 02 02 00 00 
BAT RX 0x311 [8] 02 38 00 00 00 00 01 00 
[keepalive] twai_transmit() -> ESP_OK
[849s] OK V=53.90V I=+0.0A T=25.4C SOC=100% SOH=99% | CVL=56.8V CCL=0.0A DCL=0.0A | chg=0 dis=0 fc1=0 fc2=0 | prot=0000 warn=0000 | packs=2 | inv0x305=no
BAT RX 0x330 [8] 02 0D 02 0F 0D 35 0D 22 
BAT RX 0x329 [8] 02 00 1A 25 02 00 40 D1 
BAT RX 0x323 [8] 20 0E 10 00 04 00 00 00 
BAT RX 0x324 [8] 00 02 47 50 4A 30 32 31 
BAT RX 0x322 [8] 01 14 00 E8 03 01 64 64 
BAT RX 0x320 [8] 50 41 C3 85 85 00 00 00 
BAT RX 0x319 [8] 00 0D 35 0D 22 1D 1F 01 
BAT RX 0x318 [8] 0D 24 0D 23 0D 23 0D 22 
BAT RX 0x317 [8] 0D 35 0D 34 0D 32 0D 32 
BAT RX 0x316 [8] 0D 2B 0D 2B 0D 2B 0D 25 
BAT RX 0x315 [8] 0D 30 0D 30 0D 2F 0D 2F 
BAT RX 0x314 [8] 5B 54 5B 54 00 13 05 44 
BAT RX 0x313 [8] 15 0E 00 00 00 FE 64 63 
BAT RX 0x312 [8] 00 00 00 00 02 02 00 00 
BAT RX 0x311 [8] 02 38 00 00 00 00 01 00 
[keepalive] twai_transmit() -> ESP_OK
BAT RX 0x330 [8] 02 0D 02 01 0D 36 0D 22 
BAT RX 0x329 [8] 01 00 22 9C 01 00 40 35 
BAT RX 0x323 [8] 20 0E 10 00 04 00 00 00 
BAT RX 0x324 [8] 01 39 35 32 32 30 36 32 
BAT RX 0x322 [8] 01 14 00 E8 03 01 64 64 
BAT RX 0x320 [8] 50 41 C3 85 85 00 00 00 
BAT RX 0x319 [8] 00 0D 36 0D 22 1D 11 01 
BAT RX 0x318 [8] 0D 24 0D 23 0D 23 0D 22 
BAT RX 0x317 [8] 0D 36 0D 34 0D 33 0D 32 
BAT RX 0x316 [8] 0D 2B 0D 2B 0D 2B 0D 25 
BAT RX 0x315 [8] 0D 30 0D 30 0D 30 0D 2F 
BAT RX 0x314 [8] 5B 54 5B 54 00 14 05 44 
BAT RX 0x313 [8] 15 0E 00 00 00 FE 64 63 
BAT RX 0x312 [8] 00 00 00 00 02 02 00 00 
BAT RX 0x311 [8] 02 38 00 00 00 00 01 00 
[keepalive] twai_transmit() -> ESP_OK
[851s] OK V=53.90V I=+0.0A T=25.4C SOC=100% SOH=99% | CVL=56.8V CCL=0.0A DCL=0.0A | chg=0 dis=0 fc1=0 fc2=0 | prot=0000 warn=0000 | packs=2 | inv0x305=no
BAT RX 0x330 [8] 02 0D 02 01 0D 36 0D 23 
BAT RX 0x329 [8] 02 00 1A 25 02 00 40 D1 
BAT RX 0x323 [8] 20 0E 10 00 04 00 00 00 
BAT RX 0x324 [8] 02 42 42 37 00 00 00 00 
BAT RX 0x322 [8] 01 14 00 E8 03 01 64 64 
BAT RX 0x320 [8] 50 41 C3 85 85 00 00 00 
BAT RX 0x319 [8] 00 0D 36 0D 23 1D 11 01 
BAT RX 0x318 [8] 0D 24 0D 23 0D 23 0D 23 
BAT RX 0x317 [8] 0D 36 0D 34 0D 32 0D 32 
BAT RX 0x316 [8] 0D 2B 0D 2B 0D 2B 0D 25 
BAT RX 0x315 [8] 0D 30 0D 30 0D 30 0D 2F 
BAT RX 0x314 [8] 5B 54 5B 54 00 13 05 44 
BAT RX 0x313 [8] 15 0E 00 00 00 FE 64 63 
BAT RX 0x312 [8] 00 00 00 00 02 02 00 00 
BAT RX 0x311 [8] 02 38 00 00 00 00 01 00 
[keepalive] twai_transmit() -> ESP_OK
BAT RX 0x330 [8] 02 0D 02 0F 0D 36 0D 22 
BAT RX 0x329 [8] 01 00 22 9C 01 00 40 35 
BAT RX 0x323 [8] 20 0E 10 00 04 00 00 00 
BAT RX 0x324 [8] 00 01 47 50 4A 30 32 31 
BAT RX 0x322 [8] 01 14 00 E8 03 01 64 64 
BAT RX 0x320 [8] 50 41 C3 85 85 00 00 00 
BAT RX 0x319 [8] 00 0D 36 0D 22 1D 1F 01 
BAT RX 0x318 [8] 0D 24 0D 23 0D 23 0D 22 
BAT RX 0x317 [8] 0D 36 0D 34 0D 33 0D 32 
BAT RX 0x316 [8] 0D 2B 0D 2A 0D 2A 0D 25 
BAT RX 0x315 [8] 0D 30 0D 2F 0D 2F 0D 2F 
BAT RX 0x314 [8] 5B 54 5B 54 00 14 05 44 
BAT RX 0x313 [8] 15 0E 00 00 00 FE 64 63 
BAT RX 0x312 [8] 00 00 00 00 02 02 00 00 
BAT RX 0x311 [8] 02 38 00 00 00 00 01 00 
T RX 0x316 [8] 0D 2B 0D 2A 0D 2A 0D 24 
BAT RX 0x315 [8] 0D 2F 0D 2F 0D 2F 0D 2E 
BAT RX 0x314 [8] 5B 54 5B 54 00 12 05 44 
BAT RX 0x313 [8] 15 0E 00 00 00 FE 64 63 
BAT RX 0x312 [8] 00 00 00 00 02 02 00 00 
BAT RX 0x311 [8] 02 38 00 00 00 00 01 00 
[keepalive] twai_transmit() -> ESP_OK
BAT RX 0x330 [8] 02 0D 02 01 0D 34 0D 22 
BAT RX 0x329 [8] 01 00 22 9C 01 00 40 35 
BAT RX 0x323 [8] 20 0E 10 00 04 00 00 00 
BAT RX 0x324 [8] 01 39 35 32 32 30 36 32 
BAT RX 0x322 [8] 01 14 00 E8 03 01 64 64 
BAT RX 0x320 [8] 50 41 C3 85 85 00 00 00 
BAT RX 0x319 [8] 00 0D 34 0D 22 1D 11 01 
BAT RX 0x318 [8] 0D 23 0D 22 0D 22 0D 22 
BAT RX 0x317 [8] 0D 34 0D 33 0D 32 0D 31 
BAT RX 0x316 [8] 0D 2B 0D 2A 0D 29 0D 24 
BAT RX 0x315 [8] 0D 2F 0D 2F 0D 2F 0D 2F 
BAT RX 0x314 [8] 5B 54 5B 54 00 12 05 44 
BAT RX 0x313 [8] 15 0E 00 00 00 FE 64 63 
BAT RX 0x312 [8] 00 00 00 00 02 02 00 00 
BAT RX 0x311 [8] 02 38 00 00 00 00 01 00 
[keepalive] twai_transmit() -> ESP_OK
[911s] OK V=53.90V I=+0.0A T=25.4C SOC=100% SOH=99% | CVL=56.8V CCL=0.0A DCL=0.0A | chg=0 dis=0 fc1=0 fc2=0 | prot=0000 warn=0000 | packs=2 | inv0x305=no
BAT RX 0x330 [8] 02 0D 02 01 0D 35 0D 22 
BAT RX 0x329 [8] 02 00 1A 25 02 00 40 D1 
BAT RX 0x323 [8] 20 0E 10 00 04 00 00 00 
BAT RX 0x324 [8] 02 42 42 37 00 00 00 00 
BAT RX 0x322 [8] 01 14 00 E8 03 01 64 64 
BAT RX 0x320 [8] 50 41 C3 85 85 00 00 00 
BAT RX 0x319 [8] 00 0D 35 0D 22 1D 11 01 
BAT RX 0x318 [8] 0D 23 0D 22 0D 22 0D 22 
BAT RX 0x317 [8] 0D 35 0D 33 0D 32 0D 31 
BAT RX 0x316 [8] 0D 2B 0D 2A 0D 29 0D 24 
BAT RX 0x315 [8] 0D 2F 0D 2F 0D 2F 0D 2F 
BAT RX 0x314 [8] 5B 54 5B 54 00 13 05 44 
BAT RX 0x313 [8] 15 0E 00 00 00 FE 64 63 
BAT RX 0x312 [8] 00 00 00 00 02 02 00 00 
BAT RX 0x311 [8] 02 38 00 00 00 00 01 00 
[keepalive] twai_transmit() -> ESP_OK
BAT RX 0x330 [8] 02 0D 02 01 0D 35 0D 22 
BAT RX 0x329 [8] 01 00 22 9C 01 00 40 35 
BAT RX 0x323 [8] 20 0E 10 00 04 00 00 00 
BAT RX 0x324 [8] 00 01 47 50 4A 30 32 31 
BAT RX 0x322 [8] 01 14 00 E8 03 01 64 64 
BAT RX 0x320 [8] 50 41 C3 85 85 00 00 00 
BAT RX 0x319 [8] 00 0D 35 0D 22 1D 11 01 
BAT RX 0x318 [8] 0D 23 0D 22 0D 22 0D 22 
BAT RX 0x317 [8] 0D 35 0D 33 0D 32 0D 31 
BAT RX 0x316 [8] 0D 2A 0D 2A 0D 2A 0D 24 
BAT RX 0x315 [8] 0D 2F 0D 2F 0D 2F 0D 2E 
BAT RX 0x314 [8] 5B 54 5B 54 00 13 05 44 
BAT RX 0x313 [8] 15 0E 00 00 00 FE 64 63 
BAT RX 0x312 [8] 00 00 00 00 02 02 00 00 
BAT RX 0x311 [8] 02 38 00 00 00 00 01 00 
[keepalive] twai_transmit() -> ESP_OK
[913s] OK V=53.90V I=+0.0A T=25.4C SOC=100% SOH=99% | CVL=56.8V CCL=0.0A DCL=0.0A | chg=0 dis=0 fc1=0 fc2=0 | prot=0000 warn=0000 | packs=2 | inv0x305=no
BAT RX 0x330 [8] 02 0D 02 01 0D 35 0D 22 
BAT RX 0x329 [8] 02 00 1A 25 02 00 40 D1 
BAT RX 0x323 [8] 20 0E 10 00 04 00 00 00 
BAT RX 0x324 [8] 01 39 35 32 32 30 36 32 
BAT RX 0x322 [8] 01 14 00 E8 03 01 64 64 
BAT RX 0x320 [8] 50 41 C3 85 85 00 00 00 
BAT RX 0x319 [8] 00 0D 35 0D 22 1D 11 01 
BAT RX 0x318 [8] 0D 23 0D 22 0D 22 0D 22 
BAT RX 0x317 [8] 0D 35 0D 33 0D 32 0D 31 
BAT RX 0x316 [8] 0D 2A 0D 2A 0D 2A 0D 24 
BAT RX 0x315 [8] 0D 2F 0D 2F 0D 2F 0D 2E 
BAT RX 0x314 [8] 5B 54 5B 54 00 13 05 44 
BAT RX 0x313 [8] 15 0E 00 00 00 FE 64 63 
BAT RX 0x312 [8] 00 00 00 00 02 02 00 00 
BAT RX 0x311 [8] 02 38 00 00 00 00 01 00 
[keepalive] twai_transmit() -> ESP_OK
BAT RX 0x330 [8] 02 0D 02 0F 0D 35 0D 21 
BAT RX 0x329 [8] 01 00 22 9C 01 00 40 35 
BAT RX 0x323 [8] 20 0E 10 00 04 00 00 00 
BAT RX 0x324 [8] 02 43 30 37 00 00 00 00 
BAT RX 0x322 [8] 01 14 00 E8 03 01 64 64 
BAT RX 0x320 [8] 50 41 C3 85 85 00 00 00 
BAT RX 0x319 [8] 00 0D 35 0D 21 1D 1F 01 
BAT RX 0x318 [8] 0D 23 0D 22 0D 22 0D 21 
BAT RX 0x317 [8] 0D 35 0D 33 0D 31 0D 31 
BAT RX 0x316 [8] 0D 2B 0D 2A 0D 29 0D 24 
BAT RX 0x315 [8] 0D 2F 0D 2F 0D 2E 0D 2E 
BAT RX 0x314 [8] 5B 54 5B 54 00 14 05 44 
BAT RX 0x313 [8] 15 0E 00 00 00 FE 64 63 
BAT RX 0x312 [8] 00 00 00 00 02 02 00 00 
BAT RX 0x311 [8] 02 38 00 00 00 00 01 00 

---- battery-bus rate stats (VERBOSE_STATS) ----------------------------
  12986 frames, 915 s elapsed
  ID     count   period(ms)  (min-max gap)
  0x312     866    997 (7-1000)
  0x313     866    997 (3-1000)
  0x314     866    997 (4-1000)
  0x315     866    997 (4-1000)
  0x316     866    997 (3-1000)
  0x317     866    997 (3-1000)
  0x318     866    997 (4-1000)
  0x319     866    997 (4-1000)
  0x320     866    997 (4-1000)
  0x322     866    997 (4-1000)
  0x311     866    997 (4-1000)
  0x323     865    998 (767-1000)
  0x324     865    998 (768-1000)
  0x329     865    998 (757-1002)
  0x330     865    998 (746-1000)
--------------------------------------------------------------------------

  TWAI: state=RUNNING  tx_err=0 rx_err=0  tx_failed=0  rx_missed=0 rx_overrun=0  arb_lost=0  bus_err=190881
[keepalive] twai_transmit() -> ESP_OK
[915s] OK V=53.90V I=+0.0A T=25.4C SOC=100% SOH=99% | CVL=56.8V CCL=0.0A DCL=0.0A | chg=0 dis=0 fc1=0 fc2=0 | prot=0000 warn=0000 | packs=2 | inv0x305=no
BAT RX 0x330 [8] 02 0D 02 01 0D 35 0D 22 
BAT RX 0x329 [8] 02 00 1A 25 02 00 40 D1 
BAT RX 0x323 [8] 20 0E 10 00 04 00 00 00 
BAT RX 0x324 [8] 00 02 47 50 4A 30 32 31 
BAT RX 0x322 [8] 01 14 00 E8 03 01 64 64 
BAT RX 0x320 [8] 50 41 C3 85 85 00 00 00 
BAT RX 0x319 [8] 00 0D 35 0D 22 1D 11 01 
BAT RX 0x318 [8] 0D 23 0D 22 0D 22 0D 22 
BAT RX 0x317 [8] 0D 35 0D 33 0D 32 0D 31 
BAT RX 0x316 [8] 0D 2B 0D 2A 0D 29 0D 24 
BAT RX 0x315 [8] 0D 2F 0D 2F 0D 2F 0D 2F 
BAT RX 0x314 [8] 5B 54 5B 54 00 13 05 44 
BAT RX 0x313 [8] 15 0E 00 00 00 FE 64 63 
BAT RX 0x312 [8] 00 00 00 00 02 02 00 00 
BAT RX 0x311 [8] 02 38 00 00 00 00 01 00 
[keepalive] twai_transmit() -> ESP_OK
BAT RX 0x330 [8] 02 0D 02 01 0D 35 0D 22 
BAT RX 0x329 [8] 01 00 22 9C 01 00 40 35 
BAT RX 0x323 [8] 20 0E 10 00 04 00 00 00 
BAT RX 0x324 [8] 01 39 35 32 32 30 36 32 
BAT RX 0x322 [8] 01 14 00 E8 03 01 64 64 
BAT RX 0x320 [8] 50 41 C3 85 85 00 00 00 
BAT RX 0x319 [8] 00 0D 35 0D 22 1D 11 01 
BAT RX 0x318 [8] 0D 23 0D 22 0D 22 0D 22 
BAT RX 0x317 [8] 0D 35 0D 33 0D 31 0D 31 
BAT RX 0x316 [8] 0D 2B 0D 2A 0D 2A 0D 24 
BAT RX 0x315 [8] 0D 2F 0D 2F 0D 2F 0D 2F 
BAT RX 0x314 [8] 5B 54 5B 54 00 13 05 44 
BAT RX 0x313 [8] 15 0E 00 00 00 FE 64 63 
BAT RX 0x312 [8] 00 00 00 00 02 02 00 00 
BAT RX 0x311 [8] 02 38 00 00 00 00 01 00 
[keepalive] twai_transmit() -> ESP_OK
[917s] OK V=53.90V I=+0.0A T=25.4C SOC=100% SOH=99% | CVL=56.8V CCL=0.0A DCL=0.0A | chg=0 dis=0 fc1=0 fc2=0 | prot=0000 warn=0000 | packs=2 | inv0x305=no
BAT RX 0x330 [8] 02 0D 02 0F 0D 34 0D 21 
BAT RX 0x329 [8] 02 00 1A 25 02 00 40 D1 
BAT RX 0x323 [8] 20 0E 10 00 04 00 00 00 
BAT RX 0x324 [8] 02 42 42 37 00 00 00 00 
BAT RX 0x322 [8] 01 14 00 E8 03 01 64 64 
BAT RX 0x320 [8] 50 41 C3 85 85 00 00 00 
BAT RX 0x319 [8] 00 0D 34 0D 21 1D 1F 01 
BAT RX 0x318 [8] 0D 23 0D 22 0D 22 0D 21 
BAT RX 0x317 [8] 0D 34 0D 33 0D 32 0D 30 
BAT RX 0x316 [8] 0D 2B 0D 2A 0D 29 0D 24 
BAT RX 0x315 [8] 0D 2F 0D 2E 0D 2E 0D 2E 
BAT RX 0x314 [8] 5B 54 5B 54 00 13 05 44 
BAT RX 0x313 [8] 15 0E 00 00 00 FE 64 63 
BAT RX 0x312 [8] 00 00 00 00 02 02 00 00 
BAT RX 0x311 [8] 02 38 00 00 00 00 01 00 
[keepalive] twai_transmit() -> ESP_OK
BAT RX 0x330 [8] 02 0D 02 0F 0D 35 0D 21 
BAT RX 0x329 [8] 01 00 22 9C 01 00 40 35 
BAT RX 0x323 [8] 20 0E 10 00 04 00 00 00 
BAT RX 0x324 [8] 00 01 47 50 4A 30 32 31 
BAT RX 0x322 [8] 01 14 00 E8 03 01 64 64 
BAT RX 0x320 [8] 50 41 C3 85 85 00 00 00 
BAT RX 0x319 [8] 00 0D 35 0D 21 1D 1F 01 
BAT RX 0x318 [8] 0D 24 0D 22 0D 22 0D 21 
BAT RX 0x317 [8] 0D 35 0D 33 0D 32 0D 31 
BAT RX 0x316 [8] 0D 2B 0D 2A 0D 29 0D 24 
BAT RX 0x315 [8] 0D 30 0D 2E 0D 2E 0D 2E 
BAT RX 0x314 [8] 5B 54 5B 54 00 14 05 44 
BAT RX 0x313 [8] 15 0E 00 00 00 FE 64 63 
BAT RX 0x312 [8] 00 00 00 00 02 02 00 00 
BAT RX 0x311 [8] 02 38 00 00 00 00 01 00 
[keepalive] twai_transmit() -> ESP_OK
[919s] OK V=53.90V I=+0.0A T=25.4C SOC=100% SOH=99% | CVL=56.8V CCL=0.0A DCL=0.0A | chg=0 dis=0 fc1=0 fc2=0 | prot=0000 warn=0000 | packs=2 | inv0x305=no
BAT RX 0x330 [8] 02 0D 02 01 0D 34 0D 22 
BAT RX 0x329 [8] 02 00 1A 25 02 00 40 D1 
BAT RX 0x323 [8] 20 0E 10 00 04 00 00 00 
BAT RX 0x324 [8] 01 39 35 32 32 30 36 32 
BAT RX 0x322 [8] 01 14 00 E8 03 01 64 64 
BAT RX 0x320 [8] 50 41 C3 85 85 00 00 00 
BAT RX 0x319 [8] 00 0D 34 0D 22 1D 11 01 
BAT RX 0x318 [8] 0D 23 0D 23 0D 22 0D 22 
BAT RX 0x317 [8] 0D 34 0D 33 0D 31 0D 31 
BAT RX 0x316 [8] 0D 2A 0D 2A 0D 2A 0D 24 
BAT RX 0x315 [8] 0D 2F 0D 2F 0D 2F 0D 2F 
BAT RX 0x314 [8] 5B 54 5B 54 00 12 05 44 
BAT RX 0x313 [8] 15 0E 00 00 00 FE 64 63 
BAT RX 0x312 [8] 00 00 00 00 02 02 00 00 
BAT RX 0x311 [8] 02 38 00 00 00 00 01 00 
[keepalive] twai_transmit() -> ESP_OK
BAT RX 0x330 [8] 02 0D 02 01 0D 35 0D 22 
BAT RX 0x329 [8] 01 00 22 9C 01 00 40 35 
BAT RX 0x323 [8] 20 0E 10 00 04 00 00 00 
BAT RX 0x324 [8] 02 43 30 37 00 00 00 00 
BAT RX 0x322 [8] 01 14 00 E8 03 01 64 64 
BAT RX 0x320 [8] 50 41 C3 85 85 00 00 00 
BAT RX 0x319 [8] 00 0D 35 0D 22 1D 11 01 
BAT RX 0x318 [8] 0D 23 0D 22 0D 22 0D 22 
BAT RX 0x317 [8] 0D 35 0D 32 0D 32 0D 31 
BAT RX 0x316 [8] 0D 2B 0D 2A 0D 2A 0D 24 
BAT RX 0x315 [8] 0D 2F 0D 2F 0D 2E 0D 2E 
BAT RX 0x314 [8] 5B 54 5B 54 00 13 05 44 
BAT RX 0x313 [8] 15 0E 00 00 00 FE 64 63 
BAT RX 0x312 [8] 00 00 00 00 02 02 00 00 
BAT RX 0x311 [8] 02 38 00 00 00 00 01 00 
[keepalive] twai_transmit() -> ESP_OK
[921s] OK V=53.90V I=+0.0A T=25.4C SOC=100% SOH=99% | CVL=56.8V CCL=0.0A DCL=0.0A | chg=0 dis=0 fc1=0 fc2=0 | prot=0000 warn=0000 | packs=2 | inv0x305=no
BAT RX 0x330 [8] 02 0D 02 01 0D 35 0D 22 
BAT RX 0x329 [8] 02 00 1A 25 02 00 40 D1 
BAT RX 0x323 [8] 20 0E 10 00 04 00 00 00 
BAT RX 0x324 [8] 00 02 47 50 4A 30 32 31 
BAT RX 0x322 [8] 01 14 00 E8 03 01 64 64 
BAT RX 0x320 [8] 50 41 C3 85 85 00 00 00 
BAT RX 0x319 [8] 00 0D 35 0D 22 1D 11 01 
BAT RX 0x318 [8] 0D 23 0D 22 0D 22 0D 22 
BAT RX 0x317 [8] 0D 35 0D 33 0D 32 0D 31 
BAT RX 0x316 [8] 0D 2B 0D 2A 0D 2A 0D 24 
BAT RX 0x315 [8] 0D 2F 0D 2F 0D 2F 0D 2F 
BAT RX 0x314 [8] 5B 54 5B 54 00 13 05 44 
BAT RX 0x313 [8] 15 0E 00 00 00 FE 64 63 
BAT RX 0x312 [8] 00 00 00 00 02 02 00 00 
BAT RX 0x311 [8] 02 38 00 00 00 00 01 00 
[keepalive] twai_transmit() -> ESP_OK
BAT RX 0x330 [8] 02 0D 02 01 0D 35 0D 22 
BAT RX 0x329 [8] 01 00 22 9C 01 00 40 35 
BAT RX 0x323 [8] 20 0E 10 00 04 00 00 00 
BAT RX 0x324 [8] 01 39 35 32 32 30 36 32 
BAT RX 0x322 [8] 01 14 00 E8 03 01 64 64 
BAT RX 0x320 [8] 50 41 C3 85 85 00 00 00 
BAT RX 0x319 [8] 00 0D 35 0D 22 1D 11 01 
BAT RX 0x318 [8] 0D 23 0D 22 0D 22 0D 22 
BAT RX 0x317 [8] 0D 35 0D 33 0D 32 0D 31 
BAT RX 0x316 [8] 0D 2A 0D 2A 0D 2A 0D 24 
BAT RX 0x315 [8] 0D 2F 0D 2F 0D 2F 0D 2F 
BAT RX 0x314 [8] 5B 54 5B 54 00 13 05 44 
BAT RX 0x313 [8] 15 0E 00 00 00 FE 64 63 
BAT RX 0x312 [8] 00 00 00 00 02 02 00 00 
BAT RX 0x311 [8] 02 38 00 00 00 00 01 00 
[keepalive] twai_transmit() -> ESP_OK
[923s] OK V=53.90V I=+0.0A T=25.4C SOC=100% SOH=99% | CVL=56.8V CCL=0.0A DCL=0.0A | chg=0 dis=0 fc1=0 fc2=0 | prot=0000 warn=0000 | packs=2 | inv0x305=no
BAT RX 0x330 [8] 02 0D 02 01 0D 35 0D 22 
BAT RX 0x329 [8] 02 00 1A 25 02 00 40 D1 
BAT RX 0x323 [8] 20 0E 10 00 04 00 00 00 
BAT RX 0x324 [8] 02 42 42 37 00 00 00 00 
BAT RX 0x322 [8] 01 14 00 E8 03 01 64 64 
BAT RX 0x320 [8] 50 41 C3 85 85 00 00 00 
BAT RX 0x319 [8] 00 0D 35 0D 22 1D 11 01 
BAT RX 0x318 [8] 0D 23 0D 22 0D 22 0D 22 
BAT RX 0x317 [8] 0D 35 0D 32 0D 31 0D 31 
BAT RX 0x316 [8] 0D 2A 0D 2A 0D 2A 0D 24 
BAT RX 0x315 [8] 0D 2F 0D 2F 0D 2F 0D 2E 
BAT RX 0x314 [8] 5B 54 5B 54 00 13 05 44 
BAT RX 0x313 [8] 15 0E 00 00 00 FE 64 63 
BAT RX 0x312 [8] 00 00 00 00 02 02 00 00 
BAT RX 0x311 [8] 02 38 00 00 00 00 01 00 
[keepalive] twai_transmit() -> ESP_OK
BAT RX 0x330 [8] 02 0D 02 01 0D 35 0D 21 
BAT RX 0x329 [8] 01 00 22 9C 01 00 40 35 
BAT RX 0x323 [8] 20 0E 10 00 04 00 00 00 
BAT RX 0x324 [8] 00 01 47 50 4A 30 32 31 
BAT RX 0x322 [8] 01 14 00 E8 03 01 64 64 
BAT RX 0x320 [8] 50 41 C3 85 85 00 00 00 
BAT RX 0x319 [8] 00 0D 35 0D 21 1D 11 01 
BAT RX 0x318 [8] 0D 23 0D 22 0D 21 0D 21 
BAT RX 0x317 [8] 0D 35 0D 33 0D 31 0D 31 
BAT RX 0x316 [8] 0D 2A 0D 2A 0D 29 0D 24 
BAT RX 0x315 [8] 0D 2F 0D 2F 0D 2F 0D 2E 
BAT RX 0x314 [8] 5B 54 5B 54 00 14 05 44 
BAT RX 0x313 [8] 15 0E 00 00 00 FE 64 63 
BAT RX 0x312 [8] 00 00 00 00 02 02 00 00 
BAT RX 0x311 [8] 02 38 00 00 00 00 01 00 
[keepalive] twai_transmit() -> ESP_OK
[925s] OK V=53.90V I=+0.0A T=25.4C SOC=100% SOH=99% | CVL=56.8V CCL=0.0A DCL=0.0A | chg=0 dis=0 fc1=0 fc2=0 | prot=0000 warn=0000 | packs=2 | inv0x305=no
BAT RX 0x330 [8] 02 0D 02 01 0D 35 0D 21 
BAT RX 0x329 [8] 02 00 1A 25 02 00 40 D1 
BAT RX 0x323 [8] 20 0E 10 00 04 00 00 00 
BAT RX 0x324 [8] 01 39 35 32 32 30 36 32 
BAT RX 0x322 [8] 01 14 00 E8 03 01 64 64 
BAT RX 0x320 [8] 50 41 C3 85 85 00 00 00 
BAT RX 0x319 [8] 00 0D 35 0D 21 1D 11 01 
BAT RX 0x318 [8] 0D 23 0D 22 0D 22 0D 21 
BAT RX 0x317 [8] 0D 35 0D 33 0D 32 0D 30 
BAT RX 0x316 [8] 0D 2A 0D 2A 0D 29 0D 24 
BAT RX 0x315 [8] 0D 2F 0D 2F 0D 2E 0D 2E 
BAT RX 0x314 [8] 5B 54 5B 54 00 14 05 44 
BAT RX 0x313 [8] 15 0E 00 00 00 FE 64 63 
BAT RX 0x312 [8] 00 00 00 00 02 02 00 00 
BAT RX 0x311 [8] 02 38 00 00 00 00 01 00 
[keepalive] twai_transmit() -> ESP_OK
BAT RX 0x330 [8] 02 0D 02 01 0D 35 0D 21 
BAT RX 0x329 [8] 01 00 22 9C 01 00 40 35 
BAT RX 0x323 [8] 20 0E 10 00 04 00 00 00 
BAT RX 0x324 [8] 02 43 30 37 00 00 00 00 
BAT RX 0x322 [8] 01 14 00 E8 03 01 64 64 
BAT RX 0x320 [8] 50 41 C3 85 85 00 00 00 
BAT RX 0x319 [8] 00 0D 35 0D 21 1D 11 01 
BAT RX 0x318 [8] 0D 23 0D 22 0D 21 0D 21 
BAT RX 0x317 [8] 0D 35 0D 32 0D 31 0D 30 
BAT RX 0x316 [8] 0D 2B 0D 2A 0D 29 0D 24 
BAT RX 0x315 [8] 0D 2F 0D 2F 0D 2E 0D 2E 
BAT RX 0x314 [8] 5B 54 5B 54 00 14 05 44 
BAT RX 0x313 [8] 15 0E 00 00 00 FE 64 63 
BAT RX 0x312 [8] 00 00 00 00 02 02 00 00 
BAT RX 0x311 [8] 02 38 00 00 00 00 01 00 
[keepalive] twai_transmit() -> ESP_OK
[927s] OK V=53.90V I=+0.0A T=25.4C SOC=100% SOH=99% | CVL=56.8V CCL=0.0A DCL=0.0A | chg=0 dis=0 fc1=0 fc2=0 | prot=0000 warn=0000 | packs=2 | inv0x305=no
BAT RX 0x330 [8] 02 0D 02 01 0D 35 0D 22 
BAT RX 0x329 [8] 02 00 1A 25 02 00 40 D1 
BAT RX 0x323 [8] 20 0E 10 00 04 00 00 00 
BAT RX 0x324 [8] 00 02 47 50 4A 30 32 31 
BAT RX 0x322 [8] 01 14 00 E8 03 01 64 64 
BAT RX 0x320 [8] 50 41 C3 85 85 00 00 00 
BAT RX 0x319 [8] 00 0D 35 0D 22 1D 11 01 
BAT RX 0x318 [8] 0D 23 0D 22 0D 22 0D 22 
BAT RX 0x317 [8] 0D 35 0D 33 0D 31 0D 31 
BAT RX 0x316 [8] 0D 2A 0D 2A 0D 29 0D 24 
BAT RX 0x315 [8] 0D 2F 0D 2E 0D 2E 0D 2E 
BAT RX 0x314 [8] 5B 54 5B 54 00 13 05 44 
BAT RX 0x313 [8] 15 0E 00 00 00 FE 64 63 
BAT RX 0x312 [8] 00 00 00 00 02 02 00 00 
BAT RX 0x311 [8] 02 38 00 00 00 00 01 00 
[keepalive] twai_transmit() -> ESP_OK
BAT RX 0x330 [8] 02 0D 02 01 0D 35 0D 22 
BAT RX 0x329 [8] 01 00 22 9C 01 00 40 35 
BAT RX 0x323 [8] 20 0E 10 00 04 00 00 00 
BAT RX 0x324 [8] 01 39 35 32 32 30 36 32 
BAT RX 0x322 [8] 01 14 00 E8 03 01 64 64 
BAT RX 0x320 [8] 50 41 C3 85 85 00 00 00 
BAT RX 0x319 [8] 00 0D 35 0D 22 1D 11 01 
BAT RX 0x318 [8] 0D 23 0D 22 0D 22 0D 22 
BAT RX 0x317 [8] 0D 35 0D 33 0D 32 0D 31 
BAT RX 0x316 [8] 0D 2A 0D 2A 0D 2A 0D 24 
BAT RX 0x315 [8] 0D 2F 0D 2F 0D 2F 0D 2E 
BAT RX 0x314 [8] 5B 54 5B 54 00 13 05 44 
BAT RX 0x313 [8] 15 0E 00 00 00 FE 64 63 
BAT RX 0x312 [8] 00 00 00 00 02 02 00 00 
BAT RX 0x311 [8] 02 38 00 00 00 00 01 00 
[keepalive] twai_transmit() -> ESP_OK
[929s] OK V=53.90V I=+0.0A T=25.4C SOC=100% SOH=99% | CVL=56.8V CCL=0.0A DCL=0.0A | chg=0 dis=0 fc1=0 fc2=0 | prot=0000 warn=0000 | packs=2 | inv0x305=no
BAT RX 0x330 [8] 02 0D 02 0F 0D 35 0D 21 
BAT RX 0x329 [8] 02 00 1A 25 02 00 40 D1 
BAT RX 0x323 [8] 20 0E 10 00 04 00 00 00 
BAT RX 0x324 [8] 02 42 42 37 00 00 00 00 
BAT RX 0x322 [8] 01 14 00 E8 03 01 64 64 
BAT RX 0x320 [8] 50 41 C3 85 85 00 00 00 
BAT RX 0x319 [8] 00 0D 35 0D 21 1D 1F 01 
BAT RX 0x318 [8] 0D 23 0D 22 0D 22 0D 21 
BAT RX 0x317 [8] 0D 35 0D 33 0D 31 0D 30 
BAT RX 0x316 [8] 0D 2A 0D 2A 0D 29 0D 24 
BAT RX 0x315 [8] 0D 2F 0D 2F 0D 2F 0D 2F 
BAT RX 0x314 [8] 5B 54 5B 54 00 14 05 44 
BAT RX 0x313 [8] 15 0E 00 00 00 FE 64 63 
BAT RX 0x312 [8] 00 00 00 00 02 02 00 00 
BAT RX 0x311 [8] 02 38 00 00 00 00 01 00 

---- battery-bus rate stats (VERBOSE_STATS) ----------------------------
  13211 frames, 930 s elapsed
  ID     count   period(ms)  (min-max gap)
  0x312     881    997 (7-1000)
  0x313     881    997 (3-1000)
  0x314     881    997 (4-1000)
  0x315     881    997 (4-1000)
  0x316     881    997 (3-1000)
  0x317     881    997 (3-1000)
  0x318     881    997 (4-1000)
  0x319     881    997 (4-1000)
  0x320     881    997 (4-1000)
  0x322     881    997 (4-1000)
  0x311     881    997 (4-1000)
  0x323     880    998 (767-1000)
  0x324     880    998 (768-1000)
  0x329     880    998 (757-1002)
  0x330     880    998 (746-1000)
--------------------------------------------------------------------------

  TWAI: state=RUNNING  tx_err=0 rx_err=0  tx_failed=0  rx_missed=0 rx_overrun=0  arb_lost=0  bus_err=190881
[keepalive] twai_transmit() -> ESP_OK
BAT RX 0x330 [8] 02 0D 02 0F 0D 35 0D 21 
BAT RX 0x329 [8] 01 00 22 9C 01 00 40 35 
BAT RX 0x323 [8] 20 0E 10 00 04 00 00 00 
BAT RX 0x324 [8] 00 01 47 50 4A 30 32 31 
BAT RX 0x322 [8] 01 14 00 E8 03 01 64 64 
BAT RX 0x320 [8] 50 41 C3 85 85 00 00 00 
BAT RX 0x319 [8] 00 0D 35 0D 21 1D 1F 01 
BAT RX 0x318 [8] 0D 23 0D 22 0D 22 0D 21 
BAT RX 0x317 [8] 0D 35 0D 32 0D 31 0D 30 
BAT RX 0x316 [8] 0D 2A 0D 29 0D 29 0D 24 
BAT RX 0x315 [8] 0D 2F 0D 2F 0D 2F 0D 2E 
BAT RX 0x314 [8] 5B 54 5B 54 00 14 05 44 
BAT RX 0x313 [8] 15 0E 00 00 00 FE 64 63 
BAT RX 0x312 [8] 00 00 00 00 02 02 00 00 
BAT RX 0x311 [8] 02 38 00 00 00 00 01 00 
[keepalive] twai_transmit() -> ESP_OK
[931s] OK V=53.90V I=+0.0A T=25.4C SOC=100% SOH=99% | CVL=56.8V CCL=0.0A DCL=0.0A | chg=0 dis=0 fc1=0 fc2=0 | prot=0000 warn=0000 | packs=2 | inv0x305=no
BAT RX 0x330 [8] 02 0D 02 0F 0D 34 0D 21 
BAT RX 0x329 [8] 02 00 1A 25 02 00 40 D1 
BAT RX 0x323 [8] 20 0E 10 00 04 00 00 00 
BAT RX 0x324 [8] 01 39 35 32 32 30 36 32 
BAT RX 0x322 [8] 01 14 00 E8 03 01 64 64 
BAT RX 0x320 [8] 50 41 C3 85 85 00 00 00 
BAT RX 0x319 [8] 00 0D 34 0D 21 1D 1F 01 
BAT RX 0x318 [8] 0D 23 0D 22 0D 22 0D 21 
BAT RX 0x317 [8] 0D 34 0D 32 0D 31 0D 31 
BAT RX 0x316 [8] 0D 2A 0D 2A 0D 29 0D 24 
BAT RX 0x315 [8] 0D 2F 0D 2F 0D 2F 0D 2E 
BAT RX 0x314 [8] 5B 54 5B 54 00 13 05 44 
BAT RX 0x313 [8] 15 0E 00 00 00 FE 64 63 
BAT RX 0x312 [8] 00 00 00 00 02 02 00 00 
BAT RX 0x311 [8] 02 38 00 00 00 00 01 00 
[keepalive] twai_transmit() -> ESP_OK
BAT RX 0x330 [8] 02 0D 02 0F 0D 35 0D 21 
BAT RX 0x329 [8] 01 00 22 9C 01 00 40 35 
BAT RX 0x323 [8] 20 0E 10 00 04 00 00 00 
BAT RX 0x324 [8] 02 43 30 37 00 00 00 00 
BAT RX 0x322 [8] 01 14 00 E8 03 01 64 64 
BAT RX 0x320 [8] 50 41 C3 85 85 00 00 00 
BAT RX 0x319 [8] 00 0D 35 0D 21 1D 1F 01 
BAT RX 0x318 [8] 0D 23 0D 22 0D 22 0D 21 
BAT RX 0x317 [8] 0D 35 0D 32 0D 31 0D 30 
BAT RX 0x316 [8] 0D 2A 0D 2A 0D 29 0D 24 
BAT RX 0x315 [8] 0D 2F 0D 2F 0D 2F 0D 2F 
BAT RX 0x314 [8] 5B 54 5B 54 00 14 05 44 
BAT RX 0x313 [8] 15 0E 00 00 00 FE 64 63 
BAT RX 0x312 [8] 00 00 00 00 02 02 00 00 
BAT RX 0x311 [8] 02 38 00 00 00 00 01 00 
[keepalive] twai_transmit() -> ESP_OK
[933s] OK V=53.90V I=+0.0A T=25.4C SOC=100% SOH=99% | CVL=56.8V CCL=0.0A DCL=0.0A | chg=0 dis=0 fc1=0 fc2=0 | prot=0000 warn=0000 | packs=2 | inv0x305=no
BAT RX 0x330 [8] 02 0D 02 01 0D 34 0D 22 
BAT RX 0x329 [8] 02 00 1A 25 02 00 40 D1 
BAT RX 0x323 [8] 20 0E 10 00 04 00 00 00 
BAT RX 0x324 [8] 00 02 47 50 4A 30 32 31 
BAT RX 0x322 [8] 01 14 00 E8 03 01 64 64 
BAT RX 0x320 [8] 50 41 C3 85 85 00 00 00 
BAT RX 0x319 [8] 00 0D 34 0D 22 1D 11 01 
BAT RX 0x318 [8] 0D 23 0D 22 0D 22 0D 22 
BAT RX 0x317 [8] 0D 34 0D 33 0D 31 0D 30 
BAT RX 0x316 [8] 0D 2B 0D 2A 0D 29 0D 24 
BAT RX 0x315 [8] 0D 2F 0D 2F 0D 2E 0D 2E 
BAT RX 0x314 [8] 5B 54 5B 54 00 12 05 44 
BAT RX 0x313 [8] 15 0E 00 00 00 FE 64 63 
BAT RX 0x312 [8] 00 00 00 00 02 02 00 00 
BAT RX 0x311 [8] 02 38 00 00 00 00 01 00 
[keepalive] twai_transmit() -> ESP_OK
BAT RX 0x330 [8] 02 0D 02 0F 0D 34 0D 21 
BAT RX 0x329 [8] 01 00 22 9C 01 00 40 35 
BAT RX 0x323 [8] 20 0E 10 00 04 00 00 00 
BAT RX 0x324 [8] 01 39 35 32 32 30 36 32 
BAT RX 0x322 [8] 01 14 00 E8 03 01 64 64 
BAT RX 0x320 [8] 50 41 C3 85 85 00 00 00 
BAT RX 0x319 [8] 00 0D 34 0D 21 1D 1F 01 
BAT RX 0x318 [8] 0D 23 0D 22 0D 22 0D 21 
BAT RX 0x317 [8] 0D 34 0D 32 0D 32 0D 30 
BAT RX 0x316 [8] 0D 2B 0D 2A 0D 29 0D 24 
BAT RX 0x315 [8] 0D 2F 0D 2F 0D 2F 0D 2E 
BAT RX 0x314 [8] 5B 54 5B 54 00 13 05 44 
BAT RX 0x313 [8] 15 0E 00 00 00 FE 64 63 
BAT RX 0x312 [8] 00 00 00 00 02 02 00 00 
BAT RX 0x311 [8] 02 38 00 00 00 00 01 00 
[keepalive] twai_transmit() -> ESP_OK
[935s] OK V=53.90V I=+0.0A T=25.4C SOC=100% SOH=99% | CVL=56.8V CCL=0.0A DCL=0.0A | chg=0 dis=0 fc1=0 fc2=0 | prot=0000 warn=0000 | packs=2 | inv0x305=no
BAT RX 0x330 [8] 02 0D 02 0F 0D 35 0D 21 
BAT RX 0x329 [8] 02 00 1A 25 02 00 40 D1 
BAT RX 0x323 [8] 20 0E 10 00 04 00 00 00 
BAT RX 0x324 [8] 02 42 42 37 00 00 00 00 
BAT RX 0x322 [8] 01 14 00 E8 03 01 64 64 
BAT RX 0x320 [8] 50 41 C3 85 85 00 00 00 
BAT RX 0x319 [8] 00 0D 35 0D 21 1D 1F 01 
BAT RX 0x318 [8] 0D 23 0D 22 0D 22 0D 21 
BAT RX 0x317 [8] 0D 35 0D 32 0D 31 0D 31 
BAT RX 0x316 [8] 0D 2A 0D 2A 0D 29 0D 24 
BAT RX 0x315 [8] 0D 2F 0D 2F 0D 2F 0D 2F 
BAT RX 0x314 [8] 5B 54 5B 54 00 14 05 44 
BAT RX 0x313 [8] 15 0E 00 00 00 FE 64 63 
BAT RX 0x312 [8] 00 00 00 00 02 02 00 00 
BAT RX 0x311 [8] 02 38 00 00 00 00 01 00 
[keepalive] twai_transmit() -> ESP_OK
BAT RX 0x330 [8] 02 0D 02 0F 0D 34 0D 21 
BAT RX 0x329 [8] 01 00 22 9C 01 00 40 35 
BAT RX 0x323 [8] 20 0E 10 00 04 00 00 00 
BAT RX 0x324 [8] 00 01 47 50 4A 30 32 31 
BAT RX 0x322 [8] 01 14 00 E8 03 01 64 64 
BAT RX 0x320 [8] 50 41 C3 85 85 00 00 00 
BAT RX 0x319 [8] 00 0D 34 0D 21 1D 1F 01 
BAT RX 0x318 [8] 0D 22 0D 22 0D 22 0D 21 
BAT RX 0x317 [8] 0D 34 0D 33 0D 31 0D 30 
BAT RX 0x316 [8] 0D 2B 0D 2A 0D 29 0D 24 
BAT RX 0x315 [8] 0D 2F 0D 2E 0D 2E 0D 2E 
BAT RX 0x314 [8] 5B 54 5B 54 00 13 05 44 
BAT RX 0x313 [8] 15 0E 00 00 00 FE 64 63 
BAT RX 0x312 [8] 00 00 00 00 02 02 00 00 
BAT RX 0x311 [8] 02 38 00 00 00 00 01 00 
[keepalive] twai_transmit() -> ESP_OK
[937s] OK V=53.90V I=+0.0A T=25.4C SOC=100% SOH=99% | CVL=56.8V CCL=0.0A DCL=0.0A | chg=0 dis=0 fc1=0 fc2=0 | prot=0000 warn=0000 | packs=2 | inv0x305=no
BAT RX 0x330 [8] 02 0D 02 01 0D 34 0D 22 
BAT RX 0x329 [8] 02 00 1A 25 02 00 40 D1 
BAT RX 0x323 [8] 20 0E 10 00 04 00 00 00 
BAT RX 0x324 [8] 01 39 35 32 32 30 36 32 
BAT RX 0x322 [8] 01 14 00 E8 03 01 64 64 
BAT RX 0x320 [8] 50 41 C3 85 85 00 00 00 
BAT RX 0x319 [8] 00 0D 34 0D 22 1D 11 01 
BAT RX 0x318 [8] 0D 23 0D 22 0D 22 0D 22 
BAT RX 0x317 [8] 0D 34 0D 32 0D 32 0D 30 
BAT RX 0x316 [8] 0D 2B 0D 2A 0D 29 0D 24 
BAT RX 0x315 [8] 0D 2F 0D 2F 0D 2E 0D 2E 
BAT RX 0x314 [8] 5B 54 5B 54 00 12 05 44 
BAT RX 0x313 [8] 15 0E 00 00 00 FE 64 63 
BAT RX 0x312 [8] 00 00 00 00 02 02 00 00 
BAT RX 0x311 [8] 02 38 00 00 00 00 01 00 
[keepalive] twai_transmit() -> ESP_OK
BAT RX 0x330 [8] 02 0D 02 01 0D 34 0D 22 
BAT RX 0x329 [8] 01 00 22 9C 01 00 40 35 
BAT RX 0x323 [8] 20 0E 10 00 04 00 00 00 
BAT RX 0x324 [8] 02 43 30 37 00 00 00 00 
BAT RX 0x322 [8] 01 14 00 E8 03 01 64 64 
BAT RX 0x320 [8] 50 41 C3 85 85 00 00 00 
BAT RX 0x319 [8] 00 0D 34 0D 22 1D 11 01 
BAT RX 0x318 [8] 0D 23 0D 22 0D 22 0D 22 
BAT RX 0x317 [8] 0D 34 0D 32 0D 31 0D 30 
BAT RX 0x316 [8] 0D 2A 0D 2A 0D 29 0D 25 
BAT RX 0x315 [8] 0D 2F 0D 2F 0D 2E 0D 2E 
BAT RX 0x314 [8] 5B 54 5B 54 00 12 05 44 
BAT RX 0x313 [8] 15 0E 00 00 00 FE 64 63 
BAT RX 0x312 [8] 00 00 00 00 02 02 00 00 
BAT RX 0x311 [8] 02 38 00 00 00 00 01 00 
[keepalive] twai_transmit() -> ESP_OK
[939s] OK V=53.90V I=+0.0A T=25.4C SOC=100% SOH=99% | CVL=56.8V CCL=0.0A DCL=0.0A | chg=0 dis=0 fc1=0 fc2=0 | prot=0000 warn=0000 | packs=2 | inv0x305=no
BAT RX 0x330 [8] 02 0D 02 01 0D 35 0D 21 
BAT RX 0x329 [8] 02 00 1A 25 02 00 40 D1 
BAT RX 0x323 [8] 20 0E 10 00 04 00 00 00 
BAT RX 0x324 [8] 00 02 47 50 4A 30 32 31 
BAT RX 0x322 [8] 01 14 00 E8 03 01 64 64 
BAT RX 0x320 [8] 50 41 C3 85 85 00 00 00 
BAT RX 0x319 [8] 00 0D 35 0D 21 1D 11 01 
BAT RX 0x318 [8] 0D 23 0D 22 0D 21 0D 21 
BAT RX 0x317 [8] 0D 35 0D 33 0D 32 0D 30 
BAT RX 0x316 [8] 0D 2A 0D 2A 0D 29 0D 24 
BAT RX 0x315 [8] 0D 2F 0D 2E 0D 2E 0D 2E 
BAT RX 0x314 [8] 5B 54 5B 54 00 14 05 44 
BAT RX 0x313 [8] 15 0E 00 00 00 FE 64 63 
BAT RX 0x312 [8] 00 00 00 00 02 02 00 00 
BAT RX 0x311 [8] 02 38 00 00 00 00 01 00 
[keepalive] twai_transmit() -> ESP_OK
BAT RX 0x330 [8] 02 0D 02 01 0D 34 0D 22 
BAT RX 0x329 [8] 01 00 22 9C 01 00 40 35 
BAT RX 0x323 [8] 20 0E 10 00 04 00 00 00 
BAT RX 0x324 [8] 01 39 35 32 32 30 36 32 
BAT RX 0x322 [8] 01 14 00 E8 03 01 64 64 
BAT RX 0x320 [8] 50 41 C3 85 85 00 00 00 
BAT RX 0x319 [8] 00 0D 34 0D 22 1D 11 01 
BAT RX 0x318 [8] 0D 23 0D 22 0D 22 0D 22 
BAT RX 0x317 [8] 0D 34 0D 32 0D 31 0D 30 
BAT RX 0x316 [8] 0D 2A 0D 2A 0D 29 0D 24 
BAT RX 0x315 [8] 0D 2F 0D 2F 0D 2E 0D 2E 
BAT RX 0x314 [8] 5B 54 5B 54 00 12 05 44 
BAT RX 0x313 [8] 15 0E 00 00 00 FE 64 63 
BAT RX 0x312 [8] 00 00 00 00 02 02 00 00 
BAT RX 0x311 [8] 02 38 00 00 00 00 01 00 
[keepalive] twai_transmit() -> ESP_OK
[941s] OK V=53.90V I=+0.0A T=25.4C SOC=100% SOH=99% | CVL=56.8V CCL=0.0A DCL=0.0A | chg=0 dis=0 fc1=0 fc2=0 | prot=0000 warn=0000 | packs=2 | inv0x305=no
BAT RX 0x330 [8] 02 0D 02 0E 0D 34 0D 21 
BAT RX 0x329 [8] 02 00 1A 25 02 00 40 D1 
BAT RX 0x323 [8] 20 0E 10 00 04 00 00 00 
BAT RX 0x324 [8] 02 42 42 37 00 00 00 00 
BAT RX 0x322 [8] 01 14 00 E8 03 01 64 64 
BAT RX 0x320 [8] 50 41 C3 85 85 00 00 00 
BAT RX 0x319 [8] 00 0D 34 0D 21 1D 1E 01 
BAT RX 0x318 [8] 0D 23 0D 22 0D 21 0D 21 
BAT RX 0x317 [8] 0D 34 0D 32 0D 31 0D 31 
BAT RX 0x316 [8] 0D 2A 0D 2A 0D 29 0D 24 
BAT RX 0x315 [8] 0D 2F 0D 2F 0D 2F 0D 2F 
BAT RX 0x314 [8] 5B 54 5B 54 00 13 05 44 
BAT RX 0x313 [8] 15 0E 00 00 00 FE 64 63 
BAT RX 0x312 [8] 00 00 00 00 02 02 00 00 
BAT RX 0x311 [8] 02 38 00 00 00 00 01 00 
[keepalive] twai_transmit() -> ESP_OK
BAT RX 0x330 [8] 02 0D 02 01 0D 34 0D 22 
BAT RX 0x329 [8] 01 00 22 9C 01 00 40 35 
BAT RX 0x323 [8] 20 0E 10 00 04 00 00 00 
BAT RX 0x324 [8] 00 01 47 50 4A 30 32 31 
BAT RX 0x322 [8] 01 14 00 E8 03 01 64 64 
BAT RX 0x320 [8] 50 41 C3 85 85 00 00 00 
BAT RX 0x319 [8] 00 0D 34 0D 22 1D 11 01 
BAT RX 0x318 [8] 0D 22 0D 22 0D 22 0D 22 
BAT RX 0x317 [8] 0D 34 0D 32 0D 31 0D 30 
BAT RX 0x316 [8] 0D 2A 0D 2A 0D 29 0D 24 
BAT RX 0x315 [8] 0D 2F 0D 2F 0D 2F 0D 2E 
BAT RX 0x314 [8] 5B 54 5B 54 00 12 05 44 
BAT RX 0x313 [8] 15 0E 00 00 00 FE 64 63 
BAT RX 0x312 [8] 00 00 00 00 02 02 00 00 
BAT RX 0x311 [8] 02 38 00 00 00 00 01 00 
[keepalive] twai_transmit() -> ESP_OK
[943s] OK V=53.90V I=+0.0A T=25.4C SOC=100% SOH=99% | CVL=56.8V CCL=0.0A DCL=0.0A | chg=0 dis=0 fc1=0 fc2=0 | prot=0000 warn=0000 | packs=2 | inv0x305=no
BAT RX 0x330 [8] 02 0D 02 0F 0D 34 0D 21 
BAT RX 0x329 [8] 02 00 1A 25 02 00 40 D1 
BAT RX 0x323 [8] 20 0E 10 00 04 00 00 00 
BAT RX 0x324 [8] 01 39 35 32 32 30 36 32 
BAT RX 0x322 [8] 01 14 00 E8 03 01 64 64 
BAT RX 0x320 [8] 50 41 C3 85 85 00 00 00 
BAT RX 0x319 [8] 00 0D 34 0D 21 1D 1F 01 
BAT RX 0x318 [8] 0D 22 0D 22 0D 22 0D 21 
BAT RX 0x317 [8] 0D 34 0D 32 0D 31 0D 31 
BAT RX 0x316 [8] 0D 2A 0D 2A 0D 29 0D 24 
BAT RX 0x315 [8] 0D 2F 0D 2F 0D 2E 0D 2E 
BAT RX 0x314 [8] 5B 54 5B 54 00 13 05 44 
BAT RX 0x313 [8] 15 0E 00 00 00 FE 64 63 
BAT RX 0x312 [8] 00 00 00 00 02 02 00 00 
BAT RX 0x311 [8] 02 38 00 00 00 00 01 00 
[keepalive] twai_transmit() -> ESP_OK
BAT RX 0x330 [8] 02 0D 02 01 0D 34 0D 22 
BAT RX 0x329 [8] 01 00 22 9C 01 00 40 35 
BAT RX 0x323 [8] 20 0E 10 00 04 00 00 00 
BAT RX 0x324 [8] 02 43 30 37 00 00 00 00 
BAT RX 0x322 [8] 01 14 00 E8 03 01 64 64 
BAT RX 0x320 [8] 50 41 C3 85 85 00 00 00 
BAT RX 0x319 [8] 00 0D 34 0D 22 1D 11 01 
BAT RX 0x318 [8] 0D 23 0D 22 0D 22 0D 22 
BAT RX 0x317 [8] 0D 34 0D 32 0D 32 0D 30 
BAT RX 0x316 [8] 0D 2A 0D 2A 0D 29 0D 24 
BAT RX 0x315 [8] 0D 2F 0D 2F 0D 2F 0D 2E 
BAT RX 0x314 [8] 5B 54 5B 54 00 12 05 44 
BAT RX 0x313 [8] 15 0E 00 00 00 FE 64 63 
BAT RX 0x312 [8] 00 00 00 00 02 02 00 00 
BAT RX 0x311 [8] 02 38 00 00 00 00 01 00 

---- battery-bus rate stats (VERBOSE_STATS) ----------------------------
  13436 frames, 945 s elapsed
  ID     count   period(ms)  (min-max gap)
  0x312     896    997 (7-1000)
  0x313     896    997 (3-1000)
  0x314     896    997 (4-1000)
  0x315     896    997 (4-1000)
  0x316     896    997 (3-1000)
  0x317     896    997 (3-1000)
  0x318     896    997 (4-1000)
  0x319     896    997 (4-1000)
  0x320     896    997 (4-1000)
  0x322     896    997 (4-1000)
  0x311     896    997 (4-1000)
  0x323     895    998 (767-1000)
  0x324     895    998 (768-1000)
  0x329     895    998 (757-1002)
  0x330     895    998 (746-1000)
--------------------------------------------------------------------------

  TWAI: state=RUNNING  tx_err=0 rx_err=0  tx_failed=0  rx_missed=0 rx_overrun=0  arb_lost=0  bus_err=190881
[keepalive] twai_transmit() -> ESP_OK
[945s] OK V=53.90V I=+0.0A T=25.4C SOC=100% SOH=99% | CVL=56.8V CCL=0.0A DCL=0.0A | chg=0 dis=0 fc1=0 fc2=0 | prot=0000 warn=0000 | packs=2 | inv0x305=no
BAT RX 0x330 [8] 02 0D 02 01 0D 35 0D 21 
BAT RX 0x329 [8] 02 00 1A 25 02 00 40 D1 
BAT RX 0x323 [8] 20 0E 10 00 04 00 00 00 
BAT RX 0x324 [8] 00 02 47 50 4A 30 32 31 
BAT RX 0x322 [8] 01 14 00 E8 03 01 64 64 
BAT RX 0x320 [8] 50 41 C3 85 85 00 00 00 
BAT RX 0x319 [8] 00 0D 35 0D 21 1D 11 01 
BAT RX 0x318 [8] 0D 23 0D 22 0D 21 0D 21 
BAT RX 0x317 [8] 0D 35 0D 32 0D 31 0D 30 
BAT RX 0x316 [8] 0D 2A 0D 2A 0D 2A 0D 24 
BAT RX 0x315 [8] 0D 2F 0D 2F 0D 2E 0D 2E 
BAT RX 0x314 [8] 5B 54 5B 54 00 14 05 44 
BAT RX 0x313 [8] 15 0E 00 00 00 FE 64 63 
BAT RX 0x312 [8] 00 00 00 00 02 02 00 00 
BAT RX 0x311 [8] 02 38 00 00 00 00 01 00 
[keepalive] twai_transmit() -> ESP_OK
BAT RX 0x330 [8] 02 0D 02 0F 0D 34 0D 21 
BAT RX 0x329 [8] 01 00 22 9C 01 00 40 35 
BAT RX 0x323 [8] 20 0E 10 00 04 00 00 00 
BAT RX 0x324 [8] 01 39 35 32 32 30 36 32 
BAT RX 0x322 [8] 01 14 00 E8 03 01 64 64 
BAT RX 0x320 [8] 50 41 C3 85 85 00 00 00 
BAT RX 0x319 [8] 00 0D 34 0D 21 1D 1F 01 
BAT RX 0x318 [8] 0D 23 0D 22 0D 22 0D 21 
BAT RX 0x317 [8] 0D 34 0D 33 0D 31 0D 31 
BAT RX 0x316 [8] 0D 2A 0D 2A 0D 29 0D 24 
BAT RX 0x315 [8] 0D 2F 0D 2F 0D 2F 0D 2E 
BAT RX 0x314 [8] 5B 54 5B 54 00 13 05 44 
BAT RX 0x313 [8] 15 0E 00 00 00 FE 64 63 
BAT RX 0x312 [8] 00 00 00 00 02 02 00 00 
BAT RX 0x311 [8] 02 38 00 00 00 00 01 00 
[keepalive] twai_transmit() -> ESP_OK
[947s] OK V=53.90V I=+0.0A T=25.4C SOC=100% SOH=99% | CVL=56.8V CCL=0.0A DCL=0.0A | chg=0 dis=0 fc1=0 fc2=0 | prot=0000 warn=0000 | packs=2 | inv0x305=no
BAT RX 0x330 [8] 02 0D 02 0E 0D 34 0D 21 
BAT RX 0x329 [8] 02 00 1A 25 02 00 40 D1 
BAT RX 0x323 [8] 20 0E 10 00 04 00 00 00 
BAT RX 0x324 [8] 02 42 42 37 00 00 00 00 
BAT RX 0x322 [8] 01 14 00 E8 03 01 64 64 
BAT RX 0x320 [8] 50 41 C3 85 85 00 00 00 
BAT RX 0x319 [8] 00 0D 34 0D 21 1D 1E 01 
BAT RX 0x318 [8] 0D 23 0D 22 0D 22 0D 21 
BAT RX 0x317 [8] 0D 34 0D 32 0D 31 0D 30 
BAT RX 0x316 [8] 0D 2A 0D 2A 0D 29 0D 23 
BAT RX 0x315 [8] 0D 2E 0D 2E 0D 2E 0D 2E 
BAT RX 0x314 [8] 5B 54 5B 54 00 13 05 44 
BAT RX 0x313 [8] 15 0E 00 00 00 FE 64 63 
BAT RX 0x312 [8] 00 00 00 00 02 02 00 00 
BAT RX 0x311 [8] 02 38 00 00 00 00 01 00 
[keepalive] twai_transmit() -> ESP_OK
BAT RX 0x330 [8] 02 0D 02 0F 0D 34 0D 21 
BAT RX 0x329 [8] 01 00 22 9C 01 00 40 35 
BAT RX 0x323 [8] 20 0E 10 00 04 00 00 00 
BAT RX 0x324 [8] 00 01 47 50 4A 30 32 31 
BAT RX 0x322 [8] 01 14 00 E8 03 01 64 64 
BAT RX 0x320 [8] 50 41 C3 85 85 00 00 00 
BAT RX 0x319 [8] 00 0D 34 0D 21 1D 1F 01 
BAT RX 0x318 [8] 0D 22 0D 22 0D 22 0D 21 
BAT RX 0x317 [8] 0D 34 0D 32 0D 31 0D 30 
BAT RX 0x316 [8] 0D 2A 0D 2A 0D 29 0D 24 
BAT RX 0x315 [8] 0D 2F 0D 2F 0D 2E 0D 2E 
BAT RX 0x314 [8] 5B 54 5B 54 00 13 05 44 
BAT RX 0x313 [8] 15 0E 00 00 00 FE 64 63 
BAT RX 0x312 [8] 00 00 00 00 02 02 00 00 
BAT RX 0x311 [8] 02 38 00 00 00 00 01 00 
[keepalive] twai_transmit() -> ESP_OK
[949s] OK V=53.90V I=+0.0A T=25.4C SOC=100% SOH=99% | CVL=56.8V CCL=0.0A DCL=0.0A | chg=0 dis=0 fc1=0 fc2=0 | prot=0000 warn=0000 | packs=2 | inv0x305=no
BAT RX 0x330 [8] 02 0D 02 0F 0D 34 0D 21 
BAT RX 0x329 [8] 02 00 1A 25 02 00 40 D1 
BAT RX 0x323 [8] 20 0E 10 00 04 00 00 00 
BAT RX 0x324 [8] 01 39 35 32 32 30 36 32 
BAT RX 0x322 [8] 01 14 00 E8 03 01 64 64 
BAT RX 0x320 [8] 50 41 C3 85 85 00 00 00 
BAT RX 0x319 [8] 00 0D 34 0D 21 1D 1F 01 
BAT RX 0x318 [8] 0D 23 0D 22 0D 22 0D 21 
BAT RX 0x317 [8] 0D 34 0D 32 0D 31 0D 30 
BAT RX 0x316 [8] 0D 2A 0D 29 0D 29 0D 23 
BAT RX 0x315 [8] 0D 2F 0D 2E 0D 2E 0D 2E 
BAT RX 0x314 [8] 5B 54 5B 54 00 13 05 44 
BAT RX 0x313 [8] 15 0E 00 00 00 FE 64 63 
BAT RX 0x312 [8] 00 00 00 00 02 02 00 00 
BAT RX 0x311 [8] 02 38 00 00 00 00 01 00 
[keepalive] twai_transmit() -> ESP_OK
BAT RX 0x330 [8] 02 0D 02 01 0D 34 0D 21 
BAT RX 0x329 [8] 01 00 22 9C 01 00 40 35 
BAT RX 0x323 [8] 20 0E 10 00 04 00 00 00 
BAT RX 0x324 [8] 02 43 30 37 00 00 00 00 
BAT RX 0x322 [8] 01 14 00 E8 03 01 64 64 
BAT RX 0x320 [8] 50 41 C3 85 85 00 00 00 
BAT RX 0x319 [8] 00 0D 34 0D 21 1D 11 01 
BAT RX 0x318 [8] 0D 23 0D 22 0D 21 0D 21 
BAT RX 0x317 [8] 0D 34 0D 33 0D 31 0D 31 
BAT RX 0x316 [8] 0D 2A 0D 2A 0D 29 0D 24 
BAT RX 0x315 [8] 0D 2E 0D 2E 0D 2E 0D 2E 
BAT RX 0x314 [8] 5B 54 5B 54 00 13 05 44 
BAT RX 0x313 [8] 15 0E 00 00 00 FE 64 63 
BAT RX 0x312 [8] 00 00 00 00 02 02 00 00 
BAT RX 0x311 [8] 02 38 00 00 00 00 01 00 
[keepalive] twai_transmit() -> ESP_OK
[951s] OK V=53.90V I=+0.0A T=25.4C SOC=100% SOH=99% | CVL=56.8V CCL=0.0A DCL=0.0A | chg=0 dis=0 fc1=0 fc2=0 | prot=0000 warn=0000 | packs=2 | inv0x305=no
BAT RX 0x330 [8] 02 0D 02 01 0D 34 0D 22 
BAT RX 0x329 [8] 02 00 1A 25 02 00 40 D1 
BAT RX 0x323 [8] 20 0E 10 00 04 00 00 00 
BAT RX 0x324 [8] 00 02 47 50 4A 30 32 31 
BAT RX 0x322 [8] 01 14 00 E8 03 01 64 64 
BAT RX 0x320 [8] 50 41 C3 85 85 00 00 00 
BAT RX 0x319 [8] 00 0D 34 0D 22 1D 11 01 
BAT RX 0x318 [8] 0D 23 0D 22 0D 22 0D 22 
BAT RX 0x317 [8] 0D 34 0D 33 0D 31 0D 30 
BAT RX 0x316 [8] 0D 2A 0D 2A 0D 29 0D 24 
BAT RX 0x315 [8] 0D 2E 0D 2E 0D 2E 0D 2E 
BAT RX 0x314 [8] 5B 54 5B 54 00 12 05 44 
BAT RX 0x313 [8] 15 0E 00 00 00 FE 64 63 
BAT RX 0x312 [8] 00 00 00 00 02 02 00 00 
BAT RX 0x311 [8] 02 38 00 00 00 00 01 00 
[keepalive] twai_transmit() -> ESP_OK
BAT RX 0x330 [8] 02 0D 02 0F 0D 34 0D 21 
BAT RX 0x329 [8] 01 00 22 9C 01 00 40 35 
BAT RX 0x323 [8] 20 0E 10 00 04 00 00 00 
BAT RX 0x324 [8] 01 39 35 32 32 30 36 32 
BAT RX 0x322 [8] 01 14 00 E8 03 01 64 64 
BAT RX 0x320 [8] 50 41 C3 85 85 00 00 00 
BAT RX 0x319 [8] 00 0D 34 0D 21 1D 1F 01 
BAT RX 0x318 [8] 0D 23 0D 22 0D 22 0D 21 
BAT RX 0x317 [8] 0D 34 0D 32 0D 32 0D 30 
BAT RX 0x316 [8] 0D 2A 0D 2A 0D 29 0D 24 
BAT RX 0x315 [8] 0D 2F 0D 2F 0D 2E 0D 2E 
BAT RX 0x314 [8] 5B 54 5B 54 00 13 05 44 
BAT RX 0x313 [8] 15 0E 00 00 00 FE 64 63 
BAT RX 0x312 [8] 00 00 00 00 02 02 00 00 
BAT RX 0x311 [8] 02 38 00 00 00 00 01 00 
[keepalive] twai_transmit() -> ESP_OK
[953s] OK V=53.90V I=+0.0A T=25.4C SOC=100% SOH=99% | CVL=56.8V CCL=0.0A DCL=0.0A | chg=0 dis=0 fc1=0 fc2=0 | prot=0000 warn=0000 | packs=2 | inv0x305=no
BAT RX 0x330 [8] 02 0D 02 0F 0D 34 0D 21 
BAT RX 0x329 [8] 02 00 1A 25 02 00 40 D1 
BAT RX 0x323 [8] 20 0E 10 00 04 00 00 00 
BAT RX 0x324 [8] 02 42 42 37 00 00 00 00 
BAT RX 0x322 [8] 01 14 00 E8 03 01 64 64 
BAT RX 0x320 [8] 50 41 C3 85 85 00 00 00 
BAT RX 0x319 [8] 00 0D 34 0D 21 1D 1F 01 
BAT RX 0x318 [8] 0D 22 0D 22 0D 22 0D 21 
BAT RX 0x317 [8] 0D 34 0D 32 0D 31 0D 30 
BAT RX 0x316 [8] 0D 2A 0D 2A 0D 29 0D 24 
BAT RX 0x315 [8] 0D 2E 0D 2E 0D 2E 0D 2E 
BAT RX 0x314 [8] 5B 54 5B 54 00 13 05 44 
BAT RX 0x313 [8] 15 0E 00 00 00 FE 64 63 
BAT RX 0x312 [8] 00 00 00 00 02 02 00 00 
BAT RX 0x311 [8] 02 38 00 00 00 00 01 00 
[keepalive] twai_transmit() -> ESP_OK
BAT RX 0x330 [8] 02 0D 02 0F 0D 34 0D 21 
BAT RX 0x329 [8] 01 00 22 9C 01 00 40 35 
BAT RX 0x323 [8] 20 0E 10 00 04 00 00 00 
BAT RX 0x324 [8] 00 01 47 50 4A 30 32 31 
BAT RX 0x322 [8] 01 14 00 E8 03 01 64 64 
BAT RX 0x320 [8] 50 41 C3 85 85 00 00 00 
BAT RX 0x319 [8] 00 0D 34 0D 21 1D 1F 01 
BAT RX 0x318 [8] 0D 23 0D 22 0D 22 0D 21 
BAT RX 0x317 [8] 0D 34 0D 32 0D 31 0D 30 
BAT RX 0x316 [8] 0D 2B 0D 29 0D 29 0D 24 
BAT RX 0x315 [8] 0D 2E 0D 2E 0D 2E 0D 2E 
BAT RX 0x314 [8] 5B 54 5B 54 00 13 05 44 
BAT RX 0x313 [8] 15 0E 00 00 00 FE 64 63 
BAT RX 0x312 [8] 00 00 00 00 02 02 00 00 
BAT RX 0x311 [8] 02 38 00 00 00 00 01 00 
[keepalive] twai_transmit() -> ESP_OK
[955s] OK V=53.90V I=+0.0A T=25.4C SOC=100% SOH=99% | CVL=56.8V CCL=0.0A DCL=0.0A | chg=0 dis=0 fc1=0 fc2=0 | prot=0000 warn=0000 | packs=2 | inv0x305=no
BAT RX 0x330 [8] 02 0D 02 01 0D 35 0D 21 
BAT RX 0x329 [8] 02 00 1A 25 02 00 40 D1 
BAT RX 0x323 [8] 20 0E 10 00 04 00 00 00 
BAT RX 0x324 [8] 01 39 35 32 32 30 36 32 
BAT RX 0x322 [8] 01 14 00 E8 03 01 64 64 
BAT RX 0x320 [8] 50 41 C3 85 85 00 00 00 
BAT RX 0x319 [8] 00 0D 35 0D 21 1D 11 01 
BAT RX 0x318 [8] 0D 23 0D 21 0D 21 0D 21 
BAT RX 0x317 [8] 0D 35 0D 32 0D 31 0D 30 
BAT RX 0x316 [8] 0D 2B 0D 2A 0D 29 0D 24 
BAT RX 0x315 [8] 0D 2E 0D 2E 0D 2E 0D 2E 
BAT RX 0x314 [8] 5B 54 5B 54 00 14 05 44 
BAT RX 0x313 [8] 15 0E 00 00 00 FE 64 63 
BAT RX 0x312 [8] 00 00 00 00 02 02 00 00 
BAT RX 0x311 [8] 02 38 00 00 00 00 01 00 
[keepalive] twai_transmit() -> ESP_OK
BAT RX 0x330 [8] 02 0D 02 0F 0D 34 0D 21 
BAT RX 0x329 [8] 01 00 22 9C 01 00 40 35 
BAT RX 0x323 [8] 20 0E 10 00 04 00 00 00 
BAT RX 0x324 [8] 02 43 30 37 00 00 00 00 
BAT RX 0x322 [8] 01 14 00 E8 03 01 64 64 
BAT RX 0x320 [8] 50 41 C3 85 85 00 00 00 
BAT RX 0x319 [8] 00 0D 34 0D 21 1D 1F 01 
BAT RX 0x318 [8] 0D 22 0D 22 0D 22 0D 21 
BAT RX 0x317 [8] 0D 34 0D 32 0D 31 0D 31 
BAT RX 0x316 [8] 0D 2A 0D 29 0D 29 0D 23 
BAT RX 0x315 [8] 0D 2F 0D 2E 0D 2E 0D 2E 
BAT RX 0x314 [8] 5B 54 5B 54 00 13 05 44 
BAT RX 0x313 [8] 15 0E 00 00 00 FE 64 63 
BAT RX 0x312 [8] 00 00 00 00 02 02 00 00 
BAT RX 0x311 [8] 02 38 00 00 00 00 01 00 
BAT RX 0x330 [8] 02 0D 02 0F 0D 34 0D 21 
[keepalive] twai_transmit() -> ESP_OK
[957s] OK V=53.90V I=+0.0A T=25.4C SOC=100% SOH=99% | CVL=56.8V CCL=0.0A DCL=0.0A | chg=0 dis=0 fc1=0 fc2=0 | prot=0000 warn=0000 | packs=2 | inv0x305=no
BAT RX 0x329 [8] 02 00 1A 25 02 00 40 D1 
BAT RX 0x323 [8] 20 0E 10 00 04 00 00 00 
BAT RX 0x324 [8] 00 02 47 50 4A 30 32 31 
BAT RX 0x322 [8] 01 14 00 E8 03 01 64 64 
BAT RX 0x320 [8] 50 41 C3 85 85 00 00 00 
BAT RX 0x319 [8] 00 0D 34 0D 21 1D 1F 01 
BAT RX 0x318 [8] 0D 23 0D 22 0D 22 0D 21 
BAT RX 0x317 [8] 0D 34 0D 32 0D 31 0D 30 
BAT RX 0x316 [8] 0D 2A 0D 2A 0D 29 0D 24 
BAT RX 0x315 [8] 0D 2F 0D 2E 0D 2E 0D 2E 
BAT RX 0x314 [8] 5B 54 5B 54 00 13 05 44 
BAT RX 0x313 [8] 15 0E 00 00 00 FE 64 63 
BAT RX 0x312 [8] 00 00 00 00 02 02 00 00 
BAT RX 0x311 [8] 02 38 00 00 00 00 01 00 
BAT RX 0x330 [8] 02 0D 02 01 0D 34 0D 21 
[keepalive] twai_transmit() -> ESP_OK
BAT RX 0x329 [8] 01 00 22 9C 01 00 40 35 
BAT RX 0x323 [8] 20 0E 10 00 04 00 00 00 
BAT RX 0x324 [8] 01 39 35 32 32 30 36 32 
BAT RX 0x322 [8] 01 14 00 E8 03 01 64 64 
BAT RX 0x320 [8] 50 41 C3 85 85 00 00 00 
BAT RX 0x319 [8] 00 0D 34 0D 21 1D 11 01 
BAT RX 0x318 [8] 0D 23 0D 21 0D 21 0D 21 
BAT RX 0x317 [8] 0D 34 0D 32 0D 31 0D 30 
BAT RX 0x316 [8] 0D 2A 0D 2A 0D 29 0D 23 
BAT RX 0x315 [8] 0D 2F 0D 2F 0D 2E 0D 2E 
BAT RX 0x314 [8] 5B 54 5B 54 00 13 05 44 
BAT RX 0x313 [8] 15 0E 00 00 00 FE 64 63 
BAT RX 0x312 [8] 00 00 00 00 02 02 00 00 
BAT RX 0x311 [8] 02 38 00 00 00 00 01 00 
BAT RX 0x330 [8] 02 0D 02 0E 0D 34 0D 21 
[keepalive] twai_transmit() -> ESP_OK
[959s] OK V=53.90V I=+0.0A T=25.4C SOC=100% SOH=99% | CVL=56.8V CCL=0.0A DCL=0.0A | chg=0 dis=0 fc1=0 fc2=0 | prot=0000 warn=0000 | packs=2 | inv0x305=no
BAT RX 0x329 [8] 02 00 1A 25 02 00 40 D1 
BAT RX 0x323 [8] 20 0E 10 00 04 00 00 00 
BAT RX 0x324 [8] 02 42 42 37 00 00 00 00 
BAT RX 0x322 [8] 01 14 00 E8 03 01 64 64 
BAT RX 0x320 [8] 50 41 C3 85 85 00 00 00 
BAT RX 0x319 [8] 00 0D 34 0D 21 1D 1E 01 
BAT RX 0x318 [8] 0D 23 0D 22 0D 21 0D 21 
BAT RX 0x317 [8] 0D 34 0D 32 0D 31 0D 30 
BAT RX 0x316 [8] 0D 2A 0D 2A 0D 29 0D 23 
BAT RX 0x315 [8] 0D 2E 0D 2E 0D 2E 0D 2E 
BAT RX 0x314 [8] 5B 54 5B 54 00 13 05 44 
BAT RX 0x313 [8] 15 0E 00 00 00 FE 64 63 
BAT RX 0x312 [8] 00 00 00 00 02 02 00 00 
BAT RX 0x311 [8] 02 38 00 00 00 00 01 00 

---- battery-bus rate stats (VERBOSE_STATS) ----------------------------
  13661 frames, 960 s elapsed
  ID     count   period(ms)  (min-max gap)
  0x312     911    997 (7-1000)
  0x313     911    997 (3-1000)
  0x314     911    997 (4-1000)
  0x315     911    997 (4-1000)
  0x316     911    997 (3-1000)
  0x317     911    997 (3-1000)
  0x318     911    997 (4-1000)
  0x319     911    997 (4-1000)
  0x320     911    997 (4-1000)
  0x322     911    997 (4-1000)
  0x311     911    997 (4-1000)
  0x323     910    998 (767-1000)
  0x324     910    998 (768-1000)
  0x329     910    998 (757-1002)
  0x330     910    998 (746-1000)
--------------------------------------------------------------------------

  TWAI: state=RUNNING  tx_err=0 rx_err=0  tx_failed=0  rx_missed=0 rx_overrun=0  arb_lost=0  bus_err=190881
BAT RX 0x330 [8] 02 0D 02 0F 0D 34 0D 21 
[keepalive] twai_transmit() -> ESP_OK
BAT RX 0x329 [8] 01 00 22 9C 01 00 40 35 
BAT RX 0x323 [8] 20 0E 10 00 04 00 00 00 
BAT RX 0x324 [8] 00 01 47 50 4A 30 32 31 
BAT RX 0x322 [8] 01 14 00 E8 03 01 64 64 
BAT RX 0x320 [8] 50 41 C3 85 85 00 00 00 
BAT RX 0x319 [8] 00 0D 34 0D 21 1D 1F 01 
BAT RX 0x318 [8] 0D 23 0D 22 0D 22 0D 21 
BAT RX 0x317 [8] 0D 34 0D 32 0D 31 0D 30 
BAT RX 0x316 [8] 0D 2A 0D 2A 0D 29 0D 23 
BAT RX 0x315 [8] 0D 2E 0D 2E 0D 2E 0D 2E 
BAT RX 0x314 [8] 5B 54 5B 54 00 13 05 44 
BAT RX 0x313 [8] 15 0E 00 00 00 FE 64 63 
BAT RX 0x312 [8] 00 00 00 00 02 02 00 00 
BAT RX 0x311 [8] 02 38 00 00 00 00 01 00 
BAT RX 0x330 [8] 02 0D 02 0F 0D 34 0D 21 
[keepalive] twai_transmit() -> ESP_OK
[961s] OK V=53.90V I=+0.0A T=25.4C SOC=100% SOH=99% | CVL=56.8V CCL=0.0A DCL=0.0A | chg=0 dis=0 fc1=0 fc2=0 | prot=0000 warn=0000 | packs=2 | inv0x305=no
BAT RX 0x329 [8] 02 00 1A 25 02 00 40 D1 
BAT RX 0x323 [8] 20 0E 10 00 04 00 00 00 
BAT RX 0x324 [8] 01 39 35 32 32 30 36 32 
BAT RX 0x322 [8] 01 14 00 E8 03 01 64 64 
BAT RX 0x320 [8] 50 41 C3 85 85 00 00 00 
BAT RX 0x319 [8] 00 0D 34 0D 21 1D 1F 01 
BAT RX 0x318 [8] 0D 23 0D 22 0D 22 0D 21 
BAT RX 0x317 [8] 0D 34 0D 32 0D 31 0D 30 
BAT RX 0x316 [8] 0D 2A 0D 29 0D 29 0D 24 
BAT RX 0x315 [8] 0D 2E 0D 2E 0D 2E 0D 2E 
BAT RX 0x314 [8] 5B 54 5B 54 00 13 05 44 
BAT RX 0x313 [8] 15 0E 00 00 00 FE 64 63 
BAT RX 0x312 [8] 00 00 00 00 02 02 00 00 
BAT RX 0x311 [8] 02 38 00 00 00 00 01 00 
BAT RX 0x330 [8] 02 0D 02 0F 0D 34 0D 21 
[keepalive] twai_transmit() -> ESP_OK
BAT RX 0x329 [8] 01 00 22 9C 01 00 40 35 
BAT RX 0x323 [8] 20 0E 10 00 04 00 00 00 
BAT RX 0x324 [8] 02 43 30 37 00 00 00 00 
BAT RX 0x322 [8] 01 14 00 E8 03 01 64 64 
BAT RX 0x320 [8] 50 41 C3 85 85 00 00 00 
BAT RX 0x319 [8] 00 0D 34 0D 21 1D 1F 01 
BAT RX 0x318 [8] 0D 22 0D 22 0D 22 0D 21 
BAT RX 0x317 [8] 0D 34 0D 32 0D 31 0D 30 
BAT RX 0x316 [8] 0D 2A 0D 29 0D 29 0D 24 
BAT RX 0x315 [8] 0D 2E 0D 2E 0D 2E 0D 2E 
BAT RX 0x314 [8] 5B 54 5B 54 00 13 05 44 
BAT RX 0x313 [8] 15 0E 00 00 00 FE 64 63 
BAT RX 0x312 [8] 00 00 00 00 02 02 00 00 
BAT RX 0x311 [8] 02 38 00 00 00 00 01 00 
BAT RX 0x330 [8] 02 0D 02 01 0D 34 0D 22 
[keepalive] twai_transmit() -> ESP_OK
[963s] OK V=53.90V I=+0.0A T=25.4C SOC=100% SOH=99% | CVL=56.8V CCL=0.0A DCL=0.0A | chg=0 dis=0 fc1=0 fc2=0 | prot=0000 warn=0000 | packs=2 | inv0x305=no
BAT RX 0x329 [8] 02 00 1A 25 02 00 40 D1 
BAT RX 0x323 [8] 20 0E 10 00 04 00 00 00 
BAT RX 0x324 [8] 00 02 47 50 4A 30 32 31 
BAT RX 0x322 [8] 01 14 00 E8 03 01 64 64 
BAT RX 0x320 [8] 50 41 C3 85 85 00 00 00 
BAT RX 0x319 [8] 00 0D 34 0D 22 1D 11 01 
BAT RX 0x318 [8] 0D 23 0D 22 0D 22 0D 22 
BAT RX 0x317 [8] 0D 34 0D 32 0D 31 0D 30 
BAT RX 0x316 [8] 0D 2A 0D 29 0D 29 0D 24 
BAT RX 0x315 [8] 0D 2E 0D 2E 0D 2E 0D 2E 
BAT RX 0x314 [8] 5B 54 5B 54 00 12 05 44 
BAT RX 0x313 [8] 15 0E 00 00 00 FE 64 63 
BAT RX 0x312 [8] 00 00 00 00 02 02 00 00 
BAT RX 0x311 [8] 02 38 00 00 00 00 01 00 
BAT RX 0x330 [8] 02 0D 02 0E 0D 34 0D 21 
[keepalive] twai_transmit() -> ESP_OK
BAT RX 0x329 [8] 01 00 22 9C 01 00 40 35 
BAT RX 0x323 [8] 20 0E 10 00 04 00 00 00 
BAT RX 0x324 [8] 01 39 35 32 32 30 36 32 
BAT RX 0x322 [8] 01 14 00 E8 03 01 64 64 
BAT RX 0x320 [8] 50 41 C3 85 85 00 00 00 
BAT RX 0x319 [8] 00 0D 34 0D 21 1D 1E 01 
BAT RX 0x318 [8] 0D 23 0D 22 0D 21 0D 21 
BAT RX 0x317 [8] 0D 34 0D 32 0D 31 0D 30 
BAT RX 0x316 [8] 0D 2A 0D 2A 0D 29 0D 23 
BAT RX 0x315 [8] 0D 2F 0D 2E 0D 2E 0D 2E 
BAT RX 0x314 [8] 5B 54 5B 54 00 13 05 44 
BAT RX 0x313 [8] 15 0E 00 00 00 FE 64 63 
BAT RX 0x312 [8] 00 00 00 00 02 02 00 00 
BAT RX 0x311 [8] 02 38 00 00 00 00 01 00 
BAT RX 0x330 [8] 02 0D 02 01 0D 34 0D 21 
[keepalive] twai_transmit() -> ESP_OK
[965s] OK V=53.90V I=+0.0A T=25.4C SOC=100% SOH=99% | CVL=56.8V CCL=0.0A DCL=0.0A | chg=0 dis=0 fc1=0 fc2=0 | prot=0000 warn=0000 | packs=2 | inv0x305=no
BAT RX 0x329 [8] 02 00 1A 25 02 00 40 D1 
BAT RX 0x323 [8] 20 0E 10 00 04 00 00 00 
BAT RX 0x324 [8] 02 42 42 37 00 00 00 00 
BAT RX 0x322 [8] 01 14 00 E8 03 01 64 64 
BAT RX 0x320 [8] 50 41 C3 85 85 00 00 00 
BAT RX 0x319 [8] 00 0D 34 0D 21 1D 11 01 
BAT RX 0x318 [8] 0D 23 0D 21 0D 21 0D 21 
BAT RX 0x317 [8] 0D 34 0D 32 0D 31 0D 30 
BAT RX 0x316 [8] 0D 2A 0D 29 0D 29 0D 23 
BAT RX 0x315 [8] 0D 2E 0D 2E 0D 2E 0D 2E 
BAT RX 0x314 [8] 5B 54 5B 54 00 13 05 44 
BAT RX 0x313 [8] 15 0E 00 00 00 FE 64 63 
BAT RX 0x312 [8] 00 00 00 00 02 02 00 00 
BAT RX 0x311 [8] 02 38 00 00 00 00 01 00 
BAT RX 0x330 [8] 02 0D 02 01 0D 34 0D 21 
[keepalive] twai_transmit() -> ESP_OK
BAT RX 0x329 [8] 01 00 22 9C 01 00 40 35 
BAT RX 0x323 [8] 20 0E 10 00 04 00 00 00 
BAT RX 0x324 [8] 00 01 47 50 4A 30 32 31 
BAT RX 0x322 [8] 01 14 00 E8 03 01 64 64 
BAT RX 0x320 [8] 50 41 C3 85 85 00 00 00 
BAT RX 0x319 [8] 00 0D 34 0D 21 1D 11 01 
BAT RX 0x318 [8] 0D 22 0D 21 0D 21 0D 21 
BAT RX 0x317 [8] 0D 34 0D 32 0D 31 0D 30 
BAT RX 0x316 [8] 0D 2A 0D 2A 0D 29 0D 23 
BAT RX 0x315 [8] 0D 2E 0D 2E 0D 2E 0D 2E 
BAT RX 0x314 [8] 5B 54 5B 54 00 13 05 44 
BAT RX 0x313 [8] 15 0E 00 00 00 FE 64 63 
BAT RX 0x312 [8] 00 00 00 00 02 02 00 00 
BAT RX 0x311 [8] 02 38 00 00 00 00 01 00 
BAT RX 0x330 [8] 02 0D 02 01 0D 33 0D 21 
[keepalive] twai_transmit() -> ESP_OK
[967s] OK V=53.90V I=+0.0A T=25.4C SOC=100% SOH=99% | CVL=56.8V CCL=0.0A DCL=0.0A | chg=0 dis=0 fc1=0 fc2=0 | prot=0000 warn=0000 | packs=2 | inv0x305=no
BAT RX 0x329 [8] 02 00 1A 25 02 00 40 D1 
BAT RX 0x323 [8] 20 0E 10 00 04 00 00 00 
BAT RX 0x324 [8] 01 39 35 32 32 30 36 32 
BAT RX 0x322 [8] 01 14 00 E8 03 01 64 64 
BAT RX 0x320 [8] 50 41 C3 85 85 00 00 00 
BAT RX 0x319 [8] 00 0D 33 0D 21 1D 11 01 
BAT RX 0x318 [8] 0D 22 0D 22 0D 21 0D 21 
BAT RX 0x317 [8] 0D 33 0D 32 0D 31 0D 30 
BAT RX 0x316 [8] 0D 2A 0D 2A 0D 29 0D 24 
BAT RX 0x315 [8] 0D 2F 0D 2E 0D 2E 0D 2E 
BAT RX 0x314 [8] 5B 54 5B 54 00 12 05 44 
BAT RX 0x313 [8] 15 0E 00 00 00 FE 64 63 
BAT RX 0x312 [8] 00 00 00 00 02 02 00 00 
BAT RX 0x311 [8] 02 38 00 00 00 00 01 00 
BAT RX 0x330 [8] 02 0D 02 0F 0D 34 0D 21 
[keepalive] twai_transmit() -> ESP_OK
BAT RX 0x329 [8] 01 00 22 9C 01 00 40 35 
BAT RX 0x323 [8] 20 0E 10 00 04 00 00 00 
BAT RX 0x324 [8] 02 43 30 37 00 00 00 00 
BAT RX 0x322 [8] 01 14 00 E8 03 01 64 64 
BAT RX 0x320 [8] 50 41 C3 85 85 00 00 00 
BAT RX 0x319 [8] 00 0D 34 0D 21 1D 1F 01 
BAT RX 0x318 [8] 0D 22 0D 22 0D 22 0D 21 
BAT RX 0x317 [8] 0D 34 0D 32 0D 31 0D 30 
BAT RX 0x316 [8] 0D 2A 0D 2A 0D 29 0D 24 
BAT RX 0x315 [8] 0D 2E 0D 2E 0D 2E 0D 2E 
BAT RX 0x314 [8] 5B 54 5B 54 00 13 05 44 
BAT RX 0x313 [8] 15 0E 00 00 00 FE 64 63 
BAT RX 0x312 [8] 00 00 00 00 02 02 00 00 
BAT RX 0x311 [8] 02 38 00 00 00 00 01 00 
BAT RX 0x330 [8] 02 0D 02 01 0D 34 0D 21 
[keepalive] twai_transmit() -> ESP_OK
[969s] OK V=53.90V I=+0.0A T=25.4C SOC=100% SOH=99% | CVL=56.8V CCL=0.0A DCL=0.0A | chg=0 dis=0 fc1=0 fc2=0 | prot=0000 warn=0000 | packs=2 | inv0x305=no
BAT RX 0x329 [8] 02 00 1A 25 02 00 40 D1 
BAT RX 0x323 [8] 20 0E 10 00 04 00 00 00 
BAT RX 0x324 [8] 00 02 47 50 4A 30 32 31 
BAT RX 0x322 [8] 01 14 00 E8 03 01 64 64 
BAT RX 0x320 [8] 50 41 C3 85 85 00 00 00 
BAT RX 0x319 [8] 00 0D 34 0D 21 1D 11 01 
BAT RX 0x318 [8] 0D 22 0D 22 0D 21 0D 21 
BAT RX 0x317 [8] 0D 34 0D 32 0D 31 0D 30 
BAT RX 0x316 [8] 0D 2A 0D 2A 0D 29 0D 24 
BAT RX 0x315 [8] 0D 2F 0D 2E 0D 2E 0D 2E 
BAT RX 0x314 [8] 5B 54 5B 54 00 13 05 44 
BAT RX 0x313 [8] 15 0E 00 00 00 FE 64 63 
BAT RX 0x312 [8] 00 00 00 00 02 02 00 00 
BAT RX 0x311 [8] 02 38 00 00 00 00 01 00 
BAT RX 0x330 [8] 02 0D 02 0F 0D 34 0D 21 
BAT RX 0x329 [8] 01 00 22 9C 01 00 40 35 
[keepalive] twai_transmit() -> ESP_OK
BAT RX 0x323 [8] 20 0E 10 00 04 00 00 00 
BAT RX 0x324 [8] 01 39 35 32 32 30 36 32 
BAT RX 0x322 [8] 01 14 00 E8 03 01 64 64 
BAT RX 0x320 [8] 50 41 C3 85 85 00 00 00 
BAT RX 0x319 [8] 00 0D 34 0D 21 1D 1F 01 
BAT RX 0x318 [8] 0D 23 0D 22 0D 22 0D 21 
BAT RX 0x317 [8] 0D 34 0D 32 0D 30 0D 30 
BAT RX 0x316 [8] 0D 2A 0D 29 0D 29 0D 24 
BAT RX 0x315 [8] 0D 2E 0D 2E 0D 2E 0D 2E 
BAT RX 0x314 [8] 5B 54 5B 54 00 13 05 44 
BAT RX 0x313 [8] 15 0E 00 00 00 FE 64 63 
BAT RX 0x312 [8] 00 00 00 00 02 02 00 00 
BAT RX 0x311 [8] 02 38 00 00 00 00 01 00 
BAT RX 0x330 [8] 02 0D 02 01 0D 34 0D 21 
BAT RX 0x329 [8] 02 00 1A 25 02 00 40 D1 
[keepalive] twai_transmit() -> ESP_OK
[971s] OK V=53.90V I=+0.0A T=25.4C SOC=100% SOH=99% | CVL=56.8V CCL=0.0A DCL=0.0A | chg=0 dis=0 fc1=0 fc2=0 | prot=0000 warn=0000 | packs=2 | inv0x305=no
BAT RX 0x323 [8] 20 0E 10 00 04 00 00 00 
BAT RX 0x324 [8] 02 42 42 37 00 00 00 00 
BAT RX 0x322 [8] 01 14 00 E8 03 01 64 64 
BAT RX 0x320 [8] 50 41 C3 85 85 00 00 00 
BAT RX 0x319 [8] 00 0D 34 0D 21 1D 11 01 
BAT RX 0x318 [8] 0D 22 0D 22 0D 21 0D 21 
BAT RX 0x317 [8] 0D 34 0D 32 0D 31 0D 2F 
BAT RX 0x316 [8] 0D 2A 0D 29 0D 29 0D 24 
BAT RX 0x315 [8] 0D 2E 0D 2E 0D 2E 0D 2E 
BAT RX 0x314 [8] 5B 54 5B 54 00 13 05 44 
BAT RX 0x313 [8] 15 0E 00 00 00 FE 64 63 
BAT RX 0x312 [8] 00 00 00 00 02 02 00 00 
BAT RX 0x311 [8] 02 38 00 00 00 00 01 00 
BAT RX 0x330 [8] 02 0D 02 0E 0D 34 0D 21 
BAT RX 0x329 [8] 01 00 22 9C 01 00 40 35 
[keepalive] twai_transmit() -> ESP_OK
BAT RX 0x323 [8] 20 0E 10 00 04 00 00 00 
BAT RX 0x324 [8] 00 01 47 50 4A 30 32 31 
BAT RX 0x322 [8] 01 14 00 E8 03 01 64 64 
BAT RX 0x320 [8] 50 41 C3 85 85 00 00 00 
BAT RX 0x319 [8] 00 0D 34 0D 21 1D 1E 01 
BAT RX 0x318 [8] 0D 23 0D 22 0D 21 0D 21 
BAT RX 0x317 [8] 0D 34 0D 32 0D 31 0D 30 
BAT RX 0x316 [8] 0D 2A 0D 29 0D 29 0D 24 
BAT RX 0x315 [8] 0D 2E 0D 2E 0D 2E 0D 2E 
BAT RX 0x314 [8] 5B 54 5B 54 00 13 05 44 
BAT RX 0x313 [8] 15 0E 00 00 00 FE 64 63 
BAT RX 0x312 [8] 00 00 00 00 02 02 00 00 
BAT RX 0x311 [8] 02 38 00 00 00 00 01 00 
BAT RX 0x330 [8] 02 0D 02 01 0D 34 0D 21 
BAT RX 0x329 [8] 02 00 1A 25 02 00 40 D1 
[keepalive] twai_transmit() -> ESP_OK
[973s] OK V=53.90V I=+0.0A T=25.4C SOC=100% SOH=99% | CVL=56.8V CCL=0.0A DCL=0.0A | chg=0 dis=0 fc1=0 fc2=0 | prot=0000 warn=0000 | packs=2 | inv0x305=no
BAT RX 0x323 [8] 20 0E 10 00 04 00 00 00 
BAT RX 0x324 [8] 01 39 35 32 32 30 36 32 
BAT RX 0x322 [8] 01 14 00 E8 03 01 64 64 
BAT RX 0x320 [8] 50 41 C3 85 85 00 00 00 
BAT RX 0x319 [8] 00 0D 34 0D 21 1D 11 01 
BAT RX 0x318 [8] 0D 22 0D 21 0D 21 0D 21 
BAT RX 0x317 [8] 0D 34 0D 32 0D 31 0D 30 
BAT RX 0x316 [8] 0D 2A 0D 29 0D 29 0D 23 
BAT RX 0x315 [8] 0D 2F 0D 2F 0D 2E 0D 2E 
BAT RX 0x314 [8] 5B 54 5B 54 00 13 05 44 
BAT RX 0x313 [8] 15 0E 00 00 00 FE 64 63 
BAT RX 0x312 [8] 00 00 00 00 02 02 00 00 
BAT RX 0x311 [8] 02 38 00 00 00 00 01 00 
BAT RX 0x330 [8] 02 0D 02 01 0D 34 0D 21 
BAT RX 0x329 [8] 01 00 22 9C 01 00 40 35 
[keepalive] twai_transmit() -> ESP_OK
BAT RX 0x323 [8] 20 0E 10 00 04 00 00 00 
BAT RX 0x324 [8] 02 43 30 37 00 00 00 00 
BAT RX 0x322 [8] 01 14 00 E8 03 01 64 64 
BAT RX 0x320 [8] 50 41 C3 85 85 00 00 00 
BAT RX 0x319 [8] 00 0D 34 0D 21 1D 11 01 
BAT RX 0x318 [8] 0D 23 0D 21 0D 21 0D 21 
BAT RX 0x317 [8] 0D 34 0D 32 0D 31 0D 30 
BAT RX 0x316 [8] 0D 2A 0D 2A 0D 29 0D 23 
BAT RX 0x315 [8] 0D 2E 0D 2E 0D 2E 0D 2E 
BAT RX 0x314 [8] 5B 54 5B 54 00 13 05 44 
BAT RX 0x313 [8] 15 0E 00 00 00 FE 64 63 
BAT RX 0x312 [8] 00 00 00 00 02 02 00 00 
BAT RX 0x311 [8] 02 38 00 00 00 00 01 00 

---- battery-bus rate stats (VERBOSE_STATS) ----------------------------
  13886 frames, 975 s elapsed
  ID     count   period(ms)  (min-max gap)
  0x312     926    997 (7-1000)
  0x313     926    997 (3-1000)
  0x314     926    997 (4-1000)
  0x315     926    997 (4-1000)
  0x316     926    997 (3-1000)
  0x317     926    997 (3-1000)
  0x318     926    997 (4-1000)
  0x319     926    997 (4-1000)
  0x320     926    997 (4-1000)
  0x322     926    997 (4-1000)
  0x311     926    997 (4-1000)
  0x323     925    998 (767-1000)
  0x324     925    998 (768-1000)
  0x329     925    998 (757-1002)
  0x330     925    998 (746-1000)
--------------------------------------------------------------------------

  TWAI: state=RUNNING  tx_err=0 rx_err=0  tx_failed=0  rx_missed=0 rx_overrun=0  arb_lost=0  bus_err=190881
BAT RX 0x330 [8] 02 0D 02 01 0D 34 0D 21 
BAT RX 0x329 [8] 02 00 1A 25 02 00 40 D1 
[keepalive] twai_transmit() -> ESP_OK
[975s] OK V=53.90V I=+0.0A T=25.4C SOC=100% SOH=99% | CVL=56.8V CCL=0.0A DCL=0.0A | chg=0 dis=0 fc1=0 fc2=0 | prot=0000 warn=0000 | packs=2 | inv0x305=no
BAT RX 0x323 [8] 20 0E 10 00 04 00 00 00 
BAT RX 0x324 [8] 00 02 47 50 4A 30 32 31 
BAT RX 0x322 [8] 01 14 00 E8 03 01 64 64 
BAT RX 0x320 [8] 50 41 C3 85 85 00 00 00 
BAT RX 0x319 [8] 00 0D 34 0D 21 1D 11 01 
BAT RX 0x318 [8] 0D 22 0D 21 0D 21 0D 21 
BAT RX 0x317 [8] 0D 34 0D 32 0D 31 0D 30 
BAT RX 0x316 [8] 0D 2A 0D 29 0D 29 0D 23 
BAT RX 0x315 [8] 0D 2E 0D 2E 0D 2E 0D 2E 
BAT RX 0x314 [8] 5B 54 5B 54 00 13 05 44 
BAT RX 0x313 [8] 15 0E 00 00 00 FE 64 63 
BAT RX 0x312 [8] 00 00 00 00 02 02 00 00 
BAT RX 0x311 [8] 02 38 00 00 00 00 01 00 
BAT RX 0x330 [8] 02 0D 02 01 0D 34 0D 21 
BAT RX 0x329 [8] 01 00 22 9C 01 00 40 35 
[keepalive] twai_transmit() -> ESP_OK
BAT RX 0x323 [8] 20 0E 10 00 04 00 00 00 
BAT RX 0x324 [8] 01 39 35 32 32 30 36 32 
BAT RX 0x322 [8] 01 14 00 E8 03 01 64 64 
BAT RX 0x320 [8] 50 41 C3 85 85 00 00 00 
BAT RX 0x319 [8] 00 0D 34 0D 21 1D 11 01 
BAT RX 0x318 [8] 0D 22 0D 21 0D 21 0D 21 
BAT RX 0x317 [8] 0D 34 0D 32 0D 31 0D 30 
BAT RX 0x316 [8] 0D 2A 0D 29 0D 29 0D 24 
BAT RX 0x315 [8] 0D 2E 0D 2E 0D 2E 0D 2E 
BAT RX 0x314 [8] 5B 54 5B 54 00 13 05 44 
BAT RX 0x313 [8] 15 0E 00 00 00 FE 64 63 
BAT RX 0x312 [8] 00 00 00 00 02 02 00 00 
BAT RX 0x311 [8] 02 38 00 00 00 00 01 00 
BAT RX 0x330 [8] 02 0D 02 0F 0D 34 0D 21 
BAT RX 0x329 [8] 02 00 1A 25 02 00 40 D1 
[keepalive] twai_transmit() -> ESP_OK
[977s] OK V=53.90V I=+0.0A T=25.4C SOC=100% SOH=99% | CVL=56.8V CCL=0.0A DCL=0.0A | chg=0 dis=0 fc1=0 fc2=0 | prot=0000 warn=0000 | packs=2 | inv0x305=no
BAT RX 0x323 [8] 20 0E 10 00 04 00 00 00 
BAT RX 0x324 [8] 02 42 42 37 00 00 00 00 
BAT RX 0x322 [8] 01 14 00 E8 03 01 64 64 
BAT RX 0x320 [8] 50 41 C3 85 85 00 00 00 
BAT RX 0x319 [8] 00 0D 34 0D 21 1D 1F 01 
BAT RX 0x318 [8] 0D 22 0D 22 0D 22 0D 21 
BAT RX 0x317 [8] 0D 34 0D 32 0D 31 0D 30 
BAT RX 0x316 [8] 0D 2A 0D 29 0D 29 0D 23 
BAT RX 0x315 [8] 0D 2F 0D 2E 0D 2E 0D 2E 
BAT RX 0x314 [8] 5B 54 5B 54 00 13 05 44 
BAT RX 0x313 [8] 15 0E 00 00 00 FE 64 63 
BAT RX 0x312 [8] 00 00 00 00 02 02 00 00 
BAT RX 0x311 [8] 02 38 00 00 00 00 01 00 
BAT RX 0x330 [8] 02 0D 02 0E 0D 34 0D 21 
BAT RX 0x329 [8] 01 00 22 9C 01 00 40 35 
[keepalive] twai_transmit() -> ESP_OK
BAT RX 0x323 [8] 20 0E 10 00 04 00 00 00 
BAT RX 0x324 [8] 00 01 47 50 4A 30 32 31 
BAT RX 0x322 [8] 01 14 00 E8 03 01 64 64 
BAT RX 0x320 [8] 50 41 C3 85 85 00 00 00 
BAT RX 0x319 [8] 00 0D 34 0D 21 1D 1E 01 
BAT RX 0x318 [8] 0D 22 0D 22 0D 21 0D 21 
BAT RX 0x317 [8] 0D 34 0D 31 0D 31 0D 30 
BAT RX 0x316 [8] 0D 2A 0D 29 0D 29 0D 23 
BAT RX 0x315 [8] 0D 2F 0D 2E 0D 2E 0D 2E 
BAT RX 0x314 [8] 5B 54 5B 54 00 13 05 44 
BAT RX 0x313 [8] 15 0E 00 00 00 FE 64 63 
BAT RX 0x312 [8] 00 00 00 00 02 02 00 00 
BAT RX 0x311 [8] 02 38 00 00 00 00 01 00 
BAT RX 0x330 [8] 02 0D 02 01 0D 33 0D 21 
BAT RX 0x329 [8] 02 00 1A 25 02 00 40 D1 
[keepalive] twai_transmit() -> ESP_OK
[979s] OK V=53.90V I=+0.0A T=25.4C SOC=100% SOH=99% | CVL=56.8V CCL=0.0A DCL=0.0A | chg=0 dis=0 fc1=0 fc2=0 | prot=0000 warn=0000 | packs=2 | inv0x305=no
BAT RX 0x323 [8] 20 0E 10 00 04 00 00 00 
BAT RX 0x324 [8] 01 39 35 32 32 30 36 32 
BAT RX 0x322 [8] 01 14 00 E8 03 01 64 64 
BAT RX 0x320 [8] 50 41 C3 85 85 00 00 00 
BAT RX 0x319 [8] 00 0D 33 0D 21 1D 11 01 
BAT RX 0x318 [8] 0D 23 0D 22 0D 21 0D 21 
BAT RX 0x317 [8] 0D 33 0D 32 0D 31 0D 30 
BAT RX 0x316 [8] 0D 2A 0D 29 0D 29 0D 24 
BAT RX 0x315 [8] 0D 2E 0D 2E 0D 2E 0D 2D 
BAT RX 0x314 [8] 5B 54 5B 54 00 12 05 44 
BAT RX 0x313 [8] 15 0E 00 00 00 FE 64 63 
BAT RX 0x312 [8] 00 00 00 00 02 02 00 00 
BAT RX 0x311 [8] 02 38 00 00 00 00 01 00 
BAT RX 0x330 [8] 02 0D 02 01 0D 34 0D 21 
BAT RX 0x329 [8] 01 00 22 9C 01 00 40 35 
[keepalive] twai_transmit() -> ESP_OK
BAT RX 0x323 [8] 20 0E 10 00 04 00 00 00 
BAT RX 0x324 [8] 02 43 30 37 00 00 00 00 
BAT RX 0x322 [8] 01 14 00 E8 03 01 64 64 
BAT RX 0x320 [8] 50 41 C3 85 85 00 00 00 
BAT RX 0x319 [8] 00 0D 34 0D 21 1D 11 01 
BAT RX 0x318 [8] 0D 22 0D 21 0D 21 0D 21 
BAT RX 0x317 [8] 0D 34 0D 32 0D 31 0D 30 
BAT RX 0x316 [8] 0D 2A 0D 29 0D 29 0D 24 
BAT RX 0x315 [8] 0D 2E 0D 2E 0D 2E 0D 2E 
BAT RX 0x314 [8] 5B 54 5B 54 00 13 05 44 
BAT RX 0x313 [8] 15 0E 00 00 00 FE 64 63 
BAT RX 0x312 [8] 00 00 00 00 02 02 00 00 
BAT RX 0x311 [8] 02 38 00 00 00 00 01 00 
BAT RX 0x330 [8] 02 0D 02 01 0D 34 0D 21 
BAT RX 0x329 [8] 02 00 1A 25 02 00 40 D1 
[keepalive] twai_transmit() -> ESP_OK
[981s] OK V=53.90V I=+0.0A T=25.4C SOC=100% SOH=99% | CVL=56.8V CCL=0.0A DCL=0.0A | chg=0 dis=0 fc1=0 fc2=0 | prot=0000 warn=0000 | packs=2 | inv0x305=no
BAT RX 0x323 [8] 20 0E 10 00 04 00 00 00 
BAT RX 0x324 [8] 00 02 47 50 4A 30 32 31 
BAT RX 0x322 [8] 01 14 00 E8 03 01 64 64 
BAT RX 0x320 [8] 50 41 C3 85 85 00 00 00 
BAT RX 0x319 [8] 00 0D 34 0D 21 1D 11 01 
BAT RX 0x318 [8] 0D 22 0D 22 0D 21 0D 21 
BAT RX 0x317 [8] 0D 34 0D 32 0D 31 0D 30 
BAT RX 0x316 [8] 0D 2A 0D 29 0D 29 0D 24 
BAT RX 0x315 [8] 0D 2F 0D 2E 0D 2E 0D 2E 
BAT RX 0x314 [8] 5B 54 5B 54 00 13 05 44 
BAT RX 0x313 [8] 15 0E 00 00 00 FE 64 63 
BAT RX 0x312 [8] 00 00 00 00 02 02 00 00 
BAT RX 0x311 [8] 02 38 00 00 00 00 01 00 
BAT RX 0x330 [8] 02 0D 02 0F 0D 34 0D 21 
BAT RX 0x329 [8] 01 00 22 9C 01 00 40 35 
BAT RX 0x323 [8] 20 0E 10 00 04 00 00 00 
BAT RX 0x324 [8] 01 39 35 32 32 30 36 32 
[keepalive] twai_transmit() -> ESP_OK
BAT RX 0x322 [8] 01 14 00 E8 03 01 64 64 
BAT RX 0x320 [8] 50 41 C3 85 85 00 00 00 
BAT RX 0x319 [8] 00 0D 34 0D 21 1D 1F 01 
BAT RX 0x318 [8] 0D 23 0D 22 0D 22 0D 21 
BAT RX 0x317 [8] 0D 34 0D 32 0D 30 0D 30 
BAT RX 0x316 [8] 0D 2A 0D 2A 0D 29 0D 23 
BAT RX 0x315 [8] 0D 2E 0D 2E 0D 2E 0D 2E 
BAT RX 0x314 [8] 5B 54 5B 54 00 13 05 44 
BAT RX 0x313 [8] 15 0E 00 00 00 FE 64 63 
BAT RX 0x312 [8] 00 00 00 00 02 02 00 00 
BAT RX 0x311 [8] 02 38 00 00 00 00 01 00 
BAT RX 0x330 [8] 02 0D 02 01 0D 33 0D 21 
BAT RX 0x329 [8] 02 00 1A 25 02 00 40 D1 
BAT RX 0x323 [8] 20 0E 10 00 04 00 00 00 
BAT RX 0x324 [8] 02 42 42 37 00 00 00 00 
[keepalive] twai_transmit() -> ESP_OK
[983s] OK V=53.90V I=+0.0A T=25.4C SOC=100% SOH=99% | CVL=56.8V CCL=0.0A DCL=0.0A | chg=0 dis=0 fc1=0 fc2=0 | prot=0000 warn=0000 | packs=2 | inv0x305=no
BAT RX 0x322 [8] 01 14 00 E8 03 01 64 64 
BAT RX 0x320 [8] 50 41 C3 85 85 00 00 00 
BAT RX 0x319 [8] 00 0D 33 0D 21 1D 11 01 
BAT RX 0x318 [8] 0D 22 0D 21 0D 21 0D 21 
BAT RX 0x317 [8] 0D 33 0D 32 0D 31 0D 30 
BAT RX 0x316 [8] 0D 2A 0D 2A 0D 28 0D 23 
BAT RX 0x315 [8] 0D 2E 0D 2E 0D 2E 0D 2D 
BAT RX 0x314 [8] 5B 54 5B 54 00 12 05 44 
BAT RX 0x313 [8] 15 0E 00 00 00 FE 64 63 
BAT RX 0x312 [8] 00 00 00 00 02 02 00 00 
BAT RX 0x311 [8] 02 38 00 00 00 00 01 00 
BAT RX 0x330 [8] 02 0D 02 01 0D 33 0D 21 
BAT RX 0x329 [8] 01 00 22 9C 01 00 40 35 
BAT RX 0x323 [8] 20 0E 10 00 04 00 00 00 
BAT RX 0x324 [8] 00 01 47 50 4A 30 32 31 
[keepalive] twai_transmit() -> ESP_OK
BAT RX 0x322 [8] 01 14 00 E8 03 01 64 64 
BAT RX 0x320 [8] 50 41 C3 85 85 00 00 00 
BAT RX 0x319 [8] 00 0D 33 0D 21 1D 11 01 
BAT RX 0x318 [8] 0D 22 0D 21 0D 21 0D 21 
BAT RX 0x317 [8] 0D 33 0D 31 0D 31 0D 30 
BAT RX 0x316 [8] 0D 2A 0D 29 0D 29 0D 24 
BAT RX 0x315 [8] 0D 2E 0D 2E 0D 2E 0D 2E 
BAT RX 0x314 [8] 5B 54 5B 54 00 12 05 44 
BAT RX 0x313 [8] 15 0E 00 00 00 FE 64 63 
BAT RX 0x312 [8] 00 00 00 00 02 02 00 00 
BAT RX 0x311 [8] 02 38 00 00 00 00 01 00 
BAT RX 0x330 [8] 02 0D 02 01 0D 34 0D 21 
BAT RX 0x329 [8] 02 00 1A 25 02 00 40 D1 
BAT RX 0x323 [8] 20 0E 10 00 04 00 00 00 
BAT RX 0x324 [8] 01 39 35 32 32 30 36 32 
[keepalive] twai_transmit() -> ESP_OK
[985s] OK V=53.90V I=+0.0A T=25.4C SOC=100% SOH=99% | CVL=56.8V CCL=0.0A DCL=0.0A | chg=0 dis=0 fc1=0 fc2=0 | prot=0000 warn=0000 | packs=2 | inv0x305=no
BAT RX 0x322 [8] 01 14 00 E8 03 01 64 64 
BAT RX 0x320 [8] 50 41 C3 85 85 00 00 00 
BAT RX 0x319 [8] 00 0D 34 0D 21 1D 11 01 
BAT RX 0x318 [8] 0D 22 0D 21 0D 21 0D 21 
BAT RX 0x317 [8] 0D 34 0D 32 0D 30 0D 30 
BAT RX 0x316 [8] 0D 2A 0D 2A 0D 29 0D 23 
BAT RX 0x315 [8] 0D 2E 0D 2E 0D 2E 0D 2E 
BAT RX 0x314 [8] 5B 54 5B 54 00 13 05 44 
BAT RX 0x313 [8] 15 0E 00 00 00 FE 64 63 
BAT RX 0x312 [8] 00 00 00 00 02 02 00 00 
BAT RX 0x311 [8] 02 38 00 00 00 00 01 00 
BAT RX 0x330 [8] 02 0D 02 01 0D 34 0D 21 
BAT RX 0x329 [8] 01 00 22 9C 01 00 40 35 
BAT RX 0x323 [8] 20 0E 10 00 04 00 00 00 
BAT RX 0x324 [8] 02 43 30 37 00 00 00 00 
[keepalive] twai_transmit() -> ESP_OK
BAT RX 0x322 [8] 01 14 00 E8 03 01 64 64 
BAT RX 0x320 [8] 50 41 C3 85 85 00 00 00 
BAT RX 0x319 [8] 00 0D 34 0D 21 1D 11 01 
BAT RX 0x318 [8] 0D 22 0D 21 0D 21 0D 21 
BAT RX 0x317 [8] 0D 34 0D 31 0D 31 0D 30 
BAT RX 0x316 [8] 0D 2A 0D 29 0D 29 0D 24 
BAT RX 0x315 [8] 0D 2E 0D 2E 0D 2E 0D 2E 
BAT RX 0x314 [8] 5B 54 5B 54 00 13 05 44 
BAT RX 0x313 [8] 15 0E 00 00 00 FE 64 63 
BAT RX 0x312 [8] 00 00 00 00 02 02 00 00 
BAT RX 0x311 [8] 02 38 00 00 00 00 01 00 
BAT RX 0x330 [8] 02 0D 02 01 0D 34 0D 21 
BAT RX 0x329 [8] 02 00 1A 25 02 00 40 D1 
BAT RX 0x323 [8] 20 0E 10 00 04 00 00 00 
BAT RX 0x324 [8] 00 02 47 50 4A 30 32 31 
[keepalive] twai_transmit() -> ESP_OK
[987s] OK V=53.90V I=+0.0A T=25.4C SOC=100% SOH=99% | CVL=56.8V CCL=0.0A DCL=0.0A | chg=0 dis=0 fc1=0 fc2=0 | prot=0000 warn=0000 | packs=2 | inv0x305=no
BAT RX 0x322 [8] 01 14 00 E8 03 01 64 64 
BAT RX 0x320 [8] 50 41 C3 85 85 00 00 00 
BAT RX 0x319 [8] 00 0D 34 0D 21 1D 11 01 
BAT RX 0x318 [8] 0D 22 0D 21 0D 21 0D 21 
BAT RX 0x317 [8] 0D 34 0D 31 0D 31 0D 30 
BAT RX 0x316 [8] 0D 2A 0D 2A 0D 29 0D 23 
BAT RX 0x315 [8] 0D 2E 0D 2E 0D 2E 0D 2E 
BAT RX 0x314 [8] 5B 54 5B 54 00 13 05 44 
BAT RX 0x313 [8] 15 0E 00 00 00 FE 64 63 
BAT RX 0x312 [8] 00 00 00 00 02 02 00 00 
BAT RX 0x311 [8] 02 38 00 00 00 00 01 00 
BAT RX 0x330 [8] 02 0D 02 01 0D 34 0D 21 
BAT RX 0x329 [8] 01 00 22 9C 01 00 40 35 
BAT RX 0x323 [8] 20 0E 10 00 04 00 00 00 
BAT RX 0x324 [8] 01 39 35 32 32 30 36 32 
[keepalive] twai_transmit() -> ESP_OK
BAT RX 0x322 [8] 01 14 00 E8 03 01 64 64 
BAT RX 0x320 [8] 50 41 C3 85 85 00 00 00 
BAT RX 0x319 [8] 00 0D 34 0D 21 1D 11 01 
BAT RX 0x318 [8] 0D 22 0D 21 0D 21 0D 21 
BAT RX 0x317 [8] 0D 34 0D 32 0D 30 0D 30 
BAT RX 0x316 [8] 0D 2A 0D 29 0D 29 0D 23 
BAT RX 0x315 [8] 0D 2E 0D 2E 0D 2E 0D 2E 
BAT RX 0x314 [8] 5B 54 5B 54 00 13 05 44 
BAT RX 0x313 [8] 15 0E 00 00 00 FE 64 63 
BAT RX 0x312 [8] 00 00 00 00 02 02 00 00 
BAT RX 0x311 [8] 02 38 00 00 00 00 01 00 
BAT RX 0x330 [8] 02 0D 02 01 0D 33 0D 21 
BAT RX 0x329 [8] 02 00 1A 25 02 00 40 D1 
BAT RX 0x323 [8] 20 0E 10 00 04 00 00 00 
BAT RX 0x324 [8] 02 42 42 37 00 00 00 00 
[keepalive] twai_transmit() -> ESP_OK
[989s] OK V=53.90V I=+0.0A T=25.4C SOC=100% SOH=99% | CVL=56.8V CCL=0.0A DCL=0.0A | chg=0 dis=0 fc1=0 fc2=0 | prot=0000 warn=0000 | packs=2 | inv0x305=no
BAT RX 0x322 [8] 01 14 00 E8 03 01 64 64 
BAT RX 0x320 [8] 50 41 C3 85 85 00 00 00 
BAT RX 0x319 [8] 00 0D 33 0D 21 1D 11 01 
BAT RX 0x318 [8] 0D 22 0D 21 0D 21 0D 21 
BAT RX 0x317 [8] 0D 33 0D 32 0D 30 0D 30 
BAT RX 0x316 [8] 0D 2A 0D 29 0D 28 0D 23 
BAT RX 0x315 [8] 0D 2E 0D 2E 0D 2E 0D 2E 
BAT RX 0x314 [8] 5B 54 5B 54 00 12 05 44 
BAT RX 0x313 [8] 15 0E 00 00 00 FE 64 63 
BAT RX 0x312 [8] 00 00 00 00 02 02 00 00 
BAT RX 0x311 [8] 02 38 00 00 00 00 01 00 

---- battery-bus rate stats (VERBOSE_STATS) ----------------------------
  14111 frames, 990 s elapsed
  ID     count   period(ms)  (min-max gap)
  0x312     941    997 (7-1000)
  0x313     941    997 (3-1000)
  0x314     941    997 (4-1000)
  0x315     941    997 (4-1000)
  0x316     941    997 (3-1000)
  0x317     941    997 (3-1000)
  0x318     941    997 (4-1000)
  0x319     941    997 (4-1000)
  0x320     941    997 (4-1000)
  0x322     941    997 (4-1000)
  0x311     941    997 (4-1000)
  0x323     940    998 (767-1000)
  0x324     940    998 (768-1000)
  0x329     940    998 (757-1002)
  0x330     940    998 (746-1000)
--------------------------------------------------------------------------

  TWAI: state=RUNNING  tx_err=0 rx_err=0  tx_failed=0  rx_missed=0 rx_overrun=0  arb_lost=0  bus_err=190881
BAT RX 0x330 [8] 02 0D 02 01 0D 33 0D 21 
BAT RX 0x329 [8] 01 00 22 9C 01 00 40 35 
BAT RX 0x323 [8] 20 0E 10 00 04 00 00 00 
BAT RX 0x324 [8] 00 01 47 50 4A 30 32 31 
[keepalive] twai_transmit() -> ESP_OK
BAT RX 0x322 [8] 01 14 00 E8 03 01 64 64 
BAT RX 0x320 [8] 50 41 C3 85 85 00 00 00 
BAT RX 0x319 [8] 00 0D 33 0D 21 1D 11 01 
BAT RX 0x318 [8] 0D 23 0D 22 0D 21 0D 21 
BAT RX 0x317 [8] 0D 33 0D 32 0D 31 0D 2F 
BAT RX 0x316 [8] 0D 2A 0D 29 0D 29 0D 23 
BAT RX 0x315 [8] 0D 2E 0D 2E 0D 2E 0D 2E 
BAT RX 0x314 [8] 5B 54 5B 54 00 12 05 44 
BAT RX 0x313 [8] 15 0E 00 00 00 FE 64 63 
BAT RX 0x312 [8] 00 00 00 00 02 02 00 00 
BAT RX 0x311 [8] 02 38 00 00 00 00 01 00 
BAT RX 0x330 [8] 02 0D 02 01 0D 33 0D 21 
BAT RX 0x329 [8] 02 00 1A 25 02 00 40 D1 
BAT RX 0x323 [8] 20 0E 10 00 04 00 00 00 
BAT RX 0x324 [8] 01 39 35 32 32 30 36 32 
[keepalive] twai_transmit() -> ESP_OK
[991s] OK V=53.90V I=+0.0A T=25.4C SOC=100% SOH=99% | CVL=56.8V CCL=0.0A DCL=0.0A | chg=0 dis=0 fc1=0 fc2=0 | prot=0000 warn=0000 | packs=2 | inv0x305=no
BAT RX 0x322 [8] 01 14 00 E8 03 01 64 64 
BAT RX 0x320 [8] 50 41 C3 85 85 00 00 00 
BAT RX 0x319 [8] 00 0D 33 0D 21 1D 11 01 
BAT RX 0x318 [8] 0D 22 0D 21 0D 21 0D 21 
BAT RX 0x317 [8] 0D 33 0D 32 0D 31 0D 2F 
BAT RX 0x316 [8] 0D 2A 0D 29 0D 29 0D 23 
BAT RX 0x315 [8] 0D 2E 0D 2E 0D 2E 0D 2E 
BAT RX 0x314 [8] 5B 54 5B 54 00 12 05 44 
BAT RX 0x313 [8] 15 0E 00 00 00 FE 64 63 
BAT RX 0x312 [8] 00 00 00 00 02 02 00 00 
BAT RX 0x311 [8] 02 38 00 00 00 00 01 00 
BAT RX 0x330 [8] 02 0D 02 01 0D 33 0D 21 
BAT RX 0x329 [8] 01 00 22 9C 01 00 40 35 
BAT RX 0x323 [8] 20 0E 10 00 04 00 00 00 
BAT RX 0x324 [8] 02 43 30 37 00 00 00 00 
[keepalive] twai_transmit() -> ESP_OK
BAT RX 0x322 [8] 01 14 00 E8 03 01 64 64 
BAT RX 0x320 [8] 50 41 C3 85 85 00 00 00 
BAT RX 0x319 [8] 00 0D 33 0D 21 1D 11 01 
BAT RX 0x318 [8] 0D 22 0D 21 0D 21 0D 21 
BAT RX 0x317 [8] 0D 33 0D 32 0D 31 0D 2F 
BAT RX 0x316 [8] 0D 2A 0D 29 0D 29 0D 23 
BAT RX 0x315 [8] 0D 2E 0D 2E 0D 2E 0D 2E 
BAT RX 0x314 [8] 5B 54 5B 54 00 12 05 44 
BAT RX 0x313 [8] 15 0E 00 00 00 FE 64 63 
BAT RX 0x312 [8] 00 00 00 00 02 02 00 00 
BAT RX 0x311 [8] 02 38 00 00 00 00 01 00 
BAT RX 0x330 [8] 02 0D 02 01 0D 34 0D 21 
BAT RX 0x329 [8] 02 00 1A 25 02 00 40 D1 
BAT RX 0x323 [8] 20 0E 10 00 04 00 00 00 
BAT RX 0x324 [8] 00 02 47 50 4A 30 32 31 
[keepalive] twai_transmit() -> ESP_OK
[993s] OK V=53.90V I=+0.0A T=25.4C SOC=100% SOH=99% | CVL=56.8V CCL=0.0A DCL=0.0A | chg=0 dis=0 fc1=0 fc2=0 | prot=0000 warn=0000 | packs=2 | inv0x305=no
BAT RX 0x322 [8] 01 14 00 E8 03 01 64 64 
BAT RX 0x320 [8] 50 41 C3 85 85 00 00 00 
BAT RX 0x319 [8] 00 0D 34 0D 21 1D 11 01 
BAT RX 0x318 [8] 0D 22 0D 21 0D 21 0D 21 
BAT RX 0x317 [8] 0D 34 0D 32 0D 31 0D 30 
BAT RX 0x316 [8] 0D 2A 0D 29 0D 29 0D 23 
BAT RX 0x315 [8] 0D 2E 0D 2E 0D 2E 0D 2E 
BAT RX 0x314 [8] 5B 54 5B 54 00 13 05 44 
BAT RX 0x313 [8] 15 0E 00 00 00 FE 64 63 
BAT RX 0x312 [8] 00 00 00 00 02 02 00 00 
BAT RX 0x311 [8] 02 38 00 00 00 00 01 00 
BAT RX 0x330 [8] 02 0D 02 01 0D 33 0D 21 
BAT RX 0x329 [8] 01 00 22 9C 01 00 40 35 
BAT RX 0x323 [8] 20 0E 10 00 04 00 00 00 
BAT RX 0x324 [8] 01 39 35 32 32 30 36 32 
[keepalive] twai_transmit() -> ESP_OK
BAT RX 0x322 [8] 01 14 00 E8 03 01 64 64 
BAT RX 0x320 [8] 50 41 C3 85 85 00 00 00 
BAT RX 0x319 [8] 00 0D 33 0D 21 1D 11 01 
BAT RX 0x318 [8] 0D 22 0D 21 0D 21 0D 21 
BAT RX 0x317 [8] 0D 33 0D 32 0D 31 0D 30 
BAT RX 0x316 [8] 0D 29 0D 29 0D 29 0D 23 
BAT RX 0x315 [8] 0D 2E 0D 2E 0D 2E 0D 2D 
BAT RX 0x314 [8] 5B 54 5B 54 00 12 05 44 
BAT RX 0x313 [8] 15 0E 00 00 00 FE 64 63 
BAT RX 0x312 [8] 00 00 00 00 02 02 00 00 
BAT RX 0x311 [8] 02 38 00 00 00 00 01 00 
BAT RX 0x330 [8] 02 0D 02 01 0D 34 0D 21 
BAT RX 0x329 [8] 02 00 1A 25 02 00 40 D1 
BAT RX 0x323 [8] 20 0E 10 00 04 00 00 00 
BAT RX 0x324 [8] 02 42 42 37 00 00 00 00 
[keepalive] twai_transmit() -> ESP_OK
[995s] OK V=53.90V I=+0.0A T=25.4C SOC=100% SOH=99% | CVL=56.8V CCL=0.0A DCL=0.0A | chg=0 dis=0 fc1=0 fc2=0 | prot=0000 warn=0000 | packs=2 | inv0x305=no
BAT RX 0x322 [8] 01 14 00 E8 03 01 64 64 
BAT RX 0x320 [8] 50 41 C3 85 85 00 00 00 
BAT RX 0x319 [8] 00 0D 34 0D 21 1D 11 01 
BAT RX 0x318 [8] 0D 22 0D 21 0D 21 0D 21 
BAT RX 0x317 [8] 0D 34 0D 31 0D 30 0D 2F 
BAT RX 0x316 [8] 0D 2A 0D 29 0D 29 0D 23 
BAT RX 0x315 [8] 0D 2E 0D 2E 0D 2E 0D 2D 
BAT RX 0x314 [8] 5B 54 5B 54 00 13 05 44 
BAT RX 0x313 [8] 15 0E 00 00 00 FE 64 63 
BAT RX 0x312 [8] 00 00 00 00 02 02 00 00 
BAT RX 0x311 [8] 02 38 00 00 00 00 01 00 
BAT RX 0x330 [8] 02 0D 02 01 0D 34 0D 21 
BAT RX 0x329 [8] 01 00 22 9C 01 00 40 35 
BAT RX 0x323 [8] 20 0E 10 00 04 00 00 00 
BAT RX 0x324 [8] 00 01 47 50 4A 30 32 31 
[keepalive] twai_transmit() -> ESP_OK
BAT RX 0x322 [8] 01 14 00 E8 03 01 64 64 
BAT RX 0x320 [8] 50 41 C3 85 85 00 00 00 
BAT RX 0x319 [8] 00 0D 34 0D 21 1D 11 01 
BAT RX 0x318 [8] 0D 22 0D 21 0D 21 0D 21 
BAT RX 0x317 [8] 0D 34 0D 32 0D 31 0D 30 
BAT RX 0x316 [8] 0D 2A 0D 29 0D 29 0D 23 
BAT RX 0x315 [8] 0D 2E 0D 2E 0D 2E 0D 2E 
BAT RX 0x314 [8] 5B 54 5B 54 00 13 05 44 
BAT RX 0x313 [8] 15 0E 00 00 00 FE 64 63 
BAT RX 0x312 [8] 00 00 00 00 02 02 00 00 
BAT RX 0x311 [8] 02 38 00 00 00 00 01 00 
BAT RX 0x330 [8] 02 0D 02 01 0D 33 0D 21 
BAT RX 0x329 [8] 02 00 1A 25 02 00 40 D1 
BAT RX 0x323 [8] 20 0E 10 00 04 00 00 00 
BAT RX 0x324 [8] 01 39 35 32 32 30 36 32 
[keepalive] twai_transmit() -> ESP_OK
[997s] OK V=53.90V I=+0.0A T=25.4C SOC=100% SOH=99% | CVL=56.8V CCL=0.0A DCL=0.0A | chg=0 dis=0 fc1=0 fc2=0 | prot=0000 warn=0000 | packs=2 | inv0x305=no
BAT RX 0x322 [8] 01 14 00 E8 03 01 64 64 
BAT RX 0x320 [8] 50 41 C3 85 85 00 00 00 
BAT RX 0x319 [8] 00 0D 33 0D 21 1D 11 01 
BAT RX 0x318 [8] 0D 22 0D 21 0D 21 0D 21 
BAT RX 0x317 [8] 0D 33 0D 32 0D 30 0D 30 
BAT RX 0x316 [8] 0D 2A 0D 29 0D 29 0D 23 
BAT RX 0x315 [8] 0D 2E 0D 2E 0D 2E 0D 2E 
BAT RX 0x314 [8] 5B 54 5B 54 00 12 05 44 
BAT RX 0x313 [8] 15 0E 00 00 00 FE 64 63 
BAT RX 0x312 [8] 00 00 00 00 02 02 00 00 
BAT RX 0x311 [8] 02 38 00 00 00 00 01 00 
BAT RX 0x330 [8] 02 0D 02 01 0D 34 0D 21 
BAT RX 0x329 [8] 01 00 22 9C 01 00 40 35 
BAT RX 0x323 [8] 20 0E 10 00 04 00 00 00 
BAT RX 0x324 [8] 02 43 30 37 00 00 00 00 
[keepalive] twai_transmit() -> ESP_OK
BAT RX 0x322 [8] 01 14 00 E8 03 01 64 64 
BAT RX 0x320 [8] 50 41 C3 85 85 00 00 00 
BAT RX 0x319 [8] 00 0D 34 0D 21 1D 11 01 
BAT RX 0x318 [8] 0D 22 0D 21 0D 21 0D 21 
BAT RX 0x317 [8] 0D 34 0D 32 0D 30 0D 30 
BAT RX 0x316 [8] 0D 2A 0D 29 0D 28 0D 24 
BAT RX 0x315 [8] 0D 2E 0D 2E 0D 2E 0D 2E 
BAT RX 0x314 [8] 5B 54 5B 54 00 13 05 44 
BAT RX 0x313 [8] 15 0E 00 00 00 FE 64 63 
BAT RX 0x312 [8] 00 00 00 00 02 02 00 00 
BAT RX 0x311 [8] 02 38 00 00 00 00 01 00 
BAT RX 0x330 [8] 02 0D 02 01 0D 33 0D 21 
BAT RX 0x329 [8] 02 00 1A 25 02 00 40 D1 
BAT RX 0x323 [8] 20 0E 10 00 04 00 00 00 
BAT RX 0x324 [8] 00 02 47 50 4A 30 32 31 
BAT RX 0x322 [8] 01 14 00 E8 03 01 64 64 
[keepalive] twai_transmit() -> ESP_OK
[999s] OK V=53.90V I=+0.0A T=25.4C SOC=100% SOH=99% | CVL=56.8V CCL=0.0A DCL=0.0A | chg=0 dis=0 fc1=0 fc2=0 | prot=0000 warn=0000 | packs=2 | inv0x305=no
BAT RX 0x320 [8] 50 41 C3 85 85 00 00 00 
BAT RX 0x319 [8] 00 0D 33 0D 21 1D 11 01 
BAT RX 0x318 [8] 0D 22 0D 21 0D 21 0D 21 
BAT RX 0x317 [8] 0D 33 0D 31 0D 30 0D 30 
BAT RX 0x316 [8] 0D 2A 0D 29 0D 29 0D 23 
BAT RX 0x315 [8] 0D 2E 0D 2E 0D 2E 0D 2E 
BAT RX 0x314 [8] 5B 54 5B 54 00 12 05 44 
BAT RX 0x313 [8] 15 0E 00 00 00 FE 64 63 
BAT RX 0x312 [8] 00 00 00 00 02 02 00 00 
BAT RX 0x311 [8] 02 38 00 00 00 00 01 00 
BAT RX 0x330 [8] 02 0D 02 0F 0D 33 0D 20 
BAT RX 0x329 [8] 01 00 22 9C 01 00 40 35 
BAT RX 0x323 [8] 20 0E 10 00 04 00 00 00 
BAT RX 0x324 [8] 01 39 35 32 32 30 36 32 
BAT RX 0x322 [8] 01 14 00 E8 03 01 64 64 
[keepalive] twai_transmit() -> ESP_OK
BAT RX 0x320 [8] 50 41 C3 85 85 00 00 00 
BAT RX 0x319 [8] 00 0D 33 0D 20 1D 1F 01 
BAT RX 0x318 [8] 0D 22 0D 21 0D 21 0D 20 
BAT RX 0x317 [8] 0D 33 0D 31 0D 30 0D 30 
BAT RX 0x316 [8] 0D 2A 0D 29 0D 28 0D 23 
BAT RX 0x315 [8] 0D 2E 0D 2E 0D 2E 0D 2E 
BAT RX 0x314 [8] 5B 54 5B 54 00 13 05 44 
BAT RX 0x313 [8] 15 0E 00 00 00 FE 64 63 
BAT RX 0x312 [8] 00 00 00 00 02 02 00 00 
BAT RX 0x311 [8] 02 38 00 00 00 00 01 00 
BAT RX 0x330 [8] 02 0D 02 01 0D 33 0D 21 
BAT RX 0x329 [8] 02 00 1A 25 02 00 40 D1 
BAT RX 0x323 [8] 20 0E 10 00 04 00 00 00 
BAT RX 0x324 [8] 02 42 42 37 00 00 00 00 
BAT RX 0x322 [8] 01 14 00 E8 03 01 64 64 
[keepalive] twai_transmit() -> ESP_OK
[1001s] OK V=53.90V I=+0.0A T=25.4C SOC=100% SOH=99% | CVL=56.8V CCL=0.0A DCL=0.0A | chg=0 dis=0 fc1=0 fc2=0 | prot=0000 warn=0000 | packs=2 | inv0x305=no
BAT RX 0x320 [8] 50 41 C3 85 85 00 00 00 
BAT RX 0x319 [8] 00 0D 33 0D 21 1D 11 01 
BAT RX 0x318 [8] 0D 22 0D 21 0D 21 0D 21 
BAT RX 0x317 [8] 0D 33 0D 32 0D 30 0D 2F 
BAT RX 0x316 [8] 0D 2A 0D 29 0D 28 0D 24 
BAT RX 0x315 [8] 0D 2E 0D 2E 0D 2E 0D 2E 
BAT RX 0x314 [8] 5B 54 5B 54 00 12 05 44 
BAT RX 0x313 [8] 15 0E 00 00 00 FE 64 63 
BAT RX 0x312 [8] 00 00 00 00 02 02 00 00 
BAT RX 0x311 [8] 02 38 00 00 00 00 01 00 
BAT RX 0x330 [8] 02 0D 02 01 0D 33 0D 21 
BAT RX 0x329 [8] 01 00 22 9C 01 00 40 35 
BAT RX 0x323 [8] 20 0E 10 00 04 00 00 00 
BAT RX 0x324 [8] 00 01 47 50 4A 30 32 31 
BAT RX 0x322 [8] 01 14 00 E8 03 01 64 64 
[keepalive] twai_transmit() -> ESP_OK
BAT RX 0x320 [8] 50 41 C3 85 85 00 00 00 
BAT RX 0x319 [8] 00 0D 33 0D 21 1D 11 01 
BAT RX 0x318 [8] 0D 22 0D 21 0D 21 0D 21 
BAT RX 0x317 [8] 0D 33 0D 31 0D 30 0D 2F 
BAT RX 0x316 [8] 0D 2A 0D 29 0D 28 0D 23 
BAT RX 0x315 [8] 0D 2E 0D 2E 0D 2E 0D 2E 
BAT RX 0x314 [8] 5B 54 5B 54 00 12 05 44 
BAT RX 0x313 [8] 15 0E 00 00 00 FE 64 63 
BAT RX 0x312 [8] 00 00 00 00 02 02 00 00 
BAT RX 0x311 [8] 02 38 00 00 00 00 01 00 
BAT RX 0x330 [8] 02 0D 02 01 0D 33 0D 21 
BAT RX 0x329 [8] 02 00 1A 25 02 00 40 D1 
BAT RX 0x323 [8] 20 0E 10 00 04 00 00 00 
BAT RX 0x324 [8] 01 39 35 32 32 30 36 32 
BAT RX 0x322 [8] 01 14 00 E8 03 01 64 64 
[keepalive] twai_transmit() -> ESP_OK
[1003s] OK V=53.90V I=+0.0A T=25.4C SOC=100% SOH=99% | CVL=56.8V CCL=0.0A DCL=0.0A | chg=0 dis=0 fc1=0 fc2=0 | prot=0000 warn=0000 | packs=2 | inv0x305=no
BAT RX 0x320 [8] 50 41 C3 85 85 00 00 00 
BAT RX 0x319 [8] 00 0D 33 0D 21 1D 11 01 
BAT RX 0x318 [8] 0D 22 0D 21 0D 21 0D 21 
BAT RX 0x317 [8] 0D 33 0D 31 0D 30 0D 2F 
BAT RX 0x316 [8] 0D 2A 0D 29 0D 28 0D 24 
BAT RX 0x315 [8] 0D 2E 0D 2E 0D 2E 0D 2E 
BAT RX 0x314 [8] 5B 54 5B 54 00 12 05 44 
BAT RX 0x313 [8] 15 0E 00 00 00 FE 64 63 
BAT RX 0x312 [8] 00 00 00 00 02 02 00 00 
BAT RX 0x311 [8] 02 38 00 00 00 00 01 00 
[keepalive] twai_transmit() -> ESP_OK

---- battery-bus rate stats (VERBOSE_STATS) ----------------------------
  14321 frames, 1005 s elapsed
  ID     count   period(ms)  (min-max gap)
  0x312     955    997 (7-1000)
  0x313     955    997 (3-1000)
  0x314     955    997 (4-1000)
  0x315     955    997 (4-1000)
  0x316     955    997 (3-1000)
  0x317     955    997 (3-1000)
  0x318     955    997 (4-1000)
  0x319     955    997 (4-1000)
  0x320     955    997 (4-1000)
  0x322     955    997 (4-1000)
  0x311     955    998 (4-1000)
  0x323     954    998 (767-1000)
  0x324     954    998 (768-1000)
  0x329     954    998 (757-1002)
  0x330     954    998 (746-1000)
--------------------------------------------------------------------------

  TWAI: state=RUNNING  tx_err=128 rx_err=0  tx_failed=0  rx_missed=0 rx_overrun=0  arb_lost=0  bus_err=192818
[keepalive] twai_transmit() -> ESP_OK
[1005s] OK V=53.90V I=+0.0A T=25.4C SOC=100% SOH=99% | CVL=56.8V CCL=0.0A DCL=0.0A | chg=0 dis=0 fc1=0 fc2=0 | prot=0000 warn=0000 | packs=2 | inv0x305=no
[keepalive] twai_transmit() -> ESP_OK
BAT RX 0x317 [8] 0D 33 0D 31 0D 30 0D 30 
BAT RX 0x318 [8] 0D 22 0D 21 0D 21 0D 21 
BAT RX 0x319 [8] 00 0D 33 0D 21 1D 11 01 
BAT RX 0x320 [8] 50 41 C3 85 85 00 00 00 
BAT RX 0x322 [8] 01 14 00 E8 03 01 64 64 
BAT RX 0x311 [8] 02 38 00 00 00 00 01 00 
BAT RX 0x323 [8] 20 0E 10 00 04 00 00 00 
BAT RX 0x324 [8] 01 39 35 32 32 30 36 32 
BAT RX 0x329 [8] 01 00 22 9C 01 00 40 35 
BAT RX 0x330 [8] 02 0D 02 01 0D 33 0D 21 
BAT RX 0x312 [8] 00 00 00 00 02 02 00 00 
BAT RX 0x313 [8] 15 0E 00 00 00 FE 64 63 
BAT RX 0x314 [8] 5B 54 5B 54 00 12 05 44 
BAT RX 0x315 [8] 0D 2E 0D 2E 0D 2E 0D 2E 
BAT RX 0x316 [8] 0D 2A 0D 29 0D 29 0D 24 
BAT RX 0x317 [8] 0D 33 0D 32 0D 30 0D 2F 
BAT RX 0x318 [8] 0D 22 0D 21 0D 21 0D 21 
BAT RX 0x319 [8] 00 0D 33 0D 21 1D 11 01 
BAT RX 0x320 [8] 50 41 C3 85 85 00 00 00 
BAT RX 0x322 [8] 01 14 00 E8 03 01 64 64 
BAT RX 0x311 [8] 02 38 00 00 00 00 01 00 
BAT RX 0x330 [8] 02 0D 02 01 0D 33 0D 21 
BAT RX 0x329 [8] 02 00 1A 25 02 00 40 D1 
BAT RX 0x323 [8] 20 0E 10 00 04 00 00 00 
BAT RX 0x324 [8] 02 42 42 37 00 00 00 00 
BAT RX 0x322 [8] 01 14 00 E8 03 01 64 64 
BAT RX 0x320 [8] 50 41 C3 85 85 00 00 00 
[keepalive] twai_transmit() -> ESP_OK
[1007s] OK V=53.90V I=+0.0A T=25.4C SOC=100% SOH=99% | CVL=56.8V CCL=0.0A DCL=0.0A | chg=0 dis=0 fc1=0 fc2=0 | prot=0000 warn=0000 | packs=2 | inv0x305=no
BAT RX 0x319 [8] 00 0D 33 0D 21 1D 11 01 
BAT RX 0x318 [8] 0D 22 0D 21 0D 21 0D 21 
BAT RX 0x317 [8] 0D 33 0D 31 0D 30 0D 2F 
BAT RX 0x316 [8] 0D 2A 0D 29 0D 29 0D 23 
BAT RX 0x315 [8] 0D 2E 0D 2E 0D 2D 0D 2D 
BAT RX 0x314 [8] 5B 54 5B 54 00 12 05 44 
BAT RX 0x313 [8] 15 0E 00 00 00 FE 64 63 
BAT RX 0x312 [8] 00 00 00 00 02 02 00 00 
BAT RX 0x311 [8] 02 38 00 00 00 00 01 00 
BAT RX 0x330 [8] 02 0D 02 01 0D 33 0D 21 
BAT RX 0x329 [8] 01 00 22 9C 01 00 40 35 
BAT RX 0x323 [8] 20 0E 10 00 04 00 00 00 
BAT RX 0x324 [8] 00 01 47 50 4A 30 32 31 
BAT RX 0x322 [8] 01 14 00 E8 03 01 64 64 
BAT RX 0x320 [8] 50 41 C3 85 85 00 00 00 
[keepalive] twai_transmit() -> ESP_OK
BAT RX 0x319 [8] 00 0D 33 0D 21 1D 11 01 
BAT RX 0x318 [8] 0D 22 0D 21 0D 21 0D 21 
BAT RX 0x317 [8] 0D 33 0D 32 0D 30 0D 2F 
BAT RX 0x316 [8] 0D 29 0D 29 0D 29 0D 23 
BAT RX 0x315 [8] 0D 2E 0D 2E 0D 2E 0D 2E 
BAT RX 0x314 [8] 5B 54 5B 54 00 12 05 44 
BAT RX 0x313 [8] 15 0E 00 00 00 FE 64 63 
BAT RX 0x312 [8] 00 00 00 00 02 02 00 00 
BAT RX 0x311 [8] 02 38 00 00 00 00 01 00 
BAT RX 0x330 [8] 02 0D 02 0F 0D 34 0D 20 
BAT RX 0x329 [8] 02 00 1A 25 02 00 40 D1 
BAT RX 0x323 [8] 20 0E 10 00 04 00 00 00 
BAT RX 0x324 [8] 01 39 35 32 32 30 36 32 
BAT RX 0x322 [8] 01 14 00 E8 03 01 64 64 
BAT RX 0x320 [8] 50 41 C3 85 85 00 00 00 
[keepalive] twai_transmit() -> ESP_OK
[1009s] OK V=53.90V I=+0.0A T=25.4C SOC=100% SOH=99% | CVL=56.8V CCL=0.0A DCL=0.0A | chg=0 dis=0 fc1=0 fc2=0 | prot=0000 warn=0000 | packs=2 | inv0x305=no
BAT RX 0x319 [8] 00 0D 34 0D 20 1D 1F 01 
BAT RX 0x318 [8] 0D 23 0D 21 0D 21 0D 20 
BAT RX 0x317 [8] 0D 34 0D 31 0D 30 0D 2F 
BAT RX 0x316 [8] 0D 2A 0D 29 0D 28 0D 23 
BAT RX 0x315 [8] 0D 2E 0D 2E 0D 2E 0D 2D 
BAT RX 0x314 [8] 5B 54 5B 54 00 14 05 44 
BAT RX 0x313 [8] 15 0E 00 00 00 FE 64 63 
BAT RX 0x312 [8] 00 00 00 00 02 02 00 00 
BAT RX 0x311 [8] 02 38 00 00 00 00 01 00 
BAT RX 0x330 [8] 02 0D 02 01 0D 33 0D 21 
BAT RX 0x329 [8] 01 00 22 9C 01 00 40 35 
BAT RX 0x323 [8] 20 0E 10 00 04 00 00 00 
BAT RX 0x324 [8] 02 43 30 37 00 00 00 00 
BAT RX 0x322 [8] 01 14 00 E8 03 01 64 64 
BAT RX 0x320 [8] 50 41 C3 85 85 00 00 00 
[keepalive] twai_transmit() -> ESP_OK
BAT RX 0x319 [8] 00 0D 33 0D 21 1D 11 01 
BAT RX 0x318 [8] 0D 22 0D 21 0D 21 0D 21 
BAT RX 0x317 [8] 0D 33 0D 31 0D 31 0D 2F 
BAT RX 0x316 [8] 0D 29 0D 29 0D 28 0D 23 
BAT RX 0x315 [8] 0D 2E 0D 2E 0D 2E 0D 2E 
BAT RX 0x314 [8] 5B 54 5B 54 00 12 05 44 
BAT RX 0x313 [8] 15 0E 00 00 00 FE 64 63 
BAT RX 0x312 [8] 00 00 00 00 02 02 00 00 
BAT RX 0x311 [8] 02 38 00 00 00 00 01 00 
BAT RX 0x330 [8] 02 0D 02 01 0D 33 0D 21 
BAT RX 0x329 [8] 02 00 1A 25 02 00 40 D1 
BAT RX 0x323 [8] 20 0E 10 00 04 00 00 00 
BAT RX 0x324 [8] 00 02 47 50 4A 30 32 31 
BAT RX 0x322 [8] 01 14 00 E8 03 01 64 64 
BAT RX 0x320 [8] 50 41 C3 85 85 00 00 00 
[keepalive] twai_transmit() -> ESP_OK
[1011s] OK V=53.90V I=+0.0A T=25.4C SOC=100% SOH=99% | CVL=56.8V CCL=0.0A DCL=0.0A | chg=0 dis=0 fc1=0 fc2=0 | prot=0000 warn=0000 | packs=2 | inv0x305=no
BAT RX 0x319 [8] 00 0D 33 0D 21 1D 11 01 
BAT RX 0x318 [8] 0D 22 0D 21 0D 21 0D 21 
BAT RX 0x317 [8] 0D 33 0D 32 0D 30 0D 2F 
BAT RX 0x316 [8] 0D 2A 0D 29 0D 28 0D 23 
BAT RX 0x315 [8] 0D 2E 0D 2E 0D 2E 0D 2E 
BAT RX 0x314 [8] 5B 54 5B 54 00 12 05 44 
BAT RX 0x313 [8] 15 0E 00 00 00 FE 64 63 
BAT RX 0x312 [8] 00 00 00 00 02 02 00 00 
BAT RX 0x311 [8] 02 38 00 00 00 00 01 00 
BAT RX 0x330 [8] 02 0D 02 01 0D 33 0D 21 
BAT RX 0x329 [8] 01 00 22 9C 01 00 40 35 
BAT RX 0x323 [8] 20 0E 10 00 04 00 00 00 
BAT RX 0x324 [8] 01 39 35 32 32 30 36 32 
BAT RX 0x322 [8] 01 14 00 E8 03 01 64 64 
BAT RX 0x320 [8] 50 41 C3 85 85 00 00 00 
[keepalive] twai_transmit() -> ESP_OK
BAT RX 0x319 [8] 00 0D 33 0D 21 1D 11 01 
BAT RX 0x318 [8] 0D 22 0D 21 0D 21 0D 21 
BAT RX 0x317 [8] 0D 33 0D 32 0D 31 0D 2F 
BAT RX 0x316 [8] 0D 2A 0D 2A 0D 28 0D 23 
BAT RX 0x315 [8] 0D 2E 0D 2E 0D 2E 0D 2D 
BAT RX 0x314 [8] 5B 54 5B 54 00 12 05 44 
BAT RX 0x313 [8] 15 0E 00 00 00 FE 64 63 
BAT RX 0x312 [8] 00 00 00 00 02 02 00 00 
BAT RX 0x311 [8] 02 38 00 00 00 00 01 00 
BAT RX 0x330 [8] 02 0D 02 01 0D 33 0D 21 
BAT RX 0x329 [8] 02 00 1A 25 02 00 40 D1 
BAT RX 0x323 [8] 20 0E 10 00 04 00 00 00 
BAT RX 0x324 [8] 02 42 42 37 00 00 00 00 
BAT RX 0x322 [8] 01 14 00 E8 03 01 64 64 
BAT RX 0x320 [8] 50 41 C3 85 85 00 00 00 
[keepalive] twai_transmit() -> ESP_OK
[1013s] OK V=53.90V I=+0.0A T=25.4C SOC=100% SOH=99% | CVL=56.8V CCL=0.0A DCL=0.0A | chg=0 dis=0 fc1=0 fc2=0 | prot=0000 warn=0000 | packs=2 | inv0x305=no
BAT RX 0x319 [8] 00 0D 33 0D 21 1D 11 01 
BAT RX 0x318 [8] 0D 22 0D 21 0D 21 0D 21 
BAT RX 0x317 [8] 0D 33 0D 32 0D 30 0D 2F 
BAT RX 0x316 [8] 0D 2A 0D 29 0D 28 0D 23 
BAT RX 0x315 [8] 0D 2E 0D 2E 0D 2E 0D 2E 
BAT RX 0x314 [8] 5B 54 5B 54 00 12 05 44 
BAT RX 0x313 [8] 15 0E 00 00 00 FE 64 63 
BAT RX 0x312 [8] 00 00 00 00 02 02 00 00 
BAT RX 0x311 [8] 02 38 00 00 00 00 01 00 
BAT RX 0x330 [8] 02 0D 02 01 0D 33 0D 21 
BAT RX 0x329 [8] 01 00 22 9C 01 00 40 35 
BAT RX 0x323 [8] 20 0E 10 00 04 00 00 00 
BAT RX 0x324 [8] 00 01 47 50 4A 30 32 31 
BAT RX 0x322 [8] 01 14 00 E8 03 01 64 64 
BAT RX 0x320 [8] 50 41 C3 85 85 00 00 00 
[keepalive] twai_transmit() -> ESP_OK
BAT RX 0x319 [8] 00 0D 33 0D 21 1D 11 01 
BAT RX 0x318 [8] 0D 22 0D 21 0D 21 0D 21 
BAT RX 0x317 [8] 0D 33 0D 32 0D 31 0D 2F 
BAT RX 0x316 [8] 0D 2A 0D 29 0D 29 0D 23 
BAT RX 0x315 [8] 0D 2E 0D 2E 0D 2E 0D 2D 
BAT RX 0x314 [8] 5B 54 5B 54 00 12 05 44 
BAT RX 0x313 [8] 15 0E 00 00 00 FE 64 63 
BAT RX 0x312 [8] 00 00 00 00 02 02 00 00 
BAT RX 0x311 [8] 02 38 00 00 00 00 01 00 
BAT RX 0x330 [8] 02 0D 02 0F 0D 33 0D 20 
BAT RX 0x329 [8] 02 00 1A 25 02 00 40 D1 
BAT RX 0x323 [8] 20 0E 10 00 04 00 00 00 
BAT RX 0x324 [8] 01 39 35 32 32 30 36 32 
BAT RX 0x322 [8] 01 14 00 E8 03 01 64 64 
BAT RX 0x320 [8] 50 41 C3 85 85 00 00 00 
[keepalive] twai_transmit() -> ESP_OK
[1015s] OK V=53.90V I=+0.0A T=25.4C SOC=100% SOH=99% | CVL=56.8V CCL=0.0A DCL=0.0A | chg=0 dis=0 fc1=0 fc2=0 | prot=0000 warn=0000 | packs=2 | inv0x305=no
BAT RX 0x319 [8] 00 0D 33 0D 20 1D 1F 01 
BAT RX 0x318 [8] 0D 22 0D 21 0D 21 0D 20 
BAT RX 0x317 [8] 0D 33 0D 31 0D 30 0D 2F 
BAT RX 0x316 [8] 0D 2A 0D 29 0D 28 0D 23 
BAT RX 0x315 [8] 0D 2E 0D 2E 0D 2D 0D 2D 
BAT RX 0x314 [8] 5B 54 5B 54 00 13 05 44 
BAT RX 0x313 [8] 15 0E 00 00 00 FE 64 63 
BAT RX 0x312 [8] 00 00 00 00 02 02 00 00 
BAT RX 0x311 [8] 02 38 00 00 00 00 01 00 
BAT RX 0x330 [8] 02 0D 02 01 0D 34 0D 21 
BAT RX 0x329 [8] 01 00 22 9C 01 00 40 35 
BAT RX 0x323 [8] 20 0E 10 00 04 00 00 00 
BAT RX 0x324 [8] 02 43 30 37 00 00 00 00 
BAT RX 0x322 [8] 01 14 00 E8 03 01 64 64 
BAT RX 0x320 [8] 50 41 C3 85 85 00 00 00 
[keepalive] twai_transmit() -> ESP_OK
BAT RX 0x319 [8] 00 0D 34 0D 21 1D 11 01 
BAT RX 0x318 [8] 0D 22 0D 21 0D 21 0D 21 
BAT RX 0x317 [8] 0D 34 0D 32 0D 30 0D 2F 
BAT RX 0x316 [8] 0D 29 0D 29 0D 28 0D 23 
BAT RX 0x315 [8] 0D 2E 0D 2E 0D 2E 0D 2E 
BAT RX 0x314 [8] 5B 54 5B 54 00 13 05 44 
BAT RX 0x313 [8] 15 0E 00 00 00 FE 64 63 
BAT RX 0x312 [8] 00 00 00 00 02 02 00 00 
BAT RX 0x311 [8] 02 38 00 00 00 00 01 00 
BAT RX 0x330 [8] 02 0D 02 0F 0D 33 0D 20 
BAT RX 0x329 [8] 02 00 1A 25 02 00 40 D1 
BAT RX 0x323 [8] 20 0E 10 00 04 00 00 00 
BAT RX 0x324 [8] 00 02 47 50 4A 30 32 31 
BAT RX 0x322 [8] 01 14 00 E8 03 01 64 64 
BAT RX 0x320 [8] 50 41 C3 85 85 00 00 00 
[keepalive] twai_transmit() -> ESP_OK
[1017s] OK V=53.90V I=+0.0A T=25.4C SOC=100% SOH=99% | CVL=56.8V CCL=0.0A DCL=0.0A | chg=0 dis=0 fc1=0 fc2=0 | prot=0000 warn=0000 | packs=2 | inv0x305=no
BAT RX 0x319 [8] 00 0D 33 0D 20 1D 1F 01 
BAT RX 0x318 [8] 0D 22 0D 21 0D 21 0D 20 
BAT RX 0x317 [8] 0D 33 0D 31 0D 30 0D 2F 
BAT RX 0x316 [8] 0D 2A 0D 29 0D 29 0D 23 
BAT RX 0x315 [8] 0D 2E 0D 2E 0D 2E 0D 2D 
BAT RX 0x314 [8] 5B 54 5B 54 00 13 05 44 
BAT RX 0x313 [8] 15 0E 00 00 00 FE 64 63 
BAT RX 0x312 [8] 00 00 00 00 02 02 00 00 
BAT RX 0x311 [8] 02 38 00 00 00 00 01 00 
BAT RX 0x330 [8] 02 0D 02 01 0D 33 0D 21 
BAT RX 0x329 [8] 01 00 22 9C 01 00 40 35 
BAT RX 0x323 [8] 20 0E 10 00 04 00 00 00 
BAT RX 0x324 [8] 01 39 35 32 32 30 36 32 
BAT RX 0x322 [8] 01 14 00 E8 03 01 64 64 
BAT RX 0x320 [8] 50 41 C3 85 85 00 00 00 
BAT RX 0x319 [8] 00 0D 33 0D 21 1D 11 01 
[keepalive] twai_transmit() -> ESP_OK
BAT RX 0x318 [8] 0D 22 0D 21 0D 21 0D 21 
BAT RX 0x317 [8] 0D 33 0D 31 0D 30 0D 2F 
BAT RX 0x316 [8] 0D 2A 0D 29 0D 28 0D 23 
BAT RX 0x315 [8] 0D 2E 0D 2E 0D 2D 0D 2D 
BAT RX 0x314 [8] 5B 54 5B 54 00 12 05 44 
BAT RX 0x313 [8] 15 0E 00 00 00 FE 64 63 
BAT RX 0x312 [8] 00 00 00 00 02 02 00 00 
BAT RX 0x311 [8] 02 38 00 00 00 00 01 00 
BAT RX 0x330 [8] 02 0D 02 01 0D 33 0D 21 
BAT RX 0x329 [8] 02 00 1A 25 02 00 40 D1 
BAT RX 0x323 [8] 20 0E 10 00 04 00 00 00 
BAT RX 0x324 [8] 02 42 42 37 00 00 00 00 
BAT RX 0x322 [8] 01 14 00 E8 03 01 64 64 
BAT RX 0x320 [8] 50 41 C3 85 85 00 00 00 
BAT RX 0x319 [8] 00 0D 33 0D 21 1D 11 01 
[keepalive] twai_transmit() -> ESP_OK
[1019s] OK V=53.90V I=+0.0A T=25.4C SOC=100% SOH=99% | CVL=56.8V CCL=0.0A DCL=0.0A | chg=0 dis=0 fc1=0 fc2=0 | prot=0000 warn=0000 | packs=2 | inv0x305=no
BAT RX 0x318 [8] 0D 22 0D 21 0D 21 0D 21 
BAT RX 0x317 [8] 0D 33 0D 31 0D 30 0D 2F 
BAT RX 0x316 [8] 0D 29 0D 29 0D 28 0D 23 
BAT RX 0x315 [8] 0D 2E 0D 2E 0D 2E 0D 2D 
BAT RX 0x314 [8] 5B 54 5B 54 00 12 05 44 
BAT RX 0x313 [8] 15 0E 00 00 00 FE 64 63 
BAT RX 0x312 [8] 00 00 00 00 02 02 00 00 
BAT RX 0x311 [8] 02 38 00 00 00 00 01 00 

---- battery-bus rate stats (VERBOSE_STATS) ----------------------------
  14537 frames, 1020 s elapsed
  ID     count   period(ms)  (min-max gap)
  0x312     969   1000 (7-3139)
  0x313     969   1000 (3-3149)
  0x314     969   1000 (4-3160)
  0x315     969   1000 (4-3170)
  0x316     969   1000 (3-3180)
  0x317     970    998 (3-3186)
  0x318     970    998 (4-3196)
  0x319     970    998 (4-3208)
  0x320     970    998 (4-3217)
  0x322     970    998 (3-3225)
  0x311     970    999 (3-3125)
  0x323     968   1001 (758-3238)
  0x324     968   1001 (759-3238)
  0x329     968   1000 (749-3248)
  0x330     968   1000 (737-3260)
--------------------------------------------------------------------------

  TWAI: state=RUNNING  tx_err=112 rx_err=0  tx_failed=0  rx_missed=0 rx_overrun=0  arb_lost=0  bus_err=199546
BAT RX 0x330 [8] 02 0D 02 0F 0D 33 0D 20 
BAT RX 0x329 [8] 01 00 22 9C 01 00 40 35 
BAT RX 0x323 [8] 20 0E 10 00 04 00 00 00 
BAT RX 0x324 [8] 00 01 47 50 4A 30 32 31 
BAT RX 0x322 [8] 01 14 00 E8 03 01 64 64 
BAT RX 0x320 [8] 50 41 C3 85 85 00 00 00 
BAT RX 0x319 [8] 00 0D 33 0D 20 1D 1F 01 
[keepalive] twai_transmit() -> ESP_OK
BAT RX 0x318 [8] 0D 22 0D 21 0D 21 0D 20 
BAT RX 0x317 [8] 0D 33 0D 31 0D 30 0D 2F 
BAT RX 0x316 [8] 0D 2A 0D 29 0D 29 0D 23 
BAT RX 0x315 [8] 0D 2E 0D 2D 0D 2D 0D 2D 
BAT RX 0x314 [8] 5B 54 5B 54 00 13 05 44 
BAT RX 0x313 [8] 15 0E 00 00 00 FE 64 63 
BAT RX 0x312 [8] 00 00 00 00 02 02 00 00 
BAT RX 0x311 [8] 02 38 00 00 00 00 01 00 
BAT RX 0x330 [8] 02 0D 02 01 0D 33 0D 20 
BAT RX 0x329 [8] 02 00 1A 25 02 00 40 D1 
BAT RX 0x323 [8] 20 0E 10 00 04 00 00 00 
BAT RX 0x324 [8] 01 39 35 32 32 30 36 32 
BAT RX 0x322 [8] 01 14 00 E8 03 01 64 64 
BAT RX 0x320 [8] 50 41 C3 85 85 00 00 00 
BAT RX 0x319 [8] 00 0D 33 0D 20 1D 11 01 
[keepalive] twai_transmit() -> ESP_OK
[1021s] OK V=53.90V I=+0.0A T=25.4C SOC=100% SOH=99% | CVL=56.8V CCL=0.0A DCL=0.0A | chg=0 dis=0 fc1=0 fc2=0 | prot=0000 warn=0000 | packs=2 | inv0x305=no
BAT RX 0x318 [8] 0D 22 0D 21 0D 20 0D 20 
BAT RX 0x317 [8] 0D 33 0D 32 0D 30 0D 2F 
BAT RX 0x316 [8] 0D 29 0D 29 0D 29 0D 23 
BAT RX 0x315 [8] 0D 2E 0D 2E 0D 2D 0D 2D 
BAT RX 0x314 [8] 5B 54 5B 54 00 13 05 44 
BAT RX 0x313 [8] 15 0E 00 00 00 FE 64 63 
BAT RX 0x312 [8] 00 00 00 00 02 02 00 00 
BAT RX 0x311 [8] 02 38 00 00 00 00 01 00 
BAT RX 0x330 [8] 02 0D 02 01 0D 33 0D 21 
BAT RX 0x329 [8] 01 00 22 9C 01 00 40 35 
BAT RX 0x323 [8] 20 0E 10 00 04 00 00 00 
BAT RX 0x324 [8] 02 43 30 37 00 00 00 00 
BAT RX 0x322 [8] 01 14 00 E8 03 01 64 64 
BAT RX 0x320 [8] 50 41 C3 85 85 00 00 00 
BAT RX 0x319 [8] 00 0D 33 0D 21 1D 11 01 
[keepalive] twai_transmit() -> ESP_OK
BAT RX 0x318 [8] 0D 22 0D 21 0D 21 0D 21 
BAT RX 0x317 [8] 0D 33 0D 31 0D 30 0D 2F 
BAT RX 0x316 [8] 0D 2A 0D 29 0D 28 0D 23 
BAT RX 0x315 [8] 0D 2E 0D 2E 0D 2E 0D 2E 
BAT RX 0x314 [8] 5B 54 5B 54 00 12 05 44 
BAT RX 0x313 [8] 15 0E 00 00 00 FE 64 63 
BAT RX 0x312 [8] 00 00 00 00 02 02 00 00 
BAT RX 0x311 [8] 02 38 00 00 00 00 01 00 
BAT RX 0x330 [8] 02 0D 02 0F 0D 33 0D 20 
BAT RX 0x329 [8] 02 00 1A 25 02 00 40 D1 
BAT RX 0x323 [8] 20 0E 10 00 04 00 00 00 
BAT RX 0x324 [8] 00 02 47 50 4A 30 32 31 
BAT RX 0x322 [8] 01 14 00 E8 03 01 64 64 
BAT RX 0x320 [8] 50 41 C3 85 85 00 00 00 
BAT RX 0x319 [8] 00 0D 33 0D 20 1D 1F 01 
[keepalive] twai_transmit() -> ESP_OK
[1023s] OK V=53.90V I=+0.0A T=25.4C SOC=100% SOH=99% | CVL=56.8V CCL=0.0A DCL=0.0A | chg=0 dis=0 fc1=0 fc2=0 | prot=0000 warn=0000 | packs=2 | inv0x305=no
BAT RX 0x318 [8] 0D 22 0D 21 0D 21 0D 20 
BAT RX 0x317 [8] 0D 33 0D 31 0D 30 0D 30 
BAT RX 0x316 [8] 0D 29 0D 29 0D 28 0D 23 
BAT RX 0x315 [8] 0D 2E 0D 2E 0D 2E 0D 2E 
BAT RX 0x314 [8] 5B 54 5B 54 00 13 05 44 
BAT RX 0x313 [8] 15 0E 00 00 00 FE 64 63 
BAT RX 0x312 [8] 00 00 00 00 02 02 00 00 
BAT RX 0x311 [8] 02 38 00 00 00 00 01 00 
BAT RX 0x330 [8] 02 0D 02 0F 0D 33 0D 20 
BAT RX 0x329 [8] 01 00 22 9C 01 00 40 35 
BAT RX 0x323 [8] 20 0E 10 00 04 00 00 00 
BAT RX 0x324 [8] 01 39 35 32 32 30 36 32 
BAT RX 0x322 [8] 01 14 00 E8 03 01 64 64 
BAT RX 0x320 [8] 50 41 C3 85 85 00 00 00 
BAT RX 0x319 [8] 00 0D 33 0D 20 1D 1F 01 
[keepalive] twai_transmit() -> ESP_OK
BAT RX 0x318 [8] 0D 22 0D 21 0D 21 0D 20 
BAT RX 0x317 [8] 0D 33 0D 31 0D 30 0D 2F 
BAT RX 0x316 [8] 0D 2A 0D 29 0D 28 0D 23 
BAT RX 0x315 [8] 0D 2E 0D 2E 0D 2E 0D 2D 
BAT RX 0x314 [8] 5B 54 5B 54 00 13 05 44 
BAT RX 0x313 [8] 15 0E 00 00 00 FE 64 63 
BAT RX 0x312 [8] 00 00 00 00 02 02 00 00 
BAT RX 0x311 [8] 02 38 00 00 00 00 01 00 
BAT RX 0x330 [8] 02 0D 02 0F 0D 34 0D 20 
BAT RX 0x329 [8] 02 00 1A 25 02 00 40 D1 
BAT RX 0x323 [8] 20 0E 10 00 04 00 00 00 
BAT RX 0x324 [8] 02 42 42 37 00 00 00 00 
BAT RX 0x322 [8] 01 14 00 E8 03 01 64 64 
BAT RX 0x320 [8] 50 41 C3 85 85 00 00 00 
BAT RX 0x319 [8] 00 0D 34 0D 20 1D 1F 01 
[keepalive] twai_transmit() -> ESP_OK
[1025s] OK V=53.90V I=+0.0A T=25.4C SOC=100% SOH=99% | CVL=56.8V CCL=0.0A DCL=0.0A | chg=0 dis=0 fc1=0 fc2=0 | prot=0000 warn=0000 | packs=2 | inv0x305=no
BAT RX 0x318 [8] 0D 22 0D 21 0D 21 0D 20 
BAT RX 0x317 [8] 0D 34 0D 31 0D 30 0D 2F 
BAT RX 0x316 [8] 0D 2A 0D 29 0D 28 0D 23 
BAT RX 0x315 [8] 0D 2E 0D 2D 0D 2D 0D 2D 
BAT RX 0x314 [8] 5B 54 5B 54 00 14 05 44 
BAT RX 0x313 [8] 15 0E 00 00 00 FE 64 63 
BAT RX 0x312 [8] 00 00 00 00 02 02 00 00 
BAT RX 0x311 [8] 02 38 00 00 00 00 01 00 
BAT RX 0x330 [8] 02 0D 02 01 0D 33 0D 21 
BAT RX 0x329 [8] 01 00 22 9C 01 00 40 35 
BAT RX 0x323 [8] 20 0E 10 00 04 00 00 00 
BAT RX 0x324 [8] 00 01 47 50 4A 30 32 31 
BAT RX 0x322 [8] 01 14 00 E8 03 01 64 64 
BAT RX 0x320 [8] 50 41 C3 85 85 00 00 00 
BAT RX 0x319 [8] 00 0D 33 0D 21 1D 11 01 
[keepalive] twai_transmit() -> ESP_OK
BAT RX 0x318 [8] 0D 22 0D 21 0D 21 0D 21 
BAT RX 0x317 [8] 0D 33 0D 31 0D 30 0D 2F 
BAT RX 0x316 [8] 0D 29 0D 29 0D 29 0D 23 
BAT RX 0x315 [8] 0D 2E 0D 2E 0D 2E 0D 2D 
BAT RX 0x314 [8] 5B 54 5B 54 00 12 05 44 
BAT RX 0x313 [8] 15 0E 00 00 00 FE 64 63 
BAT RX 0x312 [8] 00 00 00 00 02 02 00 00 
BAT RX 0x311 [8] 02 38 00 00 00 00 01 00 
BAT RX 0x330 [8] 02 0D 02 01 0D 34 0D 21 
BAT RX 0x329 [8] 02 00 1A 25 02 00 40 D1 
BAT RX 0x323 [8] 20 0E 10 00 04 00 00 00 
BAT RX 0x324 [8] 01 39 35 32 32 30 36 32 
BAT RX 0x322 [8] 01 14 00 E8 03 01 64 64 
BAT RX 0x320 [8] 50 41 C3 85 85 00 00 00 
BAT RX 0x319 [8] 00 0D 34 0D 21 1D 11 01 
[keepalive] twai_transmit() -> ESP_OK
[1027s] OK V=53.90V I=+0.0A T=25.4C SOC=100% SOH=99% | CVL=56.8V CCL=0.0A DCL=0.0A | chg=0 dis=0 fc1=0 fc2=0 | prot=0000 warn=0000 | packs=2 | inv0x305=no
BAT RX 0x318 [8] 0D 22 0D 21 0D 21 0D 21 
BAT RX 0x317 [8] 0D 34 0D 31 0D 30 0D 30 
BAT RX 0x316 [8] 0D 2A 0D 29 0D 28 0D 23 
BAT RX 0x315 [8] 0D 2E 0D 2E 0D 2E 0D 2D 
BAT RX 0x314 [8] 5B 54 5B 54 00 13 05 44 
BAT RX 0x313 [8] 15 0E 00 00 00 FE 64 63 
BAT RX 0x312 [8] 00 00 00 00 02 02 00 00 
BAT RX 0x311 [8] 02 38 00 00 00 00 01 00 
BAT RX 0x330 [8] 02 0D 02 0F 0D 33 0D 20 
BAT RX 0x329 [8] 01 00 22 9C 01 00 40 35 
BAT RX 0x323 [8] 20 0E 10 00 04 00 00 00 
BAT RX 0x324 [8] 02 43 30 37 00 00 00 00 
BAT RX 0x322 [8] 01 14 00 E8 03 01 64 64 
BAT RX 0x320 [8] 50 41 C3 85 85 00 00 00 
BAT RX 0x319 [8] 00 0D 33 0D 20 1D 1F 01 
[keepalive] twai_transmit() -> ESP_OK
BAT RX 0x318 [8] 0D 22 0D 21 0D 21 0D 20 
BAT RX 0x317 [8] 0D 33 0D 31 0D 30 0D 2F 
BAT RX 0x316 [8] 0D 2A 0D 29 0D 28 0D 23 
BAT RX 0x315 [8] 0D 2E 0D 2D 0D 2D 0D 2D 
BAT RX 0x314 [8] 5B 54 5B 54 00 13 05 44 
BAT RX 0x313 [8] 15 0E 00 00 00 FE 64 63 
BAT RX 0x312 [8] 00 00 00 00 02 02 00 00 
BAT RX 0x311 [8] 02 38 00 00 00 00 01 00 
BAT RX 0x330 [8] 02 0D 02 01 0D 33 0D 21 
BAT RX 0x329 [8] 02 00 1A 25 02 00 40 D1 
BAT RX 0x323 [8] 20 0E 10 00 04 00 00 00 
BAT RX 0x324 [8] 00 02 47 50 4A 30 32 31 
BAT RX 0x322 [8] 01 14 00 E8 03 01 64 64 
BAT RX 0x320 [8] 50 41 C3 85 85 00 00 00 
BAT RX 0x319 [8] 00 0D 33 0D 21 1D 11 01 
[keepalive] twai_transmit() -> ESP_OK
[1029s] OK V=53.90V I=+0.0A T=25.4C SOC=100% SOH=99% | CVL=56.8V CCL=0.0A DCL=0.0A | chg=0 dis=0 fc1=0 fc2=0 | prot=0000 warn=0000 | packs=2 | inv0x305=no
BAT RX 0x318 [8] 0D 22 0D 21 0D 21 0D 21 
BAT RX 0x317 [8] 0D 33 0D 31 0D 30 0D 2F 
BAT RX 0x316 [8] 0D 2A 0D 29 0D 28 0D 23 
BAT RX 0x315 [8] 0D 2E 0D 2E 0D 2D 0D 2D 
BAT RX 0x314 [8] 5B 54 5B 54 00 12 05 44 
BAT RX 0x313 [8] 15 0E 00 00 00 FE 64 63 
BAT RX 0x312 [8] 00 00 00 00 02 02 00 00 
BAT RX 0x311 [8] 02 38 00 00 00 00 01 00 
BAT RX 0x330 [8] 02 0D 02 0F 0D 33 0D 20 
BAT RX 0x329 [8] 01 00 22 9C 01 00 40 35 
BAT RX 0x323 [8] 20 0E 10 00 04 00 00 00 
BAT RX 0x324 [8] 01 39 35 32 32 30 36 32 
BAT RX 0x322 [8] 01 14 00 E8 03 01 64 64 
BAT RX 0x320 [8] 50 41 C3 85 85 00 00 00 
BAT RX 0x319 [8] 00 0D 33 0D 20 1D 1F 01 
BAT RX 0x318 [8] 0D 22 0D 21 0D 21 0D 20 
[keepalive] twai_transmit() -> ESP_OK
BAT RX 0x317 [8] 0D 33 0D 32 0D 30 0D 2F 
BAT RX 0x316 [8] 0D 2A 0D 29 0D 28 0D 23 
BAT RX 0x315 [8] 0D 2E 0D 2D 0D 2D 0D 2D 
BAT RX 0x314 [8] 5B 54 5B 54 00 13 05 44 
BAT RX 0x313 [8] 15 0E 00 00 00 FE 64 63 
BAT RX 0x312 [8] 00 00 00 00 02 02 00 00 
BAT RX 0x311 [8] 02 38 00 00 00 00 01 00 
BAT RX 0x330 [8] 02 0D 02 0F 0D 33 0D 20 
BAT RX 0x329 [8] 02 00 1A 25 02 00 40 D1 
BAT RX 0x323 [8] 20 0E 10 00 04 00 00 00 
BAT RX 0x324 [8] 02 42 42 37 00 00 00 00 
BAT RX 0x322 [8] 01 14 00 E8 03 01 64 64 
BAT RX 0x320 [8] 50 41 C3 85 85 00 00 00 
BAT RX 0x319 [8] 00 0D 33 0D 20 1D 1F 01 
BAT RX 0x318 [8] 0D 22 0D 21 0D 21 0D 20 
[keepalive] twai_transmit() -> ESP_OK
[1031s] OK V=53.90V I=+0.0A T=25.4C SOC=100% SOH=99% | CVL=56.8V CCL=0.0A DCL=0.0A | chg=0 dis=0 fc1=0 fc2=0 | prot=0000 warn=0000 | packs=2 | inv0x305=no
BAT RX 0x317 [8] 0D 33 0D 31 0D 30 0D 2F 
BAT RX 0x316 [8] 0D 29 0D 29 0D 28 0D 23 
BAT RX 0x315 [8] 0D 2E 0D 2E 0D 2D 0D 2D 
BAT RX 0x314 [8] 5B 54 5B 54 00 13 05 44 
BAT RX 0x313 [8] 15 0E 00 00 00 FE 64 63 
BAT RX 0x312 [8] 00 00 00 00 02 02 00 00 
BAT RX 0x311 [8] 02 38 00 00 00 00 01 00 
BAT RX 0x330 [8] 02 0D 02 0F 0D 33 0D 20 
BAT RX 0x329 [8] 01 00 22 9C 01 00 40 35 
BAT RX 0x323 [8] 20 0E 10 00 04 00 00 00 
BAT RX 0x324 [8] 00 01 47 50 4A 30 32 31 
BAT RX 0x322 [8] 01 14 00 E8 03 01 64 64 
BAT RX 0x320 [8] 50 41 C3 85 85 00 00 00 
BAT RX 0x319 [8] 00 0D 33 0D 20 1D 1F 01 
BAT RX 0x318 [8] 0D 22 0D 21 0D 21 0D 20 
[keepalive] twai_transmit() -> ESP_OK
BAT RX 0x317 [8] 0D 33 0D 31 0D 30 0D 2F 
BAT RX 0x316 [8] 0D 29 0D 29 0D 28 0D 23 
BAT RX 0x315 [8] 0D 2E 0D 2E 0D 2D 0D 2D 
BAT RX 0x314 [8] 5B 54 5B 54 00 13 05 44 
BAT RX 0x313 [8] 15 0E 00 00 00 FE 64 63 
BAT RX 0x312 [8] 00 00 00 00 02 02 00 00 
BAT RX 0x311 [8] 02 38 00 00 00 00 01 00 
BAT RX 0x330 [8] 02 0D 02 0F 0D 32 0D 20 
BAT RX 0x329 [8] 02 00 1A 25 02 00 40 D1 
BAT RX 0x323 [8] 20 0E 10 00 04 00 00 00 
BAT RX 0x324 [8] 01 39 35 32 32 30 36 32 
BAT RX 0x322 [8] 01 14 00 E8 03 01 64 64 
BAT RX 0x320 [8] 50 41 C3 85 85 00 00 00 
BAT RX 0x319 [8] 00 0D 32 0D 20 1D 1F 01 
BAT RX 0x318 [8] 0D 22 0D 21 0D 21 0D 20 
[keepalive] twai_transmit() -> ESP_OK
[1033s] OK V=53.90V I=+0.0A T=25.4C SOC=100% SOH=99% | CVL=56.8V CCL=0.0A DCL=0.0A | chg=0 dis=0 fc1=0 fc2=0 | prot=0000 warn=0000 | packs=2 | inv0x305=no
BAT RX 0x317 [8] 0D 32 0D 31 0D 30 0D 2F 
BAT RX 0x316 [8] 0D 29 0D 29 0D 29 0D 23 
BAT RX 0x315 [8] 0D 2E 0D 2D 0D 2D 0D 2D 
BAT RX 0x314 [8] 5B 54 5B 54 00 12 05 44 
BAT RX 0x313 [8] 15 0E 00 00 00 FE 64 63 
BAT RX 0x312 [8] 00 00 00 00 02 02 00 00 
BAT RX 0x311 [8] 02 38 00 00 00 00 01 00 
BAT RX 0x330 [8] 02 0D 02 0F 0D 33 0D 20 
BAT RX 0x329 [8] 01 00 22 9C 01 00 40 35 
BAT RX 0x323 [8] 20 0E 10 00 04 00 00 00 
BAT RX 0x324 [8] 02 43 30 37 00 00 00 00 
BAT RX 0x322 [8] 01 14 00 E8 03 01 64 64 
BAT RX 0x320 [8] 50 41 C3 85 85 00 00 00 
BAT RX 0x319 [8] 00 0D 33 0D 20 1D 1F 01 
BAT RX 0x318 [8] 0D 21 0D 21 0D 21 0D 20 
[keepalive] twai_transmit() -> ESP_OK
BAT RX 0x317 [8] 0D 33 0D 31 0D 30 0D 2F 
BAT RX 0x316 [8] 0D 29 0D 29 0D 28 0D 23 
BAT RX 0x315 [8] 0D 2E 0D 2D 0D 2D 0D 2D 
BAT RX 0x314 [8] 5B 54 5B 54 00 13 05 44 
BAT RX 0x313 [8] 15 0E 00 00 00 FE 64 63 
BAT RX 0x312 [8] 00 00 00 00 02 02 00 00 
BAT RX 0x311 [8] 02 38 00 00 00 00 01 00 

---- battery-bus rate stats (VERBOSE_STATS) ----------------------------
  14762 frames, 1035 s elapsed
  ID     count   period(ms)  (min-max gap)
  0x312     984   1000 (7-3139)
  0x313     984   1000 (3-3149)
  0x314     984   1000 (4-3160)
  0x315     984   1000 (4-3170)
  0x316     984   1000 (3-3180)
  0x317     985    998 (3-3186)
  0x318     985    998 (4-3196)
  0x319     985    998 (4-3208)
  0x320     985    998 (4-3217)
  0x322     985    998 (3-3225)
  0x311     985    999 (3-3125)
  0x323     983   1000 (758-3238)
  0x324     983   1000 (759-3238)
  0x329     983   1000 (749-3248)
  0x330     983   1000 (737-3260)
--------------------------------------------------------------------------

  TWAI: state=RUNNING  tx_err=97 rx_err=0  tx_failed=0  rx_missed=0 rx_overrun=0  arb_lost=0  bus_err=199546
BAT RX 0x330 [8] 02 0D 02 0F 0D 33 0D 20 
BAT RX 0x329 [8] 02 00 1A 25 02 00 40 D1 
BAT RX 0x323 [8] 20 0E 10 00 04 00 00 00 
BAT RX 0x324 [8] 00 02 47 50 4A 30 32 31 
BAT RX 0x322 [8] 01 14 00 E8 03 01 64 64 
BAT RX 0x320 [8] 50 41 C3 85 85 00 00 00 
BAT RX 0x319 [8] 00 0D 33 0D 20 1D 1F 01 
BAT RX 0x318 [8] 0D 22 0D 21 0D 21 0D 20 
[keepalive] twai_transmit() -> ESP_OK
[1035s] OK V=53.90V I=+0.0A T=25.4C SOC=100% SOH=99% | CVL=56.8V CCL=0.0A DCL=0.0A | chg=0 dis=0 fc1=0 fc2=0 | prot=0000 warn=0000 | packs=2 | inv0x305=no
BAT RX 0x317 [8] 0D 33 0D 32 0D 30 0D 2F 
BAT RX 0x316 [8] 0D 29 0D 29 0D 28 0D 23 
BAT RX 0x315 [8] 0D 2E 0D 2E 0D 2D 0D 2D 
BAT RX 0x314 [8] 5B 54 5B 54 00 13 05 44 
BAT RX 0x313 [8] 15 0E 00 00 00 FE 64 63 
BAT RX 0x312 [8] 00 00 00 00 02 02 00 00 
BAT RX 0x311 [8] 02 38 00 00 00 00 01 00 
BAT RX 0x330 [8] 02 0D 02 01 0D 33 0D 20 
BAT RX 0x329 [8] 01 00 22 9C 01 00 40 35 
BAT RX 0x323 [8] 20 0E 10 00 04 00 00 00 
BAT RX 0x324 [8] 01 39 35 32 32 30 36 32 
BAT RX 0x322 [8] 01 14 00 E8 03 01 64 64 
BAT RX 0x320 [8] 50 41 C3 85 85 00 00 00 
BAT RX 0x319 [8] 00 0D 33 0D 20 1D 11 01 
BAT RX 0x318 [8] 0D 22 0D 21 0D 20 0D 20 
[keepalive] twai_transmit() -> ESP_OK
BAT RX 0x317 [8] 0D 33 0D 31 0D 30 0D 2F 
BAT RX 0x316 [8] 0D 2A 0D 29 0D 28 0D 23 
BAT RX 0x315 [8] 0D 2E 0D 2E 0D 2D 0D 2D 
BAT RX 0x314 [8] 5B 54 5B 54 00 13 05 44 
BAT RX 0x313 [8] 15 0E 00 00 00 FE 64 63 
BAT RX 0x312 [8] 00 00 00 00 02 02 00 00 
BAT RX 0x311 [8] 02 38 00 00 00 00 01 00 
BAT RX 0x330 [8] 02 0D 02 0E 0D 33 0D 20 
BAT RX 0x329 [8] 02 00 1A 25 02 00 40 D1 
BAT RX 0x323 [8] 20 0E 10 00 04 00 00 00 
BAT RX 0x324 [8] 02 42 42 37 00 00 00 00 
BAT RX 0x322 [8] 01 14 00 E8 03 01 64 64 
BAT RX 0x320 [8] 50 41 C3 85 85 00 00 00 
BAT RX 0x319 [8] 00 0D 33 0D 20 1D 1E 01 
BAT RX 0x318 [8] 0D 22 0D 21 0D 21 0D 20 
[keepalive] twai_transmit() -> ESP_OK
[1037s] OK V=53.90V I=+0.0A T=25.4C SOC=100% SOH=99% | CVL=56.8V CCL=0.0A DCL=0.0A | chg=0 dis=0 fc1=0 fc2=0 | prot=0000 warn=0000 | packs=2 | inv0x305=no
BAT RX 0x317 [8] 0D 33 0D 31 0D 30 0D 2F 
BAT RX 0x316 [8] 0D 29 0D 29 0D 28 0D 23 
BAT RX 0x315 [8] 0D 2E 0D 2E 0D 2E 0D 2D 
BAT RX 0x314 [8] 5B 54 5B 54 00 13 05 44 
BAT RX 0x313 [8] 15 0E 00 00 00 FE 64 63 
BAT RX 0x312 [8] 00 00 00 00 02 02 00 00 
BAT RX 0x311 [8] 02 38 00 00 00 00 01 00 
BAT RX 0x330 [8] 02 0D 02 01 0D 33 0D 20 
BAT RX 0x329 [8] 01 00 22 9C 01 00 40 35 
BAT RX 0x323 [8] 20 0E 10 00 04 00 00 00 
BAT RX 0x324 [8] 00 01 47 50 4A 30 32 31 
BAT RX 0x322 [8] 01 14 00 E8 03 01 64 64 
BAT RX 0x320 [8] 50 41 C3 85 85 00 00 00 
BAT RX 0x319 [8] 00 0D 33 0D 20 1D 11 01 
BAT RX 0x318 [8] 0D 21 0D 21 0D 20 0D 20 
[keepalive] twai_transmit() -> ESP_OK
BAT RX 0x317 [8] 0D 33 0D 31 0D 30 0D 2F 
BAT RX 0x316 [8] 0D 29 0D 29 0D 28 0D 23 
BAT RX 0x315 [8] 0D 2E 0D 2D 0D 2D 0D 2D 
BAT RX 0x314 [8] 5B 54 5B 54 00 13 05 44 
BAT RX 0x313 [8] 15 0E 00 00 00 FE 64 63 
BAT RX 0x312 [8] 00 00 00 00 02 02 00 00 
BAT RX 0x311 [8] 02 38 00 00 00 00 01 00 
BAT RX 0x330 [8] 02 0D 02 0E 0D 33 0D 20 
BAT RX 0x329 [8] 02 00 1A 25 02 00 40 D1 
BAT RX 0x323 [8] 20 0E 10 00 04 00 00 00 
BAT RX 0x324 [8] 01 39 35 32 32 30 36 32 
BAT RX 0x322 [8] 01 14 00 E8 03 01 64 64 
BAT RX 0x320 [8] 50 41 C3 85 85 00 00 00 
BAT RX 0x319 [8] 00 0D 33 0D 20 1D 1E 01 
BAT RX 0x318 [8] 0D 22 0D 21 0D 20 0D 20 
[keepalive] twai_transmit() -> ESP_OK
[1039s] OK V=53.90V I=+0.0A T=25.4C SOC=100% SOH=99% | CVL=56.8V CCL=0.0A DCL=0.0A | chg=0 dis=0 fc1=0 fc2=0 | prot=0000 warn=0000 | packs=2 | inv0x305=no
BAT RX 0x317 [8] 0D 33 0D 31 0D 30 0D 2F 
BAT RX 0x316 [8] 0D 2A 0D 28 0D 28 0D 23 
BAT RX 0x315 [8] 0D 2E 0D 2E 0D 2D 0D 2D 
BAT RX 0x314 [8] 5B 54 5B 54 00 13 05 44 
BAT RX 0x313 [8] 15 0E 00 00 00 FE 64 63 
BAT RX 0x312 [8] 00 00 00 00 02 02 00 00 
BAT RX 0x311 [8] 02 38 00 00 00 00 01 00 
BAT RX 0x330 [8] 02 0D 02 01 0D 33 0D 20 
BAT RX 0x329 [8] 01 00 22 9C 01 00 40 35 
BAT RX 0x323 [8] 20 0E 10 00 04 00 00 00 
BAT RX 0x324 [8] 02 43 30 37 00 00 00 00 
BAT RX 0x322 [8] 01 14 00 E8 03 01 64 64 
BAT RX 0x320 [8] 50 41 C3 85 85 00 00 00 
BAT RX 0x319 [8] 00 0D 33 0D 20 1D 11 01 
BAT RX 0x318 [8] 0D 21 0D 20 0D 20 0D 20 
[keepalive] twai_transmit() -> ESP_OK
BAT RX 0x317 [8] 0D 33 0D 31 0D 30 0D 2F 
BAT RX 0x316 [8] 0D 29 0D 29 0D 28 0D 23 
BAT RX 0x315 [8] 0D 2E 0D 2E 0D 2E 0D 2D 
BAT RX 0x314 [8] 5B 54 5B 54 00 13 05 44 
BAT RX 0x313 [8] 15 0E 00 00 00 FE 64 63 
BAT RX 0x312 [8] 00 00 00 00 02 02 00 00 
BAT RX 0x311 [8] 02 38 00 00 00 00 01 00 
BAT RX 0x330 [8] 02 0D 02 0F 0D 33 0D 20 
BAT RX 0x329 [8] 02 00 1A 25 02 00 40 D1 
BAT RX 0x323 [8] 20 0E 10 00 04 00 00 00 
BAT RX 0x324 [8] 00 02 47 50 4A 30 32 31 
BAT RX 0x322 [8] 01 14 00 E8 03 01 64 64 
BAT RX 0x320 [8] 50 41 C3 85 85 00 00 00 
BAT RX 0x319 [8] 00 0D 33 0D 20 1D 1F 01 
BAT RX 0x318 [8] 0D 22 0D 21 0D 21 0D 20 
[keepalive] twai_transmit() -> ESP_OK
[1041s] OK V=53.90V I=+0.0A T=25.4C SOC=100% SOH=99% | CVL=56.8V CCL=0.0A DCL=0.0A | chg=0 dis=0 fc1=0 fc2=0 | prot=0000 warn=0000 | packs=2 | inv0x305=no
BAT RX 0x317 [8] 0D 33 0D 31 0D 30 0D 2F 
BAT RX 0x316 [8] 0D 2A 0D 29 0D 28 0D 23 
BAT RX 0x315 [8] 0D 2E 0D 2D 0D 2D 0D 2D 
BAT RX 0x314 [8] 5B 54 5B 54 00 13 05 44 
BAT RX 0x313 [8] 15 0E 00 00 00 FE 64 63 
BAT RX 0x312 [8] 00 00 00 00 02 02 00 00 
BAT RX 0x311 [8] 02 38 00 00 00 00 01 00 
BAT RX 0x330 [8] 02 0D 02 01 0D 33 0D 20 
BAT RX 0x329 [8] 01 00 22 9C 01 00 40 35 
BAT RX 0x323 [8] 20 0E 10 00 04 00 00 00 
BAT RX 0x324 [8] 01 39 35 32 32 30 36 32 
BAT RX 0x322 [8] 01 14 00 E8 03 01 64 64 
BAT RX 0x320 [8] 50 41 C3 85 85 00 00 00 
BAT RX 0x319 [8] 00 0D 33 0D 20 1D 11 01 
BAT RX 0x318 [8] 0D 22 0D 21 0D 20 0D 20 
BAT RX 0x317 [8] 0D 33 0D 31 0D 30 0D 2F 
[keepalive] twai_transmit() -> ESP_OK
BAT RX 0x316 [8] 0D 29 0D 29 0D 28 0D 23 
BAT RX 0x315 [8] 0D 2E 0D 2E 0D 2D 0D 2D 
BAT RX 0x314 [8] 5B 54 5B 54 00 13 05 44 
BAT RX 0x313 [8] 15 0E 00 00 00 FE 64 63 
BAT RX 0x312 [8] 00 00 00 00 02 02 00 00 
BAT RX 0x311 [8] 02 38 00 00 00 00 01 00 
BAT RX 0x330 [8] 02 0D 02 0F 0D 33 0D 20 
BAT RX 0x329 [8] 02 00 1A 25 02 00 40 D1 
BAT RX 0x323 [8] 20 0E 10 00 04 00 00 00 
BAT RX 0x324 [8] 02 42 42 37 00 00 00 00 
BAT RX 0x322 [8] 01 14 00 E8 03 01 64 64 
BAT RX 0x320 [8] 50 41 C3 85 85 00 00 00 
BAT RX 0x319 [8] 00 0D 33 0D 20 1D 1F 01 
BAT RX 0x318 [8] 0D 22 0D 21 0D 21 0D 20 
BAT RX 0x317 [8] 0D 33 0D 31 0D 30 0D 2F 
[keepalive] twai_transmit() -> ESP_OK
[1043s] OK V=53.90V I=+0.0A T=25.4C SOC=100% SOH=99% | CVL=56.8V CCL=0.0A DCL=0.0A | chg=0 dis=0 fc1=0 fc2=0 | prot=0000 warn=0000 | packs=2 | inv0x305=no
BAT RX 0x316 [8] 0D 29 0D 29 0D 28 0D 23 
BAT RX 0x315 [8] 0D 2D 0D 2D 0D 2D 0D 2D 
BAT RX 0x314 [8] 5B 54 5B 54 00 13 05 44 
BAT RX 0x313 [8] 15 0E 00 00 00 FE 64 63 
BAT RX 0x312 [8] 00 00 00 00 02 02 00 00 
BAT RX 0x311 [8] 02 38 00 00 00 00 01 00 
BAT RX 0x330 [8] 02 0D 02 0F 0D 33 0D 20 
BAT RX 0x329 [8] 01 00 22 9C 01 00 40 35 
BAT RX 0x323 [8] 20 0E 10 00 04 00 00 00 
BAT RX 0x324 [8] 00 01 47 50 4A 30 32 31 
BAT RX 0x322 [8] 01 14 00 E8 03 01 64 64 
BAT RX 0x320 [8] 50 41 C3 85 85 00 00 00 
BAT RX 0x319 [8] 00 0D 33 0D 20 1D 1F 01 
BAT RX 0x318 [8] 0D 22 0D 21 0D 21 0D 20 
BAT RX 0x317 [8] 0D 33 0D 31 0D 30 0D 2F 
[keepalive] twai_transmit() -> ESP_OK
BAT RX 0x316 [8] 0D 29 0D 29 0D 28 0D 23 
BAT RX 0x315 [8] 0D 2E 0D 2D 0D 2D 0D 2D 
BAT RX 0x314 [8] 5B 54 5B 54 00 13 05 44 
BAT RX 0x313 [8] 15 0E 00 00 00 FE 64 63 
BAT RX 0x312 [8] 00 00 00 00 02 02 00 00 
BAT RX 0x311 [8] 02 38 00 00 00 00 01 00 
BAT RX 0x330 [8] 02 0D 02 01 0D 33 0D 20 
BAT RX 0x329 [8] 02 00 1A 25 02 00 40 D1 
BAT RX 0x323 [8] 20 0E 10 00 04 00 00 00 
BAT RX 0x324 [8] 01 39 35 32 32 30 36 32 
BAT RX 0x322 [8] 01 14 00 E8 03 01 64 64 
BAT RX 0x320 [8] 50 41 C3 85 85 00 00 00 
BAT RX 0x319 [8] 00 0D 33 0D 20 1D 11 01 
BAT RX 0x318 [8] 0D 22 0D 21 0D 20 0D 20 
BAT RX 0x317 [8] 0D 33 0D 31 0D 30 0D 2F 
[keepalive] twai_transmit() -> ESP_OK
[1045s] OK V=53.90V I=+0.0A T=25.4C SOC=100% SOH=99% | CVL=56.8V CCL=0.0A DCL=0.0A | chg=0 dis=0 fc1=0 fc2=0 | prot=0000 warn=0000 | packs=2 | inv0x305=no
BAT RX 0x316 [8] 0D 29 0D 29 0D 28 0D 23 
BAT RX 0x315 [8] 0D 2E 0D 2E 0D 2D 0D 2D 
BAT RX 0x314 [8] 5B 54 5B 54 00 13 05 44 
BAT RX 0x313 [8] 15 0E 00 00 00 FE 64 63 
BAT RX 0x312 [8] 00 00 00 00 02 02 00 00 
BAT RX 0x311 [8] 02 38 00 00 00 00 01 00 
BAT RX 0x330 [8] 02 0D 02 0F 0D 33 0D 20 
BAT RX 0x329 [8] 01 00 22 9C 01 00 40 35 
BAT RX 0x323 [8] 20 0E 10 00 04 00 00 00 
BAT RX 0x324 [8] 02 43 30 37 00 00 00 00 
BAT RX 0x322 [8] 01 14 00 E8 03 01 64 64 
BAT RX 0x320 [8] 50 41 C3 85 85 00 00 00 
BAT RX 0x319 [8] 00 0D 33 0D 20 1D 1F 01 
BAT RX 0x318 [8] 0D 22 0D 21 0D 21 0D 20 
BAT RX 0x317 [8] 0D 33 0D 30 0D 30 0D 2F 
[keepalive] twai_transmit() -> ESP_OK
BAT RX 0x316 [8] 0D 29 0D 29 0D 28 0D 23 
BAT RX 0x315 [8] 0D 2E 0D 2E 0D 2E 0D 2D 
BAT RX 0x314 [8] 5B 54 5B 54 00 13 05 44 
BAT RX 0x313 [8] 15 0E 00 00 00 FE 64 63 
BAT RX 0x312 [8] 00 00 00 00 02 02 00 00 
BAT RX 0x311 [8] 02 38 00 00 00 00 01 00 
BAT RX 0x330 [8] 02 0D 02 0F 0D 33 0D 20 
BAT RX 0x329 [8] 02 00 1A 25 02 00 40 D1 
BAT RX 0x323 [8] 20 0E 10 00 04 00 00 00 
BAT RX 0x324 [8] 00 02 47 50 4A 30 32 31 
BAT RX 0x322 [8] 01 14 00 E8 03 01 64 64 
BAT RX 0x320 [8] 50 41 C3 85 85 00 00 00 
BAT RX 0x319 [8] 00 0D 33 0D 20 1D 1F 01 
BAT RX 0x318 [8] 0D 22 0D 21 0D 21 0D 20 
BAT RX 0x317 [8] 0D 33 0D 31 0D 30 0D 2F 
[keepalive] twai_transmit() -> ESP_OK
[1047s] OK V=53.90V I=+0.0A T=25.4C SOC=100% SOH=99% | CVL=56.8V CCL=0.0A DCL=0.0A | chg=0 dis=0 fc1=0 fc2=0 | prot=0000 warn=0000 | packs=2 | inv0x305=no
BAT RX 0x316 [8] 0D 2A 0D 29 0D 28 0D 23 
BAT RX 0x315 [8] 0D 2E 0D 2D 0D 2D 0D 2D 
BAT RX 0x314 [8] 5B 54 5B 54 00 13 05 44 
BAT RX 0x313 [8] 15 0E 00 00 00 FE 64 63 
BAT RX 0x312 [8] 00 00 00 00 02 02 00 00 
BAT RX 0x311 [8] 02 38 00 00 00 00 01 00 
BAT RX 0x330 [8] 02 0D 02 01 0D 33 0D 20 
BAT RX 0x329 [8] 01 00 22 9C 01 00 40 35 
BAT RX 0x323 [8] 20 0E 10 00 04 00 00 00 
BAT RX 0x324 [8] 01 39 35 32 32 30 36 32 
BAT RX 0x322 [8] 01 14 00 E8 03 01 64 64 
BAT RX 0x320 [8] 50 41 C3 85 85 00 00 00 
BAT RX 0x319 [8] 00 0D 33 0D 20 1D 11 01 
BAT RX 0x318 [8] 0D 22 0D 21 0D 20 0D 20 
BAT RX 0x317 [8] 0D 33 0D 31 0D 30 0D 2F 
[keepalive] twai_transmit() -> ESP_OK
BAT RX 0x316 [8] 0D 29 0D 29 0D 28 0D 23 
BAT RX 0x315 [8] 0D 2E 0D 2D 0D 2D 0D 2D 
BAT RX 0x314 [8] 5B 54 5B 54 00 13 05 44 
BAT RX 0x313 [8] 15 0E 00 00 00 FE 64 63 
BAT RX 0x312 [8] 00 00 00 00 02 02 00 00 
BAT RX 0x311 [8] 02 38 00 00 00 00 01 00 
BAT RX 0x330 [8] 02 0D 02 01 0D 33 0D 20 
BAT RX 0x329 [8] 02 00 1A 25 02 00 40 D1 
BAT RX 0x323 [8] 20 0E 10 00 04 00 00 00 
BAT RX 0x324 [8] 02 42 42 37 00 00 00 00 
BAT RX 0x322 [8] 01 14 00 E8 03 01 64 64 
BAT RX 0x320 [8] 50 41 C3 85 85 00 00 00 
BAT RX 0x319 [8] 00 0D 33 0D 20 1D 11 01 
BAT RX 0x318 [8] 0D 21 0D 21 0D 20 0D 20 
BAT RX 0x317 [8] 0D 33 0D 31 0D 30 0D 2F 
[keepalive] twai_transmit() -> ESP_OK
[1049s] OK V=53.90V I=+0.0A T=25.4C SOC=100% SOH=99% | CVL=56.8V CCL=0.0A DCL=0.0A | chg=0 dis=0 fc1=0 fc2=0 | prot=0000 warn=0000 | packs=2 | inv0x305=no
BAT RX 0x316 [8] 0D 29 0D 29 0D 28 0D 23 
BAT RX 0x315 [8] 0D 2E 0D 2E 0D 2E 0D 2D 
BAT RX 0x314 [8] 5B 54 5B 54 00 13 05 44 
BAT RX 0x313 [8] 15 0E 00 00 00 FE 64 63 
BAT RX 0x312 [8] 00 00 00 00 02 02 00 00 
BAT RX 0x311 [8] 02 38 00 00 00 00 01 00 

---- battery-bus rate stats (VERBOSE_STATS) ----------------------------
  14987 frames, 1050 s elapsed
  ID     count   period(ms)  (min-max gap)
  0x312     999   1000 (7-3139)
  0x313     999   1000 (3-3149)
  0x314     999   1000 (4-3160)
  0x315     999   1000 (4-3170)
  0x316     999   1000 (3-3180)
  0x317    1000    998 (3-3186)
  0x318    1000    998 (4-3196)
  0x319    1000    998 (4-3208)
  0x320    1000    998 (4-3217)
  0x322    1000    998 (3-3225)
  0x311    1000    999 (3-3125)
  0x323     998   1000 (758-3238)
  0x324     998   1000 (759-3238)
  0x329     998   1000 (749-3248)
  0x330     998   1000 (737-3260)
--------------------------------------------------------------------------

  TWAI: state=RUNNING  tx_err=82 rx_err=0  tx_failed=0  rx_missed=0 rx_overrun=0  arb_lost=0  bus_err=199546
BAT RX 0x330 [8] 02 0D 02 0F 0D 33 0D 20 
BAT RX 0x329 [8] 01 00 22 9C 01 00 40 35 
BAT RX 0x323 [8] 20 0E 10 00 04 00 00 00 
BAT RX 0x324 [8] 00 01 47 50 4A 30 32 31 
BAT RX 0x322 [8] 01 14 00 E8 03 01 64 64 
BAT RX 0x320 [8] 50 41 C3 85 85 00 00 00 
BAT RX 0x319 [8] 00 0D 33 0D 20 1D 1F 01 
BAT RX 0x318 [8] 0D 22 0D 21 0D 21 0D 20 
BAT RX 0x317 [8] 0D 33 0D 31 0D 30 0D 2F 
[keepalive] twai_transmit() -> ESP_OK
BAT RX 0x316 [8] 0D 29 0D 29 0D 28 0D 23 
BAT RX 0x315 [8] 0D 2E 0D 2E 0D 2D 0D 2D 
BAT RX 0x314 [8] 5B 54 5B 54 00 13 05 44 
BAT RX 0x313 [8] 15 0E 00 00 00 FE 64 63 
BAT RX 0x312 [8] 00 00 00 00 02 02 00 00 
BAT RX 0x311 [8] 02 38 00 00 00 00 01 00 
BAT RX 0x330 [8] 02 0D 02 0F 0D 32 0D 20 
BAT RX 0x329 [8] 02 00 1A 25 02 00 40 D1 
BAT RX 0x323 [8] 20 0E 10 00 04 00 00 00 
BAT RX 0x324 [8] 01 39 35 32 32 30 36 32 
BAT RX 0x322 [8] 01 14 00 E8 03 01 64 64 
BAT RX 0x320 [8] 50 41 C3 85 85 00 00 00 
BAT RX 0x319 [8] 00 0D 32 0D 20 1D 1F 01 
BAT RX 0x318 [8] 0D 22 0D 21 0D 21 0D 20 
BAT RX 0x317 [8] 0D 32 0D 31 0D 30 0D 2F 
[keepalive] twai_transmit() -> ESP_OK
[1051s] OK V=53.90V I=+0.0A T=25.4C SOC=100% SOH=99% | CVL=56.8V CCL=0.0A DCL=0.0A | chg=0 dis=0 fc1=0 fc2=0 | prot=0000 warn=0000 | packs=2 | inv0x305=no
BAT RX 0x316 [8] 0D 29 0D 28 0D 28 0D 23 
BAT RX 0x315 [8] 0D 2E 0D 2D 0D 2D 0D 2D 
BAT RX 0x314 [8] 5B 54 5B 54 00 12 05 44 
BAT RX 0x313 [8] 15 0E 00 00 00 FE 64 63 
BAT RX 0x312 [8] 00 00 00 00 02 02 00 00 
BAT RX 0x311 [8] 02 38 00 00 00 00 01 00 
BAT RX 0x330 [8] 02 0D 02 0E 0D 33 0D 20 
BAT RX 0x329 [8] 01 00 22 9C 01 00 40 35 
BAT RX 0x323 [8] 20 0E 10 00 04 00 00 00 
BAT RX 0x324 [8] 02 43 30 37 00 00 00 00 
BAT RX 0x322 [8] 01 14 00 E8 03 01 64 64 
BAT RX 0x320 [8] 50 41 C3 85 85 00 00 00 
BAT RX 0x319 [8] 00 0D 33 0D 20 1D 1E 01 
BAT RX 0x318 [8] 0D 21 0D 21 0D 20 0D 20 
BAT RX 0x317 [8] 0D 33 0D 31 0D 30 0D 2F 
[keepalive] twai_transmit() -> ESP_OK
BAT RX 0x316 [8] 0D 29 0D 29 0D 28 0D 23 
BAT RX 0x315 [8] 0D 2E 0D 2D 0D 2D 0D 2D 
BAT RX 0x314 [8] 5B 54 5B 54 00 13 05 44 
BAT RX 0x313 [8] 15 0E 00 00 00 FE 64 63 
BAT RX 0x312 [8] 00 00 00 00 02 02 00 00 
BAT RX 0x311 [8] 02 38 00 00 00 00 01 00 
BAT RX 0x330 [8] 02 0D 02 0F 0D 33 0D 20 
BAT RX 0x329 [8] 02 00 1A 25 02 00 40 D1 
BAT RX 0x323 [8] 20 0E 10 00 04 00 00 00 
BAT RX 0x324 [8] 00 02 47 50 4A 30 32 31 
BAT RX 0x322 [8] 01 14 00 E8 03 01 64 64 
BAT RX 0x320 [8] 50 41 C3 85 85 00 00 00 
BAT RX 0x319 [8] 00 0D 33 0D 20 1D 1F 01 
BAT RX 0x318 [8] 0D 22 0D 21 0D 21 0D 20 
BAT RX 0x317 [8] 0D 33 0D 31 0D 2F 0D 2F 
[keepalive] twai_transmit() -> ESP_OK
[1053s] OK V=53.90V I=+0.0A T=25.4C SOC=100% SOH=99% | CVL=56.8V CCL=0.0A DCL=0.0A | chg=0 dis=0 fc1=0 fc2=0 | prot=0000 warn=0000 | packs=2 | inv0x305=no
BAT RX 0x316 [8] 0D 29 0D 28 0D 28 0D 23 
BAT RX 0x315 [8] 0D 2E 0D 2E 0D 2E 0D 2D 
BAT RX 0x314 [8] 5B 54 5B 54 00 13 05 44 
BAT RX 0x313 [8] 15 0E 00 00 00 FE 64 63 
BAT RX 0x312 [8] 00 00 00 00 02 02 00 00 
BAT RX 0x311 [8] 02 38 00 00 00 00 01 00 
BAT RX 0x330 [8] 02 0D 02 0F 0D 32 0D 20 
BAT RX 0x329 [8] 01 00 22 9C 01 00 40 35 
BAT RX 0x323 [8] 20 0E 10 00 04 00 00 00 
BAT RX 0x324 [8] 01 39 35 32 32 30 36 32 
BAT RX 0x322 [8] 01 14 00 E8 03 01 64 64 
BAT RX 0x320 [8] 50 41 C3 85 85 00 00 00 
BAT RX 0x319 [8] 00 0D 32 0D 20 1D 1F 01 
BAT RX 0x318 [8] 0D 22 0D 21 0D 21 0D 20 
BAT RX 0x317 [8] 0D 32 0D 31 0D 30 0D 2F 
[keepalive] twai_transmit() -> ESP_OK
BAT RX 0x316 [8] 0D 29 0D 29 0D 28 0D 23 
BAT RX 0x315 [8] 0D 2D 0D 2D 0D 2D 0D 2D 
BAT RX 0x314 [8] 5B 54 5B 54 00 12 05 44 
BAT RX 0x313 [8] 15 0E 00 00 00 FE 64 63 
BAT RX 0x312 [8] 00 00 00 00 02 02 00 00 
BAT RX 0x311 [8] 02 38 00 00 00 00 01 00 
BAT RX 0x330 [8] 02 0D 02 01 0D 33 0D 20 
BAT RX 0x329 [8] 02 00 1A 25 02 00 40 D1 
BAT RX 0x323 [8] 20 0E 10 00 04 00 00 00 
BAT RX 0x324 [8] 02 42 42 37 00 00 00 00 
BAT RX 0x322 [8] 01 14 00 E8 03 01 64 64 
BAT RX 0x320 [8] 50 41 C3 85 85 00 00 00 
BAT RX 0x319 [8] 00 0D 33 0D 20 1D 11 01 
BAT RX 0x318 [8] 0D 22 0D 21 0D 20 0D 20 
BAT RX 0x317 [8] 0D 33 0D 31 0D 30 0D 2F 
BAT RX 0x316 [8] 0D 29 0D 29 0D 28 0D 23 
[keepalive] twai_transmit() -> ESP_OK
[1055s] OK V=53.90V I=+0.0A T=25.4C SOC=100% SOH=99% | CVL=56.8V CCL=0.0A DCL=0.0A | chg=0 dis=0 fc1=0 fc2=0 | prot=0000 warn=0000 | packs=2 | inv0x305=no
BAT RX 0x315 [8] 0D 2E 0D 2D 0D 2D 0D 2D 
BAT RX 0x314 [8] 5B 54 5B 54 00 13 05 44 
BAT RX 0x313 [8] 15 0E 00 00 00 FE 64 63 
BAT RX 0x312 [8] 00 00 00 00 02 02 00 00 
BAT RX 0x311 [8] 02 38 00 00 00 00 01 00 
BAT RX 0x330 [8] 02 0D 02 0E 0D 32 0D 20 
BAT RX 0x329 [8] 01 00 22 9C 01 00 40 35 
BAT RX 0x323 [8] 20 0E 10 00 04 00 00 00 
BAT RX 0x324 [8] 00 01 47 50 4A 30 32 31 
BAT RX 0x322 [8] 01 14 00 E8 03 01 64 64 
BAT RX 0x320 [8] 50 41 C3 85 85 00 00 00 
BAT RX 0x319 [8] 00 0D 32 0D 20 1D 1E 01 
BAT RX 0x318 [8] 0D 22 0D 21 0D 20 0D 20 
BAT RX 0x317 [8] 0D 32 0D 31 0D 30 0D 2F 
BAT RX 0x316 [8] 0D 29 0D 28 0D 28 0D 23 
[keepalive] twai_transmit() -> ESP_OK
BAT RX 0x315 [8] 0D 2D 0D 2D 0D 2D 0D 2D 
BAT RX 0x314 [8] 5B 54 5B 54 00 12 05 44 
BAT RX 0x313 [8] 15 0E 00 00 00 FE 64 63 
BAT RX 0x312 [8] 00 00 00 00 02 02 00 00 
BAT RX 0x311 [8] 02 38 00 00 00 00 01 00 
BAT RX 0x330 [8] 02 0D 02 0E 0D 33 0D 20 
BAT RX 0x329 [8] 02 00 1A 25 02 00 40 D1 
BAT RX 0x323 [8] 20 0E 10 00 04 00 00 00 
BAT RX 0x324 [8] 01 39 35 32 32 30 36 32 
BAT RX 0x322 [8] 01 14 00 E8 03 01 64 64 
BAT RX 0x320 [8] 50 41 C3 85 85 00 00 00 
BAT RX 0x319 [8] 00 0D 33 0D 20 1D 1E 01 
BAT RX 0x318 [8] 0D 21 0D 21 0D 20 0D 20 
BAT RX 0x317 [8] 0D 33 0D 31 0D 30 0D 2F 
BAT RX 0x316 [8] 0D 29 0D 29 0D 28 0D 23 
[keepalive] twai_transmit() -> ESP_OK
[1057s] OK V=53.90V I=+0.0A T=25.4C SOC=100% SOH=99% | CVL=56.8V CCL=0.0A DCL=0.0A | chg=0 dis=0 fc1=0 fc2=0 | prot=0000 warn=0000 | packs=2 | inv0x305=no
BAT RX 0x315 [8] 0D 2D 0D 2D 0D 2D 0D 2D 
BAT RX 0x314 [8] 5B 54 5B 54 00 13 05 44 
BAT RX 0x313 [8] 15 0E 00 00 00 FE 64 63 
BAT RX 0x312 [8] 00 00 00 00 02 02 00 00 
BAT RX 0x311 [8] 02 38 00 00 00 00 01 00 
BAT RX 0x330 [8] 02 0D 02 0E 0D 33 0D 20 
BAT RX 0x329 [8] 01 00 22 9C 01 00 40 35 
BAT RX 0x323 [8] 20 0E 10 00 04 00 00 00 
BAT RX 0x324 [8] 02 43 30 37 00 00 00 00 
BAT RX 0x322 [8] 01 14 00 E8 03 01 64 64 
BAT RX 0x320 [8] 50 41 C3 85 85 00 00 00 
BAT RX 0x319 [8] 00 0D 33 0D 20 1D 1E 01 
BAT RX 0x318 [8] 0D 22 0D 21 0D 20 0D 20 
BAT RX 0x317 [8] 0D 33 0D 31 0D 30 0D 2F 
BAT RX 0x316 [8] 0D 29 0D 28 0D 28 0D 23 
[keepalive] twai_transmit() -> ESP_OK
BAT RX 0x315 [8] 0D 2E 0D 2E 0D 2D 0D 2D 
BAT RX 0x314 [8] 5B 54 5B 54 00 13 05 44 
BAT RX 0x313 [8] 15 0E 00 00 00 FE 64 63 
BAT RX 0x312 [8] 00 00 00 00 02 02 00 00 
BAT RX 0x311 [8] 02 38 00 00 00 00 01 00 
BAT RX 0x330 [8] 02 0D 02 0F 0D 32 0D 20 
BAT RX 0x329 [8] 02 00 1A 25 02 00 40 D1 
BAT RX 0x323 [8] 20 0E 10 00 04 00 00 00 
BAT RX 0x324 [8] 00 02 47 50 4A 30 32 31 
BAT RX 0x322 [8] 01 14 00 E8 03 01 64 64 
BAT RX 0x320 [8] 50 41 C3 85 85 00 00 00 
BAT RX 0x319 [8] 00 0D 32 0D 20 1D 1F 01 
BAT RX 0x318 [8] 0D 22 0D 21 0D 21 0D 20 
BAT RX 0x317 [8] 0D 32 0D 31 0D 30 0D 2F 
BAT RX 0x316 [8] 0D 29 0D 29 0D 28 0D 23 
[keepalive] twai_transmit() -> ESP_OK
[1059s] OK V=53.90V I=+0.0A T=25.4C SOC=100% SOH=99% | CVL=56.8V CCL=0.0A DCL=0.0A | chg=0 dis=0 fc1=0 fc2=0 | prot=0000 warn=0000 | packs=2 | inv0x305=no
BAT RX 0x315 [8] 0D 2E 0D 2D 0D 2D 0D 2C 
BAT RX 0x314 [8] 5B 54 5B 54 00 12 05 44 
BAT RX 0x313 [8] 15 0E 00 00 00 FE 64 63 
BAT RX 0x312 [8] 00 00 00 00 02 02 00 00 
BAT RX 0x311 [8] 02 38 00 00 00 00 01 00 
BAT RX 0x330 [8] 02 0D 02 0E 0D 33 0D 20 
BAT RX 0x329 [8] 01 00 22 9C 01 00 40 35 
BAT RX 0x323 [8] 20 0E 10 00 04 00 00 00 
BAT RX 0x324 [8] 01 39 35 32 32 30 36 32 
BAT RX 0x322 [8] 01 14 00 E8 03 01 64 64 
BAT RX 0x320 [8] 50 41 C3 85 85 00 00 00 
BAT RX 0x319 [8] 00 0D 33 0D 20 1D 1E 01 
BAT RX 0x318 [8] 0D 22 0D 21 0D 20 0D 20 
BAT RX 0x317 [8] 0D 33 0D 31 0D 30 0D 2F 
BAT RX 0x316 [8] 0D 29 0D 29 0D 28 0D 23 
[keepalive] twai_transmit() -> ESP_OK
BAT RX 0x315 [8] 0D 2E 0D 2D 0D 2D 0D 2D 
BAT RX 0x314 [8] 5B 54 5B 54 00 13 05 44 
BAT RX 0x313 [8] 15 0E 00 00 00 FE 64 63 
BAT RX 0x312 [8] 00 00 00 00 02 02 00 00 
BAT RX 0x311 [8] 02 38 00 00 00 00 01 00 
BAT RX 0x330 [8] 02 0D 02 01 0D 33 0D 20 
BAT RX 0x329 [8] 02 00 1A 25 02 00 40 D1 
BAT RX 0x323 [8] 20 0E 10 00 04 00 00 00 
BAT RX 0x324 [8] 02 42 42 37 00 00 00 00 
BAT RX 0x322 [8] 01 14 00 E8 03 01 64 64 
BAT RX 0x320 [8] 50 41 C3 85 85 00 00 00 
BAT RX 0x319 [8] 00 0D 33 0D 20 1D 11 01 
BAT RX 0x318 [8] 0D 22 0D 21 0D 20 0D 20 
BAT RX 0x317 [8] 0D 33 0D 31 0D 30 0D 2F 
BAT RX 0x316 [8] 0D 29 0D 28 0D 28 0D 23 
[keepalive] twai_transmit() -> ESP_OK
[1061s] OK V=53.90V I=+0.0A T=25.4C SOC=100% SOH=99% | CVL=56.8V CCL=0.0A DCL=0.0A | chg=0 dis=0 fc1=0 fc2=0 | prot=0000 warn=0000 | packs=2 | inv0x305=no
BAT RX 0x315 [8] 0D 2E 0D 2D 0D 2D 0D 2D 
BAT RX 0x314 [8] 5B 54 5B 54 00 13 05 44 
BAT RX 0x313 [8] 15 0E 00 00 00 FE 64 63 
BAT RX 0x312 [8] 00 00 00 00 02 02 00 00 
BAT RX 0x311 [8] 02 38 00 00 00 00 01 00 
BAT RX 0x330 [8] 02 0D 02 0F 0D 33 0D 20 
BAT RX 0x329 [8] 01 00 22 9C 01 00 40 35 
BAT RX 0x323 [8] 20 0E 10 00 04 00 00 00 
BAT RX 0x324 [8] 00 01 47 50 4A 30 32 31 
BAT RX 0x322 [8] 01 14 00 E8 03 01 64 64 
BAT RX 0x320 [8] 50 41 C3 85 85 00 00 00 
BAT RX 0x319 [8] 00 0D 33 0D 20 1D 1F 01 
BAT RX 0x318 [8] 0D 22 0D 21 0D 21 0D 20 
BAT RX 0x317 [8] 0D 33 0D 31 0D 2F 0D 2F 
BAT RX 0x316 [8] 0D 29 0D 29 0D 28 0D 23 
[keepalive] twai_transmit() -> ESP_OK
BAT RX 0x315 [8] 0D 2D 0D 2D 0D 2D 0D 2D 
BAT RX 0x314 [8] 5B 54 5B 54 00 13 05 44 
BAT RX 0x313 [8] 15 0E 00 00 00 FE 64 63 
BAT RX 0x312 [8] 00 00 00 00 02 02 00 00 
BAT RX 0x311 [8] 02 38 00 00 00 00 01 00 
BAT RX 0x330 [8] 02 0D 02 01 0D 32 0D 20 
BAT RX 0x329 [8] 02 00 1A 25 02 00 40 D1 
BAT RX 0x323 [8] 20 0E 10 00 04 00 00 00 
BAT RX 0x324 [8] 01 39 35 32 32 30 36 32 
BAT RX 0x322 [8] 01 14 00 E8 03 01 64 64 
BAT RX 0x320 [8] 50 41 C3 85 85 00 00 00 
BAT RX 0x319 [8] 00 0D 32 0D 20 1D 11 01 
BAT RX 0x318 [8] 0D 21 0D 20 0D 20 0D 20 
BAT RX 0x317 [8] 0D 32 0D 31 0D 30 0D 2F 
BAT RX 0x316 [8] 0D 29 0D 29 0D 28 0D 23 
[keepalive] twai_transmit() -> ESP_OK
[1063s] OK V=53.90V I=+0.0A T=25.4C SOC=100% SOH=99% | CVL=56.8V CCL=0.0A DCL=0.0A | chg=0 dis=0 fc1=0 fc2=0 | prot=0000 warn=0000 | packs=2 | inv0x305=no
BAT RX 0x315 [8] 0D 2D 0D 2D 0D 2D 0D 2D 
BAT RX 0x314 [8] 5B 54 5B 54 00 12 05 44 
BAT RX 0x313 [8] 15 0E 00 00 00 FE 64 63 
BAT RX 0x312 [8] 00 00 00 00 02 02 00 00 
BAT RX 0x311 [8] 02 38 00 00 00 00 01 00 
BAT RX 0x330 [8] 02 0D 02 01 0D 33 0D 20 
BAT RX 0x329 [8] 01 00 22 9C 01 00 40 35 
BAT RX 0x323 [8] 20 0E 10 00 04 00 00 00 
BAT RX 0x324 [8] 02 43 30 37 00 00 00 00 
BAT RX 0x322 [8] 01 14 00 E8 03 01 64 64 
BAT RX 0x320 [8] 50 41 C3 85 85 00 00 00 
BAT RX 0x319 [8] 00 0D 33 0D 20 1D 11 01 
BAT RX 0x318 [8] 0D 21 0D 20 0D 20 0D 20 
BAT RX 0x317 [8] 0D 33 0D 31 0D 2F 0D 2F 
BAT RX 0x316 [8] 0D 2A 0D 29 0D 28 0D 23 
[keepalive] twai_transmit() -> ESP_OK
BAT RX 0x315 [8] 0D 2D 0D 2D 0D 2D 0D 2D 
BAT RX 0x314 [8] 5B 54 5B 54 00 13 05 44 
BAT RX 0x313 [8] 15 0E 00 00 00 FE 64 63 
BAT RX 0x312 [8] 00 00 00 00 02 02 00 00 
BAT RX 0x311 [8] 02 38 00 00 00 00 01 00 

---- battery-bus rate stats (VERBOSE_STATS) ----------------------------
  15212 frames, 1065 s elapsed
  ID     count   period(ms)  (min-max gap)
  0x312    1014   1000 (7-3139)
  0x313    1014   1000 (3-3149)
  0x314    1014   1000 (4-3160)
  0x315    1014   1000 (4-3170)
  0x316    1014    999 (3-3180)
  0x317    1015    998 (3-3186)
  0x318    1015    998 (4-3196)
  0x319    1015    998 (4-3208)
  0x320    1015    998 (4-3217)
  0x322    1015    998 (3-3225)
  0x311    1015    999 (3-3125)
  0x323    1013   1000 (758-3238)
  0x324    1013   1000 (759-3238)
  0x329    1013   1000 (749-3248)
  0x330    1013   1000 (737-3260)
--------------------------------------------------------------------------

  TWAI: state=RUNNING  tx_err=67 rx_err=0  tx_failed=0  rx_missed=0 rx_overrun=0  arb_lost=0  bus_err=199546
BAT RX 0x330 [8] 02 0D 02 01 0D 32 0D 20 
BAT RX 0x329 [8] 02 00 1A 25 02 00 40 D1 
BAT RX 0x323 [8] 20 0E 10 00 04 00 00 00 
BAT RX 0x324 [8] 00 02 47 50 4A 30 32 31 
BAT RX 0x322 [8] 01 14 00 E8 03 01 64 64 
BAT RX 0x320 [8] 50 41 C3 85 85 00 00 00 
BAT RX 0x319 [8] 00 0D 32 0D 20 1D 11 01 
BAT RX 0x318 [8] 0D 21 0D 20 0D 20 0D 20 
BAT RX 0x317 [8] 0D 32 0D 31 0D 30 0D 2F 
BAT RX 0x316 [8] 0D 29 0D 29 0D 28 0D 23 
[keepalive] twai_transmit() -> ESP_OK
[1065s] OK V=53.90V I=+0.0A T=25.4C SOC=100% SOH=99% | CVL=56.8V CCL=0.0A DCL=0.0A | chg=0 dis=0 fc1=0 fc2=0 | prot=0000 warn=0000 | packs=2 | inv0x305=no
BAT RX 0x315 [8] 0D 2D 0D 2D 0D 2D 0D 2D 
BAT RX 0x314 [8] 5B 54 5B 54 00 12 05 44 
BAT RX 0x313 [8] 15 0E 00 00 00 FE 64 63 
BAT RX 0x312 [8] 00 00 00 00 02 02 00 00 
BAT RX 0x311 [8] 02 38 00 00 00 00 01 00 
BAT RX 0x330 [8] 02 0D 02 01 0D 33 0D 20 
BAT RX 0x329 [8] 01 00 22 9C 01 00 40 35 
BAT RX 0x323 [8] 20 0E 10 00 04 00 00 00 
BAT RX 0x324 [8] 01 39 35 32 32 30 36 32 
BAT RX 0x322 [8] 01 14 00 E8 03 01 64 64 
BAT RX 0x320 [8] 50 41 C3 85 85 00 00 00 
BAT RX 0x319 [8] 00 0D 33 0D 20 1D 11 01 
BAT RX 0x318 [8] 0D 22 0D 21 0D 20 0D 20 
BAT RX 0x317 [8] 0D 33 0D 31 0D 30 0D 2F 
BAT RX 0x316 [8] 0D 29 0D 29 0D 28 0D 23 
[keepalive] twai_transmit() -> ESP_OK
BAT RX 0x315 [8] 0D 2D 0D 2D 0D 2D 0D 2D 
BAT RX 0x314 [8] 5B 54 5B 54 00 13 05 44 
BAT RX 0x313 [8] 15 0E 00 00 00 FE 64 63 
BAT RX 0x312 [8] 00 00 00 00 02 02 00 00 
BAT RX 0x311 [8] 02 38 00 00 00 00 01 00 
BAT RX 0x330 [8] 02 0D 02 01 0D 32 0D 20 
BAT RX 0x329 [8] 02 00 1A 25 02 00 40 D1 
BAT RX 0x323 [8] 20 0E 10 00 04 00 00 00 
BAT RX 0x324 [8] 02 42 42 37 00 00 00 00 
BAT RX 0x322 [8] 01 14 00 E8 03 01 64 64 
BAT RX 0x320 [8] 50 41 C3 85 85 00 00 00 
BAT RX 0x319 [8] 00 0D 32 0D 20 1D 11 01 
BAT RX 0x318 [8] 0D 21 0D 21 0D 20 0D 20 
BAT RX 0x317 [8] 0D 32 0D 31 0D 2F 0D 2F 
BAT RX 0x316 [8] 0D 29 0D 29 0D 28 0D 22 
BAT RX 0x315 [8] 0D 2D 0D 2D 0D 2D 0D 2D 
[keepalive] twai_transmit() -> ESP_OK
[1067s] OK V=53.90V I=+0.0A T=25.4C SOC=100% SOH=99% | CVL=56.8V CCL=0.0A DCL=0.0A | chg=0 dis=0 fc1=0 fc2=0 | prot=0000 warn=0000 | packs=2 | inv0x305=no
BAT RX 0x314 [8] 5B 54 5B 54 00 12 05 44 
BAT RX 0x313 [8] 15 0E 00 00 00 FE 64 63 
BAT RX 0x312 [8] 00 00 00 00 02 02 00 00 
BAT RX 0x311 [8] 02 38 00 00 00 00 01 00 
BAT RX 0x330 [8] 02 0D 02 01 0D 33 0D 20 
BAT RX 0x329 [8] 01 00 22 9C 01 00 40 35 
BAT RX 0x323 [8] 20 0E 10 00 04 00 00 00 
BAT RX 0x324 [8] 00 01 47 50 4A 30 32 31 
BAT RX 0x322 [8] 01 14 00 E8 03 01 64 64 
BAT RX 0x320 [8] 50 41 C3 85 85 00 00 00 
BAT RX 0x319 [8] 00 0D 33 0D 20 1D 11 01 
BAT RX 0x318 [8] 0D 21 0D 20 0D 20 0D 20 
BAT RX 0x317 [8] 0D 33 0D 31 0D 30 0D 2F 
BAT RX 0x316 [8] 0D 29 0D 28 0D 28 0D 23 
BAT RX 0x315 [8] 0D 2E 0D 2D 0D 2D 0D 2D 
[keepalive] twai_transmit() -> ESP_OK
BAT RX 0x314 [8] 5B 54 5B 54 00 13 05 44 
BAT RX 0x313 [8] 15 0E 00 00 00 FE 64 63 
BAT RX 0x312 [8] 00 00 00 00 02 02 00 00 
BAT RX 0x311 [8] 02 38 00 00 00 00 01 00 
BAT RX 0x330 [8] 02 0D 02 01 0D 33 0D 20 
BAT RX 0x329 [8] 02 00 1A 25 02 00 40 D1 
BAT RX 0x323 [8] 20 0E 10 00 04 00 00 00 
BAT RX 0x324 [8] 01 39 35 32 32 30 36 32 
BAT RX 0x322 [8] 01 14 00 E8 03 01 64 64 
BAT RX 0x320 [8] 50 41 C3 85 85 00 00 00 
BAT RX 0x319 [8] 00 0D 33 0D 20 1D 11 01 
BAT RX 0x318 [8] 0D 21 0D 21 0D 20 0D 20 
BAT RX 0x317 [8] 0D 33 0D 31 0D 30 0D 2E 
BAT RX 0x316 [8] 0D 29 0D 28 0D 28 0D 23 
BAT RX 0x315 [8] 0D 2E 0D 2D 0D 2D 0D 2D 
[keepalive] twai_transmit() -> ESP_OK
[1069s] OK V=53.90V I=+0.0A T=25.4C SOC=100% SOH=99% | CVL=56.8V CCL=0.0A DCL=0.0A | chg=0 dis=0 fc1=0 fc2=0 | prot=0000 warn=0000 | packs=2 | inv0x305=no
BAT RX 0x314 [8] 5B 54 5B 54 00 13 05 44 
BAT RX 0x313 [8] 15 0E 00 00 00 FE 64 63 
BAT RX 0x312 [8] 00 00 00 00 02 02 00 00 
BAT RX 0x311 [8] 02 38 00 00 00 00 01 00 
BAT RX 0x330 [8] 02 0D 02 01 0D 33 0D 20 
BAT RX 0x329 [8] 01 00 22 9C 01 00 40 35 
BAT RX 0x323 [8] 20 0E 10 00 04 00 00 00 
BAT RX 0x324 [8] 02 43 30 37 00 00 00 00 
BAT RX 0x322 [8] 01 14 00 E8 03 01 64 64 
BAT RX 0x320 [8] 50 41 C3 85 85 00 00 00 
BAT RX 0x319 [8] 00 0D 33 0D 20 1D 11 01 
BAT RX 0x318 [8] 0D 21 0D 20 0D 20 0D 20 
BAT RX 0x317 [8] 0D 33 0D 30 0D 30 0D 2E 
BAT RX 0x316 [8] 0D 29 0D 28 0D 28 0D 23 
BAT RX 0x315 [8] 0D 2D 0D 2D 0D 2D 0D 2D 
[keepalive] twai_transmit() -> ESP_OK
BAT RX 0x314 [8] 5B 54 5B 54 00 13 05 44 
BAT RX 0x313 [8] 15 0E 00 00 00 FE 64 63 
BAT RX 0x312 [8] 00 00 00 00 02 02 00 00 
BAT RX 0x311 [8] 02 38 00 00 00 00 01 00 
BAT RX 0x330 [8] 02 0D 02 0E 0D 33 0D 20 
BAT RX 0x329 [8] 02 00 1A 25 02 00 40 D1 
BAT RX 0x323 [8] 20 0E 10 00 04 00 00 00 
BAT RX 0x324 [8] 00 02 47 50 4A 30 32 31 
BAT RX 0x322 [8] 01 14 00 E8 03 01 64 64 
BAT RX 0x320 [8] 50 41 C3 85 85 00 00 00 
BAT RX 0x319 [8] 00 0D 33 0D 20 1D 1E 01 
BAT RX 0x318 [8] 0D 22 0D 21 0D 20 0D 20 
BAT RX 0x317 [8] 0D 33 0D 31 0D 30 0D 2F 
BAT RX 0x316 [8] 0D 29 0D 29 0D 28 0D 22 
BAT RX 0x315 [8] 0D 2D 0D 2D 0D 2D 0D 2C 
[keepalive] twai_transmit() -> ESP_OK
[1071s] OK V=53.90V I=+0.0A T=25.4C SOC=100% SOH=99% | CVL=56.8V CCL=0.0A DCL=0.0A | chg=0 dis=0 fc1=0 fc2=0 | prot=0000 warn=0000 | packs=2 | inv0x305=no
BAT RX 0x314 [8] 5B 54 5B 54 00 13 05 44 
BAT RX 0x313 [8] 15 0E 00 00 00 FE 64 63 
BAT RX 0x312 [8] 00 00 00 00 02 02 00 00 
BAT RX 0x311 [8] 02 38 00 00 00 00 01 00 
