T RX 0x312 [8] 00 00 00 00 02 00 00 00 
BAT RX 0x311 [8] 02 38 08 24 08 24 01 61 
BAT RX 0x330 [8] 02 0D 01 03 0C F6 0C F3 
BAT RX 0x329 [8] 02 00 19 C0 02 00 40 48 
BAT RX 0x323 [8] 20 0E 10 00 00 00 00 00 
BAT RX 0x330 [8] 01 10 01 03 0C F6 0C F3 
BAT RX 0x330 [8] 01 0E 01 01 0C F6 0C F4 


BAT RX 0x329 [8] 01 00 22 34 01 00 3F AD 
BAT RX 0x323 [8] 20 0E 10 00 00 00 00 00 
BAT RX 0x324 [8] 00 01 47 50 4A 30 32 31 
BAT RX 0x322 [8] 00 F3 00 CE 03 01 46 46 
BAT RX 0x320 [8] 50 41 C3 85 85 00 00 00 
BAT RX 0x319 [8] C0 0C F6 0C F3 0E 03 00 
BAT RX 0x318 [8] 0C F4 0C F4 0C F4 0C F4 
BAT RX 0x317 [8] 0C F6 0C F5 0C F5 0C F5 
BAT RX 0x316 [8] 0C F4 0C F4 0C F4 0C F4 
BAT RX 0x315 [8] 0C F5 0C F5 0C F5 0C F5 
BAT RX 0x314 [8] 40 1A 5B 04 00 02 05 41 
BAT RX 0x313 [8] 14 B4 00 00 00 DF 46 63 
BAT RX 0x312 [8] 00 00 00 00 02 00 00 00 
BAT RX 0x311 [8] 02 38 08 24 08 24 01 61 
BAT RX 0x330 [8] 01 10 01 03 0C F6 0C F3 
BAT RX 0x329 [8] 02 00 19 C0 02 00 40 48 
BAT RX 0x323 [8] 20 0E 10 00 00 00 00 00 
BAT RX 0x324 [8] 01 39 35 32 32 30 36 32 
BAT RX 0x322 [8] 00 F3 00 CE 03 01 46 46 
BAT RX 0x320 [8] 50 41 C3 85 85 00 00 00 
BAT RX 0x319 [8] C0 0C F6 0C F3 10 03 00 
BAT RX 0x318 [8] 0C F4 0C F4 0C F4 0C F4 
BAT RX 0x317 [8] 0C F5 0C F5 0C F5 0C F5 
BAT RX 0x316 [8] 0C F4 0C F4 0C F3 0C F3 
BAT RX 0x315 [8] 0C F6 0C F5 0C F5 0C F5 
BAT RX 0x314 [8] 40 1A 5B 04 00 03 05 41 
BAT RX 0x313 [8] 14 B4 00 00 00 DF 46 63 
BAT RX 0x312 [8] 00 00 00 00 02 00 00 00 
BAT RX 0x311 [8] 02 38 08 24 08 24 01 61 
BAT RX 0x330 [8] 02 0D 02 01 0C F6 0C F3 
BAT RX 0x329 [8] 01 00 22 34 01 00 3F AD 
BAT RX 0x323 [8] 20 0E 10 00 00 00 00 00 
BAT RX 0x330 [8] 02 0D 01 01 0C F6 0C F4 
[10s] OK V=53.00V I=+0.0A T=22.3C SOC=70% SOH=99% | CVL=56.8V CCL=208.4A DCL=208.4A | chg=1 dis=1 fc1=0 fc2=0 | prot=0000 warn=0000 | packs=2 | inv0x305=no
BAT RX 0x330 [8] 02 0D 01 01 0C F6 0C F4 
BAT RX 0x329 [8] 02 00 19 C0 02 00 40 48 
BAT RX 0x323 [8] 20 0E 10 00 00 00 00 00 
BAT RX 0x324 [8] 02 42 42 37 00 00 00 00 
BAT RX 0x322 [8] 00 F3 00 CE 03 01 46 46 
BAT RX 0x320 [8] 50 41 C3 85 85 00 00 00 
BAT RX 0x319 [8] C0 0C F6 0C F4 1D 01 00 
BAT RX 0x318 [8] 0C F4 0C F4 0C F4 0C F4 
BAT RX 0x317 [8] 0C F6 0C F5 0C F5 0C F5 
BAT RX 0x316 [8] 0C F4 0C F4 0C F4 0C F4 
BAT RX 0x315 [8] 0C F6 0C F5 0C F5 0C F5 
BAT RX 0x314 [8] 40 1A 5B 04 00 02 05 41 
BAT RX 0x313 [8] 14 B4 00 00 00 DF 46 63 
BAT RX 0x312 [8] 00 00 00 00 02 00 00 00 
BAT RX 0x311 [8] 02 38 08 24 08 24 01 61 
BAT RX 0x330 [8] 01 10 02 01 0C F6 0C F3 
BAT RX 0x329 [8] 01 00 22 34 01 00 3F AD 
BAT RX 0x323 [8] 20 0E 10 00 00 00 00 00 
BAT RX 0x324 [8] 00 01 47 50 4A 30 32 31 
BAT RX 0x322 [8] 00 F3 00 CE 03 01 46 46 
BAT RX 0x320 [8] 50 41 C3 85 85 00 00 00 
BAT RX 0x319 [8] C0 0C F6 0C F3 10 11 00 
BAT RX 0x318 [8] 0C F4 0C F4 0C F4 0C F3 
BAT RX 0x317 [8] 0C F6 0C F5 0C F5 0C F5 
BAT RX 0x316 [8] 0C F4 0C F4 0C F4 0C F3 
BAT RX 0x315 [8] 0C F6 0C F5 0C F5 0C F5 
BAT RX 0x314 [8] 40 10 5B 04 00 03 05 41 
BAT RX 0x313 [8] 14 B4 00 00 00 DF 46 63 
BAT RX 0x312 [8] 00 00 00 00 02 00 00 00 
BAT RX 0x311 [8] 02 38 08 24 08 24 01 61 
[12s] OK V=53.00V I=+0.0A T=22.3C SOC=70% SOH=99% | CVL=56.8V CCL=208.4A DCL=208.4A | chg=1 dis=1 fc1=0 fc2=0 | prot=0000 warn=0000 | packs=2 | inv0x305=no
BAT RX 0x330 [8] 02 0D 01 01 0C F6 0C F4 
BAT RX 0x329 [8] 02 00 19 C0 02 00 40 48 
BAT RX 0x323 [8] 20 0E 10 00 00 00 00 00 
BAT RX 0x324 [8] 01 39 35 32 32 30 36 32 
BAT RX 0x322 [8] 00 F3 00 CE 03 01 46 46 
BAT RX 0x320 [8] 50 41 C3 85 85 00 00 00 
BAT RX 0x319 [8] C0 0C F6 0C F4 1D 01 00 
BAT RX 0x318 [8] 0C F4 0C F4 0C F4 0C F4 
BAT RX 0x317 [8] 0C F6 0C F5 0C F5 0C F5 
BAT RX 0x316 [8] 0C F4 0C F4 0C F4 0C F4 
BAT RX 0x315 [8] 0C F6 0C F5 0C F5 0C F5 
BAT RX 0x314 [8] 40 10 5B 04 00 02 05 41 
BAT RX 0x313 [8] 14 B4 00 00 00 DF 46 63 
BAT RX 0x312 [8] 00 00 00 00 02 00 00 00 
BAT RX 0x311 [8] 02 38 08 24 08 24 01 61 
BAT RX 0x330 [8] 01 0E 01 01 0C F6 0C F4 
BAT RX 0x329 [8] 01 00 22 34 01 00 3F AD 
BAT RX 0x323 [8] 20 0E 10 00 00 00 00 00 
BAT RX 0x324 [8] 02 43 30 37 00 00 00 00 
BAT RX 0x322 [8] 00 F3 00 CE 03 01 46 46 
BAT RX 0x320 [8] 50 41 C3 85 85 00 00 00 
BAT RX 0x319 [8] C0 0C F6 0C F4 0E 01 00 
BAT RX 0x318 [8] 0C F5 0C F4 0C F4 0C F4 
BAT RX 0x317 [8] 0C F6 0C F5 0C F5 0C F5 
BAT RX 0x316 [8] 0C F4 0C F4 0C F4 0C F4 
BAT RX 0x315 [8] 0C F6 0C F5 0C F5 0C F5 
BAT RX 0x314 [8] 40 10 5B 04 00 02 05 41 
BAT RX 0x313 [8] 14 B4 00 00 00 DF 46 63 
BAT RX 0x312 [8] 00 00 00 00 02 00 00 00 
BAT RX 0x311 [8] 02 38 08 24 08 24 01 61 
[14s] OK V=53.00V I=+0.0A T=22.3C SOC=70% SOH=99% | CVL=56.8V CCL=208.4A DCL=208.4A | chg=1 dis=1 fc1=0 fc2=0 | prot=0000 warn=0000 | packs=2 | inv0x305=no

---- battery-bus rate stats (VERBOSE_STATS) ----------------------------
  128 frames, 15 s elapsed
  ID     count   period(ms)  (min-max gap)
  0x324       8   1388 (1-4867)
  0x329      10    917 (1-4866)
  0x330      13    687 (0-4000)
  0x312       8   1195 (1-4867)
  0x313       8   1193 (1-4867)
  0x314       8   1192 (1-4867)
  0x315       8   1190 (1-4867)
  0x316       8   1189 (1-4867)
  0x317       8   1187 (1-4867)
  0x318       8   1186 (1-4867)
  0x319       8   1184 (1-4867)
  0x320       8   1183 (1-4866)
  0x322       8   1182 (0-4867)
  0x311       8   1196 (1-4867)
  0x323       9   1033 (1-4866)
--------------------------------------------------------------------------

  TWAI: state=RUNNING  tx_err=0 rx_err=0  tx_failed=0  rx_missed=111 rx_overrun=0  arb_lost=0  bus_err=0
BAT RX 0x330 [8] 01 07 01 01 0C F6 0C F4 
BAT RX 0x329 [8] 02 00 19 C0 02 00 40 48 
BAT RX 0x323 [8] 20 0E 10 00 00 00 00 00 
BAT RX 0x324 [8] 00 02 47 50 4A 30 32 31 
BAT RX 0x322 [8] 00 F3 00 CE 03 01 46 46 
BAT RX 0x320 [8] 50 41 C3 85 85 00 00 00 
BAT RX 0x319 [8] C0 0C F6 0C F4 07 01 00 
BAT RX 0x318 [8] 0C F5 0C F5 0C F5 0C F4 
BAT RX 0x317 [8] 0C F6 0C F5 0C F5 0C F5 
BAT RX 0x316 [8] 0C F4 0C F4 0C F4 0C F4 
BAT RX 0x315 [8] 0C F6 0C F5 0C F5 0C F5 
BAT RX 0x314 [8] 40 10 5B 04 00 02 05 41 
BAT RX 0x313 [8] 14 B4 00 00 00 DF 46 63 
BAT RX 0x312 [8] 00 00 00 00 02 00 00 00 
BAT RX 0x311 [8] 02 38 08 24 08 24 01 61 
BAT RX 0x330 [8] 01 0E 01 01 0C F6 0C F4 
BAT RX 0x329 [8] 01 00 22 34 01 00 3F AD 
BAT RX 0x323 [8] 20 0E 10 00 00 00 00 00 
BAT RX 0x324 [8] 01 39 35 32 32 30 36 32 
BAT RX 0x322 [8] 00 F3 00 CE 03 01 46 46 
BAT RX 0x320 [8] 50 41 C3 85 85 00 00 00 
BAT RX 0x319 [8] C0 0C F6 0C F4 0E 01 00 
BAT RX 0x318 [8] 0C F4 0C F4 0C F4 0C F4 
BAT RX 0x317 [8] 0C F6 0C F5 0C F5 0C F5 
BAT RX 0x316 [8] 0C F4 0C F4 0C F4 0C F3 
BAT RX 0x315 [8] 0C F6 0C F6 0C F5 0C F5 
BAT RX 0x314 [8] 40 10 5B 04 00 03 05 41 
BAT RX 0x313 [8] 14 B4 00 00 00 DF 46 63 
BAT RX 0x312 [8] 00 00 00 00 02 00 00 00 
BAT RX 0x311 [8] 02 38 08 24 08 24 01 61 
[16s] OK V=53.00V I=+0.0A T=22.3C SOC=70% SOH=99% | CVL=56.8V CCL=208.4A DCL=208.4A | chg=1 dis=1 fc1=0 fc2=0 | prot=0000 warn=0000 | packs=2 | inv0x305=no
BAT RX 0x330 [8] 01 07 01 01 0C F6 0C F4 
BAT RX 0x329 [8] 02 00 19 C0 02 00 40 48 
BAT RX 0x323 [8] 20 0E 10 00 00 00 00 00 
BAT RX 0x324 [8] 02 42 42 37 00 00 00 00 
BAT RX 0x322 [8] 00 F3 00 CE 03 01 46 46 
BAT RX 0x320 [8] 50 41 C3 85 85 00 00 00 
BAT RX 0x319 [8] C0 0C F6 0C F4 07 01 00 
BAT RX 0x318 [8] 0C F5 0C F4 0C F4 0C F4 
BAT RX 0x317 [8] 0C F6 0C F6 0C F6 0C F6 
BAT RX 0x316 [8] 0C F4 0C F4 0C F4 0C F4 
BAT RX 0x315 [8] 0C F6 0C F6 0C F5 0C F5 
BAT RX 0x314 [8] 40 10 5B 04 00 02 05 41 
BAT RX 0x313 [8] 14 B4 00 00 00 DF 46 63 
BAT RX 0x312 [8] 00 00 00 00 02 00 00 00 
BAT RX 0x311 [8] 02 38 08 24 08 24 01 61 
BAT RX 0x330 [8] 01 07 01 01 0C F6 0C F4 
BAT RX 0x329 [8] 01 00 22 34 01 00 3F AD 
BAT RX 0x323 [8] 20 0E 10 00 00 00 00 00 
BAT RX 0x324 [8] 00 01 47 50 4A 30 32 31 
BAT RX 0x322 [8] 00 F3 00 CE 03 01 46 46 
BAT RX 0x320 [8] 50 41 C3 85 85 00 00 00 
BAT RX 0x319 [8] C0 0C F6 0C F4 07 01 00 
BAT RX 0x318 [8] 0C F5 0C F5 0C F4 0C F4 
BAT RX 0x317 [8] 0C F6 0C F6 0C F6 0C F5 
BAT RX 0x316 [8] 0C F4 0C F4 0C F4 0C F4 
BAT RX 0x315 [8] 0C F6 0C F6 0C F6 0C F6 
BAT RX 0x314 [8] 40 10 5B 04 00 02 05 41 
BAT RX 0x313 [8] 14 B4 00 00 00 DF 46 63 
BAT RX 0x312 [8] 00 00 00 00 02 00 00 00 
BAT RX 0x311 [8] 02 38 08 24 08 24 01 61 
[18s] OK V=53.00V I=+0.0A T=22.3C SOC=70% SOH=99% | CVL=56.8V CCL=208.4A DCL=208.4A | chg=1 dis=1 fc1=0 fc2=0 | prot=0000 warn=0000 | packs=2 | inv0x305=no
BAT RX 0x330 [8] 01 0E 01 02 0C F6 0C F4 
BAT RX 0x329 [8] 02 00 19 C0 02 00 40 48 
BAT RX 0x323 [8] 20 0E 10 00 00 00 00 00 
BAT RX 0x324 [8] 01 39 35 32 32 30 36 32 
BAT RX 0x322 [8] 00 F3 00 CE 03 01 46 46 
BAT RX 0x320 [8] 50 41 C3 85 85 00 00 00 
BAT RX 0x319 [8] C0 0C F6 0C F4 0E 02 00 
BAT RX 0x318 [8] 0C F4 0C F4 0C F4 0C F4 
BAT RX 0x317 [8] 0C F6 0C F5 0C F5 0C F5 
BAT RX 0x316 [8] 0C F4 0C F4 0C F4 0C F4 
BAT RX 0x315 [8] 0C F6 0C F5 0C F5 0C F5 
BAT RX 0x314 [8] 40 10 5B 04 00 02 05 41 
BAT RX 0x313 [8] 14 B4 00 00 00 DF 46 63 
BAT RX 0x312 [8] 00 00 00 00 02 00 00 00 
BAT RX 0x311 [8] 02 38 08 24 08 24 01 61 
BAT RX 0x330 [8] 01 0D 01 03 0C F6 0C F4 
BAT RX 0x329 [8] 01 00 22 34 01 00 3F AD 
BAT RX 0x323 [8] 20 0E 10 00 00 00 00 00 
BAT RX 0x324 [8] 02 43 30 37 00 00 00 00 
BAT RX 0x322 [8] 00 F3 00 CE 03 01 46 46 
BAT RX 0x320 [8] 50 41 C3 85 85 00 00 00 
BAT RX 0x319 [8] C0 0C F6 0C F4 0D 03 00 
BAT RX 0x318 [8] 0C F5 0C F5 0C F4 0C F4 
BAT RX 0x317 [8] 0C F6 0C F6 0C F5 0C F5 
BAT RX 0x316 [8] 0C F4 0C F4 0C F4 0C F4 
BAT RX 0x315 [8] 0C F6 0C F6 0C F6 0C F5 
BAT RX 0x314 [8] 40 10 5B 04 00 02 05 41 
BAT RX 0x313 [8] 14 B4 00 00 00 DF 46 63 
BAT RX 0x312 [8] 00 00 00 00 02 00 00 00 
BAT RX 0x311 [8] 02 38 08 24 08 24 01 61 
[20s] OK V=53.00V I=+0.0A T=22.3C SOC=70% SOH=99% | CVL=56.8V CCL=208.4A DCL=208.4A | chg=1 dis=1 fc1=0 fc2=0 | prot=0000 warn=0000 | packs=2 | inv0x305=no
BAT RX 0x330 [8] 01 07 01 01 0C F6 0C F4 
BAT RX 0x329 [8] 02 00 19 C0 02 00 40 48 
BAT RX 0x323 [8] 20 0E 10 00 00 00 00 00 
BAT RX 0x324 [8] 00 02 47 50 4A 30 32 31 
BAT RX 0x322 [8] 00 F3 00 CE 03 01 46 46 
BAT RX 0x320 [8] 50 41 C3 85 85 00 00 00 
BAT RX 0x319 [8] C0 0C F6 0C F4 07 01 00 
BAT RX 0x318 [8] 0C F5 0C F5 0C F4 0C F4 
BAT RX 0x317 [8] 0C F6 0C F6 0C F6 0C F5 
BAT RX 0x316 [8] 0C F4 0C F4 0C F4 0C F4 
BAT RX 0x315 [8] 0C F6 0C F6 0C F6 0C F6 
BAT RX 0x314 [8] 40 10 5B 04 00 02 05 41 
BAT RX 0x313 [8] 14 B4 00 00 00 DF 46 63 
BAT RX 0x312 [8] 00 00 00 00 02 00 00 00 
BAT RX 0x311 [8] 02 38 08 24 08 24 01 61 
BAT RX 0x330 [8] 02 0D 01 01 0C F7 0C F4 
BAT RX 0x329 [8] 01 00 22 34 01 00 3F AD 
BAT RX 0x323 [8] 20 0E 10 00 00 00 00 00 
BAT RX 0x324 [8] 01 39 35 32 32 30 36 32 
BAT RX 0x322 [8] 00 F3 00 CE 03 01 46 46 
BAT RX 0x320 [8] 50 41 C3 85 85 00 00 00 
BAT RX 0x319 [8] C0 0C F7 0C F4 1D 01 00 
BAT RX 0x318 [8] 0C F5 0C F5 0C F4 0C F4 
BAT RX 0x317 [8] 0C F7 0C F6 0C F5 0C F5 
BAT RX 0x316 [8] 0C F4 0C F4 0C F4 0C F4 
BAT RX 0x315 [8] 0C F6 0C F6 0C F6 0C F5 
BAT RX 0x314 [8] 40 10 5B 04 00 03 05 41 
BAT RX 0x313 [8] 14 B4 00 00 00 DF 46 63 
BAT RX 0x312 [8] 00 00 00 00 02 00 00 00 
BAT RX 0x311 [8] 02 38 08 24 08 24 01 61 
[22s] OK V=53.00V I=+0.0A T=22.3C SOC=70% SOH=99% | CVL=56.8V CCL=208.4A DCL=208.4A | chg=1 dis=1 fc1=0 fc2=0 | prot=0000 warn=0000 | packs=2 | inv0x305=no
BAT RX 0x330 [8] 01 07 01 01 0C F6 0C F4 
BAT RX 0x329 [8] 02 00 19 C0 02 00 40 48 
BAT RX 0x323 [8] 20 0E 10 00 00 00 00 00 
BAT RX 0x324 [8] 02 42 42 37 00 00 00 00 
BAT RX 0x322 [8] 00 F3 00 CE 03 01 46 46 
BAT RX 0x320 [8] 50 41 C3 85 85 00 00 00 
BAT RX 0x319 [8] C0 0C F6 0C F4 07 01 00 
BAT RX 0x318 [8] 0C F5 0C F5 0C F4 0C F4 
BAT RX 0x317 [8] 0C F6 0C F6 0C F6 0C F6 
BAT RX 0x316 [8] 0C F5 0C F4 0C F4 0C F4 
BAT RX 0x315 [8] 0C F6 0C F6 0C F6 0C F5 
BAT RX 0x314 [8] 40 10 5B 04 00 02 05 41 
BAT RX 0x313 [8] 14 B4 00 00 00 DF 46 63 
BAT RX 0x312 [8] 00 00 00 00 02 00 00 00 
BAT RX 0x311 [8] 02 38 08 24 08 24 01 61 
BAT RX 0x330 [8] 01 0D 01 01 0C F6 0C F4 
BAT RX 0x329 [8] 01 00 22 34 01 00 3F AD 
BAT RX 0x323 [8] 20 0E 10 00 00 00 00 00 
BAT RX 0x324 [8] 00 01 47 50 4A 30 32 31 
BAT RX 0x322 [8] 00 F3 00 CE 03 01 46 46 
BAT RX 0x320 [8] 50 41 C3 85 85 00 00 00 
BAT RX 0x319 [8] C0 0C F6 0C F4 0D 01 00 
BAT RX 0x318 [8] 0C F5 0C F5 0C F5 0C F4 
BAT RX 0x317 [8] 0C F6 0C F6 0C F6 0C F6 
BAT RX 0x316 [8] 0C F4 0C F4 0C F4 0C F4 
BAT RX 0x315 [8] 0C F6 0C F6 0C F6 0C F6 
BAT RX 0x314 [8] 40 10 5B 04 00 02 05 41 
BAT RX 0x313 [8] 14 B4 00 00 00 DF 46 63 
BAT RX 0x312 [8] 00 00 00 00 02 00 00 00 
BAT RX 0x311 [8] 02 38 08 24 08 24 01 61 
[24s] OK V=53.00V I=+0.0A T=22.3C SOC=70% SOH=99% | CVL=56.8V CCL=208.4A DCL=208.4A | chg=1 dis=1 fc1=0 fc2=0 | prot=0000 warn=0000 | packs=2 | inv0x305=no
BAT RX 0x330 [8] 02 0D 01 01 0C F7 0C F4 
BAT RX 0x329 [8] 02 00 19 C0 02 00 40 48 
BAT RX 0x323 [8] 20 0E 10 00 00 00 00 00 
BAT RX 0x324 [8] 01 39 35 32 32 30 36 32 
BAT RX 0x322 [8] 00 F3 00 CE 03 01 46 46 
BAT RX 0x320 [8] 50 41 C3 85 85 00 00 00 
BAT RX 0x319 [8] C0 0C F7 0C F4 1D 01 00 
BAT RX 0x318 [8] 0C F5 0C F5 0C F5 0C F4 
BAT RX 0x317 [8] 0C F7 0C F6 0C F6 0C F5 
BAT RX 0x316 [8] 0C F5 0C F4 0C F4 0C F4 
BAT RX 0x315 [8] 0C F6 0C F6 0C F6 0C F6 
BAT RX 0x314 [8] 40 10 5B 04 00 03 05 41 
BAT RX 0x313 [8] 14 B4 00 00 00 DF 46 63 
BAT RX 0x312 [8] 00 00 00 00 02 00 00 00 
BAT RX 0x311 [8] 02 38 08 24 08 24 01 61 
BAT RX 0x330 [8] 02 0D 01 01 0C F7 0C F4 
BAT RX 0x329 [8] 01 00 22 34 01 00 3F AD 
BAT RX 0x323 [8] 20 0E 10 00 00 00 00 00 
BAT RX 0x324 [8] 02 43 30 37 00 00 00 00 
BAT RX 0x322 [8] 00 F3 00 CE 03 01 46 46 
BAT RX 0x320 [8] 50 41 C3 85 85 00 00 00 
BAT RX 0x319 [8] C0 0C F7 0C F4 1D 01 00 
BAT RX 0x318 [8] 0C F5 0C F5 0C F5 0C F4 
BAT RX 0x317 [8] 0C F7 0C F6 0C F6 0C F6 
BAT RX 0x316 [8] 0C F5 0C F4 0C F4 0C F4 
BAT RX 0x315 [8] 0C F7 0C F6 0C F6 0C F6 
BAT RX 0x314 [8] 40 10 5B 04 00 03 05 41 
BAT RX 0x313 [8] 14 B4 00 00 00 DF 46 63 
BAT RX 0x312 [8] 00 00 00 00 02 00 00 00 
BAT RX 0x311 [8] 02 38 08 24 08 24 01 61 
[26s] OK V=53.00V I=+0.0A T=22.3C SOC=70% SOH=99% | CVL=56.8V CCL=208.4A DCL=208.4A | chg=1 dis=1 fc1=0 fc2=0 | prot=0000 warn=0000 | packs=2 | inv0x305=no
BAT RX 0x330 [8] 01 07 01 03 0C F6 0C F4 
BAT RX 0x329 [8] 02 00 19 C0 02 00 40 48 
BAT RX 0x323 [8] 20 0E 10 00 00 00 00 00 
BAT RX 0x324 [8] 00 02 47 50 4A 30 32 31 
BAT RX 0x322 [8] 00 F3 00 CE 03 01 46 46 
BAT RX 0x320 [8] 50 41 C3 85 85 00 00 00 
BAT RX 0x319 [8] C0 0C F6 0C F4 07 03 00 
BAT RX 0x318 [8] 0C F5 0C F5 0C F5 0C F4 
BAT RX 0x317 [8] 0C F6 0C F6 0C F6 0C F6 
BAT RX 0x316 [8] 0C F5 0C F5 0C F5 0C F4 
BAT RX 0x315 [8] 0C F6 0C F6 0C F6 0C F5 
BAT RX 0x314 [8] 40 10 5B 04 00 02 05 41 
BAT RX 0x313 [8] 14 B4 00 00 00 DF 46 63 
BAT RX 0x312 [8] 00 00 00 00 02 00 00 00 
BAT RX 0x311 [8] 02 38 08 24 08 24 01 61 
BAT RX 0x330 [8] 02 0D 01 06 0C F7 0C F4 
BAT RX 0x329 [8] 01 00 22 34 01 00 3F AD 
BAT RX 0x323 [8] 20 0E 10 00 00 00 00 00 
BAT RX 0x324 [8] 01 39 35 32 32 30 36 32 
BAT RX 0x322 [8] 00 F3 00 CE 03 01 46 46 
BAT RX 0x320 [8] 50 41 C3 85 85 00 00 00 
BAT RX 0x319 [8] C0 0C F7 0C F4 1D 06 00 
BAT RX 0x318 [8] 0C F5 0C F5 0C F5 0C F5 
BAT RX 0x317 [8] 0C F7 0C F6 0C F6 0C F6 
BAT RX 0x316 [8] 0C F4 0C F4 0C F4 0C F4 
BAT RX 0x315 [8] 0C F6 0C F6 0C F5 0C F5 
BAT RX 0x314 [8] 40 10 5B 04 00 02 05 41 
BAT RX 0x313 [8] 14 B4 00 00 00 DF 46 63 
BAT RX 0x312 [8] 00 00 00 00 02 00 00 00 
BAT RX 0x311 [8] 02 38 08 24 08 24 01 61 
[28s] OK V=53.00V I=+0.0A T=22.3C SOC=70% SOH=99% | CVL=56.8V CCL=208.4A DCL=208.4A | chg=1 dis=1 fc1=0 fc2=0 | prot=0000 warn=0000 | packs=2 | inv0x305=no
BAT RX 0x330 [8] 01 07 01 01 0C F6 0C F4 
BAT RX 0x329 [8] 02 00 19 C0 02 00 40 48 
BAT RX 0x323 [8] 20 0E 10 00 00 00 00 00 
BAT RX 0x324 [8] 02 42 42 37 00 00 00 00 
BAT RX 0x322 [8] 00 F3 00 CE 03 01 46 46 
BAT RX 0x320 [8] 50 41 C3 85 85 00 00 00 
BAT RX 0x319 [8] C0 0C F6 0C F4 07 01 00 
BAT RX 0x318 [8] 0C F5 0C F5 0C F5 0C F5 
BAT RX 0x317 [8] 0C F6 0C F6 0C F6 0C F6 
BAT RX 0x316 [8] 0C F5 0C F5 0C F4 0C F4 
BAT RX 0x315 [8] 0C F6 0C F6 0C F6 0C F6 
BAT RX 0x314 [8] 40 10 5B 04 00 02 05 41 
BAT RX 0x313 [8] 14 B4 00 00 00 DF 46 63 
BAT RX 0x312 [8] 00 00 00 00 02 00 00 00 
BAT RX 0x311 [8] 02 38 08 24 08 24 01 61 

---- battery-bus rate stats (VERBOSE_STATS) ----------------------------
  353 frames, 30 s elapsed
  ID     count   period(ms)  (min-max gap)
  0x324      23   1123 (1-4867)
  0x329      25    968 (1-4866)
  0x330      28    860 (0-4000)
  0x312      23   1061 (1-4867)
  0x313      23   1061 (1-4867)
  0x314      23   1060 (1-4867)
  0x315      23   1060 (1-4867)
  0x316      23   1059 (1-4867)
  0x317      23   1059 (1-4867)
  0x318      23   1058 (1-4867)
  0x319      23   1058 (1-4867)
  0x320      23   1057 (1-4866)
  0x322      23   1057 (0-4867)
  0x311      23   1062 (1-4867)
  0x323      24   1010 (1-4866)
--------------------------------------------------------------------------

  TWAI: state=RUNNING  tx_err=0 rx_err=0  tx_failed=0  rx_missed=111 rx_overrun=0  arb_lost=0  bus_err=0
BAT RX 0x330 [8] 01 0E 01 01 0C F7 0C F4 
BAT RX 0x329 [8] 01 00 22 34 01 00 3F AD 
BAT RX 0x323 [8] 20 0E 10 00 00 00 00 00 
BAT RX 0x324 [8] 00 01 47 50 4A 30 32 31 
BAT RX 0x322 [8] 00 F3 00 CE 03 01 46 46 
BAT RX 0x320 [8] 50 41 C3 85 85 00 00 00 
BAT RX 0x319 [8] C0 0C F7 0C F4 0E 01 00 
BAT RX 0x318 [8] 0C F5 0C F5 0C F5 0C F4 
BAT RX 0x317 [8] 0C F6 0C F6 0C F6 0C F6 
BAT RX 0x316 [8] 0C F5 0C F5 0C F4 0C F4 
BAT RX 0x315 [8] 0C F6 0C F6 0C F6 0C F6 
BAT RX 0x314 [8] 40 10 5B 04 00 02 05 41 
BAT RX 0x313 [8] 14 B4 00 00 00 DF 46 63 
BAT RX 0x312 [8] 00 00 00 00 02 00 00 00 
BAT RX 0x311 [8] 02 38 08 24 08 24 01 61 
[30s] OK V=53.00V I=+0.0A T=22.3C SOC=70% SOH=99% | CVL=56.8V CCL=208.4A DCL=208.4A | chg=1 dis=1 fc1=0 fc2=0 | prot=0000 warn=0000 | packs=2 | inv0x305=no
BAT RX 0x330 [8] 02 0D 01 02 0C F7 0C F4 
BAT RX 0x329 [8] 02 00 19 C0 02 00 40 48 
BAT RX 0x323 [8] 20 0E 10 00 00 00 00 00 
BAT RX 0x324 [8] 01 39 35 32 32 30 36 32 
BAT RX 0x322 [8] 00 F3 00 CE 03 01 46 46 
BAT RX 0x320 [8] 50 41 C3 85 85 00 00 00 
BAT RX 0x319 [8] C0 0C F7 0C F4 1D 02 00 
BAT RX 0x318 [8] 0C F5 0C F5 0C F5 0C F5 
BAT RX 0x317 [8] 0C F7 0C F6 0C F6 0C F6 
BAT RX 0x316 [8] 0C F5 0C F4 0C F4 0C F4 
BAT RX 0x315 [8] 0C F6 0C F6 0C F6 0C F6 
BAT RX 0x314 [8] 40 10 5B 04 00 02 05 41 
BAT RX 0x313 [8] 14 B4 00 00 00 DF 46 63 
BAT RX 0x312 [8] 00 00 00 00 02 00 00 00 
BAT RX 0x311 [8] 02 38 08 24 08 24 01 61 
BAT RX 0x330 [8] 02 0D 01 03 0C F7 0C F4 
BAT RX 0x329 [8] 01 00 22 34 01 00 3F AD 
BAT RX 0x323 [8] 20 0E 10 00 00 00 00 00 
BAT RX 0x324 [8] 02 43 30 37 00 00 00 00 
BAT RX 0x322 [8] 00 F3 00 CE 03 01 46 46 
BAT RX 0x320 [8] 50 41 C3 85 85 00 00 00 
BAT RX 0x319 [8] C0 0C F7 0C F4 1D 03 00 
BAT RX 0x318 [8] 0C F5 0C F5 0C F5 0C F4 
BAT RX 0x317 [8] 0C F7 0C F6 0C F6 0C F6 
BAT RX 0x316 [8] 0C F5 0C F5 0C F5 0C F4 
BAT RX 0x315 [8] 0C F6 0C F6 0C F6 0C F6 
BAT RX 0x314 [8] 40 10 5B 04 00 03 05 41 
BAT RX 0x313 [8] 14 B4 00 00 00 DF 46 63 
BAT RX 0x312 [8] 00 00 00 00 02 00 00 00 
BAT RX 0x311 [8] 02 38 08 24 08 24 01 61 
[32s] OK V=53.00V I=+0.0A T=22.3C SOC=70% SOH=99% | CVL=56.8V CCL=208.4A DCL=208.4A | chg=1 dis=1 fc1=0 fc2=0 | prot=0000 warn=0000 | packs=2 | inv0x305=no
BAT RX 0x330 [8] 01 0F 01 03 0C F7 0C F4 
BAT RX 0x329 [8] 02 00 19 C0 02 00 40 48 
BAT RX 0x323 [8] 20 0E 10 00 00 00 00 00 
BAT RX 0x324 [8] 00 02 47 50 4A 30 32 31 
BAT RX 0x322 [8] 00 F3 00 CE 03 01 46 46 
BAT RX 0x320 [8] 50 41 C3 85 85 00 00 00 
BAT RX 0x319 [8] C0 0C F7 0C F4 0F 03 00 
BAT RX 0x318 [8] 0C F5 0C F5 0C F5 0C F4 
BAT RX 0x317 [8] 0C F6 0C F6 0C F6 0C F6 
BAT RX 0x316 [8] 0C F5 0C F5 0C F5 0C F4 
BAT RX 0x315 [8] 0C F6 0C F6 0C F6 0C F6 
BAT RX 0x314 [8] 40 10 5B 04 00 02 05 41 
BAT RX 0x313 [8] 14 B4 00 00 00 DF 46 63 
BAT RX 0x312 [8] 00 00 00 00 02 00 00 00 
BAT RX 0x311 [8] 02 38 08 24 08 24 01 61 
BAT RX 0x330 [8] 01 07 01 03 0C F6 0C F4 
BAT RX 0x329 [8] 01 00 22 34 01 00 3F AD 
BAT RX 0x323 [8] 20 0E 10 00 00 00 00 00 
BAT RX 0x324 [8] 01 39 35 32 32 30 36 32 
BAT RX 0x322 [8] 00 F3 00 CE 03 01 46 46 
BAT RX 0x320 [8] 50 41 C3 85 85 00 00 00 
BAT RX 0x319 [8] C0 0C F6 0C F4 07 03 00 
BAT RX 0x318 [8] 0C F5 0C F5 0C F5 0C F5 
BAT RX 0x317 [8] 0C F6 0C F6 0C F6 0C F6 
BAT RX 0x316 [8] 0C F5 0C F5 0C F4 0C F4 
BAT RX 0x315 [8] 0C F6 0C F6 0C F6 0C F6 
BAT RX 0x314 [8] 40 10 5B 04 00 02 05 41 
BAT RX 0x313 [8] 14 B4 00 00 00 DF 46 63 
BAT RX 0x312 [8] 00 00 00 00 02 00 00 00 
BAT RX 0x311 [8] 02 38 08 24 08 24 01 61 
[34s] OK V=53.00V I=+0.0A T=22.3C SOC=70% SOH=99% | CVL=56.8V CCL=208.4A DCL=208.4A | chg=1 dis=1 fc1=0 fc2=0 | prot=0000 warn=0000 | packs=2 | inv0x305=no
BAT RX 0x330 [8] 02 0D 01 03 0C F7 0C F4 
BAT RX 0x329 [8] 02 00 19 C0 02 00 40 48 
BAT RX 0x323 [8] 20 0E 10 00 00 00 00 00 
BAT RX 0x324 [8] 02 42 42 37 00 00 00 00 
BAT RX 0x322 [8] 00 F3 00 CE 03 01 46 46 
BAT RX 0x320 [8] 50 41 C3 85 85 00 00 00 
BAT RX 0x319 [8] C0 0C F7 0C F4 1D 03 00 
BAT RX 0x318 [8] 0C F5 0C F5 0C F5 0C F4 
BAT RX 0x317 [8] 0C F7 0C F7 0C F6 0C F6 
BAT RX 0x316 [8] 0C F5 0C F5 0C F5 0C F5 
BAT RX 0x315 [8] 0C F6 0C F6 0C F6 0C F6 
BAT RX 0x314 [8] 40 10 5B 04 00 03 05 41 
BAT RX 0x313 [8] 14 B4 00 00 00 DF 46 63 
BAT RX 0x312 [8] 00 00 00 00 02 00 00 00 
BAT RX 0x311 [8] 02 38 08 24 08 24 01 61 
BAT RX 0x330 [8] 01 0E 01 01 0C F7 0C F4 
BAT RX 0x329 [8] 01 00 22 34 01 00 3F AD 
BAT RX 0x323 [8] 20 0E 10 00 00 00 00 00 
BAT RX 0x324 [8] 00 01 47 50 4A 30 32 31 
BAT RX 0x322 [8] 00 F3 00 CE 03 01 46 46 
BAT RX 0x320 [8] 50 41 C3 85 85 00 00 00 
BAT RX 0x319 [8] C0 0C F7 0C F4 0E 01 00 
BAT RX 0x318 [8] 0C F5 0C F5 0C F5 0C F4 
BAT RX 0x317 [8] 0C F7 0C F6 0C F6 0C F6 
BAT RX 0x316 [8] 0C F5 0C F5 0C F4 0C F4 
BAT RX 0x315 [8] 0C F6 0C F6 0C F6 0C F6 
BAT RX 0x314 [8] 40 10 5B 04 00 03 05 41 
BAT RX 0x313 [8] 14 B4 00 00 00 DF 46 63 
BAT RX 0x312 [8] 00 00 00 00 02 00 00 00 
BAT RX 0x311 [8] 02 38 08 24 08 24 01 61 
[36s] OK V=53.00V I=+0.0A T=22.3C SOC=70% SOH=99% | CVL=56.8V CCL=208.4A DCL=208.4A | chg=1 dis=1 fc1=0 fc2=0 | prot=0000 warn=0000 | packs=2 | inv0x305=no
BAT RX 0x330 [8] 02 0D 01 01 0C F7 0C F5 
BAT RX 0x329 [8] 02 00 19 C0 02 00 40 48 
BAT RX 0x323 [8] 20 0E 10 00 00 00 00 00 
BAT RX 0x324 [8] 01 39 35 32 32 30 36 32 
BAT RX 0x322 [8] 00 F3 00 CE 03 01 46 46 
BAT RX 0x320 [8] 50 41 C3 85 85 00 00 00 
BAT RX 0x319 [8] C0 0C F7 0C F5 1D 01 00 
BAT RX 0x318 [8] 0C F5 0C F5 0C F5 0C F5 
BAT RX 0x317 [8] 0C F7 0C F6 0C F6 0C F6 
BAT RX 0x316 [8] 0C F5 0C F5 0C F5 0C F4 
BAT RX 0x315 [8] 0C F7 0C F6 0C F6 0C F6 
BAT RX 0x314 [8] 40 10 5B 04 00 03 05 41 
BAT RX 0x313 [8] 14 B4 00 00 00 DF 46 63 
BAT RX 0x312 [8] 00 00 00 00 02 00 00 00 
BAT RX 0x311 [8] 02 38 08 24 08 24 01 61 
BAT RX 0x330 [8] 02 0D 01 01 0C F7 0C F4 
BAT RX 0x329 [8] 01 00 22 34 01 00 3F AD 
BAT RX 0x323 [8] 20 0E 10 00 00 00 00 00 
BAT RX 0x324 [8] 02 43 30 37 00 00 00 00 
BAT RX 0x322 [8] 00 F3 00 CE 03 01 46 46 
BAT RX 0x320 [8] 50 41 C3 85 85 00 00 00 
BAT RX 0x319 [8] C0 0C F7 0C F4 1D 01 00 
BAT RX 0x318 [8] 0C F5 0C F5 0C F5 0C F4 
BAT RX 0x317 [8] 0C F7 0C F6 0C F6 0C F6 
BAT RX 0x316 [8] 0C F5 0C F4 0C F4 0C F4 
BAT RX 0x315 [8] 0C F6 0C F6 0C F6 0C F6 
BAT RX 0x314 [8] 40 10 5B 04 00 03 05 41 
BAT RX 0x313 [8] 14 B4 00 00 00 DF 46 63 
BAT RX 0x312 [8] 00 00 00 00 02 00 00 00 
BAT RX 0x311 [8] 02 38 08 24 08 24 01 61 
[38s] OK V=53.00V I=+0.0A T=22.3C SOC=70% SOH=99% | CVL=56.8V CCL=208.4A DCL=208.4A | chg=1 dis=1 fc1=0 fc2=0 | prot=0000 warn=0000 | packs=2 | inv0x305=no
BAT RX 0x330 [8] 02 0D 01 04 0C F7 0C F4 
BAT RX 0x329 [8] 02 00 19 C0 02 00 40 48 
BAT RX 0x323 [8] 20 0E 10 00 00 00 00 00 
BAT RX 0x324 [8] 00 02 47 50 4A 30 32 31 
BAT RX 0x322 [8] 00 F3 00 CE 03 01 46 46 
BAT RX 0x320 [8] 50 41 C3 85 85 00 00 00 
BAT RX 0x319 [8] C0 0C F7 0C F4 1D 04 00 
BAT RX 0x318 [8] 0C F5 0C F5 0C F5 0C F4 
BAT RX 0x317 [8] 0C F7 0C F6 0C F6 0C F6 
BAT RX 0x316 [8] 0C F5 0C F5 0C F5 0C F4 
BAT RX 0x315 [8] 0C F6 0C F6 0C F6 0C F6 
BAT RX 0x314 [8] 40 10 5B 04 00 03 05 41 
BAT RX 0x313 [8] 14 B4 00 00 00 DF 46 63 
BAT RX 0x312 [8] 00 00 00 00 02 00 00 00 
BAT RX 0x311 [8] 02 38 08 24 08 24 01 61 
BAT RX 0x330 [8] 02 0D 01 01 0C F7 0C F5 
BAT RX 0x329 [8] 01 00 22 34 01 00 3F AD 
BAT RX 0x323 [8] 20 0E 10 00 00 00 00 00 
BAT RX 0x324 [8] 01 39 35 32 32 30 36 32 
BAT RX 0x322 [8] 00 F3 00 CE 03 01 46 46 
BAT RX 0x320 [8] 50 41 C3 85 85 00 00 00 
BAT RX 0x319 [8] C0 0C F7 0C F5 1D 01 00 
BAT RX 0x318 [8] 0C F5 0C F5 0C F5 0C F5 
BAT RX 0x317 [8] 0C F7 0C F6 0C F6 0C F6 
BAT RX 0x316 [8] 0C F5 0C F5 0C F5 0C F4 
BAT RX 0x315 [8] 0C F6 0C F6 0C F6 0C F6 
BAT RX 0x314 [8] 40 10 5B 04 00 02 05 41 
BAT RX 0x313 [8] 14 B4 00 00 00 DF 46 63 
BAT RX 0x312 [8] 00 00 00 00 02 00 00 00 
BAT RX 0x311 [8] 02 38 08 24 08 24 01 61 
[40s] OK V=53.00V I=+0.0A T=22.3C SOC=70% SOH=99% | CVL=56.8V CCL=208.4A DCL=208.4A | chg=1 dis=1 fc1=0 fc2=0 | prot=0000 warn=0000 | packs=2 | inv0x305=no
BAT RX 0x330 [8] 01 0E 01 01 0C F7 0C F5 
BAT RX 0x329 [8] 02 00 19 C0 02 00 40 48 
BAT RX 0x323 [8] 20 0E 10 00 00 00 00 00 
BAT RX 0x324 [8] 02 42 42 37 00 00 00 00 
BAT RX 0x322 [8] 00 F3 00 CE 03 01 46 46 
BAT RX 0x320 [8] 50 41 C3 85 85 00 00 00 
BAT RX 0x319 [8] C0 0C F7 0C F5 0E 01 00 
BAT RX 0x318 [8] 0C F5 0C F5 0C F5 0C F5 
BAT RX 0x317 [8] 0C F7 0C F6 0C F6 0C F6 
BAT RX 0x316 [8] 0C F5 0C F5 0C F5 0C F5 
BAT RX 0x315 [8] 0C F7 0C F6 0C F6 0C F6 
BAT RX 0x314 [8] 40 10 5B 04 00 02 05 41 
BAT RX 0x313 [8] 14 B4 00 00 00 DF 46 63 
BAT RX 0x312 [8] 00 00 00 00 02 00 00 00 
BAT RX 0x311 [8] 02 38 08 24 08 24 01 61 
BAT RX 0x330 [8] 01 0E 01 01 0C F7 0C F5 
BAT RX 0x329 [8] 01 00 22 34 01 00 3F AD 
BAT RX 0x323 [8] 20 0E 10 00 00 00 00 00 
BAT RX 0x324 [8] 00 01 47 50 4A 30 32 31 
BAT RX 0x322 [8] 00 F3 00 CE 03 01 46 46 
BAT RX 0x320 [8] 50 41 C3 85 85 00 00 00 
BAT RX 0x319 [8] C0 0C F7 0C F5 0E 01 00 
BAT RX 0x318 [8] 0C F5 0C F5 0C F5 0C F5 
BAT RX 0x317 [8] 0C F7 0C F6 0C F6 0C F6 
BAT RX 0x316 [8] 0C F5 0C F5 0C F5 0C F5 
BAT RX 0x315 [8] 0C F6 0C F6 0C F6 0C F6 
BAT RX 0x314 [8] 40 10 5B 04 00 02 05 41 
BAT RX 0x313 [8] 14 B4 00 00 00 DF 46 63 
BAT RX 0x312 [8] 00 00 00 00 02 00 00 00 
BAT RX 0x311 [8] 02 38 08 24 08 24 01 61 
[42s] OK V=53.00V I=+0.0A T=22.3C SOC=70% SOH=99% | CVL=56.8V CCL=208.4A DCL=208.4A | chg=1 dis=1 fc1=0 fc2=0 | prot=0000 warn=0000 | packs=2 | inv0x305=no
BAT RX 0x330 [8] 01 07 01 01 0C F6 0C F5 
BAT RX 0x329 [8] 02 00 19 C0 02 00 40 48 
BAT RX 0x323 [8] 20 0E 10 00 00 00 00 00 
BAT RX 0x324 [8] 01 39 35 32 32 30 36 32 
BAT RX 0x322 [8] 00 F3 00 CE 03 01 46 46 
BAT RX 0x320 [8] 50 41 C3 85 85 00 00 00 
BAT RX 0x319 [8] C0 0C F6 0C F5 07 01 00 
BAT RX 0x318 [8] 0C F6 0C F5 0C F5 0C F5 
BAT RX 0x317 [8] 0C F6 0C F6 0C F6 0C F6 
BAT RX 0x316 [8] 0C F5 0C F5 0C F5 0C F4 
BAT RX 0x315 [8] 0C F6 0C F6 0C F6 0C F6 
BAT RX 0x314 [8] 40 10 5B 04 00 02 05 41 
BAT RX 0x313 [8] 14 B4 00 00 00 DF 46 63 
BAT RX 0x312 [8] 00 00 00 00 02 00 00 00 
BAT RX 0x311 [8] 02 38 08 24 08 24 01 61 
BAT RX 0x330 [8] 01 0E 01 03 0C F7 0C F4 
BAT RX 0x329 [8] 01 00 22 34 01 00 3F AD 
BAT RX 0x323 [8] 20 0E 10 00 00 00 00 00 
BAT RX 0x324 [8] 02 43 30 37 00 00 00 00 
BAT RX 0x322 [8] 00 F3 00 CE 03 01 46 46 
BAT RX 0x320 [8] 50 41 C3 85 85 00 00 00 
BAT RX 0x319 [8] C0 0C F7 0C F4 0E 03 00 
BAT RX 0x318 [8] 0C F5 0C F5 0C F5 0C F5 
BAT RX 0x317 [8] 0C F6 0C F6 0C F6 0C F6 
BAT RX 0x316 [8] 0C F5 0C F5 0C F5 0C F5 
BAT RX 0x315 [8] 0C F6 0C F6 0C F6 0C F6 
BAT RX 0x314 [8] 40 10 5B 04 00 01 05 41 
BAT RX 0x313 [8] 14 B4 00 00 00 DF 46 63 
BAT RX 0x312 [8] 00 00 00 00 02 00 00 00 
BAT RX 0x311 [8] 02 38 08 24 08 24 01 61 
[44s] OK V=53.00V I=+0.0A T=22.3C SOC=70% SOH=99% | CVL=56.8V CCL=208.4A DCL=208.4A | chg=1 dis=1 fc1=0 fc2=0 | prot=0000 warn=0000 | packs=2 | inv0x305=no

---- battery-bus rate stats (VERBOSE_STATS) ----------------------------
  578 frames, 45 s elapsed
  ID     count   period(ms)  (min-max gap)
  0x324      38   1072 (1-4867)
  0x329      40    980 (1-4866)
  0x330      43    910 (0-4000)
  0x312      38   1036 (1-4867)
  0x313      38   1035 (1-4867)
  0x314      38   1035 (1-4867)
  0x315      38   1035 (1-4867)
  0x316      38   1035 (1-4867)
  0x317      38   1034 (1-4867)
  0x318      38   1034 (1-4867)
  0x319      38   1034 (1-4867)
  0x320      38   1034 (1-4866)
  0x322      38   1033 (0-4867)
  0x311      38   1036 (1-4867)
  0x323      39   1006 (1-4866)
--------------------------------------------------------------------------

  TWAI: state=RUNNING  tx_err=0 rx_err=0  tx_failed=0  rx_missed=111 rx_overrun=0  arb_lost=0  bus_err=0
BAT RX 0x330 [8] 01 10 01 03 0C F7 0C F4 
BAT RX 0x329 [8] 02 00 19 C0 02 00 40 48 
BAT RX 0x323 [8] 20 0E 10 00 00 00 00 00 
BAT RX 0x324 [8] 00 02 47 50 4A 30 32 31 
BAT RX 0x322 [8] 00 F3 00 CE 03 01 46 46 
BAT RX 0x320 [8] 50 41 C3 85 85 00 00 00 
BAT RX 0x319 [8] C0 0C F7 0C F4 10 03 00 
BAT RX 0x318 [8] 0C F6 0C F5 0C F5 0C F5 
BAT RX 0x317 [8] 0C F7 0C F7 0C F6 0C F6 
BAT RX 0x316 [8] 0C F5 0C F5 0C F5 0C F4 
BAT RX 0x315 [8] 0C F7 0C F6 0C F6 0C F6 
BAT RX 0x314 [8] 40 10 5B 04 00 03 05 41 
BAT RX 0x313 [8] 14 B4 00 00 00 DF 46 63 
BAT RX 0x312 [8] 00 00 00 00 02 00 00 00 
BAT RX 0x311 [8] 02 38 08 24 08 24 01 61 
BAT RX 0x330 [8] 01 0E 01 01 0C F7 0C F5 
BAT RX 0x329 [8] 01 00 22 34 01 00 3F AD 
BAT RX 0x323 [8] 20 0E 10 00 00 00 00 00 
BAT RX 0x324 [8] 01 39 35 32 32 30 36 32 
BAT RX 0x322 [8] 00 F3 00 CE 03 01 46 46 
BAT RX 0x320 [8] 50 41 C3 85 85 00 00 00 
BAT RX 0x319 [8] C0 0C F7 0C F5 0E 01 00 
BAT RX 0x318 [8] 0C F5 0C F5 0C F5 0C F5 
BAT RX 0x317 [8] 0C F7 0C F6 0C F6 0C F6 
BAT RX 0x316 [8] 0C F5 0C F5 0C F5 0C F5 
BAT RX 0x315 [8] 0C F7 0C F6 0C F6 0C F6 
BAT RX 0x314 [8] 40 10 5B 04 00 02 05 41 
BAT RX 0x313 [8] 14 B4 00 00 00 DF 46 63 
BAT RX 0x312 [8] 00 00 00 00 02 00 00 00 
BAT RX 0x311 [8] 02 38 08 24 08 24 01 61 
[46s] OK V=53.00V I=+0.0A T=22.3C SOC=70% SOH=99% | CVL=56.8V CCL=208.4A DCL=208.4A | chg=1 dis=1 fc1=0 fc2=0 | prot=0000 warn=0000 | packs=2 | inv0x305=no
BAT RX 0x330 [8] 02 0C 01 01 0C F7 0C F5 
BAT RX 0x329 [8] 02 00 19 C0 02 00 40 48 
BAT RX 0x323 [8] 20 0E 10 00 00 00 00 00 
BAT RX 0x324 [8] 02 42 42 37 00 00 00 00 
BAT RX 0x322 [8] 00 F3 00 CE 03 01 46 46 
BAT RX 0x320 [8] 50 41 C3 85 85 00 00 00 
BAT RX 0x319 [8] C0 0C F7 0C F5 1C 01 00 
BAT RX 0x318 [8] 0C F6 0C F5 0C F5 0C F5 
BAT RX 0x317 [8] 0C F7 0C F7 0C F6 0C F6 
BAT RX 0x316 [8] 0C F5 0C F5 0C F5 0C F5 
BAT RX 0x315 [8] 0C F6 0C F6 0C F6 0C F6 
BAT RX 0x314 [8] 40 10 5B 04 00 02 05 41 
BAT RX 0x313 [8] 14 B4 00 00 00 DF 46 63 
BAT RX 0x312 [8] 00 00 00 00 02 00 00 00 
BAT RX 0x311 [8] 02 38 08 24 08 24 01 61 
BAT RX 0x330 [8] 02 0D 01 01 0C F7 0C F5 
BAT RX 0x329 [8] 01 00 22 34 01 00 3F AD 
BAT RX 0x323 [8] 20 0E 10 00 00 00 00 00 
BAT RX 0x324 [8] 00 01 47 50 4A 30 32 31 
BAT RX 0x322 [8] 00 F3 00 CE 03 01 46 46 
BAT RX 0x320 [8] 50 41 C3 85 85 00 00 00 
BAT RX 0x319 [8] C0 0C F7 0C F5 1D 01 00 
BAT RX 0x318 [8] 0C F5 0C F5 0C F5 0C F5 
BAT RX 0x317 [8] 0C F7 0C F6 0C F6 0C F6 
BAT RX 0x316 [8] 0C F5 0C F5 0C F5 0C F5 
BAT RX 0x315 [8] 0C F6 0C F6 0C F6 0C F6 
BAT RX 0x314 [8] 40 10 5B 04 00 02 05 41 
BAT RX 0x313 [8] 14 B4 00 00 00 DF 46 63 
BAT RX 0x312 [8] 00 00 00 00 02 00 00 00 
BAT RX 0x311 [8] 02 38 08 24 08 24 01 61 
[48s] OK V=53.00V I=+0.0A T=22.3C SOC=70% SOH=99% | CVL=56.8V CCL=208.4A DCL=208.4A | chg=1 dis=1 fc1=0 fc2=0 | prot=0000 warn=0000 | packs=2 | inv0x305=no
BAT RX 0x330 [8] 01 0E 01 01 0C F7 0C F5 
BAT RX 0x329 [8] 02 00 19 C0 02 00 40 48 
BAT RX 0x323 [8] 20 0E 10 00 00 00 00 00 
BAT RX 0x324 [8] 01 39 35 32 32 30 36 32 
BAT RX 0x322 [8] 00 F3 00 CE 03 01 46 46 
BAT RX 0x320 [8] 50 41 C3 85 85 00 00 00 
BAT RX 0x319 [8] C0 0C F7 0C F5 0E 01 00 
BAT RX 0x318 [8] 0C F5 0C F5 0C F5 0C F5 
BAT RX 0x317 [8] 0C F7 0C F6 0C F6 0C F6 
BAT RX 0x316 [8] 0C F5 0C F5 0C F5 0C F5 
BAT RX 0x315 [8] 0C F7 0C F6 0C F6 0C F6 
BAT RX 0x314 [8] 40 10 5B 04 00 02 05 41 
BAT RX 0x313 [8] 14 B4 00 00 00 DF 46 63 
BAT RX 0x312 [8] 00 00 00 00 02 00 00 00 
BAT RX 0x311 [8] 02 38 08 24 08 24 01 61 
BAT RX 0x330 [8] 01 09 01 02 0C F7 0C F5 
BAT RX 0x329 [8] 01 00 22 34 01 00 3F AD 
BAT RX 0x323 [8] 20 0E 10 00 00 00 00 00 
BAT RX 0x324 [8] 02 43 30 37 00 00 00 00 
BAT RX 0x322 [8] 00 F3 00 CE 03 01 46 46 
BAT RX 0x320 [8] 50 41 C3 85 85 00 00 00 
BAT RX 0x319 [8] C0 0C F7 0C F5 09 02 00 
BAT RX 0x318 [8] 0C F6 0C F6 0C F5 0C F5 
BAT RX 0x317 [8] 0C F7 0C F6 0C F6 0C F6 
BAT RX 0x316 [8] 0C F5 0C F5 0C F5 0C F4 
BAT RX 0x315 [8] 0C F7 0C F7 0C F6 0C F6 
BAT RX 0x314 [8] 40 10 5B 04 00 03 05 41 
BAT RX 0x313 [8] 14 B4 00 00 00 DF 46 63 
BAT RX 0x312 [8] 00 00 00 00 02 00 00 00 
BAT RX 0x311 [8] 02 38 08 24 08 24 01 61 
[50s] OK V=53.00V I=+0.0A T=22.3C SOC=70% SOH=99% | CVL=56.8V CCL=208.4A DCL=208.4A | chg=1 dis=1 fc1=0 fc2=0 | prot=0000 warn=0000 | packs=2 | inv0x305=no
BAT RX 0x330 [8] 01 0C 01 01 0C F7 0C F4 
BAT RX 0x329 [8] 02 00 19 C0 02 00 40 48 
BAT RX 0x323 [8] 20 0E 10 00 00 00 00 00 
BAT RX 0x324 [8] 00 02 47 50 4A 30 32 31 
BAT RX 0x322 [8] 00 F3 00 CE 03 01 46 46 
BAT RX 0x320 [8] 50 41 C3 85 85 00 00 00 
BAT RX 0x319 [8] C0 0C F7 0C F4 0C 01 00 
BAT RX 0x318 [8] 0C F6 0C F5 0C F5 0C F5 
BAT RX 0x317 [8] 0C F7 0C F7 0C F6 0C F6 
BAT RX 0x316 [8] 0C F5 0C F5 0C F5 0C F4 
BAT RX 0x315 [8] 0C F7 0C F7 0C F6 0C F6 
BAT RX 0x314 [8] 40 10 5B 04 00 03 05 41 
BAT RX 0x313 [8] 14 B4 00 00 00 DF 46 63 
BAT RX 0x312 [8] 00 00 00 00 02 00 00 00 
BAT RX 0x311 [8] 02 38 08 24 08 24 01 61 
BAT RX 0x330 [8] 01 0E 01 01 0C F7 0C F5 
BAT RX 0x329 [8] 01 00 22 34 01 00 3F AD 
BAT RX 0x323 [8] 20 0E 10 00 00 00 00 00 
BAT RX 0x324 [8] 01 39 35 32 32 30 36 32 
BAT RX 0x322 [8] 00 F3 00 CE 03 01 46 46 
BAT RX 0x320 [8] 50 41 C3 85 85 00 00 00 
BAT RX 0x319 [8] C0 0C F7 0C F5 0E 01 00 
BAT RX 0x318 [8] 0C F5 0C F5 0C F5 0C F5 
BAT RX 0x317 [8] 0C F7 0C F6 0C F6 0C F6 
BAT RX 0x316 [8] 0C F5 0C F5 0C F5 0C F4 
BAT RX 0x315 [8] 0C F7 0C F6 0C F6 0C F6 
BAT RX 0x314 [8] 40 10 5B 04 00 03 05 41 
BAT RX 0x313 [8] 14 B4 00 00 00 DF 46 63 
BAT RX 0x312 [8] 00 00 00 00 02 00 00 00 
BAT RX 0x311 [8] 02 38 08 24 08 24 01 61 
[52s] OK V=53.00V I=+0.0A T=22.3C SOC=70% SOH=99% | CVL=56.8V CCL=208.4A DCL=208.4A | chg=1 dis=1 fc1=0 fc2=0 | prot=0000 warn=0000 | packs=2 | inv0x305=no
BAT RX 0x330 [8] 01 0E 01 02 0C F7 0C F5 
BAT RX 0x329 [8] 02 00 19 C0 02 00 40 48 
BAT RX 0x323 [8] 20 0E 10 00 00 00 00 00 
BAT RX 0x324 [8] 02 42 42 37 00 00 00 00 
BAT RX 0x322 [8] 00 F3 00 CE 03 01 46 46 
BAT RX 0x320 [8] 50 41 C3 85 85 00 00 00 
BAT RX 0x319 [8] C0 0C F7 0C F5 0E 02 00 
BAT RX 0x318 [8] 0C F5 0C F5 0C F5 0C F5 
BAT RX 0x317 [8] 0C F7 0C F6 0C F6 0C F6 
BAT RX 0x316 [8] 0C F5 0C F5 0C F5 0C F5 
BAT RX 0x315 [8] 0C F7 0C F7 0C F6 0C F6 
BAT RX 0x314 [8] 40 10 5B 04 00 02 05 41 
BAT RX 0x313 [8] 14 B4 00 00 00 DF 46 63 
BAT RX 0x312 [8] 00 00 00 00 02 00 00 00 
BAT RX 0x311 [8] 02 38 08 24 08 24 01 61 
BAT RX 0x330 [8] 01 07 01 04 0C F7 0C F4 
BAT RX 0x329 [8] 01 00 22 34 01 00 3F AD 
BAT RX 0x323 [8] 20 0E 10 00 00 00 00 00 
BAT RX 0x324 [8] 00 01 47 50 4A 30 32 31 
BAT RX 0x322 [8] 00 F3 00 CE 03 01 46 46 
BAT RX 0x320 [8] 50 41 C3 85 85 00 00 00 
BAT RX 0x319 [8] C0 0C F7 0C F4 07 04 00 
BAT RX 0x318 [8] 0C F6 0C F6 0C F6 0C F5 
BAT RX 0x317 [8] 0C F7 0C F7 0C F7 0C F6 
BAT RX 0x316 [8] 0C F5 0C F5 0C F4 0C F4 
BAT RX 0x315 [8] 0C F7 0C F7 0C F7 0C F6 
BAT RX 0x314 [8] 40 10 5B 04 00 03 05 41 
BAT RX 0x313 [8] 14 B4 00 00 00 DF 46 63 
BAT RX 0x312 [8] 00 00 00 00 02 00 00 00 
BAT RX 0x311 [8] 02 38 08 24 08 24 01 61 
[54s] OK V=53.00V I=+0.0A T=22.3C SOC=70% SOH=99% | CVL=56.8V CCL=208.4A DCL=208.4A | chg=1 dis=1 fc1=0 fc2=0 | prot=0000 warn=0000 | packs=2 | inv0x305=no
BAT RX 0x330 [8] 01 07 01 01 0C F7 0C F5 
BAT RX 0x329 [8] 02 00 19 C0 02 00 40 48 
BAT RX 0x323 [8] 20 0E 10 00 00 00 00 00 
BAT RX 0x324 [8] 01 39 35 32 32 30 36 32 
BAT RX 0x322 [8] 00 F3 00 CE 03 01 46 46 
BAT RX 0x320 [8] 50 41 C3 85 85 00 00 00 
BAT RX 0x319 [8] C0 0C F7 0C F5 07 01 00 
BAT RX 0x318 [8] 0C F5 0C F5 0C F5 0C F5 
BAT RX 0x317 [8] 0C F7 0C F7 0C F7 0C F7 
BAT RX 0x316 [8] 0C F5 0C F5 0C F5 0C F5 
BAT RX 0x315 [8] 0C F7 0C F6 0C F6 0C F6 
BAT RX 0x314 [8] 40 10 5B 04 00 02 05 41 
BAT RX 0x313 [8] 14 B4 00 00 00 DF 46 63 
BAT RX 0x312 [8] 00 00 00 00 02 00 00 00 
BAT RX 0x311 [8] 02 38 08 24 08 24 01 61 
BAT RX 0x330 [8] 01 09 01 01 0C F7 0C F5 
BAT RX 0x329 [8] 01 00 22 34 01 00 3F AD 
BAT RX 0x323 [8] 20 0E 10 00 00 00 00 00 
BAT RX 0x324 [8] 02 43 30 37 00 00 00 00 
BAT RX 0x322 [8] 00 F3 00 CE 03 01 46 46 
BAT RX 0x320 [8] 50 41 C3 85 85 00 00 00 
BAT RX 0x319 [8] C0 0C F7 0C F5 09 01 00 
BAT RX 0x318 [8] 0C F6 0C F5 0C F5 0C F5 
BAT RX 0x317 [8] 0C F7 0C F6 0C F6 0C F6 
BAT RX 0x316 [8] 0C F5 0C F5 0C F5 0C F5 
BAT RX 0x315 [8] 0C F7 0C F7 0C F6 0C F6 
BAT RX 0x314 [8] 40 10 5B 04 00 02 05 41 
BAT RX 0x313 [8] 14 B4 00 00 00 DF 46 63 
BAT RX 0x312 [8] 00 00 00 00 02 00 00 00 
BAT RX 0x311 [8] 02 38 08 24 08 24 01 61 
[56s] OK V=53.00V I=+0.0A T=22.3C SOC=70% SOH=99% | CVL=56.8V CCL=208.4A DCL=208.4A | chg=1 dis=1 fc1=0 fc2=0 | prot=0000 warn=0000 | packs=2 | inv0x305=no
BAT RX 0x330 [8] 01 0E 01 01 0C F7 0C F5 
BAT RX 0x329 [8] 02 00 19 C0 02 00 40 48 
BAT RX 0x323 [8] 20 0E 10 00 00 00 00 00 
BAT RX 0x324 [8] 00 02 47 50 4A 30 32 31 
BAT RX 0x322 [8] 00 F3 00 CE 03 01 46 46 
BAT RX 0x320 [8] 50 41 C3 85 85 00 00 00 
BAT RX 0x319 [8] C0 0C F7 0C F5 0E 01 00 
BAT RX 0x318 [8] 0C F6 0C F6 0C F5 0C F5 
BAT RX 0x317 [8] 0C F7 0C F7 0C F7 0C F6 
BAT RX 0x316 [8] 0C F5 0C F5 0C F5 0C F5 
BAT RX 0x315 [8] 0C F6 0C F6 0C F6 0C F6 
BAT RX 0x314 [8] 40 10 5B 04 00 02 05 41 
BAT RX 0x313 [8] 14 B4 00 00 00 DF 46 63 
BAT RX 0x312 [8] 00 00 00 00 02 00 00 00 
BAT RX 0x311 [8] 02 38 08 24 08 24 01 61 
BAT RX 0x330 [8] 01 0C 01 08 0C F7 0C F4 
BAT RX 0x329 [8] 01 00 22 34 01 00 3F AD 
BAT RX 0x323 [8] 20 0E 10 00 00 00 00 00 
BAT RX 0x324 [8] 01 39 35 32 32 30 36 32 
BAT RX 0x322 [8] 00 F3 00 CE 03 01 46 46 
BAT RX 0x320 [8] 50 41 C3 85 85 00 00 00 
BAT RX 0x319 [8] C0 0C F7 0C F4 0C 08 00 
BAT RX 0x318 [8] 0C F6 0C F6 0C F5 0C F5 
BAT RX 0x317 [8] 0C F7 0C F6 0C F6 0C F6 
BAT RX 0x316 [8] 0C F5 0C F5 0C F5 0C F5 
BAT RX 0x315 [8] 0C F7 0C F6 0C F6 0C F6 
BAT RX 0x314 [8] 40 10 5B 04 00 02 05 41 
BAT RX 0x313 [8] 14 B4 00 00 00 DF 46 63 
BAT RX 0x312 [8] 00 00 00 00 02 00 00 00 
BAT RX 0x311 [8] 02 38 08 24 08 24 01 61 
[58s] OK V=53.00V I=+0.0A T=22.3C SOC=70% SOH=99% | CVL=56.8V CCL=208.4A DCL=208.4A | chg=1 dis=1 fc1=0 fc2=0 | prot=0000 warn=0000 | packs=2 | inv0x305=no
BAT RX 0x330 [8] 02 0D 01 03 0C F8 0C F5 
BAT RX 0x329 [8] 02 00 19 C0 02 00 40 48 
BAT RX 0x323 [8] 20 0E 10 00 00 00 00 00 
BAT RX 0x324 [8] 02 42 42 37 00 00 00 00 
BAT RX 0x322 [8] 00 F3 00 CE 03 01 46 46 
BAT RX 0x320 [8] 50 41 C3 85 85 00 00 00 
BAT RX 0x319 [8] C0 0C F8 0C F5 1D 03 00 
BAT RX 0x318 [8] 0C F5 0C F5 0C F5 0C F5 
BAT RX 0x317 [8] 0C F8 0C F7 0C F6 0C F6 
BAT RX 0x316 [8] 0C F5 0C F5 0C F5 0C F4 
BAT RX 0x315 [8] 0C F7 0C F7 0C F7 0C F6 
BAT RX 0x314 [8] 40 10 5B 04 00 03 05 41 
BAT RX 0x313 [8] 14 B4 00 00 00 DF 46 63 
BAT RX 0x312 [8] 00 00 00 00 02 00 00 00 
BAT RX 0x311 [8] 02 38 08 24 08 24 01 61 

---- battery-bus rate stats (VERBOSE_STATS) ----------------------------
  803 frames, 60 s elapsed
  ID     count   period(ms)  (min-max gap)
  0x324      53   1051 (1-4867)
  0x329      55    985 (1-4866)
  0x330      58    933 (0-4000)
  0x312      53   1025 (1-4867)
  0x313      53   1025 (1-4867)
  0x314      53   1025 (1-4867)
  0x315      53   1024 (1-4867)
  0x316      53   1024 (1-4867)
  0x317      53   1024 (1-4867)
  0x318      53   1024 (1-4867)
  0x319      53   1024 (1-4867)
  0x320      53   1024 (1-4866)
  0x322      53   1023 (0-4867)
  0x311      53   1025 (1-4867)
  0x323      54   1004 (1-4866)
--------------------------------------------------------------------------

  TWAI: state=RUNNING  tx_err=0 rx_err=0  tx_failed=0  rx_missed=111 rx_overrun=0  arb_lost=0  bus_err=0
BAT RX 0x330 [8] 02 0D 01 02 0C F8 0C F5 
BAT RX 0x329 [8] 01 00 22 34 01 00 3F AD 
BAT RX 0x323 [8] 20 0E 10 00 00 00 00 00 
BAT RX 0x324 [8] 00 01 47 50 4A 30 32 31 
BAT RX 0x322 [8] 00 F3 00 CE 03 01 46 46 
BAT RX 0x320 [8] 50 41 C3 85 85 00 00 00 
BAT RX 0x319 [8] C0 0C F8 0C F5 1D 02 00 
BAT RX 0x318 [8] 0C F6 0C F6 0C F5 0C F5 
BAT RX 0x317 [8] 0C F8 0C F6 0C F6 0C F6 
BAT RX 0x316 [8] 0C F5 0C F5 0C F5 0C F5 
BAT RX 0x315 [8] 0C F7 0C F7 0C F6 0C F6 
BAT RX 0x314 [8] 40 10 5B 04 00 03 05 41 
BAT RX 0x313 [8] 14 B4 00 00 00 DF 46 63 
BAT RX 0x312 [8] 00 00 00 00 02 00 00 00 
BAT RX 0x311 [8] 02 38 08 24 08 24 01 61 
[60s] OK V=53.00V I=+0.0A T=22.3C SOC=70% SOH=99% | CVL=56.8V CCL=208.4A DCL=208.4A | chg=1 dis=1 fc1=0 fc2=0 | prot=0000 warn=0000 | packs=2 | inv0x305=no
BAT RX 0x330 [8] 02 0D 01 01 0C F8 0C F5 
BAT RX 0x329 [8] 02 00 19 C0 02 00 40 48 
BAT RX 0x323 [8] 20 0E 10 00 00 00 00 00 
BAT RX 0x324 [8] 01 39 35 32 32 30 36 32 
BAT RX 0x322 [8] 00 F3 00 CE 03 01 46 46 
BAT RX 0x320 [8] 50 41 C3 85 85 00 00 00 
BAT RX 0x319 [8] C0 0C F8 0C F5 1D 01 00 
BAT RX 0x318 [8] 0C F6 0C F5 0C F5 0C F5 
BAT RX 0x317 [8] 0C F8 0C F7 0C F7 0C F6 
BAT RX 0x316 [8] 0C F5 0C F5 0C F5 0C F5 
BAT RX 0x315 [8] 0C F7 0C F7 0C F6 0C F6 
BAT RX 0x314 [8] 40 10 5B 04 00 03 05 41 
BAT RX 0x313 [8] 14 B4 00 00 00 DF 46 63 
BAT RX 0x312 [8] 00 00 00 00 02 00 00 00 
BAT RX 0x311 [8] 02 38 08 24 08 24 01 61 
BAT RX 0x330 [8] 01 0D 01 03 0C F7 0C F5 
BAT RX 0x329 [8] 01 00 22 34 01 00 3F AD 
BAT RX 0x323 [8] 20 0E 10 00 00 00 00 00 
BAT RX 0x324 [8] 02 43 30 37 00 00 00 00 
BAT RX 0x322 [8] 00 F3 00 CE 03 01 46 46 
BAT RX 0x320 [8] 50 41 C3 85 85 00 00 00 
BAT RX 0x319 [8] C0 0C F7 0C F5 0D 03 00 
BAT RX 0x318 [8] 0C F6 0C F6 0C F5 0C F5 
BAT RX 0x317 [8] 0C F7 0C F7 0C F7 0C F7 
BAT RX 0x316 [8] 0C F6 0C F5 0C F5 0C F5 
BAT RX 0x315 [8] 0C F7 0C F7 0C F7 0C F6 
BAT RX 0x314 [8] 40 10 5B 04 00 02 05 41 
BAT RX 0x313 [8] 14 B4 00 00 00 DF 46 63 
BAT RX 0x312 [8] 00 00 00 00 02 00 00 00 
BAT RX 0x311 [8] 02 38 08 24 08 24 01 61 
[62s] OK V=53.00V I=+0.0A T=22.3C SOC=70% SOH=99% | CVL=56.8V CCL=208.4A DCL=208.4A | chg=1 dis=1 fc1=0 fc2=0 | prot=0000 warn=0000 | packs=2 | inv0x305=no
BAT RX 0x330 [8] 01 0E 01 01 0C F7 0C F5 
BAT RX 0x329 [8] 02 00 19 C0 02 00 40 48 
BAT RX 0x323 [8] 20 0E 10 00 00 00 00 00 
BAT RX 0x324 [8] 00 02 47 50 4A 30 32 31 
BAT RX 0x322 [8] 00 F3 00 CE 03 01 46 46 
BAT RX 0x320 [8] 50 41 C3 85 85 00 00 00 
BAT RX 0x319 [8] C0 0C F7 0C F5 0E 01 00 
BAT RX 0x318 [8] 0C F6 0C F6 0C F6 0C F5 
BAT RX 0x317 [8] 0C F7 0C F7 0C F7 0C F7 
BAT RX 0x316 [8] 0C F5 0C F5 0C F5 0C F5 
BAT RX 0x315 [8] 0C F7 0C F6 0C F6 0C F6 
BAT RX 0x314 [8] 40 10 5B 04 00 02 05 41 
BAT RX 0x313 [8] 14 B4 00 00 00 DF 46 63 
BAT RX 0x312 [8] 00 00 00 00 02 00 00 00 
BAT RX 0x311 [8] 02 38 08 24 08 24 01 61 
BAT RX 0x330 [8] 01 0D 01 01 0C F7 0C F5 
BAT RX 0x329 [8] 01 00 22 34 01 00 3F AD 
BAT RX 0x323 [8] 20 0E 10 00 00 00 00 00 
BAT RX 0x324 [8] 01 39 35 32 32 30 36 32 
BAT RX 0x322 [8] 00 F3 00 CE 03 01 46 46 
BAT RX 0x320 [8] 50 41 C3 85 85 00 00 00 
BAT RX 0x319 [8] C0 0C F7 0C F5 0D 01 00 
BAT RX 0x318 [8] 0C F6 0C F6 0C F6 0C F5 
BAT RX 0x317 [8] 0C F7 0C F7 0C F7 0C F7 
BAT RX 0x316 [8] 0C F5 0C F5 0C F5 0C F5 
BAT RX 0x315 [8] 0C F7 0C F7 0C F7 0C F7 
BAT RX 0x314 [8] 40 10 5B 04 00 02 05 41 
BAT RX 0x313 [8] 14 B4 00 00 00 DF 46 63 
BAT RX 0x312 [8] 00 00 00 00 02 00 00 00 
BAT RX 0x311 [8] 02 38 08 24 08 24 01 61 
[64s] OK V=53.00V I=+0.0A T=22.3C SOC=70% SOH=99% | CVL=56.8V CCL=208.4A DCL=208.4A | chg=1 dis=1 fc1=0 fc2=0 | prot=0000 warn=0000 | packs=2 | inv0x305=no
BAT RX 0x330 [8] 01 07 01 01 0C F7 0C F5 
BAT RX 0x329 [8] 02 00 19 C0 02 00 40 48 
BAT RX 0x323 [8] 20 0E 10 00 00 00 00 00 
BAT RX 0x324 [8] 02 42 42 37 00 00 00 00 
BAT RX 0x322 [8] 00 F3 00 CE 03 01 46 46 
BAT RX 0x320 [8] 50 41 C3 85 85 00 00 00 
BAT RX 0x319 [8] C0 0C F7 0C F5 07 01 00 
BAT RX 0x318 [8] 0C F6 0C F6 0C F6 0C F5 
BAT RX 0x317 [8] 0C F7 0C F7 0C F6 0C F6 
BAT RX 0x316 [8] 0C F5 0C F5 0C F5 0C F5 
BAT RX 0x315 [8] 0C F7 0C F6 0C F6 0C F6 
BAT RX 0x314 [8] 40 10 5B 04 00 02 05 41 
BAT RX 0x313 [8] 14 B4 00 00 00 DF 46 63 
BAT RX 0x312 [8] 00 00 00 00 02 00 00 00 
BAT RX 0x311 [8] 02 38 08 24 08 24 01 61 
BAT RX 0x330 [8] 01 0C 01 01 0C F7 0C F5 
BAT RX 0x329 [8] 01 00 22 34 01 00 3F AD 
BAT RX 0x323 [8] 20 0E 10 00 00 00 00 00 
BAT RX 0x324 [8] 00 01 47 50 4A 30 32 31 
BAT RX 0x322 [8] 00 F3 00 CE 03 01 46 46 
BAT RX 0x320 [8] 50 41 C3 85 85 00 00 00 
BAT RX 0x319 [8] C0 0C F7 0C F5 0C 01 00 
BAT RX 0x318 [8] 0C F6 0C F6 0C F5 0C F5 
BAT RX 0x317 [8] 0C F7 0C F7 0C F6 0C F6 
BAT RX 0x316 [8] 0C F5 0C F5 0C F5 0C F5 
BAT RX 0x315 [8] 0C F7 0C F6 0C F6 0C F6 
BAT RX 0x314 [8] 40 10 5B 04 00 02 05 41 
BAT RX 0x313 [8] 14 B4 00 00 00 DF 46 63 
BAT RX 0x312 [8] 00 00 00 00 02 00 00 00 
BAT RX 0x311 [8] 02 38 08 24 08 24 01 61 
[66s] OK V=53.00V I=+0.0A T=22.3C SOC=70% SOH=99% | CVL=56.8V CCL=208.4A DCL=208.4A | chg=1 dis=1 fc1=0 fc2=0 | prot=0000 warn=0000 | packs=2 | inv0x305=no
BAT RX 0x330 [8] 01 07 01 03 0C F7 0C F5 
BAT RX 0x329 [8] 02 00 19 C0 02 00 40 48 
BAT RX 0x323 [8] 20 0E 10 00 00 00 00 00 
BAT RX 0x324 [8] 01 39 35 32 32 30 36 32 
BAT RX 0x322 [8] 00 F3 00 CE 03 01 46 46 
BAT RX 0x320 [8] 50 41 C3 85 85 00 00 00 
BAT RX 0x319 [8] C0 0C F7 0C F5 07 03 00 
BAT RX 0x318 [8] 0C F6 0C F6 0C F6 0C F5 
BAT RX 0x317 [8] 0C F7 0C F7 0C F7 0C F6 
BAT RX 0x316 [8] 0C F6 0C F6 0C F5 0C F5 
BAT RX 0x315 [8] 0C F7 0C F7 0C F6 0C F6 
BAT RX 0x314 [8] 40 10 5B 04 00 02 05 41 
BAT RX 0x313 [8] 14 B4 00 00 00 DF 46 63 
BAT RX 0x312 [8] 00 00 00 00 02 00 00 00 
BAT RX 0x311 [8] 02 38 08 24 08 24 01 61 
BAT RX 0x330 [8] 01 09 01 01 0C F7 0C F5 
BAT RX 0x329 [8] 01 00 22 34 01 00 3F AD 
BAT RX 0x323 [8] 20 0E 10 00 00 00 00 00 
BAT RX 0x324 [8] 02 43 30 37 00 00 00 00 
BAT RX 0x322 [8] 00 F3 00 CE 03 01 46 46 
BAT RX 0x320 [8] 50 41 C3 85 85 00 00 00 
BAT RX 0x319 [8] C0 0C F7 0C F5 09 01 00 
BAT RX 0x318 [8] 0C F6 0C F6 0C F6 0C F5 
BAT RX 0x317 [8] 0C F7 0C F7 0C F7 0C F7 
BAT RX 0x316 [8] 0C F6 0C F6 0C F5 0C F5 
BAT RX 0x315 [8] 0C F7 0C F7 0C F6 0C F6 
BAT RX 0x314 [8] 40 10 5B 04 00 02 05 41 
BAT RX 0x313 [8] 14 B4 00 00 00 DF 46 63 
BAT RX 0x312 [8] 00 00 00 00 02 00 00 00 
BAT RX 0x311 [8] 02 38 08 24 08 24 01 61 
[68s] OK V=53.00V I=+0.0A T=22.3C SOC=70% SOH=99% | CVL=56.8V CCL=208.4A DCL=208.4A | chg=1 dis=1 fc1=0 fc2=0 | prot=0000 warn=0000 | packs=2 | inv0x305=no
BAT RX 0x330 [8] 01 07 01 01 0C F7 0C F5 
BAT RX 0x329 [8] 02 00 19 C0 02 00 40 48 
BAT RX 0x323 [8] 20 0E 10 00 00 00 00 00 
BAT RX 0x324 [8] 00 02 47 50 4A 30 32 31 
BAT RX 0x322 [8] 00 F3 00 CE 03 01 46 46 
BAT RX 0x320 [8] 50 41 C3 85 85 00 00 00 
BAT RX 0x319 [8] C0 0C F7 0C F5 07 01 00 
BAT RX 0x318 [8] 0C F6 0C F6 0C F6 0C F5 
BAT RX 0x317 [8] 0C F7 0C F7 0C F7 0C F7 
BAT RX 0x316 [8] 0C F6 0C F6 0C F5 0C F5 
BAT RX 0x315 [8] 0C F7 0C F7 0C F6 0C F6 
BAT RX 0x314 [8] 40 10 5B 04 00 02 05 41 
BAT RX 0x313 [8] 14 B4 00 00 00 DF 46 63 
BAT RX 0x312 [8] 00 00 00 00 02 00 00 00 
BAT RX 0x311 [8] 02 38 08 24 08 24 01 61 
BAT RX 0x330 [8] 02 0D 01 03 0C F8 0C F5 
BAT RX 0x329 [8] 01 00 22 34 01 00 3F AD 
BAT RX 0x323 [8] 20 0E 10 00 00 00 00 00 
BAT RX 0x324 [8] 01 39 35 32 32 30 36 32 
BAT RX 0x322 [8] 00 F3 00 CE 03 01 46 46 
BAT RX 0x320 [8] 50 41 C3 85 85 00 00 00 
BAT RX 0x319 [8] C0 0C F8 0C F5 1D 03 00 
BAT RX 0x318 [8] 0C F6 0C F6 0C F5 0C F5 
BAT RX 0x317 [8] 0C F8 0C F7 0C F7 0C F6 
BAT RX 0x316 [8] 0C F5 0C F5 0C F5 0C F5 
BAT RX 0x315 [8] 0C F7 0C F7 0C F7 0C F7 
BAT RX 0x314 [8] 40 10 5B 04 00 03 05 41 
BAT RX 0x313 [8] 14 B4 00 00 00 DF 46 63 
BAT RX 0x312 [8] 00 00 00 00 02 00 00 00 
BAT RX 0x311 [8] 02 38 08 24 08 24 01 61 
[70s] OK V=53.00V I=+0.0A T=22.3C SOC=70% SOH=99% | CVL=56.8V CCL=208.4A DCL=208.4A | chg=1 dis=1 fc1=0 fc2=0 | prot=0000 warn=0000 | packs=2 | inv0x305=no
BAT RX 0x330 [8] 01 07 01 03 0C F7 0C F5 
BAT RX 0x329 [8] 02 00 19 C0 02 00 40 48 
BAT RX 0x323 [8] 20 0E 10 00 00 00 00 00 
BAT RX 0x324 [8] 02 42 42 37 00 00 00 00 
BAT RX 0x322 [8] 00 F3 00 CE 03 01 46 46 
BAT RX 0x320 [8] 50 41 C3 85 85 00 00 00 
BAT RX 0x319 [8] C0 0C F7 0C F5 07 03 00 
BAT RX 0x318 [8] 0C F6 0C F6 0C F6 0C F5 
BAT RX 0x317 [8] 0C F7 0C F7 0C F7 0C F6 
BAT RX 0x316 [8] 0C F6 0C F6 0C F6 0C F5 
BAT RX 0x315 [8] 0C F7 0C F7 0C F6 0C F6 
BAT RX 0x314 [8] 40 10 5B 04 00 02 05 41 
BAT RX 0x313 [8] 14 B4 00 00 00 DF 46 63 
BAT RX 0x312 [8] 00 00 00 00 02 00 00 00 
BAT RX 0x311 [8] 02 38 08 24 08 24 01 61 
BAT RX 0x330 [8] 01 07 01 03 0C F7 0C F5 
BAT RX 0x329 [8] 01 00 22 34 01 00 3F AD 
BAT RX 0x323 [8] 20 0E 10 00 00 00 00 00 
BAT RX 0x324 [8] 00 01 47 50 4A 30 32 31 
BAT RX 0x322 [8] 00 F3 00 CE 03 01 46 46 
BAT RX 0x320 [8] 50 41 C3 85 85 00 00 00 
BAT RX 0x319 [8] C0 0C F7 0C F5 07 03 00 
BAT RX 0x318 [8] 0C F6 0C F6 0C F6 0C F6 
BAT RX 0x317 [8] 0C F7 0C F7 0C F7 0C F7 
BAT RX 0x316 [8] 0C F6 0C F5 0C F5 0C F5 
BAT RX 0x315 [8] 0C F7 0C F7 0C F7 0C F6 
BAT RX 0x314 [8] 40 10 5B 04 00 02 05 41 
BAT RX 0x313 [8] 14 B4 00 00 00 DF 46 63 
BAT RX 0x312 [8] 00 00 00 00 02 00 00 00 
BAT RX 0x311 [8] 02 38 08 24 08 24 01 61 
[72s] OK V=53.00V I=+0.0A T=22.3C SOC=70% SOH=99% | CVL=56.8V CCL=208.4A DCL=208.4A | chg=1 dis=1 fc1=0 fc2=0 | prot=0000 warn=0000 | packs=2 | inv0x305=no
BAT RX 0x330 [8] 01 0E 01 02 0C F7 0C F5 
BAT RX 0x329 [8] 02 00 19 C0 02 00 40 48 
BAT RX 0x323 [8] 20 0E 10 00 00 00 00 00 
BAT RX 0x324 [8] 01 39 35 32 32 30 36 32 
BAT RX 0x322 [8] 00 F3 00 CE 03 01 46 46 
BAT RX 0x320 [8] 50 41 C3 85 85 00 00 00 
BAT RX 0x319 [8] C0 0C F7 0C F5 0E 02 00 
BAT RX 0x318 [8] 0C F6 0C F6 0C F6 0C F5 
BAT RX 0x317 [8] 0C F7 0C F7 0C F7 0C F7 
BAT RX 0x316 [8] 0C F6 0C F6 0C F5 0C F5 
BAT RX 0x315 [8] 0C F7 0C F7 0C F7 0C F7 
BAT RX 0x314 [8] 40 10 5B 04 00 02 05 41 
BAT RX 0x313 [8] 14 B4 00 00 00 DF 46 63 
BAT RX 0x312 [8] 00 00 00 00 02 00 00 00 
BAT RX 0x311 [8] 02 38 08 24 08 24 01 61 
BAT RX 0x330 [8] 01 07 01 03 0C F7 0C F5 
BAT RX 0x329 [8] 01 00 22 34 01 00 3F AD 
BAT RX 0x323 [8] 20 0E 10 00 00 00 00 00 
BAT RX 0x324 [8] 02 43 30 37 00 00 00 00 
BAT RX 0x322 [8] 00 F3 00 CE 03 01 46 46 
BAT RX 0x320 [8] 50 41 C3 85 85 00 00 00 
BAT RX 0x319 [8] C0 0C F7 0C F5 07 03 00 
BAT RX 0x318 [8] 0C F6 0C F6 0C F6 0C F5 
BAT RX 0x317 [8] 0C F7 0C F7 0C F7 0C F7 
BAT RX 0x316 [8] 0C F6 0C F6 0C F6 0C F6 
BAT RX 0x315 [8] 0C F7 0C F7 0C F7 0C F7 
BAT RX 0x314 [8] 40 10 5B 04 00 02 05 41 
BAT RX 0x313 [8] 14 B4 00 00 00 DF 46 63 
BAT RX 0x312 [8] 00 00 00 00 02 00 00 00 
BAT RX 0x311 [8] 02 38 08 24 08 24 01 61 
[74s] OK V=53.00V I=+0.0A T=22.3C SOC=70% SOH=99% | CVL=56.8V CCL=208.4A DCL=208.4A | chg=1 dis=1 fc1=0 fc2=0 | prot=0000 warn=0000 | packs=2 | inv0x305=no

---- battery-bus rate stats (VERBOSE_STATS) ----------------------------
  1028 frames, 75 s elapsed
  ID     count   period(ms)  (min-max gap)
  0x324      68   1039 (1-4867)
  0x329      70    988 (1-4866)
  0x330      73    947 (0-4000)
  0x312      68   1019 (1-4867)
  0x313      68   1019 (1-4867)
  0x314      68   1019 (1-4867)
  0x315      68   1019 (1-4867)
  0x316      68   1019 (1-4867)
  0x317      68   1018 (1-4867)
  0x318      68   1018 (1-4867)
  0x319      68   1018 (1-4867)
  0x320      68   1018 (1-4866)
  0x322      68   1018 (0-4867)
  0x311      68   1019 (1-4867)
  0x323      69   1003 (1-4866)
--------------------------------------------------------------------------

  TWAI: state=RUNNING  tx_err=0 rx_err=0  tx_failed=0  rx_missed=111 rx_overrun=0  arb_lost=0  bus_err=0
BAT RX 0x330 [8] 02 0D 01 03 0C F8 0C F5 
BAT RX 0x329 [8] 02 00 19 C0 02 00 40 48 
BAT RX 0x323 [8] 20 0E 10 00 00 00 00 00 
BAT RX 0x324 [8] 00 02 47 50 4A 30 32 31 
BAT RX 0x322 [8] 00 F3 00 CE 03 01 46 46 
BAT RX 0x320 [8] 50 41 C3 85 85 00 00 00 
BAT RX 0x319 [8] C0 0C F8 0C F5 1D 03 00 
BAT RX 0x318 [8] 0C F6 0C F6 0C F6 0C F6 
BAT RX 0x317 [8] 0C F8 0C F7 0C F7 0C F7 
BAT RX 0x316 [8] 0C F6 0C F6 0C F6 0C F6 
BAT RX 0x315 [8] 0C F7 0C F7 0C F7 0C F6 
BAT RX 0x314 [8] 40 10 5B 04 00 02 05 41 
BAT RX 0x313 [8] 14 B4 00 00 00 DF 46 63 
BAT RX 0x312 [8] 00 00 00 00 02 00 00 00 
BAT RX 0x311 [8] 02 38 08 24 08 24 01 61 
BAT RX 0x330 [8] 01 0E 01 01 0C F8 0C F6 
BAT RX 0x329 [8] 01 00 22 34 01 00 3F AD 
BAT RX 0x323 [8] 20 0E 10 00 00 00 00 00 
BAT RX 0x324 [8] 01 39 35 32 32 30 36 32 
BAT RX 0x322 [8] 00 F3 00 CE 03 01 46 46 
BAT RX 0x320 [8] 50 41 C3 85 85 00 00 00 
BAT RX 0x319 [8] C0 0C F8 0C F6 0E 01 00 
BAT RX 0x318 [8] 0C F6 0C F6 0C F6 0C F6 
BAT RX 0x317 [8] 0C F8 0C F7 0C F7 0C F7 
BAT RX 0x316 [8] 0C F6 0C F6 0C F6 0C F5 
BAT RX 0x315 [8] 0C F7 0C F7 0C F7 0C F6 
BAT RX 0x314 [8] 40 10 5B 04 00 02 05 41 
BAT RX 0x313 [8] 14 B4 00 00 00 DF 46 63 
BAT RX 0x312 [8] 00 00 00 00 02 00 00 00 
BAT RX 0x311 [8] 02 38 08 24 08 24 01 61 
[76s] OK V=53.00V I=+0.0A T=22.3C SOC=70% SOH=99% | CVL=56.8V CCL=208.4A DCL=208.4A | chg=1 dis=1 fc1=0 fc2=0 | prot=0000 warn=0000 | packs=2 | inv0x305=no
BAT RX 0x330 [8] 02 0D 01 01 0C F8 0C F5 
BAT RX 0x329 [8] 02 00 19 C0 02 00 40 48 
BAT RX 0x323 [8] 20 0E 10 00 00 00 00 00 
BAT RX 0x324 [8] 02 42 42 37 00 00 00 00 
BAT RX 0x322 [8] 00 F3 00 CE 03 01 46 46 
BAT RX 0x320 [8] 50 41 C3 85 85 00 00 00 
BAT RX 0x319 [8] C0 0C F8 0C F5 1D 01 00 
BAT RX 0x318 [8] 0C F6 0C F6 0C F6 0C F6 
BAT RX 0x317 [8] 0C F8 0C F7 0C F7 0C F7 
BAT RX 0x316 [8] 0C F6 0C F6 0C F6 0C F6 
BAT RX 0x315 [8] 0C F7 0C F7 0C F7 0C F7 
BAT RX 0x314 [8] 40 10 5B 04 00 02 05 41 
BAT RX 0x313 [8] 14 B4 00 00 00 DF 46 63 
BAT RX 0x312 [8] 00 00 00 00 02 00 00 00 
BAT RX 0x311 [8] 02 38 08 24 08 24 01 61 
BAT RX 0x330 [8] 01 07 01 04 0C F7 0C F5 
BAT RX 0x329 [8] 01 00 22 34 01 00 3F AD 
BAT RX 0x323 [8] 20 0E 10 00 00 00 00 00 
BAT RX 0x324 [8] 00 01 47 50 4A 30 32 31 
BAT RX 0x322 [8] 00 F3 00 CE 03 01 46 46 
BAT RX 0x320 [8] 50 41 C3 85 85 00 00 00 
BAT RX 0x319 [8] C0 0C F7 0C F5 07 04 00 
BAT RX 0x318 [8] 0C F6 0C F6 0C F6 0C F6 
BAT RX 0x317 [8] 0C F7 0C F7 0C F7 0C F7 
BAT RX 0x316 [8] 0C F6 0C F6 0C F6 0C F5 
BAT RX 0x315 [8] 0C F7 0C F7 0C F7 0C F7 
BAT RX 0x314 [8] 40 10 5B 04 00 02 05 41 
BAT RX 0x313 [8] 14 B4 00 00 00 DF 46 63 
BAT RX 0x312 [8] 00 00 00 00 02 00 00 00 
BAT RX 0x311 [8] 02 38 08 24 08 24 01 61 
[78s] OK V=53.00V I=+0.0A T=22.3C SOC=70% SOH=99% | CVL=56.8V CCL=208.4A DCL=208.4A | chg=1 dis=1 fc1=0 fc2=0 | prot=0000 warn=0000 | packs=2 | inv0x305=no
BAT RX 0x330 [8] 01 07 01 01 0C F7 0C F6 
BAT RX 0x329 [8] 02 00 19 C0 02 00 40 48 
BAT RX 0x323 [8] 20 0E 10 00 00 00 00 00 
BAT RX 0x324 [8] 01 39 35 32 32 30 36 32 
BAT RX 0x322 [8] 00 F3 00 CE 03 01 46 46 
BAT RX 0x320 [8] 50 41 C3 85 85 00 00 00 
BAT RX 0x319 [8] C0 0C F7 0C F6 07 01 00 
BAT RX 0x318 [8] 0C F6 0C F6 0C F6 0C F6 
BAT RX 0x317 [8] 0C F7 0C F7 0C F7 0C F7 
BAT RX 0x316 [8] 0C F6 0C F6 0C F6 0C F5 
BAT RX 0x315 [8] 0C F7 0C F7 0C F7 0C F7 
BAT RX 0x314 [8] 40 10 5B 04 00 02 05 41 
BAT RX 0x313 [8] 14 B4 00 00 00 DF 46 63 
BAT RX 0x312 [8] 00 00 00 00 02 00 00 00 
BAT RX 0x311 [8] 02 38 08 24 08 24 01 61 
BAT RX 0x330 [8] 01 07 02 01 0C F7 0C F5 
BAT RX 0x329 [8] 01 00 22 34 01 00 3F AD 
BAT RX 0x323 [8] 20 0E 10 00 00 00 00 00 
BAT RX 0x324 [8] 02 43 30 37 00 00 00 00 
BAT RX 0x322 [8] 00 F3 00 CE 03 01 46 46 
BAT RX 0x320 [8] 50 41 C3 85 85 00 00 00 
BAT RX 0x319 [8] C0 0C F7 0C F5 07 11 00 
BAT RX 0x318 [8] 0C F6 0C F6 0C F6 0C F5 
BAT RX 0x317 [8] 0C F7 0C F7 0C F7 0C F7 
BAT RX 0x316 [8] 0C F6 0C F6 0C F6 0C F6 
BAT RX 0x315 [8] 0C F7 0C F7 0C F7 0C F7 
BAT RX 0x314 [8] 40 10 5B 04 00 02 05 41 
BAT RX 0x313 [8] 14 B4 00 00 00 DF 46 63 
BAT RX 0x312 [8] 00 00 00 00 02 00 00 00 
BAT RX 0x311 [8] 02 38 08 24 08 24 01 61 
[80s] OK V=53.00V I=+0.0A T=22.3C SOC=70% SOH=99% | CVL=56.8V CCL=208.4A DCL=208.4A | chg=1 dis=1 fc1=0 fc2=0 | prot=0000 warn=0000 | packs=2 | inv0x305=no
BAT RX 0x330 [8] 01 07 01 03 0C F7 0C F5 
BAT RX 0x329 [8] 02 00 19 C0 02 00 40 48 
BAT RX 0x323 [8] 20 0E 10 00 00 00 00 00 
BAT RX 0x324 [8] 00 02 47 50 4A 30 32 31 
BAT RX 0x322 [8] 00 F3 00 CE 03 01 46 46 
BAT RX 0x320 [8] 50 41 C3 85 85 00 00 00 
BAT RX 0x319 [8] C0 0C F7 0C F5 07 03 00 
BAT RX 0x318 [8] 0C F6 0C F6 0C F6 0C F5 
BAT RX 0x317 [8] 0C F7 0C F7 0C F7 0C F7 
BAT RX 0x316 [8] 0C F6 0C F6 0C F6 0C F5 
BAT RX 0x315 [8] 0C F7 0C F7 0C F7 0C F7 
BAT RX 0x314 [8] 40 10 5B 04 00 02 05 41 
BAT RX 0x313 [8] 14 B4 00 00 00 DF 46 63 
BAT RX 0x312 [8] 00 00 00 00 02 00 00 00 
BAT RX 0x311 [8] 02 38 08 24 08 24 01 61 
BAT RX 0x330 [8] 01 0E 01 01 0C F8 0C F5 
BAT RX 0x329 [8] 01 00 22 34 01 00 3F AD 
BAT RX 0x323 [8] 20 0E 10 00 00 00 00 00 
BAT RX 0x324 [8] 01 39 35 32 32 30 36 32 
BAT RX 0x322 [8] 00 F3 00 CE 03 01 46 46 
BAT RX 0x320 [8] 50 41 C3 85 85 00 00 00 
BAT RX 0x319 [8] C0 0C F8 0C F5 0E 01 00 
BAT RX 0x318 [8] 0C F6 0C F6 0C F6 0C F5 
BAT RX 0x317 [8] 0C F8 0C F7 0C F7 0C F7 
BAT RX 0x316 [8] 0C F6 0C F6 0C F6 0C F6 
BAT RX 0x315 [8] 0C F7 0C F7 0C F7 0C F7 
BAT RX 0x314 [8] 40 10 5B 04 00 03 05 41 
BAT RX 0x313 [8] 14 B4 00 00 00 DF 46 63 
BAT RX 0x312 [8] 00 00 00 00 02 00 00 00 
BAT RX 0x311 [8] 02 38 08 24 08 24 01 61 
[82s] OK V=53.00V I=+0.0A T=22.3C SOC=70% SOH=99% | CVL=56.8V CCL=208.4A DCL=208.4A | chg=1 dis=1 fc1=0 fc2=0 | prot=0000 warn=0000 | packs=2 | inv0x305=no
BAT RX 0x330 [8] 02 0D 02 01 0C F8 0C F5 
BAT RX 0x329 [8] 02 00 19 C0 02 00 40 48 
BAT RX 0x323 [8] 20 0E 10 00 00 00 00 00 
BAT RX 0x324 [8] 02 42 42 37 00 00 00 00 
BAT RX 0x322 [8] 00 F3 00 CE 03 01 46 46 
BAT RX 0x320 [8] 50 41 C3 85 85 00 00 00 
BAT RX 0x319 [8] C0 0C F8 0C F5 1D 11 00 
BAT RX 0x318 [8] 0C F6 0C F6 0C F6 0C F5 
BAT RX 0x317 [8] 0C F8 0C F7 0C F7 0C F7 
BAT RX 0x316 [8] 0C F6 0C F6 0C F6 0C F5 
BAT RX 0x315 [8] 0C F7 0C F7 0C F7 0C F7 
BAT RX 0x314 [8] 40 10 5B 04 00 03 05 41 
BAT RX 0x313 [8] 14 B4 00 00 00 DF 46 63 
BAT RX 0x312 [8] 00 00 00 00 02 00 00 00 
BAT RX 0x311 [8] 02 38 08 24 08 24 01 61 
BAT RX 0x330 [8] 01 0E 01 01 0C F8 0C F6 
BAT RX 0x329 [8] 01 00 22 34 01 00 3F AD 
BAT RX 0x323 [8] 20 0E 10 00 00 00 00 00 
BAT RX 0x324 [8] 00 01 47 50 4A 30 32 31 
BAT RX 0x322 [8] 00 F3 00 CE 03 01 46 46 
BAT RX 0x320 [8] 50 41 C3 85 85 00 00 00 
BAT RX 0x319 [8] C0 0C F8 0C F6 0E 01 00 
BAT RX 0x318 [8] 0C F6 0C F6 0C F6 0C F6 
BAT RX 0x317 [8] 0C F8 0C F7 0C F7 0C F7 
BAT RX 0x316 [8] 0C F6 0C F6 0C F5 0C F5 
BAT RX 0x315 [8] 0C F8 0C F7 0C F7 0C F7 
BAT RX 0x314 [8] 40 10 5B 04 00 03 05 41 
BAT RX 0x313 [8] 14 B4 00 00 00 DF 46 63 
BAT RX 0x312 [8] 00 00 00 00 02 00 00 00 
BAT RX 0x311 [8] 02 38 08 24 08 24 01 61 
[84s] OK V=53.00V I=+0.0A T=22.3C SOC=70% SOH=99% | CVL=56.8V CCL=208.4A DCL=208.4A | chg=1 dis=1 fc1=0 fc2=0 | prot=0000 warn=0000 | packs=2 | inv0x305=no
BAT RX 0x330 [8] 01 05 01 08 0C F7 0C F5 
BAT RX 0x329 [8] 02 00 19 C0 02 00 40 48 
BAT RX 0x323 [8] 20 0E 10 00 00 00 00 00 
BAT RX 0x324 [8] 01 39 35 32 32 30 36 32 
BAT RX 0x322 [8] 00 F3 00 CE 03 01 46 46 
BAT RX 0x320 [8] 50 41 C3 85 85 00 00 00 
BAT RX 0x319 [8] C0 0C F7 0C F5 05 08 00 
BAT RX 0x318 [8] 0C F6 0C F6 0C F6 0C F5 
BAT RX 0x317 [8] 0C F7 0C F7 0C F7 0C F7 
BAT RX 0x316 [8] 0C F6 0C F6 0C F6 0C F6 
BAT RX 0x315 [8] 0C F7 0C F7 0C F7 0C F7 
BAT RX 0x314 [8] 40 10 5B 04 00 02 05 41 
BAT RX 0x313 [8] 14 B4 00 00 00 DF 46 63 
BAT RX 0x312 [8] 00 00 00 00 02 00 00 00 
BAT RX 0x311 [8] 02 38 08 24 08 24 01 61 
BAT RX 0x330 [8] 02 0D 02 01 0C F8 0C F5 
BAT RX 0x329 [8] 01 00 22 34 01 00 3F AD 
BAT RX 0x323 [8] 20 0E 10 00 00 00 00 00 
BAT RX 0x324 [8] 02 43 30 37 00 00 00 00 
BAT RX 0x322 [8] 00 F3 00 CE 03 01 46 46 
BAT RX 0x320 [8] 50 41 C3 85 85 00 00 00 
BAT RX 0x319 [8] C0 0C F8 0C F5 1D 11 00 
BAT RX 0x318 [8] 0C F6 0C F6 0C F6 0C F5 
BAT RX 0x317 [8] 0C F8 0C F7 0C F7 0C F7 
BAT RX 0x316 [8] 0C F6 0C F6 0C F6 0C F6 
BAT RX 0x315 [8] 0C F7 0C F7 0C F7 0C F7 
BAT RX 0x314 [8] 40 10 5B 04 00 03 05 41 
BAT RX 0x313 [8] 14 B4 00 00 00 DF 46 63 
BAT RX 0x312 [8] 00 00 00 00 02 00 00 00 
BAT RX 0x311 [8] 02 38 08 24 08 24 01 61 
[86s] OK V=53.00V I=+0.0A T=22.3C SOC=70% SOH=99% | CVL=56.8V CCL=208.4A DCL=208.4A | chg=1 dis=1 fc1=0 fc2=0 | prot=0000 warn=0000 | packs=2 | inv0x305=no
BAT RX 0x330 [8] 01 0E 01 01 0C F8 0C F6 
BAT RX 0x329 [8] 02 00 19 C0 02 00 40 48 
BAT RX 0x323 [8] 20 0E 10 00 00 00 00 00 
BAT RX 0x324 [8] 00 02 47 50 4A 30 32 31 
BAT RX 0x322 [8] 00 F3 00 CE 03 01 46 46 
BAT RX 0x320 [8] 50 41 C3 85 85 00 00 00 
BAT RX 0x319 [8] C0 0C F8 0C F6 0E 01 00 
BAT RX 0x318 [8] 0C F6 0C F6 0C F6 0C F6 
BAT RX 0x317 [8] 0C F8 0C F7 0C F7 0C F7 
BAT RX 0x316 [8] 0C F6 0C F6 0C F6 0C F6 
BAT RX 0x315 [8] 0C F7 0C F7 0C F7 0C F7 
BAT RX 0x314 [8] 40 10 5B 04 00 02 05 41 
BAT RX 0x313 [8] 14 B4 00 00 00 DF 46 63 
BAT RX 0x312 [8] 00 00 00 00 02 00 00 00 
BAT RX 0x311 [8] 02 38 08 24 08 24 01 61 
BAT RX 0x330 [8] 01 0E 01 01 0C F8 0C F6 
BAT RX 0x329 [8] 01 00 22 34 01 00 3F AD 
BAT RX 0x323 [8] 20 0E 10 00 00 00 00 00 
BAT RX 0x324 [8] 01 39 35 32 32 30 36 32 
BAT RX 0x322 [8] 00 F3 00 CE 03 01 46 46 
BAT RX 0x320 [8] 50 41 C3 85 85 00 00 00 
BAT RX 0x319 [8] C0 0C F8 0C F6 0E 01 00 
BAT RX 0x318 [8] 0C F6 0C F6 0C F6 0C F6 
BAT RX 0x317 [8] 0C F8 0C F7 0C F7 0C F7 
BAT RX 0x316 [8] 0C F6 0C F6 0C F6 0C F6 
BAT RX 0x315 [8] 0C F7 0C F7 0C F7 0C F7 
BAT RX 0x314 [8] 40 10 5B 04 00 02 05 41 
BAT RX 0x313 [8] 14 B4 00 00 00 DF 46 63 
BAT RX 0x312 [8] 00 00 00 00 02 00 00 00 
BAT RX 0x311 [8] 02 38 08 24 08 24 01 61 
[88s] OK V=53.00V I=+0.0A T=22.3C SOC=70% SOH=99% | CVL=56.8V CCL=208.4A DCL=208.4A | chg=1 dis=1 fc1=0 fc2=0 | prot=0000 warn=0000 | packs=2 | inv0x305=no
BAT RX 0x330 [8] 02 0D 01 01 0C F8 0C F6 
BAT RX 0x329 [8] 02 00 19 C0 02 00 40 48 
BAT RX 0x323 [8] 20 0E 10 00 00 00 00 00 
BAT RX 0x324 [8] 02 42 42 37 00 00 00 00 
BAT RX 0x322 [8] 00 F3 00 CE 03 01 46 46 
BAT RX 0x320 [8] 50 41 C3 85 85 00 00 00 
BAT RX 0x319 [8] C0 0C F8 0C F6 1D 01 00 
BAT RX 0x318 [8] 0C F6 0C F6 0C F6 0C F6 
BAT RX 0x317 [8] 0C F8 0C F7 0C F7 0C F7 
BAT RX 0x316 [8] 0C F6 0C F6 0C F6 0C F5 
BAT RX 0x315 [8] 0C F7 0C F7 0C F7 0C F7 
BAT RX 0x314 [8] 40 10 5B 04 00 02 05 41 
BAT RX 0x313 [8] 14 BE 00 00 00 DF 46 63 
BAT RX 0x312 [8] 00 00 00 00 02 00 00 00 
BAT RX 0x311 [8] 02 38 08 24 08 24 01 61 

---- battery-bus rate stats (VERBOSE_STATS) ----------------------------
  1253 frames, 90 s elapsed
  ID     count   period(ms)  (min-max gap)
  0x324      83   1032 (1-4867)
  0x329      85    990 (1-4866)
  0x330      88    956 (0-4000)
  0x312      83   1015 (1-4867)
  0x313      83   1015 (1-4867)
  0x314      83   1015 (1-4867)
  0x315      83   1015 (1-4867)
  0x316      83   1015 (1-4867)
  0x317      83   1015 (1-4867)
  0x318      83   1015 (1-4867)
  0x319      83   1015 (1-4867)
  0x320      83   1014 (1-4866)
  0x322      83   1014 (0-4867)
  0x311      83   1016 (1-4867)
  0x323      84   1002 (1-4866)
--------------------------------------------------------------------------

  TWAI: state=RUNNING  tx_err=0 rx_err=0  tx_failed=0  rx_missed=111 rx_overrun=0  arb_lost=0  bus_err=0
BAT RX 0x330 [8] 02 0D 01 03 0C F8 0C F5 
BAT RX 0x329 [8] 01 00 22 34 01 00 3F AD 
BAT RX 0x323 [8] 20 0E 10 00 00 00 00 00 
BAT RX 0x324 [8] 00 01 47 50 4A 30 32 31 
BAT RX 0x322 [8] 00 F3 00 CE 03 01 46 46 
BAT RX 0x320 [8] 50 41 C3 85 85 00 00 00 
BAT RX 0x319 [8] C0 0C F8 0C F5 1D 03 00 
BAT RX 0x318 [8] 0C F6 0C F6 0C F6 0C F6 
BAT RX 0x317 [8] 0C F8 0C F7 0C F7 0C F7 
BAT RX 0x316 [8] 0C F6 0C F6 0C F6 0C F6 
BAT RX 0x315 [8] 0C F7 0C F7 0C F7 0C F7 
BAT RX 0x314 [8] 40 10 5B 04 00 02 05 41 
BAT RX 0x313 [8] 14 BE 00 00 00 DF 46 63 
BAT RX 0x312 [8] 00 00 00 00 02 00 00 00 
BAT RX 0x311 [8] 02 38 08 24 08 24 01 61 
[90s] OK V=53.10V I=+0.0A T=22.3C SOC=70% SOH=99% | CVL=56.8V CCL=208.4A DCL=208.4A | chg=1 dis=1 fc1=0 fc2=0 | prot=0000 warn=0000 | packs=2 | inv0x305=no
BAT RX 0x330 [8] 02 0D 01 01 0C F8 0C F6 
BAT RX 0x329 [8] 02 00 19 C0 02 00 40 48 
BAT RX 0x323 [8] 20 0E 10 00 00 00 00 00 
BAT RX 0x324 [8] 01 39 35 32 32 30 36 32 
BAT RX 0x322 [8] 00 F3 00 CE 03 01 46 46 
BAT RX 0x320 [8] 50 41 C3 85 85 00 00 00 
BAT RX 0x319 [8] C0 0C F8 0C F6 1D 01 00 
BAT RX 0x318 [8] 0C F7 0C F6 0C F6 0C F6 
BAT RX 0x317 [8] 0C F8 0C F7 0C F7 0C F7 
BAT RX 0x316 [8] 0C F6 0C F6 0C F6 0C F6 
BAT RX 0x315 [8] 0C F8 0C F7 0C F7 0C F7 
BAT RX 0x314 [8] 40 10 5B 04 00 02 05 41 
BAT RX 0x313 [8] 14 B4 00 00 00 DF 46 63 
BAT RX 0x312 [8] 00 00 00 00 02 00 00 00 
BAT RX 0x311 [8] 02 38 08 24 08 24 01 61 
BAT RX 0x330 [8] 01 0E 01 01 0C F8 0C F6 
BAT RX 0x329 [8] 01 00 22 34 01 00 3F AD 
BAT RX 0x323 [8] 20 0E 10 00 00 00 00 00 
BAT RX 0x324 [8] 02 43 30 37 00 00 00 00 
BAT RX 0x322 [8] 00 F3 00 CE 03 01 46 46 
BAT RX 0x320 [8] 50 41 C3 85 85 00 00 00 
BAT RX 0x319 [8] C0 0C F8 0C F6 0E 01 00 
BAT RX 0x318 [8] 0C F6 0C F6 0C F6 0C F6 
BAT RX 0x317 [8] 0C F8 0C F7 0C F7 0C F7 
BAT RX 0x316 [8] 0C F6 0C F6 0C F6 0C F6 
BAT RX 0x315 [8] 0C F7 0C F7 0C F7 0C F7 
BAT RX 0x314 [8] 40 10 5B 04 00 02 05 41 
BAT RX 0x313 [8] 14 BE 00 00 00 DF 46 63 
BAT RX 0x312 [8] 00 00 00 00 02 00 00 00 
BAT RX 0x311 [8] 02 38 08 24 08 24 01 61 
[92s] OK V=53.10V I=+0.0A T=22.3C SOC=70% SOH=99% | CVL=56.8V CCL=208.4A DCL=208.4A | chg=1 dis=1 fc1=0 fc2=0 | prot=0000 warn=0000 | packs=2 | inv0x305=no
BAT RX 0x330 [8] 02 0D 01 01 0C F8 0C F6 
BAT RX 0x329 [8] 02 00 19 C0 02 00 40 48 
BAT RX 0x323 [8] 20 0E 10 00 00 00 00 00 
BAT RX 0x324 [8] 00 02 47 50 4A 30 32 31 
BAT RX 0x322 [8] 00 F3 00 CE 03 01 46 46 
BAT RX 0x320 [8] 50 41 C3 85 85 00 00 00 
BAT RX 0x319 [8] C0 0C F8 0C F6 1D 01 00 
BAT RX 0x318 [8] 0C F6 0C F6 0C F6 0C F6 
BAT RX 0x317 [8] 0C F8 0C F7 0C F7 0C F7 
BAT RX 0x316 [8] 0C F6 0C F6 0C F6 0C F5 
BAT RX 0x315 [8] 0C F7 0C F7 0C F7 0C F7 
BAT RX 0x314 [8] 40 10 5B 04 00 02 05 41 
BAT RX 0x313 [8] 14 B4 00 00 00 DF 46 63 
BAT RX 0x312 [8] 00 00 00 00 02 00 00 00 
BAT RX 0x311 [8] 02 38 08 24 08 24 01 61 
BAT RX 0x330 [8] 02 0D 01 01 0C F8 0C F6 
BAT RX 0x329 [8] 01 00 22 34 01 00 3F AD 
BAT RX 0x323 [8] 20 0E 10 00 00 00 00 00 
BAT RX 0x324 [8] 01 39 35 32 32 30 36 32 
BAT RX 0x322 [8] 00 F3 00 CE 03 01 46 46 
BAT RX 0x320 [8] 50 41 C3 85 85 00 00 00 
BAT RX 0x319 [8] C0 0C F8 0C F6 1D 01 00 
BAT RX 0x318 [8] 0C F6 0C F6 0C F6 0C F6 
BAT RX 0x317 [8] 0C F8 0C F7 0C F7 0C F7 
BAT RX 0x316 [8] 0C F6 0C F6 0C F6 0C F6 
BAT RX 0x315 [8] 0C F7 0C F7 0C F7 0C F7 
BAT RX 0x314 [8] 40 10 5B 04 00 02 05 41 
BAT RX 0x313 [8] 14 BE 00 00 00 DF 46 63 
BAT RX 0x312 [8] 00 00 00 00 02 00 00 00 
BAT RX 0x311 [8] 02 38 08 24 08 24 01 61 
[94s] OK V=53.10V I=+0.0A T=22.3C SOC=70% SOH=99% | CVL=56.8V CCL=208.4A DCL=208.4A | chg=1 dis=1 fc1=0 fc2=0 | prot=0000 warn=0000 | packs=2 | inv0x305=no
BAT RX 0x330 [8] 02 0D 01 01 0C F8 0C F6 
BAT RX 0x329 [8] 02 00 19 C0 02 00 40 48 
BAT RX 0x323 [8] 20 0E 10 00 00 00 00 00 
BAT RX 0x324 [8] 02 42 42 37 00 00 00 00 
BAT RX 0x322 [8] 00 F3 00 CE 03 01 46 46 
BAT RX 0x320 [8] 50 41 C3 85 85 00 00 00 
BAT RX 0x319 [8] C0 0C F8 0C F6 1D 01 00 
BAT RX 0x318 [8] 0C F7 0C F6 0C F6 0C F6 
BAT RX 0x317 [8] 0C F8 0C F7 0C F7 0C F7 
BAT RX 0x316 [8] 0C F6 0C F6 0C F6 0C F6 
BAT RX 0x315 [8] 0C F8 0C F7 0C F7 0C F7 
BAT RX 0x314 [8] 40 10 5B 04 00 02 05 41 
BAT RX 0x313 [8] 14 BE 00 00 00 DF 46 63 
BAT RX 0x312 [8] 00 00 00 00 02 00 00 00 
BAT RX 0x311 [8] 02 38 08 24 08 24 01 61 
BAT RX 0x330 [8] 01 0E 01 03 0C F8 0C F5 
BAT RX 0x329 [8] 01 00 22 34 01 00 3F AD 
BAT RX 0x323 [8] 20 0E 10 00 00 00 00 00 
BAT RX 0x324 [8] 00 01 47 50 4A 30 32 31 
BAT RX 0x322 [8] 00 F3 00 CE 03 01 46 46 
BAT RX 0x320 [8] 50 41 C3 85 85 00 00 00 
BAT RX 0x319 [8] C0 0C F8 0C F5 0E 03 00 
BAT RX 0x318 [8] 0C F6 0C F6 0C F6 0C F6 
BAT RX 0x317 [8] 0C F8 0C F7 0C F7 0C F7 
BAT RX 0x316 [8] 0C F6 0C F6 0C F6 0C F6 
BAT RX 0x315 [8] 0C F7 0C F7 0C F7 0C F7 
BAT RX 0x314 [8] 40 10 5B 04 00 02 05 41 
BAT RX 0x313 [8] 14 BE 00 00 00 DF 46 63 
BAT RX 0x312 [8] 00 00 00 00 02 00 00 00 
BAT RX 0x311 [8] 02 38 08 24 08 24 01 61 
[96s] OK V=53.10V I=+0.0A T=22.3C SOC=70% SOH=99% | CVL=56.8V CCL=208.4A DCL=208.4A | chg=1 dis=1 fc1=0 fc2=0 | prot=0000 warn=0000 | packs=2 | inv0x305=no
BAT RX 0x330 [8] 02 0D 01 01 0C F8 0C F6 
BAT RX 0x329 [8] 02 00 19 C0 02 00 40 48 
BAT RX 0x323 [8] 20 0E 10 00 00 00 00 00 
BAT RX 0x324 [8] 01 39 35 32 32 30 36 32 
BAT RX 0x322 [8] 00 F3 00 CE 03 01 46 46 
BAT RX 0x320 [8] 50 41 C3 85 85 00 00 00 
BAT RX 0x319 [8] C0 0C F8 0C F6 1D 01 00 
BAT RX 0x318 [8] 0C F6 0C F6 0C F6 0C F6 
BAT RX 0x317 [8] 0C F8 0C F7 0C F7 0C F7 
BAT RX 0x316 [8] 0C F6 0C F6 0C F6 0C F6 
BAT RX 0x315 [8] 0C F7 0C F7 0C F7 0C F7 
BAT RX 0x314 [8] 40 10 5B 04 00 02 05 41 
BAT RX 0x313 [8] 14 BE 00 00 00 DF 46 63 
BAT RX 0x312 [8] 00 00 00 00 02 00 00 00 
BAT RX 0x311 [8] 02 38 08 24 08 24 01 61 
BAT RX 0x330 [8] 01 0E 01 01 0C F8 0C F6 
BAT RX 0x329 [8] 01 00 22 34 01 00 3F AD 
BAT RX 0x323 [8] 20 0E 10 00 00 00 00 00 
BAT RX 0x324 [8] 02 43 30 37 00 00 00 00 
BAT RX 0x322 [8] 00 F3 00 CE 03 01 46 46 
BAT RX 0x320 [8] 50 41 C3 85 85 00 00 00 
BAT RX 0x319 [8] C0 0C F8 0C F6 0E 01 00 
BAT RX 0x318 [8] 0C F6 0C F6 0C F6 0C F6 
BAT RX 0x317 [8] 0C F8 0C F7 0C F7 0C F7 
BAT RX 0x316 [8] 0C F6 0C F6 0C F6 0C F6 
BAT RX 0x315 [8] 0C F7 0C F7 0C F7 0C F7 
BAT RX 0x314 [8] 40 10 5B 04 00 02 05 41 
BAT RX 0x313 [8] 14 BE 00 00 00 DF 46 63 
BAT RX 0x312 [8] 00 00 00 00 02 00 00 00 
BAT RX 0x311 [8] 02 38 08 24 08 24 01 61 
[98s] OK V=53.10V I=+0.0A T=22.3C SOC=70% SOH=99% | CVL=56.8V CCL=208.4A DCL=208.4A | chg=1 dis=1 fc1=0 fc2=0 | prot=0000 warn=0000 | packs=2 | inv0x305=no
BAT RX 0x330 [8] 02 0D 01 01 0C F8 0C F6 
BAT RX 0x329 [8] 02 00 19 C0 02 00 40 48 
BAT RX 0x323 [8] 20 0E 10 00 00 00 00 00 
BAT RX 0x324 [8] 00 02 47 50 4A 30 32 31 
BAT RX 0x322 [8] 00 F3 00 CE 03 01 46 46 
BAT RX 0x320 [8] 50 41 C3 85 85 00 00 00 
BAT RX 0x319 [8] C0 0C F8 0C F6 1D 01 00 
BAT RX 0x318 [8] 0C F6 0C F6 0C F6 0C F6 
BAT RX 0x317 [8] 0C F8 0C F7 0C F7 0C F7 
BAT RX 0x316 [8] 0C F6 0C F6 0C F6 0C F6 
BAT RX 0x315 [8] 0C F7 0C F7 0C F7 0C F7 
BAT RX 0x314 [8] 40 10 5B 04 00 02 05 41 
BAT RX 0x313 [8] 14 BE 00 00 00 DF 46 63 
BAT RX 0x312 [8] 00 00 00 00 02 00 00 00 
BAT RX 0x311 [8] 02 38 08 24 08 24 01 61 
BAT RX 0x330 [8] 01 07 01 01 0C F8 0C F6 
BAT RX 0x329 [8] 01 00 22 34 01 00 3F AD 
BAT RX 0x323 [8] 20 0E 10 00 00 00 00 00 
BAT RX 0x324 [8] 01 39 35 32 32 30 36 32 
BAT RX 0x322 [8] 00 F3 00 CE 03 01 46 46 
BAT RX 0x320 [8] 50 41 C3 85 85 00 00 00 
BAT RX 0x319 [8] C0 0C F8 0C F6 07 01 00 
BAT RX 0x318 [8] 0C F6 0C F6 0C F6 0C F6 
BAT RX 0x317 [8] 0C F8 0C F8 0C F8 0C F7 
BAT RX 0x316 [8] 0C F6 0C F6 0C F6 0C F6 
BAT RX 0x315 [8] 0C F7 0C F7 0C F7 0C F7 
BAT RX 0x314 [8] 40 10 5B 04 00 02 05 41 
BAT RX 0x313 [8] 14 BE 00 00 00 DF 46 63 
BAT RX 0x312 [8] 00 00 00 00 02 00 00 00 
BAT RX 0x311 [8] 02 38 08 24 08 24 01 61 
[100s] OK V=53.10V I=+0.0A T=22.3C SOC=70% SOH=99% | CVL=56.8V CCL=208.4A DCL=208.4A | chg=1 dis=1 fc1=0 fc2=0 | prot=0000 warn=0000 | packs=2 | inv0x305=no
BAT RX 0x330 [8] 01 0E 01 01 0C F8 0C F6 
BAT RX 0x329 [8] 02 00 19 C0 02 00 40 48 
BAT RX 0x323 [8] 20 0E 10 00 00 00 00 00 
BAT RX 0x324 [8] 02 42 42 37 00 00 00 00 
BAT RX 0x322 [8] 00 F3 00 CE 03 01 46 46 
BAT RX 0x320 [8] 50 41 C3 85 85 00 00 00 
BAT RX 0x319 [8] C0 0C F8 0C F6 0E 01 00 
BAT RX 0x318 [8] 0C F6 0C F6 0C F6 0C F6 
BAT RX 0x317 [8] 0C F8 0C F7 0C F7 0C F7 
BAT RX 0x316 [8] 0C F6 0C F6 0C F6 0C F6 
BAT RX 0x315 [8] 0C F7 0C F7 0C F7 0C F7 
BAT RX 0x314 [8] 40 10 5B 04 00 02 05 41 
BAT RX 0x313 [8] 14 BE 00 00 00 DF 46 63 
BAT RX 0x312 [8] 00 00 00 00 02 00 00 00 
BAT RX 0x311 [8] 02 38 08 24 08 24 01 61 
BAT RX 0x330 [8] 01 0C 01 03 0C F8 0C F6 
BAT RX 0x329 [8] 01 00 22 34 01 00 3F AD 
BAT RX 0x323 [8] 20 0E 10 00 00 00 00 00 
BAT RX 0x324 [8] 00 01 47 50 4A 30 32 31 
BAT RX 0x322 [8] 00 F3 00 CE 03 01 46 46 
BAT RX 0x320 [8] 50 41 C3 85 85 00 00 00 
BAT RX 0x319 [8] C0 0C F8 0C F6 0C 03 00 
BAT RX 0x318 [8] 0C F6 0C F6 0C F6 0C F6 
BAT RX 0x317 [8] 0C F8 0C F8 0C F7 0C F7 
BAT RX 0x316 [8] 0C F6 0C F6 0C F6 0C F6 
BAT RX 0x315 [8] 0C F8 0C F7 0C F7 0C F7 
BAT RX 0x314 [8] 40 10 5B 04 00 02 05 41 
BAT RX 0x313 [8] 14 BE 00 00 00 DF 46 63 
BAT RX 0x312 [8] 00 00 00 00 02 00 00 00 
BAT RX 0x311 [8] 02 38 08 24 08 24 01 61 
[102s] OK V=53.10V I=+0.0A T=22.3C SOC=70% SOH=99% | CVL=56.8V CCL=208.4A DCL=208.4A | chg=1 dis=1 fc1=0 fc2=0 | prot=0000 warn=0000 | packs=2 | inv0x305=no
BAT RX 0x330 [8] 01 0E 01 01 0C F8 0C F6 
BAT RX 0x329 [8] 02 00 19 C0 02 00 40 48 
BAT RX 0x323 [8] 20 0E 10 00 00 00 00 00 
BAT RX 0x324 [8] 01 39 35 32 32 30 36 32 
BAT RX 0x322 [8] 00 F3 00 CE 03 01 46 46 
BAT RX 0x320 [8] 50 41 C3 85 85 00 00 00 
BAT RX 0x319 [8] C0 0C F8 0C F6 0E 01 00 
BAT RX 0x318 [8] 0C F7 0C F6 0C F6 0C F6 
BAT RX 0x317 [8] 0C F8 0C F8 0C F7 0C F7 
BAT RX 0x316 [8] 0C F6 0C F6 0C F6 0C F6 
BAT RX 0x315 [8] 0C F8 0C F7 0C F7 0C F7 
BAT RX 0x314 [8] 40 10 5B 04 00 02 05 41 
BAT RX 0x313 [8] 14 BE 00 00 00 DF 46 63 
BAT RX 0x312 [8] 00 00 00 00 02 00 00 00 
BAT RX 0x311 [8] 02 38 08 24 08 24 01 61 
BAT RX 0x330 [8] 01 0E 01 01 0C F8 0C F6 
BAT RX 0x329 [8] 01 00 22 34 01 00 3F AD 
BAT RX 0x323 [8] 20 0E 10 00 00 00 00 00 
BAT RX 0x324 [8] 02 43 30 37 00 00 00 00 
BAT RX 0x322 [8] 00 F3 00 CE 03 01 46 46 
BAT RX 0x320 [8] 50 41 C3 85 85 00 00 00 
BAT RX 0x319 [8] C0 0C F8 0C F6 0E 01 00 
BAT RX 0x318 [8] 0C F6 0C F6 0C F6 0C F6 
BAT RX 0x317 [8] 0C F8 0C F7 0C F7 0C F7 
BAT RX 0x316 [8] 0C F6 0C F6 0C F6 0C F6 
BAT RX 0x315 [8] 0C F7 0C F7 0C F7 0C F7 
BAT RX 0x314 [8] 40 10 5B 04 00 02 05 41 
BAT RX 0x313 [8] 14 BE 00 00 00 DF 46 63 
BAT RX 0x312 [8] 00 00 00 00 02 00 00 00 
BAT RX 0x311 [8] 02 38 08 24 08 24 01 61 
[104s] OK V=53.10V I=+0.0A T=22.3C SOC=70% SOH=99% | CVL=56.8V CCL=208.4A DCL=208.4A | chg=1 dis=1 fc1=0 fc2=0 | prot=0000 warn=0000 | packs=2 | inv0x305=no

---- battery-bus rate stats (VERBOSE_STATS) ----------------------------
  1478 frames, 105 s elapsed
  ID     count   period(ms)  (min-max gap)
  0x324      98   1027 (1-4867)
  0x329     100    991 (1-4866)
  0x330     103    962 (0-4000)
  0x312      98   1013 (1-4867)
  0x313      98   1013 (1-4867)
  0x314      98   1013 (1-4867)
  0x315      98   1012 (1-4867)
  0x316      98   1012 (1-4867)
  0x317      98   1012 (1-4867)
  0x318      98   1012 (1-4867)
  0x319      98   1012 (1-4867)
  0x320      98   1012 (1-4866)
  0x322      98   1012 (0-4867)
  0x311      98   1013 (1-4867)
  0x323      99   1001 (1-4866)
--------------------------------------------------------------------------

  TWAI: state=RUNNING  tx_err=0 rx_err=0  tx_failed=0  rx_missed=111 rx_overrun=0  arb_lost=0  bus_err=0
BAT RX 0x330 [8] 01 0C 01 01 0C F8 0C F6 
BAT RX 0x329 [8] 02 00 19 C0 02 00 40 48 
BAT RX 0x323 [8] 20 0E 10 00 00 00 00 00 
BAT RX 0x324 [8] 00 02 47 50 4A 30 32 31 
BAT RX 0x322 [8] 00 F3 00 CE 03 01 46 46 
BAT RX 0x320 [8] 50 41 C3 85 85 00 00 00 
BAT RX 0x319 [8] C0 0C F8 0C F6 0C 01 00 
BAT RX 0x318 [8] 0C F6 0C F6 0C F6 0C F6 
BAT RX 0x317 [8] 0C F8 0C F7 0C F7 0C F7 
BAT RX 0x316 [8] 0C F6 0C F6 0C F6 0C F6 
BAT RX 0x315 [8] 0C F8 0C F7 0C F7 0C F7 
BAT RX 0x314 [8] 40 10 5B 04 00 02 05 41 
BAT RX 0x313 [8] 14 BE 00 00 00 DF 46 63 
BAT RX 0x312 [8] 00 00 00 00 02 00 00 00 
BAT RX 0x311 [8] 02 38 08 24 08 24 01 61 
BAT RX 0x330 [8] 01 0E 01 01 0C F8 0C F6 
BAT RX 0x329 [8] 01 00 22 34 01 00 3F AD 
BAT RX 0x323 [8] 20 0E 10 00 00 00 00 00 
BAT RX 0x324 [8] 01 39 35 32 32 30 36 32 
BAT RX 0x322 [8] 00 F3 00 CE 03 01 46 46 
BAT RX 0x320 [8] 50 41 C3 85 85 00 00 00 
BAT RX 0x319 [8] C0 0C F8 0C F6 0E 01 00 
BAT RX 0x318 [8] 0C F7 0C F6 0C F6 0C F6 
BAT RX 0x317 [8] 0C F8 0C F8 0C F7 0C F7 
BAT RX 0x316 [8] 0C F6 0C F6 0C F6 0C F6 
BAT RX 0x315 [8] 0C F7 0C F7 0C F7 0C F7 
BAT RX 0x314 [8] 40 10 5B 04 00 02 05 41 
BAT RX 0x313 [8] 14 BE 00 00 00 DF 46 63 
BAT RX 0x312 [8] 00 00 00 00 02 00 00 00 
BAT RX 0x311 [8] 02 38 08 24 08 24 01 61 
[106s] OK V=53.10V I=+0.0A T=22.3C SOC=70% SOH=99% | CVL=56.8V CCL=208.4A DCL=208.4A | chg=1 dis=1 fc1=0 fc2=0 | prot=0000 warn=0000 | packs=2 | inv0x305=no
BAT RX 0x330 [8] 02 09 01 01 0C F8 0C F6 
BAT RX 0x329 [8] 02 00 19 C0 02 00 40 48 
BAT RX 0x323 [8] 20 0E 10 00 00 00 00 00 
BAT RX 0x324 [8] 02 42 42 37 00 00 00 00 
BAT RX 0x322 [8] 00 F3 00 CE 03 01 46 46 
BAT RX 0x320 [8] 50 41 C3 85 85 00 00 00 
BAT RX 0x319 [8] C0 0C F8 0C F6 19 01 00 
BAT RX 0x318 [8] 0C F6 0C F6 0C F6 0C F6 
BAT RX 0x317 [8] 0C F8 0C F8 0C F7 0C F7 
BAT RX 0x316 [8] 0C F6 0C F6 0C F6 0C F6 
BAT RX 0x315 [8] 0C F8 0C F8 0C F7 0C F7 
BAT RX 0x314 [8] 40 10 5B 04 00 02 05 41 
BAT RX 0x313 [8] 14 BE 00 00 00 DF 46 63 
BAT RX 0x312 [8] 00 00 00 00 02 00 00 00 
BAT RX 0x311 [8] 02 38 08 24 08 24 01 61 
BAT RX 0x330 [8] 01 0E 01 01 0C F8 0C F6 
BAT RX 0x329 [8] 01 00 22 34 01 00 3F AD 
BAT RX 0x323 [8] 20 0E 10 00 00 00 00 00 
BAT RX 0x324 [8] 00 01 47 50 4A 30 32 31 
BAT RX 0x322 [8] 00 F3 00 CE 03 01 46 46 
BAT RX 0x320 [8] 50 41 C3 85 85 00 00 00 
BAT RX 0x319 [8] C0 0C F8 0C F6 0E 01 00 
BAT RX 0x318 [8] 0C F6 0C F6 0C F6 0C F6 
BAT RX 0x317 [8] 0C F8 0C F7 0C F7 0C F7 
BAT RX 0x316 [8] 0C F6 0C F6 0C F6 0C F6 
BAT RX 0x315 [8] 0C F8 0C F7 0C F7 0C F7 
BAT RX 0x314 [8] 40 10 5B 04 00 02 05 41 
BAT RX 0x313 [8] 14 BE 00 00 00 DF 46 63 
BAT RX 0x312 [8] 00 00 00 00 02 00 00 00 
BAT RX 0x311 [8] 02 38 08 24 08 24 01 61 
[108s] OK V=53.10V I=+0.0A T=22.3C SOC=70% SOH=99% | CVL=56.8V CCL=208.4A DCL=208.4A | chg=1 dis=1 fc1=0 fc2=0 | prot=0000 warn=0000 | packs=2 | inv0x305=no
BAT RX 0x330 [8] 01 07 01 01 0C F8 0C F6 
BAT RX 0x329 [8] 02 00 19 C0 02 00 40 48 
BAT RX 0x323 [8] 20 0E 10 00 00 00 00 00 
BAT RX 0x324 [8] 01 39 35 32 32 30 36 32 
BAT RX 0x322 [8] 00 F3 00 CE 03 01 46 46 
BAT RX 0x320 [8] 50 41 C3 85 85 00 00 00 
BAT RX 0x319 [8] C0 0C F8 0C F6 07 01 00 
BAT RX 0x318 [8] 0C F7 0C F7 0C F6 0C F6 
BAT RX 0x317 [8] 0C F8 0C F8 0C F8 0C F8 
BAT RX 0x316 [8] 0C F6 0C F6 0C F6 0C F6 
BAT RX 0x315 [8] 0C F8 0C F8 0C F7 0C F7 
BAT RX 0x314 [8] 40 10 5B 04 00 02 05 41 
BAT RX 0x313 [8] 14 BE 00 00 00 DF 46 63 
BAT RX 0x312 [8] 00 00 00 00 02 00 00 00 
BAT RX 0x311 [8] 02 38 08 24 08 24 01 61 
BAT RX 0x330 [8] 02 0C 01 01 0C F8 0C F6 
BAT RX 0x329 [8] 01 00 22 34 01 00 3F AD 
BAT RX 0x323 [8] 20 0E 10 00 00 00 00 00 
BAT RX 0x324 [8] 02 43 30 37 00 00 00 00 
BAT RX 0x322 [8] 00 F3 00 CE 03 01 46 46 
BAT RX 0x320 [8] 50 41 C3 85 85 00 00 00 
BAT RX 0x319 [8] C0 0C F8 0C F6 1C 01 00 
BAT RX 0x318 [8] 0C F7 0C F6 0C F6 0C F6 
BAT RX 0x317 [8] 0C F8 0C F8 0C F7 0C F7 
BAT RX 0x316 [8] 0C F6 0C F6 0C F6 0C F6 
BAT RX 0x315 [8] 0C F8 0C F7 0C F7 0C F7 
BAT RX 0x314 [8] 40 10 5B 04 00 02 05 41 
BAT RX 0x313 [8] 14 BE 00 00 00 DF 46 63 
BAT RX 0x312 [8] 00 00 00 00 02 00 00 00 
BAT RX 0x311 [8] 02 38 08 24 08 24 01 61 
[110s] OK V=53.10V I=+0.0A T=22.3C SOC=70% SOH=99% | CVL=56.8V CCL=208.4A DCL=208.4A | chg=1 dis=1 fc1=0 fc2=0 | prot=0000 warn=0000 | packs=2 | inv0x305=no
BAT RX 0x330 [8] 02 02 01 01 0C F8 0C F6 
BAT RX 0x329 [8] 02 00 19 C0 02 00 40 48 
BAT RX 0x323 [8] 20 0E 10 00 00 00 00 00 
BAT RX 0x324 [8] 00 02 47 50 4A 30 32 31 
BAT RX 0x322 [8] 00 F3 00 CE 03 01 46 46 
BAT RX 0x320 [8] 50 41 C3 85 85 00 00 00 
BAT RX 0x319 [8] C0 0C F8 0C F6 12 01 00 
BAT RX 0x318 [8] 0C F7 0C F7 0C F6 0C F6 
BAT RX 0x317 [8] 0C F8 0C F8 0C F8 0C F8 
BAT RX 0x316 [8] 0C F6 0C F6 0C F6 0C F6 
BAT RX 0x315 [8] 0C F8 0C F8 0C F7 0C F7 
BAT RX 0x314 [8] 40 10 5B 04 00 02 05 41 
BAT RX 0x313 [8] 14 BE 00 00 00 DF 46 63 
BAT RX 0x312 [8] 00 00 00 00 02 00 00 00 
BAT RX 0x311 [8] 02 38 08 24 08 24 01 61 
BAT RX 0x330 [8] 01 10 01 01 0C F8 0C F6 
BAT RX 0x329 [8] 01 00 22 34 01 00 3F AD 
BAT RX 0x323 [8] 20 0E 10 00 00 00 00 00 
BAT RX 0x324 [8] 01 39 35 32 32 30 36 32 
BAT RX 0x322 [8] 00 F3 00 CE 03 01 46 46 
BAT RX 0x320 [8] 50 41 C3 85 85 00 00 00 
BAT RX 0x319 [8] C0 0C F8 0C F6 10 01 00 
BAT RX 0x318 [8] 0C F7 0C F7 0C F7 0C F6 
BAT RX 0x317 [8] 0C F8 0C F8 0C F7 0C F7 
BAT RX 0x316 [8] 0C F6 0C F6 0C F6 0C F6 
BAT RX 0x315 [8] 0C F8 0C F8 0C F7 0C F7 
BAT RX 0x314 [8] 40 10 5B 04 00 02 05 41 
BAT RX 0x313 [8] 14 BE 00 00 00 DF 46 63 
BAT RX 0x312 [8] 00 00 00 00 02 00 00 00 
BAT RX 0x311 [8] 02 38 08 24 08 24 01 61 
[112s] OK V=53.10V I=+0.0A T=22.3C SOC=70% SOH=99% | CVL=56.8V CCL=208.4A DCL=208.4A | chg=1 dis=1 fc1=0 fc2=0 | prot=0000 warn=0000 | packs=2 | inv0x305=no
BAT RX 0x330 [8] 02 0D 01 01 0C F9 0C F6 
BAT RX 0x329 [8] 02 00 19 C0 02 00 40 48 
BAT RX 0x323 [8] 20 0E 10 00 00 00 00 00 
BAT RX 0x324 [8] 02 42 42 37 00 00 00 00 
BAT RX 0x322 [8] 00 F3 00 CE 03 01 46 46 
BAT RX 0x320 [8] 50 41 C3 85 85 00 00 00 
BAT RX 0x319 [8] C0 0C F9 0C F6 1D 01 00 
BAT RX 0x318 [8] 0C F7 0C F7 0C F7 0C F6 
BAT RX 0x317 [8] 0C F9 0C F8 0C F8 0C F8 
BAT RX 0x316 [8] 0C F6 0C F6 0C F6 0C F6 
BAT RX 0x315 [8] 0C F8 0C F7 0C F7 0C F7 
BAT RX 0x314 [8] 40 10 5B 04 00 03 05 41 
BAT RX 0x313 [8] 14 BE 00 00 00 DF 46 63 
BAT RX 0x312 [8] 00 00 00 00 02 00 00 00 
BAT RX 0x311 [8] 02 38 08 24 08 24 01 61 
BAT RX 0x330 [8] 01 0E 01 01 0C F8 0C F6 
BAT RX 0x329 [8] 01 00 22 34 01 00 3F AD 
BAT RX 0x323 [8] 20 0E 10 00 00 00 00 00 
BAT RX 0x324 [8] 00 01 47 50 4A 30 32 31 
BAT RX 0x322 [8] 00 F3 00 CE 03 01 46 46 
BAT RX 0x320 [8] 50 41 C3 85 85 00 00 00 
BAT RX 0x319 [8] C0 0C F8 0C F6 0E 01 00 
BAT RX 0x318 [8] 0C F7 0C F6 0C F6 0C F6 
BAT RX 0x317 [8] 0C F8 0C F8 0C F8 0C F7 
BAT RX 0x316 [8] 0C F6 0C F6 0C F6 0C F6 
BAT RX 0x315 [8] 0C F8 0C F8 0C F7 0C F7 
BAT RX 0x314 [8] 40 10 5B 04 00 02 05 41 
BAT RX 0x313 [8] 14 BE 00 00 00 DF 46 63 
BAT RX 0x312 [8] 00 00 00 00 02 00 00 00 
BAT RX 0x311 [8] 02 38 08 24 08 24 01 61 
[114s] OK V=53.10V I=+0.0A T=22.3C SOC=70% SOH=99% | CVL=56.8V CCL=208.4A DCL=208.4A | chg=1 dis=1 fc1=0 fc2=0 | prot=0000 warn=0000 | packs=2 | inv0x305=no
BAT RX 0x330 [8] 01 07 01 01 0C F8 0C F6 
BAT RX 0x329 [8] 02 00 19 C0 02 00 40 48 
BAT RX 0x323 [8] 20 0E 10 00 00 00 00 00 
BAT RX 0x324 [8] 01 39 35 32 32 30 36 32 
BAT RX 0x322 [8] 00 F3 00 CE 03 01 46 46 
BAT RX 0x320 [8] 50 41 C3 85 85 00 00 00 
BAT RX 0x319 [8] C0 0C F8 0C F6 07 01 00 
BAT RX 0x318 [8] 0C F7 0C F7 0C F6 0C F6 
BAT RX 0x317 [8] 0C F8 0C F8 0C F8 0C F7 
BAT RX 0x316 [8] 0C F6 0C F6 0C F6 0C F6 
BAT RX 0x315 [8] 0C F8 0C F8 0C F7 0C F7 
BAT RX 0x314 [8] 40 10 5B 04 00 02 05 41 
BAT RX 0x313 [8] 14 BE 00 00 00 DF 46 63 
BAT RX 0x312 [8] 00 00 00 00 02 00 00 00 
BAT RX 0x311 [8] 02 38 08 24 08 24 01 61 
BAT RX 0x330 [8] 01 0E 01 01 0C F8 0C F6 
BAT RX 0x329 [8] 01 00 22 34 01 00 3F AD 
BAT RX 0x323 [8] 20 0E 10 00 00 00 00 00 
BAT RX 0x324 [8] 02 43 30 37 00 00 00 00 
BAT RX 0x322 [8] 00 F3 00 CE 03 01 46 46 
BAT RX 0x320 [8] 50 41 C3 85 85 00 00 00 
BAT RX 0x319 [8] C0 0C F8 0C F6 0E 01 00 
BAT RX 0x318 [8] 0C F7 0C F7 0C F6 0C F6 
BAT RX 0x317 [8] 0C F8 0C F8 0C F8 0C F7 
BAT RX 0x316 [8] 0C F6 0C F6 0C F6 0C F6 
BAT RX 0x315 [8] 0C F8 0C F8 0C F7 0C F7 
BAT RX 0x314 [8] 40 10 5B 04 00 02 05 41 
BAT RX 0x313 [8] 14 BE 00 00 00 DF 46 63 
BAT RX 0x312 [8] 00 00 00 00 02 00 00 00 
BAT RX 0x311 [8] 02 38 08 24 08 24 01 61 
[116s] OK V=53.10V I=+0.0A T=22.3C SOC=70% SOH=99% | CVL=56.8V CCL=208.4A DCL=208.4A | chg=1 dis=1 fc1=0 fc2=0 | prot=0000 warn=0000 | packs=2 | inv0x305=no
BAT RX 0x330 [8] 01 09 01 01 0C F8 0C F6 
BAT RX 0x329 [8] 02 00 19 C0 02 00 40 48 
BAT RX 0x323 [8] 20 0E 10 00 00 00 00 00 
BAT RX 0x324 [8] 00 02 47 50 4A 30 32 31 
BAT RX 0x322 [8] 00 F3 00 CE 03 01 46 46 
BAT RX 0x320 [8] 50 41 C3 85 85 00 00 00 
BAT RX 0x319 [8] C0 0C F8 0C F6 09 01 00 
BAT RX 0x318 [8] 0C F7 0C F7 0C F7 0C F6 
BAT RX 0x317 [8] 0C F8 0C F8 0C F8 0C F7 
BAT RX 0x316 [8] 0C F6 0C F6 0C F6 0C F6 
BAT RX 0x315 [8] 0C F8 0C F7 0C F7 0C F7 
BAT RX 0x314 [8] 40 10 5B 04 00 02 05 41 
BAT RX 0x313 [8] 14 BE 00 00 00 DF 46 63 
BAT RX 0x312 [8] 00 00 00 00 02 00 00 00 
BAT RX 0x311 [8] 02 38 08 24 08 24 01 61 
BAT RX 0x330 [8] 01 0E 01 01 0C F8 0C F6 
BAT RX 0x329 [8] 01 00 22 34 01 00 3F AD 
BAT RX 0x323 [8] 20 0E 10 00 00 00 00 00 
BAT RX 0x324 [8] 01 39 35 32 32 30 36 32 
BAT RX 0x322 [8] 00 F3 00 CE 03 01 46 46 
BAT RX 0x320 [8] 50 41 C3 85 85 00 00 00 
BAT RX 0x319 [8] C0 0C F8 0C F6 0E 01 00 
BAT RX 0x318 [8] 0C F6 0C F6 0C F6 0C F6 
BAT RX 0x317 [8] 0C F8 0C F8 0C F8 0C F8 
BAT RX 0x316 [8] 0C F6 0C F6 0C F6 0C F6 
BAT RX 0x315 [8] 0C F8 0C F7 0C F7 0C F7 
BAT RX 0x314 [8] 40 10 5B 04 00 02 05 41 
BAT RX 0x313 [8] 14 BE 00 00 00 DF 46 63 
BAT RX 0x312 [8] 00 00 00 00 02 00 00 00 
BAT RX 0x311 [8] 02 38 08 24 08 24 01 61 
[118s] OK V=53.10V I=+0.0A T=22.3C SOC=70% SOH=99% | CVL=56.8V CCL=208.4A DCL=208.4A | chg=1 dis=1 fc1=0 fc2=0 | prot=0000 warn=0000 | packs=2 | inv0x305=no
BAT RX 0x330 [8] 01 0E 01 01 0C F8 0C F6 
BAT RX 0x329 [8] 02 00 19 C0 02 00 40 48 
BAT RX 0x323 [8] 20 0E 10 00 00 00 00 00 
BAT RX 0x324 [8] 02 42 42 37 00 00 00 00 
BAT RX 0x322 [8] 00 F3 00 CE 03 01 46 46 
BAT RX 0x320 [8] 50 41 C3 85 85 00 00 00 
BAT RX 0x319 [8] C0 0C F8 0C F6 0E 01 00 
BAT RX 0x318 [8] 0C F7 0C F7 0C F7 0C F7 
BAT RX 0x317 [8] 0C F8 0C F8 0C F8 0C F8 
BAT RX 0x316 [8] 0C F6 0C F6 0C F6 0C F6 
BAT RX 0x315 [8] 0C F8 0C F7 0C F7 0C F7 
BAT RX 0x314 [8] 40 10 5B 04 00 02 05 41 
BAT RX 0x313 [8] 14 BE 00 00 00 DF 46 63 
BAT RX 0x312 [8] 00 00 00 00 02 00 00 00 
BAT RX 0x311 [8] 02 38 08 24 08 24 01 61 

---- battery-bus rate stats (VERBOSE_STATS) ----------------------------
  1703 frames, 120 s elapsed
  ID     count   period(ms)  (min-max gap)
  0x324     113   1023 (1-4867)
  0x329     115    992 (1-4866)
  0x330     118    967 (0-4000)
  0x312     113   1011 (1-4867)
  0x313     113   1011 (1-4867)
  0x314     113   1011 (1-4867)
  0x315     113   1011 (1-4867)
  0x316     113   1011 (1-4867)
  0x317     113   1010 (1-4867)
  0x318     113   1010 (1-4867)
  0x319     113   1010 (1-4867)
  0x320     113   1010 (1-4866)
  0x322     113   1010 (0-4867)
  0x311     113   1011 (1-4867)
  0x323     114   1001 (1-4866)
--------------------------------------------------------------------------

  TWAI: state=RUNNING  tx_err=0 rx_err=0  tx_failed=0  rx_missed=111 rx_overrun=0  arb_lost=0  bus_err=0
BAT RX 0x330 [8] 01 0E 01 02 0C F8 0C F6 
BAT RX 0x329 [8] 01 00 22 34 01 00 3F AD 
BAT RX 0x323 [8] 20 0E 10 00 00 00 00 00 
BAT RX 0x324 [8] 00 01 47 50 4A 30 32 31 
BAT RX 0x322 [8] 00 F3 00 CE 03 01 46 46 
BAT RX 0x320 [8] 50 41 C3 85 85 00 00 00 
BAT RX 0x319 [8] C0 0C F8 0C F6 0E 02 00 
BAT RX 0x318 [8] 0C F7 0C F7 0C F7 0C F6 
BAT RX 0x317 [8] 0C F8 0C F7 0C F7 0C F7 
BAT RX 0x316 [8] 0C F6 0C F6 0C F6 0C F6 
BAT RX 0x315 [8] 0C F8 0C F8 0C F8 0C F7 
BAT RX 0x314 [8] 40 10 5B 04 00 02 05 41 
BAT RX 0x313 [8] 14 BE 00 00 00 DF 46 63 
BAT RX 0x312 [8] 00 00 00 00 02 00 00 00 
BAT RX 0x311 [8] 02 38 08 24 08 24 01 61 
[120s] OK V=53.10V I=+0.0A T=22.3C SOC=70% SOH=99% | CVL=56.8V CCL=208.4A DCL=208.4A | chg=1 dis=1 fc1=0 fc2=0 | prot=0000 warn=0000 | packs=2 | inv0x305=no
BAT RX 0x330 [8] 01 07 01 01 0C F8 0C F6 
BAT RX 0x329 [8] 02 00 19 C0 02 00 40 48 
BAT RX 0x323 [8] 20 0E 10 00 00 00 00 00 
BAT RX 0x324 [8] 01 39 35 32 32 30 36 32 
BAT RX 0x322 [8] 00 F3 00 CE 03 01 46 46 
BAT RX 0x320 [8] 50 41 C3 85 85 00 00 00 
BAT RX 0x319 [8] C0 0C F8 0C F6 07 01 00 
BAT RX 0x318 [8] 0C F7 0C F7 0C F7 0C F6 
BAT RX 0x317 [8] 0C F8 0C F8 0C F8 0C F8 
BAT RX 0x316 [8] 0C F6 0C F6 0C F6 0C F6 
BAT RX 0x315 [8] 0C F8 0C F8 0C F8 0C F7 
BAT RX 0x314 [8] 40 10 5B 04 00 02 05 41 
BAT RX 0x313 [8] 14 BE 00 00 00 DF 46 63 
BAT RX 0x312 [8] 00 00 00 00 02 00 00 00 
BAT RX 0x311 [8] 02 38 08 24 08 24 01 61 
BAT RX 0x330 [8] 01 0D 01 01 0C F8 0C F6 
BAT RX 0x329 [8] 01 00 22 34 01 00 3F AD 
BAT RX 0x323 [8] 20 0E 10 00 00 00 00 00 
BAT RX 0x324 [8] 02 43 30 37 00 00 00 00 
BAT RX 0x322 [8] 00 F3 00 CE 03 01 46 46 
BAT RX 0x320 [8] 50 41 C3 85 85 00 00 00 
BAT RX 0x319 [8] C0 0C F8 0C F6 0D 01 00 
BAT RX 0x318 [8] 0C F7 0C F7 0C F7 0C F6 
BAT RX 0x317 [8] 0C F8 0C F8 0C F8 0C F7 
BAT RX 0x316 [8] 0C F6 0C F6 0C F6 0C F6 
BAT RX 0x315 [8] 0C F8 0C F7 0C F7 0C F7 
BAT RX 0x314 [8] 40 10 5B 04 00 02 05 41 
BAT RX 0x313 [8] 14 BE 00 00 00 DF 46 63 
BAT RX 0x312 [8] 00 00 00 00 02 00 00 00 
BAT RX 0x311 [8] 02 38 08 24 08 24 01 61 
[122s] OK V=53.10V I=+0.0A T=22.3C SOC=70% SOH=99% | CVL=56.8V CCL=208.4A DCL=208.4A | chg=1 dis=1 fc1=0 fc2=0 | prot=0000 warn=0000 | packs=2 | inv0x305=no
BAT RX 0x330 [8] 02 0D 01 02 0C F9 0C F6 
BAT RX 0x329 [8] 02 00 19 C0 02 00 40 48 
BAT RX 0x323 [8] 20 0E 10 00 00 00 00 00 
BAT RX 0x324 [8] 00 02 47 50 4A 30 32 31 
BAT RX 0x322 [8] 00 F3 00 CE 03 01 46 46 
BAT RX 0x320 [8] 50 41 C3 85 85 00 00 00 
BAT RX 0x319 [8] C0 0C F9 0C F6 1D 02 00 
BAT RX 0x318 [8] 0C F7 0C F7 0C F6 0C F6 
BAT RX 0x317 [8] 0C F9 0C F8 0C F8 0C F8 
BAT RX 0x316 [8] 0C F7 0C F6 0C F6 0C F6 
BAT RX 0x315 [8] 0C F8 0C F8 0C F7 0C F7 
BAT RX 0x314 [8] 40 10 5B 04 00 03 05 41 
BAT RX 0x313 [8] 14 BE 00 00 00 DF 46 63 
BAT RX 0x312 [8] 00 00 00 00 02 00 00 00 
BAT RX 0x311 [8] 02 38 08 24 08 24 01 61 
BAT RX 0x330 [8] 01 07 01 01 0C F8 0C F6 
BAT RX 0x329 [8] 01 00 22 34 01 00 3F AD 
BAT RX 0x323 [8] 20 0E 10 00 00 00 00 00 
BAT RX 0x324 [8] 01 39 35 32 32 30 36 32 
BAT RX 0x322 [8] 00 F3 00 CE 03 01 46 46 
BAT RX 0x320 [8] 50 41 C3 85 85 00 00 00 
BAT RX 0x319 [8] C0 0C F8 0C F6 07 01 00 
BAT RX 0x318 [8] 0C F7 0C F7 0C F6 0C F6 
BAT RX 0x317 [8] 0C F8 0C F8 0C F8 0C F8 
BAT RX 0x316 [8] 0C F6 0C F6 0C F6 0C F6 
BAT RX 0x315 [8] 0C F8 0C F8 0C F8 0C F7 
BAT RX 0x314 [8] 40 10 5B 04 00 02 05 41 
BAT RX 0x313 [8] 14 BE 00 00 00 DF 46 63 
BAT RX 0x312 [8] 00 00 00 00 02 00 00 00 
BAT RX 0x311 [8] 02 38 08 24 08 24 01 61 
[124s] OK V=53.10V I=+0.0A T=22.3C SOC=70% SOH=99% | CVL=56.8V CCL=208.4A DCL=208.4A | chg=1 dis=1 fc1=0 fc2=0 | prot=0000 warn=0000 | packs=2 | inv0x305=no
BAT RX 0x330 [8] 01 0C 01 01 0C F8 0C F6 
BAT RX 0x329 [8] 02 00 19 C0 02 00 40 48 
BAT RX 0x323 [8] 20 0E 10 00 00 00 00 00 
BAT RX 0x324 [8] 02 42 42 37 00 00 00 00 
BAT RX 0x322 [8] 00 F3 00 CE 03 01 46 46 
BAT RX 0x320 [8] 50 41 C3 85 85 00 00 00 
BAT RX 0x319 [8] C0 0C F8 0C F6 0C 01 00 
BAT RX 0x318 [8] 0C F7 0C F7 0C F7 0C F6 
BAT RX 0x317 [8] 0C F8 0C F8 0C F8 0C F7 
BAT RX 0x316 [8] 0C F6 0C F6 0C F6 0C F6 
BAT RX 0x315 [8] 0C F8 0C F8 0C F7 0C F7 
BAT RX 0x314 [8] 40 10 5B 04 00 02 05 41 
BAT RX 0x313 [8] 14 BE 00 00 00 DF 46 63 
BAT RX 0x312 [8] 00 00 00 00 02 00 00 00 
BAT RX 0x311 [8] 02 38 08 24 08 24 01 61 
BAT RX 0x330 [8] 01 07 01 01 0C F8 0C F6 
BAT RX 0x329 [8] 01 00 22 34 01 00 3F AD 
BAT RX 0x323 [8] 20 0E 10 00 00 00 00 00 
BAT RX 0x324 [8] 00 01 47 50 4A 30 32 31 
BAT RX 0x322 [8] 00 F3 00 CE 03 01 46 46 
BAT RX 0x320 [8] 50 41 C3 85 85 00 00 00 
BAT RX 0x319 [8] C0 0C F8 0C F6 07 01 00 
BAT RX 0x318 [8] 0C F7 0C F7 0C F7 0C F6 
BAT RX 0x317 [8] 0C F8 0C F8 0C F8 0C F8 
BAT RX 0x316 [8] 0C F7 0C F7 0C F6 0C F6 
BAT RX 0x315 [8] 0C F8 0C F8 0C F7 0C F7 
BAT RX 0x314 [8] 40 10 5B 04 00 02 05 41 
BAT RX 0x313 [8] 14 BE 00 00 00 DF 46 63 
BAT RX 0x312 [8] 00 00 00 00 02 00 00 00 
BAT RX 0x311 [8] 02 38 08 24 08 24 01 61 
[126s] OK V=53.10V I=+0.0A T=22.3C SOC=70% SOH=99% | CVL=56.8V CCL=208.4A DCL=208.4A | chg=1 dis=1 fc1=0 fc2=0 | prot=0000 warn=0000 | packs=2 | inv0x305=no
BAT RX 0x330 [8] 01 0E 01 03 0C F8 0C F6 
BAT RX 0x329 [8] 02 00 19 C0 02 00 40 48 
BAT RX 0x323 [8] 20 0E 10 00 00 00 00 00 
BAT RX 0x324 [8] 01 39 35 32 32 30 36 32 
BAT RX 0x322 [8] 00 F3 00 CE 03 01 46 46 
BAT RX 0x320 [8] 50 41 C3 85 85 00 00 00 
BAT RX 0x319 [8] C0 0C F8 0C F6 0E 03 00 
BAT RX 0x318 [8] 0C F7 0C F7 0C F7 0C F6 
BAT RX 0x317 [8] 0C F8 0C F8 0C F8 0C F8 
BAT RX 0x316 [8] 0C F7 0C F7 0C F6 0C F6 
BAT RX 0x315 [8] 0C F8 0C F8 0C F8 0C F8 
BAT RX 0x314 [8] 40 10 5B 04 00 02 05 41 
BAT RX 0x313 [8] 14 BE 00 00 00 DF 46 63 
BAT RX 0x312 [8] 00 00 00 00 02 00 00 00 
BAT RX 0x311 [8] 02 38 08 24 08 24 01 61 
BAT RX 0x330 [8] 01 0E 01 01 0C F8 0C F6 
BAT RX 0x329 [8] 01 00 22 34 01 00 3F AD 
BAT RX 0x323 [8] 20 0E 10 00 00 00 00 00 
BAT RX 0x324 [8] 02 43 30 37 00 00 00 00 
BAT RX 0x322 [8] 00 F3 00 CE 03 01 46 46 
BAT RX 0x320 [8] 50 41 C3 85 85 00 00 00 
BAT RX 0x319 [8] C0 0C F8 0C F6 0E 01 00 
BAT RX 0x318 [8] 0C F7 0C F7 0C F7 0C F6 
BAT RX 0x317 [8] 0C F8 0C F8 0C F8 0C F7 
BAT RX 0x316 [8] 0C F7 0C F7 0C F6 0C F6 
BAT RX 0x315 [8] 0C F8 0C F8 0C F8 0C F8 
BAT RX 0x314 [8] 40 10 5B 04 00 02 05 41 
BAT RX 0x313 [8] 14 BE 00 00 00 DF 46 63 
BAT RX 0x312 [8] 00 00 00 00 02 00 00 00 
BAT RX 0x311 [8] 02 38 08 24 08 24 01 61 
[128s] OK V=53.10V I=+0.0A T=22.3C SOC=70% SOH=99% | CVL=56.8V CCL=208.4A DCL=208.4A | chg=1 dis=1 fc1=0 fc2=0 | prot=0000 warn=0000 | packs=2 | inv0x305=no
BAT RX 0x330 [8] 01 0E 01 01 0C F8 0C F6 
BAT RX 0x329 [8] 02 00 19 C0 02 00 40 48 
BAT RX 0x323 [8] 20 0E 10 00 00 00 00 00 
BAT RX 0x324 [8] 00 02 47 50 4A 30 32 31 
BAT RX 0x322 [8] 00 F3 00 CE 03 01 46 46 
BAT RX 0x320 [8] 50 41 C3 85 85 00 00 00 
BAT RX 0x319 [8] C0 0C F8 0C F6 0E 01 00 
BAT RX 0x318 [8] 0C F7 0C F7 0C F7 0C F7 
BAT RX 0x317 [8] 0C F8 0C F8 0C F8 0C F7 
BAT RX 0x316 [8] 0C F7 0C F7 0C F7 0C F6 
BAT RX 0x315 [8] 0C F8 0C F8 0C F7 0C F7 
BAT RX 0x314 [8] 40 10 5B 04 00 02 05 41 
BAT RX 0x313 [8] 14 BE 00 00 00 DF 46 63 
BAT RX 0x312 [8] 00 00 00 00 02 00 00 00 
BAT RX 0x311 [8] 02 38 08 24 08 24 01 61 
BAT RX 0x330 [8] 01 07 02 01 0C F8 0C F6 
BAT RX 0x329 [8] 01 00 22 34 01 00 3F AD 
BAT RX 0x323 [8] 20 0E 10 00 00 00 00 00 
BAT RX 0x324 [8] 01 39 35 32 32 30 36 32 
BAT RX 0x322 [8] 00 F3 00 CE 03 01 46 46 
BAT RX 0x320 [8] 50 41 C3 85 85 00 00 00 
BAT RX 0x319 [8] C0 0C F8 0C F6 07 11 00 
BAT RX 0x318 [8] 0C F7 0C F7 0C F6 0C F6 
BAT RX 0x317 [8] 0C F8 0C F8 0C F8 0C F7 
BAT RX 0x316 [8] 0C F7 0C F7 0C F6 0C F6 
BAT RX 0x315 [8] 0C F8 0C F8 0C F8 0C F7 
BAT RX 0x314 [8] 40 10 5B 04 00 02 05 41 
BAT RX 0x313 [8] 14 BE 00 00 00 DF 46 63 
BAT RX 0x312 [8] 00 00 00 00 02 00 00 00 
BAT RX 0x311 [8] 02 38 08 24 08 24 01 61 
[130s] OK V=53.10V I=+0.0A T=22.3C SOC=70% SOH=99% | CVL=56.8V CCL=208.4A DCL=208.4A | chg=1 dis=1 fc1=0 fc2=0 | prot=0000 warn=0000 | packs=2 | inv0x305=no
BAT RX 0x330 [8] 01 07 01 03 0C F8 0C F6 
BAT RX 0x329 [8] 02 00 19 C0 02 00 40 48 
BAT RX 0x323 [8] 20 0E 10 00 00 00 00 00 
BAT RX 0x324 [8] 02 42 42 37 00 00 00 00 
BAT RX 0x322 [8] 00 F3 00 CE 03 01 46 46 
BAT RX 0x320 [8] 50 41 C3 85 85 00 00 00 
BAT RX 0x319 [8] C0 0C F8 0C F6 07 03 00 
BAT RX 0x318 [8] 0C F7 0C F7 0C F7 0C F6 
BAT RX 0x317 [8] 0C F8 0C F8 0C F8 0C F8 
BAT RX 0x316 [8] 0C F6 0C F6 0C F6 0C F6 
BAT RX 0x315 [8] 0C F8 0C F8 0C F8 0C F8 
BAT RX 0x314 [8] 40 10 5B 04 00 02 05 41 
BAT RX 0x313 [8] 14 BE 00 00 00 DF 46 63 
BAT RX 0x312 [8] 00 00 00 00 02 00 00 00 
BAT RX 0x311 [8] 02 38 08 24 08 24 01 61 
BAT RX 0x330 [8] 01 0D 01 03 0C F8 0C F6 
BAT RX 0x329 [8] 01 00 22 34 01 00 3F AD 
BAT RX 0x323 [8] 20 0E 10 00 00 00 00 00 
BAT RX 0x324 [8] 00 01 47 50 4A 30 32 31 
BAT RX 0x322 [8] 00 F3 00 CE 03 01 46 46 
BAT RX 0x320 [8] 50 41 C3 85 85 00 00 00 
BAT RX 0x319 [8] C0 0C F8 0C F6 0D 03 00 
BAT RX 0x318 [8] 0C F7 0C F7 0C F7 0C F6 
BAT RX 0x317 [8] 0C F8 0C F8 0C F8 0C F8 
BAT RX 0x316 [8] 0C F7 0C F6 0C F6 0C F6 
BAT RX 0x315 [8] 0C F8 0C F8 0C F8 0C F7 
BAT RX 0x314 [8] 40 10 5B 04 00 02 05 41 
BAT RX 0x313 [8] 14 BE 00 00 00 DF 46 63 
BAT RX 0x312 [8] 00 00 00 00 02 00 00 00 
BAT RX 0x311 [8] 02 38 08 24 08 24 01 61 
[132s] OK V=53.10V I=+0.0A T=22.3C SOC=70% SOH=99% | CVL=56.8V CCL=208.4A DCL=208.4A | chg=1 dis=1 fc1=0 fc2=0 | prot=0000 warn=0000 | packs=2 | inv0x305=no
BAT RX 0x330 [8] 02 0D 01 01 0C F9 0C F6 
BAT RX 0x329 [8] 02 00 19 C0 02 00 40 48 
BAT RX 0x323 [8] 20 0E 10 00 00 00 00 00 
BAT RX 0x324 [8] 01 39 35 32 32 30 36 32 
BAT RX 0x322 [8] 00 F3 00 CE 03 01 46 46 
BAT RX 0x320 [8] 50 41 C3 85 85 00 00 00 
BAT RX 0x319 [8] C0 0C F9 0C F6 1D 01 00 
BAT RX 0x318 [8] 0C F7 0C F7 0C F7 0C F7 
BAT RX 0x317 [8] 0C F9 0C F8 0C F8 0C F8 
BAT RX 0x316 [8] 0C F7 0C F7 0C F6 0C F6 
BAT RX 0x315 [8] 0C F8 0C F8 0C F8 0C F7 
BAT RX 0x314 [8] 40 10 5B 04 00 02 05 41 
BAT RX 0x313 [8] 14 BE 00 00 00 DF 46 63 
BAT RX 0x312 [8] 00 00 00 00 02 00 00 00 
BAT RX 0x311 [8] 02 38 08 24 08 24 01 61 
BAT RX 0x330 [8] 01 0C 01 02 0C F8 0C F6 
BAT RX 0x329 [8] 01 00 22 34 01 00 3F AD 
BAT RX 0x323 [8] 20 0E 10 00 00 00 00 00 
BAT RX 0x324 [8] 02 43 30 37 00 00 00 00 
BAT RX 0x322 [8] 00 F3 00 CE 03 01 46 46 
BAT RX 0x320 [8] 50 41 C3 85 85 00 00 00 
BAT RX 0x319 [8] C0 0C F8 0C F6 0C 02 00 
BAT RX 0x318 [8] 0C F7 0C F7 0C F7 0C F7 
BAT RX 0x317 [8] 0C F8 0C F8 0C F8 0C F8 
BAT RX 0x316 [8] 0C F7 0C F7 0C F6 0C F6 
BAT RX 0x315 [8] 0C F8 0C F8 0C F8 0C F7 
BAT RX 0x314 [8] 40 10 5B 04 00 02 05 41 
BAT RX 0x313 [8] 14 BE 00 00 00 DF 46 63 
BAT RX 0x312 [8] 00 00 00 00 02 00 00 00 
BAT RX 0x311 [8] 02 38 08 24 08 24 01 61 
[134s] OK V=53.10V I=+0.0A T=22.3C SOC=70% SOH=99% | CVL=56.8V CCL=208.4A DCL=208.4A | chg=1 dis=1 fc1=0 fc2=0 | prot=0000 warn=0000 | packs=2 | inv0x305=no

---- battery-bus rate stats (VERBOSE_STATS) ----------------------------
  1928 frames, 135 s elapsed
  ID     count   period(ms)  (min-max gap)
  0x324     128   1020 (1-4867)
  0x329     130    993 (1-4866)
  0x330     133    970 (0-4000)
  0x312     128   1009 (1-4867)
  0x313     128   1009 (1-4867)
  0x314     128   1009 (1-4867)
  0x315     128   1009 (1-4867)
  0x316     128   1009 (1-4867)
  0x317     128   1009 (1-4867)
  0x318     128   1009 (1-4867)
  0x319     128   1009 (1-4867)
  0x320     128   1009 (1-4866)
  0x322     128   1009 (0-4867)
  0x311     128   1010 (1-4867)
  0x323     129   1001 (1-4866)
--------------------------------------------------------------------------

  TWAI: state=RUNNING  tx_err=0 rx_err=0  tx_failed=0  rx_missed=111 rx_overrun=0  arb_lost=0  bus_err=0
BAT RX 0x330 [8] 01 05 01 03 0C F8 0C F6 
BAT RX 0x329 [8] 02 00 19 C0 02 00 40 48 
BAT RX 0x323 [8] 20 0E 10 00 00 00 00 00 
BAT RX 0x324 [8] 00 02 47 50 4A 30 32 31 
BAT RX 0x322 [8] 00 F3 00 CE 03 01 46 46 
BAT RX 0x320 [8] 50 41 C3 85 85 00 00 00 
BAT RX 0x319 [8] C0 0C F8 0C F6 05 03 00 
BAT RX 0x318 [8] 0C F7 0C F7 0C F7 0C F7 
BAT RX 0x317 [8] 0C F8 0C F8 0C F8 0C F8 
BAT RX 0x316 [8] 0C F7 0C F7 0C F6 0C F6 
BAT RX 0x315 [8] 0C F8 0C F8 0C F8 0C F8 
BAT RX 0x314 [8] 40 10 5B 04 00 02 05 41 
BAT RX 0x313 [8] 14 BE 00 00 00 DF 46 63 
BAT RX 0x312 [8] 00 00 00 00 02 00 00 00 
BAT RX 0x311 [8] 02 38 08 24 08 24 01 61 
BAT RX 0x330 [8] 02 0D 01 02 0C F9 0C F6 
BAT RX 0x329 [8] 01 00 22 34 01 00 3F AD 
BAT RX 0x323 [8] 20 0E 10 00 00 00 00 00 
BAT RX 0x324 [8] 01 39 35 32 32 30 36 32 
BAT RX 0x322 [8] 00 F3 00 CE 03 01 46 46 
BAT RX 0x320 [8] 50 41 C3 85 85 00 00 00 
BAT RX 0x319 [8] C0 0C F9 0C F6 1D 02 00 
BAT RX 0x318 [8] 0C F7 0C F7 0C F6 0C F6 
BAT RX 0x317 [8] 0C F9 0C F8 0C F8 0C F8 
BAT RX 0x316 [8] 0C F7 0C F6 0C F6 0C F6 
BAT RX 0x315 [8] 0C F8 0C F8 0C F8 0C F7 
BAT RX 0x314 [8] 40 10 5B 04 00 03 05 41 
BAT RX 0x313 [8] 14 BE 00 00 00 DF 46 63 
BAT RX 0x312 [8] 00 00 00 00 02 00 00 00 
BAT RX 0x311 [8] 02 38 08 24 08 24 01 61 
[136s] OK V=53.10V I=+0.0A T=22.3C SOC=70% SOH=99% | CVL=56.8V CCL=208.4A DCL=208.4A | chg=1 dis=1 fc1=0 fc2=0 | prot=0000 warn=0000 | packs=2 | inv0x305=no
BAT RX 0x330 [8] 02 0D 01 03 0C F9 0C F6 
BAT RX 0x329 [8] 02 00 19 C0 02 00 40 48 
BAT RX 0x323 [8] 20 0E 10 00 00 00 00 00 
BAT RX 0x324 [8] 02 42 42 37 00 00 00 00 
BAT RX 0x322 [8] 00 F3 00 CE 03 01 46 46 
BAT RX 0x320 [8] 50 41 C3 85 85 00 00 00 
BAT RX 0x319 [8] C0 0C F9 0C F6 1D 03 00 
BAT RX 0x318 [8] 0C F7 0C F7 0C F7 0C F6 
BAT RX 0x317 [8] 0C F9 0C F8 0C F8 0C F8 
BAT RX 0x316 [8] 0C F7 0C F7 0C F6 0C F6 
BAT RX 0x315 [8] 0C F8 0C F8 0C F8 0C F8 
BAT RX 0x314 [8] 40 10 5B 04 00 03 05 41 
BAT RX 0x313 [8] 14 BE 00 00 00 DF 46 63 
BAT RX 0x312 [8] 00 00 00 00 02 00 00 00 
BAT RX 0x311 [8] 02 38 08 24 08 24 01 61 
BAT RX 0x330 [8] 01 0E 02 01 0C F8 0C F6 
BAT RX 0x329 [8] 01 00 22 34 01 00 3F AD 
BAT RX 0x323 [8] 20 0E 10 00 00 00 00 00 
BAT RX 0x324 [8] 00 01 47 50 4A 30 32 31 
BAT RX 0x322 [8] 00 F3 00 CE 03 01 46 46 
BAT RX 0x320 [8] 50 41 C3 85 85 00 00 00 
BAT RX 0x319 [8] C0 0C F8 0C F6 0E 11 00 
BAT RX 0x318 [8] 0C F7 0C F7 0C F7 0C F6 
BAT RX 0x317 [8] 0C F8 0C F8 0C F8 0C F8 
BAT RX 0x316 [8] 0C F7 0C F7 0C F7 0C F6 
BAT RX 0x315 [8] 0C F8 0C F8 0C F8 0C F8 
BAT RX 0x314 [8] 40 10 5B 04 00 02 05 41 
BAT RX 0x313 [8] 14 BE 00 00 00 DF 46 63 
BAT RX 0x312 [8] 00 00 00 00 02 00 00 00 
BAT RX 0x311 [8] 02 38 08 24 08 24 01 61 
[138s] OK V=53.10V I=+0.0A T=22.3C SOC=70% SOH=99% | CVL=56.8V CCL=208.4A DCL=208.4A | chg=1 dis=1 fc1=0 fc2=0 | prot=0000 warn=0000 | packs=2 | inv0x305=no
BAT RX 0x330 [8] 02 0D 01 03 0C F9 0C F6 
BAT RX 0x329 [8] 02 00 19 C0 02 00 40 48 
BAT RX 0x323 [8] 20 0E 10 00 00 00 00 00 
BAT RX 0x324 [8] 01 39 35 32 32 30 36 32 
BAT RX 0x322 [8] 00 F3 00 CE 03 01 46 46 
BAT RX 0x320 [8] 50 41 C3 85 85 00 00 00 
BAT RX 0x319 [8] C0 0C F9 0C F6 1D 03 00 
BAT RX 0x318 [8] 0C F7 0C F7 0C F7 0C F7 
BAT RX 0x317 [8] 0C F9 0C F8 0C F8 0C F8 
BAT RX 0x316 [8] 0C F6 0C F6 0C F6 0C F6 
BAT RX 0x315 [8] 0C F8 0C F8 0C F8 0C F8 
BAT RX 0x314 [8] 40 10 5B 04 00 02 05 41 
BAT RX 0x313 [8] 14 BE 00 00 00 DF 46 63 
BAT RX 0x312 [8] 00 00 00 00 02 00 00 00 
BAT RX 0x311 [8] 02 38 08 24 08 24 01 61 
BAT RX 0x330 [8] 02 0D 01 02 0C F9 0C F6 
BAT RX 0x329 [8] 01 00 22 34 01 00 3F AD 
BAT RX 0x323 [8] 20 0E 10 00 00 00 00 00 
BAT RX 0x324 [8] 02 43 30 37 00 00 00 00 
BAT RX 0x322 [8] 00 F3 00 CE 03 01 46 46 
BAT RX 0x320 [8] 50 41 C3 85 85 00 00 00 
BAT RX 0x319 [8] C0 0C F9 0C F6 1D 02 00 
BAT RX 0x318 [8] 0C F7 0C F7 0C F7 0C F7 
BAT RX 0x317 [8] 0C F9 0C F8 0C F8 0C F8 
BAT RX 0x316 [8] 0C F7 0C F7 0C F6 0C F6 
BAT RX 0x315 [8] 0C F8 0C F8 0C F8 0C F8 
BAT RX 0x314 [8] 40 10 5B 04 00 02 05 41 
BAT RX 0x313 [8] 14 BE 00 00 00 DF 46 63 
BAT RX 0x312 [8] 00 00 00 00 02 00 00 00 
BAT RX 0x311 [8] 02 38 08 24 08 24 01 61 
[140s] OK V=53.10V I=+0.0A T=22.3C SOC=70% SOH=99% | CVL=56.8V CCL=208.4A DCL=208.4A | chg=1 dis=1 fc1=0 fc2=0 | prot=0000 warn=0000 | packs=2 | inv0x305=no
BAT RX 0x330 [8] 01 06 01 03 0C F8 0C F6 
BAT RX 0x329 [8] 02 00 19 C0 02 00 40 48 
BAT RX 0x323 [8] 20 0E 10 00 00 00 00 00 
BAT RX 0x324 [8] 00 02 47 50 4A 30 32 31 
BAT RX 0x322 [8] 00 F3 00 CE 03 01 46 46 
BAT RX 0x320 [8] 50 41 C3 85 85 00 00 00 
BAT RX 0x319 [8] C0 0C F8 0C F6 06 03 00 
BAT RX 0x318 [8] 0C F7 0C F7 0C F7 0C F6 
BAT RX 0x317 [8] 0C F8 0C F8 0C F8 0C F8 
BAT RX 0x316 [8] 0C F7 0C F7 0C F7 0C F6 
BAT RX 0x315 [8] 0C F8 0C F8 0C F8 0C F8 
BAT RX 0x314 [8] 40 10 5B 04 00 02 05 41 
BAT RX 0x313 [8] 14 BE 00 00 00 DF 46 63 
BAT RX 0x312 [8] 00 00 00 00 02 00 00 00 
BAT RX 0x311 [8] 02 38 08 24 08 24 01 61 
BAT RX 0x330 [8] 01 06 01 03 0C F8 0C F6 
BAT RX 0x329 [8] 01 00 22 34 01 00 3F AD 
BAT RX 0x323 [8] 20 0E 10 00 00 00 00 00 
BAT RX 0x324 [8] 01 39 35 32 32 30 36 32 
BAT RX 0x322 [8] 00 F3 00 CE 03 01 46 46 
BAT RX 0x320 [8] 50 41 C3 85 85 00 00 00 
BAT RX 0x319 [8] C0 0C F8 0C F6 06 03 00 
BAT RX 0x318 [8] 0C F7 0C F7 0C F7 0C F7 
BAT RX 0x317 [8] 0C F8 0C F8 0C F8 0C F8 
BAT RX 0x316 [8] 0C F7 0C F7 0C F7 0C F6 
BAT RX 0x315 [8] 0C F8 0C F8 0C F8 0C F7 
BAT RX 0x314 [8] 40 10 5B 04 00 02 05 41 
BAT RX 0x313 [8] 14 BE 00 00 00 DF 46 63 
BAT RX 0x312 [8] 00 00 00 00 02 00 00 00 
BAT RX 0x311 [8] 02 38 08 24 08 24 01 61 
[142s] OK V=53.10V I=+0.0A T=22.3C SOC=70% SOH=99% | CVL=56.8V CCL=208.4A DCL=208.4A | chg=1 dis=1 fc1=0 fc2=0 | prot=0000 warn=0000 | packs=2 | inv0x305=no
BAT RX 0x330 [8] 01 06 01 03 0C F8 0C F6 
BAT RX 0x329 [8] 02 00 19 C0 02 00 40 48 
BAT RX 0x323 [8] 20 0E 10 00 00 00 00 00 
BAT RX 0x324 [8] 02 42 42 37 00 00 00 00 
BAT RX 0x322 [8] 00 F3 00 CE 03 01 46 46 
BAT RX 0x320 [8] 50 41 C3 85 85 00 00 00 
BAT RX 0x319 [8] C0 0C F8 0C F6 06 03 00 
BAT RX 0x318 [8] 0C F7 0C F7 0C F7 0C F7 
BAT RX 0x317 [8] 0C F8 0C F8 0C F8 0C F8 
BAT RX 0x316 [8] 0C F7 0C F6 0C F6 0C F6 
BAT RX 0x315 [8] 0C F8 0C F8 0C F8 0C F8 
BAT RX 0x314 [8] 40 10 5B 04 00 02 05 41 
BAT RX 0x313 [8] 14 BE 00 00 00 DF 46 63 
BAT RX 0x312 [8] 00 00 00 00 02 00 00 00 
BAT RX 0x311 [8] 02 38 08 24 08 24 01 61 
BAT RX 0x330 [8] 02 0D 01 04 0C F9 0C F6 
BAT RX 0x329 [8] 01 00 22 34 01 00 3F AD 
BAT RX 0x323 [8] 20 0E 10 00 00 00 00 00 
BAT RX 0x324 [8] 00 01 47 50 4A 30 32 31 
BAT RX 0x322 [8] 00 F3 00 CE 03 01 46 46 
BAT RX 0x320 [8] 50 41 C3 85 85 00 00 00 
BAT RX 0x319 [8] C0 0C F9 0C F6 1D 04 00 
BAT RX 0x318 [8] 0C F7 0C F7 0C F7 0C F6 
BAT RX 0x317 [8] 0C F9 0C F8 0C F8 0C F8 
BAT RX 0x316 [8] 0C F7 0C F7 0C F7 0C F6 
BAT RX 0x315 [8] 0C F8 0C F8 0C F8 0C F8 
BAT RX 0x314 [8] 40 10 5B 04 00 03 05 41 
BAT RX 0x313 [8] 14 BE 00 00 00 DF 46 63 
BAT RX 0x312 [8] 00 00 00 00 02 00 00 00 
BAT RX 0x311 [8] 02 38 08 24 08 24 01 61 
[144s] OK V=53.10V I=+0.0A T=22.3C SOC=70% SOH=99% | CVL=56.8V CCL=208.4A DCL=208.4A | chg=1 dis=1 fc1=0 fc2=0 | prot=0000 warn=0000 | packs=2 | inv0x305=no
BAT RX 0x330 [8] 01 09 01 03 0C F8 0C F6 
BAT RX 0x329 [8] 02 00 19 C0 02 00 40 48 
BAT RX 0x323 [8] 20 0E 10 00 00 00 00 00 
BAT RX 0x324 [8] 01 39 35 32 32 30 36 32 
BAT RX 0x322 [8] 00 F3 00 CE 03 01 46 46 
BAT RX 0x320 [8] 50 41 C3 85 85 00 00 00 
BAT RX 0x319 [8] C0 0C F8 0C F6 09 03 00 
BAT RX 0x318 [8] 0C F7 0C F7 0C F7 0C F7 
BAT RX 0x317 [8] 0C F8 0C F8 0C F8 0C F8 
BAT RX 0x316 [8] 0C F7 0C F7 0C F6 0C F6 
BAT RX 0x315 [8] 0C F8 0C F8 0C F8 0C F8 
BAT RX 0x314 [8] 40 10 5B 04 00 02 05 41 
BAT RX 0x313 [8] 14 BE 00 00 00 DF 46 63 
BAT RX 0x312 [8] 00 00 00 00 02 00 00 00 
BAT RX 0x311 [8] 02 38 08 24 08 24 01 61 
BAT RX 0x330 [8] 02 0D 01 01 0C F9 0C F7 
BAT RX 0x329 [8] 01 00 22 34 01 00 3F AD 
BAT RX 0x323 [8] 20 0E 10 00 00 00 00 00 
BAT RX 0x324 [8] 02 43 30 37 00 00 00 00 
BAT RX 0x322 [8] 00 F3 00 CE 03 01 46 46 
BAT RX 0x320 [8] 50 41 C3 85 85 00 00 00 
BAT RX 0x319 [8] C0 0C F9 0C F7 1D 01 00 
BAT RX 0x318 [8] 0C F7 0C F7 0C F7 0C F7 
BAT RX 0x317 [8] 0C F9 0C F8 0C F8 0C F8 
BAT RX 0x316 [8] 0C F7 0C F6 0C F6 0C F6 
BAT RX 0x315 [8] 0C F9 0C F8 0C F8 0C F8 
BAT RX 0x314 [8] 40 10 5B 04 00 03 05 41 
BAT RX 0x313 [8] 14 BE 00 00 00 DF 46 63 
BAT RX 0x312 [8] 00 00 00 00 02 00 00 00 
BAT RX 0x311 [8] 02 38 08 24 08 24 01 61 
[146s] OK V=53.10V I=+0.0A T=22.3C SOC=70% SOH=99% | CVL=56.8V CCL=208.4A DCL=208.4A | chg=1 dis=1 fc1=0 fc2=0 | prot=0000 warn=0000 | packs=2 | inv0x305=no
BAT RX 0x330 [8] 01 10 01 03 0C F9 0C F6 
BAT RX 0x329 [8] 02 00 19 C0 02 00 40 48 
BAT RX 0x323 [8] 20 0E 10 00 00 00 00 00 
BAT RX 0x324 [8] 00 02 47 50 4A 30 32 31 
BAT RX 0x322 [8] 00 F3 00 CE 03 01 46 46 
BAT RX 0x320 [8] 50 41 C3 85 85 00 00 00 
BAT RX 0x319 [8] C0 0C F9 0C F6 10 03 00 
BAT RX 0x318 [8] 0C F7 0C F7 0C F7 0C F7 
BAT RX 0x317 [8] 0C F9 0C F8 0C F8 0C F8 
BAT RX 0x316 [8] 0C F7 0C F7 0C F7 0C F6 
BAT RX 0x315 [8] 0C F8 0C F8 0C F8 0C F8 
BAT RX 0x314 [8] 40 10 5B 04 00 02 05 41 
BAT RX 0x313 [8] 14 BE 00 00 00 DF 46 63 
BAT RX 0x312 [8] 00 00 00 00 02 00 00 00 
BAT RX 0x311 [8] 02 38 08 24 08 24 01 61 
BAT RX 0x330 [8] 01 0D 01 01 0C F9 0C F6 
BAT RX 0x329 [8] 01 00 22 34 01 00 3F AD 
BAT RX 0x323 [8] 20 0E 10 00 00 00 00 00 
BAT RX 0x324 [8] 01 39 35 32 32 30 36 32 
BAT RX 0x322 [8] 00 F3 00 CE 03 01 46 46 
BAT RX 0x320 [8] 50 41 C3 85 85 00 00 00 
BAT RX 0x319 [8] C0 0C F9 0C F6 0D 01 00 
BAT RX 0x318 [8] 0C F7 0C F7 0C F7 0C F7 
BAT RX 0x317 [8] 0C F8 0C F8 0C F8 0C F8 
BAT RX 0x316 [8] 0C F7 0C F7 0C F6 0C F6 
BAT RX 0x315 [8] 0C F8 0C F8 0C F8 0C F8 
BAT RX 0x314 [8] 40 10 5B 04 00 02 05 41 
BAT RX 0x313 [8] 14 BE 00 00 00 DF 46 63 
BAT RX 0x312 [8] 00 00 00 00 02 00 00 00 
BAT RX 0x311 [8] 02 38 08 24 08 24 01 61 
[148s] OK V=53.10V I=+0.0A T=22.3C SOC=70% SOH=99% | CVL=56.8V CCL=208.4A DCL=208.4A | chg=1 dis=1 fc1=0 fc2=0 | prot=0000 warn=0000 | packs=2 | inv0x305=no
BAT RX 0x330 [8] 02 0D 01 03 0C F9 0C F6 
BAT RX 0x329 [8] 02 00 19 C0 02 00 40 48 
BAT RX 0x323 [8] 20 0E 10 00 00 00 00 00 
BAT RX 0x324 [8] 02 42 42 37 00 00 00 00 
BAT RX 0x322 [8] 00 F3 00 CE 03 01 46 46 
BAT RX 0x320 [8] 50 41 C3 85 85 00 00 00 
BAT RX 0x319 [8] C0 0C F9 0C F6 1D 03 00 
BAT RX 0x318 [8] 0C F7 0C F7 0C F7 0C F7 
BAT RX 0x317 [8] 0C F9 0C F8 0C F8 0C F8 
BAT RX 0x316 [8] 0C F7 0C F7 0C F7 0C F6 
BAT RX 0x315 [8] 0C F8 0C F8 0C F8 0C F8 
BAT RX 0x314 [8] 40 10 5B 04 00 02 05 41 
BAT RX 0x313 [8] 14 BE 00 00 00 DF 46 63 
BAT RX 0x312 [8] 00 00 00 00 02 00 00 00 
BAT RX 0x311 [8] 02 38 08 24 08 24 01 61 

---- battery-bus rate stats (VERBOSE_STATS) ----------------------------
  2153 frames, 150 s elapsed
  ID     count   period(ms)  (min-max gap)
  0x324     143   1018 (1-4867)
  0x329     145    994 (1-4866)
  0x330     148    973 (0-4000)
  0x312     143   1008 (1-4867)
  0x313     143   1008 (1-4867)
  0x314     143   1008 (1-4867)
  0x315     143   1008 (1-4867)
  0x316     143   1008 (1-4867)
  0x317     143   1008 (1-4867)
  0x318     143   1008 (1-4867)
  0x319     143   1008 (1-4867)
  0x320     143   1008 (1-4866)
  0x322     143   1008 (0-4867)
  0x311     143   1008 (1-4867)
  0x323     144   1001 (1-4866)
--------------------------------------------------------------------------

  TWAI: state=RUNNING  tx_err=0 rx_err=0  tx_failed=0  rx_missed=111 rx_overrun=0  arb_lost=0  bus_err=0
BAT RX 0x330 [8] 01 0D 01 01 0C F9 0C F6 
BAT RX 0x329 [8] 01 00 22 34 01 00 3F AD 
BAT RX 0x323 [8] 20 0E 10 00 00 00 00 00 
BAT RX 0x324 [8] 00 01 47 50 4A 30 32 31 
BAT RX 0x322 [8] 00 F3 00 CE 03 01 46 46 
BAT RX 0x320 [8] 50 41 C3 85 85 00 00 00 
BAT RX 0x319 [8] C0 0C F9 0C F6 0D 01 00 
BAT RX 0x318 [8] 0C F7 0C F7 0C F7 0C F7 
BAT RX 0x317 [8] 0C F9 0C F8 0C F8 0C F8 
BAT RX 0x316 [8] 0C F7 0C F7 0C F7 0C F6 
BAT RX 0x315 [8] 0C F8 0C F8 0C F8 0C F8 
BAT RX 0x314 [8] 40 10 5B 04 00 02 05 41 
BAT RX 0x313 [8] 14 BE 00 00 00 DF 46 63 
BAT RX 0x312 [8] 00 00 00 00 02 00 00 00 
BAT RX 0x311 [8] 02 38 08 24 08 24 01 61 
[150s] OK V=53.10V I=+0.0A T=22.3C SOC=70% SOH=99% | CVL=56.8V CCL=208.4A DCL=208.4A | chg=1 dis=1 fc1=0 fc2=0 | prot=0000 warn=0000 | packs=2 | inv0x305=no
BAT RX 0x330 [8] 02 0D 01 03 0C F9 0C F6 
BAT RX 0x329 [8] 02 00 19 C0 02 00 40 48 
BAT RX 0x323 [8] 20 0E 10 00 00 00 00 00 
BAT RX 0x324 [8] 01 39 35 32 32 30 36 32 
BAT RX 0x322 [8] 00 F3 00 CE 03 01 46 46 
BAT RX 0x320 [8] 50 41 C3 85 85 00 00 00 
BAT RX 0x319 [8] C0 0C F9 0C F6 1D 03 00 
BAT RX 0x318 [8] 0C F7 0C F7 0C F7 0C F7 
BAT RX 0x317 [8] 0C F9 0C F8 0C F8 0C F8 
BAT RX 0x316 [8] 0C F7 0C F7 0C F6 0C F6 
BAT RX 0x315 [8] 0C F9 0C F8 0C F8 0C F8 
BAT RX 0x314 [8] 40 10 5B 04 00 03 05 41 
BAT RX 0x313 [8] 14 BE 00 00 00 DF 46 63 
BAT RX 0x312 [8] 00 00 00 00 02 00 00 00 
BAT RX 0x311 [8] 02 38 08 24 08 24 01 61 
BAT RX 0x330 [8] 01 0E 01 03 0C F9 0C F6 
BAT RX 0x329 [8] 01 00 22 34 01 00 3F AD 
BAT RX 0x323 [8] 20 0E 10 00 00 00 00 00 
BAT RX 0x324 [8] 02 43 30 37 00 00 00 00 
BAT RX 0x322 [8] 00 F3 00 CE 03 01 46 46 
BAT RX 0x320 [8] 50 41 C3 85 85 00 00 00 
BAT RX 0x319 [8] C0 0C F9 0C F6 0E 03 00 
BAT RX 0x318 [8] 0C F7 0C F7 0C F7 0C F6 
BAT RX 0x317 [8] 0C F9 0C F8 0C F8 0C F8 
BAT RX 0x316 [8] 0C F7 0C F7 0C F7 0C F6 
BAT RX 0x315 [8] 0C F8 0C F8 0C F8 0C F8 
BAT RX 0x314 [8] 40 10 5B 04 00 03 05 41 
BAT RX 0x313 [8] 14 BE 00 00 00 DF 46 63 
BAT RX 0x312 [8] 00 00 00 00 02 00 00 00 
BAT RX 0x311 [8] 02 38 08 24 08 24 01 61 
[152s] OK V=53.10V I=+0.0A T=22.3C SOC=70% SOH=99% | CVL=56.8V CCL=208.4A DCL=208.4A | chg=1 dis=1 fc1=0 fc2=0 | prot=0000 warn=0000 | packs=2 | inv0x305=no
BAT RX 0x330 [8] 01 10 01 03 0C F9 0C F6 
BAT RX 0x329 [8] 02 00 19 C0 02 00 40 48 
BAT RX 0x323 [8] 20 0E 10 00 00 00 00 00 
BAT RX 0x324 [8] 00 02 47 50 4A 30 32 31 
BAT RX 0x322 [8] 00 F3 00 CE 03 01 46 46 
BAT RX 0x320 [8] 50 41 C3 85 85 00 00 00 
BAT RX 0x319 [8] C0 0C F9 0C F6 10 03 00 
BAT RX 0x318 [8] 0C F7 0C F7 0C F7 0C F7 
BAT RX 0x317 [8] 0C F9 0C F8 0C F8 0C F8 
BAT RX 0x316 [8] 0C F7 0C F7 0C F7 0C F6 
BAT RX 0x315 [8] 0C F8 0C F8 0C F8 0C F8 
BAT RX 0x314 [8] 40 10 5B 04 00 02 05 41 
BAT RX 0x313 [8] 14 BE 00 00 00 DF 46 63 
BAT RX 0x312 [8] 00 00 00 00 02 00 00 00 
BAT RX 0x311 [8] 02 38 08 24 08 24 01 61 
BAT RX 0x330 [8] 01 07 01 01 0C F8 0C F7 
BAT RX 0x329 [8] 01 00 22 34 01 00 3F AD 
BAT RX 0x323 [8] 20 0E 10 00 00 00 00 00 
BAT RX 0x324 [8] 01 39 35 32 32 30 36 32 
BAT RX 0x322 [8] 00 F3 00 CE 03 01 46 46 
BAT RX 0x320 [8] 50 41 C3 85 85 00 00 00 
BAT RX 0x319 [8] C0 0C F8 0C F7 07 01 00 
BAT RX 0x318 [8] 0C F7 0C F7 0C F7 0C F7 
BAT RX 0x317 [8] 0C F8 0C F8 0C F8 0C F8 
BAT RX 0x316 [8] 0C F7 0C F7 0C F7 0C F7 
BAT RX 0x315 [8] 0C F8 0C F8 0C F8 0C F8 
BAT RX 0x314 [8] 40 10 5B 04 00 01 05 41 
BAT RX 0x313 [8] 14 BE 00 00 00 DF 46 63 
BAT RX 0x312 [8] 00 00 00 00 02 00 00 00 
BAT RX 0x311 [8] 02 38 08 24 08 24 01 61 
[154s] OK V=53.10V I=+0.0A T=22.3C SOC=70% SOH=99% | CVL=56.8V CCL=208.4A DCL=208.4A | chg=1 dis=1 fc1=0 fc2=0 | prot=0000 warn=0000 | packs=2 | inv0x305=no
BAT RX 0x330 [8] 01 07 01 01 0C F8 0C F7 
BAT RX 0x329 [8] 02 00 19 C0 02 00 40 48 
BAT RX 0x323 [8] 20 0E 10 00 00 00 00 00 
BAT RX 0x324 [8] 02 42 42 37 00 00 00 00 
BAT RX 0x322 [8] 00 F3 00 CE 03 01 46 46 
BAT RX 0x320 [8] 50 41 C3 85 85 00 00 00 
BAT RX 0x319 [8] C0 0C F8 0C F7 07 01 00 
BAT RX 0x318 [8] 0C F7 0C F7 0C F7 0C F7 
BAT RX 0x317 [8] 0C F8 0C F8 0C F8 0C F8 
BAT RX 0x316 [8] 0C F7 0C F7 0C F6 0C F6 
BAT RX 0x315 [8] 0C F8 0C F8 0C F8 0C F8 
BAT RX 0x314 [8] 40 10 5B 04 00 02 05 41 
BAT RX 0x313 [8] 14 BE 00 00 00 DF 46 63 
BAT RX 0x312 [8] 00 00 00 00 02 00 00 00 
BAT RX 0x311 [8] 02 38 08 24 08 24 01 61 
BAT RX 0x330 [8] 01 07 01 01 0C F8 0C F7 
BAT RX 0x329 [8] 01 00 22 34 01 00 3F AD 
BAT RX 0x323 [8] 20 0E 10 00 00 00 00 00 
BAT RX 0x324 [8] 00 01 47 50 4A 30 32 31 
BAT RX 0x322 [8] 00 F3 00 CE 03 01 46 46 
BAT RX 0x320 [8] 50 41 C3 85 85 00 00 00 
BAT RX 0x319 [8] C0 0C F8 0C F7 07 01 00 
BAT RX 0x318 [8] 0C F7 0C F7 0C F7 0C F7 
BAT RX 0x317 [8] 0C F8 0C F8 0C F8 0C F8 
BAT RX 0x316 [8] 0C F7 0C F7 0C F7 0C F6 
BAT RX 0x315 [8] 0C F8 0C F8 0C F8 0C F8 
BAT RX 0x314 [8] 40 10 5B 04 00 02 05 41 
BAT RX 0x313 [8] 14 BE 00 00 00 DF 46 63 
BAT RX 0x312 [8] 00 00 00 00 02 00 00 00 
BAT RX 0x311 [8] 02 38 08 24 08 24 01 61 
[156s] OK V=53.10V I=+0.0A T=22.3C SOC=70% SOH=99% | CVL=56.8V CCL=208.4A DCL=208.4A | chg=1 dis=1 fc1=0 fc2=0 | prot=0000 warn=0000 | packs=2 | inv0x305=no
BAT RX 0x330 [8] 01 05 01 01 0C F8 0C F7 
BAT RX 0x329 [8] 02 00 19 C0 02 00 40 48 
BAT RX 0x323 [8] 20 0E 10 00 00 00 00 00 
BAT RX 0x324 [8] 01 39 35 32 32 30 36 32 
BAT RX 0x322 [8] 00 F3 00 CE 03 01 46 46 
BAT RX 0x320 [8] 50 41 C3 85 85 00 00 00 
BAT RX 0x319 [8] C0 0C F8 0C F7 05 01 00 
BAT RX 0x318 [8] 0C F7 0C F7 0C F7 0C F7 
BAT RX 0x317 [8] 0C F8 0C F8 0C F8 0C F8 
BAT RX 0x316 [8] 0C F7 0C F7 0C F7 0C F6 
BAT RX 0x315 [8] 0C F8 0C F8 0C F8 0C F8 
BAT RX 0x314 [8] 40 10 5B 04 00 02 05 41 
BAT RX 0x313 [8] 14 BE 00 00 00 DF 46 63 
BAT RX 0x312 [8] 00 00 00 00 02 00 00 00 
BAT RX 0x311 [8] 02 38 08 24 08 24 01 61 
BAT RX 0x330 [8] 01 0E 01 01 0C F9 0C F6 
BAT RX 0x329 [8] 01 00 22 34 01 00 3F AD 
BAT RX 0x323 [8] 20 0E 10 00 00 00 00 00 
BAT RX 0x324 [8] 02 43 30 37 00 00 00 00 
BAT RX 0x322 [8] 00 F3 00 CE 03 01 46 46 
BAT RX 0x320 [8] 50 41 C3 85 85 00 00 00 
BAT RX 0x319 [8] C0 0C F9 0C F6 0E 01 00 
BAT RX 0x318 [8] 0C F7 0C F7 0C F7 0C F7 
BAT RX 0x317 [8] 0C F9 0C F8 0C F8 0C F8 
BAT RX 0x316 [8] 0C F7 0C F7 0C F7 0C F7 
BAT RX 0x315 [8] 0C F8 0C F8 0C F8 0C F8 
BAT RX 0x314 [8] 40 10 5B 04 00 02 05 41 
BAT RX 0x313 [8] 14 BE 00 00 00 DF 46 63 
BAT RX 0x312 [8] 00 00 00 00 02 00 00 00 
BAT RX 0x311 [8] 02 38 08 24 08 24 01 61 
[158s] OK V=53.10V I=+0.0A T=22.3C SOC=70% SOH=99% | CVL=56.8V CCL=208.4A DCL=208.4A | chg=1 dis=1 fc1=0 fc2=0 | prot=0000 warn=0000 | packs=2 | inv0x305=no
BAT RX 0x330 [8] 02 0D 02 01 0C F9 0C F6 
BAT RX 0x329 [8] 02 00 19 C0 02 00 40 48 
BAT RX 0x323 [8] 20 0E 10 00 00 00 00 00 
BAT RX 0x324 [8] 00 02 47 50 4A 30 32 31 
BAT RX 0x322 [8] 00 F3 00 CE 03 01 46 46 
BAT RX 0x320 [8] 50 41 C3 85 85 00 00 00 
BAT RX 0x319 [8] C0 0C F9 0C F6 1D 11 00 
BAT RX 0x318 [8] 0C F7 0C F7 0C F7 0C F6 
BAT RX 0x317 [8] 0C F9 0C F8 0C F8 0C F8 
BAT RX 0x316 [8] 0C F7 0C F7 0C F7 0C F7 
BAT RX 0x315 [8] 0C F8 0C F8 0C F8 0C F8 
BAT RX 0x314 [8] 40 10 5B 04 00 03 05 41 
BAT RX 0x313 [8] 14 BE 00 00 00 DF 46 63 
BAT RX 0x312 [8] 00 00 00 00 02 00 00 00 
BAT RX 0x311 [8] 02 38 08 24 08 24 01 61 
BAT RX 0x330 [8] 02 0D 01 01 0C F9 0C F7 
BAT RX 0x329 [8] 01 00 22 34 01 00 3F AD 
BAT RX 0x323 [8] 20 0E 10 00 00 00 00 00 
BAT RX 0x324 [8] 01 39 35 32 32 30 36 32 
BAT RX 0x322 [8] 00 F3 00 CE 03 01 46 46 
BAT RX 0x320 [8] 50 41 C3 85 85 00 00 00 
BAT RX 0x319 [8] C0 0C F9 0C F7 1D 01 00 
BAT RX 0x318 [8] 0C F7 0C F7 0C F7 0C F7 
BAT RX 0x317 [8] 0C F9 0C F8 0C F8 0C F8 
BAT RX 0x316 [8] 0C F7 0C F7 0C F7 0C F7 
BAT RX 0x315 [8] 0C F8 0C F8 0C F8 0C F8 
BAT RX 0x314 [8] 40 10 5B 04 00 02 05 41 
BAT RX 0x313 [8] 14 BE 00 00 00 DF 46 63 
BAT RX 0x312 [8] 00 00 00 00 02 00 00 00 
BAT RX 0x311 [8] 02 38 08 24 08 24 01 61 
[160s] OK V=53.10V I=+0.0A T=22.3C SOC=70% SOH=99% | CVL=56.8V CCL=208.4A DCL=208.4A | chg=1 dis=1 fc1=0 fc2=0 | prot=0000 warn=0000 | packs=2 | inv0x305=no
BAT RX 0x330 [8] 01 0E 02 01 0C F9 0C F6 
BAT RX 0x329 [8] 02 00 19 C0 02 00 40 48 
BAT RX 0x323 [8] 20 0E 10 00 00 00 00 00 
BAT RX 0x324 [8] 02 42 42 37 00 00 00 00 
BAT RX 0x322 [8] 00 F3 00 CE 03 01 46 46 
BAT RX 0x320 [8] 50 41 C3 85 85 00 00 00 
BAT RX 0x319 [8] C0 0C F9 0C F6 0E 11 00 
BAT RX 0x318 [8] 0C F7 0C F7 0C F7 0C F6 
BAT RX 0x317 [8] 0C F9 0C F8 0C F8 0C F8 
BAT RX 0x316 [8] 0C F7 0C F7 0C F7 0C F7 
BAT RX 0x315 [8] 0C F8 0C F8 0C F8 0C F8 
BAT RX 0x314 [8] 40 10 5B 04 00 03 05 41 
BAT RX 0x313 [8] 14 BE 00 00 00 DF 46 63 
BAT RX 0x312 [8] 00 00 00 00 02 00 00 00 
BAT RX 0x311 [8] 02 38 08 24 08 24 01 61 
BAT RX 0x330 [8] 02 0D 01 01 0C F9 0C F7 
BAT RX 0x329 [8] 01 00 22 34 01 00 3F AD 
BAT RX 0x323 [8] 20 0E 10 00 00 00 00 00 
BAT RX 0x324 [8] 00 01 47 50 4A 30 32 31 
BAT RX 0x322 [8] 00 F3 00 CE 03 01 46 46 
BAT RX 0x320 [8] 50 41 C3 85 85 00 00 00 
BAT RX 0x319 [8] C0 0C F9 0C F7 1D 01 00 
BAT RX 0x318 [8] 0C F7 0C F7 0C F7 0C F7 
BAT RX 0x317 [8] 0C F9 0C F8 0C F8 0C F8 
BAT RX 0x316 [8] 0C F7 0C F7 0C F7 0C F7 
BAT RX 0x315 [8] 0C F8 0C F8 0C F8 0C F8 
BAT RX 0x314 [8] 40 10 5B 04 00 02 05 41 
BAT RX 0x313 [8] 14 BE 00 00 00 DF 46 63 
BAT RX 0x312 [8] 00 00 00 00 02 00 00 00 
BAT RX 0x311 [8] 02 38 08 24 08 24 01 61 
[162s] OK V=53.10V I=+0.0A T=22.3C SOC=70% SOH=99% | CVL=56.8V CCL=208.4A DCL=208.4A | chg=1 dis=1 fc1=0 fc2=0 | prot=0000 warn=0000 | packs=2 | inv0x305=no
BAT RX 0x330 [8] 01 07 01 01 0C F8 0C F7 
BAT RX 0x329 [8] 02 00 19 C0 02 00 40 48 
BAT RX 0x323 [8] 20 0E 10 00 00 00 00 00 
BAT RX 0x324 [8] 01 39 35 32 32 30 36 32 
BAT RX 0x322 [8] 00 F3 00 CE 03 01 46 46 
BAT RX 0x320 [8] 50 41 C3 85 85 00 00 00 
BAT RX 0x319 [8] C0 0C F8 0C F7 07 01 00 
BAT RX 0x318 [8] 0C F7 0C F7 0C F7 0C F7 
BAT RX 0x317 [8] 0C F8 0C F8 0C F8 0C F8 
BAT RX 0x316 [8] 0C F7 0C F7 0C F7 0C F6 
BAT RX 0x315 [8] 0C F8 0C F8 0C F8 0C F8 
BAT RX 0x314 [8] 40 10 5B 04 00 02 05 41 
BAT RX 0x313 [8] 14 BE 00 00 00 DF 46 63 
BAT RX 0x312 [8] 00 00 00 00 02 00 00 00 
BAT RX 0x311 [8] 02 38 08 24 08 24 01 61 
BAT RX 0x330 [8] 02 0D 01 03 0C F9 0C F6 
BAT RX 0x329 [8] 01 00 22 34 01 00 3F AD 
BAT RX 0x323 [8] 20 0E 10 00 00 00 00 00 
BAT RX 0x324 [8] 02 43 30 37 00 00 00 00 
BAT RX 0x322 [8] 00 F3 00 CE 03 01 46 46 
BAT RX 0x320 [8] 50 41 C3 85 85 00 00 00 
BAT RX 0x319 [8] C0 0C F9 0C F6 1D 03 00 
BAT RX 0x318 [8] 0C F7 0C F7 0C F7 0C F7 
BAT RX 0x317 [8] 0C F9 0C F8 0C F8 0C F8 
BAT RX 0x316 [8] 0C F7 0C F7 0C F7 0C F7 
BAT RX 0x315 [8] 0C F8 0C F8 0C F8 0C F8 
BAT RX 0x314 [8] 40 10 5B 04 00 02 05 41 
BAT RX 0x313 [8] 14 BE 00 00 00 DF 46 63 
BAT RX 0x312 [8] 00 00 00 00 02 00 00 00 
BAT RX 0x311 [8] 02 38 08 24 08 24 01 61 
[164s] OK V=53.10V I=+0.0A T=22.3C SOC=70% SOH=99% | CVL=56.8V CCL=208.4A DCL=208.4A | chg=1 dis=1 fc1=0 fc2=0 | prot=0000 warn=0000 | packs=2 | inv0x305=no

---- battery-bus rate stats (VERBOSE_STATS) ----------------------------
  2378 frames, 165 s elapsed
  ID     count   period(ms)  (min-max gap)
  0x324     158   1016 (1-4867)
  0x329     160    994 (1-4866)
  0x330     163    976 (0-4000)
  0x312     158   1007 (1-4867)
  0x313     158   1007 (1-4867)
  0x314     158   1007 (1-4867)
  0x315     158   1007 (1-4867)
  0x316     158   1007 (1-4867)
  0x317     158   1007 (1-4867)
  0x318     158   1007 (1-4867)
  0x319     158   1007 (1-4867)
  0x320     158   1007 (1-4866)
  0x322     158   1007 (0-4867)
  0x311     158   1007 (1-4867)
  0x323     159   1000 (1-4866)
--------------------------------------------------------------------------

  TWAI: state=RUNNING  tx_err=0 rx_err=0  tx_failed=0  rx_missed=111 rx_overrun=0  arb_lost=0  bus_err=0
BAT RX 0x330 [8] 02 0D 01 01 0C F9 0C F7 
BAT RX 0x329 [8] 02 00 19 C0 02 00 40 48 
BAT RX 0x323 [8] 20 0E 10 00 00 00 00 00 
BAT RX 0x324 [8] 00 02 47 50 4A 30 32 31 
BAT RX 0x322 [8] 00 F3 00 CE 03 01 46 46 
BAT RX 0x320 [8] 50 41 C3 85 85 00 00 00 
BAT RX 0x319 [8] C0 0C F9 0C F7 1D 01 00 
BAT RX 0x318 [8] 0C F7 0C F7 0C F7 0C F7 
BAT RX 0x317 [8] 0C F9 0C F8 0C F8 0C F8 
BAT RX 0x316 [8] 0C F7 0C F7 0C F7 0C F6 
BAT RX 0x315 [8] 0C F8 0C F8 0C F8 0C F8 
BAT RX 0x314 [8] 40 10 5B 04 00 02 05 41 
BAT RX 0x313 [8] 14 BE 00 00 00 DF 46 63 
BAT RX 0x312 [8] 00 00 00 00 02 00 00 00 
BAT RX 0x311 [8] 02 38 08 24 08 24 01 61 
BAT RX 0x330 [8] 01 05 01 01 0C F8 0C F7 
BAT RX 0x329 [8] 01 00 22 34 01 00 3F AD 
BAT RX 0x323 [8] 20 0E 10 00 00 00 00 00 
BAT RX 0x324 [8] 01 39 35 32 32 30 36 32 
BAT RX 0x322 [8] 00 F3 00 CE 03 01 46 46 
BAT RX 0x320 [8] 50 41 C3 85 85 00 00 00 
BAT RX 0x319 [8] C0 0C F8 0C F7 05 01 00 
BAT RX 0x318 [8] 0C F7 0C F7 0C F7 0C F7 
BAT RX 0x317 [8] 0C F8 0C F8 0C F8 0C F8 
BAT RX 0x316 [8] 0C F7 0C F7 0C F7 0C F7 
BAT RX 0x315 [8] 0C F8 0C F8 0C F8 0C F8 
BAT RX 0x314 [8] 40 10 5B 04 00 01 05 41 
BAT RX 0x313 [8] 14 BE 00 00 00 DF 46 63 
BAT RX 0x312 [8] 00 00 00 00 02 00 00 00 
BAT RX 0x311 [8] 02 38 08 24 08 24 01 61 
[166s] OK V=53.10V I=+0.0A T=22.3C SOC=70% SOH=99% | CVL=56.8V CCL=208.4A DCL=208.4A | chg=1 dis=1 fc1=0 fc2=0 | prot=0000 warn=0000 | packs=2 | inv0x305=no
BAT RX 0x330 [8] 02 0D 01 01 0C F9 0C F7 
BAT RX 0x329 [8] 02 00 19 C0 02 00 40 48 
BAT RX 0x323 [8] 20 0E 10 00 00 00 00 00 
BAT RX 0x324 [8] 02 42 42 37 00 00 00 00 
BAT RX 0x322 [8] 00 F3 00 CE 03 01 46 46 
BAT RX 0x320 [8] 50 41 C3 85 85 00 00 00 
BAT RX 0x319 [8] C0 0C F9 0C F7 1D 01 00 
BAT RX 0x318 [8] 0C F7 0C F7 0C F7 0C F7 
BAT RX 0x317 [8] 0C F9 0C F8 0C F8 0C F8 
BAT RX 0x316 [8] 0C F7 0C F7 0C F7 0C F7 
BAT RX 0x315 [8] 0C F8 0C F8 0C F8 0C F8 
BAT RX 0x314 [8] 40 10 5B 04 00 02 05 41 
BAT RX 0x313 [8] 14 BE 00 00 00 DF 46 63 
BAT RX 0x312 [8] 00 00 00 00 02 00 00 00 
BAT RX 0x311 [8] 02 38 08 24 08 24 01 61 
BAT RX 0x330 [8] 01 0E 01 03 0C F9 0C F6 
BAT RX 0x329 [8] 01 00 22 34 01 00 3F AD 
BAT RX 0x323 [8] 20 0E 10 00 00 00 00 00 
BAT RX 0x324 [8] 00 01 47 50 4A 30 32 31 
BAT RX 0x322 [8] 00 F3 00 CE 03 01 46 46 
BAT RX 0x320 [8] 50 41 C3 85 85 00 00 00 
BAT RX 0x319 [8] C0 0C F9 0C F6 0E 03 00 
BAT RX 0x318 [8] 0C F8 0C F8 0C F7 0C F7 
BAT RX 0x317 [8] 0C F9 0C F8 0C F8 0C F8 
BAT RX 0x316 [8] 0C F7 0C F7 0C F7 0C F7 
BAT RX 0x315 [8] 0C F8 0C F8 0C F8 0C F8 
BAT RX 0x314 [8] 40 10 5B 04 00 02 05 41 
BAT RX 0x313 [8] 14 BE 00 00 00 DF 46 63 
BAT RX 0x312 [8] 00 00 00 00 02 00 00 00 
BAT RX 0x311 [8] 02 38 08 24 08 24 01 61 
[168s] OK V=53.10V I=+0.0A T=22.3C SOC=70% SOH=99% | CVL=56.8V CCL=208.4A DCL=208.4A | chg=1 dis=1 fc1=0 fc2=0 | prot=0000 warn=0000 | packs=2 | inv0x305=no
BAT RX 0x330 [8] 02 0D 01 01 0C F9 0C F7 
BAT RX 0x329 [8] 02 00 19 C0 02 00 40 48 
BAT RX 0x323 [8] 20 0E 10 00 00 00 00 00 
BAT RX 0x324 [8] 01 39 35 32 32 30 36 32 
BAT RX 0x322 [8] 00 F3 00 CE 03 01 46 46 
BAT RX 0x320 [8] 50 41 C3 85 85 00 00 00 
BAT RX 0x319 [8] C0 0C F9 0C F7 1D 01 00 
BAT RX 0x318 [8] 0C F8 0C F7 0C F7 0C F7 
BAT RX 0x317 [8] 0C F9 0C F8 0C F8 0C F8 
BAT RX 0x316 [8] 0C F7 0C F7 0C F7 0C F7 
BAT RX 0x315 [8] 0C F8 0C F8 0C F8 0C F8 
BAT RX 0x314 [8] 40 10 5B 04 00 02 05 41 
BAT RX 0x313 [8] 14 BE 00 00 00 DF 46 63 
BAT RX 0x312 [8] 00 00 00 00 02 00 00 00 
BAT RX 0x311 [8] 02 38 08 24 08 24 01 61 
BAT RX 0x330 [8] 02 0D 01 01 0C F9 0C F7 
BAT RX 0x329 [8] 01 00 22 34 01 00 3F AD 
BAT RX 0x323 [8] 20 0E 10 00 00 00 00 00 
BAT RX 0x324 [8] 02 43 30 37 00 00 00 00 
BAT RX 0x322 [8] 00 F3 00 CE 03 01 46 46 
BAT RX 0x320 [8] 50 41 C3 85 85 00 00 00 
BAT RX 0x319 [8] C0 0C F9 0C F7 1D 01 00 
BAT RX 0x318 [8] 0C F7 0C F7 0C F7 0C F7 
BAT RX 0x317 [8] 0C F9 0C F8 0C F8 0C F8 
BAT RX 0x316 [8] 0C F7 0C F7 0C F7 0C F7 
BAT RX 0x315 [8] 0C F9 0C F8 0C F8 0C F8 
BAT RX 0x314 [8] 40 10 5B 04 00 02 05 41 
BAT RX 0x313 [8] 14 BE 00 00 00 DF 46 63 
BAT RX 0x312 [8] 00 00 00 00 02 00 00 00 
BAT RX 0x311 [8] 02 38 08 24 08 24 01 61 
[170s] OK V=53.10V I=+0.0A T=22.3C SOC=70% SOH=99% | CVL=56.8V CCL=208.4A DCL=208.4A | chg=1 dis=1 fc1=0 fc2=0 | prot=0000 warn=0000 | packs=2 | inv0x305=no
BAT RX 0x330 [8] 01 0E 01 01 0C F9 0C F7 
BAT RX 0x329 [8] 02 00 19 C0 02 00 40 48 
BAT RX 0x323 [8] 20 0E 10 00 00 00 00 00 
BAT RX 0x324 [8] 00 02 47 50 4A 30 32 31 
BAT RX 0x322 [8] 00 F3 00 CE 03 01 46 46 
BAT RX 0x320 [8] 50 41 C3 85 85 00 00 00 
BAT RX 0x319 [8] C0 0C F9 0C F7 0E 01 00 
BAT RX 0x318 [8] 0C F7 0C F7 0C F7 0C F7 
BAT RX 0x317 [8] 0C F9 0C F9 0C F8 0C F8 
BAT RX 0x316 [8] 0C F7 0C F7 0C F7 0C F7 
BAT RX 0x315 [8] 0C F8 0C F8 0C F8 0C F8 
BAT RX 0x314 [8] 40 10 5B 04 00 02 05 41 
BAT RX 0x313 [8] 14 BE 00 00 00 DF 46 63 
BAT RX 0x312 [8] 00 00 00 00 02 00 00 00 
BAT RX 0x311 [8] 02 38 08 24 08 24 01 61 
BAT RX 0x330 [8] 02 0C 01 01 0C F9 0C F7 
BAT RX 0x329 [8] 01 00 22 34 01 00 3F AD 
BAT RX 0x323 [8] 20 0E 10 00 00 00 00 00 
BAT RX 0x324 [8] 01 39 35 32 32 30 36 32 
BAT RX 0x322 [8] 00 F3 00 CE 03 01 46 46 
BAT RX 0x320 [8] 50 41 C3 85 85 00 00 00 
BAT RX 0x319 [8] C0 0C F9 0C F7 1C 01 00 
BAT RX 0x318 [8] 0C F8 0C F7 0C F7 0C F7 
BAT RX 0x317 [8] 0C F9 0C F9 0C F8 0C F8 
BAT RX 0x316 [8] 0C F7 0C F7 0C F7 0C F7 
BAT RX 0x315 [8] 0C F8 0C F8 0C F8 0C F8 
BAT RX 0x314 [8] 40 10 5B 04 00 02 05 41 
BAT RX 0x313 [8] 14 BE 00 00 00 DF 46 63 
BAT RX 0x312 [8] 00 00 00 00 02 00 00 00 
BAT RX 0x311 [8] 02 38 08 24 08 24 01 61 
[172s] OK V=53.10V I=+0.0A T=22.3C SOC=70% SOH=99% | CVL=56.8V CCL=208.4A DCL=208.4A | chg=1 dis=1 fc1=0 fc2=0 | prot=0000 warn=0000 | packs=2 | inv0x305=no
BAT RX 0x330 [8] 02 02 01 01 0C F9 0C F7 
BAT RX 0x329 [8] 02 00 19 C0 02 00 40 48 
BAT RX 0x323 [8] 20 0E 10 00 00 00 00 00 
BAT RX 0x324 [8] 02 42 42 37 00 00 00 00 
BAT RX 0x322 [8] 00 F3 00 CE 03 01 46 46 
BAT RX 0x320 [8] 50 41 C3 85 85 00 00 00 
BAT RX 0x319 [8] C0 0C F9 0C F7 12 01 00 
BAT RX 0x318 [8] 0C F7 0C F7 0C F7 0C F7 
BAT RX 0x317 [8] 0C F9 0C F9 0C F8 0C F8 
BAT RX 0x316 [8] 0C F7 0C F7 0C F6 0C F6 
BAT RX 0x315 [8] 0C F8 0C F8 0C F8 0C F8 
BAT RX 0x314 [8] 40 10 5B 04 00 02 05 41 
BAT RX 0x313 [8] 14 BE 00 00 00 DF 46 63 
BAT RX 0x312 [8] 00 00 00 00 02 00 00 00 
BAT RX 0x311 [8] 02 38 08 24 08 24 01 61 
BAT RX 0x330 [8] 02 0D 01 01 0C F9 0C F7 
BAT RX 0x329 [8] 01 00 22 34 01 00 3F AD 
BAT RX 0x323 [8] 20 0E 10 00 00 00 00 00 
BAT RX 0x324 [8] 00 01 47 50 4A 30 32 31 
BAT RX 0x322 [8] 00 F3 00 CE 03 01 46 46 
BAT RX 0x320 [8] 50 41 C3 85 85 00 00 00 
BAT RX 0x319 [8] C0 0C F9 0C F7 1D 01 00 
BAT RX 0x318 [8] 0C F8 0C F7 0C F7 0C F7 
BAT RX 0x317 [8] 0C F9 0C F8 0C F8 0C F8 
BAT RX 0x316 [8] 0C F7 0C F7 0C F7 0C F6 
BAT RX 0x315 [8] 0C F8 0C F8 0C F8 0C F8 
BAT RX 0x314 [8] 40 10 5B 04 00 02 05 41 
BAT RX 0x313 [8] 14 BE 00 00 00 DF 46 63 
BAT RX 0x312 [8] 00 00 00 00 02 00 00 00 
BAT RX 0x311 [8] 02 38 08 24 08 24 01 61 
[174s] OK V=53.10V I=+0.0A T=22.3C SOC=70% SOH=99% | CVL=56.8V CCL=208.4A DCL=208.4A | chg=1 dis=1 fc1=0 fc2=0 | prot=0000 warn=0000 | packs=2 | inv0x305=no
BAT RX 0x330 [8] 02 0C 01 01 0C F9 0C F7 
BAT RX 0x329 [8] 02 00 19 C0 02 00 40 48 
BAT RX 0x323 [8] 20 0E 10 00 00 00 00 00 
BAT RX 0x324 [8] 01 39 35 32 32 30 36 32 
BAT RX 0x322 [8] 00 F3 00 CE 03 01 46 46 
BAT RX 0x320 [8] 50 41 C3 85 85 00 00 00 
BAT RX 0x319 [8] C0 0C F9 0C F7 1C 01 00 
BAT RX 0x318 [8] 0C F7 0C F7 0C F7 0C F7 
BAT RX 0x317 [8] 0C F9 0C F8 0C F8 0C F8 
BAT RX 0x316 [8] 0C F7 0C F7 0C F7 0C F7 
BAT RX 0x315 [8] 0C F9 0C F8 0C F8 0C F8 
BAT RX 0x314 [8] 40 10 5B 04 00 02 05 41 
BAT RX 0x313 [8] 14 BE 00 00 00 DF 46 63 
BAT RX 0x312 [8] 00 00 00 00 02 00 00 00 
BAT RX 0x311 [8] 02 38 08 24 08 24 01 61 
BAT RX 0x330 [8] 01 0E 01 01 0C F9 0C F7 
BAT RX 0x329 [8] 01 00 22 34 01 00 3F AD 
BAT RX 0x323 [8] 20 0E 10 00 00 00 00 00 
BAT RX 0x324 [8] 02 43 30 37 00 00 00 00 
BAT RX 0x322 [8] 00 F3 00 CE 03 01 46 46 
BAT RX 0x320 [8] 50 41 C3 85 85 00 00 00 
BAT RX 0x319 [8] C0 0C F9 0C F7 0E 01 00 
BAT RX 0x318 [8] 0C F8 0C F7 0C F7 0C F7 
BAT RX 0x317 [8] 0C F9 0C F8 0C F8 0C F8 
BAT RX 0x316 [8] 0C F7 0C F7 0C F7 0C F6 
BAT RX 0x315 [8] 0C F9 0C F8 0C F8 0C F8 
BAT RX 0x314 [8] 40 10 5B 04 00 03 05 41 
BAT RX 0x313 [8] 14 BE 00 00 00 DF 46 63 
BAT RX 0x312 [8] 00 00 00 00 02 00 00 00 
BAT RX 0x311 [8] 02 38 08 24 08 24 01 61 
[176s] OK V=53.10V I=+0.0A T=22.3C SOC=70% SOH=99% | CVL=56.8V CCL=208.4A DCL=208.4A | chg=1 dis=1 fc1=0 fc2=0 | prot=0000 warn=0000 | packs=2 | inv0x305=no
BAT RX 0x330 [8] 02 0C 01 01 0C F9 0C F7 
BAT RX 0x329 [8] 02 00 19 C0 02 00 40 48 
BAT RX 0x323 [8] 20 0E 10 00 00 00 00 00 
BAT RX 0x324 [8] 00 02 47 50 4A 30 32 31 
BAT RX 0x322 [8] 00 F3 00 CE 03 01 46 46 
BAT RX 0x320 [8] 50 41 C3 85 85 00 00 00 
BAT RX 0x319 [8] C0 0C F9 0C F7 1C 01 00 
BAT RX 0x318 [8] 0C F8 0C F8 0C F7 0C F7 
BAT RX 0x317 [8] 0C F9 0C F9 0C F8 0C F8 
BAT RX 0x316 [8] 0C F7 0C F7 0C F7 0C F7 
BAT RX 0x315 [8] 0C F9 0C F8 0C F8 0C F8 
BAT RX 0x314 [8] 40 10 5B 04 00 02 05 41 
BAT RX 0x313 [8] 14 BE 00 00 00 DF 46 63 
BAT RX 0x312 [8] 00 00 00 00 02 00 00 00 
BAT RX 0x311 [8] 02 38 08 24 08 24 01 61 
BAT RX 0x330 [8] 02 0D 01 01 0C F9 0C F7 
BAT RX 0x329 [8] 01 00 22 34 01 00 3F AD 
BAT RX 0x323 [8] 20 0E 10 00 00 00 00 00 
BAT RX 0x324 [8] 01 39 35 32 32 30 36 32 
BAT RX 0x322 [8] 00 F3 00 CE 03 01 46 46 
BAT RX 0x320 [8] 50 41 C3 85 85 00 00 00 
BAT RX 0x319 [8] C0 0C F9 0C F7 1D 01 00 
BAT RX 0x318 [8] 0C F7 0C F7 0C F7 0C F7 
BAT RX 0x317 [8] 0C F9 0C F8 0C F8 0C F8 
BAT RX 0x316 [8] 0C F7 0C F7 0C F7 0C F7 
BAT RX 0x315 [8] 0C F8 0C F8 0C F8 0C F8 
BAT RX 0x314 [8] 40 10 5B 04 00 02 05 41 
BAT RX 0x313 [8] 14 BE 00 00 00 DF 46 63 
BAT RX 0x312 [8] 00 00 00 00 02 00 00 00 
BAT RX 0x311 [8] 02 38 08 24 08 24 01 61 
[178s] OK V=53.10V I=+0.0A T=22.3C SOC=70% SOH=99% | CVL=56.8V CCL=208.4A DCL=208.4A | chg=1 dis=1 fc1=0 fc2=0 | prot=0000 warn=0000 | packs=2 | inv0x305=no
BAT RX 0x330 [8] 02 0D 01 01 0C F9 0C F7 
BAT RX 0x329 [8] 02 00 19 C0 02 00 40 48 
BAT RX 0x323 [8] 20 0E 10 00 00 00 00 00 
BAT RX 0x324 [8] 02 42 42 37 00 00 00 00 
BAT RX 0x322 [8] 00 F3 00 CE 03 01 46 46 
BAT RX 0x320 [8] 50 41 C3 85 85 00 00 00 
BAT RX 0x319 [8] C0 0C F9 0C F7 1D 01 00 
BAT RX 0x318 [8] 0C F8 0C F8 0C F7 0C F7 
BAT RX 0x317 [8] 0C F9 0C F8 0C F8 0C F8 
BAT RX 0x316 [8] 0C F7 0C F7 0C F7 0C F7 
BAT RX 0x315 [8] 0C F9 0C F8 0C F8 0C F8 
BAT RX 0x314 [8] 40 10 5B 04 00 02 05 41 
BAT RX 0x313 [8] 14 BE 00 00 00 DF 46 63 
BAT RX 0x312 [8] 00 00 00 00 02 00 00 00 
BAT RX 0x311 [8] 02 38 08 24 08 24 01 61 

---- battery-bus rate stats (VERBOSE_STATS) ----------------------------
  2603 frames, 180 s elapsed
  ID     count   period(ms)  (min-max gap)
  0x324     173   1015 (1-4867)
  0x329     175    994 (1-4866)
  0x330     178    978 (0-4000)
  0x312     173   1007 (1-4867)
  0x313     173   1007 (1-4867)
  0x314     173   1007 (1-4867)
  0x315     173   1006 (1-4867)
  0x316     173   1006 (1-4867)
  0x317     173   1006 (1-4867)
  0x318     173   1006 (1-4867)
  0x319     173   1006 (1-4867)
  0x320     173   1006 (1-4866)
  0x322     173   1006 (0-4867)
  0x311     173   1007 (1-4867)
  0x323     174   1000 (1-4866)
--------------------------------------------------------------------------

  TWAI: state=RUNNING  tx_err=0 rx_err=0  tx_failed=0  rx_missed=111 rx_overrun=0  arb_lost=0  bus_err=0
BAT RX 0x330 [8] 02 0D 01 01 0C F9 0C F7 
BAT RX 0x329 [8] 01 00 22 34 01 00 3F AD 
BAT RX 0x323 [8] 20 0E 10 00 00 00 00 00 
BAT RX 0x324 [8] 00 01 47 50 4A 30 32 31 
BAT RX 0x322 [8] 00 F3 00 CE 03 01 46 46 
BAT RX 0x320 [8] 50 41 C3 85 85 00 00 00 
BAT RX 0x319 [8] C0 0C F9 0C F7 1D 01 00 
BAT RX 0x318 [8] 0C F8 0C F8 0C F7 0C F7 
BAT RX 0x317 [8] 0C F9 0C F8 0C F8 0C F8 
BAT RX 0x316 [8] 0C F7 0C F7 0C F7 0C F7 
BAT RX 0x315 [8] 0C F9 0C F8 0C F8 0C F8 
BAT RX 0x314 [8] 40 10 5B 04 00 02 05 41 
BAT RX 0x313 [8] 14 BE 00 00 00 DF 46 63 
BAT RX 0x312 [8] 00 00 00 00 02 00 00 00 
BAT RX 0x311 [8] 02 38 08 24 08 24 01 61 
[180s] OK V=53.10V I=+0.0A T=22.3C SOC=70% SOH=99% | CVL=56.8V CCL=208.4A DCL=208.4A | chg=1 dis=1 fc1=0 fc2=0 | prot=0000 warn=0000 | packs=2 | inv0x305=no
BAT RX 0x330 [8] 01 0E 01 01 0C F9 0C F7 
BAT RX 0x329 [8] 02 00 19 C0 02 00 40 48 
BAT RX 0x323 [8] 20 0E 10 00 00 00 00 00 
BAT RX 0x324 [8] 01 39 35 32 32 30 36 32 
BAT RX 0x322 [8] 00 F3 00 CE 03 01 46 46 
BAT RX 0x320 [8] 50 41 C3 85 85 00 00 00 
BAT RX 0x319 [8] C0 0C F9 0C F7 0E 01 00 
BAT RX 0x318 [8] 0C F8 0C F8 0C F8 0C F7 
BAT RX 0x317 [8] 0C F8 0C F8 0C F8 0C F8 
BAT RX 0x316 [8] 0C F7 0C F7 0C F7 0C F7 
BAT RX 0x315 [8] 0C F9 0C F8 0C F8 0C F8 
BAT RX 0x314 [8] 40 10 5B 04 00 02 05 41 
BAT RX 0x313 [8] 14 BE 00 00 00 DF 46 63 
BAT RX 0x312 [8] 00 00 00 00 02 00 00 00 
BAT RX 0x311 [8] 02 38 08 24 08 24 01 61 
BAT RX 0x330 [8] 02 0D 01 01 0C F9 0C F7 
BAT RX 0x329 [8] 01 00 22 34 01 00 3F AD 
BAT RX 0x323 [8] 20 0E 10 00 00 00 00 00 
BAT RX 0x324 [8] 02 43 30 37 00 00 00 00 
BAT RX 0x322 [8] 00 F3 00 CE 03 01 46 46 
BAT RX 0x320 [8] 50 41 C3 85 85 00 00 00 
BAT RX 0x319 [8] C0 0C F9 0C F7 1D 01 00 
BAT RX 0x318 [8] 0C F8 0C F8 0C F7 0C F7 
BAT RX 0x317 [8] 0C F9 0C F9 0C F8 0C F8 
BAT RX 0x316 [8] 0C F7 0C F7 0C F7 0C F7 
BAT RX 0x315 [8] 0C F9 0C F8 0C F8 0C F8 
BAT RX 0x314 [8] 40 10 5B 04 00 02 05 41 
BAT RX 0x313 [8] 14 BE 00 00 00 DF 46 63 
BAT RX 0x312 [8] 00 00 00 00 02 00 00 00 
BAT RX 0x311 [8] 02 38 08 24 08 24 01 61 
[182s] OK V=53.10V I=+0.0A T=22.3C SOC=70% SOH=99% | CVL=56.8V CCL=208.4A DCL=208.4A | chg=1 dis=1 fc1=0 fc2=0 | prot=0000 warn=0000 | packs=2 | inv0x305=no
BAT RX 0x330 [8] 01 0E 01 01 0C F9 0C F7 
BAT RX 0x329 [8] 02 00 19 C0 02 00 40 48 
BAT RX 0x323 [8] 20 0E 10 00 00 00 00 00 
BAT RX 0x324 [8] 00 02 47 50 4A 30 32 31 
BAT RX 0x322 [8] 00 F3 00 CE 03 01 46 46 
BAT RX 0x320 [8] 50 41 C3 85 85 00 00 00 
BAT RX 0x319 [8] C0 0C F9 0C F7 0E 01 00 
BAT RX 0x318 [8] 0C F7 0C F7 0C F7 0C F7 
BAT RX 0x317 [8] 0C F9 0C F9 0C F8 0C F8 
BAT RX 0x316 [8] 0C F7 0C F7 0C F7 0C F7 
BAT RX 0x315 [8] 0C F9 0C F8 0C F8 0C F8 
BAT RX 0x314 [8] 40 10 5B 04 00 02 05 41 
BAT RX 0x313 [8] 14 BE 00 00 00 DF 46 63 
BAT RX 0x312 [8] 00 00 00 00 02 00 00 00 
BAT RX 0x311 [8] 02 38 08 24 08 24 01 61 
BAT RX 0x330 [8] 02 0D 01 01 0C F9 0C F7 
BAT RX 0x329 [8] 01 00 22 34 01 00 3F AD 
BAT RX 0x323 [8] 20 0E 10 00 00 00 00 00 
BAT RX 0x324 [8] 01 39 35 32 32 30 36 32 
BAT RX 0x322 [8] 00 F3 00 CE 03 01 46 46 
BAT RX 0x320 [8] 50 41 C3 85 85 00 00 00 
BAT RX 0x319 [8] C0 0C F9 0C F7 1D 01 00 
BAT RX 0x318 [8] 0C F8 0C F7 0C F7 0C F7 
BAT RX 0x317 [8] 0C F9 0C F8 0C F8 0C F8 
BAT RX 0x316 [8] 0C F7 0C F7 0C F7 0C F7 
BAT RX 0x315 [8] 0C F9 0C F8 0C F8 0C F8 
BAT RX 0x314 [8] 40 10 5B 04 00 02 05 41 
BAT RX 0x313 [8] 14 BE 00 00 00 DF 46 63 
BAT RX 0x312 [8] 00 00 00 00 02 00 00 00 
BAT RX 0x311 [8] 02 38 08 24 08 24 01 61 
[184s] OK V=53.10V I=+0.0A T=22.3C SOC=70% SOH=99% | CVL=56.8V CCL=208.4A DCL=208.4A | chg=1 dis=1 fc1=0 fc2=0 | prot=0000 warn=0000 | packs=2 | inv0x305=no
BAT RX 0x330 [8] 01 0D 01 01 0C F9 0C F7 
BAT RX 0x329 [8] 02 00 19 C0 02 00 40 48 
BAT RX 0x323 [8] 20 0E 10 00 00 00 00 00 
BAT RX 0x324 [8] 02 42 42 37 00 00 00 00 
BAT RX 0x322 [8] 00 F3 00 CE 03 01 46 46 
BAT RX 0x320 [8] 50 41 C3 85 85 00 00 00 
BAT RX 0x319 [8] C0 0C F9 0C F7 0D 01 00 
BAT RX 0x318 [8] 0C F8 0C F7 0C F7 0C F7 
BAT RX 0x317 [8] 0C F9 0C F8 0C F8 0C F8 
BAT RX 0x316 [8] 0C F7 0C F7 0C F7 0C F7 
BAT RX 0x315 [8] 0C F9 0C F8 0C F8 0C F8 
BAT RX 0x314 [8] 40 10 5B 04 00 02 05 41 
BAT RX 0x313 [8] 14 BE 00 00 00 DF 46 63 
BAT RX 0x312 [8] 00 00 00 00 02 00 00 00 
BAT RX 0x311 [8] 02 38 08 24 08 24 01 61 
BAT RX 0x330 [8] 01 0F 01 03 0C F9 0C F6 
BAT RX 0x329 [8] 01 00 22 34 01 00 3F AD 
BAT RX 0x323 [8] 20 0E 10 00 00 00 00 00 
BAT RX 0x324 [8] 00 01 47 50 4A 30 32 31 
BAT RX 0x322 [8] 00 F3 00 CE 03 01 46 46 
BAT RX 0x320 [8] 50 41 C3 85 85 00 00 00 
BAT RX 0x319 [8] C0 0C F9 0C F6 0F 03 00 
BAT RX 0x318 [8] 0C F8 0C F8 0C F7 0C F7 
BAT RX 0x317 [8] 0C F9 0C F9 0C F8 0C F8 
BAT RX 0x316 [8] 0C F7 0C F7 0C F7 0C F7 
BAT RX 0x315 [8] 0C F9 0C F8 0C F8 0C F8 
BAT RX 0x314 [8] 40 10 5B 04 00 02 05 41 
BAT RX 0x313 [8] 14 BE 00 00 00 DF 46 63 
BAT RX 0x312 [8] 00 00 00 00 02 00 00 00 
BAT RX 0x311 [8] 02 38 08 24 08 24 01 61 
[186s] OK V=53.10V I=+0.0A T=22.3C SOC=70% SOH=99% | CVL=56.8V CCL=208.4A DCL=208.4A | chg=1 dis=1 fc1=0 fc2=0 | prot=0000 warn=0000 | packs=2 | inv0x305=no
BAT RX 0x330 [8] 01 0E 01 01 0C F9 0C F7 
BAT RX 0x329 [8] 02 00 19 C0 02 00 40 48 
BAT RX 0x323 [8] 20 0E 10 00 00 00 00 00 
BAT RX 0x324 [8] 01 39 35 32 32 30 36 32 
BAT RX 0x322 [8] 00 F3 00 CE 03 01 46 46 
BAT RX 0x320 [8] 50 41 C3 85 85 00 00 00 
BAT RX 0x319 [8] C0 0C F9 0C F7 0E 01 00 
BAT RX 0x318 [8] 0C F7 0C F7 0C F7 0C F7 
BAT RX 0x317 [8] 0C F9 0C F8 0C F8 0C F8 
BAT RX 0x316 [8] 0C F7 0C F7 0C F7 0C F7 
BAT RX 0x315 [8] 0C F9 0C F8 0C F8 0C F8 
BAT RX 0x314 [8] 40 10 5B 04 00 02 05 41 
BAT RX 0x313 [8] 14 BE 00 00 00 DF 46 63 
BAT RX 0x312 [8] 00 00 00 00 02 00 00 00 
BAT RX 0x311 [8] 02 38 08 24 08 24 01 61 
BAT RX 0x330 [8] 02 0D 01 01 0C F9 0C F7 
BAT RX 0x329 [8] 01 00 22 34 01 00 3F AD 
BAT RX 0x323 [8] 20 0E 10 00 00 00 00 00 
BAT RX 0x324 [8] 02 43 30 37 00 00 00 00 
BAT RX 0x322 [8] 00 F3 00 CE 03 01 46 46 
BAT RX 0x320 [8] 50 41 C3 85 85 00 00 00 
BAT RX 0x319 [8] C0 0C F9 0C F7 1D 01 00 
BAT RX 0x318 [8] 0C F8 0C F8 0C F8 0C F7 
BAT RX 0x317 [8] 0C F9 0C F8 0C F8 0C F8 
BAT RX 0x316 [8] 0C F7 0C F7 0C F7 0C F7 
BAT RX 0x315 [8] 0C F9 0C F9 0C F8 0C F8 
BAT RX 0x314 [8] 40 10 5B 04 00 02 05 41 
BAT RX 0x313 [8] 14 BE 00 00 00 DF 46 63 
BAT RX 0x312 [8] 00 00 00 00 02 00 00 00 
BAT RX 0x311 [8] 02 38 08 24 08 24 01 61 
[188s] OK V=53.10V I=+0.0A T=22.3C SOC=70% SOH=99% | CVL=56.8V CCL=208.4A DCL=208.4A | chg=1 dis=1 fc1=0 fc2=0 | prot=0000 warn=0000 | packs=2 | inv0x305=no
BAT RX 0x330 [8] 02 0D 01 02 0C F9 0C F7 
BAT RX 0x329 [8] 02 00 19 C0 02 00 40 48 
BAT RX 0x323 [8] 20 0E 10 00 00 00 00 00 
BAT RX 0x324 [8] 00 02 47 50 4A 30 32 31 
BAT RX 0x322 [8] 00 F3 00 CE 03 01 46 46 
BAT RX 0x320 [8] 50 41 C3 85 85 00 00 00 
BAT RX 0x319 [8] C0 0C F9 0C F7 1D 02 00 
BAT RX 0x318 [8] 0C F8 0C F8 0C F7 0C F7 
BAT RX 0x317 [8] 0C F9 0C F8 0C F8 0C F8 
BAT RX 0x316 [8] 0C F7 0C F7 0C F7 0C F7 
BAT RX 0x315 [8] 0C F9 0C F8 0C F8 0C F8 
BAT RX 0x314 [8] 40 10 5B 04 00 02 05 41 
BAT RX 0x313 [8] 14 BE 00 00 00 DF 46 63 
BAT RX 0x312 [8] 00 00 00 00 02 00 00 00 
BAT RX 0x311 [8] 02 38 08 24 08 24 01 61 
BAT RX 0x330 [8] 01 0D 01 01 0C F9 0C F7 
BAT RX 0x329 [8] 01 00 22 34 01 00 3F AD 
BAT RX 0x323 [8] 20 0E 10 00 00 00 00 00 
BAT RX 0x324 [8] 01 39 35 32 32 30 36 32 
BAT RX 0x322 [8] 00 F3 00 CE 03 01 46 46 
BAT RX 0x320 [8] 50 41 C3 85 85 00 00 00 
BAT RX 0x319 [8] C0 0C F9 0C F7 0D 01 00 
BAT RX 0x318 [8] 0C F8 0C F8 0C F7 0C F7 
BAT RX 0x317 [8] 0C F9 0C F8 0C F8 0C F8 
BAT RX 0x316 [8] 0C F7 0C F7 0C F7 0C F7 
BAT RX 0x315 [8] 0C F9 0C F9 0C F8 0C F8 
BAT RX 0x314 [8] 40 10 5B 04 00 02 05 41 
BAT RX 0x313 [8] 14 BE 00 00 00 DF 46 63 
BAT RX 0x312 [8] 00 00 00 00 02 00 00 00 
BAT RX 0x311 [8] 02 38 08 24 08 24 01 61 
[190s] OK V=53.10V I=+0.0A T=22.3C SOC=70% SOH=99% | CVL=56.8V CCL=208.4A DCL=208.4A | chg=1 dis=1 fc1=0 fc2=0 | prot=0000 warn=0000 | packs=2 | inv0x305=no
BAT RX 0x330 [8] 01 07 01 01 0C F9 0C F7 
BAT RX 0x329 [8] 02 00 19 C0 02 00 40 48 
BAT RX 0x323 [8] 20 0E 10 00 00 00 00 00 
BAT RX 0x324 [8] 02 42 42 37 00 00 00 00 
BAT RX 0x322 [8] 00 F3 00 CE 03 01 46 46 
BAT RX 0x320 [8] 50 41 C3 85 85 00 00 00 
BAT RX 0x319 [8] C0 0C F9 0C F7 07 01 00 
BAT RX 0x318 [8] 0C F8 0C F8 0C F7 0C F7 
BAT RX 0x317 [8] 0C F9 0C F8 0C F8 0C F8 
BAT RX 0x316 [8] 0C F7 0C F7 0C F7 0C F7 
BAT RX 0x315 [8] 0C F9 0C F8 0C F8 0C F8 
BAT RX 0x314 [8] 40 10 5B 04 00 02 05 41 
BAT RX 0x313 [8] 14 BE 00 00 00 DF 46 63 
BAT RX 0x312 [8] 00 00 00 00 02 00 00 00 
BAT RX 0x311 [8] 02 38 08 24 08 24 01 61 
BAT RX 0x330 [8] 02 0C 01 01 0C F9 0C F7 
BAT RX 0x329 [8] 01 00 22 34 01 00 3F AD 
BAT RX 0x323 [8] 20 0E 10 00 00 00 00 00 
BAT RX 0x324 [8] 00 01 47 50 4A 30 32 31 
BAT RX 0x322 [8] 00 F3 00 CE 03 01 46 46 
BAT RX 0x320 [8] 50 41 C3 85 85 00 00 00 
BAT RX 0x319 [8] C0 0C F9 0C F7 1C 01 00 
BAT RX 0x318 [8] 0C F8 0C F8 0C F7 0C F7 
BAT RX 0x317 [8] 0C F9 0C F9 0C F9 0C F8 
BAT RX 0x316 [8] 0C F8 0C F7 0C F7 0C F7 
BAT RX 0x315 [8] 0C F9 0C F8 0C F8 0C F8 
BAT RX 0x314 [8] 40 10 5B 04 00 02 05 41 
BAT RX 0x313 [8] 14 BE 00 00 00 DF 46 63 
BAT RX 0x312 [8] 00 00 00 00 02 00 00 00 
BAT RX 0x311 [8] 02 38 08 24 08 24 01 61 
[192s] OK V=53.10V I=+0.0A T=22.3C SOC=70% SOH=99% | CVL=56.8V CCL=208.4A DCL=208.4A | chg=1 dis=1 fc1=0 fc2=0 | prot=0000 warn=0000 | packs=2 | inv0x305=no
BAT RX 0x330 [8] 01 07 01 03 0C F9 0C F7 
BAT RX 0x329 [8] 02 00 19 C0 02 00 40 48 
BAT RX 0x323 [8] 20 0E 10 00 00 00 00 00 
BAT RX 0x324 [8] 01 39 35 32 32 30 36 32 
BAT RX 0x322 [8] 00 F3 00 CE 03 01 46 46 
BAT RX 0x320 [8] 50 41 C3 85 85 00 00 00 
BAT RX 0x319 [8] C0 0C F9 0C F7 07 03 00 
BAT RX 0x318 [8] 0C F8 0C F7 0C F7 0C F7 
BAT RX 0x317 [8] 0C F9 0C F9 0C F8 0C F8 
BAT RX 0x316 [8] 0C F7 0C F7 0C F7 0C F7 
BAT RX 0x315 [8] 0C F9 0C F8 0C F8 0C F8 
BAT RX 0x314 [8] 40 10 5B 04 00 02 05 41 
BAT RX 0x313 [8] 14 BE 00 00 00 DF 46 63 
BAT RX 0x312 [8] 00 00 00 00 02 00 00 00 
BAT RX 0x311 [8] 02 38 08 24 08 24 01 61 
BAT RX 0x330 [8] 01 0E 01 02 0C F9 0C F7 
BAT RX 0x329 [8] 01 00 22 34 01 00 3F AD 
BAT RX 0x323 [8] 20 0E 10 00 00 00 00 00 
BAT RX 0x324 [8] 02 43 30 37 00 00 00 00 
BAT RX 0x322 [8] 00 F3 00 CE 03 01 46 46 
BAT RX 0x320 [8] 50 41 C3 85 85 00 00 00 
BAT RX 0x319 [8] C0 0C F9 0C F7 0E 02 00 
BAT RX 0x318 [8] 0C F8 0C F8 0C F7 0C F7 
BAT RX 0x317 [8] 0C F9 0C F9 0C F8 0C F8 
BAT RX 0x316 [8] 0C F7 0C F7 0C F7 0C F7 
BAT RX 0x315 [8] 0C F9 0C F8 0C F8 0C F8 
BAT RX 0x314 [8] 40 10 5B 04 00 02 05 41 
BAT RX 0x313 [8] 14 BE 00 00 00 DF 46 63 
BAT RX 0x312 [8] 00 00 00 00 02 00 00 00 
BAT RX 0x311 [8] 02 38 08 24 08 24 01 61 
[194s] OK V=53.10V I=+0.0A T=22.3C SOC=70% SOH=99% | CVL=56.8V CCL=208.4A DCL=208.4A | chg=1 dis=1 fc1=0 fc2=0 | prot=0000 warn=0000 | packs=2 | inv0x305=no

---- battery-bus rate stats (VERBOSE_STATS) ----------------------------
  2828 frames, 195 s elapsed
  ID     count   period(ms)  (min-max gap)
  0x324     188   1013 (1-4867)
  0x329     190    995 (1-4866)
  0x330     193    979 (0-4000)
  0x312     188   1006 (1-4867)
  0x313     188   1006 (1-4867)
  0x314     188   1006 (1-4867)
  0x315     188   1006 (1-4867)
  0x316     188   1006 (1-4867)
  0x317     188   1006 (1-4867)
  0x318     188   1006 (1-4867)
  0x319     188   1006 (1-4867)
  0x320     188   1006 (1-4866)
  0x322     188   1006 (0-4867)
  0x311     188   1006 (1-4867)
  0x323     189   1000 (1-4866)
--------------------------------------------------------------------------

  TWAI: state=RUNNING  tx_err=0 rx_err=0  tx_failed=0  rx_missed=111 rx_overrun=0  arb_lost=0  bus_err=0
BAT RX 0x330 [8] 01 0E 01 01 0C F9 0C F7 
BAT RX 0x329 [8] 02 00 19 C0 02 00 40 48 
BAT RX 0x323 [8] 20 0E 10 00 00 00 00 00 
BAT RX 0x324 [8] 00 02 47 50 4A 30 32 31 
BAT RX 0x322 [8] 00 F3 00 CE 03 01 46 46 
BAT RX 0x320 [8] 50 41 C3 85 85 00 00 00 
BAT RX 0x319 [8] C0 0C F9 0C F7 0E 01 00 
BAT RX 0x318 [8] 0C F8 0C F7 0C F7 0C F7 
BAT RX 0x317 [8] 0C F9 0C F9 0C F8 0C F8 
BAT RX 0x316 [8] 0C F7 0C F7 0C F7 0C F7 
BAT RX 0x315 [8] 0C F9 0C F8 0C F8 0C F8 
BAT RX 0x314 [8] 40 10 5B 04 00 02 05 41 
BAT RX 0x313 [8] 14 BE 00 00 00 DF 46 63 
BAT RX 0x312 [8] 00 00 00 00 02 00 00 00 
BAT RX 0x311 [8] 02 38 08 24 08 24 01 61 
BAT RX 0x330 [8] 01 0F 01 02 0C F9 0C F7 
BAT RX 0x329 [8] 01 00 22 34 01 00 3F AD 
BAT RX 0x323 [8] 20 0E 10 00 00 00 00 00 
BAT RX 0x324 [8] 01 39 35 32 32 30 36 32 
BAT RX 0x322 [8] 00 F3 00 CE 03 01 46 46 
BAT RX 0x320 [8] 50 41 C3 85 85 00 00 00 
BAT RX 0x319 [8] C0 0C F9 0C F7 0F 02 00 
BAT RX 0x318 [8] 0C F8 0C F7 0C F7 0C F7 
BAT RX 0x317 [8] 0C F9 0C F8 0C F8 0C F8 
BAT RX 0x316 [8] 0C F7 0C F7 0C F7 0C F7 
BAT RX 0x315 [8] 0C F8 0C F8 0C F8 0C F8 
BAT RX 0x314 [8] 40 10 5B 04 00 02 05 41 
BAT RX 0x313 [8] 14 BE 00 00 00 DF 46 63 
BAT RX 0x312 [8] 00 00 00 00 02 00 00 00 
BAT RX 0x311 [8] 02 38 08 24 08 24 01 61 
[196s] OK V=53.10V I=+0.0A T=22.3C SOC=70% SOH=99% | CVL=56.8V CCL=208.4A DCL=208.4A | chg=1 dis=1 fc1=0 fc2=0 | prot=0000 warn=0000 | packs=2 | inv0x305=no
BAT RX 0x330 [8] 01 07 01 01 0C F9 0C F7 
BAT RX 0x329 [8] 02 00 19 C0 02 00 40 48 
BAT RX 0x323 [8] 20 0E 10 00 00 00 00 00 
BAT RX 0x324 [8] 02 42 42 37 00 00 00 00 
BAT RX 0x322 [8] 00 F3 00 CE 03 01 46 46 
BAT RX 0x320 [8] 50 41 C3 85 85 00 00 00 
BAT RX 0x319 [8] C0 0C F9 0C F7 07 01 00 
BAT RX 0x318 [8] 0C F8 0C F8 0C F7 0C F7 
BAT RX 0x317 [8] 0C F9 0C F9 0C F9 0C F8 
BAT RX 0x316 [8] 0C F8 0C F7 0C F7 0C F6 
BAT RX 0x315 [8] 0C F9 0C F9 0C F8 0C F8 
BAT RX 0x314 [8] 40 10 5B 04 00 03 05 41 
BAT RX 0x313 [8] 14 BE 00 00 00 DF 46 63 
BAT RX 0x312 [8] 00 00 00 00 02 00 00 00 
BAT RX 0x311 [8] 02 38 08 24 08 24 01 61 
BAT RX 0x330 [8] 01 07 01 03 0C F9 0C F7 
BAT RX 0x329 [8] 01 00 22 34 01 00 3F AD 
BAT RX 0x323 [8] 20 0E 10 00 00 00 00 00 
BAT RX 0x324 [8] 00 01 47 50 4A 30 32 31 
BAT RX 0x322 [8] 00 F3 00 CE 03 01 46 46 
BAT RX 0x320 [8] 50 41 C3 85 85 00 00 00 
BAT RX 0x319 [8] C0 0C F9 0C F7 07 03 00 
BAT RX 0x318 [8] 0C F8 0C F8 0C F8 0C F8 
BAT RX 0x317 [8] 0C F9 0C F9 0C F8 0C F8 
BAT RX 0x316 [8] 0C F7 0C F7 0C F7 0C F7 
BAT RX 0x315 [8] 0C F9 0C F9 0C F9 0C F8 
BAT RX 0x314 [8] 40 10 5B 04 00 02 05 41 
BAT RX 0x313 [8] 14 BE 00 00 00 DF 46 63 
BAT RX 0x312 [8] 00 00 00 00 02 00 00 00 
BAT RX 0x311 [8] 02 38 08 24 08 24 01 61 
[198s] OK V=53.10V I=+0.0A T=22.3C SOC=70% SOH=99% | CVL=56.8V CCL=208.4A DCL=208.4A | chg=1 dis=1 fc1=0 fc2=0 | prot=0000 warn=0000 | packs=2 | inv0x305=no
BAT RX 0x330 [8] 01 09 01 01 0C F9 0C F7 
BAT RX 0x329 [8] 02 00 19 C0 02 00 40 48 
BAT RX 0x323 [8] 20 0E 10 00 00 00 00 00 
BAT RX 0x324 [8] 01 39 35 32 32 30 36 32 
BAT RX 0x322 [8] 00 F3 00 CE 03 01 46 46 
BAT RX 0x320 [8] 50 41 C3 85 85 00 00 00 
BAT RX 0x319 [8] C0 0C F9 0C F7 09 01 00 
BAT RX 0x318 [8] 0C F8 0C F8 0C F7 0C F7 
BAT RX 0x317 [8] 0C F9 0C F9 0C F8 0C F8 
BAT RX 0x316 [8] 0C F7 0C F7 0C F7 0C F7 
BAT RX 0x315 [8] 0C F9 0C F8 0C F8 0C F8 
BAT RX 0x314 [8] 40 10 5B 04 00 02 05 41 
BAT RX 0x313 [8] 14 BE 00 00 00 DF 46 63 
BAT RX 0x312 [8] 00 00 00 00 02 00 00 00 
BAT RX 0x311 [8] 02 38 08 24 08 24 01 61 
BAT RX 0x330 [8] 01 09 01 02 0C F9 0C F6 
BAT RX 0x329 [8] 01 00 22 34 01 00 3F AD 
BAT RX 0x323 [8] 20 0E 10 00 00 00 00 00 
BAT RX 0x324 [8] 02 43 30 37 00 00 00 00 
BAT RX 0x322 [8] 00 F3 00 CE 03 01 46 46 
BAT RX 0x320 [8] 50 41 C3 85 85 00 00 00 
BAT RX 0x319 [8] C0 0C F9 0C F6 09 02 00 
BAT RX 0x318 [8] 0C F8 0C F8 0C F8 0C F7 
BAT RX 0x317 [8] 0C F9 0C F9 0C F9 0C F8 
BAT RX 0x316 [8] 0C F7 0C F7 0C F7 0C F6 
BAT RX 0x315 [8] 0C FA 0C F9 0C F9 0C F8 
BAT RX 0x314 [8] 40 10 5B 04 00 04 05 41 
BAT RX 0x313 [8] 14 BE 00 00 00 DF 46 63 
BAT RX 0x312 [8] 00 00 00 00 02 00 00 00 
BAT RX 0x311 [8] 02 38 08 24 08 24 01 61 
[200s] OK V=53.10V I=+0.0A T=22.3C SOC=70% SOH=99% | CVL=56.8V CCL=208.4A DCL=208.4A | chg=1 dis=1 fc1=0 fc2=0 | prot=0000 warn=0000 | packs=2 | inv0x305=no
BAT RX 0x330 [8] 01 0E 01 03 0C F9 0C F7 
BAT RX 0x329 [8] 02 00 19 C0 02 00 40 48 
BAT RX 0x323 [8] 20 0E 10 00 00 00 00 00 
BAT RX 0x324 [8] 00 02 47 50 4A 30 32 31 
BAT RX 0x322 [8] 00 F3 00 CE 03 01 46 46 
BAT RX 0x320 [8] 50 41 C3 85 85 00 00 00 
BAT RX 0x319 [8] C0 0C F9 0C F7 0E 03 00 
BAT RX 0x318 [8] 0C F8 0C F8 0C F7 0C F7 
BAT RX 0x317 [8] 0C F9 0C F9 0C F8 0C F8 
BAT RX 0x316 [8] 0C F7 0C F7 0C F7 0C F7 
BAT RX 0x315 [8] 0C F9 0C F9 0C F9 0C F9 
BAT RX 0x314 [8] 40 10 5B 04 00 02 05 41 
BAT RX 0x313 [8] 14 BE 00 00 00 DF 46 63 
BAT RX 0x312 [8] 00 00 00 00 02 00 00 00 
BAT RX 0x311 [8] 02 38 08 24 08 24 01 61 
BAT RX 0x330 [8] 01 0E 01 01 0C F9 0C F7 
BAT RX 0x329 [8] 01 00 22 34 01 00 3F AD 
BAT RX 0x323 [8] 20 0E 10 00 00 00 00 00 
BAT RX 0x324 [8] 01 39 35 32 32 30 36 32 
BAT RX 0x322 [8] 00 F3 00 CE 03 01 46 46 
BAT RX 0x320 [8] 50 41 C3 85 85 00 00 00 
BAT RX 0x319 [8] C0 0C F9 0C F7 0E 01 00 
BAT RX 0x318 [8] 0C F8 0C F8 0C F7 0C F7 
BAT RX 0x317 [8] 0C F9 0C F8 0C F8 0C F8 
BAT RX 0x316 [8] 0C F7 0C F7 0C F7 0C F7 
BAT RX 0x315 [8] 0C F9 0C F9 0C F9 0C F8 
BAT RX 0x314 [8] 40 10 5B 04 00 02 05 41 
BAT RX 0x313 [8] 14 BE 00 00 00 DF 46 63 
BAT RX 0x312 [8] 00 00 00 00 02 00 00 00 
BAT RX 0x311 [8] 02 38 08 24 08 24 01 61 
[202s] OK V=53.10V I=+0.0A T=22.3C SOC=70% SOH=99% | CVL=56.8V CCL=208.4A DCL=208.4A | chg=1 dis=1 fc1=0 fc2=0 | prot=0000 warn=0000 | packs=2 | inv0x305=no
BAT RX 0x330 [8] 01 10 01 01 0C F9 0C F7 
BAT RX 0x329 [8] 02 00 19 C0 02 00 40 48 
BAT RX 0x323 [8] 20 0E 10 00 00 00 00 00 
BAT RX 0x324 [8] 02 42 42 37 00 00 00 00 
BAT RX 0x322 [8] 00 F3 00 CE 03 01 46 46 
BAT RX 0x320 [8] 50 41 C3 85 85 00 00 00 
BAT RX 0x319 [8] C0 0C F9 0C F7 10 01 00 
BAT RX 0x318 [8] 0C F8 0C F8 0C F7 0C F7 
BAT RX 0x317 [8] 0C F9 0C F9 0C F9 0C F8 
BAT RX 0x316 [8] 0C F7 0C F7 0C F7 0C F7 
BAT RX 0x315 [8] 0C F9 0C F9 0C F9 0C F8 
BAT RX 0x314 [8] 40 10 5B 04 00 02 05 41 
BAT RX 0x313 [8] 14 BE 00 00 00 DF 46 63 
BAT RX 0x312 [8] 00 00 00 00 02 00 00 00 
BAT RX 0x311 [8] 02 38 08 24 08 24 01 61 
BAT RX 0x330 [8] 01 0D 01 01 0C F9 0C F7 
BAT RX 0x329 [8] 01 00 22 34 01 00 3F AD 
BAT RX 0x323 [8] 20 0E 10 00 00 00 00 00 
BAT RX 0x324 [8] 00 01 47 50 4A 30 32 31 
BAT RX 0x322 [8] 00 F3 00 CE 03 01 46 46 
BAT RX 0x320 [8] 50 41 C3 85 85 00 00 00 
BAT RX 0x319 [8] C0 0C F9 0C F7 0D 01 00 
BAT RX 0x318 [8] 0C F8 0C F8 0C F8 0C F8 
BAT RX 0x317 [8] 0C F9 0C F9 0C F9 0C F8 
BAT RX 0x316 [8] 0C F8 0C F8 0C F7 0C F7 
BAT RX 0x315 [8] 0C F8 0C F8 0C F8 0C F8 
BAT RX 0x314 [8] 40 10 5B 04 00 01 05 41 
BAT RX 0x313 [8] 14 BE 00 00 00 DF 46 63 
BAT RX 0x312 [8] 00 00 00 00 02 00 00 00 
BAT RX 0x311 [8] 02 38 08 24 08 24 01 61 
[204s] OK V=53.10V I=+0.0A T=22.3C SOC=70% SOH=99% | CVL=56.8V CCL=208.4A DCL=208.4A | chg=1 dis=1 fc1=0 fc2=0 | prot=0000 warn=0000 | packs=2 | inv0x305=no
BAT RX 0x330 [8] 01 07 01 01 0C F9 0C F7 
BAT RX 0x329 [8] 02 00 19 C0 02 00 40 48 
BAT RX 0x323 [8] 20 0E 10 00 00 00 00 00 
BAT RX 0x324 [8] 01 39 35 32 32 30 36 32 
BAT RX 0x322 [8] 00 F3 00 CE 03 01 46 46 
BAT RX 0x320 [8] 50 41 C3 85 85 00 00 00 
BAT RX 0x319 [8] C0 0C F9 0C F7 07 01 00 
BAT RX 0x318 [8] 0C F8 0C F8 0C F7 0C F7 
BAT RX 0x317 [8] 0C F9 0C F8 0C F8 0C F8 
BAT RX 0x316 [8] 0C F7 0C F7 0C F7 0C F7 
BAT RX 0x315 [8] 0C F9 0C F9 0C F9 0C F8 
BAT RX 0x314 [8] 40 10 5B 04 00 02 05 41 
BAT RX 0x313 [8] 14 BE 00 00 00 DF 46 63 
BAT RX 0x312 [8] 00 00 00 00 02 00 00 00 
BAT RX 0x311 [8] 02 38 08 24 08 24 01 61 
BAT RX 0x330 [8] 01 10 01 03 0C F9 0C F7 
BAT RX 0x329 [8] 01 00 22 34 01 00 3F AD 
BAT RX 0x323 [8] 20 0E 10 00 00 00 00 00 
BAT RX 0x324 [8] 02 43 30 37 00 00 00 00 
BAT RX 0x322 [8] 00 F3 00 CE 03 01 46 46 
BAT RX 0x320 [8] 50 41 C3 85 85 00 00 00 
BAT RX 0x319 [8] C0 0C F9 0C F7 10 03 00 
BAT RX 0x318 [8] 0C F8 0C F8 0C F7 0C F7 
BAT RX 0x317 [8] 0C F9 0C F9 0C F9 0C F8 
BAT RX 0x316 [8] 0C F7 0C F7 0C F7 0C F7 
BAT RX 0x315 [8] 0C F9 0C F8 0C F8 0C F8 
BAT RX 0x314 [8] 40 10 5B 04 00 02 05 41 
BAT RX 0x313 [8] 14 BE 00 00 00 DF 46 63 
BAT RX 0x312 [8] 00 00 00 00 02 00 00 00 
BAT RX 0x311 [8] 02 38 08 24 08 24 01 61 
[206s] OK V=53.10V I=+0.0A T=22.3C SOC=70% SOH=99% | CVL=56.8V CCL=208.4A DCL=208.4A | chg=1 dis=1 fc1=0 fc2=0 | prot=0000 warn=0000 | packs=2 | inv0x305=no
BAT RX 0x330 [8] 01 0E 01 01 0C FA 0C F7 
BAT RX 0x329 [8] 02 00 19 C0 02 00 40 48 
BAT RX 0x323 [8] 20 0E 10 00 00 00 00 00 
BAT RX 0x324 [8] 00 02 47 50 4A 30 32 31 
BAT RX 0x322 [8] 00 F3 00 CE 03 01 46 46 
BAT RX 0x320 [8] 50 41 C3 85 85 00 00 00 
BAT RX 0x319 [8] C0 0C FA 0C F7 0E 01 00 
BAT RX 0x318 [8] 0C F8 0C F8 0C F8 0C F7 
BAT RX 0x317 [8] 0C F9 0C F9 0C F9 0C F9 
BAT RX 0x316 [8] 0C F7 0C F7 0C F7 0C F7 
BAT RX 0x315 [8] 0C F9 0C F9 0C F8 0C F8 
BAT RX 0x314 [8] 40 10 5B 04 00 02 05 41 
BAT RX 0x313 [8] 14 BE 00 00 00 DF 46 63 
BAT RX 0x312 [8] 00 00 00 00 02 00 00 00 
BAT RX 0x311 [8] 02 38 08 24 08 24 01 61 
BAT RX 0x330 [8] 01 0E 01 03 0C F9 0C F7 
BAT RX 0x329 [8] 01 00 22 34 01 00 3F AD 
BAT RX 0x323 [8] 20 0E 10 00 00 00 00 00 
BAT RX 0x324 [8] 01 39 35 32 32 30 36 32 
BAT RX 0x322 [8] 00 F3 00 CE 03 01 46 46 
BAT RX 0x320 [8] 50 41 C3 85 85 00 00 00 
BAT RX 0x319 [8] C0 0C F9 0C F7 0E 03 00 
BAT RX 0x318 [8] 0C F8 0C F8 0C F8 0C F7 
BAT RX 0x317 [8] 0C F9 0C F9 0C F9 0C F8 
BAT RX 0x316 [8] 0C F7 0C F7 0C F7 0C F7 
BAT RX 0x315 [8] 0C F9 0C F9 0C F9 0C F8 
BAT RX 0x314 [8] 40 10 5B 04 00 02 05 41 
BAT RX 0x313 [8] 14 BE 00 00 00 DF 46 63 
BAT RX 0x312 [8] 00 00 00 00 02 00 00 00 
BAT RX 0x311 [8] 02 38 08 24 08 24 01 61 
[208s] OK V=53.10V I=+0.0A T=22.3C SOC=70% SOH=99% | CVL=56.8V CCL=208.4A DCL=208.4A | chg=1 dis=1 fc1=0 fc2=0 | prot=0000 warn=0000 | packs=2 | inv0x305=no
BAT RX 0x330 [8] 02 0D 01 02 0C FA 0C F7 
BAT RX 0x329 [8] 02 00 19 C0 02 00 40 48 
BAT RX 0x323 [8] 20 0E 10 00 00 00 00 00 
BAT RX 0x324 [8] 02 42 42 37 00 00 00 00 
BAT RX 0x322 [8] 00 F3 00 CE 03 01 46 46 
BAT RX 0x320 [8] 50 41 C3 85 85 00 00 00 
BAT RX 0x319 [8] C0 0C FA 0C F7 1D 02 00 
BAT RX 0x318 [8] 0C F8 0C F8 0C F8 0C F7 
BAT RX 0x317 [8] 0C FA 0C F9 0C F9 0C F9 
BAT RX 0x316 [8] 0C F7 0C F7 0C F6 0C F6 
BAT RX 0x315 [8] 0C FA 0C F9 0C F8 0C F8 
BAT RX 0x314 [8] 40 10 5B 04 00 04 05 41 
BAT RX 0x313 [8] 14 BE 00 00 00 DF 46 63 
BAT RX 0x312 [8] 00 00 00 00 02 00 00 00 
BAT RX 0x311 [8] 02 38 08 24 08 24 01 61 

---- battery-bus rate stats (VERBOSE_STATS) ----------------------------
  3053 frames, 210 s elapsed
  ID     count   period(ms)  (min-max gap)
  0x324     203   1012 (1-4867)
  0x329     205    995 (1-4866)
  0x330     208    981 (0-4000)
  0x312     203   1005 (1-4867)
  0x313     203   1005 (1-4867)
  0x314     203   1005 (1-4867)
  0x315     203   1005 (1-4867)
  0x316     203   1005 (1-4867)
  0x317     203   1005 (1-4867)
  0x318     203   1005 (1-4867)
  0x319     203   1005 (1-4867)
  0x320     203   1005 (1-4866)
  0x322     203   1005 (0-4867)
  0x311     203   1006 (1-4867)
  0x323     204   1000 (1-4866)
--------------------------------------------------------------------------

  TWAI: state=RUNNING  tx_err=0 rx_err=0  tx_failed=0  rx_missed=111 rx_overrun=0  arb_lost=0  bus_err=0
BAT RX 0x330 [8] 01 05 01 02 0C F9 0C F7 
BAT RX 0x329 [8] 01 00 22 34 01 00 3F AD 
BAT RX 0x323 [8] 20 0E 10 00 00 00 00 00 
BAT RX 0x324 [8] 00 01 47 50 4A 30 32 31 
BAT RX 0x322 [8] 00 F3 00 CE 03 01 46 46 
BAT RX 0x320 [8] 50 41 C3 85 85 00 00 00 
BAT RX 0x319 [8] C0 0C F9 0C F7 05 02 00 
BAT RX 0x318 [8] 0C F8 0C F8 0C F8 0C F7 
BAT RX 0x317 [8] 0C F9 0C F9 0C F8 0C F8 
BAT RX 0x316 [8] 0C F8 0C F8 0C F7 0C F7 
BAT RX 0x315 [8] 0C F9 0C F9 0C F8 0C F8 
BAT RX 0x314 [8] 40 10 5B 04 00 02 05 41 
BAT RX 0x313 [8] 14 BE 00 00 00 DF 46 63 
BAT RX 0x312 [8] 00 00 00 00 02 00 00 00 
BAT RX 0x311 [8] 02 38 08 24 08 24 01 61 
[210s] OK V=53.10V I=+0.0A T=22.3C SOC=70% SOH=99% | CVL=56.8V CCL=208.4A DCL=208.4A | chg=1 dis=1 fc1=0 fc2=0 | prot=0000 warn=0000 | packs=2 | inv0x305=no
BAT RX 0x330 [8] 01 08 01 01 0C F9 0C F7 
BAT RX 0x329 [8] 02 00 19 C0 02 00 40 48 
BAT RX 0x323 [8] 20 0E 10 00 00 00 00 00 
BAT RX 0x324 [8] 01 39 35 32 32 30 36 32 
BAT RX 0x322 [8] 00 F3 00 CE 03 01 46 46 
BAT RX 0x320 [8] 50 41 C3 85 85 00 00 00 
BAT RX 0x319 [8] C0 0C F9 0C F7 08 01 00 
BAT RX 0x318 [8] 0C F8 0C F8 0C F8 0C F7 
BAT RX 0x317 [8] 0C F9 0C F9 0C F9 0C F9 
BAT RX 0x316 [8] 0C F7 0C F7 0C F7 0C F7 
BAT RX 0x315 [8] 0C F9 0C F9 0C F9 0C F9 
BAT RX 0x314 [8] 40 10 5B 04 00 02 05 41 
BAT RX 0x313 [8] 14 BE 00 00 00 DF 46 63 
BAT RX 0x312 [8] 00 00 00 00 02 00 00 00 
BAT RX 0x311 [8] 02 38 08 24 08 24 01 61 
BAT RX 0x330 [8] 01 0C 01 01 0C F9 0C F7 
BAT RX 0x329 [8] 01 00 22 34 01 00 3F AD 
BAT RX 0x323 [8] 20 0E 10 00 00 00 00 00 
BAT RX 0x324 [8] 02 43 30 37 00 00 00 00 
BAT RX 0x322 [8] 00 F3 00 CE 03 01 46 46 
BAT RX 0x320 [8] 50 41 C3 85 85 00 00 00 
BAT RX 0x319 [8] C0 0C F9 0C F7 0C 01 00 
BAT RX 0x318 [8] 0C F8 0C F8 0C F8 0C F7 
BAT RX 0x317 [8] 0C F9 0C F9 0C F8 0C F8 
BAT RX 0x316 [8] 0C F8 0C F7 0C F7 0C F7 
BAT RX 0x315 [8] 0C F9 0C F9 0C F8 0C F8 
BAT RX 0x314 [8] 40 10 5B 04 00 02 05 41 
BAT RX 0x313 [8] 14 BE 00 00 00 DF 46 63 
BAT RX 0x312 [8] 00 00 00 00 02 00 00 00 
BAT RX 0x311 [8] 02 38 08 24 08 24 01 61 
[212s] OK V=53.10V I=+0.0A T=22.3C SOC=70% SOH=99% | CVL=56.8V CCL=208.4A DCL=208.4A | chg=1 dis=1 fc1=0 fc2=0 | prot=0000 warn=0000 | packs=2 | inv0x305=no
BAT RX 0x330 [8] 01 09 01 02 0C F9 0C F7 
BAT RX 0x329 [8] 02 00 19 C0 02 00 40 48 
BAT RX 0x323 [8] 20 0E 10 00 00 00 00 00 
BAT RX 0x324 [8] 00 02 47 50 4A 30 32 31 
BAT RX 0x322 [8] 00 F3 00 CE 03 01 46 46 
BAT RX 0x320 [8] 50 41 C3 85 85 00 00 00 
BAT RX 0x319 [8] C0 0C F9 0C F7 09 02 00 
BAT RX 0x318 [8] 0C F8 0C F8 0C F8 0C F8 
BAT RX 0x317 [8] 0C F9 0C F9 0C F9 0C F9 
BAT RX 0x316 [8] 0C F7 0C F7 0C F7 0C F7 
BAT RX 0x315 [8] 0C F9 0C F9 0C F9 0C F8 
BAT RX 0x314 [8] 40 10 5B 04 00 02 05 41 
BAT RX 0x313 [8] 14 BE 00 00 00 DF 46 63 
BAT RX 0x312 [8] 00 00 00 00 02 00 00 00 
BAT RX 0x311 [8] 02 38 08 24 08 24 01 61 
BAT RX 0x330 [8] 02 0D 01 01 0C FA 0C F7 
BAT RX 0x329 [8] 01 00 22 34 01 00 3F AD 
BAT RX 0x323 [8] 20 0E 10 00 00 00 00 00 
BAT RX 0x324 [8] 01 39 35 32 32 30 36 32 
BAT RX 0x322 [8] 00 F3 00 CE 03 01 46 46 
BAT RX 0x320 [8] 50 41 C3 85 85 00 00 00 
BAT RX 0x319 [8] C0 0C FA 0C F7 1D 01 00 
BAT RX 0x318 [8] 0C F8 0C F8 0C F8 0C F8 
BAT RX 0x317 [8] 0C FA 0C F9 0C F9 0C F8 
BAT RX 0x316 [8] 0C F8 0C F8 0C F8 0C F7 
BAT RX 0x315 [8] 0C F9 0C F8 0C F8 0C F8 
BAT RX 0x314 [8] 40 10 5B 04 00 02 05 41 
BAT RX 0x313 [8] 14 BE 00 00 00 DF 46 63 
BAT RX 0x312 [8] 00 00 00 00 02 00 00 00 
BAT RX 0x311 [8] 02 38 08 24 08 24 01 61 
[214s] OK V=53.10V I=+0.0A T=22.3C SOC=70% SOH=99% | CVL=56.8V CCL=208.4A DCL=208.4A | chg=1 dis=1 fc1=0 fc2=0 | prot=0000 warn=0000 | packs=2 | inv0x305=no
BAT RX 0x330 [8] 01 0E 01 02 0C F9 0C F7 
BAT RX 0x329 [8] 02 00 19 C0 02 00 40 48 
BAT RX 0x323 [8] 20 0E 10 00 00 00 00 00 
BAT RX 0x324 [8] 02 42 42 37 00 00 00 00 
BAT RX 0x322 [8] 00 F3 00 CE 03 01 46 46 
BAT RX 0x320 [8] 50 41 C3 85 85 00 00 00 
BAT RX 0x319 [8] C0 0C F9 0C F7 0E 02 00 
BAT RX 0x318 [8] 0C F8 0C F8 0C F8 0C F7 
BAT RX 0x317 [8] 0C F9 0C F9 0C F9 0C F8 
BAT RX 0x316 [8] 0C F8 0C F8 0C F7 0C F7 
BAT RX 0x315 [8] 0C F9 0C F9 0C F9 0C F8 
BAT RX 0x314 [8] 40 10 5B 04 00 02 05 41 
BAT RX 0x313 [8] 14 BE 00 00 00 DF 46 63 
BAT RX 0x312 [8] 00 00 00 00 02 00 00 00 
BAT RX 0x311 [8] 02 38 08 24 08 24 01 61 
BAT RX 0x330 [8] 01 0E 01 02 0C F9 0C F7 
BAT RX 0x329 [8] 01 00 22 34 01 00 3F AD 
BAT RX 0x323 [8] 20 0E 10 00 00 00 00 00 
BAT RX 0x324 [8] 00 01 47 50 4A 30 32 31 
BAT RX 0x322 [8] 00 F3 00 CE 03 01 46 46 
BAT RX 0x320 [8] 50 41 C3 85 85 00 00 00 
BAT RX 0x319 [8] C0 0C F9 0C F7 0E 02 00 
BAT RX 0x318 [8] 0C F8 0C F8 0C F7 0C F7 
BAT RX 0x317 [8] 0C F9 0C F9 0C F9 0C F8 
BAT RX 0x316 [8] 0C F8 0C F7 0C F7 0C F7 
BAT RX 0x315 [8] 0C F9 0C F9 0C F8 0C F8 
BAT RX 0x314 [8] 40 10 5B 04 00 02 05 41 
BAT RX 0x313 [8] 14 BE 00 00 00 DF 46 63 
BAT RX 0x312 [8] 00 00 00 00 02 00 00 00 
BAT RX 0x311 [8] 02 38 08 24 08 24 01 61 
[216s] OK V=53.10V I=+0.0A T=22.3C SOC=70% SOH=99% | CVL=56.8V CCL=208.4A DCL=208.4A | chg=1 dis=1 fc1=0 fc2=0 | prot=0000 warn=0000 | packs=2 | inv0x305=no
BAT RX 0x330 [8] 01 0B 01 02 0C F9 0C F7 
BAT RX 0x329 [8] 02 00 19 C0 02 00 40 48 
BAT RX 0x323 [8] 20 0E 10 00 00 00 00 00 
BAT RX 0x324 [8] 01 39 35 32 32 30 36 32 
BAT RX 0x322 [8] 00 F3 00 CE 03 01 46 46 
BAT RX 0x320 [8] 50 41 C3 85 85 00 00 00 
BAT RX 0x319 [8] C0 0C F9 0C F7 0B 02 00 
BAT RX 0x318 [8] 0C F8 0C F8 0C F8 0C F7 
BAT RX 0x317 [8] 0C F9 0C F9 0C F9 0C F9 
BAT RX 0x316 [8] 0C F8 0C F8 0C F7 0C F7 
BAT RX 0x315 [8] 0C F9 0C F9 0C F9 0C F9 
BAT RX 0x314 [8] 40 10 5B 04 00 02 05 41 
BAT RX 0x313 [8] 14 BE 00 00 00 DF 46 63 
BAT RX 0x312 [8] 00 00 00 00 02 00 00 00 
BAT RX 0x311 [8] 02 38 08 24 08 24 01 61 
BAT RX 0x330 [8] 01 07 01 03 0C F9 0C F7 
BAT RX 0x329 [8] 01 00 22 34 01 00 3F AD 
BAT RX 0x323 [8] 20 0E 10 00 00 00 00 00 
BAT RX 0x324 [8] 02 43 30 37 00 00 00 00 
BAT RX 0x322 [8] 00 F3 00 CE 03 01 46 46 
BAT RX 0x320 [8] 50 41 C3 85 85 00 00 00 
BAT RX 0x319 [8] C0 0C F9 0C F7 07 03 00 
BAT RX 0x318 [8] 0C F8 0C F8 0C F8 0C F7 
BAT RX 0x317 [8] 0C F9 0C F9 0C F8 0C F8 
BAT RX 0x316 [8] 0C F8 0C F8 0C F7 0C F7 
BAT RX 0x315 [8] 0C F9 0C F9 0C F9 0C F9 
BAT RX 0x314 [8] 40 10 5B 04 00 02 05 41 
BAT RX 0x313 [8] 14 BE 00 00 00 DF 46 63 
BAT RX 0x312 [8] 00 00 00 00 02 00 00 00 
BAT RX 0x311 [8] 02 38 08 24 08 24 01 61 
[218s] OK V=53.10V I=+0.0A T=22.3C SOC=70% SOH=99% | CVL=56.8V CCL=208.4A DCL=208.4A | chg=1 dis=1 fc1=0 fc2=0 | prot=0000 warn=0000 | packs=2 | inv0x305=no
BAT RX 0x330 [8] 01 0E 01 01 0C F9 0C F7 
BAT RX 0x329 [8] 02 00 19 C0 02 00 40 48 
BAT RX 0x323 [8] 20 0E 10 00 00 00 00 00 
BAT RX 0x324 [8] 00 02 47 50 4A 30 32 31 
BAT RX 0x322 [8] 00 F3 00 CE 03 01 46 46 
BAT RX 0x320 [8] 50 41 C3 85 85 00 00 00 
BAT RX 0x319 [8] C0 0C F9 0C F7 0E 01 00 
BAT RX 0x318 [8] 0C F8 0C F8 0C F8 0C F8 
BAT RX 0x317 [8] 0C F9 0C F9 0C F9 0C F8 
BAT RX 0x316 [8] 0C F8 0C F8 0C F7 0C F7 
BAT RX 0x315 [8] 0C F9 0C F9 0C F8 0C F8 
BAT RX 0x314 [8] 40 10 5B 04 00 02 05 41 
BAT RX 0x313 [8] 14 BE 00 00 00 DF 46 63 
BAT RX 0x312 [8] 00 00 00 00 02 00 00 00 
BAT RX 0x311 [8] 02 38 08 24 08 24 01 61 
BAT RX 0x330 [8] 01 0E 01 02 0C F9 0C F7 
BAT RX 0x329 [8] 01 00 22 34 01 00 3F AD 
BAT RX 0x323 [8] 20 0E 10 00 00 00 00 00 
BAT RX 0x324 [8] 01 39 35 32 32 30 36 32 
BAT RX 0x322 [8] 00 F3 00 CE 03 01 46 46 
BAT RX 0x320 [8] 50 41 C3 85 85 00 00 00 
BAT RX 0x319 [8] C0 0C F9 0C F7 0E 02 00 
BAT RX 0x318 [8] 0C F8 0C F8 0C F8 0C F7 
BAT RX 0x317 [8] 0C F9 0C F9 0C F9 0C F9 
BAT RX 0x316 [8] 0C F8 0C F8 0C F8 0C F7 
BAT RX 0x315 [8] 0C F9 0C F9 0C F8 0C F8 
BAT RX 0x314 [8] 40 10 5B 04 00 02 05 41 
BAT RX 0x313 [8] 14 BE 00 00 00 DF 46 63 
BAT RX 0x312 [8] 00 00 00 00 02 00 00 00 
BAT RX 0x311 [8] 02 38 08 24 08 24 01 61 
[220s] OK V=53.10V I=+0.0A T=22.3C SOC=70% SOH=99% | CVL=56.8V CCL=208.4A DCL=208.4A | chg=1 dis=1 fc1=0 fc2=0 | prot=0000 warn=0000 | packs=2 | inv0x305=no
BAT RX 0x330 [8] 01 07 01 03 0C F9 0C F7 
BAT RX 0x329 [8] 02 00 19 C0 02 00 40 48 
BAT RX 0x323 [8] 20 0E 10 00 00 00 00 00 
BAT RX 0x324 [8] 02 42 42 37 00 00 00 00 
BAT RX 0x322 [8] 00 F3 00 CE 03 01 46 46 
BAT RX 0x320 [8] 50 41 C3 85 85 00 00 00 
BAT RX 0x319 [8] C0 0C F9 0C F7 07 03 00 
BAT RX 0x318 [8] 0C F8 0C F8 0C F7 0C F7 
BAT RX 0x317 [8] 0C F9 0C F9 0C F9 0C F9 
BAT RX 0x316 [8] 0C F8 0C F8 0C F8 0C F8 
BAT RX 0x315 [8] 0C F9 0C F9 0C F9 0C F9 
BAT RX 0x314 [8] 40 10 5B 04 00 02 05 41 
BAT RX 0x313 [8] 14 BE 00 00 00 DF 46 63 
BAT RX 0x312 [8] 00 00 00 00 02 00 00 00 
BAT RX 0x311 [8] 02 38 08 24 08 24 01 61 
BAT RX 0x330 [8] 02 0D 01 04 0C FA 0C F7 
BAT RX 0x329 [8] 01 00 22 34 01 00 3F AD 
BAT RX 0x323 [8] 20 0E 10 00 00 00 00 00 
BAT RX 0x324 [8] 00 01 47 50 4A 30 32 31 
BAT RX 0x322 [8] 00 F3 00 CE 03 01 46 46 
BAT RX 0x320 [8] 50 41 C3 85 85 00 00 00 
BAT RX 0x319 [8] C0 0C FA 0C F7 1D 04 00 
BAT RX 0x318 [8] 0C F8 0C F8 0C F8 0C F7 
BAT RX 0x317 [8] 0C FA 0C F9 0C F9 0C F9 
BAT RX 0x316 [8] 0C F8 0C F8 0C F8 0C F7 
BAT RX 0x315 [8] 0C F9 0C F9 0C F8 0C F8 
BAT RX 0x314 [8] 40 10 5B 04 00 03 05 41 
BAT RX 0x313 [8] 14 BE 00 00 00 DF 46 63 
BAT RX 0x312 [8] 00 00 00 00 02 00 00 00 
BAT RX 0x311 [8] 02 38 08 24 08 24 01 61 
[222s] OK V=53.10V I=+0.0A T=22.3C SOC=70% SOH=99% | CVL=56.8V CCL=208.4A DCL=208.4A | chg=1 dis=1 fc1=0 fc2=0 | prot=0000 warn=0000 | packs=2 | inv0x305=no
BAT RX 0x330 [8] 01 07 01 03 0C F9 0C F7 
BAT RX 0x329 [8] 02 00 19 C0 02 00 40 48 
BAT RX 0x323 [8] 20 0E 10 00 00 00 00 00 
BAT RX 0x324 [8] 01 39 35 32 32 30 36 32 
BAT RX 0x322 [8] 00 F3 00 CE 03 01 46 46 
BAT RX 0x320 [8] 50 41 C3 85 85 00 00 00 
BAT RX 0x319 [8] C0 0C F9 0C F7 07 03 00 
BAT RX 0x318 [8] 0C F8 0C F8 0C F8 0C F8 
BAT RX 0x317 [8] 0C F9 0C F9 0C F9 0C F9 
BAT RX 0x316 [8] 0C F8 0C F8 0C F7 0C F7 
BAT RX 0x315 [8] 0C F9 0C F9 0C F9 0C F8 
BAT RX 0x314 [8] 40 10 5B 04 00 02 05 41 
BAT RX 0x313 [8] 14 BE 00 00 00 DF 46 63 
BAT RX 0x312 [8] 00 00 00 00 02 00 00 00 
BAT RX 0x311 [8] 02 38 08 24 08 24 01 61 
BAT RX 0x330 [8] 01 0D 01 01 0C F9 0C F7 
BAT RX 0x329 [8] 01 00 22 34 01 00 3F AD 
BAT RX 0x323 [8] 20 0E 10 00 00 00 00 00 
BAT RX 0x324 [8] 02 43 30 37 00 00 00 00 
BAT RX 0x322 [8] 00 F3 00 CE 03 01 46 46 
BAT RX 0x320 [8] 50 41 C3 85 85 00 00 00 
BAT RX 0x319 [8] C0 0C F9 0C F7 0D 01 00 
BAT RX 0x318 [8] 0C F8 0C F8 0C F8 0C F8 
BAT RX 0x317 [8] 0C F9 0C F9 0C F9 0C F9 
BAT RX 0x316 [8] 0C F8 0C F8 0C F8 0C F7 
BAT RX 0x315 [8] 0C F9 0C F9 0C F9 0C F9 
BAT RX 0x314 [8] 40 10 5B 04 00 02 05 41 
BAT RX 0x313 [8] 14 BE 00 00 00 DF 46 63 
BAT RX 0x312 [8] 00 00 00 00 02 00 00 00 
BAT RX 0x311 [8] 02 38 08 24 08 24 01 61 
[224s] OK V=53.10V I=+0.0A T=22.3C SOC=70% SOH=99% | CVL=56.8V CCL=208.4A DCL=208.4A | chg=1 dis=1 fc1=0 fc2=0 | prot=0000 warn=0000 | packs=2 | inv0x305=no

---- battery-bus rate stats (VERBOSE_STATS) ----------------------------
  3278 frames, 225 s elapsed
  ID     count   period(ms)  (min-max gap)
  0x324     218   1011 (1-4867)
  0x329     220    995 (1-4866)
  0x330     223    982 (0-4000)
  0x312     218   1005 (1-4867)
  0x313     218   1005 (1-4867)
  0x314     218   1005 (1-4867)
  0x315     218   1005 (1-4867)
  0x316     218   1005 (1-4867)
  0x317     218   1005 (1-4867)
  0x318     218   1005 (1-4867)
  0x319     218   1005 (1-4867)
  0x320     218   1005 (1-4866)
  0x322     218   1005 (0-4867)
  0x311     218   1005 (1-4867)
  0x323     219   1000 (1-4866)
--------------------------------------------------------------------------

  TWAI: state=RUNNING  tx_err=0 rx_err=0  tx_failed=0  rx_missed=111 rx_overrun=0  arb_lost=0  bus_err=0
BAT RX 0x330 [8] 01 09 01 01 0C F9 0C F7 
BAT RX 0x329 [8] 02 00 19 C0 02 00 40 48 
BAT RX 0x323 [8] 20 0E 10 00 00 00 00 00 
BAT RX 0x324 [8] 00 02 47 50 4A 30 32 31 
BAT RX 0x322 [8] 00 F3 00 CE 03 01 46 46 
BAT RX 0x320 [8] 50 41 C3 85 85 00 00 00 
BAT RX 0x319 [8] C0 0C F9 0C F7 09 01 00 
BAT RX 0x318 [8] 0C F8 0C F8 0C F7 0C F7 
BAT RX 0x317 [8] 0C F9 0C F9 0C F9 0C F9 
BAT RX 0x316 [8] 0C F8 0C F8 0C F7 0C F7 
BAT RX 0x315 [8] 0C F9 0C F9 0C F9 0C F8 
BAT RX 0x314 [8] 40 10 5B 04 00 02 05 41 
BAT RX 0x313 [8] 14 BE 00 00 00 DF 46 63 
BAT RX 0x312 [8] 00 00 00 00 02 00 00 00 
BAT RX 0x311 [8] 02 38 08 24 08 24 01 61 
BAT RX 0x330 [8] 01 07 01 03 0C F9 0C F7 
BAT RX 0x329 [8] 01 00 22 34 01 00 3F AD 
BAT RX 0x323 [8] 20 0E 10 00 00 00 00 00 
BAT RX 0x324 [8] 01 39 35 32 32 30 36 32 
BAT RX 0x322 [8] 00 F3 00 CE 03 01 46 46 
BAT RX 0x320 [8] 50 41 C3 85 85 00 00 00 
BAT RX 0x319 [8] C0 0C F9 0C F7 07 03 00 
BAT RX 0x318 [8] 0C F8 0C F8 0C F8 0C F8 
BAT RX 0x317 [8] 0C F9 0C F9 0C F9 0C F8 
BAT RX 0x316 [8] 0C F8 0C F7 0C F7 0C F7 
BAT RX 0x315 [8] 0C F9 0C F9 0C F9 0C F9 
BAT RX 0x314 [8] 40 10 5B 04 00 02 05 41 
BAT RX 0x313 [8] 14 BE 00 00 00 DF 46 63 
BAT RX 0x312 [8] 00 00 00 00 02 00 00 00 
BAT RX 0x311 [8] 02 38 08 24 08 24 01 61 
[226s] OK V=53.10V I=+0.0A T=22.3C SOC=70% SOH=99% | CVL=56.8V CCL=208.4A DCL=208.4A | chg=1 dis=1 fc1=0 fc2=0 | prot=0000 warn=0000 | packs=2 | inv0x305=no
BAT RX 0x330 [8] 01 09 01 01 0C F9 0C F8 
BAT RX 0x329 [8] 02 00 19 C0 02 00 40 48 
BAT RX 0x323 [8] 20 0E 10 00 00 00 00 00 
BAT RX 0x324 [8] 02 42 42 37 00 00 00 00 
BAT RX 0x322 [8] 00 F3 00 CE 03 01 46 46 
BAT RX 0x320 [8] 50 41 C3 85 85 00 00 00 
BAT RX 0x319 [8] C0 0C F9 0C F8 09 01 00 
BAT RX 0x318 [8] 0C F8 0C F8 0C F8 0C F8 
BAT RX 0x317 [8] 0C F9 0C F9 0C F9 0C F9 
BAT RX 0x316 [8] 0C F8 0C F8 0C F7 0C F7 
BAT RX 0x315 [8] 0C F9 0C F9 0C F9 0C F9 
BAT RX 0x314 [8] 40 10 5B 04 00 02 05 41 
BAT RX 0x313 [8] 14 BE 00 00 00 DF 46 63 
BAT RX 0x312 [8] 00 00 00 00 02 00 00 00 
BAT RX 0x311 [8] 02 38 08 24 08 24 01 61 
BAT RX 0x330 [8] 01 07 01 01 0C F9 0C F7 
BAT RX 0x329 [8] 01 00 22 34 01 00 3F AD 
BAT RX 0x323 [8] 20 0E 10 00 00 00 00 00 
BAT RX 0x324 [8] 00 01 47 50 4A 30 32 31 
BAT RX 0x322 [8] 00 F3 00 CE 03 01 46 46 
BAT RX 0x320 [8] 50 41 C3 85 85 00 00 00 
BAT RX 0x319 [8] C0 0C F9 0C F7 07 01 00 
BAT RX 0x318 [8] 0C F8 0C F8 0C F8 0C F7 
BAT RX 0x317 [8] 0C F9 0C F9 0C F9 0C F9 
BAT RX 0x316 [8] 0C F8 0C F8 0C F8 0C F8 
BAT RX 0x315 [8] 0C F9 0C F9 0C F9 0C F9 
BAT RX 0x314 [8] 40 10 5B 04 00 02 05 41 
BAT RX 0x313 [8] 14 BE 00 00 00 DF 46 63 
BAT RX 0x312 [8] 00 00 00 00 02 00 00 00 
BAT RX 0x311 [8] 02 38 08 24 08 24 01 61 
[228s] OK V=53.10V I=+0.0A T=22.3C SOC=70% SOH=99% | CVL=56.8V CCL=208.4A DCL=208.4A | chg=1 dis=1 fc1=0 fc2=0 | prot=0000 warn=0000 | packs=2 | inv0x305=no
BAT RX 0x330 [8] 01 07 01 01 0C F9 0C F8 
BAT RX 0x329 [8] 02 00 19 C0 02 00 40 48 
BAT RX 0x323 [8] 20 0E 10 00 00 00 00 00 
BAT RX 0x324 [8] 01 39 35 32 32 30 36 32 
BAT RX 0x322 [8] 00 F3 00 CE 03 01 46 46 
BAT RX 0x320 [8] 50 41 C3 85 85 00 00 00 
BAT RX 0x319 [8] C0 0C F9 0C F8 07 01 00 
BAT RX 0x318 [8] 0C F8 0C F8 0C F8 0C F8 
BAT RX 0x317 [8] 0C F9 0C F9 0C F9 0C F9 
BAT RX 0x316 [8] 0C F8 0C F8 0C F8 0C F7 
BAT RX 0x315 [8] 0C F9 0C F9 0C F9 0C F9 
BAT RX 0x314 [8] 40 10 5B 04 00 02 05 41 
BAT RX 0x313 [8] 14 BE 00 00 00 DF 46 63 
BAT RX 0x312 [8] 00 00 00 00 02 00 00 00 
BAT RX 0x311 [8] 02 38 08 24 08 24 01 61 
BAT RX 0x330 [8] 01 0D 01 03 0C F9 0C F7 
BAT RX 0x329 [8] 01 00 22 34 01 00 3F AD 
BAT RX 0x323 [8] 20 0E 10 00 00 00 00 00 
BAT RX 0x324 [8] 02 43 30 37 00 00 00 00 
BAT RX 0x322 [8] 00 F3 00 CE 03 01 46 46 
BAT RX 0x320 [8] 50 41 C3 85 85 00 00 00 
BAT RX 0x319 [8] C0 0C F9 0C F7 0D 03 00 
BAT RX 0x318 [8] 0C F8 0C F8 0C F8 0C F8 
BAT RX 0x317 [8] 0C F9 0C F9 0C F9 0C F9 
BAT RX 0x316 [8] 0C F8 0C F8 0C F8 0C F7 
BAT RX 0x315 [8] 0C F9 0C F9 0C F9 0C F9 
BAT RX 0x314 [8] 40 10 5B 04 00 02 05 41 
BAT RX 0x313 [8] 14 BE 00 00 00 DF 46 63 
BAT RX 0x312 [8] 00 00 00 00 02 00 00 00 
BAT RX 0x311 [8] 02 38 08 24 08 24 01 61 
[230s] OK V=53.10V I=+0.0A T=22.3C SOC=70% SOH=99% | CVL=56.8V CCL=208.4A DCL=208.4A | chg=1 dis=1 fc1=0 fc2=0 | prot=0000 warn=0000 | packs=2 | inv0x305=no
BAT RX 0x330 [8] 01 07 01 0A 0C F9 0C F7 
BAT RX 0x329 [8] 02 00 19 C0 02 00 40 48 
BAT RX 0x323 [8] 20 0E 10 00 00 00 00 00 
BAT RX 0x324 [8] 00 02 47 50 4A 30 32 31 
BAT RX 0x322 [8] 00 F3 00 CE 03 01 46 46 
BAT RX 0x320 [8] 50 41 C3 85 85 00 00 00 
BAT RX 0x319 [8] C0 0C F9 0C F7 07 0A 00 
BAT RX 0x318 [8] 0C F8 0C F8 0C F7 0C F7 
BAT RX 0x317 [8] 0C F9 0C F9 0C F9 0C F9 
BAT RX 0x316 [8] 0C F8 0C F8 0C F7 0C F7 
BAT RX 0x315 [8] 0C F9 0C F9 0C F9 0C F8 
BAT RX 0x314 [8] 40 10 5B 04 00 02 05 41 
BAT RX 0x313 [8] 14 BE 00 00 00 DF 46 63 
BAT RX 0x312 [8] 00 00 00 00 02 00 00 00 
BAT RX 0x311 [8] 02 38 08 24 08 24 01 61 
BAT RX 0x330 [8] 01 07 01 01 0C F9 0C F8 
BAT RX 0x329 [8] 01 00 22 34 01 00 3F AD 
BAT RX 0x323 [8] 20 0E 10 00 00 00 00 00 
BAT RX 0x324 [8] 01 39 35 32 32 30 36 32 
BAT RX 0x322 [8] 00 F3 00 CE 03 01 46 46 
BAT RX 0x320 [8] 50 41 C3 85 85 00 00 00 
BAT RX 0x319 [8] C0 0C F9 0C F8 07 01 00 
BAT RX 0x318 [8] 0C F8 0C F8 0C F8 0C F8 
BAT RX 0x317 [8] 0C F9 0C F9 0C F9 0C F9 
BAT RX 0x316 [8] 0C F8 0C F8 0C F8 0C F8 
BAT RX 0x315 [8] 0C F9 0C F9 0C F9 0C F9 
BAT RX 0x314 [8] 40 10 5B 04 00 01 05 41 
BAT RX 0x313 [8] 14 BE 00 00 00 DF 46 63 
BAT RX 0x312 [8] 00 00 00 00 02 00 00 00 
BAT RX 0x311 [8] 02 38 08 24 08 24 01 61 
[232s] OK V=53.10V I=+0.0A T=22.3C SOC=70% SOH=99% | CVL=56.8V CCL=208.4A DCL=208.4A | chg=1 dis=1 fc1=0 fc2=0 | prot=0000 warn=0000 | packs=2 | inv0x305=no
BAT RX 0x330 [8] 01 07 01 01 0C F9 0C F7 
BAT RX 0x329 [8] 02 00 19 C0 02 00 40 48 
BAT RX 0x323 [8] 20 0E 10 00 00 00 00 00 
BAT RX 0x324 [8] 02 42 42 37 00 00 00 00 
BAT RX 0x322 [8] 00 F3 00 CE 03 01 46 46 
BAT RX 0x320 [8] 50 41 C3 85 85 00 00 00 
BAT RX 0x319 [8] C0 0C F9 0C F7 07 01 00 
BAT RX 0x318 [8] 0C F8 0C F8 0C F8 0C F8 
BAT RX 0x317 [8] 0C F9 0C F9 0C F9 0C F9 
BAT RX 0x316 [8] 0C F8 0C F7 0C F7 0C F7 
BAT RX 0x315 [8] 0C F9 0C F9 0C F9 0C F8 
BAT RX 0x314 [8] 40 10 5B 04 00 02 05 41 
BAT RX 0x313 [8] 14 BE 00 00 00 DF 46 63 
BAT RX 0x312 [8] 00 00 00 00 02 00 00 00 
BAT RX 0x311 [8] 02 38 08 24 08 24 01 61 
BAT RX 0x330 [8] 01 0E 01 01 0C F9 0C F7 
BAT RX 0x329 [8] 01 00 22 34 01 00 3F AD 
BAT RX 0x323 [8] 20 0E 10 00 00 00 00 00 
BAT RX 0x324 [8] 00 01 47 50 4A 30 32 31 
BAT RX 0x322 [8] 00 F3 00 CE 03 01 46 46 
BAT RX 0x320 [8] 50 41 C3 85 85 00 00 00 
BAT RX 0x319 [8] C0 0C F9 0C F7 0E 01 00 
BAT RX 0x318 [8] 0C F8 0C F8 0C F8 0C F8 
BAT RX 0x317 [8] 0C F9 0C F9 0C F9 0C F9 
BAT RX 0x316 [8] 0C F8 0C F8 0C F7 0C F7 
BAT RX 0x315 [8] 0C F9 0C F9 0C F9 0C F9 
BAT RX 0x314 [8] 40 10 5B 04 00 02 05 41 
BAT RX 0x313 [8] 14 BE 00 00 00 DF 46 63 
BAT RX 0x312 [8] 00 00 00 00 02 00 00 00 
BAT RX 0x311 [8] 02 38 08 24 08 24 01 61 
[234s] OK V=53.10V I=+0.0A T=22.3C SOC=70% SOH=99% | CVL=56.8V CCL=208.4A DCL=208.4A | chg=1 dis=1 fc1=0 fc2=0 | prot=0000 warn=0000 | packs=2 | inv0x305=no
BAT RX 0x330 [8] 02 0D 01 01 0C FA 0C F8 
BAT RX 0x329 [8] 02 00 19 C0 02 00 40 48 
BAT RX 0x323 [8] 20 0E 10 00 00 00 00 00 
BAT RX 0x324 [8] 01 39 35 32 32 30 36 32 
BAT RX 0x322 [8] 00 F3 00 CE 03 01 46 46 
BAT RX 0x320 [8] 50 41 C3 85 85 00 00 00 
BAT RX 0x319 [8] C0 0C FA 0C F8 1D 01 00 
BAT RX 0x318 [8] 0C F8 0C F8 0C F8 0C F8 
BAT RX 0x317 [8] 0C FA 0C F9 0C F9 0C F9 
BAT RX 0x316 [8] 0C F8 0C F8 0C F7 0C F7 
BAT RX 0x315 [8] 0C F9 0C F9 0C F9 0C F9 
BAT RX 0x314 [8] 40 10 5B 04 00 02 05 41 
BAT RX 0x313 [8] 14 BE 00 00 00 DF 46 63 
BAT RX 0x312 [8] 00 00 00 00 02 00 00 00 
BAT RX 0x311 [8] 02 38 08 24 08 24 01 61 
BAT RX 0x330 [8] 01 09 01 01 0C F9 0C F8 
BAT RX 0x329 [8] 01 00 22 34 01 00 3F AD 
BAT RX 0x323 [8] 20 0E 10 00 00 00 00 00 
BAT RX 0x324 [8] 02 43 30 37 00 00 00 00 
BAT RX 0x322 [8] 00 F3 00 CE 03 01 46 46 
BAT RX 0x320 [8] 50 41 C3 85 85 00 00 00 
BAT RX 0x319 [8] C0 0C F9 0C F8 09 01 00 
BAT RX 0x318 [8] 0C F8 0C F8 0C F8 0C F8 
BAT RX 0x317 [8] 0C F9 0C F9 0C F9 0C F9 
BAT RX 0x316 [8] 0C F8 0C F8 0C F8 0C F8 
BAT RX 0x315 [8] 0C F9 0C F9 0C F9 0C F8 
BAT RX 0x314 [8] 40 10 5B 04 00 01 05 41 
BAT RX 0x313 [8] 14 BE 00 00 00 DF 46 63 
BAT RX 0x312 [8] 00 00 00 00 02 00 00 00 
BAT RX 0x311 [8] 02 38 08 24 08 24 01 61 
[236s] OK V=53.10V I=+0.0A T=22.3C SOC=70% SOH=99% | CVL=56.8V CCL=208.4A DCL=208.4A | chg=1 dis=1 fc1=0 fc2=0 | prot=0000 warn=0000 | packs=2 | inv0x305=no
BAT RX 0x330 [8] 02 0D 01 01 0C FA 0C F8 
BAT RX 0x329 [8] 02 00 19 C0 02 00 40 48 
BAT RX 0x323 [8] 20 0E 10 00 00 00 00 00 
BAT RX 0x324 [8] 00 02 47 50 4A 30 32 31 
BAT RX 0x322 [8] 00 F3 00 CE 03 01 46 46 
BAT RX 0x320 [8] 50 41 C3 85 85 00 00 00 
BAT RX 0x319 [8] C0 0C FA 0C F8 1D 01 00 
BAT RX 0x318 [8] 0C F8 0C F8 0C F8 0C F8 
BAT RX 0x317 [8] 0C FA 0C F9 0C F9 0C F9 
BAT RX 0x316 [8] 0C F8 0C F8 0C F8 0C F8 
BAT RX 0x315 [8] 0C F9 0C F9 0C F9 0C F9 
BAT RX 0x314 [8] 40 10 5B 04 00 02 05 41 
BAT RX 0x313 [8] 14 BE 00 00 00 DF 46 63 
BAT RX 0x312 [8] 00 00 00 00 02 00 00 00 
BAT RX 0x311 [8] 02 38 08 24 08 24 01 61 
BAT RX 0x330 [8] 02 0D 01 03 0C FA 0C F7 
BAT RX 0x329 [8] 01 00 22 34 01 00 3F AD 
BAT RX 0x323 [8] 20 0E 10 00 00 00 00 00 
BAT RX 0x324 [8] 01 39 35 32 32 30 36 32 
BAT RX 0x322 [8] 00 F3 00 CE 03 01 46 46 
BAT RX 0x320 [8] 50 41 C3 85 85 00 00 00 
BAT RX 0x319 [8] C0 0C FA 0C F7 1D 03 00 
BAT RX 0x318 [8] 0C F8 0C F8 0C F8 0C F8 
BAT RX 0x317 [8] 0C FA 0C F9 0C F9 0C F9 
BAT RX 0x316 [8] 0C F8 0C F8 0C F8 0C F7 
BAT RX 0x315 [8] 0C F9 0C F9 0C F9 0C F9 
BAT RX 0x314 [8] 40 10 5B 04 00 02 05 41 
BAT RX 0x313 [8] 14 BE 00 00 00 DF 46 63 
BAT RX 0x312 [8] 00 00 00 00 02 00 00 00 
BAT RX 0x311 [8] 02 38 08 24 08 24 01 61 
[238s] OK V=53.10V I=+0.0A T=22.3C SOC=70% SOH=99% | CVL=56.8V CCL=208.4A DCL=208.4A | chg=1 dis=1 fc1=0 fc2=0 | prot=0000 warn=0000 | packs=2 | inv0x305=no
BAT RX 0x330 [8] 01 09 01 01 0C F9 0C F8 
BAT RX 0x329 [8] 02 00 19 C0 02 00 40 48 
BAT RX 0x323 [8] 20 0E 10 00 00 00 00 00 
BAT RX 0x324 [8] 02 42 42 37 00 00 00 00 
BAT RX 0x322 [8] 00 F3 00 CE 03 01 46 46 
BAT RX 0x320 [8] 50 41 C3 85 85 00 00 00 
BAT RX 0x319 [8] C0 0C F9 0C F8 09 01 00 
BAT RX 0x318 [8] 0C F8 0C F8 0C F8 0C F8 
BAT RX 0x317 [8] 0C F9 0C F9 0C F9 0C F9 
BAT RX 0x316 [8] 0C F8 0C F8 0C F7 0C F7 
BAT RX 0x315 [8] 0C FA 0C F9 0C F9 0C F8 
BAT RX 0x314 [8] 40 10 5B 04 00 03 05 41 
BAT RX 0x313 [8] 14 BE 00 00 00 DF 46 63 
BAT RX 0x312 [8] 00 00 00 00 02 00 00 00 
BAT RX 0x311 [8] 02 38 08 24 08 24 01 61 

---- battery-bus rate stats (VERBOSE_STATS) ----------------------------
  3503 frames, 240 s elapsed
  ID     count   period(ms)  (min-max gap)
  0x324     233   1010 (1-4867)
  0x329     235    996 (1-4866)
  0x330     238    983 (0-4000)
  0x312     233   1005 (1-4867)
  0x313     233   1005 (1-4867)
  0x314     233   1005 (1-4867)
  0x315     233   1004 (1-4867)
  0x316     233   1004 (1-4867)
  0x317     233   1004 (1-4867)
  0x318     233   1004 (1-4867)
  0x319     233   1004 (1-4867)
  0x320     233   1004 (1-4866)
  0x322     233   1004 (0-4867)
  0x311     233   1005 (1-4867)
  0x323     234   1000 (1-4866)
--------------------------------------------------------------------------

  TWAI: state=RUNNING  tx_err=0 rx_err=0  tx_failed=0  rx_missed=111 rx_overrun=0  arb_lost=0  bus_err=0
BAT RX 0x330 [8] 02 0D 01 03 0C FA 0C F7 
BAT RX 0x329 [8] 01 00 22 34 01 00 3F AD 
BAT RX 0x323 [8] 20 0E 10 00 00 00 00 00 
BAT RX 0x324 [8] 00 01 47 50 4A 30 32 31 
BAT RX 0x322 [8] 00 F3 00 CE 03 01 46 46 
BAT RX 0x320 [8] 50 41 C3 85 85 00 00 00 
BAT RX 0x319 [8] C0 0C FA 0C F7 1D 03 00 
BAT RX 0x318 [8] 0C F8 0C F8 0C F8 0C F8 
BAT RX 0x317 [8] 0C FA 0C F9 0C F9 0C F9 
BAT RX 0x316 [8] 0C F8 0C F7 0C F7 0C F7 
BAT RX 0x315 [8] 0C F9 0C F9 0C F9 0C F9 
BAT RX 0x314 [8] 40 10 5B 04 00 02 05 41 
BAT RX 0x313 [8] 14 BE 00 00 00 DF 46 63 
BAT RX 0x312 [8] 00 00 00 00 02 00 00 00 
BAT RX 0x311 [8] 02 38 08 24 08 24 01 61 
[240s] OK V=53.10V I=+0.0A T=22.3C SOC=70% SOH=99% | CVL=56.8V CCL=208.4A DCL=208.4A | chg=1 dis=1 fc1=0 fc2=0 | prot=0000 warn=0000 | packs=2 | inv0x305=no
BAT RX 0x330 [8] 01 0E 01 01 0C F9 0C F8 
BAT RX 0x329 [8] 02 00 19 C0 02 00 40 48 
BAT RX 0x323 [8] 20 0E 10 00 00 00 00 00 
BAT RX 0x324 [8] 01 39 35 32 32 30 36 32 
BAT RX 0x322 [8] 00 F3 00 CE 03 01 46 46 
BAT RX 0x320 [8] 50 41 C3 85 85 00 00 00 
BAT RX 0x319 [8] C0 0C F9 0C F8 0E 01 00 
BAT RX 0x318 [8] 0C F8 0C F8 0C F8 0C F8 
BAT RX 0x317 [8] 0C F9 0C F9 0C F9 0C F9 
BAT RX 0x316 [8] 0C F8 0C F8 0C F8 0C F8 
BAT RX 0x315 [8] 0C F9 0C F9 0C F9 0C F9 
BAT RX 0x314 [8] 40 10 5B 04 00 01 05 41 
BAT RX 0x313 [8] 14 BE 00 00 00 DF 46 63 
BAT RX 0x312 [8] 00 00 00 00 02 00 00 00 
BAT RX 0x311 [8] 02 38 08 24 08 24 01 61 
BAT RX 0x330 [8] 01 07 01 01 0C F9 0C F8 
BAT RX 0x329 [8] 01 00 22 34 01 00 3F AD 
BAT RX 0x323 [8] 20 0E 10 00 00 00 00 00 
BAT RX 0x324 [8] 02 43 30 37 00 00 00 00 
BAT RX 0x322 [8] 00 F3 00 CE 03 01 46 46 
BAT RX 0x320 [8] 50 41 C3 85 85 00 00 00 
BAT RX 0x319 [8] C0 0C F9 0C F8 07 01 00 
BAT RX 0x318 [8] 0C F8 0C F8 0C F8 0C F8 
BAT RX 0x317 [8] 0C F9 0C F9 0C F9 0C F9 
BAT RX 0x316 [8] 0C F8 0C F8 0C F8 0C F8 
BAT RX 0x315 [8] 0C F9 0C F9 0C F9 0C F9 
BAT RX 0x314 [8] 40 10 5B 04 00 01 05 41 
BAT RX 0x313 [8] 14 BE 00 00 00 DF 46 63 
BAT RX 0x312 [8] 00 00 00 00 02 00 00 00 
BAT RX 0x311 [8] 02 38 08 24 08 24 01 61 
[242s] OK V=53.10V I=+0.0A T=22.3C SOC=70% SOH=99% | CVL=56.8V CCL=208.4A DCL=208.4A | chg=1 dis=1 fc1=0 fc2=0 | prot=0000 warn=0000 | packs=2 | inv0x305=no
BAT RX 0x330 [8] 01 0E 01 03 0C FA 0C F7 
BAT RX 0x329 [8] 02 00 19 C0 02 00 40 48 
BAT RX 0x323 [8] 20 0E 10 00 00 00 00 00 
BAT RX 0x324 [8] 00 02 47 50 4A 30 32 31 
BAT RX 0x322 [8] 00 F3 00 CE 03 01 46 46 
BAT RX 0x320 [8] 50 41 C3 85 85 00 00 00 
BAT RX 0x319 [8] C0 0C FA 0C F7 0E 03 00 
BAT RX 0x318 [8] 0C F8 0C F8 0C F8 0C F8 
BAT RX 0x317 [8] 0C FA 0C F9 0C F9 0C F9 
BAT RX 0x316 [8] 0C F8 0C F8 0C F8 0C F8 
BAT RX 0x315 [8] 0C F9 0C F9 0C F9 0C F9 
BAT RX 0x314 [8] 40 10 5B 04 00 02 05 41 
BAT RX 0x313 [8] 14 BE 00 00 00 DF 46 63 
BAT RX 0x312 [8] 00 00 00 00 02 00 00 00 
BAT RX 0x311 [8] 02 38 08 24 08 24 01 61 
BAT RX 0x330 [8] 01 0E 01 02 0C FA 0C F7 
BAT RX 0x329 [8] 01 00 22 34 01 00 3F AD 
BAT RX 0x323 [8] 20 0E 10 00 00 00 00 00 
BAT RX 0x324 [8] 01 39 35 32 32 30 36 32 
BAT RX 0x322 [8] 00 F3 00 CE 03 01 46 46 
BAT RX 0x320 [8] 50 41 C3 85 85 00 00 00 
BAT RX 0x319 [8] C0 0C FA 0C F7 0E 02 00 
BAT RX 0x318 [8] 0C F8 0C F8 0C F8 0C F8 
BAT RX 0x317 [8] 0C F9 0C F9 0C F9 0C F9 
BAT RX 0x316 [8] 0C F8 0C F8 0C F8 0C F8 
BAT RX 0x315 [8] 0C F9 0C F9 0C F9 0C F8 
BAT RX 0x314 [8] 40 10 5B 04 00 01 05 41 
BAT RX 0x313 [8] 14 BE 00 00 00 DF 46 63 
BAT RX 0x312 [8] 00 00 00 00 02 00 00 00 
BAT RX 0x311 [8] 02 38 08 24 08 24 01 61 
[244s] OK V=53.10V I=+0.0A T=22.3C SOC=70% SOH=99% | CVL=56.8V CCL=208.4A DCL=208.4A | chg=1 dis=1 fc1=0 fc2=0 | prot=0000 warn=0000 | packs=2 | inv0x305=no
BAT RX 0x330 [8] 02 0D 01 03 0C FA 0C F7 
BAT RX 0x329 [8] 02 00 19 C0 02 00 40 48 
BAT RX 0x323 [8] 20 0E 10 00 00 00 00 00 
BAT RX 0x324 [8] 02 42 42 37 00 00 00 00 
BAT RX 0x322 [8] 00 F3 00 CE 03 01 46 46 
BAT RX 0x320 [8] 50 41 C3 85 85 00 00 00 
BAT RX 0x319 [8] C0 0C FA 0C F7 1D 03 00 
BAT RX 0x318 [8] 0C F8 0C F8 0C F8 0C F8 
BAT RX 0x317 [8] 0C FA 0C F9 0C F9 0C F9 
BAT RX 0x316 [8] 0C F8 0C F8 0C F8 0C F8 
BAT RX 0x315 [8] 0C F9 0C F9 0C F8 0C F8 
BAT RX 0x314 [8] 40 10 5B 04 00 02 05 41 
BAT RX 0x313 [8] 14 BE 00 00 00 DF 46 63 
BAT RX 0x312 [8] 00 00 00 00 02 00 00 00 
BAT RX 0x311 [8] 02 38 08 24 08 24 01 61 
BAT RX 0x330 [8] 01 07 01 03 0C F9 0C F7 
BAT RX 0x329 [8] 01 00 22 34 01 00 3F AD 
BAT RX 0x323 [8] 20 0E 10 00 00 00 00 00 
BAT RX 0x324 [8] 00 01 47 50 4A 30 32 31 
BAT RX 0x322 [8] 00 F3 00 CE 03 01 46 46 
BAT RX 0x320 [8] 50 41 C3 85 85 00 00 00 
BAT RX 0x319 [8] C0 0C F9 0C F7 07 03 00 
BAT RX 0x318 [8] 0C F8 0C F8 0C F8 0C F8 
BAT RX 0x317 [8] 0C F9 0C F9 0C F9 0C F9 
BAT RX 0x316 [8] 0C F8 0C F8 0C F8 0C F8 
BAT RX 0x315 [8] 0C F9 0C F9 0C F9 0C F9 
BAT RX 0x314 [8] 40 10 5B 04 00 01 05 41 
BAT RX 0x313 [8] 14 BE 00 00 00 DF 46 63 
BAT RX 0x312 [8] 00 00 00 00 02 00 00 00 
BAT RX 0x311 [8] 02 38 08 24 08 24 01 61 
[246s] OK V=53.10V I=+0.0A T=22.3C SOC=70% SOH=99% | CVL=56.8V CCL=208.4A DCL=208.4A | chg=1 dis=1 fc1=0 fc2=0 | prot=0000 warn=0000 | packs=2 | inv0x305=no
BAT RX 0x330 [8] 02 0D 01 03 0C FA 0C F7 
BAT RX 0x329 [8] 02 00 19 C0 02 00 40 48 
BAT RX 0x323 [8] 20 0E 10 00 00 00 00 00 
BAT RX 0x324 [8] 01 39 35 32 32 30 36 32 
BAT RX 0x322 [8] 00 F3 00 CE 03 01 46 46 
BAT RX 0x320 [8] 50 41 C3 85 85 00 00 00 
BAT RX 0x319 [8] C0 0C FA 0C F7 1D 03 00 
BAT RX 0x318 [8] 0C F8 0C F8 0C F8 0C F8 
BAT RX 0x317 [8] 0C FA 0C F9 0C F9 0C F9 
BAT RX 0x316 [8] 0C F8 0C F8 0C F7 0C F7 
BAT RX 0x315 [8] 0C F9 0C F9 0C F9 0C F9 
BAT RX 0x314 [8] 40 10 5B 04 00 02 05 41 
BAT RX 0x313 [8] 14 BE 00 00 00 DF 46 63 
BAT RX 0x312 [8] 00 00 00 00 02 00 00 00 
BAT RX 0x311 [8] 02 38 08 24 08 24 01 61 
BAT RX 0x330 [8] 01 07 01 01 0C F9 0C F8 
BAT RX 0x329 [8] 01 00 22 34 01 00 3F AD 
BAT RX 0x323 [8] 20 0E 10 00 00 00 00 00 
BAT RX 0x324 [8] 02 43 30 37 00 00 00 00 
BAT RX 0x322 [8] 00 F3 00 CE 03 01 46 46 
BAT RX 0x320 [8] 50 41 C3 85 85 00 00 00 
BAT RX 0x319 [8] C0 0C F9 0C F8 07 01 00 
BAT RX 0x318 [8] 0C F8 0C F8 0C F8 0C F8 
BAT RX 0x317 [8] 0C F9 0C F9 0C F9 0C F9 
BAT RX 0x316 [8] 0C F8 0C F8 0C F8 0C F8 
BAT RX 0x315 [8] 0C F9 0C F9 0C F9 0C F9 
BAT RX 0x314 [8] 40 10 5B 04 00 01 05 41 
BAT RX 0x313 [8] 14 BE 00 00 00 DF 46 63 
BAT RX 0x312 [8] 00 00 00 00 02 00 00 00 
BAT RX 0x311 [8] 02 38 08 24 08 24 01 61 
[248s] OK V=53.10V I=+0.0A T=22.3C SOC=70% SOH=99% | CVL=56.8V CCL=208.4A DCL=208.4A | chg=1 dis=1 fc1=0 fc2=0 | prot=0000 warn=0000 | packs=2 | inv0x305=no
BAT RX 0x330 [8] 01 07 01 01 0C F9 0C F8 
BAT RX 0x329 [8] 02 00 19 C0 02 00 40 48 
BAT RX 0x323 [8] 20 0E 10 00 00 00 00 00 
BAT RX 0x324 [8] 00 02 47 50 4A 30 32 31 
BAT RX 0x322 [8] 00 F3 00 CE 03 01 46 46 
BAT RX 0x320 [8] 50 41 C3 85 85 00 00 00 
BAT RX 0x319 [8] C0 0C F9 0C F8 07 01 00 
BAT RX 0x318 [8] 0C F8 0C F8 0C F8 0C F8 
BAT RX 0x317 [8] 0C F9 0C F9 0C F9 0C F9 
BAT RX 0x316 [8] 0C F8 0C F8 0C F7 0C F7 
BAT RX 0x315 [8] 0C F9 0C F9 0C F9 0C F9 
BAT RX 0x314 [8] 40 10 5B 04 00 02 05 41 
BAT RX 0x313 [8] 14 BE 00 00 00 DF 46 63 
BAT RX 0x312 [8] 00 00 00 00 02 00 00 00 
BAT RX 0x311 [8] 02 38 08 24 08 24 01 61 
BAT RX 0x330 [8] 01 07 01 01 0C F9 0C F8 
BAT RX 0x329 [8] 01 00 22 34 01 00 3F AD 
BAT RX 0x323 [8] 20 0E 10 00 00 00 00 00 
BAT RX 0x324 [8] 01 39 35 32 32 30 36 32 
BAT RX 0x322 [8] 00 F3 00 CE 03 01 46 46 
BAT RX 0x320 [8] 50 41 C3 85 85 00 00 00 
BAT RX 0x319 [8] C0 0C F9 0C F8 07 01 00 
BAT RX 0x318 [8] 0C F8 0C F8 0C F8 0C F8 
BAT RX 0x317 [8] 0C F9 0C F9 0C F9 0C F9 
BAT RX 0x316 [8] 0C F8 0C F8 0C F8 0C F8 
BAT RX 0x315 [8] 0C F9 0C F9 0C F9 0C F9 
BAT RX 0x314 [8] 40 10 5B 04 00 01 05 41 
BAT RX 0x313 [8] 14 BE 00 00 00 DF 46 63 
BAT RX 0x312 [8] 00 00 00 00 02 00 00 00 
BAT RX 0x311 [8] 02 38 08 24 08 24 01 61 
[250s] OK V=53.10V I=+0.0A T=22.3C SOC=70% SOH=99% | CVL=56.8V CCL=208.4A DCL=208.4A | chg=1 dis=1 fc1=0 fc2=0 | prot=0000 warn=0000 | packs=2 | inv0x305=no
BAT RX 0x330 [8] 02 0D 01 08 0C FA 0C F7 
BAT RX 0x329 [8] 02 00 19 C0 02 00 40 48 
BAT RX 0x323 [8] 20 0E 10 00 00 00 00 00 
BAT RX 0x324 [8] 02 42 42 37 00 00 00 00 
BAT RX 0x322 [8] 00 F3 00 CE 03 01 46 46 
BAT RX 0x320 [8] 50 41 C3 85 85 00 00 00 
BAT RX 0x319 [8] C0 0C FA 0C F7 1D 08 00 
BAT RX 0x318 [8] 0C F8 0C F8 0C F8 0C F8 
BAT RX 0x317 [8] 0C FA 0C F9 0C F9 0C F9 
BAT RX 0x316 [8] 0C F8 0C F8 0C F8 0C F7 
BAT RX 0x315 [8] 0C F9 0C F9 0C F9 0C F9 
BAT RX 0x314 [8] 40 10 5B 04 00 02 05 41 
BAT RX 0x313 [8] 14 BE 00 00 00 DF 46 63 
BAT RX 0x312 [8] 00 00 00 00 02 00 00 00 
BAT RX 0x311 [8] 02 38 08 24 08 24 01 61 
BAT RX 0x330 [8] 01 05 01 03 0C F9 0C F7 
BAT RX 0x329 [8] 01 00 22 34 01 00 3F AD 
BAT RX 0x323 [8] 20 0E 10 00 00 00 00 00 
BAT RX 0x324 [8] 00 01 47 50 4A 30 32 31 
BAT RX 0x322 [8] 00 F3 00 CE 03 01 46 46 
BAT RX 0x320 [8] 50 41 C3 85 85 00 00 00 
BAT RX 0x319 [8] C0 0C F9 0C F7 05 03 00 
BAT RX 0x318 [8] 0C F8 0C F8 0C F8 0C F8 
BAT RX 0x317 [8] 0C F9 0C F9 0C F9 0C F9 
BAT RX 0x316 [8] 0C F8 0C F8 0C F8 0C F8 
BAT RX 0x315 [8] 0C F9 0C F9 0C F9 0C F9 
BAT RX 0x314 [8] 40 10 5B 04 00 01 05 41 
BAT RX 0x313 [8] 14 BE 00 00 00 DF 46 63 
BAT RX 0x312 [8] 00 00 00 00 02 00 00 00 
BAT RX 0x311 [8] 02 38 08 24 08 24 01 61 
[252s] OK V=53.10V I=+0.0A T=22.3C SOC=70% SOH=99% | CVL=56.8V CCL=208.4A DCL=208.4A | chg=1 dis=1 fc1=0 fc2=0 | prot=0000 warn=0000 | packs=2 | inv0x305=no
BAT RX 0x330 [8] 02 0D 01 01 0C FA 0C F8 
BAT RX 0x329 [8] 02 00 19 C0 02 00 40 48 
BAT RX 0x323 [8] 20 0E 10 00 00 00 00 00 
BAT RX 0x324 [8] 01 39 35 32 32 30 36 32 
BAT RX 0x322 [8] 00 F3 00 CE 03 01 46 46 
BAT RX 0x320 [8] 50 41 C3 85 85 00 00 00 
BAT RX 0x319 [8] C0 0C FA 0C F8 1D 01 00 
BAT RX 0x318 [8] 0C F8 0C F8 0C F8 0C F8 
BAT RX 0x317 [8] 0C FA 0C F9 0C F9 0C F9 
BAT RX 0x316 [8] 0C F8 0C F8 0C F8 0C F7 
BAT RX 0x315 [8] 0C F9 0C F9 0C F9 0C F9 
BAT RX 0x314 [8] 40 10 5B 04 00 02 05 41 
BAT RX 0x313 [8] 14 BE 00 00 00 DF 46 63 
BAT RX 0x312 [8] 00 00 00 00 02 00 00 00 
BAT RX 0x311 [8] 02 38 08 24 08 24 01 61 
BAT RX 0x330 [8] 02 0D 01 03 0C FA 0C F7 
BAT RX 0x329 [8] 01 00 22 34 01 00 3F AD 
BAT RX 0x323 [8] 20 0E 10 00 00 00 00 00 
BAT RX 0x324 [8] 02 43 30 37 00 00 00 00 
BAT RX 0x322 [8] 00 F3 00 CE 03 01 46 46 
BAT RX 0x320 [8] 50 41 C3 85 85 00 00 00 
BAT RX 0x319 [8] C0 0C FA 0C F7 1D 03 00 
BAT RX 0x318 [8] 0C F8 0C F8 0C F8 0C F8 
BAT RX 0x317 [8] 0C FA 0C F9 0C F9 0C F9 
BAT RX 0x316 [8] 0C F8 0C F8 0C F8 0C F8 
BAT RX 0x315 [8] 0C F9 0C F9 0C F9 0C F9 
BAT RX 0x314 [8] 40 10 5B 04 00 02 05 41 
BAT RX 0x313 [8] 14 BE 00 00 00 DF 46 63 
BAT RX 0x312 [8] 00 00 00 00 02 00 00 00 
BAT RX 0x311 [8] 02 38 08 24 08 24 01 61 
[254s] OK V=53.10V I=+0.0A T=22.3C SOC=70% SOH=99% | CVL=56.8V CCL=208.4A DCL=208.4A | chg=1 dis=1 fc1=0 fc2=0 | prot=0000 warn=0000 | packs=2 | inv0x305=no

---- battery-bus rate stats (VERBOSE_STATS) ----------------------------
  3728 frames, 255 s elapsed
  ID     count   period(ms)  (min-max gap)
  0x324     248   1010 (1-4867)
  0x329     250    996 (1-4866)
  0x330     253    984 (0-4000)
  0x312     248   1004 (1-4867)
  0x313     248   1004 (1-4867)
  0x314     248   1004 (1-4867)
  0x315     248   1004 (1-4867)
  0x316     248   1004 (1-4867)
  0x317     248   1004 (1-4867)
  0x318     248   1004 (1-4867)
  0x319     248   1004 (1-4867)
  0x320     248   1004 (1-4866)
  0x322     248   1004 (0-4867)
  0x311     248   1004 (1-4867)
  0x323     249   1000 (1-4866)
--------------------------------------------------------------------------

  TWAI: state=RUNNING  tx_err=0 rx_err=0  tx_failed=0  rx_missed=111 rx_overrun=0  arb_lost=0  bus_err=0
BAT RX 0x330 [8] 01 07 01 01 0C F9 0C F8 
BAT RX 0x329 [8] 02 00 19 C0 02 00 40 48 
BAT RX 0x323 [8] 20 0E 10 00 00 00 00 00 
BAT RX 0x324 [8] 00 02 47 50 4A 30 32 31 
BAT RX 0x322 [8] 00 F3 00 CE 03 01 46 46 
BAT RX 0x320 [8] 50 41 C3 85 85 00 00 00 
BAT RX 0x319 [8] C0 0C F9 0C F8 07 01 00 
BAT RX 0x318 [8] 0C F8 0C F8 0C F8 0C F8 
BAT RX 0x317 [8] 0C F9 0C F9 0C F9 0C F9 
BAT RX 0x316 [8] 0C F8 0C F8 0C F8 0C F8 
BAT RX 0x315 [8] 0C F9 0C F9 0C F9 0C F9 
BAT RX 0x314 [8] 40 10 5B 04 00 01 05 41 
BAT RX 0x313 [8] 14 BE 00 00 00 DF 46 63 
BAT RX 0x312 [8] 00 00 00 00 02 00 00 00 
BAT RX 0x311 [8] 02 38 08 24 08 24 01 61 
BAT RX 0x330 [8] 01 07 01 03 0C F9 0C F7 
BAT RX 0x329 [8] 01 00 22 34 01 00 3F AD 
BAT RX 0x323 [8] 20 0E 10 00 00 00 00 00 
BAT RX 0x324 [8] 01 39 35 32 32 30 36 32 
BAT RX 0x322 [8] 00 F3 00 CE 03 01 46 46 
BAT RX 0x320 [8] 50 41 C3 85 85 00 00 00 
BAT RX 0x319 [8] C0 0C F9 0C F7 07 03 00 
BAT RX 0x318 [8] 0C F8 0C F8 0C F8 0C F8 
BAT RX 0x317 [8] 0C F9 0C F9 0C F9 0C F9 
BAT RX 0x316 [8] 0C F8 0C F8 0C F8 0C F7 
BAT RX 0x315 [8] 0C F9 0C F9 0C F9 0C F9 
BAT RX 0x314 [8] 40 10 5B 04 00 02 05 41 
BAT RX 0x313 [8] 14 BE 00 00 00 DF 46 63 
BAT RX 0x312 [8] 00 00 00 00 02 00 00 00 
BAT RX 0x311 [8] 02 38 08 24 08 24 01 61 
[256s] OK V=53.10V I=+0.0A T=22.3C SOC=70% SOH=99% | CVL=56.8V CCL=208.4A DCL=208.4A | chg=1 dis=1 fc1=0 fc2=0 | prot=0000 warn=0000 | packs=2 | inv0x305=no
BAT RX 0x330 [8] 01 07 01 01 0C F9 0C F8 
BAT RX 0x329 [8] 02 00 19 C0 02 00 40 48 
BAT RX 0x323 [8] 20 0E 10 00 00 00 00 00 
BAT RX 0x324 [8] 02 42 42 37 00 00 00 00 
BAT RX 0x322 [8] 00 F3 00 CE 03 01 46 46 
BAT RX 0x320 [8] 50 41 C3 85 85 00 00 00 
BAT RX 0x319 [8] C0 0C F9 0C F8 07 01 00 
BAT RX 0x318 [8] 0C F8 0C F8 0C F8 0C F8 
BAT RX 0x317 [8] 0C F9 0C F9 0C F9 0C F9 
BAT RX 0x316 [8] 0C F8 0C F8 0C F8 0C F8 
BAT RX 0x315 [8] 0C FA 0C F9 0C F9 0C F9 
BAT RX 0x314 [8] 40 10 5B 04 00 02 05 41 
BAT RX 0x313 [8] 14 BE 00 00 00 DF 46 63 
BAT RX 0x312 [8] 00 00 00 00 02 00 00 00 
BAT RX 0x311 [8] 02 38 08 24 08 24 01 61 
BAT RX 0x330 [8] 02 0D 01 01 0C FA 0C F8 
BAT RX 0x329 [8] 01 00 22 34 01 00 3F AD 
BAT RX 0x323 [8] 20 0E 10 00 00 00 00 00 
BAT RX 0x324 [8] 00 01 47 50 4A 30 32 31 
BAT RX 0x322 [8] 00 F3 00 CE 03 01 46 46 
BAT RX 0x320 [8] 50 41 C3 85 85 00 00 00 
BAT RX 0x319 [8] C0 0C FA 0C F8 1D 01 00 
BAT RX 0x318 [8] 0C F8 0C F8 0C F8 0C F8 
BAT RX 0x317 [8] 0C FA 0C F9 0C F9 0C F9 
BAT RX 0x316 [8] 0C F8 0C F8 0C F8 0C F8 
BAT RX 0x315 [8] 0C FA 0C F9 0C F9 0C F9 
BAT RX 0x314 [8] 40 10 5B 04 00 02 05 41 
BAT RX 0x313 [8] 14 BE 00 00 00 DF 46 63 
BAT RX 0x312 [8] 00 00 00 00 02 00 00 00 
BAT RX 0x311 [8] 02 38 08 24 08 24 01 61 
[258s] OK V=53.10V I=+0.0A T=22.3C SOC=70% SOH=99% | CVL=56.8V CCL=208.4A DCL=208.4A | chg=1 dis=1 fc1=0 fc2=0 | prot=0000 warn=0000 | packs=2 | inv0x305=no
BAT RX 0x330 [8] 02 0D 01 03 0C FA 0C F7 
BAT RX 0x329 [8] 02 00 19 C0 02 00 40 48 
BAT RX 0x323 [8] 20 0E 10 00 00 00 00 00 
BAT RX 0x324 [8] 01 39 35 32 32 30 36 32 
BAT RX 0x322 [8] 00 F3 00 CE 03 01 46 46 
BAT RX 0x320 [8] 50 41 C3 85 85 00 00 00 
BAT RX 0x319 [8] C0 0C FA 0C F7 1D 03 00 
BAT RX 0x318 [8] 0C F8 0C F8 0C F8 0C F8 
BAT RX 0x317 [8] 0C FA 0C F9 0C F9 0C F9 
BAT RX 0x316 [8] 0C F8 0C F8 0C F8 0C F8 
BAT RX 0x315 [8] 0C FA 0C F9 0C F9 0C F9 
BAT RX 0x314 [8] 40 10 5B 04 00 02 05 41 
BAT RX 0x313 [8] 14 BE 00 00 00 DF 46 63 
BAT RX 0x312 [8] 00 00 00 00 02 00 00 00 
BAT RX 0x311 [8] 02 38 08 24 08 24 01 61 
BAT RX 0x330 [8] 01 07 01 01 0C F9 0C F8 
BAT RX 0x329 [8] 01 00 22 34 01 00 3F AD 
BAT RX 0x323 [8] 20 0E 10 00 00 00 00 00 
BAT RX 0x324 [8] 02 43 30 37 00 00 00 00 
BAT RX 0x322 [8] 00 F3 00 CE 03 01 46 46 
BAT RX 0x320 [8] 50 41 C3 85 85 00 00 00 
BAT RX 0x319 [8] C0 0C F9 0C F8 07 01 00 
BAT RX 0x318 [8] 0C F8 0C F8 0C F8 0C F8 
BAT RX 0x317 [8] 0C F9 0C F9 0C F9 0C F9 
BAT RX 0x316 [8] 0C F8 0C F8 0C F8 0C F7 
BAT RX 0x315 [8] 0C F9 0C F9 0C F9 0C F9 
BAT RX 0x314 [8] 40 10 5B 04 00 02 05 41 
BAT RX 0x313 [8] 14 BE 00 00 00 DF 46 63 
BAT RX 0x312 [8] 00 00 00 00 02 00 00 00 
BAT RX 0x311 [8] 02 38 08 24 08 24 01 61 
[260s] OK V=53.10V I=+0.0A T=22.3C SOC=70% SOH=99% | CVL=56.8V CCL=208.4A DCL=208.4A | chg=1 dis=1 fc1=0 fc2=0 | prot=0000 warn=0000 | packs=2 | inv0x305=no
BAT RX 0x330 [8] 01 07 02 01 0C F9 0C F7 
BAT RX 0x329 [8] 02 00 19 C0 02 00 40 48 
BAT RX 0x323 [8] 20 0E 10 00 00 00 00 00 
BAT RX 0x324 [8] 00 02 47 50 4A 30 32 31 
BAT RX 0x322 [8] 00 F3 00 CE 03 01 46 46 
BAT RX 0x320 [8] 50 41 C3 85 85 00 00 00 
BAT RX 0x319 [8] C0 0C F9 0C F7 07 11 00 
BAT RX 0x318 [8] 0C F8 0C F8 0C F8 0C F7 
BAT RX 0x317 [8] 0C F9 0C F9 0C F9 0C F9 
BAT RX 0x316 [8] 0C F8 0C F8 0C F8 0C F8 
BAT RX 0x315 [8] 0C F9 0C F9 0C F9 0C F9 
BAT RX 0x314 [8] 40 10 5B 04 00 02 05 41 
BAT RX 0x313 [8] 14 BE 00 00 00 DF 46 63 
BAT RX 0x312 [8] 00 00 00 00 02 00 00 00 
BAT RX 0x311 [8] 02 38 08 24 08 24 01 61 
BAT RX 0x330 [8] 01 07 01 01 0C F9 0C F8 
BAT RX 0x329 [8] 01 00 22 34 01 00 3F AD 
BAT RX 0x323 [8] 20 0E 10 00 00 00 00 00 
BAT RX 0x324 [8] 01 39 35 32 32 30 36 32 
BAT RX 0x322 [8] 00 F3 00 CE 03 01 46 46 
BAT RX 0x320 [8] 50 41 C3 85 85 00 00 00 
BAT RX 0x319 [8] C0 0C F9 0C F8 07 01 00 
BAT RX 0x318 [8] 0C F8 0C F8 0C F8 0C F8 
BAT RX 0x317 [8] 0C F9 0C F9 0C F9 0C F9 
BAT RX 0x316 [8] 0C F8 0C F8 0C F8 0C F8 
BAT RX 0x315 [8] 0C F9 0C F9 0C F9 0C F9 
BAT RX 0x314 [8] 40 10 5B 04 00 01 05 41 
BAT RX 0x313 [8] 14 BE 00 00 00 DF 46 63 
BAT RX 0x312 [8] 00 00 00 00 02 00 00 00 
BAT RX 0x311 [8] 02 38 08 24 08 24 01 61 
[262s] OK V=53.10V I=+0.0A T=22.3C SOC=70% SOH=99% | CVL=56.8V CCL=208.4A DCL=208.4A | chg=1 dis=1 fc1=0 fc2=0 | prot=0000 warn=0000 | packs=2 | inv0x305=no
BAT RX 0x330 [8] 01 07 02 01 0C F9 0C F7 
BAT RX 0x329 [8] 02 00 19 C0 02 00 40 48 
BAT RX 0x323 [8] 20 0E 10 00 00 00 00 00 
BAT RX 0x324 [8] 02 42 42 37 00 00 00 00 
BAT RX 0x322 [8] 00 F3 00 CE 03 01 46 46 
BAT RX 0x320 [8] 50 41 C3 85 85 00 00 00 
BAT RX 0x319 [8] C0 0C F9 0C F7 07 11 00 
BAT RX 0x318 [8] 0C F8 0C F8 0C F8 0C F7 
BAT RX 0x317 [8] 0C F9 0C F9 0C F9 0C F9 
BAT RX 0x316 [8] 0C F8 0C F8 0C F8 0C F8 
BAT RX 0x315 [8] 0C F9 0C F9 0C F9 0C F9 
BAT RX 0x314 [8] 40 10 5B 04 00 02 05 41 
BAT RX 0x313 [8] 14 BE 00 00 00 DF 46 63 
BAT RX 0x312 [8] 00 00 00 00 02 00 00 00 
BAT RX 0x311 [8] 02 38 08 24 08 24 01 61 
BAT RX 0x330 [8] 01 0E 01 01 0C FA 0C F7 
BAT RX 0x329 [8] 01 00 22 34 01 00 3F AD 
BAT RX 0x323 [8] 20 0E 10 00 00 00 00 00 
BAT RX 0x324 [8] 00 01 47 50 4A 30 32 31 
BAT RX 0x322 [8] 00 F3 00 CE 03 01 46 46 
BAT RX 0x320 [8] 50 41 C3 85 85 00 00 00 
BAT RX 0x319 [8] C0 0C FA 0C F7 0E 01 00 
BAT RX 0x318 [8] 0C F8 0C F8 0C F8 0C F8 
BAT RX 0x317 [8] 0C FA 0C F9 0C F9 0C F9 
BAT RX 0x316 [8] 0C F8 0C F8 0C F8 0C F8 
BAT RX 0x315 [8] 0C F9 0C F9 0C F9 0C F9 
BAT RX 0x314 [8] 40 10 5B 04 00 02 05 41 
BAT RX 0x313 [8] 14 BE 00 00 00 DF 46 63 
BAT RX 0x312 [8] 00 00 00 00 02 00 00 00 
BAT RX 0x311 [8] 02 38 08 24 08 24 01 61 
[264s] OK V=53.10V I=+0.0A T=22.3C SOC=70% SOH=99% | CVL=56.8V CCL=208.4A DCL=208.4A | chg=1 dis=1 fc1=0 fc2=0 | prot=0000 warn=0000 | packs=2 | inv0x305=no
BAT RX 0x330 [8] 01 0E 01 02 0C FA 0C F7 
BAT RX 0x329 [8] 02 00 19 C0 02 00 40 48 
BAT RX 0x323 [8] 20 0E 10 00 00 00 00 00 
BAT RX 0x324 [8] 01 39 35 32 32 30 36 32 
BAT RX 0x322 [8] 00 F3 00 CE 03 01 46 46 
BAT RX 0x320 [8] 50 41 C3 85 85 00 00 00 
BAT RX 0x319 [8] C0 0C FA 0C F7 0E 02 00 
BAT RX 0x318 [8] 0C F8 0C F8 0C F8 0C F8 
BAT RX 0x317 [8] 0C FA 0C F9 0C F9 0C F9 
BAT RX 0x316 [8] 0C F8 0C F8 0C F8 0C F8 
BAT RX 0x315 [8] 0C F9 0C F9 0C F9 0C F9 
BAT RX 0x314 [8] 40 10 5B 04 00 02 05 41 
BAT RX 0x313 [8] 14 BE 00 00 00 DF 46 63 
BAT RX 0x312 [8] 00 00 00 00 02 00 00 00 
BAT RX 0x311 [8] 02 38 08 24 08 24 01 61 
BAT RX 0x330 [8] 01 02 01 01 0C F9 0C F8 
BAT RX 0x329 [8] 01 00 22 34 01 00 3F AD 
BAT RX 0x323 [8] 20 0E 10 00 00 00 00 00 
BAT RX 0x324 [8] 02 43 30 37 00 00 00 00 
BAT RX 0x322 [8] 00 F3 00 CE 03 01 46 46 
BAT RX 0x320 [8] 50 41 C3 85 85 00 00 00 
BAT RX 0x319 [8] C0 0C F9 0C F8 02 01 00 
BAT RX 0x318 [8] 0C F8 0C F8 0C F8 0C F8 
BAT RX 0x317 [8] 0C F9 0C F9 0C F9 0C F9 
BAT RX 0x316 [8] 0C F8 0C F8 0C F8 0C F7 
BAT RX 0x315 [8] 0C FA 0C F9 0C F9 0C F9 
BAT RX 0x314 [8] 40 10 5B 04 00 03 05 41 
BAT RX 0x313 [8] 14 BE 00 00 00 DF 46 63 
BAT RX 0x312 [8] 00 00 00 00 02 00 00 00 
BAT RX 0x311 [8] 02 38 08 24 08 24 01 61 
[266s] OK V=53.10V I=+0.0A T=22.3C SOC=70% SOH=99% | CVL=56.8V CCL=208.4A DCL=208.4A | chg=1 dis=1 fc1=0 fc2=0 | prot=0000 warn=0000 | packs=2 | inv0x305=no
BAT RX 0x330 [8] 01 0E 01 01 0C FA 0C F8 
BAT RX 0x329 [8] 02 00 19 C0 02 00 40 48 
BAT RX 0x323 [8] 20 0E 10 00 00 00 00 00 
BAT RX 0x324 [8] 00 02 47 50 4A 30 32 31 
BAT RX 0x322 [8] 00 F3 00 CE 03 01 46 46 
BAT RX 0x320 [8] 50 41 C3 85 85 00 00 00 
BAT RX 0x319 [8] C0 0C FA 0C F8 0E 01 00 
BAT RX 0x318 [8] 0C F8 0C F8 0C F8 0C F8 
BAT RX 0x317 [8] 0C FA 0C F9 0C F9 0C F9 
BAT RX 0x316 [8] 0C F8 0C F8 0C F8 0C F8 
BAT RX 0x315 [8] 0C F9 0C F9 0C F9 0C F9 
BAT RX 0x314 [8] 40 10 5B 04 00 02 05 41 
BAT RX 0x313 [8] 14 BE 00 00 00 DF 46 63 
BAT RX 0x312 [8] 00 00 00 00 02 00 00 00 
BAT RX 0x311 [8] 02 38 08 24 08 24 01 61 
BAT RX 0x330 [8] 01 03 01 01 0C F9 0C F8 
BAT RX 0x329 [8] 01 00 22 34 01 00 3F AD 
BAT RX 0x323 [8] 20 0E 10 00 00 00 00 00 
BAT RX 0x324 [8] 01 39 35 32 32 30 36 32 
BAT RX 0x322 [8] 00 F3 00 CE 03 01 46 46 
BAT RX 0x320 [8] 50 41 C3 85 85 00 00 00 
BAT RX 0x319 [8] C0 0C F9 0C F8 03 01 00 
BAT RX 0x318 [8] 0C F8 0C F8 0C F8 0C F8 
BAT RX 0x317 [8] 0C F9 0C F9 0C F9 0C F9 
BAT RX 0x316 [8] 0C F8 0C F8 0C F8 0C F8 
BAT RX 0x315 [8] 0C F9 0C F9 0C F9 0C F9 
BAT RX 0x314 [8] 40 10 5B 04 00 01 05 41 
BAT RX 0x313 [8] 14 BE 00 00 00 DF 46 63 
BAT RX 0x312 [8] 00 00 00 00 02 00 00 00 
BAT RX 0x311 [8] 02 38 08 24 08 24 01 61 
[268s] OK V=53.10V I=+0.0A T=22.3C SOC=70% SOH=99% | CVL=56.8V CCL=208.4A DCL=208.4A | chg=1 dis=1 fc1=0 fc2=0 | prot=0000 warn=0000 | packs=2 | inv0x305=no
BAT RX 0x330 [8] 02 0D 01 03 0C FA 0C F7 
BAT RX 0x329 [8] 02 00 19 C0 02 00 40 48 
BAT RX 0x323 [8] 20 0E 10 00 00 00 00 00 
BAT RX 0x324 [8] 02 42 42 37 00 00 00 00 
BAT RX 0x322 [8] 00 F3 00 CE 03 01 46 46 
BAT RX 0x320 [8] 50 41 C3 85 85 00 00 00 
BAT RX 0x319 [8] C0 0C FA 0C F7 1D 03 00 
BAT RX 0x318 [8] 0C F8 0C F8 0C F8 0C F8 
BAT RX 0x317 [8] 0C FA 0C F9 0C F9 0C F9 
BAT RX 0x316 [8] 0C F8 0C F8 0C F8 0C F8 
BAT RX 0x315 [8] 0C F9 0C F9 0C F9 0C F9 
BAT RX 0x314 [8] 40 10 5B 04 00 02 05 41 
BAT RX 0x313 [8] 14 BE 00 00 00 DF 46 63 
BAT RX 0x312 [8] 00 00 00 00 02 00 00 00 
BAT RX 0x311 [8] 02 38 08 24 08 24 01 61 

---- battery-bus rate stats (VERBOSE_STATS) ----------------------------
  3953 frames, 270 s elapsed
  ID     count   period(ms)  (min-max gap)
  0x324     263   1009 (1-4867)
  0x329     265    996 (1-4866)
  0x330     268    985 (0-4000)
  0x312     263   1004 (1-4867)
  0x313     263   1004 (1-4867)
  0x314     263   1004 (1-4867)
  0x315     263   1004 (1-4867)
  0x316     263   1004 (1-4867)
  0x317     263   1004 (1-4867)
  0x318     263   1004 (1-4867)
  0x319     263   1004 (1-4867)
  0x320     263   1004 (1-4866)
  0x322     263   1004 (0-4867)
  0x311     263   1004 (1-4867)
  0x323     264   1000 (1-4866)
--------------------------------------------------------------------------

  TWAI: state=RUNNING  tx_err=0 rx_err=0  tx_failed=0  rx_missed=111 rx_overrun=0  arb_lost=0  bus_err=0
BAT RX 0x330 [8] 01 0E 01 02 0C FA 0C F7 
BAT RX 0x329 [8] 01 00 22 34 01 00 3F AD 
BAT RX 0x323 [8] 20 0E 10 00 00 00 00 00 
BAT RX 0x324 [8] 00 01 47 50 4A 30 32 31 
BAT RX 0x322 [8] 00 F3 00 CE 03 01 46 46 
BAT RX 0x320 [8] 50 41 C3 85 85 00 00 00 
BAT RX 0x319 [8] C0 0C FA 0C F7 0E 02 00 
BAT RX 0x318 [8] 0C F8 0C F8 0C F8 0C F8 
BAT RX 0x317 [8] 0C FA 0C F9 0C F9 0C F9 
BAT RX 0x316 [8] 0C F8 0C F8 0C F8 0C F8 
BAT RX 0x315 [8] 0C FA 0C F9 0C F9 0C F9 
BAT RX 0x314 [8] 40 10 5B 04 00 02 05 41 
BAT RX 0x313 [8] 14 BE 00 00 00 DF 46 63 
BAT RX 0x312 [8] 00 00 00 00 02 00 00 00 
BAT RX 0x311 [8] 02 38 08 24 08 24 01 61 
[270s] OK V=53.10V I=+0.0A T=22.3C SOC=70% SOH=99% | CVL=56.8V CCL=208.4A DCL=208.4A | chg=1 dis=1 fc1=0 fc2=0 | prot=0000 warn=0000 | packs=2 | inv0x305=no
BAT RX 0x330 [8] 02 0D 01 01 0C FA 0C F8 
BAT RX 0x329 [8] 02 00 19 C0 02 00 40 48 
BAT RX 0x323 [8] 20 0E 10 00 00 00 00 00 
BAT RX 0x324 [8] 01 39 35 32 32 30 36 32 
BAT RX 0x322 [8] 00 F3 00 CE 03 01 46 46 
BAT RX 0x320 [8] 50 41 C3 85 85 00 00 00 
BAT RX 0x319 [8] C0 0C FA 0C F8 1D 01 00 
BAT RX 0x318 [8] 0C F8 0C F8 0C F8 0C F8 
BAT RX 0x317 [8] 0C FA 0C F9 0C F9 0C F9 
BAT RX 0x316 [8] 0C F8 0C F8 0C F8 0C F8 
BAT RX 0x315 [8] 0C FA 0C F9 0C F9 0C F9 
BAT RX 0x314 [8] 40 10 5B 04 00 02 05 41 
BAT RX 0x313 [8] 14 BE 00 00 00 DF 46 63 
BAT RX 0x312 [8] 00 00 00 00 02 00 00 00 
BAT RX 0x311 [8] 02 38 08 24 08 24 01 61 
BAT RX 0x330 [8] 01 0E 01 01 0C FA 0C F8 
BAT RX 0x329 [8] 01 00 22 34 01 00 3F AD 
BAT RX 0x323 [8] 20 0E 10 00 00 00 00 00 
BAT RX 0x324 [8] 02 43 30 37 00 00 00 00 
BAT RX 0x322 [8] 00 F3 00 CE 03 01 46 46 
BAT RX 0x320 [8] 50 41 C3 85 85 00 00 00 
BAT RX 0x319 [8] C0 0C FA 0C F8 0E 01 00 
BAT RX 0x318 [8] 0C F8 0C F8 0C F8 0C F8 
BAT RX 0x317 [8] 0C FA 0C F9 0C F9 0C F9 
BAT RX 0x316 [8] 0C F8 0C F8 0C F8 0C F7 
BAT RX 0x315 [8] 0C FA 0C F9 0C F9 0C F9 
BAT RX 0x314 [8] 40 10 5B 04 00 03 05 41 
BAT RX 0x313 [8] 14 BE 00 00 00 DF 46 63 
BAT RX 0x312 [8] 00 00 00 00 02 00 00 00 
BAT RX 0x311 [8] 02 38 08 24 08 24 01 61 
[272s] OK V=53.10V I=+0.0A T=22.3C SOC=70% SOH=99% | CVL=56.8V CCL=208.4A DCL=208.4A | chg=1 dis=1 fc1=0 fc2=0 | prot=0000 warn=0000 | packs=2 | inv0x305=no
BAT RX 0x330 [8] 01 0E 01 01 0C FA 0C F8 
BAT RX 0x329 [8] 02 00 19 C0 02 00 40 48 
BAT RX 0x323 [8] 20 0E 10 00 00 00 00 00 
BAT RX 0x324 [8] 00 02 47 50 4A 30 32 31 
BAT RX 0x322 [8] 00 F3 00 CE 03 01 46 46 
BAT RX 0x320 [8] 50 41 C3 85 85 00 00 00 
BAT RX 0x319 [8] C0 0C FA 0C F8 0E 01 00 
BAT RX 0x318 [8] 0C F8 0C F8 0C F8 0C F8 
BAT RX 0x317 [8] 0C FA 0C F9 0C F9 0C F9 
BAT RX 0x316 [8] 0C F8 0C F8 0C F8 0C F7 
BAT RX 0x315 [8] 0C F9 0C F9 0C F9 0C F9 
BAT RX 0x314 [8] 40 10 5B 04 00 02 05 41 
BAT RX 0x313 [8] 14 BE 00 00 00 DF 46 63 
BAT RX 0x312 [8] 00 00 00 00 02 00 00 00 
BAT RX 0x311 [8] 02 38 08 24 08 24 01 61 
BAT RX 0x330 [8] 01 03 01 01 0C F9 0C F7 
BAT RX 0x329 [8] 01 00 22 34 01 00 3F AD 
BAT RX 0x323 [8] 20 0E 10 00 00 00 00 00 
BAT RX 0x324 [8] 01 39 35 32 32 30 36 32 
BAT RX 0x322 [8] 00 F3 00 CE 03 01 46 46 
BAT RX 0x320 [8] 50 41 C3 85 85 00 00 00 
BAT RX 0x319 [8] C0 0C F9 0C F7 03 01 00 
BAT RX 0x318 [8] 0C F8 0C F8 0C F8 0C F8 
BAT RX 0x317 [8] 0C F9 0C F9 0C F9 0C F9 
BAT RX 0x316 [8] 0C F8 0C F8 0C F8 0C F8 
BAT RX 0x315 [8] 0C FA 0C FA 0C F9 0C F9 
BAT RX 0x314 [8] 40 10 5B 04 00 02 05 41 
BAT RX 0x313 [8] 14 BE 00 00 00 DF 46 63 
BAT RX 0x312 [8] 00 00 00 00 02 00 00 00 
BAT RX 0x311 [8] 02 38 08 24 08 24 01 61 
[274s] OK V=53.10V I=+0.0A T=22.3C SOC=70% SOH=99% | CVL=56.8V CCL=208.4A DCL=208.4A | chg=1 dis=1 fc1=0 fc2=0 | prot=0000 warn=0000 | packs=2 | inv0x305=no
BAT RX 0x330 [8] 01 0E 01 01 0C FA 0C F8 
BAT RX 0x329 [8] 02 00 19 C0 02 00 40 48 
BAT RX 0x323 [8] 20 0E 10 00 00 00 00 00 
BAT RX 0x324 [8] 02 42 42 37 00 00 00 00 
BAT RX 0x322 [8] 00 F3 00 CE 03 01 46 46 
BAT RX 0x320 [8] 50 41 C3 85 85 00 00 00 
BAT RX 0x319 [8] C0 0C FA 0C F8 0E 01 00 
BAT RX 0x318 [8] 0C F8 0C F8 0C F8 0C F8 
BAT RX 0x317 [8] 0C F9 0C F9 0C F9 0C F9 
BAT RX 0x316 [8] 0C F8 0C F8 0C F8 0C F8 
BAT RX 0x315 [8] 0C F9 0C F9 0C F9 0C F9 
BAT RX 0x314 [8] 40 10 5B 04 00 01 05 41 
BAT RX 0x313 [8] 14 BE 00 00 00 DF 46 63 
BAT RX 0x312 [8] 00 00 00 00 02 00 00 00 
BAT RX 0x311 [8] 02 38 08 24 08 24 01 61 
BAT RX 0x330 [8] 02 0D 01 01 0C FA 0C F8 
BAT RX 0x329 [8] 01 00 22 34 01 00 3F AD 
BAT RX 0x323 [8] 20 0E 10 00 00 00 00 00 
BAT RX 0x324 [8] 00 01 47 50 4A 30 32 31 
BAT RX 0x322 [8] 00 F3 00 CE 03 01 46 46 
BAT RX 0x320 [8] 50 41 C3 85 85 00 00 00 
BAT RX 0x319 [8] C0 0C FA 0C F8 1D 01 00 
BAT RX 0x318 [8] 0C F8 0C F8 0C F8 0C F8 
BAT RX 0x317 [8] 0C FA 0C F9 0C F9 0C F9 
BAT RX 0x316 [8] 0C F8 0C F8 0C F8 0C F8 
BAT RX 0x315 [8] 0C F9 0C F9 0C F9 0C F9 
BAT RX 0x314 [8] 40 10 5B 04 00 02 05 41 
BAT RX 0x313 [8] 14 BE 00 00 00 DF 46 63 
BAT RX 0x312 [8] 00 00 00 00 02 00 00 00 
BAT RX 0x311 [8] 02 38 08 24 08 24 01 61 
[276s] OK V=53.10V I=+0.0A T=22.3C SOC=70% SOH=99% | CVL=56.8V CCL=208.4A DCL=208.4A | chg=1 dis=1 fc1=0 fc2=0 | prot=0000 warn=0000 | packs=2 | inv0x305=no
BAT RX 0x330 [8] 02 0D 01 01 0C FA 0C F7 
BAT RX 0x329 [8] 02 00 19 C0 02 00 40 48 
BAT RX 0x323 [8] 20 0E 10 00 00 00 00 00 
BAT RX 0x324 [8] 01 39 35 32 32 30 36 32 
BAT RX 0x322 [8] 00 F3 00 CE 03 01 46 46 
BAT RX 0x320 [8] 50 41 C3 85 85 00 00 00 
BAT RX 0x319 [8] C0 0C FA 0C F7 1D 01 00 
BAT RX 0x318 [8] 0C F8 0C F8 0C F8 0C F8 
BAT RX 0x317 [8] 0C FA 0C F9 0C F9 0C F9 
BAT RX 0x316 [8] 0C F8 0C F8 0C F8 0C F8 
BAT RX 0x315 [8] 0C FA 0C F9 0C F9 0C F9 
BAT RX 0x314 [8] 40 10 5B 04 00 02 05 41 
BAT RX 0x313 [8] 14 BE 00 00 00 DF 46 63 
BAT RX 0x312 [8] 00 00 00 00 02 00 00 00 
BAT RX 0x311 [8] 02 38 08 24 08 24 01 61 
BAT RX 0x330 [8] 01 0E 01 01 0C FA 0C F8 
BAT RX 0x329 [8] 01 00 22 34 01 00 3F AD 
BAT RX 0x323 [8] 20 0E 10 00 00 00 00 00 
BAT RX 0x324 [8] 02 43 30 37 00 00 00 00 
BAT RX 0x322 [8] 00 F3 00 CE 03 01 46 46 
BAT RX 0x320 [8] 50 41 C3 85 85 00 00 00 
BAT RX 0x319 [8] C0 0C FA 0C F8 0E 01 00 
BAT RX 0x318 [8] 0C F8 0C F8 0C F8 0C F8 
BAT RX 0x317 [8] 0C FA 0C F9 0C F9 0C F9 
BAT RX 0x316 [8] 0C F8 0C F8 0C F8 0C F8 
BAT RX 0x315 [8] 0C F9 0C F9 0C F9 0C F9 
BAT RX 0x314 [8] 40 10 5B 04 00 02 05 41 
BAT RX 0x313 [8] 14 BE 00 00 00 DF 46 63 
BAT RX 0x312 [8] 00 00 00 00 02 00 00 00 
BAT RX 0x311 [8] 02 38 08 24 08 24 01 61 
[278s] OK V=53.10V I=+0.0A T=22.3C SOC=70% SOH=99% | CVL=56.8V CCL=208.4A DCL=208.4A | chg=1 dis=1 fc1=0 fc2=0 | prot=0000 warn=0000 | packs=2 | inv0x305=no
BAT RX 0x330 [8] 01 09 01 01 0C FA 0C F8 
BAT RX 0x329 [8] 02 00 19 C0 02 00 40 48 
BAT RX 0x323 [8] 20 0E 10 00 00 00 00 00 
BAT RX 0x324 [8] 00 02 47 50 4A 30 32 31 
BAT RX 0x322 [8] 00 F3 00 CE 03 01 46 46 
BAT RX 0x320 [8] 50 41 C3 85 85 00 00 00 
BAT RX 0x319 [8] C0 0C FA 0C F8 09 01 00 
BAT RX 0x318 [8] 0C F8 0C F8 0C F8 0C F8 
BAT RX 0x317 [8] 0C FA 0C F9 0C F9 0C F9 
BAT RX 0x316 [8] 0C F8 0C F8 0C F8 0C F8 
BAT RX 0x315 [8] 0C F9 0C F9 0C F9 0C F9 
BAT RX 0x314 [8] 40 10 5B 04 00 02 05 41 
BAT RX 0x313 [8] 14 BE 00 00 00 DF 46 63 
BAT RX 0x312 [8] 00 00 00 00 02 00 00 00 
BAT RX 0x311 [8] 02 38 08 24 08 24 01 61 
BAT RX 0x330 [8] 01 07 01 01 0C FA 0C F8 
BAT RX 0x329 [8] 01 00 22 34 01 00 3F AD 
BAT RX 0x323 [8] 20 0E 10 00 00 00 00 00 
BAT RX 0x324 [8] 01 39 35 32 32 30 36 32 
BAT RX 0x322 [8] 00 F3 00 CE 03 01 46 46 
BAT RX 0x320 [8] 50 41 C3 85 85 00 00 00 
BAT RX 0x319 [8] C0 0C FA 0C F8 07 01 00 
BAT RX 0x318 [8] 0C F8 0C F8 0C F8 0C F8 
BAT RX 0x317 [8] 0C FA 0C F9 0C F9 0C F9 
BAT RX 0x316 [8] 0C F8 0C F8 0C F8 0C F8 
BAT RX 0x315 [8] 0C FA 0C F9 0C F9 0C F9 
BAT RX 0x314 [8] 40 10 5B 04 00 02 05 41 
BAT RX 0x313 [8] 14 BE 00 00 00 DF 46 63 
BAT RX 0x312 [8] 00 00 00 00 02 00 00 00 
BAT RX 0x311 [8] 02 38 08 24 08 24 01 61 
[280s] OK V=53.10V I=+0.0A T=22.3C SOC=70% SOH=99% | CVL=56.8V CCL=208.4A DCL=208.4A | chg=1 dis=1 fc1=0 fc2=0 | prot=0000 warn=0000 | packs=2 | inv0x305=no
BAT RX 0x330 [8] 02 0C 01 01 0C FA 0C F8 
BAT RX 0x329 [8] 02 00 19 C0 02 00 40 48 
BAT RX 0x323 [8] 20 0E 10 00 00 00 00 00 
BAT RX 0x324 [8] 02 42 42 37 00 00 00 00 
BAT RX 0x322 [8] 00 F3 00 CE 03 01 46 46 
BAT RX 0x320 [8] 50 41 C3 85 85 00 00 00 
BAT RX 0x319 [8] C0 0C FA 0C F8 1C 01 00 
BAT RX 0x318 [8] 0C F8 0C F8 0C F8 0C F8 
BAT RX 0x317 [8] 0C FA 0C FA 0C F9 0C F9 
BAT RX 0x316 [8] 0C F8 0C F8 0C F8 0C F8 
BAT RX 0x315 [8] 0C FA 0C F9 0C F9 0C F9 
BAT RX 0x314 [8] 40 10 5B 04 00 02 05 41 
BAT RX 0x313 [8] 14 BE 00 00 00 DF 46 63 
BAT RX 0x312 [8] 00 00 00 00 02 00 00 00 
BAT RX 0x311 [8] 02 38 08 24 08 24 01 61 
BAT RX 0x330 [8] 01 0C 01 01 0C FA 0C F8 
BAT RX 0x329 [8] 01 00 22 34 01 00 3F AD 
BAT RX 0x323 [8] 20 0E 10 00 00 00 00 00 
BAT RX 0x324 [8] 00 01 47 50 4A 30 32 31 
BAT RX 0x322 [8] 00 F3 00 CE 03 01 46 46 
BAT RX 0x320 [8] 50 41 C3 85 85 00 00 00 
BAT RX 0x319 [8] C0 0C FA 0C F8 0C 01 00 
BAT RX 0x318 [8] 0C F9 0C F9 0C F9 0C F8 
BAT RX 0x317 [8] 0C F9 0C F9 0C F9 0C F9 
BAT RX 0x316 [8] 0C F8 0C F8 0C F8 0C F8 
BAT RX 0x315 [8] 0C FA 0C F9 0C F9 0C F9 
BAT RX 0x314 [8] 40 10 5B 04 00 02 05 41 
BAT RX 0x313 [8] 14 BE 00 00 00 DF 46 63 
BAT RX 0x312 [8] 00 00 00 00 02 00 00 00 
BAT RX 0x311 [8] 02 38 08 24 08 24 01 61 
[282s] OK V=53.10V I=+0.0A T=22.3C SOC=70% SOH=99% | CVL=56.8V CCL=208.4A DCL=208.4A | chg=1 dis=1 fc1=0 fc2=0 | prot=0000 warn=0000 | packs=2 | inv0x305=no
BAT RX 0x330 [8] 02 0D 01 01 0C FA 0C F8 
BAT RX 0x329 [8] 02 00 19 C0 02 00 40 48 
BAT RX 0x323 [8] 20 0E 10 00 00 00 00 00 
BAT RX 0x324 [8] 01 39 35 32 32 30 36 32 
BAT RX 0x322 [8] 00 F3 00 CE 03 01 46 46 
BAT RX 0x320 [8] 50 41 C3 85 85 00 00 00 
BAT RX 0x319 [8] C0 0C FA 0C F8 1D 01 00 
BAT RX 0x318 [8] 0C F8 0C F8 0C F8 0C F8 
BAT RX 0x317 [8] 0C FA 0C F9 0C F9 0C F9 
BAT RX 0x316 [8] 0C F8 0C F8 0C F8 0C F8 
BAT RX 0x315 [8] 0C FA 0C F9 0C F9 0C F9 
BAT RX 0x314 [8] 40 10 5B 04 00 02 05 41 
BAT RX 0x313 [8] 14 BE 00 00 00 DF 46 63 
BAT RX 0x312 [8] 00 00 00 00 02 00 00 00 
BAT RX 0x311 [8] 02 38 08 24 08 24 01 61 
BAT RX 0x330 [8] 01 0B 01 03 0C FA 0C F7 
BAT RX 0x329 [8] 01 00 22 34 01 00 3F AD 
BAT RX 0x323 [8] 20 0E 10 00 00 00 00 00 
BAT RX 0x324 [8] 02 43 30 37 00 00 00 00 
BAT RX 0x322 [8] 00 F3 00 CE 03 01 46 46 
BAT RX 0x320 [8] 50 41 C3 85 85 00 00 00 
BAT RX 0x319 [8] C0 0C FA 0C F7 0B 03 00 
BAT RX 0x318 [8] 0C F8 0C F8 0C F8 0C F8 
BAT RX 0x317 [8] 0C FA 0C F9 0C F9 0C F9 
BAT RX 0x316 [8] 0C F8 0C F8 0C F8 0C F8 
BAT RX 0x315 [8] 0C F9 0C F9 0C F9 0C F9 
BAT RX 0x314 [8] 40 10 5B 04 00 02 05 41 
BAT RX 0x313 [8] 14 BE 00 00 00 DF 46 63 
BAT RX 0x312 [8] 00 00 00 00 02 00 00 00 
BAT RX 0x311 [8] 02 38 08 24 08 24 01 61 
[284s] OK V=53.10V I=+0.0A T=22.3C SOC=70% SOH=99% | CVL=56.8V CCL=208.4A DCL=208.4A | chg=1 dis=1 fc1=0 fc2=0 | prot=0000 warn=0000 | packs=2 | inv0x305=no

---- battery-bus rate stats (VERBOSE_STATS) ----------------------------
  4178 frames, 285 s elapsed
  ID     count   period(ms)  (min-max gap)
  0x324     278   1009 (1-4867)
  0x329     280    996 (1-4866)
  0x330     283    985 (0-4000)
  0x312     278   1004 (1-4867)
  0x313     278   1004 (1-4867)
  0x314     278   1004 (1-4867)
  0x315     278   1004 (1-4867)
  0x316     278   1003 (1-4867)
  0x317     278   1003 (1-4867)
  0x318     278   1003 (1-4867)
  0x319     278   1003 (1-4867)
  0x320     278   1003 (1-4866)
  0x322     278   1003 (0-4867)
  0x311     278   1004 (1-4867)
  0x323     279   1000 (1-4866)
--------------------------------------------------------------------------

  TWAI: state=RUNNING  tx_err=0 rx_err=0  tx_failed=0  rx_missed=111 rx_overrun=0  arb_lost=0  bus_err=0
BAT RX 0x330 [8] 01 10 01 03 0C FA 0C F8 
BAT RX 0x329 [8] 02 00 19 C0 02 00 40 48 
BAT RX 0x323 [8] 20 0E 10 00 00 00 00 00 
BAT RX 0x324 [8] 00 02 47 50 4A 30 32 31 
BAT RX 0x322 [8] 00 F3 00 CE 03 01 46 46 
BAT RX 0x320 [8] 50 41 C3 85 85 00 00 00 
BAT RX 0x319 [8] C0 0C FA 0C F8 10 03 00 
BAT RX 0x318 [8] 0C F9 0C F8 0C F8 0C F8 
BAT RX 0x317 [8] 0C FA 0C F9 0C F9 0C F9 
BAT RX 0x316 [8] 0C F8 0C F8 0C F8 0C F8 
BAT RX 0x315 [8] 0C F9 0C F9 0C F9 0C F9 
BAT RX 0x314 [8] 40 10 5B 04 00 02 05 41 
BAT RX 0x313 [8] 14 BE 00 00 00 DF 46 63 
BAT RX 0x312 [8] 00 00 00 00 02 00 00 00 
BAT RX 0x311 [8] 02 38 08 24 08 24 01 61 
BAT RX 0x330 [8] 01 0E 01 01 0C FA 0C F8 
BAT RX 0x329 [8] 01 00 22 34 01 00 3F AD 
BAT RX 0x323 [8] 20 0E 10 00 00 00 00 00 
BAT RX 0x324 [8] 01 39 35 32 32 30 36 32 
BAT RX 0x322 [8] 00 F3 00 CE 03 01 46 46 
BAT RX 0x320 [8] 50 41 C3 85 85 00 00 00 
BAT RX 0x319 [8] C0 0C FA 0C F8 0E 01 00 
BAT RX 0x318 [8] 0C F9 0C F9 0C F8 0C F8 
BAT RX 0x317 [8] 0C FA 0C F9 0C F9 0C F9 
BAT RX 0x316 [8] 0C F8 0C F8 0C F8 0C F8 
BAT RX 0x315 [8] 0C FA 0C FA 0C F9 0C F9 
BAT RX 0x314 [8] 40 10 5B 04 00 02 05 41 
BAT RX 0x313 [8] 14 BE 00 00 00 DF 46 63 
BAT RX 0x312 [8] 00 00 00 00 02 00 00 00 
BAT RX 0x311 [8] 02 38 08 24 08 24 01 61 
[286s] OK V=53.10V I=+0.0A T=22.3C SOC=70% SOH=99% | CVL=56.8V CCL=208.4A DCL=208.4A | chg=1 dis=1 fc1=0 fc2=0 | prot=0000 warn=0000 | packs=2 | inv0x305=no
BAT RX 0x330 [8] 01 0E 01 01 0C FA 0C F8 
BAT RX 0x329 [8] 02 00 19 C0 02 00 40 48 
BAT RX 0x323 [8] 20 0E 10 00 00 00 00 00 
BAT RX 0x324 [8] 02 42 42 37 00 00 00 00 
BAT RX 0x322 [8] 00 F3 00 CE 03 01 46 46 
BAT RX 0x320 [8] 50 41 C3 85 85 00 00 00 
BAT RX 0x319 [8] C0 0C FA 0C F8 0E 01 00 
BAT RX 0x318 [8] 0C F8 0C F8 0C F8 0C F8 
BAT RX 0x317 [8] 0C FA 0C FA 0C F9 0C F9 
BAT RX 0x316 [8] 0C F8 0C F8 0C F8 0C F8 
BAT RX 0x315 [8] 0C FA 0C F9 0C F9 0C F9 
BAT RX 0x314 [8] 40 10 5B 04 00 02 05 41 
BAT RX 0x313 [8] 14 BE 00 00 00 DF 46 63 
BAT RX 0x312 [8] 00 00 00 00 02 00 00 00 
BAT RX 0x311 [8] 02 38 08 24 08 24 01 61 
BAT RX 0x330 [8] 01 0B 01 03 0C FA 0C F7 
BAT RX 0x329 [8] 01 00 22 34 01 00 3F AD 
BAT RX 0x323 [8] 20 0E 10 00 00 00 00 00 
BAT RX 0x324 [8] 00 01 47 50 4A 30 32 31 
BAT RX 0x322 [8] 00 F3 00 CE 03 01 46 46 
BAT RX 0x320 [8] 50 41 C3 85 85 00 00 00 
BAT RX 0x319 [8] C0 0C FA 0C F7 0B 03 00 
BAT RX 0x318 [8] 0C F8 0C F8 0C F8 0C F8 
BAT RX 0x317 [8] 0C FA 0C F9 0C F9 0C F9 
BAT RX 0x316 [8] 0C F8 0C F8 0C F8 0C F8 
BAT RX 0x315 [8] 0C FA 0C FA 0C F9 0C F9 
BAT RX 0x314 [8] 40 10 5B 04 00 02 05 41 
BAT RX 0x313 [8] 14 BE 00 00 00 DF 46 63 
BAT RX 0x312 [8] 00 00 00 00 02 00 00 00 
BAT RX 0x311 [8] 02 38 08 24 08 24 01 61 
[288s] OK V=53.10V I=+0.0A T=22.3C SOC=70% SOH=99% | CVL=56.8V CCL=208.4A DCL=208.4A | chg=1 dis=1 fc1=0 fc2=0 | prot=0000 warn=0000 | packs=2 | inv0x305=no
BAT RX 0x330 [8] 01 0E 01 03 0C FA 0C F7 
BAT RX 0x329 [8] 02 00 19 C0 02 00 40 48 
BAT RX 0x323 [8] 20 0E 10 00 00 00 00 00 
BAT RX 0x324 [8] 01 39 35 32 32 30 36 32 
BAT RX 0x322 [8] 00 F3 00 CE 03 01 46 46 
BAT RX 0x320 [8] 50 41 C3 85 85 00 00 00 
BAT RX 0x319 [8] C0 0C FA 0C F7 0E 03 00 
BAT RX 0x318 [8] 0C F8 0C F8 0C F8 0C F8 
BAT RX 0x317 [8] 0C FA 0C F9 0C F9 0C F9 
BAT RX 0x316 [8] 0C F8 0C F8 0C F8 0C F8 
BAT RX 0x315 [8] 0C FA 0C F9 0C F9 0C F9 
BAT RX 0x314 [8] 40 10 5B 04 00 02 05 41 
BAT RX 0x313 [8] 14 BE 00 00 00 DF 46 63 
BAT RX 0x312 [8] 00 00 00 00 02 00 00 00 
BAT RX 0x311 [8] 02 38 08 24 08 24 01 61 
BAT RX 0x330 [8] 01 09 01 02 0C FA 0C F7 
BAT RX 0x329 [8] 01 00 22 34 01 00 3F AD 
BAT RX 0x323 [8] 20 0E 10 00 00 00 00 00 
BAT RX 0x324 [8] 02 43 30 37 00 00 00 00 
BAT RX 0x322 [8] 00 F3 00 CE 03 01 46 46 
BAT RX 0x320 [8] 50 41 C3 85 85 00 00 00 
BAT RX 0x319 [8] C0 0C FA 0C F7 09 02 00 
BAT RX 0x318 [8] 0C F9 0C F8 0C F8 0C F8 
BAT RX 0x317 [8] 0C FA 0C F9 0C F9 0C F9 
BAT RX 0x316 [8] 0C F8 0C F8 0C F8 0C F8 
BAT RX 0x315 [8] 0C FA 0C FA 0C FA 0C F9 
BAT RX 0x314 [8] 40 10 5B 04 00 02 05 41 
BAT RX 0x313 [8] 14 BE 00 00 00 DF 46 63 
BAT RX 0x312 [8] 00 00 00 00 02 00 00 00 
BAT RX 0x311 [8] 02 38 08 24 08 24 01 61 
[290s] OK V=53.10V I=+0.0A T=22.3C SOC=70% SOH=99% | CVL=56.8V CCL=208.4A DCL=208.4A | chg=1 dis=1 fc1=0 fc2=0 | prot=0000 warn=0000 | packs=2 | inv0x305=no
BAT RX 0x330 [8] 01 10 01 03 0C FA 0C F8 
BAT RX 0x329 [8] 02 00 19 C0 02 00 40 48 
BAT RX 0x323 [8] 20 0E 10 00 00 00 00 00 
BAT RX 0x324 [8] 00 02 47 50 4A 30 32 31 
BAT RX 0x322 [8] 00 F3 00 CE 03 01 46 46 
BAT RX 0x320 [8] 50 41 C3 85 85 00 00 00 
BAT RX 0x319 [8] C0 0C FA 0C F8 10 03 00 
BAT RX 0x318 [8] 0C F9 0C F8 0C F8 0C F8 
BAT RX 0x317 [8] 0C FA 0C F9 0C F9 0C F9 
BAT RX 0x316 [8] 0C F8 0C F8 0C F8 0C F7 
BAT RX 0x315 [8] 0C FA 0C FA 0C FA 0C F9 
BAT RX 0x314 [8] 40 10 5B 04 00 03 05 41 
BAT RX 0x313 [8] 14 BE 00 00 00 DF 46 63 
BAT RX 0x312 [8] 00 00 00 00 02 00 00 00 
BAT RX 0x311 [8] 02 38 08 24 08 24 01 61 
BAT RX 0x330 [8] 01 07 01 01 0C FA 0C F8 
BAT RX 0x329 [8] 01 00 22 34 01 00 3F AD 
BAT RX 0x323 [8] 20 0E 10 00 00 00 00 00 
BAT RX 0x324 [8] 01 39 35 32 32 30 36 32 
BAT RX 0x322 [8] 00 F3 00 CE 03 01 46 46 
BAT RX 0x320 [8] 50 41 C3 85 85 00 00 00 
BAT RX 0x319 [8] C0 0C FA 0C F8 07 01 00 
BAT RX 0x318 [8] 0C F9 0C F9 0C F8 0C F8 
BAT RX 0x317 [8] 0C FA 0C F9 0C F9 0C F9 
BAT RX 0x316 [8] 0C F8 0C F8 0C F8 0C F8 
BAT RX 0x315 [8] 0C FA 0C F9 0C F9 0C F9 
BAT RX 0x314 [8] 40 10 5B 04 00 02 05 41 
BAT RX 0x313 [8] 14 BE 00 00 00 DF 46 63 
BAT RX 0x312 [8] 00 00 00 00 02 00 00 00 
BAT RX 0x311 [8] 02 38 08 24 08 24 01 61 
[292s] OK V=53.10V I=+0.0A T=22.3C SOC=70% SOH=99% | CVL=56.8V CCL=208.4A DCL=208.4A | chg=1 dis=1 fc1=0 fc2=0 | prot=0000 warn=0000 | packs=2 | inv0x305=no
BAT RX 0x330 [8] 01 09 01 01 0C FA 0C F7 
BAT RX 0x329 [8] 02 00 19 C0 02 00 40 48 
BAT RX 0x323 [8] 20 0E 10 00 00 00 00 00 
BAT RX 0x324 [8] 02 42 42 37 00 00 00 00 
BAT RX 0x322 [8] 00 F3 00 CE 03 01 46 46 
BAT RX 0x320 [8] 50 41 C3 85 85 00 00 00 
BAT RX 0x319 [8] C0 0C FA 0C F7 09 01 00 
BAT RX 0x318 [8] 0C F9 0C F9 0C F8 0C F8 
BAT RX 0x317 [8] 0C FA 0C F9 0C F9 0C F9 
BAT RX 0x316 [8] 0C F8 0C F8 0C F7 0C F7 
BAT RX 0x315 [8] 0C FA 0C FA 0C F9 0C F9 
BAT RX 0x314 [8] 40 10 5B 04 00 03 05 41 
BAT RX 0x313 [8] 14 BE 00 00 00 DF 46 63 
BAT RX 0x312 [8] 00 00 00 00 02 00 00 00 
BAT RX 0x311 [8] 02 38 08 24 08 24 01 61 
BAT RX 0x330 [8] 01 07 01 05 0C FA 0C F7 
BAT RX 0x329 [8] 01 00 22 34 01 00 3F AD 
BAT RX 0x323 [8] 20 0E 10 00 00 00 00 00 
BAT RX 0x324 [8] 00 01 47 50 4A 30 32 31 
BAT RX 0x322 [8] 00 F3 00 CE 03 01 46 46 
BAT RX 0x320 [8] 50 41 C3 85 85 00 00 00 
BAT RX 0x319 [8] C0 0C FA 0C F7 07 05 00 
BAT RX 0x318 [8] 0C F8 0C F8 0C F8 0C F8 
BAT RX 0x317 [8] 0C FA 0C F9 0C F9 0C F9 
BAT RX 0x316 [8] 0C F8 0C F8 0C F8 0C F8 
BAT RX 0x315 [8] 0C FA 0C F9 0C F9 0C F9 
BAT RX 0x314 [8] 40 10 5B 04 00 02 05 41 
BAT RX 0x313 [8] 14 BE 00 00 00 DF 46 63 
BAT RX 0x312 [8] 00 00 00 00 02 00 00 00 
BAT RX 0x311 [8] 02 38 08 24 08 24 01 61 
[294s] OK V=53.10V I=+0.0A T=22.3C SOC=70% SOH=99% | CVL=56.8V CCL=208.4A DCL=208.4A | chg=1 dis=1 fc1=0 fc2=0 | prot=0000 warn=0000 | packs=2 | inv0x305=no
BAT RX 0x330 [8] 02 0C 01 01 0C FA 0C F8 
BAT RX 0x329 [8] 02 00 19 C0 02 00 40 48 
BAT RX 0x323 [8] 20 0E 10 00 00 00 00 00 
BAT RX 0x324 [8] 01 39 35 32 32 30 36 32 
BAT RX 0x322 [8] 00 F3 00 CE 03 01 46 46 
BAT RX 0x320 [8] 50 41 C3 85 85 00 00 00 
BAT RX 0x319 [8] C0 0C FA 0C F8 1C 01 00 
BAT RX 0x318 [8] 0C F8 0C F8 0C F8 0C F8 
BAT RX 0x317 [8] 0C FA 0C FA 0C F9 0C F9 
BAT RX 0x316 [8] 0C F8 0C F8 0C F8 0C F8 
BAT RX 0x315 [8] 0C F9 0C F9 0C F9 0C F9 
BAT RX 0x314 [8] 40 10 5B 04 00 02 05 41 
BAT RX 0x313 [8] 14 BE 00 00 00 DF 46 63 
BAT RX 0x312 [8] 00 00 00 00 02 00 00 00 
BAT RX 0x311 [8] 02 38 08 24 08 24 01 61 
BAT RX 0x330 [8] 01 0E 01 02 0C FA 0C F8 
BAT RX 0x329 [8] 01 00 22 34 01 00 3F AD 
BAT RX 0x323 [8] 20 0E 10 00 00 00 00 00 
BAT RX 0x324 [8] 02 43 30 37 00 00 00 00 
BAT RX 0x322 [8] 00 F3 00 CE 03 01 46 46 
BAT RX 0x320 [8] 50 41 C3 85 85 00 00 00 
BAT RX 0x319 [8] C0 0C FA 0C F8 0E 02 00 
BAT RX 0x318 [8] 0C F9 0C F8 0C F8 0C F8 
BAT RX 0x317 [8] 0C FA 0C F9 0C F9 0C F9 
BAT RX 0x316 [8] 0C F8 0C F8 0C F8 0C F8 
BAT RX 0x315 [8] 0C F9 0C F9 0C F9 0C F9 
BAT RX 0x314 [8] 40 10 5B 04 00 02 05 41 
BAT RX 0x313 [8] 14 BE 00 00 00 DF 46 63 
BAT RX 0x312 [8] 00 00 00 00 02 00 00 00 
BAT RX 0x311 [8] 02 38 08 24 08 24 01 61 
[296s] OK V=53.10V I=+0.0A T=22.3C SOC=70% SOH=99% | CVL=56.8V CCL=208.4A DCL=208.4A | chg=1 dis=1 fc1=0 fc2=0 | prot=0000 warn=0000 | packs=2 | inv0x305=no
BAT RX 0x330 [8] 01 0E 01 01 0C FA 0C F8 
BAT RX 0x329 [8] 02 00 19 C0 02 00 40 48 
BAT RX 0x323 [8] 20 0E 10 00 00 00 00 00 
BAT RX 0x324 [8] 00 02 47 50 4A 30 32 31 
BAT RX 0x322 [8] 00 F3 00 CE 03 01 46 46 
BAT RX 0x320 [8] 50 41 C3 85 85 00 00 00 
BAT RX 0x319 [8] C0 0C FA 0C F8 0E 01 00 
BAT RX 0x318 [8] 0C F9 0C F8 0C F8 0C F8 
BAT RX 0x317 [8] 0C FA 0C FA 0C F9 0C F9 
BAT RX 0x316 [8] 0C F8 0C F8 0C F8 0C F8 
BAT RX 0x315 [8] 0C FB 0C FA 0C FA 0C F9 
BAT RX 0x314 [8] 40 10 5B 04 00 03 05 41 
BAT RX 0x313 [8] 14 BE 00 00 00 DF 46 63 
BAT RX 0x312 [8] 00 00 00 00 02 00 00 00 
BAT RX 0x311 [8] 02 38 08 24 08 24 01 61 
BAT RX 0x330 [8] 01 0E 01 01 0C FA 0C F8 
BAT RX 0x329 [8] 01 00 22 34 01 00 3F AD 
BAT RX 0x323 [8] 20 0E 10 00 00 00 00 00 
BAT RX 0x324 [8] 01 39 35 32 32 30 36 32 
BAT RX 0x322 [8] 00 F3 00 CE 03 01 46 46 
BAT RX 0x320 [8] 50 41 C3 85 85 00 00 00 
BAT RX 0x319 [8] C0 0C FA 0C F8 0E 01 00 
BAT RX 0x318 [8] 0C F9 0C F8 0C F8 0C F8 
BAT RX 0x317 [8] 0C FA 0C FA 0C FA 0C F9 
BAT RX 0x316 [8] 0C F8 0C F8 0C F8 0C F8 
BAT RX 0x315 [8] 0C FA 0C FA 0C F9 0C F9 
BAT RX 0x314 [8] 40 10 5B 04 00 02 05 41 
BAT RX 0x313 [8] 14 BE 00 00 00 DF 46 63 
BAT RX 0x312 [8] 00 00 00 00 02 00 00 00 
BAT RX 0x311 [8] 02 38 08 24 08 24 01 61 
[298s] OK V=53.10V I=+0.0A T=22.3C SOC=70% SOH=99% | CVL=56.8V CCL=208.4A DCL=208.4A | chg=1 dis=1 fc1=0 fc2=0 | prot=0000 warn=0000 | packs=2 | inv0x305=no
BAT RX 0x330 [8] 01 0E 01 01 0C FA 0C F8 
BAT RX 0x329 [8] 02 00 19 C0 02 00 40 48 
BAT RX 0x323 [8] 20 0E 10 00 00 00 00 00 
BAT RX 0x324 [8] 02 42 42 37 00 00 00 00 
BAT RX 0x322 [8] 00 F3 00 CE 03 01 46 46 
BAT RX 0x320 [8] 50 41 C3 85 85 00 00 00 
BAT RX 0x319 [8] C0 0C FA 0C F8 0E 01 00 
BAT RX 0x318 [8] 0C F9 0C F8 0C F8 0C F8 
BAT RX 0x317 [8] 0C FA 0C FA 0C F9 0C F9 
BAT RX 0x316 [8] 0C F8 0C F8 0C F8 0C F8 
BAT RX 0x315 [8] 0C FA 0C FA 0C F9 0C F9 
BAT RX 0x314 [8] 40 10 5B 04 00 02 05 41 
BAT RX 0x313 [8] 14 BE 00 00 00 DF 46 63 
BAT RX 0x312 [8] 00 00 00 00 02 00 00 00 
BAT RX 0x311 [8] 02 38 08 24 08 24 01 61 

---- battery-bus rate stats (VERBOSE_STATS) ----------------------------
  4403 frames, 300 s elapsed
  ID     count   period(ms)  (min-max gap)
  0x324     293   1008 (1-4867)
  0x329     295    996 (1-4866)
  0x330     298    986 (0-4000)
  0x312     293   1003 (1-4867)
  0x313     293   1003 (1-4867)
  0x314     293   1003 (1-4867)
  0x315     293   1003 (1-4867)
  0x316     293   1003 (1-4867)
  0x317     293   1003 (1-4867)
  0x318     293   1003 (1-4867)
  0x319     293   1003 (1-4867)
  0x320     293   1003 (1-4866)
  0x322     293   1003 (0-4867)
  0x311     293   1003 (1-4867)
  0x323     294   1000 (1-4866)
--------------------------------------------------------------------------

  TWAI: state=RUNNING  tx_err=0 rx_err=0  tx_failed=0  rx_missed=111 rx_overrun=0  arb_lost=0  bus_err=0
BAT RX 0x330 [8] 01 09 01 02 0C FA 0C F8 
BAT RX 0x329 [8] 01 00 22 34 01 00 3F AD 
BAT RX 0x323 [8] 20 0E 10 00 00 00 00 00 
BAT RX 0x324 [8] 00 01 47 50 4A 30 32 31 
BAT RX 0x322 [8] 00 F3 00 CE 03 01 46 46 
BAT RX 0x320 [8] 50 41 C3 85 85 00 00 00 
BAT RX 0x319 [8] C0 0C FA 0C F8 09 02 00 
BAT RX 0x318 [8] 0C F9 0C F8 0C F8 0C F8 
BAT RX 0x317 [8] 0C FA 0C FA 0C F9 0C F9 
BAT RX 0x316 [8] 0C F8 0C F8 0C F8 0C F8 
BAT RX 0x315 [8] 0C FA 0C FA 0C F9 0C F9 
BAT RX 0x314 [8] 40 10 5B 04 00 02 05 41 
BAT RX 0x313 [8] 14 BE 00 00 00 DF 46 63 
BAT RX 0x312 [8] 00 00 00 00 02 00 00 00 
BAT RX 0x311 [8] 02 38 08 24 08 24 01 61 
[300s] OK V=53.10V I=+0.0A T=22.3C SOC=70% SOH=99% | CVL=56.8V CCL=208.4A DCL=208.4A | chg=1 dis=1 fc1=0 fc2=0 | prot=0000 warn=0000 | packs=2 | inv0x305=no
BAT RX 0x330 [8] 01 0D 01 01 0C FA 0C F8 
BAT RX 0x329 [8] 02 00 19 C0 02 00 40 48 
BAT RX 0x323 [8] 20 0E 10 00 00 00 00 00 
BAT RX 0x324 [8] 01 39 35 32 32 30 36 32 
BAT RX 0x322 [8] 00 F3 00 CE 03 01 46 46 
BAT RX 0x320 [8] 50 41 C3 85 85 00 00 00 
BAT RX 0x319 [8] C0 0C FA 0C F8 0D 01 00 
BAT RX 0x318 [8] 0C F9 0C F9 0C F9 0C F8 
BAT RX 0x317 [8] 0C FA 0C FA 0C F9 0C F9 
BAT RX 0x316 [8] 0C F8 0C F8 0C F8 0C F8 
BAT RX 0x315 [8] 0C F9 0C F9 0C F9 0C F9 
BAT RX 0x314 [8] 40 10 5B 04 00 02 05 41 
BAT RX 0x313 [8] 14 BE 00 00 00 DF 46 63 
BAT RX 0x312 [8] 00 00 00 00 02 00 00 00 
BAT RX 0x311 [8] 02 38 08 24 08 24 01 61 
BAT RX 0x330 [8] 01 0E 01 03 0C FA 0C F8 
BAT RX 0x329 [8] 01 00 22 34 01 00 3F AD 
BAT RX 0x323 [8] 20 0E 10 00 00 00 00 00 
BAT RX 0x324 [8] 02 43 30 37 00 00 00 00 
BAT RX 0x322 [8] 00 F3 00 CE 03 01 46 46 
BAT RX 0x320 [8] 50 41 C3 85 85 00 00 00 
BAT RX 0x319 [8] C0 0C FA 0C F8 0E 03 00 
BAT RX 0x318 [8] 0C F9 0C F9 0C F8 0C F8 
BAT RX 0x317 [8] 0C FA 0C FA 0C F9 0C F9 
BAT RX 0x316 [8] 0C F8 0C F8 0C F8 0C F8 
BAT RX 0x315 [8] 0C F9 0C F9 0C F9 0C F9 
BAT RX 0x314 [8] 40 10 5B 04 00 02 05 41 
BAT RX 0x313 [8] 14 BE 00 00 00 DF 46 63 
BAT RX 0x312 [8] 00 00 00 00 02 00 00 00 
BAT RX 0x311 [8] 02 38 08 24 08 24 01 61 
[302s] OK V=53.10V I=+0.0A T=22.3C SOC=70% SOH=99% | CVL=56.8V CCL=208.4A DCL=208.4A | chg=1 dis=1 fc1=0 fc2=0 | prot=0000 warn=0000 | packs=2 | inv0x305=no
BAT RX 0x330 [8] 02 0C 01 01 0C FA 0C F8 
BAT RX 0x329 [8] 02 00 19 C0 02 00 40 48 
BAT RX 0x323 [8] 20 0E 10 00 00 00 00 00 
BAT RX 0x324 [8] 00 02 47 50 4A 30 32 31 
BAT RX 0x322 [8] 00 F3 00 CE 03 01 46 46 
BAT RX 0x320 [8] 50 41 C3 85 85 00 00 00 
BAT RX 0x319 [8] C0 0C FA 0C F8 1C 01 00 
BAT RX 0x318 [8] 0C F9 0C F9 0C F8 0C F8 
BAT RX 0x317 [8] 0C FA 0C FA 0C F9 0C F9 
BAT RX 0x316 [8] 0C F8 0C F8 0C F8 0C F8 
BAT RX 0x315 [8] 0C F9 0C F9 0C F9 0C F9 
BAT RX 0x314 [8] 40 10 5B 04 00 02 05 41 
BAT RX 0x313 [8] 14 BE 00 00 00 DF 46 63 
BAT RX 0x312 [8] 00 00 00 00 02 00 00 00 
BAT RX 0x311 [8] 02 38 08 24 08 24 01 61 
BAT RX 0x330 [8] 01 06 01 04 0C FA 0C F7 
BAT RX 0x329 [8] 01 00 22 34 01 00 3F AD 
BAT RX 0x323 [8] 20 0E 10 00 00 00 00 00 
BAT RX 0x324 [8] 01 39 35 32 32 30 36 32 
BAT RX 0x322 [8] 00 F3 00 CE 03 01 46 46 
BAT RX 0x320 [8] 50 41 C3 85 85 00 00 00 
BAT RX 0x319 [8] C0 0C FA 0C F7 06 04 00 
BAT RX 0x318 [8] 0C F9 0C F8 0C F8 0C F8 
BAT RX 0x317 [8] 0C FA 0C F9 0C F9 0C F9 
BAT RX 0x316 [8] 0C F8 0C F8 0C F8 0C F8 
BAT RX 0x315 [8] 0C FA 0C F9 0C F9 0C F9 
BAT RX 0x314 [8] 40 10 5B 04 00 02 05 41 
BAT RX 0x313 [8] 14 BE 00 00 00 DF 46 63 
BAT RX 0x312 [8] 00 00 00 00 02 00 00 00 
BAT RX 0x311 [8] 02 38 08 24 08 24 01 61 
[304s] OK V=53.10V I=+0.0A T=22.3C SOC=70% SOH=99% | CVL=56.8V CCL=208.4A DCL=208.4A | chg=1 dis=1 fc1=0 fc2=0 | prot=0000 warn=0000 | packs=2 | inv0x305=no
BAT RX 0x330 [8] 01 0D 01 01 0C FA 0C F8 
BAT RX 0x329 [8] 02 00 19 C0 02 00 40 48 
BAT RX 0x323 [8] 20 0E 10 00 00 00 00 00 
BAT RX 0x324 [8] 02 42 42 37 00 00 00 00 
BAT RX 0x322 [8] 00 F3 00 CE 03 01 46 46 
BAT RX 0x320 [8] 50 41 C3 85 85 00 00 00 
BAT RX 0x319 [8] C0 0C FA 0C F8 0D 01 00 
BAT RX 0x318 [8] 0C F9 0C F9 0C F8 0C F8 
BAT RX 0x317 [8] 0C FA 0C F9 0C F9 0C F9 
BAT RX 0x316 [8] 0C F9 0C F8 0C F8 0C F8 
BAT RX 0x315 [8] 0C F9 0C F9 0C F9 0C F9 
BAT RX 0x314 [8] 40 10 5B 04 00 02 05 41 
BAT RX 0x313 [8] 14 BE 00 00 00 DF 46 63 
BAT RX 0x312 [8] 00 00 00 00 02 00 00 00 
BAT RX 0x311 [8] 02 38 08 24 08 24 01 61 
BAT RX 0x330 [8] 01 0D 01 01 0C FA 0C F8 
BAT RX 0x329 [8] 01 00 22 34 01 00 3F AD 
BAT RX 0x323 [8] 20 0E 10 00 00 00 00 00 
BAT RX 0x324 [8] 00 01 47 50 4A 30 32 31 
BAT RX 0x322 [8] 00 F3 00 CE 03 01 46 46 
BAT RX 0x320 [8] 50 41 C3 85 85 00 00 00 
BAT RX 0x319 [8] C0 0C FA 0C F8 0D 01 00 
BAT RX 0x318 [8] 0C F8 0C F8 0C F8 0C F8 
BAT RX 0x317 [8] 0C FA 0C FA 0C FA 0C F9 
BAT RX 0x316 [8] 0C F8 0C F8 0C F8 0C F8 
BAT RX 0x315 [8] 0C FA 0C FA 0C F9 0C F9 
BAT RX 0x314 [8] 40 10 5B 04 00 02 05 41 
BAT RX 0x313 [8] 14 BE 00 00 00 DF 46 63 
BAT RX 0x312 [8] 00 00 00 00 02 00 00 00 
BAT RX 0x311 [8] 02 38 08 24 08 24 01 61 
[306s] OK V=53.10V I=+0.0A T=22.3C SOC=70% SOH=99% | CVL=56.8V CCL=208.4A DCL=208.4A | chg=1 dis=1 fc1=0 fc2=0 | prot=0000 warn=0000 | packs=2 | inv0x305=no
BAT RX 0x330 [8] 02 0C 01 02 0C FA 0C F8 
BAT RX 0x329 [8] 02 00 19 C0 02 00 40 48 
BAT RX 0x323 [8] 20 0E 10 00 00 00 00 00 
BAT RX 0x324 [8] 01 39 35 32 32 30 36 32 
BAT RX 0x322 [8] 00 F3 00 CE 03 01 46 46 
BAT RX 0x320 [8] 50 41 C3 85 85 00 00 00 
BAT RX 0x319 [8] C0 0C FA 0C F8 1C 02 00 
BAT RX 0x318 [8] 0C F8 0C F8 0C F8 0C F8 
BAT RX 0x317 [8] 0C FA 0C FA 0C F9 0C F9 
BAT RX 0x316 [8] 0C F8 0C F8 0C F8 0C F7 
BAT RX 0x315 [8] 0C FA 0C FA 0C FA 0C F9 
BAT RX 0x314 [8] 40 10 5B 04 00 03 05 41 
BAT RX 0x313 [8] 14 BE 00 00 00 DF 46 63 
BAT RX 0x312 [8] 00 00 00 00 02 00 00 00 
BAT RX 0x311 [8] 02 38 08 24 08 24 01 61 
BAT RX 0x330 [8] 02 0D 01 01 0C FA 0C F8 
BAT RX 0x329 [8] 01 00 22 34 01 00 3F AD 
BAT RX 0x323 [8] 20 0E 10 00 00 00 00 00 
BAT RX 0x324 [8] 02 43 30 37 00 00 00 00 
BAT RX 0x322 [8] 00 F3 00 CE 03 01 46 46 
BAT RX 0x320 [8] 50 41 C3 85 85 00 00 00 
BAT RX 0x319 [8] C0 0C FA 0C F8 1D 01 00 
BAT RX 0x318 [8] 0C F9 0C F9 0C F8 0C F8 
BAT RX 0x317 [8] 0C FA 0C F9 0C F9 0C F9 
BAT RX 0x316 [8] 0C F8 0C F8 0C F8 0C F8 
BAT RX 0x315 [8] 0C FA 0C FA 0C F9 0C F9 
BAT RX 0x314 [8] 40 10 5B 04 00 02 05 41 
BAT RX 0x313 [8] 14 BE 00 00 00 DF 46 63 
BAT RX 0x312 [8] 00 00 00 00 02 00 00 00 
BAT RX 0x311 [8] 02 38 08 24 08 24 01 61 
[308s] OK V=53.10V I=+0.0A T=22.3C SOC=70% SOH=99% | CVL=56.8V CCL=208.4A DCL=208.4A | chg=1 dis=1 fc1=0 fc2=0 | prot=0000 warn=0000 | packs=2 | inv0x305=no
BAT RX 0x330 [8] 01 07 01 03 0C FA 0C F8 
BAT RX 0x329 [8] 02 00 19 C0 02 00 40 48 
BAT RX 0x323 [8] 20 0E 10 00 00 00 00 00 
BAT RX 0x324 [8] 00 02 47 50 4A 30 32 31 
BAT RX 0x322 [8] 00 F3 00 CE 03 01 46 46 
BAT RX 0x320 [8] 50 41 C3 85 85 00 00 00 
BAT RX 0x319 [8] C0 0C FA 0C F8 07 03 00 
BAT RX 0x318 [8] 0C F9 0C F9 0C F8 0C F8 
BAT RX 0x317 [8] 0C FA 0C FA 0C FA 0C F9 
BAT RX 0x316 [8] 0C F8 0C F8 0C F8 0C F8 
BAT RX 0x315 [8] 0C FA 0C F9 0C F9 0C F9 
BAT RX 0x314 [8] 40 10 5B 04 00 02 05 41 
BAT RX 0x313 [8] 14 BE 00 00 00 DF 46 63 
BAT RX 0x312 [8] 00 00 00 00 02 00 00 00 
BAT RX 0x311 [8] 02 38 08 24 08 24 01 61 
BAT RX 0x330 [8] 01 0E 01 01 0C FA 0C F8 
BAT RX 0x329 [8] 01 00 22 34 01 00 3F AD 
BAT RX 0x323 [8] 20 0E 10 00 00 00 00 00 
BAT RX 0x324 [8] 01 39 35 32 32 30 36 32 
BAT RX 0x322 [8] 00 F3 00 CE 03 01 46 46 
BAT RX 0x320 [8] 50 41 C3 85 85 00 00 00 
BAT RX 0x319 [8] C0 0C FA 0C F8 0E 01 00 
BAT RX 0x318 [8] 0C F9 0C F9 0C F8 0C F8 
BAT RX 0x317 [8] 0C FA 0C FA 0C F9 0C F9 
BAT RX 0x316 [8] 0C F8 0C F8 0C F8 0C F8 
BAT RX 0x315 [8] 0C FA 0C FA 0C F9 0C F9 
BAT RX 0x314 [8] 40 10 5B 04 00 02 05 41 
BAT RX 0x313 [8] 14 BE 00 00 00 DF 46 63 
BAT RX 0x312 [8] 00 00 00 00 02 00 00 00 
BAT RX 0x311 [8] 02 38 08 24 08 24 01 61 
[310s] OK V=53.10V I=+0.0A T=22.3C SOC=70% SOH=99% | CVL=56.8V CCL=208.4A DCL=208.4A | chg=1 dis=1 fc1=0 fc2=0 | prot=0000 warn=0000 | packs=2 | inv0x305=no
BAT RX 0x330 [8] 01 09 01 01 0C FA 0C F8 
BAT RX 0x329 [8] 02 00 19 C0 02 00 40 48 
BAT RX 0x323 [8] 20 0E 10 00 00 00 00 00 
BAT RX 0x324 [8] 02 42 42 37 00 00 00 00 
BAT RX 0x322 [8] 00 F3 00 CE 03 01 46 46 
BAT RX 0x320 [8] 50 41 C3 85 85 00 00 00 
BAT RX 0x319 [8] C0 0C FA 0C F8 09 01 00 
BAT RX 0x318 [8] 0C F9 0C F9 0C F8 0C F8 
BAT RX 0x317 [8] 0C FA 0C F9 0C F9 0C F9 
BAT RX 0x316 [8] 0C F8 0C F8 0C F8 0C F8 
BAT RX 0x315 [8] 0C FA 0C F9 0C F9 0C F9 
BAT RX 0x314 [8] 40 10 5B 04 00 02 05 41 
BAT RX 0x313 [8] 14 BE 00 00 00 DF 46 63 
BAT RX 0x312 [8] 00 00 00 00 02 00 00 00 
BAT RX 0x311 [8] 02 38 08 24 08 24 01 61 
BAT RX 0x330 [8] 02 02 01 01 0C FA 0C F8 
BAT RX 0x329 [8] 01 00 22 34 01 00 3F AD 
BAT RX 0x323 [8] 20 0E 10 00 00 00 00 00 
BAT RX 0x324 [8] 00 01 47 50 4A 30 32 31 
BAT RX 0x322 [8] 00 F3 00 CE 03 01 46 46 
BAT RX 0x320 [8] 50 41 C3 85 85 00 00 00 
BAT RX 0x319 [8] C0 0C FA 0C F8 12 01 00 
BAT RX 0x318 [8] 0C F9 0C F9 0C F9 0C F8 
BAT RX 0x317 [8] 0C FA 0C FA 0C FA 0C F9 
BAT RX 0x316 [8] 0C F8 0C F8 0C F8 0C F8 
BAT RX 0x315 [8] 0C FA 0C F9 0C F9 0C F9 
BAT RX 0x314 [8] 40 10 5B 04 00 02 05 41 
BAT RX 0x313 [8] 14 BE 00 00 00 DF 46 63 
BAT RX 0x312 [8] 00 00 00 00 02 00 00 00 
BAT RX 0x311 [8] 02 38 08 24 08 24 01 61 
[312s] OK V=53.10V I=+0.0A T=22.3C SOC=70% SOH=99% | CVL=56.8V CCL=208.4A DCL=208.4A | chg=1 dis=1 fc1=0 fc2=0 | prot=0000 warn=0000 | packs=2 | inv0x305=no
BAT RX 0x330 [8] 01 0E 01 01 0C FA 0C F8 
BAT RX 0x329 [8] 02 00 19 C0 02 00 40 48 
BAT RX 0x323 [8] 20 0E 10 00 00 00 00 00 
BAT RX 0x324 [8] 01 39 35 32 32 30 36 32 
BAT RX 0x322 [8] 00 F3 00 CE 03 01 46 46 
BAT RX 0x320 [8] 50 41 C3 85 85 00 00 00 
BAT RX 0x319 [8] C0 0C FA 0C F8 0E 01 00 
BAT RX 0x318 [8] 0C F9 0C F9 0C F9 0C F8 
BAT RX 0x317 [8] 0C FA 0C F9 0C F9 0C F9 
BAT RX 0x316 [8] 0C F8 0C F8 0C F8 0C F8 
BAT RX 0x315 [8] 0C FA 0C FA 0C F9 0C F9 
BAT RX 0x314 [8] 40 10 5B 04 00 02 05 41 
BAT RX 0x313 [8] 14 BE 00 00 00 DF 46 63 
BAT RX 0x312 [8] 00 00 00 00 02 00 00 00 
BAT RX 0x311 [8] 02 38 08 24 08 24 01 61 
BAT RX 0x330 [8] 01 0E 01 01 0C FA 0C F8 
BAT RX 0x329 [8] 01 00 22 34 01 00 3F AD 
BAT RX 0x323 [8] 20 0E 10 00 00 00 00 00 
BAT RX 0x324 [8] 02 43 30 37 00 00 00 00 
BAT RX 0x322 [8] 00 F3 00 CE 03 01 46 46 
BAT RX 0x320 [8] 50 41 C3 85 85 00 00 00 
BAT RX 0x319 [8] C0 0C FA 0C F8 0E 01 00 
BAT RX 0x318 [8] 0C F9 0C F9 0C F9 0C F9 
BAT RX 0x317 [8] 0C FA 0C F9 0C F9 0C F9 
BAT RX 0x316 [8] 0C F8 0C F8 0C F8 0C F8 
BAT RX 0x315 [8] 0C FA 0C FA 0C FA 0C FA 
BAT RX 0x314 [8] 40 10 5B 04 00 02 05 41 
BAT RX 0x313 [8] 14 BE 00 00 00 DF 46 63 
BAT RX 0x312 [8] 00 00 00 00 02 00 00 00 
BAT RX 0x311 [8] 02 38 08 24 08 24 01 61 
[314s] OK V=53.10V I=+0.0A T=22.3C SOC=70% SOH=99% | CVL=56.8V CCL=208.4A DCL=208.4A | chg=1 dis=1 fc1=0 fc2=0 | prot=0000 warn=0000 | packs=2 | inv0x305=no

---- battery-bus rate stats (VERBOSE_STATS) ----------------------------
  4628 frames, 315 s elapsed
  ID     count   period(ms)  (min-max gap)
  0x324     308   1008 (1-4867)
  0x329     310    996 (1-4866)
  0x330     313    987 (0-4000)
  0x312     308   1003 (1-4867)
  0x313     308   1003 (1-4867)
  0x314     308   1003 (1-4867)
  0x315     308   1003 (1-4867)
  0x316     308   1003 (1-4867)
  0x317     308   1003 (1-4867)
  0x318     308   1003 (1-4867)
  0x319     308   1003 (1-4867)
  0x320     308   1003 (1-4866)
  0x322     308   1003 (0-4867)
  0x311     308   1003 (1-4867)
  0x323     309   1000 (1-4866)
--------------------------------------------------------------------------

  TWAI: state=RUNNING  tx_err=0 rx_err=0  tx_failed=0  rx_missed=111 rx_overrun=0  arb_lost=0  bus_err=0
BAT RX 0x330 [8] 01 0D 01 01 0C FA 0C F8 
BAT RX 0x329 [8] 02 00 19 C0 02 00 40 48 
BAT RX 0x323 [8] 20 0E 10 00 00 00 00 00 
BAT RX 0x324 [8] 00 02 47 50 4A 30 32 31 
BAT RX 0x322 [8] 00 F3 00 CE 03 01 46 46 
BAT RX 0x320 [8] 50 41 C3 85 85 00 00 00 
BAT RX 0x319 [8] C0 0C FA 0C F8 0D 01 00 
BAT RX 0x318 [8] 0C F9 0C F9 0C F9 0C F9 
BAT RX 0x317 [8] 0C FA 0C FA 0C F9 0C F9 
BAT RX 0x316 [8] 0C F8 0C F8 0C F8 0C F8 
BAT RX 0x315 [8] 0C FA 0C FA 0C FA 0C FA 
BAT RX 0x314 [8] 40 10 5B 04 00 02 05 41 
BAT RX 0x313 [8] 14 BE 00 00 00 DF 46 63 
BAT RX 0x312 [8] 00 00 00 00 02 00 00 00 
BAT RX 0x311 [8] 02 38 08 24 08 24 01 61 
BAT RX 0x330 [8] 01 0E 01 01 0C FA 0C F8 
BAT RX 0x329 [8] 01 00 22 34 01 00 3F AD 
BAT RX 0x323 [8] 20 0E 10 00 00 00 00 00 
BAT RX 0x324 [8] 01 39 35 32 32 30 36 32 
BAT RX 0x322 [8] 00 F3 00 CE 03 01 46 46 
BAT RX 0x320 [8] 50 41 C3 85 85 00 00 00 
BAT RX 0x319 [8] C0 0C FA 0C F8 0E 01 00 
BAT RX 0x318 [8] 0C F9 0C F8 0C F8 0C F8 
BAT RX 0x317 [8] 0C FA 0C F9 0C F9 0C F9 
BAT RX 0x316 [8] 0C F8 0C F8 0C F8 0C F7 
BAT RX 0x315 [8] 0C FA 0C FA 0C FA 0C F9 
BAT RX 0x314 [8] 40 10 5B 04 00 03 05 41 
BAT RX 0x313 [8] 14 BE 00 00 00 DF 46 63 
BAT RX 0x312 [8] 00 00 00 00 02 00 00 00 
BAT RX 0x311 [8] 02 38 08 24 08 24 01 61 
[316s] OK V=53.10V I=+0.0A T=22.3C SOC=70% SOH=99% | CVL=56.8V CCL=208.4A DCL=208.4A | chg=1 dis=1 fc1=0 fc2=0 | prot=0000 warn=0000 | packs=2 | inv0x305=no
BAT RX 0x330 [8] 01 07 01 01 0C FA 0C F8 
BAT RX 0x329 [8] 02 00 19 C0 02 00 40 48 
BAT RX 0x323 [8] 20 0E 10 00 00 00 00 00 
BAT RX 0x324 [8] 02 42 42 37 00 00 00 00 
BAT RX 0x322 [8] 00 F3 00 CE 03 01 46 46 
BAT RX 0x320 [8] 50 41 C3 85 85 00 00 00 
BAT RX 0x319 [8] C0 0C FA 0C F8 07 01 00 
BAT RX 0x318 [8] 0C F9 0C F9 0C F8 0C F8 
BAT RX 0x317 [8] 0C FA 0C FA 0C FA 0C FA 
BAT RX 0x316 [8] 0C F8 0C F8 0C F8 0C F8 
BAT RX 0x315 [8] 0C F9 0C F9 0C F9 0C F9 
BAT RX 0x314 [8] 40 10 5B 04 00 02 05 41 
BAT RX 0x313 [8] 14 BE 00 00 00 DF 46 63 
BAT RX 0x312 [8] 00 00 00 00 02 00 00 00 
BAT RX 0x311 [8] 02 38 08 24 08 24 01 61 
BAT RX 0x330 [8] 01 0C 01 01 0C FA 0C F8 
BAT RX 0x329 [8] 01 00 22 34 01 00 3F AD 
BAT RX 0x323 [8] 20 0E 10 00 00 00 00 00 
BAT RX 0x324 [8] 00 01 47 50 4A 30 32 31 
BAT RX 0x322 [8] 00 F3 00 CE 03 01 46 46 
BAT RX 0x320 [8] 50 41 C3 85 85 00 00 00 
BAT RX 0x319 [8] C0 0C FA 0C F8 0C 01 00 
BAT RX 0x318 [8] 0C F9 0C F9 0C F9 0C F8 
BAT RX 0x317 [8] 0C FA 0C FA 0C FA 0C F9 
BAT RX 0x316 [8] 0C F8 0C F8 0C F8 0C F8 
BAT RX 0x315 [8] 0C FA 0C FA 0C F9 0C F9 
BAT RX 0x314 [8] 40 10 5B 04 00 02 05 41 
BAT RX 0x313 [8] 14 BE 00 00 00 DF 46 63 
BAT RX 0x312 [8] 00 00 00 00 02 00 00 00 
BAT RX 0x311 [8] 02 38 08 24 08 24 01 61 
[318s] OK V=53.10V I=+0.0A T=22.3C SOC=70% SOH=99% | CVL=56.8V CCL=208.4A DCL=208.4A | chg=1 dis=1 fc1=0 fc2=0 | prot=0000 warn=0000 | packs=2 | inv0x305=no
BAT RX 0x330 [8] 01 0E 01 02 0C FA 0C F8 
BAT RX 0x329 [8] 02 00 19 C0 02 00 40 48 
BAT RX 0x323 [8] 20 0E 10 00 00 00 00 00 
BAT RX 0x324 [8] 01 39 35 32 32 30 36 32 
BAT RX 0x322 [8] 00 F3 00 CE 03 01 46 46 
BAT RX 0x320 [8] 50 41 C3 85 85 00 00 00 
BAT RX 0x319 [8] C0 0C FA 0C F8 0E 02 00 
BAT RX 0x318 [8] 0C F9 0C F9 0C F9 0C F8 
BAT RX 0x317 [8] 0C FA 0C F9 0C F9 0C F9 
BAT RX 0x316 [8] 0C F8 0C F8 0C F8 0C F8 
BAT RX 0x315 [8] 0C FA 0C F9 0C F9 0C F9 
BAT RX 0x314 [8] 40 10 5B 04 00 02 05 41 
BAT RX 0x313 [8] 14 BE 00 00 00 DF 46 63 
BAT RX 0x312 [8] 00 00 00 00 02 00 00 00 
BAT RX 0x311 [8] 02 38 08 24 08 24 01 61 
BAT RX 0x330 [8] 02 0D 01 01 0C FA 0C F8 
BAT RX 0x329 [8] 01 00 22 34 01 00 3F AD 
BAT RX 0x323 [8] 20 0E 10 00 00 00 00 00 
BAT RX 0x324 [8] 02 43 30 37 00 00 00 00 
BAT RX 0x322 [8] 00 F3 00 CE 03 01 46 46 
BAT RX 0x320 [8] 50 41 C3 85 85 00 00 00 
BAT RX 0x319 [8] C0 0C FA 0C F8 1D 01 00 
BAT RX 0x318 [8] 0C F9 0C F9 0C F9 0C F8 
BAT RX 0x317 [8] 0C FA 0C F9 0C F9 0C F9 
BAT RX 0x316 [8] 0C F8 0C F8 0C F8 0C F8 
BAT RX 0x315 [8] 0C FA 0C F9 0C F9 0C F9 
BAT RX 0x314 [8] 40 10 5B 04 00 02 05 41 
BAT RX 0x313 [8] 14 BE 00 00 00 DF 46 63 
BAT RX 0x312 [8] 00 00 00 00 02 00 00 00 
BAT RX 0x311 [8] 02 38 08 24 08 24 01 61 
[320s] OK V=53.10V I=+0.0A T=22.3C SOC=70% SOH=99% | CVL=56.8V CCL=208.4A DCL=208.4A | chg=1 dis=1 fc1=0 fc2=0 | prot=0000 warn=0000 | packs=2 | inv0x305=no
BAT RX 0x330 [8] 01 07 01 01 0C FA 0C F8 
BAT RX 0x329 [8] 02 00 19 C0 02 00 40 48 
BAT RX 0x323 [8] 20 0E 10 00 00 00 00 00 
BAT RX 0x324 [8] 00 02 47 50 4A 30 32 31 
BAT RX 0x322 [8] 00 F3 00 CE 03 01 46 46 
BAT RX 0x320 [8] 50 41 C3 85 85 00 00 00 
BAT RX 0x319 [8] C0 0C FA 0C F8 07 01 00 
BAT RX 0x318 [8] 0C F9 0C F9 0C F8 0C F8 
BAT RX 0x317 [8] 0C FA 0C FA 0C F9 0C F9 
BAT RX 0x316 [8] 0C F8 0C F8 0C F8 0C F8 
BAT RX 0x315 [8] 0C FA 0C F9 0C F9 0C F9 
BAT RX 0x314 [8] 40 10 5B 04 00 02 05 41 
BAT RX 0x313 [8] 14 BE 00 00 00 DF 46 63 
BAT RX 0x312 [8] 00 00 00 00 02 00 00 00 
BAT RX 0x311 [8] 02 38 08 24 08 24 01 61 
BAT RX 0x330 [8] 01 0E 01 01 0C FA 0C F8 
BAT RX 0x329 [8] 01 00 22 34 01 00 3F AD 
BAT RX 0x323 [8] 20 0E 10 00 00 00 00 00 
BAT RX 0x324 [8] 01 39 35 32 32 30 36 32 
BAT RX 0x322 [8] 00 F3 00 CE 03 01 46 46 
BAT RX 0x320 [8] 50 41 C3 85 85 00 00 00 
BAT RX 0x319 [8] C0 0C FA 0C F8 0E 01 00 
BAT RX 0x318 [8] 0C F9 0C F9 0C F9 0C F8 
BAT RX 0x317 [8] 0C FA 0C FA 0C FA 0C FA 
BAT RX 0x316 [8] 0C F8 0C F8 0C F8 0C F8 
BAT RX 0x315 [8] 0C FA 0C FA 0C F9 0C F9 
BAT RX 0x314 [8] 40 10 5B 04 00 02 05 41 
BAT RX 0x313 [8] 14 BE 00 00 00 DF 46 63 
BAT RX 0x312 [8] 00 00 00 00 02 00 00 00 
BAT RX 0x311 [8] 02 38 08 24 08 24 01 61 
[322s] OK V=53.10V I=+0.0A T=22.3C SOC=70% SOH=99% | CVL=56.8V CCL=208.4A DCL=208.4A | chg=1 dis=1 fc1=0 fc2=0 | prot=0000 warn=0000 | packs=2 | inv0x305=no
BAT RX 0x330 [8] 01 0E 01 01 0C FA 0C F8 
BAT RX 0x329 [8] 02 00 19 C0 02 00 40 48 
BAT RX 0x323 [8] 20 0E 10 00 00 00 00 00 
BAT RX 0x324 [8] 02 42 42 37 00 00 00 00 
BAT RX 0x322 [8] 00 F3 00 CE 03 01 46 46 
BAT RX 0x320 [8] 50 41 C3 85 85 00 00 00 
BAT RX 0x319 [8] C0 0C FA 0C F8 0E 01 00 
BAT RX 0x318 [8] 0C F9 0C F9 0C F8 0C F8 
BAT RX 0x317 [8] 0C FA 0C FA 0C F9 0C F9 
BAT RX 0x316 [8] 0C F8 0C F8 0C F8 0C F8 
BAT RX 0x315 [8] 0C FA 0C FA 0C F9 0C F9 
BAT RX 0x314 [8] 40 10 5B 04 00 02 05 41 
BAT RX 0x313 [8] 14 BE 00 00 00 DF 46 63 
BAT RX 0x312 [8] 00 00 00 00 02 00 00 00 
BAT RX 0x311 [8] 02 38 08 24 08 24 01 61 
BAT RX 0x330 [8] 01 0E 01 02 0C FA 0C F8 
BAT RX 0x329 [8] 01 00 22 34 01 00 3F AD 
BAT RX 0x323 [8] 20 0E 10 00 00 00 00 00 
BAT RX 0x324 [8] 00 01 47 50 4A 30 32 31 
BAT RX 0x322 [8] 00 F3 00 CE 03 01 46 46 
BAT RX 0x320 [8] 50 41 C3 85 85 00 00 00 
BAT RX 0x319 [8] C0 0C FA 0C F8 0E 02 00 
BAT RX 0x318 [8] 0C F9 0C F9 0C F9 0C F9 
BAT RX 0x317 [8] 0C FA 0C FA 0C F9 0C F9 
BAT RX 0x316 [8] 0C F8 0C F8 0C F8 0C F8 
BAT RX 0x315 [8] 0C FA 0C F9 0C F9 0C F9 
BAT RX 0x314 [8] 40 10 5B 04 00 02 05 41 
BAT RX 0x313 [8] 14 BE 00 00 00 DF 46 63 
BAT RX 0x312 [8] 00 00 00 00 02 00 00 00 
BAT RX 0x311 [8] 02 38 08 24 08 24 01 61 
[324s] OK V=53.10V I=+0.0A T=22.3C SOC=70% SOH=99% | CVL=56.8V CCL=208.4A DCL=208.4A | chg=1 dis=1 fc1=0 fc2=0 | prot=0000 warn=0000 | packs=2 | inv0x305=no
BAT RX 0x330 [8] 01 09 01 01 0C FA 0C F8 
BAT RX 0x329 [8] 02 00 19 C0 02 00 40 48 
BAT RX 0x323 [8] 20 0E 10 00 00 00 00 00 
BAT RX 0x324 [8] 01 39 35 32 32 30 36 32 
BAT RX 0x322 [8] 00 F3 00 CE 03 01 46 46 
BAT RX 0x320 [8] 50 41 C3 85 85 00 00 00 
BAT RX 0x319 [8] C0 0C FA 0C F8 09 01 00 
BAT RX 0x318 [8] 0C F9 0C F9 0C F9 0C F8 
BAT RX 0x317 [8] 0C FA 0C FA 0C FA 0C F9 
BAT RX 0x316 [8] 0C F8 0C F8 0C F8 0C F8 
BAT RX 0x315 [8] 0C FA 0C F9 0C F9 0C F9 
BAT RX 0x314 [8] 40 10 5B 04 00 02 05 41 
BAT RX 0x313 [8] 14 BE 00 00 00 DF 46 63 
BAT RX 0x312 [8] 00 00 00 00 02 00 00 00 
BAT RX 0x311 [8] 02 38 08 24 08 24 01 61 
BAT RX 0x330 [8] 01 0E 01 03 0C FA 0C F8 
BAT RX 0x329 [8] 01 00 22 34 01 00 3F AD 
BAT RX 0x323 [8] 20 0E 10 00 00 00 00 00 
BAT RX 0x324 [8] 02 43 30 37 00 00 00 00 
BAT RX 0x322 [8] 00 F3 00 CE 03 01 46 46 
BAT RX 0x320 [8] 50 41 C3 85 85 00 00 00 
BAT RX 0x319 [8] C0 0C FA 0C F8 0E 03 00 
BAT RX 0x318 [8] 0C F9 0C F9 0C F9 0C F8 
BAT RX 0x317 [8] 0C FA 0C FA 0C FA 0C FA 
BAT RX 0x316 [8] 0C F8 0C F8 0C F8 0C F8 
BAT RX 0x315 [8] 0C F9 0C F9 0C F9 0C F9 
BAT RX 0x314 [8] 40 10 5B 04 00 02 05 41 
BAT RX 0x313 [8] 14 BE 00 00 00 DF 46 63 
BAT RX 0x312 [8] 00 00 00 00 02 00 00 00 
BAT RX 0x311 [8] 02 38 08 24 08 24 01 61 
[326s] OK V=53.10V I=+0.0A T=22.3C SOC=70% SOH=99% | CVL=56.8V CCL=208.4A DCL=208.4A | chg=1 dis=1 fc1=0 fc2=0 | prot=0000 warn=0000 | packs=2 | inv0x305=no
BAT RX 0x330 [8] 01 09 01 02 0C FA 0C F8 
BAT RX 0x329 [8] 02 00 19 C0 02 00 40 48 
BAT RX 0x323 [8] 20 0E 10 00 00 00 00 00 
BAT RX 0x324 [8] 00 02 47 50 4A 30 32 31 
BAT RX 0x322 [8] 00 F3 00 CE 03 01 46 46 
BAT RX 0x320 [8] 50 41 C3 85 85 00 00 00 
BAT RX 0x319 [8] C0 0C FA 0C F8 09 02 00 
BAT RX 0x318 [8] 0C F9 0C F9 0C F9 0C F8 
BAT RX 0x317 [8] 0C FA 0C FA 0C F9 0C F9 
BAT RX 0x316 [8] 0C F8 0C F8 0C F8 0C F8 
BAT RX 0x315 [8] 0C FA 0C F9 0C F9 0C F9 
BAT RX 0x314 [8] 40 10 5B 04 00 02 05 41 
BAT RX 0x313 [8] 14 BE 00 00 00 DF 46 63 
BAT RX 0x312 [8] 00 00 00 00 02 00 00 00 
BAT RX 0x311 [8] 02 38 08 24 08 24 01 61 
BAT RX 0x330 [8] 01 0C 01 03 0C FA 0C F8 
BAT RX 0x329 [8] 01 00 22 34 01 00 3F AD 
BAT RX 0x323 [8] 20 0E 10 00 00 00 00 00 
BAT RX 0x324 [8] 01 39 35 32 32 30 36 32 
BAT RX 0x322 [8] 00 F3 00 CE 03 01 46 46 
BAT RX 0x320 [8] 50 41 C3 85 85 00 00 00 
BAT RX 0x319 [8] C0 0C FA 0C F8 0C 03 00 
BAT RX 0x318 [8] 0C F9 0C F9 0C F9 0C F8 
BAT RX 0x317 [8] 0C FA 0C FA 0C F9 0C F9 
BAT RX 0x316 [8] 0C F8 0C F8 0C F8 0C F8 
BAT RX 0x315 [8] 0C FA 0C F9 0C F9 0C F9 
BAT RX 0x314 [8] 40 10 5B 04 00 02 05 41 
BAT RX 0x313 [8] 14 BE 00 00 00 DF 46 63 
BAT RX 0x312 [8] 00 00 00 00 02 00 00 00 
BAT RX 0x311 [8] 02 38 08 24 08 24 01 61 
[328s] OK V=53.10V I=+0.0A T=22.3C SOC=70% SOH=99% | CVL=56.8V CCL=208.4A DCL=208.4A | chg=1 dis=1 fc1=0 fc2=0 | prot=0000 warn=0000 | packs=2 | inv0x305=no
BAT RX 0x330 [8] 01 07 01 01 0C FA 0C F8 
BAT RX 0x329 [8] 02 00 19 C0 02 00 40 48 
BAT RX 0x323 [8] 20 0E 10 00 00 00 00 00 
BAT RX 0x324 [8] 02 42 42 37 00 00 00 00 
BAT RX 0x322 [8] 00 F3 00 CE 03 01 46 46 
BAT RX 0x320 [8] 50 41 C3 85 85 00 00 00 
BAT RX 0x319 [8] C0 0C FA 0C F8 07 01 00 
BAT RX 0x318 [8] 0C F9 0C F9 0C F9 0C F8 
BAT RX 0x317 [8] 0C FA 0C FA 0C FA 0C FA 
BAT RX 0x316 [8] 0C F8 0C F8 0C F8 0C F8 
BAT RX 0x315 [8] 0C FA 0C FA 0C FA 0C F9 
BAT RX 0x314 [8] 40 10 5B 04 00 02 05 41 
BAT RX 0x313 [8] 14 BE 00 00 00 DF 46 63 
BAT RX 0x312 [8] 00 00 00 00 02 00 00 00 
BAT RX 0x311 [8] 02 38 08 24 08 24 01 61 

---- battery-bus rate stats (VERBOSE_STATS) ----------------------------
  4853 frames, 330 s elapsed
  ID     count   period(ms)  (min-max gap)
  0x324     323   1007 (1-4867)
  0x329     325    996 (1-4866)
  0x330     328    987 (0-4000)
  0x312     323   1003 (1-4867)
  0x313     323   1003 (1-4867)
  0x314     323   1003 (1-4867)
  0x315     323   1003 (1-4867)
  0x316     323   1003 (1-4867)
  0x317     323   1003 (1-4867)
  0x318     323   1003 (1-4867)
  0x319     323   1003 (1-4867)
  0x320     323   1003 (1-4866)
  0x322     323   1003 (0-4867)
  0x311     323   1003 (1-4867)
  0x323     324   1000 (1-4866)
--------------------------------------------------------------------------

  TWAI: state=RUNNING  tx_err=0 rx_err=0  tx_failed=0  rx_missed=111 rx_overrun=0  arb_lost=0  bus_err=0
BAT RX 0x330 [8] 01 09 01 01 0C FA 0C F8 
BAT RX 0x329 [8] 01 00 22 34 01 00 3F AD 
BAT RX 0x323 [8] 20 0E 10 00 00 00 00 00 
BAT RX 0x324 [8] 00 01 47 50 4A 30 32 31 
BAT RX 0x322 [8] 00 F3 00 CE 03 01 46 46 
BAT RX 0x320 [8] 50 41 C3 85 85 00 00 00 
BAT RX 0x319 [8] C0 0C FA 0C F8 09 01 00 
BAT RX 0x318 [8] 0C F9 0C F9 0C F8 0C F8 
BAT RX 0x317 [8] 0C FA 0C FA 0C FA 0C FA 
BAT RX 0x316 [8] 0C F9 0C F8 0C F8 0C F8 
BAT RX 0x315 [8] 0C F9 0C F9 0C F9 0C F9 
BAT RX 0x314 [8] 40 10 5B 04 00 02 05 41 
BAT RX 0x313 [8] 14 BE 00 00 00 DF 46 63 
BAT RX 0x312 [8] 00 00 00 00 02 00 00 00 
BAT RX 0x311 [8] 02 38 08 24 08 24 01 61 
[330s] OK V=53.10V I=+0.0A T=22.3C SOC=70% SOH=99% | CVL=56.8V CCL=208.4A DCL=208.4A | chg=1 dis=1 fc1=0 fc2=0 | prot=0000 warn=0000 | packs=2 | inv0x305=no
BAT RX 0x330 [8] 01 07 01 03 0C FA 0C F8 
BAT RX 0x329 [8] 02 00 19 C0 02 00 40 48 
BAT RX 0x323 [8] 20 0E 10 00 00 00 00 00 
BAT RX 0x324 [8] 01 39 35 32 32 30 36 32 
BAT RX 0x322 [8] 00 F3 00 CE 03 01 46 46 
BAT RX 0x320 [8] 50 41 C3 85 85 00 00 00 
BAT RX 0x319 [8] C0 0C FA 0C F8 07 03 00 
BAT RX 0x318 [8] 0C F9 0C F9 0C F9 0C F9 
BAT RX 0x317 [8] 0C FA 0C FA 0C FA 0C FA 
BAT RX 0x316 [8] 0C F8 0C F8 0C F8 0C F8 
BAT RX 0x315 [8] 0C FA 0C FA 0C F9 0C F9 
BAT RX 0x314 [8] 40 10 5B 04 00 02 05 41 
BAT RX 0x313 [8] 14 BE 00 00 00 DF 46 63 
BAT RX 0x312 [8] 00 00 00 00 02 00 00 00 
BAT RX 0x311 [8] 02 38 08 24 08 24 01 61 
BAT RX 0x330 [8] 01 07 01 03 0C FA 0C F8 
BAT RX 0x329 [8] 01 00 22 34 01 00 3F AD 
BAT RX 0x323 [8] 20 0E 10 00 00 00 00 00 
BAT RX 0x324 [8] 02 43 30 37 00 00 00 00 
BAT RX 0x322 [8] 00 F3 00 CE 03 01 46 46 
BAT RX 0x320 [8] 50 41 C3 85 85 00 00 00 
BAT RX 0x319 [8] C0 0C FA 0C F8 07 03 00 
BAT RX 0x318 [8] 0C F9 0C F9 0C F9 0C F8 
BAT RX 0x317 [8] 0C FA 0C FA 0C FA 0C F9 
BAT RX 0x316 [8] 0C F8 0C F8 0C F8 0C F8 
BAT RX 0x315 [8] 0C FA 0C FA 0C FA 0C F9 
BAT RX 0x314 [8] 40 10 5B 04 00 02 05 41 
BAT RX 0x313 [8] 14 BE 00 00 00 DF 46 63 
BAT RX 0x312 [8] 00 00 00 00 02 00 00 00 
BAT RX 0x311 [8] 02 38 08 24 08 24 01 61 
[332s] OK V=53.10V I=+0.0A T=22.3C SOC=70% SOH=99% | CVL=56.8V CCL=208.4A DCL=208.4A | chg=1 dis=1 fc1=0 fc2=0 | prot=0000 warn=0000 | packs=2 | inv0x305=no
BAT RX 0x330 [8] 01 0D 01 01 0C FA 0C F8 
BAT RX 0x329 [8] 02 00 19 C0 02 00 40 48 
BAT RX 0x323 [8] 20 0E 10 00 00 00 00 00 
BAT RX 0x324 [8] 00 02 47 50 4A 30 32 31 
BAT RX 0x322 [8] 00 F3 00 CE 03 01 46 46 
BAT RX 0x320 [8] 50 41 C3 85 85 00 00 00 
BAT RX 0x319 [8] C0 0C FA 0C F8 0D 01 00 
BAT RX 0x318 [8] 0C F9 0C F9 0C F9 0C F8 
BAT RX 0x317 [8] 0C FA 0C FA 0C FA 0C FA 
BAT RX 0x316 [8] 0C F9 0C F8 0C F8 0C F8 
BAT RX 0x315 [8] 0C FA 0C FA 0C FA 0C F9 
BAT RX 0x314 [8] 40 10 5B 04 00 02 05 41 
BAT RX 0x313 [8] 14 BE 00 00 00 DF 46 63 
BAT RX 0x312 [8] 00 00 00 00 02 00 00 00 
BAT RX 0x311 [8] 02 38 08 24 08 24 01 61 
BAT RX 0x330 [8] 01 09 01 01 0C FA 0C F8 
BAT RX 0x329 [8] 01 00 22 34 01 00 3F AD 
BAT RX 0x323 [8] 20 0E 10 00 00 00 00 00 
BAT RX 0x324 [8] 01 39 35 32 32 30 36 32 
BAT RX 0x322 [8] 00 F3 00 CE 03 01 46 46 
BAT RX 0x320 [8] 50 41 C3 85 85 00 00 00 
BAT RX 0x319 [8] C0 0C FA 0C F8 09 01 00 
BAT RX 0x318 [8] 0C F9 0C F9 0C F9 0C F8 
BAT RX 0x317 [8] 0C FA 0C FA 0C F9 0C F9 
BAT RX 0x316 [8] 0C F8 0C F8 0C F7 0C F7 
BAT RX 0x315 [8] 0C FA 0C FA 0C FA 0C FA 
BAT RX 0x314 [8] 40 10 5B 04 00 03 05 41 
BAT RX 0x313 [8] 14 BE 00 00 00 DF 46 63 
BAT RX 0x312 [8] 00 00 00 00 02 00 00 00 
BAT RX 0x311 [8] 02 38 08 24 08 24 01 61 
[334s] OK V=53.10V I=+0.0A T=22.3C SOC=70% SOH=99% | CVL=56.8V CCL=208.4A DCL=208.4A | chg=1 dis=1 fc1=0 fc2=0 | prot=0000 warn=0000 | packs=2 | inv0x305=no
BAT RX 0x330 [8] 01 01 01 03 0C FA 0C F8 
BAT RX 0x329 [8] 02 00 19 C0 02 00 40 48 
BAT RX 0x323 [8] 20 0E 10 00 00 00 00 00 
BAT RX 0x324 [8] 02 42 42 37 00 00 00 00 
BAT RX 0x322 [8] 00 F3 00 CE 03 01 46 46 
BAT RX 0x320 [8] 50 41 C3 85 85 00 00 00 
BAT RX 0x319 [8] C0 0C FA 0C F8 01 03 00 
BAT RX 0x318 [8] 0C F9 0C F9 0C F9 0C F9 
BAT RX 0x317 [8] 0C FA 0C FA 0C FA 0C F9 
BAT RX 0x316 [8] 0C F8 0C F8 0C F8 0C F8 
BAT RX 0x315 [8] 0C FA 0C FA 0C FA 0C FA 
BAT RX 0x314 [8] 40 10 5B 04 00 02 05 41 
BAT RX 0x313 [8] 14 BE 00 00 00 DF 46 63 
BAT RX 0x312 [8] 00 00 00 00 02 00 00 00 
BAT RX 0x311 [8] 02 38 08 24 08 24 01 61 
BAT RX 0x330 [8] 01 07 01 01 0C FA 0C F8 
BAT RX 0x329 [8] 01 00 22 34 01 00 3F AD 
BAT RX 0x323 [8] 20 0E 10 00 00 00 00 00 
BAT RX 0x324 [8] 00 01 47 50 4A 30 32 31 
BAT RX 0x322 [8] 00 F3 00 CE 03 01 46 46 
BAT RX 0x320 [8] 50 41 C3 85 85 00 00 00 
BAT RX 0x319 [8] C0 0C FA 0C F8 07 01 00 
BAT RX 0x318 [8] 0C F9 0C F9 0C F9 0C F8 
BAT RX 0x317 [8] 0C FA 0C FA 0C FA 0C FA 
BAT RX 0x316 [8] 0C F8 0C F8 0C F8 0C F8 
BAT RX 0x315 [8] 0C FA 0C FA 0C F9 0C F9 
BAT RX 0x314 [8] 40 10 5B 04 00 02 05 41 
BAT RX 0x313 [8] 14 BE 00 00 00 DF 46 63 
BAT RX 0x312 [8] 00 00 00 00 02 00 00 00 
BAT RX 0x311 [8] 02 38 08 24 08 24 01 61 
[336s] OK V=53.10V I=+0.0A T=22.3C SOC=70% SOH=99% | CVL=56.8V CCL=208.4A DCL=208.4A | chg=1 dis=1 fc1=0 fc2=0 | prot=0000 warn=0000 | packs=2 | inv0x305=no
BAT RX 0x330 [8] 01 0E 01 02 0C FA 0C F8 
BAT RX 0x329 [8] 02 00 19 C0 02 00 40 48 
BAT RX 0x323 [8] 20 0E 10 00 00 00 00 00 
BAT RX 0x324 [8] 01 39 35 32 32 30 36 32 
BAT RX 0x322 [8] 00 F3 00 CE 03 01 46 46 
BAT RX 0x320 [8] 50 41 C3 85 85 00 00 00 
BAT RX 0x319 [8] C0 0C FA 0C F8 0E 02 00 
BAT RX 0x318 [8] 0C F9 0C F9 0C F9 0C F9 
BAT RX 0x317 [8] 0C FA 0C FA 0C FA 0C F9 
BAT RX 0x316 [8] 0C F9 0C F9 0C F8 0C F8 
BAT RX 0x315 [8] 0C FA 0C FA 0C F9 0C F9 
BAT RX 0x314 [8] 40 10 5B 04 00 02 05 41 
BAT RX 0x313 [8] 14 BE 00 00 00 DF 46 63 
BAT RX 0x312 [8] 00 00 00 00 02 00 00 00 
BAT RX 0x311 [8] 02 38 08 24 08 24 01 61 
BAT RX 0x330 [8] 01 0E 01 02 0C FA 0C F8 
BAT RX 0x329 [8] 01 00 22 34 01 00 3F AD 
BAT RX 0x323 [8] 20 0E 10 00 00 00 00 00 
BAT RX 0x324 [8] 02 43 30 37 00 00 00 00 
BAT RX 0x322 [8] 00 F3 00 CE 03 01 46 46 
BAT RX 0x320 [8] 50 41 C3 85 85 00 00 00 
BAT RX 0x319 [8] C0 0C FA 0C F8 0E 02 00 
BAT RX 0x318 [8] 0C F9 0C F9 0C F9 0C F8 
BAT RX 0x317 [8] 0C FA 0C FA 0C FA 0C FA 
BAT RX 0x316 [8] 0C F9 0C F9 0C F8 0C F8 
BAT RX 0x315 [8] 0C FA 0C FA 0C F9 0C F9 
BAT RX 0x314 [8] 40 10 5B 04 00 02 05 41 
BAT RX 0x313 [8] 14 BE 00 00 00 DF 46 63 
BAT RX 0x312 [8] 00 00 00 00 02 00 00 00 
BAT RX 0x311 [8] 02 38 08 24 08 24 01 61 
[338s] OK V=53.10V I=+0.0A T=22.3C SOC=70% SOH=99% | CVL=56.8V CCL=208.4A DCL=208.4A | chg=1 dis=1 fc1=0 fc2=0 | prot=0000 warn=0000 | packs=2 | inv0x305=no
BAT RX 0x330 [8] 01 09 01 02 0C FA 0C F8 
BAT RX 0x329 [8] 02 00 19 C0 02 00 40 48 
BAT RX 0x323 [8] 20 0E 10 00 00 00 00 00 
BAT RX 0x324 [8] 00 02 47 50 4A 30 32 31 
BAT RX 0x322 [8] 00 F3 00 CE 03 01 46 46 
BAT RX 0x320 [8] 50 41 C3 85 85 00 00 00 
BAT RX 0x319 [8] C0 0C FA 0C F8 09 02 00 
BAT RX 0x318 [8] 0C F9 0C F9 0C F9 0C F8 
BAT RX 0x317 [8] 0C FA 0C FA 0C FA 0C FA 
BAT RX 0x316 [8] 0C F9 0C F8 0C F8 0C F8 
BAT RX 0x315 [8] 0C FA 0C FA 0C F9 0C F9 
BAT RX 0x314 [8] 40 10 5B 04 00 02 05 41 
BAT RX 0x313 [8] 14 BE 00 00 00 DF 46 63 
BAT RX 0x312 [8] 00 00 00 00 02 00 00 00 
BAT RX 0x311 [8] 02 38 08 24 08 24 01 61 
BAT RX 0x330 [8] 01 06 01 03 0C FA 0C F8 
BAT RX 0x329 [8] 01 00 22 34 01 00 3F AD 
BAT RX 0x323 [8] 20 0E 10 00 00 00 00 00 
BAT RX 0x324 [8] 01 39 35 32 32 30 36 32 
BAT RX 0x322 [8] 00 F3 00 CE 03 01 46 46 
BAT RX 0x320 [8] 50 41 C3 85 85 00 00 00 
BAT RX 0x319 [8] C0 0C FA 0C F8 06 03 00 
BAT RX 0x318 [8] 0C F9 0C F9 0C F9 0C F8 
BAT RX 0x317 [8] 0C FA 0C FA 0C FA 0C FA 
BAT RX 0x316 [8] 0C F9 0C F8 0C F8 0C F8 
BAT RX 0x315 [8] 0C FA 0C FA 0C FA 0C F9 
BAT RX 0x314 [8] 40 10 5B 04 00 02 05 41 
BAT RX 0x313 [8] 14 BE 00 00 00 DF 46 63 
BAT RX 0x312 [8] 00 00 00 00 02 00 00 00 
BAT RX 0x311 [8] 02 38 08 24 08 24 01 61 
[340s] OK V=53.10V I=+0.0A T=22.3C SOC=70% SOH=99% | CVL=56.8V CCL=208.4A DCL=208.4A | chg=1 dis=1 fc1=0 fc2=0 | prot=0000 warn=0000 | packs=2 | inv0x305=no
BAT RX 0x330 [8] 01 07 01 03 0C FA 0C F8 
BAT RX 0x329 [8] 02 00 19 C0 02 00 40 48 
BAT RX 0x323 [8] 20 0E 10 00 00 00 00 00 
BAT RX 0x324 [8] 02 42 42 37 00 00 00 00 
BAT RX 0x322 [8] 00 F3 00 CE 03 01 46 46 
BAT RX 0x320 [8] 50 41 C3 85 85 00 00 00 
BAT RX 0x319 [8] C0 0C FA 0C F8 07 03 00 
BAT RX 0x318 [8] 0C F9 0C F9 0C F9 0C F8 
BAT RX 0x317 [8] 0C FA 0C FA 0C F9 0C F9 
BAT RX 0x316 [8] 0C F9 0C F9 0C F8 0C F8 
BAT RX 0x315 [8] 0C FA 0C F9 0C F9 0C F9 
BAT RX 0x314 [8] 40 10 5B 04 00 02 05 41 
BAT RX 0x313 [8] 14 BE 00 00 00 DF 46 63 
BAT RX 0x312 [8] 00 00 00 00 02 00 00 00 
BAT RX 0x311 [8] 02 38 08 24 08 24 01 61 
BAT RX 0x330 [8] 01 0D 01 03 0C FA 0C F8 
BAT RX 0x329 [8] 01 00 22 34 01 00 3F AD 
BAT RX 0x323 [8] 20 0E 10 00 00 00 00 00 
BAT RX 0x324 [8] 00 01 47 50 4A 30 32 31 
BAT RX 0x322 [8] 00 F3 00 CE 03 01 46 46 
BAT RX 0x320 [8] 50 41 C3 85 85 00 00 00 
BAT RX 0x319 [8] C0 0C FA 0C F8 0D 03 00 
BAT RX 0x318 [8] 0C F9 0C F9 0C F9 0C F8 
BAT RX 0x317 [8] 0C FA 0C FA 0C FA 0C F9 
BAT RX 0x316 [8] 0C F9 0C F8 0C F8 0C F8 
BAT RX 0x315 [8] 0C FA 0C FA 0C FA 0C F9 
BAT RX 0x314 [8] 40 10 5B 04 00 02 05 41 
BAT RX 0x313 [8] 14 BE 00 00 00 DF 46 63 
BAT RX 0x312 [8] 00 00 00 00 02 00 00 00 
BAT RX 0x311 [8] 02 38 08 24 08 24 01 61 
[342s] OK V=53.10V I=+0.0A T=22.3C SOC=70% SOH=99% | CVL=56.8V CCL=208.4A DCL=208.4A | chg=1 dis=1 fc1=0 fc2=0 | prot=0000 warn=0000 | packs=2 | inv0x305=no
BAT RX 0x330 [8] 01 07 01 03 0C FA 0C F8 
BAT RX 0x329 [8] 02 00 19 C0 02 00 40 48 
BAT RX 0x323 [8] 20 0E 10 00 00 00 00 00 
BAT RX 0x324 [8] 01 39 35 32 32 30 36 32 
BAT RX 0x322 [8] 00 F3 00 CE 03 01 46 46 
BAT RX 0x320 [8] 50 41 C3 85 85 00 00 00 
BAT RX 0x319 [8] C0 0C FA 0C F8 07 03 00 
BAT RX 0x318 [8] 0C F9 0C F9 0C F9 0C F9 
BAT RX 0x317 [8] 0C FA 0C FA 0C FA 0C FA 
BAT RX 0x316 [8] 0C F9 0C F9 0C F9 0C F8 
BAT RX 0x315 [8] 0C FA 0C FA 0C FA 0C F9 
BAT RX 0x314 [8] 40 10 5B 04 00 02 05 41 
BAT RX 0x313 [8] 14 BE 00 00 00 DF 46 63 
BAT RX 0x312 [8] 00 00 00 00 02 00 00 00 
BAT RX 0x311 [8] 02 38 08 24 08 24 01 61 
BAT RX 0x330 [8] 01 06 01 03 0C FA 0C F8 
BAT RX 0x329 [8] 01 00 22 34 01 00 3F AD 
BAT RX 0x323 [8] 20 0E 10 00 00 00 00 00 
BAT RX 0x324 [8] 02 43 30 37 00 00 00 00 
BAT RX 0x322 [8] 00 F3 00 CE 03 01 46 46 
BAT RX 0x320 [8] 50 41 C3 85 85 00 00 00 
BAT RX 0x319 [8] C0 0C FA 0C F8 06 03 00 
BAT RX 0x318 [8] 0C F9 0C F9 0C F9 0C F8 
BAT RX 0x317 [8] 0C FA 0C FA 0C FA 0C F9 
BAT RX 0x316 [8] 0C F8 0C F8 0C F8 0C F8 
BAT RX 0x315 [8] 0C FA 0C FA 0C FA 0C FA 
BAT RX 0x314 [8] 40 10 5B 04 00 02 05 41 
BAT RX 0x313 [8] 14 BE 00 00 00 DF 46 63 
BAT RX 0x312 [8] 00 00 00 00 02 00 00 00 
BAT RX 0x311 [8] 02 38 08 24 08 24 01 61 
[344s] OK V=53.10V I=+0.0A T=22.3C SOC=70% SOH=99% | CVL=56.8V CCL=208.4A DCL=208.4A | chg=1 dis=1 fc1=0 fc2=0 | prot=0000 warn=0000 | packs=2 | inv0x305=no

---- battery-bus rate stats (VERBOSE_STATS) ----------------------------
  5078 frames, 345 s elapsed
  ID     count   period(ms)  (min-max gap)
  0x324     338   1007 (1-4867)
  0x329     340    997 (1-4866)
  0x330     343    988 (0-4000)
  0x312     338   1003 (1-4867)
  0x313     338   1003 (1-4867)
  0x314     338   1003 (1-4867)
  0x315     338   1003 (1-4867)
  0x316     338   1003 (1-4867)
  0x317     338   1003 (1-4867)
  0x318     338   1003 (1-4867)
  0x319     338   1003 (1-4867)
  0x320     338   1003 (1-4866)
  0x322     338   1002 (0-4867)
  0x311     338   1003 (1-4867)
  0x323     339    999 (1-4866)
--------------------------------------------------------------------------

  TWAI: state=RUNNING  tx_err=0 rx_err=0  tx_failed=0  rx_missed=111 rx_overrun=0  arb_lost=0  bus_err=0
BAT RX 0x330 [8] 01 07 01 03 0C FA 0C F8 
BAT RX 0x329 [8] 02 00 19 C0 02 00 40 48 
BAT RX 0x323 [8] 20 0E 10 00 00 00 00 00 
BAT RX 0x324 [8] 00 02 47 50 4A 30 32 31 
BAT RX 0x322 [8] 00 F3 00 CE 03 01 46 46 
BAT RX 0x320 [8] 50 41 C3 85 85 00 00 00 
BAT RX 0x319 [8] C0 0C FA 0C F8 07 03 00 
BAT RX 0x318 [8] 0C F9 0C F9 0C F9 0C F9 
BAT RX 0x317 [8] 0C FA 0C FA 0C FA 0C F9 
BAT RX 0x316 [8] 0C F8 0C F8 0C F8 0C F8 
BAT RX 0x315 [8] 0C FA 0C F9 0C F9 0C F9 
BAT RX 0x314 [8] 40 10 5B 04 00 02 05 41 
BAT RX 0x313 [8] 14 BE 00 00 00 DF 46 63 
BAT RX 0x312 [8] 00 00 00 00 02 00 00 00 
BAT RX 0x311 [8] 02 38 08 24 08 24 01 61 
BAT RX 0x330 [8] 01 0E 01 02 0C FB 0C F8 
BAT RX 0x329 [8] 01 00 22 34 01 00 3F AD 
BAT RX 0x323 [8] 20 0E 10 00 00 00 00 00 
BAT RX 0x324 [8] 01 39 35 32 32 30 36 32 
BAT RX 0x322 [8] 00 F3 00 CE 03 01 46 46 
BAT RX 0x320 [8] 50 41 C3 85 85 00 00 00 
BAT RX 0x319 [8] C0 0C FB 0C F8 0E 02 00 
BAT RX 0x318 [8] 0C F9 0C F9 0C F9 0C F8 
BAT RX 0x317 [8] 0C FB 0C FA 0C FA 0C F9 
BAT RX 0x316 [8] 0C F9 0C F8 0C F8 0C F8 
BAT RX 0x315 [8] 0C FA 0C F9 0C F9 0C F9 
BAT RX 0x314 [8] 40 10 5B 04 00 03 05 41 
BAT RX 0x313 [8] 14 BE 00 00 00 DF 46 63 
BAT RX 0x312 [8] 00 00 00 00 02 00 00 00 
BAT RX 0x311 [8] 02 38 08 24 08 24 01 61 
[346s] OK V=53.10V I=+0.0A T=22.3C SOC=70% SOH=99% | CVL=56.8V CCL=208.4A DCL=208.4A | chg=1 dis=1 fc1=0 fc2=0 | prot=0000 warn=0000 | packs=2 | inv0x305=no
BAT RX 0x330 [8] 01 0C 01 03 0C FA 0C F8 
BAT RX 0x329 [8] 02 00 19 C0 02 00 40 48 
BAT RX 0x323 [8] 20 0E 10 00 00 00 00 00 
BAT RX 0x324 [8] 02 42 42 37 00 00 00 00 
BAT RX 0x322 [8] 00 F3 00 CE 03 01 46 46 
BAT RX 0x320 [8] 50 41 C3 85 85 00 00 00 
BAT RX 0x319 [8] C0 0C FA 0C F8 0C 03 00 
BAT RX 0x318 [8] 0C F9 0C F9 0C F9 0C F8 
BAT RX 0x317 [8] 0C FA 0C FA 0C FA 0C FA 
BAT RX 0x316 [8] 0C F9 0C F8 0C F8 0C F8 
BAT RX 0x315 [8] 0C FA 0C FA 0C FA 0C F9 
BAT RX 0x314 [8] 40 10 5B 04 00 02 05 41 
BAT RX 0x313 [8] 14 BE 00 00 00 DF 46 63 
BAT RX 0x312 [8] 00 00 00 00 02 00 00 00 
BAT RX 0x311 [8] 02 38 08 24 08 24 01 61 
BAT RX 0x330 [8] 01 05 01 02 0C FA 0C F8 
BAT RX 0x329 [8] 01 00 22 34 01 00 3F AD 
BAT RX 0x323 [8] 20 0E 10 00 00 00 00 00 
BAT RX 0x324 [8] 00 01 47 50 4A 30 32 31 
BAT RX 0x322 [8] 00 F3 00 CE 03 01 46 46 
BAT RX 0x320 [8] 50 41 C3 85 85 00 00 00 
BAT RX 0x319 [8] C0 0C FA 0C F8 05 02 00 
BAT RX 0x318 [8] 0C F9 0C F9 0C F9 0C F9 
BAT RX 0x317 [8] 0C FA 0C FA 0C FA 0C FA 
BAT RX 0x316 [8] 0C F8 0C F8 0C F8 0C F8 
BAT RX 0x315 [8] 0C FA 0C FA 0C FA 0C F9 
BAT RX 0x314 [8] 40 10 5B 04 00 02 05 41 
BAT RX 0x313 [8] 14 BE 00 00 00 DF 46 63 
BAT RX 0x312 [8] 00 00 00 00 02 00 00 00 
BAT RX 0x311 [8] 02 38 08 24 08 24 01 61 
[348s] OK V=53.10V I=+0.0A T=22.3C SOC=70% SOH=99% | CVL=56.8V CCL=208.4A DCL=208.4A | chg=1 dis=1 fc1=0 fc2=0 | prot=0000 warn=0000 | packs=2 | inv0x305=no
BAT RX 0x330 [8] 02 0D 01 03 0C FB 0C F8 
BAT RX 0x329 [8] 02 00 19 C0 02 00 40 48 
BAT RX 0x323 [8] 20 0E 10 00 00 00 00 00 
BAT RX 0x324 [8] 01 39 35 32 32 30 36 32 
BAT RX 0x322 [8] 00 F3 00 CE 03 01 46 46 
BAT RX 0x320 [8] 50 41 C3 85 85 00 00 00 
BAT RX 0x319 [8] C0 0C FB 0C F8 1D 03 00 
BAT RX 0x318 [8] 0C F9 0C F9 0C F9 0C F9 
BAT RX 0x317 [8] 0C FB 0C FA 0C FA 0C F9 
BAT RX 0x316 [8] 0C F9 0C F8 0C F8 0C F8 
BAT RX 0x315 [8] 0C FA 0C FA 0C F9 0C F9 
BAT RX 0x314 [8] 40 10 5B 04 00 02 05 41 
BAT RX 0x313 [8] 14 BE 00 00 00 DF 46 63 
BAT RX 0x312 [8] 00 00 00 00 02 00 00 00 
BAT RX 0x311 [8] 02 38 08 24 08 24 01 61 
BAT RX 0x330 [8] 01 07 01 03 0C FA 0C F8 
BAT RX 0x329 [8] 01 00 22 34 01 00 3F AD 
BAT RX 0x323 [8] 20 0E 10 00 00 00 00 00 
BAT RX 0x324 [8] 02 43 30 37 00 00 00 00 
BAT RX 0x322 [8] 00 F3 00 CE 03 01 46 46 
BAT RX 0x320 [8] 50 41 C3 85 85 00 00 00 
BAT RX 0x319 [8] C0 0C FA 0C F8 07 03 00 
BAT RX 0x318 [8] 0C F9 0C F9 0C F9 0C F9 
BAT RX 0x317 [8] 0C FA 0C FA 0C FA 0C F9 
BAT RX 0x316 [8] 0C F9 0C F9 0C F8 0C F8 
BAT RX 0x315 [8] 0C FA 0C FA 0C F9 0C F9 
BAT RX 0x314 [8] 40 10 5B 04 00 02 05 41 
BAT RX 0x313 [8] 14 BE 00 00 00 DF 46 63 
BAT RX 0x312 [8] 00 00 00 00 02 00 00 00 
BAT RX 0x311 [8] 02 38 08 24 08 24 01 61 
[350s] OK V=53.10V I=+0.0A T=22.3C SOC=70% SOH=99% | CVL=56.8V CCL=208.4A DCL=208.4A | chg=1 dis=1 fc1=0 fc2=0 | prot=0000 warn=0000 | packs=2 | inv0x305=no
BAT RX 0x330 [8] 01 07 01 04 0C FA 0C F8 
BAT RX 0x329 [8] 02 00 19 C0 02 00 40 48 
BAT RX 0x323 [8] 20 0E 10 00 00 00 00 00 
BAT RX 0x324 [8] 00 02 47 50 4A 30 32 31 
BAT RX 0x322 [8] 00 F3 00 CE 03 01 46 46 
BAT RX 0x320 [8] 50 41 C3 85 85 00 00 00 
BAT RX 0x319 [8] C0 0C FA 0C F8 07 04 00 
BAT RX 0x318 [8] 0C F9 0C F9 0C F9 0C F8 
BAT RX 0x317 [8] 0C FA 0C FA 0C FA 0C FA 
BAT RX 0x316 [8] 0C F9 0C F9 0C F9 0C F8 
BAT RX 0x315 [8] 0C FA 0C FA 0C FA 0C F9 
BAT RX 0x314 [8] 40 10 5B 04 00 02 05 41 
BAT RX 0x313 [8] 14 BE 00 00 00 DF 46 63 
BAT RX 0x312 [8] 00 00 00 00 02 00 00 00 
BAT RX 0x311 [8] 02 38 08 24 08 24 01 61 
BAT RX 0x330 [8] 01 0E 01 03 0C FA 0C F8 
BAT RX 0x329 [8] 01 00 22 34 01 00 3F AD 
BAT RX 0x323 [8] 20 0E 10 00 00 00 00 00 
BAT RX 0x324 [8] 01 39 35 32 32 30 36 32 
BAT RX 0x322 [8] 00 F3 00 CE 03 01 46 46 
BAT RX 0x320 [8] 50 41 C3 85 85 00 00 00 
BAT RX 0x319 [8] C0 0C FA 0C F8 0E 03 00 
BAT RX 0x318 [8] 0C F9 0C F9 0C F9 0C F9 
BAT RX 0x317 [8] 0C FA 0C FA 0C FA 0C FA 
BAT RX 0x316 [8] 0C F8 0C F8 0C F8 0C F8 
BAT RX 0x315 [8] 0C FA 0C FA 0C FA 0C FA 
BAT RX 0x314 [8] 40 10 5B 04 00 02 05 41 
BAT RX 0x313 [8] 14 BE 00 00 00 DF 46 63 
BAT RX 0x312 [8] 00 00 00 00 02 00 00 00 
BAT RX 0x311 [8] 02 38 08 24 08 24 01 61 
[352s] OK V=53.10V I=+0.0A T=22.3C SOC=70% SOH=99% | CVL=56.8V CCL=208.4A DCL=208.4A | chg=1 dis=1 fc1=0 fc2=0 | prot=0000 warn=0000 | packs=2 | inv0x305=no
BAT RX 0x330 [8] 01 0E 01 03 0C FA 0C F8 
BAT RX 0x329 [8] 02 00 19 C0 02 00 40 48 
BAT RX 0x323 [8] 20 0E 10 00 00 00 00 00 
BAT RX 0x324 [8] 02 42 42 37 00 00 00 00 
BAT RX 0x322 [8] 00 F3 00 CE 03 01 46 46 
BAT RX 0x320 [8] 50 41 C3 85 85 00 00 00 
BAT RX 0x319 [8] C0 0C FA 0C F8 0E 03 00 
BAT RX 0x318 [8] 0C F9 0C F9 0C F9 0C F9 
BAT RX 0x317 [8] 0C FA 0C FA 0C FA 0C FA 
BAT RX 0x316 [8] 0C F9 0C F9 0C F9 0C F8 
BAT RX 0x315 [8] 0C FA 0C FA 0C F9 0C F9 
BAT RX 0x314 [8] 40 10 5B 04 00 02 05 41 
BAT RX 0x313 [8] 14 BE 00 00 00 DF 46 63 
BAT RX 0x312 [8] 00 00 00 00 02 00 00 00 
BAT RX 0x311 [8] 02 38 08 24 08 24 01 61 
BAT RX 0x330 [8] 01 05 01 03 0C FA 0C F8 
BAT RX 0x329 [8] 01 00 22 34 01 00 3F AD 
BAT RX 0x323 [8] 20 0E 10 00 00 00 00 00 
BAT RX 0x324 [8] 00 01 47 50 4A 30 32 31 
BAT RX 0x322 [8] 00 F3 00 CE 03 01 46 46 
BAT RX 0x320 [8] 50 41 C3 85 85 00 00 00 
BAT RX 0x319 [8] C0 0C FA 0C F8 05 03 00 
BAT RX 0x318 [8] 0C F9 0C F9 0C F9 0C F9 
BAT RX 0x317 [8] 0C FA 0C FA 0C FA 0C F9 
BAT RX 0x316 [8] 0C F9 0C F8 0C F8 0C F8 
BAT RX 0x315 [8] 0C FA 0C FA 0C FA 0C F9 
BAT RX 0x314 [8] 40 10 5B 04 00 02 05 41 
BAT RX 0x313 [8] 14 BE 00 00 00 DF 46 63 
BAT RX 0x312 [8] 00 00 00 00 02 00 00 00 
BAT RX 0x311 [8] 02 38 08 24 08 24 01 61 
[354s] OK V=53.10V I=+0.0A T=22.3C SOC=70% SOH=99% | CVL=56.8V CCL=208.4A DCL=208.4A | chg=1 dis=1 fc1=0 fc2=0 | prot=0000 warn=0000 | packs=2 | inv0x305=no
BAT RX 0x330 [8] 01 07 01 01 0C FA 0C F8 
BAT RX 0x329 [8] 02 00 19 C0 02 00 40 48 
BAT RX 0x323 [8] 20 0E 10 00 00 00 00 00 
BAT RX 0x324 [8] 01 39 35 32 32 30 36 32 
BAT RX 0x322 [8] 00 F3 00 CE 03 01 46 46 
BAT RX 0x320 [8] 50 41 C3 85 85 00 00 00 
BAT RX 0x319 [8] C0 0C FA 0C F8 07 01 00 
BAT RX 0x318 [8] 0C F9 0C F9 0C F9 0C F9 
BAT RX 0x317 [8] 0C FA 0C FA 0C FA 0C FA 
BAT RX 0x316 [8] 0C F8 0C F8 0C F8 0C F8 
BAT RX 0x315 [8] 0C FB 0C FA 0C FA 0C FA 
BAT RX 0x314 [8] 40 10 5B 04 00 03 05 41 
BAT RX 0x313 [8] 14 BE 00 00 00 DF 46 63 
BAT RX 0x312 [8] 00 00 00 00 02 00 00 00 
BAT RX 0x311 [8] 02 38 08 24 08 24 01 61 
BAT RX 0x330 [8] 01 05 01 03 0C FA 0C F8 
BAT RX 0x329 [8] 01 00 22 34 01 00 3F AD 
BAT RX 0x323 [8] 20 0E 10 00 00 00 00 00 
BAT RX 0x324 [8] 02 43 30 37 00 00 00 00 
BAT RX 0x322 [8] 00 F3 00 CE 03 01 46 46 
BAT RX 0x320 [8] 50 41 C3 85 85 00 00 00 
BAT RX 0x319 [8] C0 0C FA 0C F8 05 03 00 
BAT RX 0x318 [8] 0C F9 0C F9 0C F9 0C F9 
BAT RX 0x317 [8] 0C FA 0C FA 0C FA 0C FA 
BAT RX 0x316 [8] 0C F9 0C F8 0C F8 0C F8 
BAT RX 0x315 [8] 0C FA 0C FA 0C FA 0C FA 
BAT RX 0x314 [8] 40 10 5B 04 00 02 05 41 
BAT RX 0x313 [8] 14 BE 00 00 00 DF 46 63 
BAT RX 0x312 [8] 00 00 00 00 02 00 00 00 
BAT RX 0x311 [8] 02 38 08 24 08 24 01 61 
[356s] OK V=53.10V I=+0.0A T=22.3C SOC=70% SOH=99% | CVL=56.8V CCL=208.4A DCL=208.4A | chg=1 dis=1 fc1=0 fc2=0 | prot=0000 warn=0000 | packs=2 | inv0x305=no
BAT RX 0x330 [8] 01 07 01 03 0C FA 0C F8 
BAT RX 0x329 [8] 02 00 19 C0 02 00 40 48 
BAT RX 0x323 [8] 20 0E 10 00 00 00 00 00 
BAT RX 0x324 [8] 00 02 47 50 4A 30 32 31 
BAT RX 0x322 [8] 00 F3 00 CE 03 01 46 46 
BAT RX 0x320 [8] 50 41 C3 85 85 00 00 00 
BAT RX 0x319 [8] C0 0C FA 0C F8 07 03 00 
BAT RX 0x318 [8] 0C F9 0C F9 0C F9 0C F9 
BAT RX 0x317 [8] 0C FA 0C FA 0C FA 0C FA 
BAT RX 0x316 [8] 0C F9 0C F9 0C F9 0C F8 
BAT RX 0x315 [8] 0C FA 0C FA 0C FA 0C FA 
BAT RX 0x314 [8] 40 10 5B 04 00 02 05 41 
BAT RX 0x313 [8] 14 BE 00 00 00 DF 46 63 
BAT RX 0x312 [8] 00 00 00 00 02 00 00 00 
BAT RX 0x311 [8] 02 38 08 24 08 24 01 61 
BAT RX 0x330 [8] 02 0D 01 01 0C FB 0C F8 
BAT RX 0x329 [8] 01 00 22 34 01 00 3F AD 
BAT RX 0x323 [8] 20 0E 10 00 00 00 00 00 
BAT RX 0x324 [8] 01 39 35 32 32 30 36 32 
BAT RX 0x322 [8] 00 F3 00 CE 03 01 46 46 
BAT RX 0x320 [8] 50 41 C3 85 85 00 00 00 
BAT RX 0x319 [8] C0 0C FB 0C F8 1D 01 00 
BAT RX 0x318 [8] 0C F9 0C F9 0C F9 0C F9 
BAT RX 0x317 [8] 0C FB 0C FA 0C FA 0C FA 
BAT RX 0x316 [8] 0C F8 0C F8 0C F8 0C F8 
BAT RX 0x315 [8] 0C FA 0C FA 0C FA 0C FA 
BAT RX 0x314 [8] 40 10 5B 04 00 02 05 41 
BAT RX 0x313 [8] 14 BE 00 00 00 DF 46 63 
BAT RX 0x312 [8] 00 00 00 00 02 00 00 00 
BAT RX 0x311 [8] 02 38 08 24 08 24 01 61 
[358s] OK V=53.10V I=+0.0A T=22.3C SOC=70% SOH=99% | CVL=56.8V CCL=208.4A DCL=208.4A | chg=1 dis=1 fc1=0 fc2=0 | prot=0000 warn=0000 | packs=2 | inv0x305=no
BAT RX 0x330 [8] 01 07 01 03 0C FA 0C F8 
BAT RX 0x329 [8] 02 00 19 C0 02 00 40 48 
BAT RX 0x323 [8] 20 0E 10 00 00 00 00 00 
BAT RX 0x324 [8] 02 42 42 37 00 00 00 00 
BAT RX 0x322 [8] 00 F3 00 CE 03 01 46 46 
BAT RX 0x320 [8] 50 41 C3 85 85 00 00 00 
BAT RX 0x319 [8] C0 0C FA 0C F8 07 03 00 
BAT RX 0x318 [8] 0C F9 0C F9 0C F9 0C F9 
BAT RX 0x317 [8] 0C FA 0C FA 0C FA 0C FA 
BAT RX 0x316 [8] 0C F9 0C F8 0C F8 0C F8 
BAT RX 0x315 [8] 0C FA 0C FA 0C FA 0C F9 
BAT RX 0x314 [8] 40 10 5B 04 00 02 05 41 
BAT RX 0x313 [8] 14 BE 00 00 00 DF 46 63 
BAT RX 0x312 [8] 00 00 00 00 02 00 00 00 
BAT RX 0x311 [8] 02 38 08 24 08 24 01 61 

---- battery-bus rate stats (VERBOSE_STATS) ----------------------------
  5303 frames, 360 s elapsed
  ID     count   period(ms)  (min-max gap)
  0x324     353   1006 (1-4867)
  0x329     355    997 (1-4866)
  0x330     358    988 (0-4000)
  0x312     353   1003 (1-4867)
  0x313     353   1003 (1-4867)
  0x314     353   1003 (1-4867)
  0x315     353   1002 (1-4867)
  0x316     353   1002 (1-4867)
  0x317     353   1002 (1-4867)
  0x318     353   1002 (1-4867)
  0x319     353   1002 (1-4867)
  0x320     353   1002 (1-4866)
  0x322     353   1002 (0-4867)
  0x311     353   1003 (1-4867)
  0x323     354    999 (1-4866)
--------------------------------------------------------------------------

  TWAI: state=RUNNING  tx_err=0 rx_err=0  tx_failed=0  rx_missed=111 rx_overrun=0  arb_lost=0  bus_err=0
BAT RX 0x330 [8] 01 07 01 01 0C FA 0C F8 
BAT RX 0x329 [8] 01 00 22 34 01 00 3F AD 
BAT RX 0x323 [8] 20 0E 10 00 00 00 00 00 
BAT RX 0x324 [8] 00 01 47 50 4A 30 32 31 
BAT RX 0x322 [8] 00 F3 00 CE 03 01 46 46 
BAT RX 0x320 [8] 50 41 C3 85 85 00 00 00 
BAT RX 0x319 [8] C0 0C FA 0C F8 07 01 00 
BAT RX 0x318 [8] 0C F9 0C F9 0C F9 0C F9 
BAT RX 0x317 [8] 0C FA 0C FA 0C FA 0C FA 
BAT RX 0x316 [8] 0C F9 0C F8 0C F8 0C F8 
BAT RX 0x315 [8] 0C FA 0C FA 0C FA 0C FA 
BAT RX 0x314 [8] 40 10 5B 04 00 02 05 41 
BAT RX 0x313 [8] 14 BE 00 00 00 DF 46 63 
BAT RX 0x312 [8] 00 00 00 00 02 00 00 00 
BAT RX 0x311 [8] 02 38 08 24 08 24 01 61 
[360s] OK V=53.10V I=+0.0A T=22.3C SOC=70% SOH=99% | CVL=56.8V CCL=208.4A DCL=208.4A | chg=1 dis=1 fc1=0 fc2=0 | prot=0000 warn=0000 | packs=2 | inv0x305=no
BAT RX 0x330 [8] 01 09 01 02 0C FA 0C F8 
BAT RX 0x329 [8] 02 00 19 C0 02 00 40 48 
BAT RX 0x323 [8] 20 0E 10 00 00 00 00 00 
BAT RX 0x324 [8] 01 39 35 32 32 30 36 32 
BAT RX 0x322 [8] 00 F3 00 CE 03 01 46 46 
BAT RX 0x320 [8] 50 41 C3 85 85 00 00 00 
BAT RX 0x319 [8] C0 0C FA 0C F8 09 02 00 
BAT RX 0x318 [8] 0C F9 0C F9 0C F9 0C F8 
BAT RX 0x317 [8] 0C FA 0C FA 0C FA 0C FA 
BAT RX 0x316 [8] 0C F8 0C F8 0C F8 0C F8 
BAT RX 0x315 [8] 0C FB 0C FA 0C FA 0C FA 
BAT RX 0x314 [8] 40 10 5B 04 00 03 05 41 
BAT RX 0x313 [8] 14 BE 00 00 00 DF 46 63 
BAT RX 0x312 [8] 00 00 00 00 02 00 00 00 
BAT RX 0x311 [8] 02 38 08 24 08 24 01 61 
BAT RX 0x330 [8] 01 0E 01 01 0C FB 0C F8 
BAT RX 0x329 [8] 01 00 22 34 01 00 3F AD 
BAT RX 0x323 [8] 20 0E 10 00 00 00 00 00 
BAT RX 0x324 [8] 02 43 30 37 00 00 00 00 
BAT RX 0x322 [8] 00 F3 00 CE 03 01 46 46 
BAT RX 0x320 [8] 50 41 C3 85 85 00 00 00 
BAT RX 0x319 [8] C0 0C FB 0C F8 0E 01 00 
BAT RX 0x318 [8] 0C F9 0C F9 0C F9 0C F9 
BAT RX 0x317 [8] 0C FB 0C FA 0C FA 0C FA 
BAT RX 0x316 [8] 0C F8 0C F8 0C F8 0C F8 
BAT RX 0x315 [8] 0C FB 0C FA 0C FA 0C FA 
BAT RX 0x314 [8] 40 10 5B 04 00 03 05 41 
BAT RX 0x313 [8] 14 BE 00 00 00 DF 46 63 
BAT RX 0x312 [8] 00 00 00 00 02 00 00 00 
BAT RX 0x311 [8] 02 38 08 24 08 24 01 61 
[362s] OK V=53.10V I=+0.0A T=22.3C SOC=70% SOH=99% | CVL=56.8V CCL=208.4A DCL=208.4A | chg=1 dis=1 fc1=0 fc2=0 | prot=0000 warn=0000 | packs=2 | inv0x305=no
BAT RX 0x330 [8] 01 0E 01 01 0C FB 0C F8 
BAT RX 0x329 [8] 02 00 19 C0 02 00 40 48 
BAT RX 0x323 [8] 20 0E 10 00 00 00 00 00 
BAT RX 0x324 [8] 00 02 47 50 4A 30 32 31 
BAT RX 0x322 [8] 00 F3 00 CE 03 01 46 46 
BAT RX 0x320 [8] 50 41 C3 85 85 00 00 00 
BAT RX 0x319 [8] C0 0C FB 0C F8 0E 01 00 
BAT RX 0x318 [8] 0C F9 0C F9 0C F9 0C F9 
BAT RX 0x317 [8] 0C FA 0C FA 0C FA 0C FA 
BAT RX 0x316 [8] 0C F8 0C F8 0C F8 0C F8 
BAT RX 0x315 [8] 0C FA 0C FA 0C FA 0C FA 
BAT RX 0x314 [8] 40 10 5B 04 00 02 05 41 
BAT RX 0x313 [8] 14 BE 00 00 00 DF 46 63 
BAT RX 0x312 [8] 00 00 00 00 02 00 00 00 
BAT RX 0x311 [8] 02 38 08 24 08 24 01 61 
BAT RX 0x330 [8] 01 09 01 01 0C FA 0C F8 
BAT RX 0x329 [8] 01 00 22 34 01 00 3F AD 
BAT RX 0x323 [8] 20 0E 10 00 00 00 00 00 
BAT RX 0x324 [8] 01 39 35 32 32 30 36 32 
BAT RX 0x322 [8] 00 F3 00 CE 03 01 46 46 
BAT RX 0x320 [8] 50 41 C3 85 85 00 00 00 
BAT RX 0x319 [8] C0 0C FA 0C F8 09 01 00 
BAT RX 0x318 [8] 0C F9 0C F9 0C F9 0C F9 
BAT RX 0x317 [8] 0C FA 0C FA 0C FA 0C FA 
BAT RX 0x316 [8] 0C F9 0C F9 0C F8 0C F8 
BAT RX 0x315 [8] 0C FA 0C FA 0C FA 0C FA 
BAT RX 0x314 [8] 40 10 5B 04 00 02 05 41 
BAT RX 0x313 [8] 14 BE 00 00 00 DF 46 63 
BAT RX 0x312 [8] 00 00 00 00 02 00 00 00 
BAT RX 0x311 [8] 02 38 08 24 08 24 01 61 
[364s] OK V=53.10V I=+0.0A T=22.3C SOC=70% SOH=99% | CVL=56.8V CCL=208.4A DCL=208.4A | chg=1 dis=1 fc1=0 fc2=0 | prot=0000 warn=0000 | packs=2 | inv0x305=no
BAT RX 0x330 [8] 01 09 01 01 0C FB 0C F8 
BAT RX 0x329 [8] 02 00 19 C0 02 00 40 48 
BAT RX 0x323 [8] 20 0E 10 00 00 00 00 00 
BAT RX 0x324 [8] 02 42 42 37 00 00 00 00 
BAT RX 0x322 [8] 00 F3 00 CE 03 01 46 46 
BAT RX 0x320 [8] 50 41 C3 85 85 00 00 00 
BAT RX 0x319 [8] C0 0C FB 0C F8 09 01 00 
BAT RX 0x318 [8] 0C F9 0C F9 0C F9 0C F9 
BAT RX 0x317 [8] 0C FA 0C FA 0C FA 0C FA 
BAT RX 0x316 [8] 0C F9 0C F8 0C F8 0C F8 
BAT RX 0x315 [8] 0C FB 0C FA 0C FA 0C FA 
BAT RX 0x314 [8] 40 10 5B 04 00 03 05 41 
BAT RX 0x313 [8] 14 BE 00 00 00 DF 46 63 
BAT RX 0x312 [8] 00 00 00 00 02 00 00 00 
BAT RX 0x311 [8] 02 38 08 24 08 24 01 61 
BAT RX 0x330 [8] 02 0D 01 01 0C FB 0C F8 
BAT RX 0x329 [8] 01 00 22 34 01 00 3F AD 
BAT RX 0x323 [8] 20 0E 10 00 00 00 00 00 
BAT RX 0x324 [8] 00 01 47 50 4A 30 32 31 
BAT RX 0x322 [8] 00 F3 00 CE 03 01 46 46 
BAT RX 0x320 [8] 50 41 C3 85 85 00 00 00 
BAT RX 0x319 [8] C0 0C FB 0C F8 1D 01 00 
BAT RX 0x318 [8] 0C F9 0C F9 0C F9 0C F8 
BAT RX 0x317 [8] 0C FB 0C FA 0C FA 0C FA 
BAT RX 0x316 [8] 0C F9 0C F9 0C F8 0C F8 
BAT RX 0x315 [8] 0C FA 0C FA 0C FA 0C FA 
BAT RX 0x314 [8] 40 10 5B 04 00 03 05 41 
BAT RX 0x313 [8] 14 BE 00 00 00 DF 46 63 
BAT RX 0x312 [8] 00 00 00 00 02 00 00 00 
BAT RX 0x311 [8] 02 38 08 24 08 24 01 61 
[366s] OK V=53.10V I=+0.0A T=22.3C SOC=70% SOH=99% | CVL=56.8V CCL=208.4A DCL=208.4A | chg=1 dis=1 fc1=0 fc2=0 | prot=0000 warn=0000 | packs=2 | inv0x305=no
BAT RX 0x330 [8] 01 0B 01 03 0C FB 0C F8 
BAT RX 0x329 [8] 02 00 19 C0 02 00 40 48 
BAT RX 0x323 [8] 20 0E 10 00 00 00 00 00 
BAT RX 0x324 [8] 01 39 35 32 32 30 36 32 
BAT RX 0x322 [8] 00 F3 00 CE 03 01 46 46 
BAT RX 0x320 [8] 50 41 C3 85 85 00 00 00 
BAT RX 0x319 [8] C0 0C FB 0C F8 0B 03 00 
BAT RX 0x318 [8] 0C F9 0C F9 0C F9 0C F9 
BAT RX 0x317 [8] 0C FA 0C FA 0C FA 0C FA 
BAT RX 0x316 [8] 0C F8 0C F8 0C F8 0C F8 
BAT RX 0x315 [8] 0C FB 0C FA 0C FA 0C FA 
BAT RX 0x314 [8] 40 10 5B 04 00 03 05 41 
BAT RX 0x313 [8] 14 BE 00 00 00 DF 46 63 
BAT RX 0x312 [8] 00 00 00 00 02 00 00 00 
BAT RX 0x311 [8] 02 38 08 24 08 24 01 61 
BAT RX 0x330 [8] 01 09 01 01 0C FB 0C F8 
BAT RX 0x329 [8] 01 00 22 34 01 00 3F AD 
BAT RX 0x323 [8] 20 0E 10 00 00 00 00 00 
BAT RX 0x324 [8] 02 43 30 37 00 00 00 00 
BAT RX 0x322 [8] 00 F3 00 CE 03 01 46 46 
BAT RX 0x320 [8] 50 41 C3 85 85 00 00 00 
BAT RX 0x319 [8] C0 0C FB 0C F8 09 01 00 
BAT RX 0x318 [8] 0C F9 0C F9 0C F9 0C F9 
BAT RX 0x317 [8] 0C FB 0C FA 0C FA 0C FA 
BAT RX 0x316 [8] 0C F9 0C F8 0C F8 0C F8 
BAT RX 0x315 [8] 0C FB 0C FB 0C FA 0C FA 
BAT RX 0x314 [8] 40 10 5B 04 00 03 05 41 
BAT RX 0x313 [8] 14 BE 00 00 00 DF 46 63 
BAT RX 0x312 [8] 00 00 00 00 02 00 00 00 
BAT RX 0x311 [8] 02 38 08 24 08 24 01 61 
[368s] OK V=53.10V I=+0.0A T=22.3C SOC=70% SOH=99% | CVL=56.8V CCL=208.4A DCL=208.4A | chg=1 dis=1 fc1=0 fc2=0 | prot=0000 warn=0000 | packs=2 | inv0x305=no
BAT RX 0x330 [8] 01 0D 01 01 0C FB 0C F8 
BAT RX 0x329 [8] 02 00 19 C0 02 00 40 48 
BAT RX 0x323 [8] 20 0E 10 00 00 00 00 00 
BAT RX 0x324 [8] 00 02 47 50 4A 30 32 31 
BAT RX 0x322 [8] 00 F3 00 CE 03 01 46 46 
BAT RX 0x320 [8] 50 41 C3 85 85 00 00 00 
BAT RX 0x319 [8] C0 0C FB 0C F8 0D 01 00 
BAT RX 0x318 [8] 0C F9 0C F9 0C F9 0C F9 
BAT RX 0x317 [8] 0C FA 0C FA 0C FA 0C FA 
BAT RX 0x316 [8] 0C F9 0C F8 0C F8 0C F8 
BAT RX 0x315 [8] 0C FB 0C FA 0C FA 0C FA 
BAT RX 0x314 [8] 40 10 5B 04 00 03 05 41 
BAT RX 0x313 [8] 14 BE 00 00 00 DF 46 63 
BAT RX 0x312 [8] 00 00 00 00 02 00 00 00 
BAT RX 0x311 [8] 02 38 08 24 08 24 01 61 
BAT RX 0x330 [8] 01 07 01 01 0C FA 0C F8 
BAT RX 0x329 [8] 01 00 22 34 01 00 3F AD 
BAT RX 0x323 [8] 20 0E 10 00 00 00 00 00 
BAT RX 0x324 [8] 01 39 35 32 32 30 36 32 
BAT RX 0x322 [8] 00 F3 00 CE 03 01 46 46 
BAT RX 0x320 [8] 50 41 C3 85 85 00 00 00 
BAT RX 0x319 [8] C0 0C FA 0C F8 07 01 00 
BAT RX 0x318 [8] 0C F9 0C F9 0C F9 0C F9 
BAT RX 0x317 [8] 0C FA 0C FA 0C FA 0C FA 
BAT RX 0x316 [8] 0C F8 0C F8 0C F8 0C F8 
BAT RX 0x315 [8] 0C FA 0C FA 0C FA 0C FA 
BAT RX 0x314 [8] 40 10 5B 04 00 02 05 41 
BAT RX 0x313 [8] 14 BE 00 00 00 DF 46 63 
BAT RX 0x312 [8] 00 00 00 00 02 00 00 00 
BAT RX 0x311 [8] 02 38 08 24 08 24 01 61 
[370s] OK V=53.10V I=+0.0A T=22.3C SOC=70% SOH=99% | CVL=56.8V CCL=208.4A DCL=208.4A | chg=1 dis=1 fc1=0 fc2=0 | prot=0000 warn=0000 | packs=2 | inv0x305=no
BAT RX 0x330 [8] 01 07 01 04 0C FB 0C F8 
BAT RX 0x329 [8] 02 00 19 C0 02 00 40 48 
BAT RX 0x323 [8] 20 0E 10 00 00 00 00 00 
BAT RX 0x324 [8] 02 42 42 37 00 00 00 00 
BAT RX 0x322 [8] 00 F3 00 CE 03 01 46 46 
BAT RX 0x320 [8] 50 41 C3 85 85 00 00 00 
BAT RX 0x319 [8] C0 0C FB 0C F8 07 04 00 
BAT RX 0x318 [8] 0C F9 0C F9 0C F9 0C F9 
BAT RX 0x317 [8] 0C FA 0C FA 0C FA 0C FA 
BAT RX 0x316 [8] 0C F9 0C F8 0C F8 0C F8 
BAT RX 0x315 [8] 0C FA 0C FA 0C FA 0C FA 
BAT RX 0x314 [8] 40 10 5B 04 00 02 05 41 
BAT RX 0x313 [8] 14 BE 00 00 00 DF 46 63 
BAT RX 0x312 [8] 00 00 00 00 02 00 00 00 
BAT RX 0x311 [8] 02 38 08 24 08 24 01 61 
BAT RX 0x330 [8] 02 0D 01 04 0C FB 0C F8 
BAT RX 0x329 [8] 01 00 22 34 01 00 3F AD 
BAT RX 0x323 [8] 20 0E 10 00 00 00 00 00 
BAT RX 0x324 [8] 00 01 47 50 4A 30 32 31 
BAT RX 0x322 [8] 00 F3 00 CE 03 01 46 46 
BAT RX 0x320 [8] 50 41 C3 85 85 00 00 00 
BAT RX 0x319 [8] C0 0C FB 0C F8 1D 04 00 
BAT RX 0x318 [8] 0C F9 0C F9 0C F9 0C F9 
BAT RX 0x317 [8] 0C FB 0C FA 0C FA 0C FA 
BAT RX 0x316 [8] 0C F9 0C F9 0C F8 0C F8 
BAT RX 0x315 [8] 0C FB 0C FA 0C FA 0C F9 
BAT RX 0x314 [8] 40 10 5B 04 00 03 05 41 
BAT RX 0x313 [8] 14 BE 00 00 00 DF 46 63 
BAT RX 0x312 [8] 00 00 00 00 02 00 00 00 
BAT RX 0x311 [8] 02 38 08 24 08 24 01 61 
[372s] OK V=53.10V I=+0.0A T=22.3C SOC=70% SOH=99% | CVL=56.8V CCL=208.4A DCL=208.4A | chg=1 dis=1 fc1=0 fc2=0 | prot=0000 warn=0000 | packs=2 | inv0x305=no
BAT RX 0x330 [8] 02 0D 01 03 0C FB 0C F8 
BAT RX 0x329 [8] 02 00 19 C0 02 00 40 48 
BAT RX 0x323 [8] 20 0E 10 00 00 00 00 00 
BAT RX 0x324 [8] 01 39 35 32 32 30 36 32 
BAT RX 0x322 [8] 00 F3 00 CE 03 01 46 46 
BAT RX 0x320 [8] 50 41 C3 85 85 00 00 00 
BAT RX 0x319 [8] C0 0C FB 0C F8 1D 03 00 
BAT RX 0x318 [8] 0C F9 0C F9 0C F9 0C F9 
BAT RX 0x317 [8] 0C FB 0C FA 0C FA 0C FA 
BAT RX 0x316 [8] 0C F9 0C F8 0C F8 0C F8 
BAT RX 0x315 [8] 0C FB 0C FB 0C FA 0C FA 
BAT RX 0x314 [8] 40 10 5B 04 00 03 05 41 
BAT RX 0x313 [8] 14 BE 00 00 00 DF 46 63 
BAT RX 0x312 [8] 00 00 00 00 02 00 00 00 
BAT RX 0x311 [8] 02 38 08 24 08 24 01 61 
BAT RX 0x330 [8] 01 03 01 01 0C FA 0C F8 
BAT RX 0x329 [8] 01 00 22 34 01 00 3F AD 
BAT RX 0x323 [8] 20 0E 10 00 00 00 00 00 
BAT RX 0x324 [8] 02 43 30 37 00 00 00 00 
BAT RX 0x322 [8] 00 F3 00 CE 03 01 46 46 
BAT RX 0x320 [8] 50 41 C3 85 85 00 00 00 
BAT RX 0x319 [8] C0 0C FA 0C F8 03 01 00 
BAT RX 0x318 [8] 0C F9 0C F9 0C F9 0C F8 
BAT RX 0x317 [8] 0C FA 0C FA 0C FA 0C FA 
BAT RX 0x316 [8] 0C F9 0C F8 0C F8 0C F8 
BAT RX 0x315 [8] 0C FB 0C FA 0C FA 0C FA 
BAT RX 0x314 [8] 40 10 5B 04 00 03 05 41 
BAT RX 0x313 [8] 14 BE 00 00 00 DF 46 63 
BAT RX 0x312 [8] 00 00 00 00 02 00 00 00 
BAT RX 0x311 [8] 02 38 08 24 08 24 01 61 
[374s] OK V=53.10V I=+0.0A T=22.3C SOC=70% SOH=99% | CVL=56.8V CCL=208.4A DCL=208.4A | chg=1 dis=1 fc1=0 fc2=0 | prot=0000 warn=0000 | packs=2 | inv0x305=no

---- battery-bus rate stats (VERBOSE_STATS) ----------------------------
  5528 frames, 375 s elapsed
  ID     count   period(ms)  (min-max gap)
  0x324     368   1006 (1-4867)
  0x329     370    997 (1-4866)
  0x330     373    989 (0-4000)
  0x312     368   1002 (1-4867)
  0x313     368   1002 (1-4867)
  0x314     368   1002 (1-4867)
  0x315     368   1002 (1-4867)
  0x316     368   1002 (1-4867)
  0x317     368   1002 (1-4867)
  0x318     368   1002 (1-4867)
  0x319     368   1002 (1-4867)
  0x320     368   1002 (1-4866)
  0x322     368   1002 (0-4867)
  0x311     368   1002 (1-4867)
  0x323     369    999 (1-4866)
--------------------------------------------------------------------------

  TWAI: state=RUNNING  tx_err=0 rx_err=0  tx_failed=0  rx_missed=111 rx_overrun=0  arb_lost=0  bus_err=0
BAT RX 0x330 [8] 01 06 01 03 0C FA 0C F8 
BAT RX 0x329 [8] 02 00 19 C0 02 00 40 48 
BAT RX 0x323 [8] 20 0E 10 00 00 00 00 00 
BAT RX 0x324 [8] 00 02 47 50 4A 30 32 31 
BAT RX 0x322 [8] 00 F3 00 CE 03 01 46 46 
BAT RX 0x320 [8] 50 41 C3 85 85 00 00 00 
BAT RX 0x319 [8] C0 0C FA 0C F8 06 03 00 
BAT RX 0x318 [8] 0C F9 0C F9 0C F9 0C F9 
BAT RX 0x317 [8] 0C FA 0C FA 0C FA 0C FA 
BAT RX 0x316 [8] 0C F9 0C F9 0C F9 0C F8 
BAT RX 0x315 [8] 0C FB 0C FA 0C FA 0C FA 
BAT RX 0x314 [8] 40 10 5B 04 00 03 05 41 
BAT RX 0x313 [8] 14 BE 00 00 00 DF 46 63 
BAT RX 0x312 [8] 00 00 00 00 02 00 00 00 
BAT RX 0x311 [8] 02 38 08 24 08 24 01 61 
BAT RX 0x330 [8] 01 07 01 02 0C FA 0C F8 
BAT RX 0x329 [8] 01 00 22 34 01 00 3F AD 
BAT RX 0x323 [8] 20 0E 10 00 00 00 00 00 
BAT RX 0x324 [8] 01 39 35 32 32 30 36 32 
BAT RX 0x322 [8] 00 F3 00 CE 03 01 46 46 
BAT RX 0x320 [8] 50 41 C3 85 85 00 00 00 
BAT RX 0x319 [8] C0 0C FA 0C F8 07 02 00 
BAT RX 0x318 [8] 0C F9 0C F9 0C F9 0C F9 
BAT RX 0x317 [8] 0C FA 0C FA 0C FA 0C FA 
BAT RX 0x316 [8] 0C F9 0C F9 0C F9 0C F9 
BAT RX 0x315 [8] 0C FB 0C FA 0C FA 0C FA 
BAT RX 0x314 [8] 40 10 5B 04 00 02 05 41 
BAT RX 0x313 [8] 14 BE 00 00 00 DF 46 63 
BAT RX 0x312 [8] 00 00 00 00 02 00 00 00 
BAT RX 0x311 [8] 02 38 08 24 08 24 01 61 
[376s] OK V=53.10V I=+0.0A T=22.3C SOC=70% SOH=99% | CVL=56.8V CCL=208.4A DCL=208.4A | chg=1 dis=1 fc1=0 fc2=0 | prot=0000 warn=0000 | packs=2 | inv0x305=no
BAT RX 0x330 [8] 01 07 01 04 0C FA 0C F8 
BAT RX 0x329 [8] 02 00 19 C0 02 00 40 48 
BAT RX 0x323 [8] 20 0E 10 00 00 00 00 00 
BAT RX 0x324 [8] 02 42 42 37 00 00 00 00 
BAT RX 0x322 [8] 00 F3 00 CE 03 01 46 46 
BAT RX 0x320 [8] 50 41 C3 85 85 00 00 00 
BAT RX 0x319 [8] C0 0C FA 0C F8 07 04 00 
BAT RX 0x318 [8] 0C F9 0C F9 0C F9 0C F9 
BAT RX 0x317 [8] 0C FA 0C FA 0C FA 0C FA 
BAT RX 0x316 [8] 0C F9 0C F9 0C F8 0C F8 
BAT RX 0x315 [8] 0C FB 0C FA 0C FA 0C FA 
BAT RX 0x314 [8] 40 10 5B 04 00 03 05 41 
BAT RX 0x313 [8] 14 BE 00 00 00 DF 46 63 
BAT RX 0x312 [8] 00 00 00 00 02 00 00 00 
BAT RX 0x311 [8] 02 38 08 24 08 24 01 61 
BAT RX 0x330 [8] 01 07 02 01 0C FA 0C F8 
BAT RX 0x329 [8] 01 00 22 34 01 00 3F AD 
BAT RX 0x323 [8] 20 0E 10 00 00 00 00 00 
BAT RX 0x324 [8] 00 01 47 50 4A 30 32 31 
BAT RX 0x322 [8] 00 F3 00 CE 03 01 46 46 
BAT RX 0x320 [8] 50 41 C3 85 85 00 00 00 
BAT RX 0x319 [8] C0 0C FA 0C F8 07 11 00 
BAT RX 0x318 [8] 0C F9 0C F9 0C F9 0C F8 
BAT RX 0x317 [8] 0C FA 0C FA 0C FA 0C FA 
BAT RX 0x316 [8] 0C F9 0C F9 0C F9 0C F8 
BAT RX 0x315 [8] 0C FA 0C FA 0C FA 0C FA 
BAT RX 0x314 [8] 40 10 5B 04 00 02 05 41 
BAT RX 0x313 [8] 14 BE 00 00 00 DF 46 63 
BAT RX 0x312 [8] 00 00 00 00 02 00 00 00 
BAT RX 0x311 [8] 02 38 08 24 08 24 01 61 
[378s] OK V=53.10V I=+0.0A T=22.3C SOC=70% SOH=99% | CVL=56.8V CCL=208.4A DCL=208.4A | chg=1 dis=1 fc1=0 fc2=0 | prot=0000 warn=0000 | packs=2 | inv0x305=no
BAT RX 0x330 [8] 01 06 01 04 0C FA 0C F8 
BAT RX 0x329 [8] 02 00 19 C0 02 00 40 48 
BAT RX 0x323 [8] 20 0E 10 00 00 00 00 00 
BAT RX 0x324 [8] 01 39 35 32 32 30 36 32 
BAT RX 0x322 [8] 00 F3 00 CE 03 01 46 46 
BAT RX 0x320 [8] 50 41 C3 85 85 00 00 00 
BAT RX 0x319 [8] C0 0C FA 0C F8 06 04 00 
BAT RX 0x318 [8] 0C F9 0C F9 0C F9 0C F9 
BAT RX 0x317 [8] 0C FA 0C FA 0C FA 0C FA 
BAT RX 0x316 [8] 0C F9 0C F9 0C F9 0C F8 
BAT RX 0x315 [8] 0C FA 0C FA 0C FA 0C FA 
BAT RX 0x314 [8] 40 10 5B 04 00 02 05 41 
BAT RX 0x313 [8] 14 BE 00 00 00 DF 46 63 
BAT RX 0x312 [8] 00 00 00 00 02 00 00 00 
BAT RX 0x311 [8] 02 38 08 24 08 24 01 61 
BAT RX 0x330 [8] 01 05 01 01 0C FA 0C F9 
BAT RX 0x329 [8] 01 00 22 34 01 00 3F AD 
BAT RX 0x323 [8] 20 0E 10 00 00 00 00 00 
BAT RX 0x324 [8] 02 43 30 37 00 00 00 00 
BAT RX 0x322 [8] 00 F3 00 CE 03 01 46 46 
BAT RX 0x320 [8] 50 41 C3 85 85 00 00 00 
BAT RX 0x319 [8] C0 0C FA 0C F9 05 01 00 
BAT RX 0x318 [8] 0C F9 0C F9 0C F9 0C F9 
BAT RX 0x317 [8] 0C FA 0C FA 0C FA 0C FA 
BAT RX 0x316 [8] 0C F9 0C F8 0C F8 0C F8 
BAT RX 0x315 [8] 0C FA 0C FA 0C FA 0C FA 
BAT RX 0x314 [8] 40 10 5B 04 00 02 05 41 
BAT RX 0x313 [8] 14 BE 00 00 00 DF 46 63 
BAT RX 0x312 [8] 00 00 00 00 02 00 00 00 
BAT RX 0x311 [8] 02 38 08 24 08 24 01 61 
[380s] OK V=53.10V I=+0.0A T=22.3C SOC=70% SOH=99% | CVL=56.8V CCL=208.4A DCL=208.4A | chg=1 dis=1 fc1=0 fc2=0 | prot=0000 warn=0000 | packs=2 | inv0x305=no
BAT RX 0x330 [8] 01 07 01 01 0C FA 0C F9 
BAT RX 0x329 [8] 02 00 19 C0 02 00 40 48 
BAT RX 0x323 [8] 20 0E 10 00 00 00 00 00 
BAT RX 0x324 [8] 00 02 47 50 4A 30 32 31 
BAT RX 0x322 [8] 00 F3 00 CE 03 01 46 46 
BAT RX 0x320 [8] 50 41 C3 85 85 00 00 00 
BAT RX 0x319 [8] C0 0C FA 0C F9 07 01 00 
BAT RX 0x318 [8] 0C F9 0C F9 0C F9 0C F9 
BAT RX 0x317 [8] 0C FA 0C FA 0C FA 0C FA 
BAT RX 0x316 [8] 0C F9 0C F9 0C F9 0C F9 
BAT RX 0x315 [8] 0C FA 0C FA 0C FA 0C FA 
BAT RX 0x314 [8] 40 10 5B 04 00 01 05 41 
BAT RX 0x313 [8] 14 BE 00 00 00 DF 46 63 
BAT RX 0x312 [8] 00 00 00 00 02 00 00 00 
BAT RX 0x311 [8] 02 38 08 24 08 24 01 61 
BAT RX 0x330 [8] 01 09 01 01 0C FA 0C F9 
BAT RX 0x329 [8] 01 00 22 34 01 00 3F AD 
BAT RX 0x323 [8] 20 0E 10 00 00 00 00 00 
BAT RX 0x324 [8] 01 39 35 32 32 30 36 32 
BAT RX 0x322 [8] 00 F3 00 CE 03 01 46 46 
BAT RX 0x320 [8] 50 41 C3 85 85 00 00 00 
BAT RX 0x319 [8] C0 0C FA 0C F9 09 01 00 
BAT RX 0x318 [8] 0C F9 0C F9 0C F9 0C F9 
BAT RX 0x317 [8] 0C FA 0C FA 0C FA 0C FA 
BAT RX 0x316 [8] 0C F9 0C F9 0C F9 0C F9 
BAT RX 0x315 [8] 0C FB 0C FB 0C FA 0C FA 
BAT RX 0x314 [8] 40 10 5B 04 00 02 05 41 
BAT RX 0x313 [8] 14 BE 00 00 00 DF 46 63 
BAT RX 0x312 [8] 00 00 00 00 02 00 00 00 
BAT RX 0x311 [8] 02 38 08 24 08 24 01 61 
[382s] OK V=53.10V I=+0.0A T=22.3C SOC=70% SOH=99% | CVL=56.8V CCL=208.4A DCL=208.4A | chg=1 dis=1 fc1=0 fc2=0 | prot=0000 warn=0000 | packs=2 | inv0x305=no
BAT RX 0x330 [8] 01 07 01 04 0C FB 0C F8 
BAT RX 0x329 [8] 02 00 19 C0 02 00 40 48 
BAT RX 0x323 [8] 20 0E 10 00 00 00 00 00 
BAT RX 0x324 [8] 02 42 42 37 00 00 00 00 
BAT RX 0x322 [8] 00 F3 00 CE 03 01 46 46 
BAT RX 0x320 [8] 50 41 C3 85 85 00 00 00 
BAT RX 0x319 [8] C0 0C FB 0C F8 07 04 00 
BAT RX 0x318 [8] 0C F9 0C F9 0C F9 0C F9 
BAT RX 0x317 [8] 0C FB 0C FA 0C FA 0C FA 
BAT RX 0x316 [8] 0C F9 0C F9 0C F8 0C F7 
BAT RX 0x315 [8] 0C FB 0C FA 0C FA 0C FA 
BAT RX 0x314 [8] 40 10 5B 04 00 04 05 41 
BAT RX 0x313 [8] 14 BE 00 00 00 DF 46 63 
BAT RX 0x312 [8] 00 00 00 00 02 00 00 00 
BAT RX 0x311 [8] 02 38 08 24 08 24 01 61 
BAT RX 0x330 [8] 02 0D 01 02 0C FB 0C F8 
BAT RX 0x329 [8] 01 00 22 34 01 00 3F AD 
BAT RX 0x323 [8] 20 0E 10 00 00 00 00 00 
BAT RX 0x324 [8] 00 01 47 50 4A 30 32 31 
BAT RX 0x322 [8] 00 F3 00 CE 03 01 46 46 
BAT RX 0x320 [8] 50 41 C3 85 85 00 00 00 
BAT RX 0x319 [8] C0 0C FB 0C F8 1D 02 00 
BAT RX 0x318 [8] 0C F9 0C F9 0C F9 0C F9 
BAT RX 0x317 [8] 0C FB 0C FA 0C FA 0C FA 
BAT RX 0x316 [8] 0C F8 0C F8 0C F8 0C F8 
BAT RX 0x315 [8] 0C FB 0C FA 0C FA 0C FA 
BAT RX 0x314 [8] 40 10 5B 04 00 03 05 41 
BAT RX 0x313 [8] 14 BE 00 00 00 DF 46 63 
BAT RX 0x312 [8] 00 00 00 00 02 00 00 00 
BAT RX 0x311 [8] 02 38 08 24 08 24 01 61 
[384s] OK V=53.10V I=+0.0A T=22.3C SOC=70% SOH=99% | CVL=56.8V CCL=208.4A DCL=208.4A | chg=1 dis=1 fc1=0 fc2=0 | prot=0000 warn=0000 | packs=2 | inv0x305=no
BAT RX 0x330 [8] 02 0D 01 01 0C FB 0C F8 
BAT RX 0x329 [8] 02 00 19 C0 02 00 40 48 
BAT RX 0x323 [8] 20 0E 10 00 00 00 00 00 
BAT RX 0x324 [8] 01 39 35 32 32 30 36 32 
BAT RX 0x322 [8] 00 F3 00 CE 03 01 46 46 
BAT RX 0x320 [8] 50 41 C3 85 85 00 00 00 
BAT RX 0x319 [8] C0 0C FB 0C F8 1D 01 00 
BAT RX 0x318 [8] 0C F9 0C F9 0C F9 0C F9 
BAT RX 0x317 [8] 0C FB 0C FA 0C FA 0C FA 
BAT RX 0x316 [8] 0C F9 0C F9 0C F9 0C F8 
BAT RX 0x315 [8] 0C FA 0C FA 0C FA 0C FA 
BAT RX 0x314 [8] 40 10 5B 04 00 02 05 41 
BAT RX 0x313 [8] 14 BE 00 00 00 DF 46 63 
BAT RX 0x312 [8] 00 00 00 00 02 00 00 00 
BAT RX 0x311 [8] 02 38 08 24 08 24 01 61 
BAT RX 0x330 [8] 01 07 01 03 0C FA 0C F8 
BAT RX 0x329 [8] 01 00 22 34 01 00 3F AD 
BAT RX 0x323 [8] 20 0E 10 00 00 00 00 00 
BAT RX 0x324 [8] 02 43 30 37 00 00 00 00 
BAT RX 0x322 [8] 00 F3 00 CE 03 01 46 46 
BAT RX 0x320 [8] 50 41 C3 85 85 00 00 00 
BAT RX 0x319 [8] C0 0C FA 0C F8 07 03 00 
BAT RX 0x318 [8] 0C F9 0C F9 0C F9 0C F9 
BAT RX 0x317 [8] 0C FA 0C FA 0C FA 0C FA 
BAT RX 0x316 [8] 0C F9 0C F9 0C F8 0C F8 
BAT RX 0x315 [8] 0C FA 0C FA 0C FA 0C FA 
BAT RX 0x314 [8] 40 10 5B 04 00 02 05 41 
BAT RX 0x313 [8] 14 BE 00 00 00 DF 46 63 
BAT RX 0x312 [8] 00 00 00 00 02 00 00 00 
BAT RX 0x311 [8] 02 38 08 24 08 24 01 61 
[386s] OK V=53.10V I=+0.0A T=22.3C SOC=70% SOH=99% | CVL=56.8V CCL=208.4A DCL=208.4A | chg=1 dis=1 fc1=0 fc2=0 | prot=0000 warn=0000 | packs=2 | inv0x305=no
BAT RX 0x330 [8] 01 09 01 03 0C FA 0C F8 
BAT RX 0x329 [8] 02 00 19 C0 02 00 40 48 
BAT RX 0x323 [8] 20 0E 10 00 00 00 00 00 
BAT RX 0x324 [8] 00 02 47 50 4A 30 32 31 
BAT RX 0x322 [8] 00 F3 00 CE 03 01 46 46 
BAT RX 0x320 [8] 50 41 C3 85 85 00 00 00 
BAT RX 0x319 [8] C0 0C FA 0C F8 09 03 00 
BAT RX 0x318 [8] 0C F9 0C F9 0C F9 0C F9 
BAT RX 0x317 [8] 0C FA 0C FA 0C FA 0C FA 
BAT RX 0x316 [8] 0C F9 0C F9 0C F9 0C F8 
BAT RX 0x315 [8] 0C FA 0C FA 0C FA 0C FA 
BAT RX 0x314 [8] 40 10 5B 04 00 02 05 41 
BAT RX 0x313 [8] 14 BE 00 00 00 DF 46 63 
BAT RX 0x312 [8] 00 00 00 00 02 00 00 00 
BAT RX 0x311 [8] 02 38 08 24 08 24 01 61 
BAT RX 0x330 [8] 02 0D 01 01 0C FB 0C F9 
BAT RX 0x329 [8] 01 00 22 34 01 00 3F AD 
BAT RX 0x323 [8] 20 0E 10 00 00 00 00 00 
BAT RX 0x324 [8] 01 39 35 32 32 30 36 32 
BAT RX 0x322 [8] 00 F3 00 CE 03 01 46 46 
BAT RX 0x320 [8] 50 41 C3 85 85 00 00 00 
BAT RX 0x319 [8] C0 0C FB 0C F9 1D 01 00 
BAT RX 0x318 [8] 0C F9 0C F9 0C F9 0C F9 
BAT RX 0x317 [8] 0C FB 0C FA 0C FA 0C FA 
BAT RX 0x316 [8] 0C F9 0C F9 0C F9 0C F8 
BAT RX 0x315 [8] 0C FA 0C FA 0C FA 0C FA 
BAT RX 0x314 [8] 40 10 5B 04 00 02 05 41 
BAT RX 0x313 [8] 14 BE 00 00 00 DF 46 63 
BAT RX 0x312 [8] 00 00 00 00 02 00 00 00 
BAT RX 0x311 [8] 02 38 08 24 08 24 01 61 
[388s] OK V=53.10V I=+0.0A T=22.3C SOC=70% SOH=99% | CVL=56.8V CCL=208.4A DCL=208.4A | chg=1 dis=1 fc1=0 fc2=0 | prot=0000 warn=0000 | packs=2 | inv0x305=no
BAT RX 0x330 [8] 01 06 01 03 0C FA 0C F8 
BAT RX 0x329 [8] 02 00 19 C0 02 00 40 48 
BAT RX 0x323 [8] 20 0E 10 00 00 00 00 00 
BAT RX 0x324 [8] 02 42 42 37 00 00 00 00 
BAT RX 0x322 [8] 00 F3 00 CE 03 01 46 46 
BAT RX 0x320 [8] 50 41 C3 85 85 00 00 00 
BAT RX 0x319 [8] C0 0C FA 0C F8 06 03 00 
BAT RX 0x318 [8] 0C F9 0C F9 0C F9 0C F9 
BAT RX 0x317 [8] 0C FA 0C FA 0C FA 0C FA 
BAT RX 0x316 [8] 0C F9 0C F9 0C F9 0C F9 
BAT RX 0x315 [8] 0C FA 0C FA 0C FA 0C FA 
BAT RX 0x314 [8] 40 10 5B 04 00 01 05 41 
BAT RX 0x313 [8] 14 BE 00 00 00 DF 46 63 
BAT RX 0x312 [8] 00 00 00 00 02 00 00 00 
BAT RX 0x311 [8] 02 38 08 24 08 24 01 61 

---- battery-bus rate stats (VERBOSE_STATS) ----------------------------
  5753 frames, 390 s elapsed
  ID     count   period(ms)  (min-max gap)
  0x324     383   1006 (1-4867)
  0x329     385    997 (1-4866)
  0x330     388    989 (0-4000)
  0x312     383   1002 (1-4867)
  0x313     383   1002 (1-4867)
  0x314     383   1002 (1-4867)
  0x315     383   1002 (1-4867)
  0x316     383   1002 (1-4867)
  0x317     383   1002 (1-4867)
  0x318     383   1002 (1-4867)
  0x319     383   1002 (1-4867)
  0x320     383   1002 (1-4866)
  0x322     383   1002 (0-4867)
  0x311     383   1002 (1-4867)
  0x323     384    999 (1-4866)
--------------------------------------------------------------------------

  TWAI: state=RUNNING  tx_err=0 rx_err=0  tx_failed=0  rx_missed=111 rx_overrun=0  arb_lost=0  bus_err=0
BAT RX 0x330 [8] 01 07 01 01 0C FA 0C F9 
BAT RX 0x329 [8] 01 00 22 34 01 00 3F AD 
BAT RX 0x323 [8] 20 0E 10 00 00 00 00 00 
BAT RX 0x324 [8] 00 01 47 50 4A 30 32 31 
BAT RX 0x322 [8] 00 F3 00 CE 03 01 46 46 
BAT RX 0x320 [8] 50 41 C3 85 85 00 00 00 
BAT RX 0x319 [8] C0 0C FA 0C F9 07 01 00 
BAT RX 0x318 [8] 0C F9 0C F9 0C F9 0C F9 
BAT RX 0x317 [8] 0C FA 0C FA 0C FA 0C FA 
BAT RX 0x316 [8] 0C F9 0C F9 0C F9 0C F9 
BAT RX 0x315 [8] 0C FA 0C FA 0C FA 0C FA 
BAT RX 0x314 [8] 40 10 5B 04 00 01 05 41 
BAT RX 0x313 [8] 14 BE 00 00 00 DF 46 63 
BAT RX 0x312 [8] 00 00 00 00 02 00 00 00 
BAT RX 0x311 [8] 02 38 08 24 08 24 01 61 
[390s] OK V=53.10V I=+0.0A T=22.3C SOC=70% SOH=99% | CVL=56.8V CCL=208.4A DCL=208.4A | chg=1 dis=1 fc1=0 fc2=0 | prot=0000 warn=0000 | packs=2 | inv0x305=no
BAT RX 0x330 [8] 01 09 01 03 0C FA 0C F8 
BAT RX 0x329 [8] 02 00 19 C0 02 00 40 48 
BAT RX 0x323 [8] 20 0E 10 00 00 00 00 00 
BAT RX 0x324 [8] 01 39 35 32 32 30 36 32 
BAT RX 0x322 [8] 00 F3 00 CE 03 01 46 46 
BAT RX 0x320 [8] 50 41 C3 85 85 00 00 00 
BAT RX 0x319 [8] C0 0C FA 0C F8 09 03 00 
BAT RX 0x318 [8] 0C F9 0C F9 0C F9 0C F9 
BAT RX 0x317 [8] 0C FA 0C FA 0C FA 0C FA 
BAT RX 0x316 [8] 0C F9 0C F9 0C F9 0C F9 
BAT RX 0x315 [8] 0C FA 0C FA 0C FA 0C FA 
BAT RX 0x314 [8] 40 10 5B 04 00 01 05 41 
BAT RX 0x313 [8] 14 BE 00 00 00 DF 46 63 
BAT RX 0x312 [8] 00 00 00 00 02 00 00 00 
BAT RX 0x311 [8] 02 38 08 24 08 24 01 61 
BAT RX 0x330 [8] 01 0E 01 01 0C FB 0C F9 
BAT RX 0x329 [8] 01 00 22 34 01 00 3F AD 
BAT RX 0x323 [8] 20 0E 10 00 00 00 00 00 
BAT RX 0x324 [8] 02 43 30 37 00 00 00 00 
BAT RX 0x322 [8] 00 F3 00 CE 03 01 46 46 
BAT RX 0x320 [8] 50 41 C3 85 85 00 00 00 
BAT RX 0x319 [8] C0 0C FB 0C F9 0E 01 00 
BAT RX 0x318 [8] 0C F9 0C F9 0C F9 0C F9 
BAT RX 0x317 [8] 0C FB 0C FA 0C FA 0C FA 
BAT RX 0x316 [8] 0C F9 0C F9 0C F9 0C F8 
BAT RX 0x315 [8] 0C FA 0C FA 0C FA 0C FA 
BAT RX 0x314 [8] 40 10 5B 04 00 02 05 41 
BAT RX 0x313 [8] 14 BE 00 00 00 DF 46 63 
BAT RX 0x312 [8] 00 00 00 00 02 00 00 00 
BAT RX 0x311 [8] 02 38 08 24 08 24 01 61 
[392s] OK V=53.10V I=+0.0A T=22.3C SOC=70% SOH=99% | CVL=56.8V CCL=208.4A DCL=208.4A | chg=1 dis=1 fc1=0 fc2=0 | prot=0000 warn=0000 | packs=2 | inv0x305=no
BAT RX 0x330 [8] 01 07 01 01 0C FA 0C F9 
BAT RX 0x329 [8] 02 00 19 C0 02 00 40 48 
BAT RX 0x323 [8] 20 0E 10 00 00 00 00 00 
BAT RX 0x324 [8] 00 02 47 50 4A 30 32 31 
BAT RX 0x322 [8] 00 F3 00 CE 03 01 46 46 
BAT RX 0x320 [8] 50 41 C3 85 85 00 00 00 
BAT RX 0x319 [8] C0 0C FA 0C F9 07 01 00 
BAT RX 0x318 [8] 0C F9 0C F9 0C F9 0C F9 
BAT RX 0x317 [8] 0C FA 0C FA 0C FA 0C FA 
BAT RX 0x316 [8] 0C F9 0C F9 0C F9 0C F8 
BAT RX 0x315 [8] 0C FA 0C FA 0C FA 0C FA 
BAT RX 0x314 [8] 40 10 5B 04 00 02 05 41 
BAT RX 0x313 [8] 14 BE 00 00 00 DF 46 63 
BAT RX 0x312 [8] 00 00 00 00 02 00 00 00 
BAT RX 0x311 [8] 02 38 08 24 08 24 01 61 
BAT RX 0x330 [8] 01 07 01 01 0C FA 0C F9 
BAT RX 0x329 [8] 01 00 22 34 01 00 3F AD 
BAT RX 0x323 [8] 20 0E 10 00 00 00 00 00 
BAT RX 0x324 [8] 01 39 35 32 32 30 36 32 
BAT RX 0x322 [8] 00 F3 00 CE 03 01 46 46 
BAT RX 0x320 [8] 50 41 C3 85 85 00 00 00 
BAT RX 0x319 [8] C0 0C FA 0C F9 07 01 00 
BAT RX 0x318 [8] 0C F9 0C F9 0C F9 0C F9 
BAT RX 0x317 [8] 0C FA 0C FA 0C FA 0C FA 
BAT RX 0x316 [8] 0C F9 0C F9 0C F9 0C F9 
BAT RX 0x315 [8] 0C FA 0C FA 0C FA 0C FA 
BAT RX 0x314 [8] 40 10 5B 04 00 01 05 41 
BAT RX 0x313 [8] 14 BE 00 00 00 DF 46 63 
BAT RX 0x312 [8] 00 00 00 00 02 00 00 00 
BAT RX 0x311 [8] 02 38 08 24 08 24 01 61 
[394s] OK V=53.10V I=+0.0A T=22.3C SOC=70% SOH=99% | CVL=56.8V CCL=208.4A DCL=208.4A | chg=1 dis=1 fc1=0 fc2=0 | prot=0000 warn=0000 | packs=2 | inv0x305=no
BAT RX 0x330 [8] 01 0C 01 01 0C FA 0C F9 
BAT RX 0x329 [8] 02 00 19 C0 02 00 40 48 
BAT RX 0x323 [8] 20 0E 10 00 00 00 00 00 
BAT RX 0x324 [8] 02 42 42 37 00 00 00 00 
BAT RX 0x322 [8] 00 F3 00 CE 03 01 46 46 
BAT RX 0x320 [8] 50 41 C3 85 85 00 00 00 
BAT RX 0x319 [8] C0 0C FA 0C F9 0C 01 00 
BAT RX 0x318 [8] 0C F9 0C F9 0C F9 0C F9 
BAT RX 0x317 [8] 0C FA 0C FA 0C FA 0C FA 
BAT RX 0x316 [8] 0C F9 0C F9 0C F9 0C F9 
BAT RX 0x315 [8] 0C FA 0C FA 0C FA 0C FA 
BAT RX 0x314 [8] 40 10 5B 04 00 01 05 41 
BAT RX 0x313 [8] 14 BE 00 00 00 DF 46 63 
BAT RX 0x312 [8] 00 00 00 00 02 00 00 00 
BAT RX 0x311 [8] 02 38 08 24 08 24 01 61 
BAT RX 0x330 [8] 01 0E 01 0A 0C FB 0C F8 
BAT RX 0x329 [8] 01 00 22 34 01 00 3F AD 
BAT RX 0x323 [8] 20 0E 10 00 00 00 00 00 
BAT RX 0x324 [8] 00 01 47 50 4A 30 32 31 
BAT RX 0x322 [8] 00 F3 00 CE 03 01 46 46 
BAT RX 0x320 [8] 50 41 C3 85 85 00 00 00 
BAT RX 0x319 [8] C0 0C FB 0C F8 0E 0A 00 
BAT RX 0x318 [8] 0C F9 0C F9 0C F9 0C F8 
BAT RX 0x317 [8] 0C FB 0C FA 0C FA 0C FA 
BAT RX 0x316 [8] 0C F9 0C F9 0C F8 0C F8 
BAT RX 0x315 [8] 0C FA 0C FA 0C FA 0C FA 
BAT RX 0x314 [8] 40 10 5B 04 00 03 05 41 
BAT RX 0x313 [8] 14 BE 00 00 00 DF 46 63 
BAT RX 0x312 [8] 00 00 00 00 02 00 00 00 
BAT RX 0x311 [8] 02 38 08 24 08 24 01 61 
[396s] OK V=53.10V I=+0.0A T=22.3C SOC=70% SOH=99% | CVL=56.8V CCL=208.4A DCL=208.4A | chg=1 dis=1 fc1=0 fc2=0 | prot=0000 warn=0000 | packs=2 | inv0x305=no
BAT RX 0x330 [8] 02 0D 01 01 0C FB 0C F9 
BAT RX 0x329 [8] 02 00 19 C0 02 00 40 48 
BAT RX 0x323 [8] 20 0E 10 00 00 00 00 00 
BAT RX 0x324 [8] 01 39 35 32 32 30 36 32 
BAT RX 0x322 [8] 00 F3 00 CE 03 01 46 46 
BAT RX 0x320 [8] 50 41 C3 85 85 00 00 00 
BAT RX 0x319 [8] C0 0C FB 0C F9 1D 01 00 
BAT RX 0x318 [8] 0C F9 0C F9 0C F9 0C F9 
BAT RX 0x317 [8] 0C FB 0C FA 0C FA 0C FA 
BAT RX 0x316 [8] 0C F9 0C F9 0C F9 0C F9 
BAT RX 0x315 [8] 0C FA 0C FA 0C FA 0C FA 
BAT RX 0x314 [8] 40 10 5B 04 00 02 05 41 
BAT RX 0x313 [8] 14 BE 00 00 00 DF 46 63 
BAT RX 0x312 [8] 00 00 00 00 02 00 00 00 
BAT RX 0x311 [8] 02 38 08 24 08 24 01 61 
BAT RX 0x330 [8] 01 0E 01 02 0C FB 0C F8 
BAT RX 0x329 [8] 01 00 22 34 01 00 3F AD 
BAT RX 0x323 [8] 20 0E 10 00 00 00 00 00 
BAT RX 0x324 [8] 02 43 30 37 00 00 00 00 
BAT RX 0x322 [8] 00 F3 00 CE 03 01 46 46 
BAT RX 0x320 [8] 50 41 C3 85 85 00 00 00 
BAT RX 0x319 [8] C0 0C FB 0C F8 0E 02 00 
BAT RX 0x318 [8] 0C F9 0C F9 0C F9 0C F9 
BAT RX 0x317 [8] 0C FB 0C FA 0C FA 0C FA 
BAT RX 0x316 [8] 0C F9 0C F9 0C F9 0C F9 
BAT RX 0x315 [8] 0C FB 0C FA 0C FA 0C FA 
BAT RX 0x314 [8] 40 10 5B 04 00 02 05 41 
BAT RX 0x313 [8] 14 BE 00 00 00 DF 46 63 
BAT RX 0x312 [8] 00 00 00 00 02 00 00 00 
BAT RX 0x311 [8] 02 38 08 24 08 24 01 61 
[398s] OK V=53.10V I=+0.0A T=22.3C SOC=70% SOH=99% | CVL=56.8V CCL=208.4A DCL=208.4A | chg=1 dis=1 fc1=0 fc2=0 | prot=0000 warn=0000 | packs=2 | inv0x305=no
BAT RX 0x330 [8] 02 0D 01 01 0C FB 0C F9 
BAT RX 0x329 [8] 02 00 19 C0 02 00 40 48 
BAT RX 0x323 [8] 20 0E 10 00 00 00 00 00 
BAT RX 0x324 [8] 00 02 47 50 4A 30 32 31 
BAT RX 0x322 [8] 00 F3 00 CE 03 01 46 46 
BAT RX 0x320 [8] 50 41 C3 85 85 00 00 00 
BAT RX 0x319 [8] C0 0C FB 0C F9 1D 01 00 
BAT RX 0x318 [8] 0C F9 0C F9 0C F9 0C F9 
BAT RX 0x317 [8] 0C FB 0C FA 0C FA 0C FA 
BAT RX 0x316 [8] 0C F9 0C F9 0C F9 0C F8 
BAT RX 0x315 [8] 0C FB 0C FB 0C FA 0C FA 
BAT RX 0x314 [8] 40 10 5B 04 00 03 05 41 
BAT RX 0x313 [8] 14 BE 00 00 00 DF 46 63 
BAT RX 0x312 [8] 00 00 00 00 02 00 00 00 
BAT RX 0x311 [8] 02 38 08 24 08 24 01 61 
BAT RX 0x330 [8] 01 0F 01 03 0C FB 0C F8 
BAT RX 0x329 [8] 01 00 22 34 01 00 3F AD 
BAT RX 0x323 [8] 20 0E 10 00 00 00 00 00 
BAT RX 0x324 [8] 01 39 35 32 32 30 36 32 
BAT RX 0x322 [8] 00 F3 00 CE 03 01 46 46 
BAT RX 0x320 [8] 50 41 C3 85 85 00 00 00 
BAT RX 0x319 [8] C0 0C FB 0C F8 0F 03 00 
BAT RX 0x318 [8] 0C F9 0C F9 0C F9 0C F9 
BAT RX 0x317 [8] 0C FB 0C FA 0C FA 0C FA 
BAT RX 0x316 [8] 0C F9 0C F9 0C F9 0C F8 
BAT RX 0x315 [8] 0C FA 0C FA 0C FA 0C FA 
BAT RX 0x314 [8] 40 10 5B 04 00 02 05 41 
BAT RX 0x313 [8] 14 BE 00 00 00 DF 46 63 
BAT RX 0x312 [8] 00 00 00 00 02 00 00 00 
BAT RX 0x311 [8] 02 38 08 24 08 24 01 61 
[400s] OK V=53.10V I=+0.0A T=22.3C SOC=70% SOH=99% | CVL=56.8V CCL=208.4A DCL=208.4A | chg=1 dis=1 fc1=0 fc2=0 | prot=0000 warn=0000 | packs=2 | inv0x305=no
BAT RX 0x330 [8] 01 0E 01 01 0C FB 0C F9 
BAT RX 0x329 [8] 02 00 19 C0 02 00 40 48 
BAT RX 0x323 [8] 20 0E 10 00 00 00 00 00 
BAT RX 0x324 [8] 02 42 42 37 00 00 00 00 
BAT RX 0x322 [8] 00 F3 00 CE 03 01 46 46 
BAT RX 0x320 [8] 50 41 C3 85 85 00 00 00 
BAT RX 0x319 [8] C0 0C FB 0C F9 0E 01 00 
BAT RX 0x318 [8] 0C F9 0C F9 0C F9 0C F9 
BAT RX 0x317 [8] 0C FB 0C FA 0C FA 0C FA 
BAT RX 0x316 [8] 0C F9 0C F8 0C F8 0C F8 
BAT RX 0x315 [8] 0C FB 0C FA 0C FA 0C FA 
BAT RX 0x314 [8] 40 10 5B 04 00 03 05 41 
BAT RX 0x313 [8] 14 BE 00 00 00 DF 46 63 
BAT RX 0x312 [8] 00 00 00 00 02 00 00 00 
BAT RX 0x311 [8] 02 38 08 24 08 24 01 61 
BAT RX 0x330 [8] 01 10 01 03 0C FB 0C F8 
BAT RX 0x329 [8] 01 00 22 34 01 00 3F AD 
BAT RX 0x323 [8] 20 0E 10 00 00 00 00 00 
BAT RX 0x324 [8] 00 01 47 50 4A 30 32 31 
BAT RX 0x322 [8] 00 F3 00 CE 03 01 46 46 
BAT RX 0x320 [8] 50 41 C3 85 85 00 00 00 
BAT RX 0x319 [8] C0 0C FB 0C F8 10 03 00 
BAT RX 0x318 [8] 0C F9 0C F9 0C F9 0C F9 
BAT RX 0x317 [8] 0C FA 0C FA 0C FA 0C FA 
BAT RX 0x316 [8] 0C F9 0C F9 0C F8 0C F8 
BAT RX 0x315 [8] 0C FB 0C FA 0C FA 0C FA 
BAT RX 0x314 [8] 40 10 5B 04 00 03 05 41 
BAT RX 0x313 [8] 14 BE 00 00 00 DF 46 63 
BAT RX 0x312 [8] 00 00 00 00 02 00 00 00 
BAT RX 0x311 [8] 02 38 08 24 08 24 01 61 
[402s] OK V=53.10V I=+0.0A T=22.3C SOC=70% SOH=99% | CVL=56.8V CCL=208.4A DCL=208.4A | chg=1 dis=1 fc1=0 fc2=0 | prot=0000 warn=0000 | packs=2 | inv0x305=no
BAT RX 0x330 [8] 01 07 01 01 0C FA 0C F9 
BAT RX 0x329 [8] 02 00 19 C0 02 00 40 48 
BAT RX 0x323 [8] 20 0E 10 00 00 00 00 00 
BAT RX 0x324 [8] 01 39 35 32 32 30 36 32 
BAT RX 0x322 [8] 00 F3 00 CE 03 01 46 46 
BAT RX 0x320 [8] 50 41 C3 85 85 00 00 00 
BAT RX 0x319 [8] C0 0C FA 0C F9 07 01 00 
BAT RX 0x318 [8] 0C F9 0C F9 0C F9 0C F9 
BAT RX 0x317 [8] 0C FA 0C FA 0C FA 0C FA 
BAT RX 0x316 [8] 0C F9 0C F9 0C F9 0C F9 
BAT RX 0x315 [8] 0C FA 0C FA 0C FA 0C FA 
BAT RX 0x314 [8] 40 10 5B 04 00 01 05 41 
BAT RX 0x313 [8] 14 BE 00 00 00 DF 46 63 
BAT RX 0x312 [8] 00 00 00 00 02 00 00 00 
BAT RX 0x311 [8] 02 38 08 24 08 24 01 61 
BAT RX 0x330 [8] 02 0D 01 01 0C FB 0C F9 
BAT RX 0x329 [8] 01 00 22 34 01 00 3F AD 
BAT RX 0x323 [8] 20 0E 10 00 00 00 00 00 
BAT RX 0x324 [8] 02 43 30 37 00 00 00 00 
BAT RX 0x322 [8] 00 F3 00 CE 03 01 46 46 
BAT RX 0x320 [8] 50 41 C3 85 85 00 00 00 
BAT RX 0x319 [8] C0 0C FB 0C F9 1D 01 00 
BAT RX 0x318 [8] 0C F9 0C F9 0C F9 0C F9 
BAT RX 0x317 [8] 0C FB 0C FA 0C FA 0C FA 
BAT RX 0x316 [8] 0C F9 0C F9 0C F9 0C F9 
BAT RX 0x315 [8] 0C FA 0C FA 0C FA 0C FA 
BAT RX 0x314 [8] 40 10 5B 04 00 02 05 41 
BAT RX 0x313 [8] 14 BE 00 00 00 DF 46 63 
BAT RX 0x312 [8] 00 00 00 00 02 00 00 00 
BAT RX 0x311 [8] 02 38 08 24 08 24 01 61 
[404s] OK V=53.10V I=+0.0A T=22.3C SOC=70% SOH=99% | CVL=56.8V CCL=208.4A DCL=208.4A | chg=1 dis=1 fc1=0 fc2=0 | prot=0000 warn=0000 | packs=2 | inv0x305=no

---- battery-bus rate stats (VERBOSE_STATS) ----------------------------
  5978 frames, 405 s elapsed
  ID     count   period(ms)  (min-max gap)
  0x324     398   1006 (1-4867)
  0x329     400    997 (1-4866)
  0x330     403    989 (0-4000)
  0x312     398   1002 (1-4867)
  0x313     398   1002 (1-4867)
  0x314     398   1002 (1-4867)
  0x315     398   1002 (1-4867)
  0x316     398   1002 (1-4867)
  0x317     398   1002 (1-4867)
  0x318     398   1002 (1-4867)
  0x319     398   1002 (1-4867)
  0x320     398   1002 (1-4866)
  0x322     398   1002 (0-4867)
  0x311     398   1002 (1-4867)
  0x323     399    999 (1-4866)
--------------------------------------------------------------------------

  TWAI: state=RUNNING  tx_err=0 rx_err=0  tx_failed=0  rx_missed=111 rx_overrun=0  arb_lost=0  bus_err=0
BAT RX 0x330 [8] 02 0D 01 05 0C FB 0C F8 
BAT RX 0x329 [8] 02 00 19 C0 02 00 40 48 
BAT RX 0x323 [8] 20 0E 10 00 00 00 00 00 
BAT RX 0x324 [8] 00 02 47 50 4A 30 32 31 
BAT RX 0x322 [8] 00 F3 00 CE 03 01 46 46 
BAT RX 0x320 [8] 50 41 C3 85 85 00 00 00 
BAT RX 0x319 [8] C0 0C FB 0C F8 1D 05 00 
BAT RX 0x318 [8] 0C F9 0C F9 0C F9 0C F9 
BAT RX 0x317 [8] 0C FB 0C FA 0C FA 0C FA 
BAT RX 0x316 [8] 0C F9 0C F9 0C F9 0C F9 
BAT RX 0x315 [8] 0C FB 0C FA 0C FA 0C FA 
BAT RX 0x314 [8] 40 10 5B 04 00 02 05 41 
BAT RX 0x313 [8] 14 BE 00 00 00 DF 46 63 
BAT RX 0x312 [8] 00 00 00 00 02 00 00 00 
BAT RX 0x311 [8] 02 38 08 24 08 24 01 61 
BAT RX 0x330 [8] 02 0D 01 03 0C FB 0C F8 
BAT RX 0x329 [8] 01 00 22 34 01 00 3F AD 
BAT RX 0x323 [8] 20 0E 10 00 00 00 00 00 
BAT RX 0x324 [8] 01 39 35 32 32 30 36 32 
BAT RX 0x322 [8] 00 F3 00 CE 03 01 46 46 
BAT RX 0x320 [8] 50 41 C3 85 85 00 00 00 
BAT RX 0x319 [8] C0 0C FB 0C F8 1D 03 00 
BAT RX 0x318 [8] 0C F9 0C F9 0C F9 0C F9 
BAT RX 0x317 [8] 0C FB 0C FA 0C FA 0C FA 
BAT RX 0x316 [8] 0C F9 0C F9 0C F9 0C F8 
BAT RX 0x315 [8] 0C FB 0C FA 0C FA 0C FA 
BAT RX 0x314 [8] 40 10 5B 04 00 03 05 41 
BAT RX 0x313 [8] 14 BE 00 00 00 DF 46 63 
BAT RX 0x312 [8] 00 00 00 00 02 00 00 00 
BAT RX 0x311 [8] 02 38 08 24 08 24 01 61 
[406s] OK V=53.10V I=+0.0A T=22.3C SOC=70% SOH=99% | CVL=56.8V CCL=208.4A DCL=208.4A | chg=1 dis=1 fc1=0 fc2=0 | prot=0000 warn=0000 | packs=2 | inv0x305=no
BAT RX 0x330 [8] 02 0D 01 01 0C FB 0C F9 
BAT RX 0x329 [8] 02 00 19 C0 02 00 40 48 
BAT RX 0x323 [8] 20 0E 10 00 00 00 00 00 
BAT RX 0x324 [8] 02 42 42 37 00 00 00 00 
BAT RX 0x322 [8] 00 F3 00 CE 03 01 46 46 
BAT RX 0x320 [8] 50 41 C3 85 85 00 00 00 
BAT RX 0x319 [8] C0 0C FB 0C F9 1D 01 00 
BAT RX 0x318 [8] 0C F9 0C F9 0C F9 0C F9 
BAT RX 0x317 [8] 0C FB 0C FA 0C FA 0C FA 
BAT RX 0x316 [8] 0C F9 0C F9 0C F9 0C F8 
BAT RX 0x315 [8] 0C FB 0C FA 0C FA 0C FA 
BAT RX 0x314 [8] 40 10 5B 04 00 03 05 41 
BAT RX 0x313 [8] 14 BE 00 00 00 DF 46 63 
BAT RX 0x312 [8] 00 00 00 00 02 00 00 00 
BAT RX 0x311 [8] 02 38 08 24 08 24 01 61 
BAT RX 0x330 [8] 02 0D 01 01 0C FB 0C F9 
BAT RX 0x329 [8] 01 00 22 34 01 00 3F AD 
BAT RX 0x323 [8] 20 0E 10 00 00 00 00 00 
BAT RX 0x324 [8] 00 01 47 50 4A 30 32 31 
BAT RX 0x322 [8] 00 F3 00 CE 03 01 46 46 
BAT RX 0x320 [8] 50 41 C3 85 85 00 00 00 
BAT RX 0x319 [8] C0 0C FB 0C F9 1D 01 00 
BAT RX 0x318 [8] 0C F9 0C F9 0C F9 0C F9 
BAT RX 0x317 [8] 0C FB 0C FA 0C FA 0C FA 
BAT RX 0x316 [8] 0C F9 0C F9 0C F9 0C F9 
BAT RX 0x315 [8] 0C FA 0C FA 0C FA 0C FA 
BAT RX 0x314 [8] 40 10 5B 04 00 02 05 41 
BAT RX 0x313 [8] 14 BE 00 00 00 DF 46 63 
BAT RX 0x312 [8] 00 00 00 00 02 00 00 00 
BAT RX 0x311 [8] 02 38 08 24 08 24 01 61 
[408s] OK V=53.10V I=+0.0A T=22.3C SOC=70% SOH=99% | CVL=56.8V CCL=208.4A DCL=208.4A | chg=1 dis=1 fc1=0 fc2=0 | prot=0000 warn=0000 | packs=2 | inv0x305=no
BAT RX 0x330 [8] 02 0D 01 01 0C FB 0C F9 
BAT RX 0x329 [8] 02 00 19 C0 02 00 40 48 
BAT RX 0x323 [8] 20 0E 10 00 00 00 00 00 
BAT RX 0x324 [8] 01 39 35 32 32 30 36 32 
BAT RX 0x322 [8] 00 F3 00 CE 03 01 46 46 
BAT RX 0x320 [8] 50 41 C3 85 85 00 00 00 
BAT RX 0x319 [8] C0 0C FB 0C F9 1D 01 00 
BAT RX 0x318 [8] 0C F9 0C F9 0C F9 0C F9 
BAT RX 0x317 [8] 0C FB 0C FA 0C FA 0C FA 
BAT RX 0x316 [8] 0C F9 0C F9 0C F9 0C F8 
BAT RX 0x315 [8] 0C FB 0C FA 0C FA 0C FA 
BAT RX 0x314 [8] 40 10 5B 04 00 03 05 41 
BAT RX 0x313 [8] 14 BE 00 00 00 DF 46 63 
BAT RX 0x312 [8] 00 00 00 00 02 00 00 00 
BAT RX 0x311 [8] 02 38 08 24 08 24 01 61 
BAT RX 0x330 [8] 01 0E 01 03 0C FB 0C F8 
BAT RX 0x329 [8] 01 00 22 34 01 00 3F AD 
BAT RX 0x323 [8] 20 0E 10 00 00 00 00 00 
BAT RX 0x324 [8] 02 43 30 37 00 00 00 00 
BAT RX 0x322 [8] 00 F3 00 CE 03 01 46 46 
BAT RX 0x320 [8] 50 41 C3 85 85 00 00 00 
BAT RX 0x319 [8] C0 0C FB 0C F8 0E 03 00 
BAT RX 0x318 [8] 0C F9 0C F9 0C F9 0C F9 
BAT RX 0x317 [8] 0C FB 0C FA 0C FA 0C FA 
BAT RX 0x316 [8] 0C F9 0C F9 0C F9 0C F9 
BAT RX 0x315 [8] 0C FA 0C FA 0C FA 0C FA 
BAT RX 0x314 [8] 40 10 5B 04 00 02 05 41 
BAT RX 0x313 [8] 14 BE 00 00 00 DF 46 63 
BAT RX 0x312 [8] 00 00 00 00 02 00 00 00 
BAT RX 0x311 [8] 02 38 08 24 08 24 01 61 
[410s] OK V=53.10V I=+0.0A T=22.3C SOC=70% SOH=99% | CVL=56.8V CCL=208.4A DCL=208.4A | chg=1 dis=1 fc1=0 fc2=0 | prot=0000 warn=0000 | packs=2 | inv0x305=no
BAT RX 0x330 [8] 02 0D 01 01 0C FB 0C F9 
BAT RX 0x329 [8] 02 00 19 C0 02 00 40 48 
BAT RX 0x323 [8] 20 0E 10 00 00 00 00 00 
BAT RX 0x324 [8] 00 02 47 50 4A 30 32 31 
BAT RX 0x322 [8] 00 F3 00 CE 03 01 46 46 
BAT RX 0x320 [8] 50 41 C3 85 85 00 00 00 
BAT RX 0x319 [8] C0 0C FB 0C F9 1D 01 00 
BAT RX 0x318 [8] 0C F9 0C F9 0C F9 0C F9 
BAT RX 0x317 [8] 0C FB 0C FA 0C FA 0C FA 
BAT RX 0x316 [8] 0C F9 0C F9 0C F9 0C F9 
BAT RX 0x315 [8] 0C FA 0C FA 0C FA 0C FA 
BAT RX 0x314 [8] 40 10 5B 04 00 02 05 41 
BAT RX 0x313 [8] 14 BE 00 00 00 DF 46 63 
BAT RX 0x312 [8] 00 00 00 00 02 00 00 00 
BAT RX 0x311 [8] 02 38 08 24 08 24 01 61 
BAT RX 0x330 [8] 01 0E 01 01 0C FB 0C F9 
BAT RX 0x329 [8] 01 00 22 34 01 00 3F AD 
BAT RX 0x323 [8] 20 0E 10 00 00 00 00 00 
BAT RX 0x324 [8] 01 39 35 32 32 30 36 32 
BAT RX 0x322 [8] 00 F3 00 CE 03 01 46 46 
BAT RX 0x320 [8] 50 41 C3 85 85 00 00 00 
BAT RX 0x319 [8] C0 0C FB 0C F9 0E 01 00 
BAT RX 0x318 [8] 0C F9 0C F9 0C F9 0C F9 
BAT RX 0x317 [8] 0C FB 0C FA 0C FA 0C FA 
BAT RX 0x316 [8] 0C F9 0C F9 0C F9 0C F9 
BAT RX 0x315 [8] 0C FA 0C FA 0C FA 0C FA 
BAT RX 0x314 [8] 40 10 5B 04 00 02 05 41 
BAT RX 0x313 [8] 14 BE 00 00 00 DF 46 63 
BAT RX 0x312 [8] 00 00 00 00 02 00 00 00 
BAT RX 0x311 [8] 02 38 08 24 08 24 01 61 
[412s] OK V=53.10V I=+0.0A T=22.3C SOC=70% SOH=99% | CVL=56.8V CCL=208.4A DCL=208.4A | chg=1 dis=1 fc1=0 fc2=0 | prot=0000 warn=0000 | packs=2 | inv0x305=no
BAT RX 0x330 [8] 02 0D 01 03 0C FB 0C F8 
BAT RX 0x329 [8] 02 00 19 C0 02 00 40 48 
BAT RX 0x323 [8] 20 0E 10 00 00 00 00 00 
BAT RX 0x324 [8] 02 42 42 37 00 00 00 00 
BAT RX 0x322 [8] 00 F3 00 CE 03 01 46 46 
BAT RX 0x320 [8] 50 41 C3 85 85 00 00 00 
BAT RX 0x319 [8] C0 0C FB 0C F8 1D 03 00 
BAT RX 0x318 [8] 0C F9 0C F9 0C F9 0C F9 
BAT RX 0x317 [8] 0C FB 0C FB 0C FA 0C FA 
BAT RX 0x316 [8] 0C F9 0C F9 0C F9 0C F8 
BAT RX 0x315 [8] 0C FB 0C FB 0C FA 0C FA 
BAT RX 0x314 [8] 40 10 5B 04 00 03 05 41 
BAT RX 0x313 [8] 14 BE 00 00 00 DF 46 63 
BAT RX 0x312 [8] 00 00 00 00 02 00 00 00 
BAT RX 0x311 [8] 02 38 08 24 08 24 01 61 
BAT RX 0x330 [8] 01 0E 01 03 0C FB 0C F8 
BAT RX 0x329 [8] 01 00 22 34 01 00 3F AD 
BAT RX 0x323 [8] 20 0E 10 00 00 00 00 00 
BAT RX 0x324 [8] 00 01 47 50 4A 30 32 31 
BAT RX 0x322 [8] 00 F3 00 CE 03 01 46 46 
BAT RX 0x320 [8] 50 41 C3 85 85 00 00 00 
BAT RX 0x319 [8] C0 0C FB 0C F8 0E 03 00 
BAT RX 0x318 [8] 0C F9 0C F9 0C F9 0C F9 
BAT RX 0x317 [8] 0C FA 0C FA 0C FA 0C FA 
BAT RX 0x316 [8] 0C F9 0C F9 0C F9 0C F9 
BAT RX 0x315 [8] 0C FA 0C FA 0C FA 0C FA 
BAT RX 0x314 [8] 40 10 5B 04 00 01 05 41 
BAT RX 0x313 [8] 14 BE 00 00 00 DF 46 63 
BAT RX 0x312 [8] 00 00 00 00 02 00 00 00 
BAT RX 0x311 [8] 02 38 08 24 08 24 01 61 
[414s] OK V=53.10V I=+0.0A T=22.3C SOC=70% SOH=99% | CVL=56.8V CCL=208.4A DCL=208.4A | chg=1 dis=1 fc1=0 fc2=0 | prot=0000 warn=0000 | packs=2 | inv0x305=no
BAT RX 0x330 [8] 01 07 01 01 0C FA 0C F9 
BAT RX 0x329 [8] 02 00 19 C0 02 00 40 48 
BAT RX 0x323 [8] 20 0E 10 00 00 00 00 00 
BAT RX 0x324 [8] 01 39 35 32 32 30 36 32 
BAT RX 0x322 [8] 00 F3 00 CE 03 01 46 46 
BAT RX 0x320 [8] 50 41 C3 85 85 00 00 00 
BAT RX 0x319 [8] C0 0C FA 0C F9 07 01 00 
BAT RX 0x318 [8] 0C F9 0C F9 0C F9 0C F9 
BAT RX 0x317 [8] 0C FA 0C FA 0C FA 0C FA 
BAT RX 0x316 [8] 0C F9 0C F9 0C F9 0C F9 
BAT RX 0x315 [8] 0C FA 0C FA 0C FA 0C FA 
BAT RX 0x314 [8] 40 10 5B 04 00 01 05 41 
BAT RX 0x313 [8] 14 BE 00 00 00 DF 46 63 
BAT RX 0x312 [8] 00 00 00 00 02 00 00 00 
BAT RX 0x311 [8] 02 38 08 24 08 24 01 61 
BAT RX 0x330 [8] 01 07 01 03 0C FA 0C F8 
BAT RX 0x329 [8] 01 00 22 34 01 00 3F AD 
BAT RX 0x323 [8] 20 0E 10 00 00 00 00 00 
BAT RX 0x324 [8] 02 43 30 37 00 00 00 00 
BAT RX 0x322 [8] 00 F3 00 CE 03 01 46 46 
BAT RX 0x320 [8] 50 41 C3 85 85 00 00 00 
BAT RX 0x319 [8] C0 0C FA 0C F8 07 03 00 
BAT RX 0x318 [8] 0C FA 0C F9 0C F9 0C F9 
BAT RX 0x317 [8] 0C FA 0C FA 0C FA 0C FA 
BAT RX 0x316 [8] 0C F9 0C F9 0C F9 0C F8 
BAT RX 0x315 [8] 0C FB 0C FB 0C FA 0C FA 
BAT RX 0x314 [8] 40 10 5B 04 00 03 05 41 
BAT RX 0x313 [8] 14 BE 00 00 00 DF 46 63 
BAT RX 0x312 [8] 00 00 00 00 02 00 00 00 
BAT RX 0x311 [8] 02 38 08 24 08 24 01 61 
[416s] OK V=53.10V I=+0.0A T=22.3C SOC=70% SOH=99% | CVL=56.8V CCL=208.4A DCL=208.4A | chg=1 dis=1 fc1=0 fc2=0 | prot=0000 warn=0000 | packs=2 | inv0x305=no
BAT RX 0x330 [8] 01 0E 01 01 0C FB 0C F9 
BAT RX 0x329 [8] 02 00 19 C0 02 00 40 48 
BAT RX 0x323 [8] 20 0E 10 00 00 00 00 00 
BAT RX 0x324 [8] 00 02 47 50 4A 30 32 31 
BAT RX 0x322 [8] 00 F3 00 CE 03 01 46 46 
BAT RX 0x320 [8] 50 41 C3 85 85 00 00 00 
BAT RX 0x319 [8] C0 0C FB 0C F9 0E 01 00 
BAT RX 0x318 [8] 0C F9 0C F9 0C F9 0C F9 
BAT RX 0x317 [8] 0C FB 0C FA 0C FA 0C FA 
BAT RX 0x316 [8] 0C F9 0C F9 0C F9 0C F9 
BAT RX 0x315 [8] 0C FA 0C FA 0C FA 0C FA 
BAT RX 0x314 [8] 40 10 5B 04 00 02 05 41 
BAT RX 0x313 [8] 14 BE 00 00 00 DF 46 63 
BAT RX 0x312 [8] 00 00 00 00 02 00 00 00 
BAT RX 0x311 [8] 02 38 08 24 08 24 01 61 
BAT RX 0x330 [8] 01 06 01 08 0C FB 0C F8 
BAT RX 0x329 [8] 01 00 22 34 01 00 3F AD 
BAT RX 0x323 [8] 20 0E 10 00 00 00 00 00 
BAT RX 0x324 [8] 01 39 35 32 32 30 36 32 
BAT RX 0x322 [8] 00 F3 00 CE 03 01 46 46 
BAT RX 0x320 [8] 50 41 C3 85 85 00 00 00 
BAT RX 0x319 [8] C0 0C FB 0C F8 06 08 00 
BAT RX 0x318 [8] 0C FA 0C FA 0C F9 0C F9 
BAT RX 0x317 [8] 0C FB 0C FA 0C FA 0C FA 
BAT RX 0x316 [8] 0C F9 0C F9 0C F9 0C F9 
BAT RX 0x315 [8] 0C FA 0C FA 0C FA 0C FA 
BAT RX 0x314 [8] 40 10 5B 04 00 02 05 41 
BAT RX 0x313 [8] 14 BE 00 00 00 DF 46 63 
BAT RX 0x312 [8] 00 00 00 00 02 00 00 00 
BAT RX 0x311 [8] 02 38 08 24 08 24 01 61 
[418s] OK V=53.10V I=+0.0A T=22.3C SOC=70% SOH=99% | CVL=56.8V CCL=208.4A DCL=208.4A | chg=1 dis=1 fc1=0 fc2=0 | prot=0000 warn=0000 | packs=2 | inv0x305=no
BAT RX 0x330 [8] 01 0E 01 01 0C FB 0C F9 
BAT RX 0x329 [8] 02 00 19 C0 02 00 40 48 
BAT RX 0x323 [8] 20 0E 10 00 00 00 00 00 
BAT RX 0x324 [8] 02 42 42 37 00 00 00 00 
BAT RX 0x322 [8] 00 F3 00 CE 03 01 46 46 
BAT RX 0x320 [8] 50 41 C3 85 85 00 00 00 
BAT RX 0x319 [8] C0 0C FB 0C F9 0E 01 00 
BAT RX 0x318 [8] 0C F9 0C F9 0C F9 0C F9 
BAT RX 0x317 [8] 0C FB 0C FA 0C FA 0C FA 
BAT RX 0x316 [8] 0C F9 0C F9 0C F8 0C F8 
BAT RX 0x315 [8] 0C FB 0C FB 0C FA 0C FA 
BAT RX 0x314 [8] 40 10 5B 04 00 03 05 41 
BAT RX 0x313 [8] 14 BE 00 00 00 DF 46 63 
BAT RX 0x312 [8] 00 00 00 00 02 00 00 00 
BAT RX 0x311 [8] 02 38 08 24 08 24 01 61 
BAT RX 0x330 [8] 01 10 01 03 0C FB 0C F8 

---- battery-bus rate stats (VERBOSE_STATS) ----------------------------
  6204 frames, 420 s elapsed
  ID     count   period(ms)  (min-max gap)
  0x324     413   1005 (1-4867)
  0x329     415    997 (1-4866)
  0x330     419    990 (0-4000)
  0x312     413   1002 (1-4867)
  0x313     413   1002 (1-4867)
  0x314     413   1002 (1-4867)
  0x315     413   1002 (1-4867)
  0x316     413   1002 (1-4867)
  0x317     413   1002 (1-4867)
  0x318     413   1002 (1-4867)
  0x319     413   1002 (1-4867)
  0x320     413   1002 (1-4866)
  0x322     413   1002 (0-4867)
  0x311     413   1002 (1-4867)
  0x323     414    999 (1-4866)
--------------------------------------------------------------------------

  TWAI: state=RUNNING  tx_err=0 rx_err=0  tx_failed=0  rx_missed=111 rx_overrun=0  arb_lost=0  bus_err=0
BAT RX 0x329 [8] 01 00 22 34 01 00 3F AD 
BAT RX 0x323 [8] 20 0E 10 00 00 00 00 00 
BAT RX 0x324 [8] 00 01 47 50 4A 30 32 31 
BAT RX 0x322 [8] 00 F3 00 CE 03 01 46 46 
BAT RX 0x320 [8] 50 41 C3 85 85 00 00 00 
BAT RX 0x319 [8] C0 0C FB 0C F8 10 03 00 
BAT RX 0x318 [8] 0C F9 0C F9 0C F9 0C F9 
BAT RX 0x317 [8] 0C FA 0C FA 0C FA 0C FA 
BAT RX 0x316 [8] 0C F9 0C F9 0C F9 0C F8 
BAT RX 0x315 [8] 0C FA 0C FA 0C FA 0C FA 
BAT RX 0x314 [8] 40 10 5B 04 00 02 05 41 
BAT RX 0x313 [8] 14 BE 00 00 00 DF 46 63 
BAT RX 0x312 [8] 00 00 00 00 02 00 00 00 
BAT RX 0x311 [8] 02 38 08 24 08 24 01 61 
[420s] OK V=53.10V I=+0.0A T=22.3C SOC=70% SOH=99% | CVL=56.8V CCL=208.4A DCL=208.4A | chg=1 dis=1 fc1=0 fc2=0 | prot=0000 warn=0000 | packs=2 | inv0x305=no
BAT RX 0x330 [8] 02 0D 01 01 0C FB 0C F9 
BAT RX 0x329 [8] 02 00 19 C0 02 00 40 48 
BAT RX 0x323 [8] 20 0E 10 00 00 00 00 00 
BAT RX 0x324 [8] 01 39 35 32 32 30 36 32 
BAT RX 0x322 [8] 00 F3 00 CE 03 01 46 46 
BAT RX 0x320 [8] 50 41 C3 85 85 00 00 00 
BAT RX 0x319 [8] C0 0C FB 0C F9 1D 01 00 
BAT RX 0x318 [8] 0C F9 0C F9 0C F9 0C F9 
BAT RX 0x317 [8] 0C FB 0C FA 0C FA 0C FA 
BAT RX 0x316 [8] 0C F9 0C F8 0C F8 0C F8 
BAT RX 0x315 [8] 0C FB 0C FA 0C FA 0C FA 
BAT RX 0x314 [8] 40 10 5B 04 00 03 05 41 
BAT RX 0x313 [8] 14 BE 00 00 00 DF 46 63 
BAT RX 0x312 [8] 00 00 00 00 02 00 00 00 
BAT RX 0x311 [8] 02 38 08 24 08 24 01 61 
BAT RX 0x330 [8] 02 0D 01 01 0C FB 0C F9 
BAT RX 0x329 [8] 01 00 22 34 01 00 3F AD 
BAT RX 0x323 [8] 20 0E 10 00 00 00 00 00 
BAT RX 0x324 [8] 02 43 30 37 00 00 00 00 
BAT RX 0x322 [8] 00 F3 00 CE 03 01 46 46 
BAT RX 0x320 [8] 50 41 C3 85 85 00 00 00 
BAT RX 0x319 [8] C0 0C FB 0C F9 1D 01 00 
BAT RX 0x318 [8] 0C FA 0C F9 0C F9 0C F9 
BAT RX 0x317 [8] 0C FB 0C FA 0C FA 0C FA 
BAT RX 0x316 [8] 0C F9 0C F9 0C F9 0C F8 
BAT RX 0x315 [8] 0C FA 0C FA 0C FA 0C FA 
BAT RX 0x314 [8] 40 10 5B 04 00 02 05 41 
BAT RX 0x313 [8] 14 BE 00 00 00 DF 46 63 
BAT RX 0x312 [8] 00 00 00 00 02 00 00 00 
BAT RX 0x311 [8] 02 38 08 24 08 24 01 61 
[422s] OK V=53.10V I=+0.0A T=22.3C SOC=70% SOH=99% | CVL=56.8V CCL=208.4A DCL=208.4A | chg=1 dis=1 fc1=0 fc2=0 | prot=0000 warn=0000 | packs=2 | inv0x305=no
BAT RX 0x330 [8] 01 0E 01 06 0C FB 0C F8 
BAT RX 0x329 [8] 02 00 19 C0 02 00 40 48 
BAT RX 0x323 [8] 20 0E 10 00 00 00 00 00 
BAT RX 0x324 [8] 00 02 47 50 4A 30 32 31 
BAT RX 0x322 [8] 00 F3 00 CE 03 01 46 46 
BAT RX 0x320 [8] 50 41 C3 85 85 00 00 00 
BAT RX 0x319 [8] C0 0C FB 0C F8 0E 06 00 
BAT RX 0x318 [8] 0C F9 0C F9 0C F9 0C F9 
BAT RX 0x317 [8] 0C FB 0C FA 0C FA 0C FA 
BAT RX 0x316 [8] 0C F9 0C F9 0C F9 0C F9 
BAT RX 0x315 [8] 0C FB 0C FA 0C FA 0C FA 
BAT RX 0x314 [8] 40 10 5B 04 00 02 05 41 
BAT RX 0x313 [8] 14 BE 00 00 00 DF 46 63 
BAT RX 0x312 [8] 00 00 00 00 02 00 00 00 
BAT RX 0x311 [8] 02 38 08 24 08 24 01 61 
BAT RX 0x330 [8] 01 10 01 04 0C FB 0C F8 
BAT RX 0x329 [8] 01 00 22 34 01 00 3F AD 
BAT RX 0x323 [8] 20 0E 10 00 00 00 00 00 
BAT RX 0x324 [8] 01 39 35 32 32 30 36 32 
BAT RX 0x322 [8] 00 F3 00 CE 03 01 46 46 
BAT RX 0x320 [8] 50 41 C3 85 85 00 00 00 
BAT RX 0x319 [8] C0 0C FB 0C F8 10 04 00 
BAT RX 0x318 [8] 0C F9 0C F9 0C F9 0C F9 
BAT RX 0x317 [8] 0C FA 0C FA 0C FA 0C FA 
BAT RX 0x316 [8] 0C F9 0C F9 0C F9 0C F9 
BAT RX 0x315 [8] 0C FB 0C FA 0C FA 0C FA 
BAT RX 0x314 [8] 40 10 5B 04 00 02 05 41 
BAT RX 0x313 [8] 14 BE 00 00 00 DF 46 63 
BAT RX 0x312 [8] 00 00 00 00 02 00 00 00 
BAT RX 0x311 [8] 02 38 08 24 08 24 01 61 
[424s] OK V=53.10V I=+0.0A T=22.3C SOC=70% SOH=99% | CVL=56.8V CCL=208.4A DCL=208.4A | chg=1 dis=1 fc1=0 fc2=0 | prot=0000 warn=0000 | packs=2 | inv0x305=no
BAT RX 0x330 [8] 01 0E 01 01 0C FB 0C F9 
BAT RX 0x329 [8] 02 00 19 C0 02 00 40 48 
BAT RX 0x323 [8] 20 0E 10 00 00 00 00 00 
BAT RX 0x324 [8] 02 42 42 37 00 00 00 00 
BAT RX 0x322 [8] 00 F3 00 CE 03 01 46 46 
BAT RX 0x320 [8] 50 41 C3 85 85 00 00 00 
BAT RX 0x319 [8] C0 0C FB 0C F9 0E 01 00 
BAT RX 0x318 [8] 0C F9 0C F9 0C F9 0C F9 
BAT RX 0x317 [8] 0C FB 0C FA 0C FA 0C FA 
BAT RX 0x316 [8] 0C F9 0C F9 0C F9 0C F9 
BAT RX 0x315 [8] 0C FA 0C FA 0C FA 0C FA 
BAT RX 0x314 [8] 40 10 5B 04 00 02 05 41 
BAT RX 0x313 [8] 14 BE 00 00 00 DF 46 63 
BAT RX 0x312 [8] 00 00 00 00 02 00 00 00 
BAT RX 0x311 [8] 02 38 08 24 08 24 01 61 
BAT RX 0x330 [8] 02 02 01 03 0C FB 0C F8 
BAT RX 0x329 [8] 01 00 22 34 01 00 3F AD 
BAT RX 0x323 [8] 20 0E 10 00 00 00 00 00 
BAT RX 0x324 [8] 00 01 47 50 4A 30 32 31 
BAT RX 0x322 [8] 00 F3 00 CE 03 01 46 46 
BAT RX 0x320 [8] 50 41 C3 85 85 00 00 00 
BAT RX 0x319 [8] C0 0C FB 0C F8 12 03 00 
BAT RX 0x318 [8] 0C F9 0C F9 0C F9 0C F9 
BAT RX 0x317 [8] 0C FB 0C FA 0C FA 0C FA 
BAT RX 0x316 [8] 0C F9 0C F9 0C F9 0C F9 
BAT RX 0x315 [8] 0C FA 0C FA 0C FA 0C FA 
BAT RX 0x314 [8] 40 10 5B 04 00 02 05 41 
BAT RX 0x313 [8] 14 BE 00 00 00 DF 46 63 
BAT RX 0x312 [8] 00 00 00 00 02 00 00 00 
BAT RX 0x311 [8] 02 38 08 24 08 24 01 61 
[426s] OK V=53.10V I=+0.0A T=22.3C SOC=70% SOH=99% | CVL=56.8V CCL=208.4A DCL=208.4A | chg=1 dis=1 fc1=0 fc2=0 | prot=0000 warn=0000 | packs=2 | inv0x305=no
BAT RX 0x330 [8] 01 0E 01 01 0C FB 0C F9 
BAT RX 0x329 [8] 02 00 19 C0 02 00 40 48 
BAT RX 0x323 [8] 20 0E 10 00 00 00 00 00 
BAT RX 0x324 [8] 01 39 35 32 32 30 36 32 
BAT RX 0x322 [8] 00 F3 00 CE 03 01 46 46 
BAT RX 0x320 [8] 50 41 C3 85 85 00 00 00 
BAT RX 0x319 [8] C0 0C FB 0C F9 0E 01 00 
BAT RX 0x318 [8] 0C FA 0C F9 0C F9 0C F9 
BAT RX 0x317 [8] 0C FB 0C FA 0C FA 0C FA 
BAT RX 0x316 [8] 0C F9 0C F9 0C F9 0C F8 
BAT RX 0x315 [8] 0C FB 0C FA 0C FA 0C FA 
BAT RX 0x314 [8] 40 10 5B 04 00 03 05 41 
BAT RX 0x313 [8] 14 BE 00 00 00 DF 46 63 
BAT RX 0x312 [8] 00 00 00 00 02 00 00 00 
BAT RX 0x311 [8] 02 38 08 24 08 24 01 61 
BAT RX 0x330 [8] 01 0E 01 01 0C FB 0C F9 
BAT RX 0x329 [8] 01 00 22 34 01 00 3F AD 
BAT RX 0x323 [8] 20 0E 10 00 00 00 00 00 
BAT RX 0x324 [8] 02 43 30 37 00 00 00 00 
BAT RX 0x322 [8] 00 F3 00 CE 03 01 46 46 
BAT RX 0x320 [8] 50 41 C3 85 85 00 00 00 
BAT RX 0x319 [8] C0 0C FB 0C F9 0E 01 00 
BAT RX 0x318 [8] 0C F9 0C F9 0C F9 0C F9 
BAT RX 0x317 [8] 0C FB 0C FA 0C FA 0C FA 
BAT RX 0x316 [8] 0C F9 0C F9 0C F9 0C F9 
BAT RX 0x315 [8] 0C FA 0C FA 0C FA 0C FA 
BAT RX 0x314 [8] 40 10 5B 04 00 02 05 41 
BAT RX 0x313 [8] 14 BE 00 00 00 DF 46 63 
BAT RX 0x312 [8] 00 00 00 00 02 00 00 00 
BAT RX 0x311 [8] 02 38 08 24 08 24 01 61 
[428s] OK V=53.10V I=+0.0A T=22.3C SOC=70% SOH=99% | CVL=56.8V CCL=208.4A DCL=208.4A | chg=1 dis=1 fc1=0 fc2=0 | prot=0000 warn=0000 | packs=2 | inv0x305=no
BAT RX 0x330 [8] 02 0D 01 01 0C FB 0C F9 
BAT RX 0x329 [8] 02 00 19 C0 02 00 40 48 
BAT RX 0x323 [8] 20 0E 10 00 00 00 00 00 
BAT RX 0x324 [8] 00 02 47 50 4A 30 32 31 
BAT RX 0x322 [8] 00 F3 00 CE 03 01 46 46 
BAT RX 0x320 [8] 50 41 C3 85 85 00 00 00 
BAT RX 0x319 [8] C0 0C FB 0C F9 1D 01 00 
BAT RX 0x318 [8] 0C F9 0C F9 0C F9 0C F9 
BAT RX 0x317 [8] 0C FB 0C FA 0C FA 0C FA 
BAT RX 0x316 [8] 0C F9 0C F9 0C F9 0C F9 
BAT RX 0x315 [8] 0C FB 0C FA 0C FA 0C FA 
BAT RX 0x314 [8] 40 10 5B 04 00 02 05 41 
BAT RX 0x313 [8] 14 BE 00 00 00 DF 46 63 
BAT RX 0x312 [8] 00 00 00 00 02 00 00 00 
BAT RX 0x311 [8] 02 38 08 24 08 24 01 61 
BAT RX 0x330 [8] 02 0D 01 01 0C FB 0C F9 
BAT RX 0x329 [8] 01 00 22 34 01 00 3F AD 
BAT RX 0x323 [8] 20 0E 10 00 00 00 00 00 
BAT RX 0x324 [8] 01 39 35 32 32 30 36 32 
BAT RX 0x322 [8] 00 F3 00 CE 03 01 46 46 
BAT RX 0x320 [8] 50 41 C3 85 85 00 00 00 
BAT RX 0x319 [8] C0 0C FB 0C F9 1D 01 00 
BAT RX 0x318 [8] 0C FA 0C F9 0C F9 0C F9 
BAT RX 0x317 [8] 0C FB 0C FA 0C FA 0C FA 
BAT RX 0x316 [8] 0C F9 0C F9 0C F9 0C F9 
BAT RX 0x315 [8] 0C FB 0C FA 0C FA 0C FA 
BAT RX 0x314 [8] 40 10 5B 04 00 02 05 41 
BAT RX 0x313 [8] 14 BE 00 00 00 DF 46 63 
BAT RX 0x312 [8] 00 00 00 00 02 00 00 00 
BAT RX 0x311 [8] 02 38 08 24 08 24 01 61 
[430s] OK V=53.10V I=+0.0A T=22.3C SOC=70% SOH=99% | CVL=56.8V CCL=208.4A DCL=208.4A | chg=1 dis=1 fc1=0 fc2=0 | prot=0000 warn=0000 | packs=2 | inv0x305=no
BAT RX 0x330 [8] 02 0D 01 01 0C FB 0C F9 
BAT RX 0x329 [8] 02 00 19 C0 02 00 40 48 
BAT RX 0x323 [8] 20 0E 10 00 00 00 00 00 
BAT RX 0x324 [8] 02 42 42 37 00 00 00 00 
BAT RX 0x322 [8] 00 F3 00 CE 03 01 46 46 
BAT RX 0x320 [8] 50 41 C3 85 85 00 00 00 
BAT RX 0x319 [8] C0 0C FB 0C F9 1D 01 00 
BAT RX 0x318 [8] 0C FA 0C F9 0C F9 0C F9 
BAT RX 0x317 [8] 0C FB 0C FA 0C FA 0C FA 
BAT RX 0x316 [8] 0C F9 0C F9 0C F9 0C F8 
BAT RX 0x315 [8] 0C FB 0C FA 0C FA 0C FA 
BAT RX 0x314 [8] 40 10 5B 04 00 03 05 41 
BAT RX 0x313 [8] 14 BE 00 00 00 DF 46 63 
BAT RX 0x312 [8] 00 00 00 00 02 00 00 00 
BAT RX 0x311 [8] 02 38 08 24 08 24 01 61 
BAT RX 0x330 [8] 01 0E 01 01 0C FB 0C F9 
BAT RX 0x329 [8] 01 00 22 34 01 00 3F AD 
BAT RX 0x323 [8] 20 0E 10 00 00 00 00 00 
BAT RX 0x324 [8] 00 01 47 50 4A 30 32 31 
BAT RX 0x322 [8] 00 F3 00 CE 03 01 46 46 
BAT RX 0x320 [8] 50 41 C3 85 85 00 00 00 
BAT RX 0x319 [8] C0 0C FB 0C F9 0E 01 00 
BAT RX 0x318 [8] 0C F9 0C F9 0C F9 0C F9 
BAT RX 0x317 [8] 0C FB 0C FA 0C FA 0C FA 
BAT RX 0x316 [8] 0C F9 0C F9 0C F9 0C F9 
BAT RX 0x315 [8] 0C FB 0C FA 0C FA 0C FA 
BAT RX 0x314 [8] 40 10 5B 04 00 02 05 41 
BAT RX 0x313 [8] 14 BE 00 00 00 DF 46 63 
BAT RX 0x312 [8] 00 00 00 00 02 00 00 00 
BAT RX 0x311 [8] 02 38 08 24 08 24 01 61 
[432s] OK V=53.10V I=+0.0A T=22.3C SOC=70% SOH=99% | CVL=56.8V CCL=208.4A DCL=208.4A | chg=1 dis=1 fc1=0 fc2=0 | prot=0000 warn=0000 | packs=2 | inv0x305=no
BAT RX 0x330 [8] 02 0D 01 01 0C FB 0C F9 
BAT RX 0x329 [8] 02 00 19 C0 02 00 40 48 
BAT RX 0x323 [8] 20 0E 10 00 00 00 00 00 
BAT RX 0x324 [8] 01 39 35 32 32 30 36 32 
BAT RX 0x322 [8] 00 F3 00 CE 03 01 46 46 
BAT RX 0x320 [8] 50 41 C3 85 85 00 00 00 
BAT RX 0x319 [8] C0 0C FB 0C F9 1D 01 00 
BAT RX 0x318 [8] 0C F9 0C F9 0C F9 0C F9 
BAT RX 0x317 [8] 0C FB 0C FA 0C FA 0C FA 
BAT RX 0x316 [8] 0C F9 0C F9 0C F9 0C F9 
BAT RX 0x315 [8] 0C FA 0C FA 0C FA 0C FA 
BAT RX 0x314 [8] 40 10 5B 04 00 02 05 41 
BAT RX 0x313 [8] 14 BE 00 00 00 DF 46 63 
BAT RX 0x312 [8] 00 00 00 00 02 00 00 00 
BAT RX 0x311 [8] 02 38 08 24 08 24 01 61 
BAT RX 0x330 [8] 02 0D 01 01 0C FB 0C F9 
BAT RX 0x329 [8] 01 00 22 34 01 00 3F AD 
BAT RX 0x323 [8] 20 0E 10 00 00 00 00 00 
BAT RX 0x324 [8] 02 43 30 37 00 00 00 00 
BAT RX 0x322 [8] 00 F3 00 CE 03 01 46 46 
BAT RX 0x320 [8] 50 41 C3 85 85 00 00 00 
BAT RX 0x319 [8] C0 0C FB 0C F9 1D 01 00 
BAT RX 0x318 [8] 0C FA 0C F9 0C F9 0C F9 
BAT RX 0x317 [8] 0C FB 0C FA 0C FA 0C FA 
BAT RX 0x316 [8] 0C F9 0C F9 0C F9 0C F9 
BAT RX 0x315 [8] 0C FA 0C FA 0C FA 0C FA 
BAT RX 0x314 [8] 40 10 5B 04 00 02 05 41 
BAT RX 0x313 [8] 14 BE 00 00 00 DF 46 63 
BAT RX 0x312 [8] 00 00 00 00 02 00 00 00 
BAT RX 0x311 [8] 02 38 08 24 08 24 01 61 
[434s] OK V=53.10V I=+0.0A T=22.3C SOC=70% SOH=99% | CVL=56.8V CCL=208.4A DCL=208.4A | chg=1 dis=1 fc1=0 fc2=0 | prot=0000 warn=0000 | packs=2 | inv0x305=no
BAT RX 0x330 [8] 01 0E 01 03 0C FB 0C F8 
BAT RX 0x329 [8] 02 00 19 C0 02 00 40 48 

---- battery-bus rate stats (VERBOSE_STATS) ----------------------------
  6430 frames, 435 s elapsed
  ID     count   period(ms)  (min-max gap)
  0x324     428   1005 (1-4867)
  0x329     431    997 (1-4866)
  0x330     434    990 (0-4000)
  0x312     428   1002 (1-4867)
  0x313     428   1002 (1-4867)
  0x314     428   1002 (1-4867)
  0x315     428   1002 (1-4867)
  0x316     428   1002 (1-4867)
  0x317     428   1002 (1-4867)
  0x318     428   1002 (1-4867)
  0x319     428   1002 (1-4867)
  0x320     428   1002 (1-4866)
  0x322     428   1002 (0-4867)
  0x311     428   1002 (1-4867)
  0x323     429    999 (1-4866)
--------------------------------------------------------------------------

  TWAI: state=RUNNING  tx_err=0 rx_err=0  tx_failed=0  rx_missed=111 rx_overrun=0  arb_lost=0  bus_err=0
BAT RX 0x323 [8] 20 0E 10 00 00 00 00 00 
BAT RX 0x324 [8] 00 02 47 50 4A 30 32 31 
BAT RX 0x322 [8] 00 F3 00 CE 03 01 46 46 
BAT RX 0x320 [8] 50 41 C3 85 85 00 00 00 
BAT RX 0x319 [8] C0 0C FB 0C F8 0E 03 00 
BAT RX 0x318 [8] 0C FA 0C FA 0C F9 0C F9 
BAT RX 0x317 [8] 0C FB 0C FA 0C FA 0C FA 
BAT RX 0x316 [8] 0C F9 0C F9 0C F9 0C F9 
BAT RX 0x315 [8] 0C FB 0C FA 0C FA 0C FA 
BAT RX 0x314 [8] 40 10 5B 04 00 02 05 41 
BAT RX 0x313 [8] 14 BE 00 00 00 DF 46 63 
BAT RX 0x312 [8] 00 00 00 00 02 00 00 00 
BAT RX 0x311 [8] 02 38 08 24 08 24 01 61 
BAT RX 0x330 [8] 01 0E 01 01 0C FB 0C F9 
BAT RX 0x329 [8] 01 00 22 34 01 00 3F AD 
BAT RX 0x323 [8] 20 0E 10 00 00 00 00 00 
BAT RX 0x324 [8] 01 39 35 32 32 30 36 32 
BAT RX 0x322 [8] 00 F3 00 CE 03 01 46 46 
BAT RX 0x320 [8] 50 41 C3 85 85 00 00 00 
BAT RX 0x319 [8] C0 0C FB 0C F9 0E 01 00 
BAT RX 0x318 [8] 0C FA 0C FA 0C F9 0C F9 
BAT RX 0x317 [8] 0C FB 0C FA 0C FA 0C FA 
BAT RX 0x316 [8] 0C F9 0C F9 0C F9 0C F9 
BAT RX 0x315 [8] 0C FA 0C FA 0C FA 0C FA 
BAT RX 0x314 [8] 40 10 5B 04 00 02 05 41 
BAT RX 0x313 [8] 14 BE 00 00 00 DF 46 63 
BAT RX 0x312 [8] 00 00 00 00 02 00 00 00 
BAT RX 0x311 [8] 02 38 08 24 08 24 01 61 
[436s] OK V=53.10V I=+0.0A T=22.3C SOC=70% SOH=99% | CVL=56.8V CCL=208.4A DCL=208.4A | chg=1 dis=1 fc1=0 fc2=0 | prot=0000 warn=0000 | packs=2 | inv0x305=no
BAT RX 0x330 [8] 02 0D 01 01 0C FB 0C F9 
BAT RX 0x329 [8] 02 00 19 C0 02 00 40 48 
BAT RX 0x323 [8] 20 0E 10 00 00 00 00 00 
BAT RX 0x324 [8] 02 42 42 37 00 00 00 00 
BAT RX 0x322 [8] 00 F3 00 CE 03 01 46 46 
BAT RX 0x320 [8] 50 41 C3 85 85 00 00 00 
BAT RX 0x319 [8] C0 0C FB 0C F9 1D 01 00 
BAT RX 0x318 [8] 0C FA 0C FA 0C F9 0C F9 
BAT RX 0x317 [8] 0C FB 0C FA 0C FA 0C FA 
BAT RX 0x316 [8] 0C F9 0C F9 0C F9 0C F9 
BAT RX 0x315 [8] 0C FB 0C FA 0C FA 0C FA 
BAT RX 0x314 [8] 40 10 5B 04 00 02 05 41 
BAT RX 0x313 [8] 14 BE 00 00 00 DF 46 63 
BAT RX 0x312 [8] 00 00 00 00 02 00 00 00 
BAT RX 0x311 [8] 02 38 08 24 08 24 01 61 
BAT RX 0x330 [8] 01 0E 01 01 0C FB 0C F9 
BAT RX 0x329 [8] 01 00 22 34 01 00 3F AD 
BAT RX 0x323 [8] 20 0E 10 00 00 00 00 00 
BAT RX 0x324 [8] 00 01 47 50 4A 30 32 31 
BAT RX 0x322 [8] 00 F3 00 CE 03 01 46 46 
BAT RX 0x320 [8] 50 41 C3 85 85 00 00 00 
BAT RX 0x319 [8] C0 0C FB 0C F9 0E 01 00 
BAT RX 0x318 [8] 0C F9 0C F9 0C F9 0C F9 
BAT RX 0x317 [8] 0C FB 0C FA 0C FA 0C FA 
BAT RX 0x316 [8] 0C F9 0C F9 0C F9 0C F9 
BAT RX 0x315 [8] 0C FA 0C FA 0C FA 0C FA 
BAT RX 0x314 [8] 40 10 5B 04 00 02 05 41 
BAT RX 0x313 [8] 14 BE 00 00 00 DF 46 63 
BAT RX 0x312 [8] 00 00 00 00 02 00 00 00 
BAT RX 0x311 [8] 02 38 08 24 08 24 01 61 
[438s] OK V=53.10V I=+0.0A T=22.3C SOC=70% SOH=99% | CVL=56.8V CCL=208.4A DCL=208.4A | chg=1 dis=1 fc1=0 fc2=0 | prot=0000 warn=0000 | packs=2 | inv0x305=no
BAT RX 0x330 [8] 01 0D 01 01 0C FB 0C F9 
BAT RX 0x329 [8] 02 00 19 C0 02 00 40 48 
BAT RX 0x323 [8] 20 0E 10 00 00 00 00 00 
BAT RX 0x324 [8] 01 39 35 32 32 30 36 32 
BAT RX 0x322 [8] 00 F3 00 CE 03 01 46 46 
BAT RX 0x320 [8] 50 41 C3 85 85 00 00 00 
BAT RX 0x319 [8] C0 0C FB 0C F9 0D 01 00 
BAT RX 0x318 [8] 0C F9 0C F9 0C F9 0C F9 
BAT RX 0x317 [8] 0C FB 0C FA 0C FA 0C FA 
BAT RX 0x316 [8] 0C F9 0C F9 0C F9 0C F9 
BAT RX 0x315 [8] 0C FB 0C FA 0C FA 0C FA 
BAT RX 0x314 [8] 40 10 5B 04 00 02 05 41 
BAT RX 0x313 [8] 14 BE 00 00 00 DF 46 63 
BAT RX 0x312 [8] 00 00 00 00 02 00 00 00 
BAT RX 0x311 [8] 02 38 08 24 08 24 01 61 
BAT RX 0x330 [8] 02 0D 01 01 0C FB 0C F9 
BAT RX 0x329 [8] 01 00 22 34 01 00 3F AD 
BAT RX 0x323 [8] 20 0E 10 00 00 00 00 00 
BAT RX 0x324 [8] 02 43 30 37 00 00 00 00 
BAT RX 0x322 [8] 00 F3 00 CE 03 01 46 46 
BAT RX 0x320 [8] 50 41 C3 85 85 00 00 00 
BAT RX 0x319 [8] C0 0C FB 0C F9 1D 01 00 
BAT RX 0x318 [8] 0C FA 0C F9 0C F9 0C F9 
BAT RX 0x317 [8] 0C FB 0C FA 0C FA 0C FA 
BAT RX 0x316 [8] 0C F9 0C F9 0C F9 0C F9 
BAT RX 0x315 [8] 0C FB 0C FA 0C FA 0C FA 
BAT RX 0x314 [8] 40 10 5B 04 00 02 05 41 
BAT RX 0x313 [8] 14 BE 00 00 00 DF 46 63 
BAT RX 0x312 [8] 00 00 00 00 02 00 00 00 
BAT RX 0x311 [8] 02 38 08 24 08 24 01 61 
[440s] OK V=53.10V I=+0.0A T=22.3C SOC=70% SOH=99% | CVL=56.8V CCL=208.4A DCL=208.4A | chg=1 dis=1 fc1=0 fc2=0 | prot=0000 warn=0000 | packs=2 | inv0x305=no
BAT RX 0x330 [8] 02 0D 01 02 0C FB 0C F9 
BAT RX 0x329 [8] 02 00 19 C0 02 00 40 48 
BAT RX 0x323 [8] 20 0E 10 00 00 00 00 00 
BAT RX 0x324 [8] 00 02 47 50 4A 30 32 31 
BAT RX 0x322 [8] 00 F3 00 CE 03 01 46 46 
BAT RX 0x320 [8] 50 41 C3 85 85 00 00 00 
BAT RX 0x319 [8] C0 0C FB 0C F9 1D 02 00 
BAT RX 0x318 [8] 0C F9 0C F9 0C F9 0C F9 
BAT RX 0x317 [8] 0C FB 0C FB 0C FA 0C FA 
BAT RX 0x316 [8] 0C F9 0C F9 0C F9 0C F9 
BAT RX 0x315 [8] 0C FB 0C FA 0C FA 0C FA 
BAT RX 0x314 [8] 40 10 5B 04 00 02 05 41 
BAT RX 0x313 [8] 14 BE 00 00 00 DF 46 63 
BAT RX 0x312 [8] 00 00 00 00 02 00 00 00 
BAT RX 0x311 [8] 02 38 08 24 08 24 01 61 
BAT RX 0x330 [8] 01 0E 01 01 0C FB 0C F9 
BAT RX 0x329 [8] 01 00 22 34 01 00 3F AD 
BAT RX 0x323 [8] 20 0E 10 00 00 00 00 00 
BAT RX 0x324 [8] 01 39 35 32 32 30 36 32 
BAT RX 0x322 [8] 00 F3 00 CE 03 01 46 46 
BAT RX 0x320 [8] 50 41 C3 85 85 00 00 00 
BAT RX 0x319 [8] C0 0C FB 0C F9 0E 01 00 
BAT RX 0x318 [8] 0C F9 0C F9 0C F9 0C F9 
BAT RX 0x317 [8] 0C FA 0C FA 0C FA 0C FA 
BAT RX 0x316 [8] 0C F9 0C F9 0C F9 0C F9 
BAT RX 0x315 [8] 0C FA 0C FA 0C FA 0C FA 
BAT RX 0x314 [8] 40 10 5B 04 00 01 05 41 
BAT RX 0x313 [8] 14 BE 00 00 00 DF 46 63 
BAT RX 0x312 [8] 00 00 00 00 02 00 00 00 
BAT RX 0x311 [8] 02 38 08 24 08 24 01 61 
[442s] OK V=53.10V I=+0.0A T=22.3C SOC=70% SOH=99% | CVL=56.8V CCL=208.4A DCL=208.4A | chg=1 dis=1 fc1=0 fc2=0 | prot=0000 warn=0000 | packs=2 | inv0x305=no
BAT RX 0x330 [8] 01 0E 01 01 0C FB 0C F9 
BAT RX 0x329 [8] 02 00 19 C0 02 00 40 48 
BAT RX 0x323 [8] 20 0E 10 00 00 00 00 00 
BAT RX 0x324 [8] 02 42 42 37 00 00 00 00 
BAT RX 0x322 [8] 00 F3 00 CE 03 01 46 46 
BAT RX 0x320 [8] 50 41 C3 85 85 00 00 00 
BAT RX 0x319 [8] C0 0C FB 0C F9 0E 01 00 
BAT RX 0x318 [8] 0C FA 0C FA 0C F9 0C F9 
BAT RX 0x317 [8] 0C FB 0C FA 0C FA 0C FA 
BAT RX 0x316 [8] 0C F9 0C F9 0C F9 0C F9 
BAT RX 0x315 [8] 0C FA 0C FA 0C FA 0C FA 
BAT RX 0x314 [8] 40 10 5B 04 00 02 05 41 
BAT RX 0x313 [8] 14 BE 00 00 00 DF 46 63 
BAT RX 0x312 [8] 00 00 00 00 02 00 00 00 
BAT RX 0x311 [8] 02 38 08 24 08 24 01 61 
BAT RX 0x330 [8] 01 09 01 01 0C FB 0C F9 
BAT RX 0x329 [8] 01 00 22 34 01 00 3F AD 
BAT RX 0x323 [8] 20 0E 10 00 00 00 00 00 
BAT RX 0x324 [8] 00 01 47 50 4A 30 32 31 
BAT RX 0x322 [8] 00 F3 00 CE 03 01 46 46 
BAT RX 0x320 [8] 50 41 C3 85 85 00 00 00 
BAT RX 0x319 [8] C0 0C FB 0C F9 09 01 00 
BAT RX 0x318 [8] 0C FA 0C FA 0C FA 0C F9 
BAT RX 0x317 [8] 0C FB 0C FA 0C FA 0C FA 
BAT RX 0x316 [8] 0C F9 0C F9 0C F9 0C F9 
BAT RX 0x315 [8] 0C FA 0C FA 0C FA 0C FA 
BAT RX 0x314 [8] 40 10 5B 04 00 02 05 41 
BAT RX 0x313 [8] 14 BE 00 00 00 DF 46 63 
BAT RX 0x312 [8] 00 00 00 00 02 00 00 00 
BAT RX 0x311 [8] 02 38 08 24 08 24 01 61 
[444s] OK V=53.10V I=+0.0A T=22.3C SOC=70% SOH=99% | CVL=56.8V CCL=208.4A DCL=208.4A | chg=1 dis=1 fc1=0 fc2=0 | prot=0000 warn=0000 | packs=2 | inv0x305=no
BAT RX 0x330 [8] 01 0E 01 01 0C FB 0C F9 
BAT RX 0x329 [8] 02 00 19 C0 02 00 40 48 
BAT RX 0x323 [8] 20 0E 10 00 00 00 00 00 
BAT RX 0x324 [8] 01 39 35 32 32 30 36 32 
BAT RX 0x322 [8] 00 F3 00 CE 03 01 46 46 
BAT RX 0x320 [8] 50 41 C3 85 85 00 00 00 
BAT RX 0x319 [8] C0 0C FB 0C F9 0E 01 00 
BAT RX 0x318 [8] 0C F9 0C F9 0C F9 0C F9 
BAT RX 0x317 [8] 0C FB 0C FA 0C FA 0C FA 
BAT RX 0x316 [8] 0C F9 0C F9 0C F9 0C F9 
BAT RX 0x315 [8] 0C FB 0C FB 0C FA 0C FA 
BAT RX 0x314 [8] 40 10 5B 04 00 02 05 41 
BAT RX 0x313 [8] 14 BE 00 00 00 DF 46 63 
BAT RX 0x312 [8] 00 00 00 00 02 00 00 00 
BAT RX 0x311 [8] 02 38 08 24 08 24 01 61 
BAT RX 0x330 [8] 01 0D 01 01 0C FB 0C F9 
BAT RX 0x329 [8] 01 00 22 34 01 00 3F AD 
BAT RX 0x323 [8] 20 0E 10 00 00 00 00 00 
BAT RX 0x324 [8] 02 43 30 37 00 00 00 00 
BAT RX 0x322 [8] 00 F3 00 CE 03 01 46 46 
BAT RX 0x320 [8] 50 41 C3 85 85 00 00 00 
BAT RX 0x319 [8] C0 0C FB 0C F9 0D 01 00 
BAT RX 0x318 [8] 0C F9 0C F9 0C F9 0C F9 
BAT RX 0x317 [8] 0C FB 0C FA 0C FA 0C FA 
BAT RX 0x316 [8] 0C F9 0C F9 0C F9 0C F9 
BAT RX 0x315 [8] 0C FB 0C FA 0C FA 0C FA 
BAT RX 0x314 [8] 40 10 5B 04 00 02 05 41 
BAT RX 0x313 [8] 14 BE 00 00 00 DF 46 63 
BAT RX 0x312 [8] 00 00 00 00 02 00 00 00 
BAT RX 0x311 [8] 02 38 08 24 08 24 01 61 
[446s] OK V=53.10V I=+0.0A T=22.3C SOC=70% SOH=99% | CVL=56.8V CCL=208.4A DCL=208.4A | chg=1 dis=1 fc1=0 fc2=0 | prot=0000 warn=0000 | packs=2 | inv0x305=no
BAT RX 0x330 [8] 02 0D 01 01 0C FB 0C F9 
BAT RX 0x329 [8] 02 00 19 C0 02 00 40 48 
BAT RX 0x323 [8] 20 0E 10 00 00 00 00 00 
BAT RX 0x324 [8] 00 02 47 50 4A 30 32 31 
BAT RX 0x322 [8] 00 F3 00 CE 03 01 46 46 
BAT RX 0x320 [8] 50 41 C3 85 85 00 00 00 
BAT RX 0x319 [8] C0 0C FB 0C F9 1D 01 00 
BAT RX 0x318 [8] 0C FA 0C FA 0C F9 0C F9 
BAT RX 0x317 [8] 0C FB 0C FA 0C FA 0C FA 
BAT RX 0x316 [8] 0C F9 0C F9 0C F9 0C F9 
BAT RX 0x315 [8] 0C FB 0C FB 0C FA 0C FA 
BAT RX 0x314 [8] 40 10 5B 04 00 02 05 41 
BAT RX 0x313 [8] 14 BE 00 00 00 DF 46 63 
BAT RX 0x312 [8] 00 00 00 00 02 00 00 00 
BAT RX 0x311 [8] 02 38 08 24 08 24 01 61 
BAT RX 0x330 [8] 01 10 01 01 0C FB 0C F9 
BAT RX 0x329 [8] 01 00 22 34 01 00 3F AD 
BAT RX 0x323 [8] 20 0E 10 00 00 00 00 00 
BAT RX 0x324 [8] 01 39 35 32 32 30 36 32 
BAT RX 0x322 [8] 00 F3 00 CE 03 01 46 46 
BAT RX 0x320 [8] 50 41 C3 85 85 00 00 00 
BAT RX 0x319 [8] C0 0C FB 0C F9 10 01 00 
BAT RX 0x318 [8] 0C FA 0C FA 0C F9 0C F9 
BAT RX 0x317 [8] 0C FB 0C FA 0C FA 0C FA 
BAT RX 0x316 [8] 0C F9 0C F9 0C F9 0C F9 
BAT RX 0x315 [8] 0C FB 0C FA 0C FA 0C FA 
BAT RX 0x314 [8] 40 10 5B 04 00 02 05 41 
BAT RX 0x313 [8] 14 BE 00 00 00 DF 46 63 
BAT RX 0x312 [8] 00 00 00 00 02 00 00 00 
BAT RX 0x311 [8] 02 38 08 24 08 24 01 61 
[448s] OK V=53.10V I=+0.0A T=22.3C SOC=70% SOH=99% | CVL=56.8V CCL=208.4A DCL=208.4A | chg=1 dis=1 fc1=0 fc2=0 | prot=0000 warn=0000 | packs=2 | inv0x305=no
BAT RX 0x330 [8] 02 02 01 01 0C FB 0C F9 
BAT RX 0x329 [8] 02 00 19 C0 02 00 40 48 
BAT RX 0x323 [8] 20 0E 10 00 00 00 00 00 
BAT RX 0x324 [8] 02 42 42 37 00 00 00 00 
BAT RX 0x322 [8] 00 F3 00 CE 03 01 46 46 
BAT RX 0x320 [8] 50 41 C3 85 85 00 00 00 
BAT RX 0x319 [8] C0 0C FB 0C F9 12 01 00 
BAT RX 0x318 [8] 0C F9 0C F9 0C F9 0C F9 
BAT RX 0x317 [8] 0C FB 0C FB 0C FB 0C FB 
BAT RX 0x316 [8] 0C F9 0C F9 0C F9 0C F9 
BAT RX 0x315 [8] 0C FB 0C FA 0C FA 0C FA 
BAT RX 0x314 [8] 40 10 5B 04 00 02 05 41 
BAT RX 0x313 [8] 14 BE 00 00 00 DF 46 63 
BAT RX 0x312 [8] 00 00 00 00 02 00 00 00 
BAT RX 0x311 [8] 02 38 08 24 08 24 01 61 
BAT RX 0x330 [8] 01 07 01 01 0C FB 0C F9 
BAT RX 0x329 [8] 01 00 22 34 01 00 3F AD 
BAT RX 0x323 [8] 20 0E 10 00 00 00 00 00 
BAT RX 0x324 [8] 00 01 47 50 4A 30 32 31 

---- battery-bus rate stats (VERBOSE_STATS) ----------------------------
  6657 frames, 450 s elapsed
  ID     count   period(ms)  (min-max gap)
  0x324     444   1005 (1-4867)
  0x329     446    997 (1-4866)
  0x330     449    990 (0-4000)
  0x312     443   1002 (1-4867)
  0x313     443   1002 (1-4867)
  0x314     443   1002 (1-4867)
  0x315     443   1002 (1-4867)
  0x316     443   1002 (1-4867)
  0x317     443   1002 (1-4867)
  0x318     443   1002 (1-4867)
  0x319     443   1002 (1-4867)
  0x320     443   1002 (1-4866)
  0x322     443   1002 (0-4867)
  0x311     443   1002 (1-4867)
  0x323     445    999 (1-4866)
--------------------------------------------------------------------------

  TWAI: state=RUNNING  tx_err=0 rx_err=0  tx_failed=0  rx_missed=111 rx_overrun=0  arb_lost=0  bus_err=0
BAT RX 0x322 [8] 00 F3 00 CE 03 01 46 46 
BAT RX 0x320 [8] 50 41 C3 85 85 00 00 00 
BAT RX 0x319 [8] C0 0C FB 0C F9 07 01 00 
BAT RX 0x318 [8] 0C FA 0C F9 0C F9 0C F9 
BAT RX 0x317 [8] 0C FB 0C FA 0C FA 0C FA 
BAT RX 0x316 [8] 0C F9 0C F9 0C F9 0C F9 
BAT RX 0x315 [8] 0C FB 0C FB 0C FA 0C FA 
BAT RX 0x314 [8] 40 10 5B 04 00 02 05 41 
BAT RX 0x313 [8] 14 BE 00 00 00 DF 46 63 
BAT RX 0x312 [8] 00 00 00 00 02 00 00 00 
BAT RX 0x311 [8] 02 38 08 24 08 24 01 61 
[450s] OK V=53.10V I=+0.0A T=22.3C SOC=70% SOH=99% | CVL=56.8V CCL=208.4A DCL=208.4A | chg=1 dis=1 fc1=0 fc2=0 | prot=0000 warn=0000 | packs=2 | inv0x305=no
BAT RX 0x330 [8] 01 0E 01 01 0C FB 0C F9 
BAT RX 0x329 [8] 02 00 19 C0 02 00 40 48 
BAT RX 0x323 [8] 20 0E 10 00 00 00 00 00 
BAT RX 0x324 [8] 01 39 35 32 32 30 36 32 
BAT RX 0x322 [8] 00 F3 00 CE 03 01 46 46 
BAT RX 0x320 [8] 50 41 C3 85 85 00 00 00 
BAT RX 0x319 [8] C0 0C FB 0C F9 0E 01 00 
BAT RX 0x318 [8] 0C F9 0C F9 0C F9 0C F9 
BAT RX 0x317 [8] 0C FB 0C FA 0C FA 0C FA 
BAT RX 0x316 [8] 0C F9 0C F9 0C F9 0C F9 
BAT RX 0x315 [8] 0C FB 0C FA 0C FA 0C FA 
BAT RX 0x314 [8] 40 10 5B 04 00 02 05 41 
BAT RX 0x313 [8] 14 BE 00 00 00 DF 46 63 
BAT RX 0x312 [8] 00 00 00 00 02 00 00 00 
BAT RX 0x311 [8] 02 38 08 24 08 24 01 61 
BAT RX 0x330 [8] 02 0D 01 01 0C FB 0C F9 
BAT RX 0x329 [8] 01 00 22 34 01 00 3F AD 
BAT RX 0x323 [8] 20 0E 10 00 00 00 00 00 
BAT RX 0x324 [8] 02 43 30 37 00 00 00 00 
BAT RX 0x322 [8] 00 F3 00 CE 03 01 46 46 
BAT RX 0x320 [8] 50 41 C3 85 85 00 00 00 
BAT RX 0x319 [8] C0 0C FB 0C F9 1D 01 00 
BAT RX 0x318 [8] 0C FA 0C F9 0C F9 0C F9 
BAT RX 0x317 [8] 0C FB 0C FA 0C FA 0C FA 
BAT RX 0x316 [8] 0C F9 0C F9 0C F9 0C F9 
BAT RX 0x315 [8] 0C FB 0C FA 0C FA 0C FA 
BAT RX 0x314 [8] 40 10 5B 04 00 02 05 41 
BAT RX 0x313 [8] 14 BE 00 00 00 DF 46 63 
BAT RX 0x312 [8] 00 00 00 00 02 00 00 00 
BAT RX 0x311 [8] 02 38 08 24 08 24 01 61 
[452s] OK V=53.10V I=+0.0A T=22.3C SOC=70% SOH=99% | CVL=56.8V CCL=208.4A DCL=208.4A | chg=1 dis=1 fc1=0 fc2=0 | prot=0000 warn=0000 | packs=2 | inv0x305=no
BAT RX 0x330 [8] 01 0F 01 01 0C FB 0C F9 
BAT RX 0x329 [8] 02 00 19 C0 02 00 40 48 
BAT RX 0x323 [8] 20 0E 10 00 00 00 00 00 
BAT RX 0x324 [8] 00 02 47 50 4A 30 32 31 
BAT RX 0x322 [8] 00 F3 00 CE 03 01 46 46 
BAT RX 0x320 [8] 50 41 C3 85 85 00 00 00 
BAT RX 0x319 [8] C0 0C FB 0C F9 0F 01 00 
BAT RX 0x318 [8] 0C FA 0C F9 0C F9 0C F9 
BAT RX 0x317 [8] 0C FB 0C FA 0C FA 0C FA 
BAT RX 0x316 [8] 0C F9 0C F9 0C F9 0C F9 
BAT RX 0x315 [8] 0C FB 0C FA 0C FA 0C FA 
BAT RX 0x314 [8] 40 10 5B 04 00 02 05 41 
BAT RX 0x313 [8] 14 BE 00 00 00 DF 46 63 
BAT RX 0x312 [8] 00 00 00 00 02 00 00 00 
BAT RX 0x311 [8] 02 38 08 24 08 24 01 61 
BAT RX 0x330 [8] 02 0D 01 01 0C FB 0C F9 
BAT RX 0x329 [8] 01 00 22 34 01 00 3F AD 
BAT RX 0x323 [8] 20 0E 10 00 00 00 00 00 
BAT RX 0x324 [8] 01 39 35 32 32 30 36 32 
BAT RX 0x322 [8] 00 F3 00 CE 03 01 46 46 
BAT RX 0x320 [8] 50 41 C3 85 85 00 00 00 
BAT RX 0x319 [8] C0 0C FB 0C F9 1D 01 00 
BAT RX 0x318 [8] 0C F9 0C F9 0C F9 0C F9 
BAT RX 0x317 [8] 0C FB 0C FA 0C FA 0C FA 
BAT RX 0x316 [8] 0C F9 0C F9 0C F9 0C F9 
BAT RX 0x315 [8] 0C FA 0C FA 0C FA 0C FA 
BAT RX 0x314 [8] 40 10 5B 04 00 02 05 41 
BAT RX 0x313 [8] 14 BE 00 00 00 DF 46 63 
BAT RX 0x312 [8] 00 00 00 00 02 00 00 00 
BAT RX 0x311 [8] 02 38 08 24 08 24 01 61 
[454s] OK V=53.10V I=+0.0A T=22.3C SOC=70% SOH=99% | CVL=56.8V CCL=208.4A DCL=208.4A | chg=1 dis=1 fc1=0 fc2=0 | prot=0000 warn=0000 | packs=2 | inv0x305=no
BAT RX 0x330 [8] 01 0F 01 03 0C FB 0C F8 
BAT RX 0x329 [8] 02 00 19 C0 02 00 40 48 
BAT RX 0x323 [8] 20 0E 10 00 00 00 00 00 
BAT RX 0x324 [8] 02 42 42 37 00 00 00 00 
BAT RX 0x322 [8] 00 F3 00 CE 03 01 46 46 
BAT RX 0x320 [8] 50 41 C3 85 85 00 00 00 
BAT RX 0x319 [8] C0 0C FB 0C F8 0F 03 00 
BAT RX 0x318 [8] 0C F9 0C F9 0C F9 0C F9 
BAT RX 0x317 [8] 0C FB 0C FA 0C FA 0C FA 
BAT RX 0x316 [8] 0C F9 0C F9 0C F9 0C F9 
BAT RX 0x315 [8] 0C FA 0C FA 0C FA 0C FA 
BAT RX 0x314 [8] 40 10 5B 04 00 02 05 41 
BAT RX 0x313 [8] 14 BE 00 00 00 DF 46 63 
BAT RX 0x312 [8] 00 00 00 00 02 00 00 00 
BAT RX 0x311 [8] 02 38 08 24 08 24 01 61 
BAT RX 0x330 [8] 02 0D 01 02 0C FB 0C F9 
BAT RX 0x329 [8] 01 00 22 34 01 00 3F AD 
BAT RX 0x323 [8] 20 0E 10 00 00 00 00 00 
BAT RX 0x324 [8] 00 01 47 50 4A 30 32 31 
BAT RX 0x322 [8] 00 F3 00 CE 03 01 46 46 
BAT RX 0x320 [8] 50 41 C3 85 85 00 00 00 
BAT RX 0x319 [8] C0 0C FB 0C F9 1D 02 00 
BAT RX 0x318 [8] 0C FA 0C F9 0C F9 0C F9 
BAT RX 0x317 [8] 0C FB 0C FA 0C FA 0C FA 
BAT RX 0x316 [8] 0C F9 0C F9 0C F9 0C F9 
BAT RX 0x315 [8] 0C FA 0C FA 0C FA 0C FA 
BAT RX 0x314 [8] 40 10 5B 04 00 02 05 41 
BAT RX 0x313 [8] 14 BE 00 00 00 DF 46 63 
BAT RX 0x312 [8] 00 00 00 00 02 00 00 00 
BAT RX 0x311 [8] 02 38 08 24 08 24 01 61 
[456s] OK V=53.10V I=+0.0A T=22.3C SOC=70% SOH=99% | CVL=56.8V CCL=208.4A DCL=208.4A | chg=1 dis=1 fc1=0 fc2=0 | prot=0000 warn=0000 | packs=2 | inv0x305=no
BAT RX 0x330 [8] 01 0C 01 03 0C FB 0C F9 
BAT RX 0x329 [8] 02 00 19 C0 02 00 40 48 
BAT RX 0x323 [8] 20 0E 10 00 00 00 00 00 
BAT RX 0x324 [8] 01 39 35 32 32 30 36 32 
BAT RX 0x322 [8] 00 F3 00 CE 03 01 46 46 
BAT RX 0x320 [8] 50 41 C3 85 85 00 00 00 
BAT RX 0x319 [8] C0 0C FB 0C F9 0C 03 00 
BAT RX 0x318 [8] 0C FA 0C F9 0C F9 0C F9 
BAT RX 0x317 [8] 0C FB 0C FB 0C FA 0C FA 
BAT RX 0x316 [8] 0C F9 0C F9 0C F9 0C F9 
BAT RX 0x315 [8] 0C FA 0C FA 0C FA 0C FA 
BAT RX 0x314 [8] 40 10 5B 04 00 02 05 41 
BAT RX 0x313 [8] 14 BE 00 00 00 DF 46 63 
BAT RX 0x312 [8] 00 00 00 00 02 00 00 00 
BAT RX 0x311 [8] 02 38 08 24 08 24 01 61 
BAT RX 0x330 [8] 01 0E 01 01 0C FB 0C F9 
BAT RX 0x329 [8] 01 00 22 34 01 00 3F AD 
BAT RX 0x323 [8] 20 0E 10 00 00 00 00 00 
BAT RX 0x324 [8] 02 43 30 37 00 00 00 00 
BAT RX 0x322 [8] 00 F3 00 CE 03 01 46 46 
BAT RX 0x320 [8] 50 41 C3 85 85 00 00 00 
BAT RX 0x319 [8] C0 0C FB 0C F9 0E 01 00 
BAT RX 0x318 [8] 0C FA 0C FA 0C FA 0C F9 
BAT RX 0x317 [8] 0C FB 0C FB 0C FB 0C FA 
BAT RX 0x316 [8] 0C F9 0C F9 0C F9 0C F9 
BAT RX 0x315 [8] 0C FB 0C FA 0C FA 0C FA 
BAT RX 0x314 [8] 40 10 5B 04 00 02 05 41 
BAT RX 0x313 [8] 14 BE 00 00 00 DF 46 63 
BAT RX 0x312 [8] 00 00 00 00 02 00 00 00 
BAT RX 0x311 [8] 02 38 08 24 08 24 01 61 
[458s] OK V=53.10V I=+0.0A T=22.3C SOC=70% SOH=99% | CVL=56.8V CCL=208.4A DCL=208.4A | chg=1 dis=1 fc1=0 fc2=0 | prot=0000 warn=0000 | packs=2 | inv0x305=no
BAT RX 0x330 [8] 01 07 01 04 0C FB 0C F8 
BAT RX 0x329 [8] 02 00 19 C0 02 00 40 48 
BAT RX 0x323 [8] 20 0E 10 00 00 00 00 00 
BAT RX 0x324 [8] 00 02 47 50 4A 30 32 31 
BAT RX 0x322 [8] 00 F3 00 CE 03 01 46 46 
BAT RX 0x320 [8] 50 41 C3 85 85 00 00 00 
BAT RX 0x319 [8] C0 0C FB 0C F8 07 04 00 
BAT RX 0x318 [8] 0C FA 0C FA 0C F9 0C F9 
BAT RX 0x317 [8] 0C FB 0C FA 0C FA 0C FA 
BAT RX 0x316 [8] 0C F9 0C F9 0C F9 0C F9 
BAT RX 0x315 [8] 0C FB 0C FA 0C FA 0C FA 
BAT RX 0x314 [8] 40 10 5B 04 00 02 05 41 
BAT RX 0x313 [8] 14 BE 00 00 00 DF 46 63 
BAT RX 0x312 [8] 00 00 00 00 02 00 00 00 
BAT RX 0x311 [8] 02 38 08 24 08 24 01 61 
BAT RX 0x330 [8] 02 0C 01 01 0C FB 0C F9 
BAT RX 0x329 [8] 01 00 22 34 01 00 3F AD 
BAT RX 0x323 [8] 20 0E 10 00 00 00 00 00 
BAT RX 0x324 [8] 01 39 35 32 32 30 36 32 
BAT RX 0x322 [8] 00 F3 00 CE 03 01 46 46 
BAT RX 0x320 [8] 50 41 C3 85 85 00 00 00 
BAT RX 0x319 [8] C0 0C FB 0C F9 1C 01 00 
BAT RX 0x318 [8] 0C F9 0C F9 0C F9 0C F9 
BAT RX 0x317 [8] 0C FB 0C FB 0C FB 0C FA 
BAT RX 0x316 [8] 0C F9 0C F9 0C F9 0C F9 
BAT RX 0x315 [8] 0C FB 0C FA 0C FA 0C FA 
BAT RX 0x314 [8] 40 10 5B 04 00 02 05 41 
BAT RX 0x313 [8] 14 BE 00 00 00 DF 46 63 
BAT RX 0x312 [8] 00 00 00 00 02 00 00 00 
BAT RX 0x311 [8] 02 38 08 24 08 24 01 61 
[460s] OK V=53.10V I=+0.0A T=22.3C SOC=70% SOH=99% | CVL=56.8V CCL=208.4A DCL=208.4A | chg=1 dis=1 fc1=0 fc2=0 | prot=0000 warn=0000 | packs=2 | inv0x305=no
BAT RX 0x330 [8] 01 0E 01 01 0C FB 0C F9 
BAT RX 0x329 [8] 02 00 19 C0 02 00 40 48 
BAT RX 0x323 [8] 20 0E 10 00 00 00 00 00 
BAT RX 0x324 [8] 02 42 42 37 00 00 00 00 
BAT RX 0x322 [8] 00 F3 00 CE 03 01 46 46 
BAT RX 0x320 [8] 50 41 C3 85 85 00 00 00 
BAT RX 0x319 [8] C0 0C FB 0C F9 0E 01 00 
BAT RX 0x318 [8] 0C FA 0C F9 0C F9 0C F9 
BAT RX 0x317 [8] 0C FB 0C FB 0C FA 0C FA 
BAT RX 0x316 [8] 0C F9 0C F9 0C F9 0C F9 
BAT RX 0x315 [8] 0C FB 0C FA 0C FA 0C FA 
BAT RX 0x314 [8] 40 10 5B 04 00 02 05 41 
BAT RX 0x313 [8] 14 BE 00 00 00 DF 46 63 
BAT RX 0x312 [8] 00 00 00 00 02 00 00 00 
BAT RX 0x311 [8] 02 38 08 24 08 24 01 61 
BAT RX 0x330 [8] 01 0E 01 01 0C FB 0C F9 
BAT RX 0x329 [8] 01 00 22 34 01 00 3F AD 
BAT RX 0x323 [8] 20 0E 10 00 00 00 00 00 
BAT RX 0x324 [8] 00 01 47 50 4A 30 32 31 
BAT RX 0x322 [8] 00 F3 00 CE 03 01 46 46 
BAT RX 0x320 [8] 50 41 C3 85 85 00 00 00 
BAT RX 0x319 [8] C0 0C FB 0C F9 0E 01 00 
BAT RX 0x318 [8] 0C FA 0C FA 0C F9 0C F9 
BAT RX 0x317 [8] 0C FB 0C FA 0C FA 0C FA 
BAT RX 0x316 [8] 0C F9 0C F9 0C F9 0C F9 
BAT RX 0x315 [8] 0C FA 0C FA 0C FA 0C FA 
BAT RX 0x314 [8] 40 10 5B 04 00 02 05 41 
BAT RX 0x313 [8] 14 BE 00 00 00 DF 46 63 
BAT RX 0x312 [8] 00 00 00 00 02 00 00 00 
BAT RX 0x311 [8] 02 38 08 24 08 24 01 61 
[462s] OK V=53.10V I=+0.0A T=22.3C SOC=70% SOH=99% | CVL=56.8V CCL=208.4A DCL=208.4A | chg=1 dis=1 fc1=0 fc2=0 | prot=0000 warn=0000 | packs=2 | inv0x305=no
BAT RX 0x330 [8] 01 0E 01 01 0C FB 0C F9 
BAT RX 0x329 [8] 02 00 19 C0 02 00 40 48 
BAT RX 0x323 [8] 20 0E 10 00 00 00 00 00 
BAT RX 0x324 [8] 01 39 35 32 32 30 36 32 
BAT RX 0x322 [8] 00 F3 00 CE 03 01 46 46 
BAT RX 0x320 [8] 50 41 C3 85 85 00 00 00 
BAT RX 0x319 [8] C0 0C FB 0C F9 0E 01 00 
BAT RX 0x318 [8] 0C FA 0C FA 0C F9 0C F9 
BAT RX 0x317 [8] 0C FB 0C FB 0C FA 0C FA 
BAT RX 0x316 [8] 0C F9 0C F9 0C F9 0C F9 
BAT RX 0x315 [8] 0C FB 0C FB 0C FB 0C FA 
BAT RX 0x314 [8] 40 10 5B 04 00 02 05 41 
BAT RX 0x313 [8] 14 BE 00 00 00 DF 46 63 
BAT RX 0x312 [8] 00 00 00 00 02 00 00 00 
BAT RX 0x311 [8] 02 38 08 24 08 24 01 61 
BAT RX 0x330 [8] 02 0C 01 01 0C FB 0C F9 
BAT RX 0x329 [8] 01 00 22 34 01 00 3F AD 
BAT RX 0x323 [8] 20 0E 10 00 00 00 00 00 
BAT RX 0x324 [8] 02 43 30 37 00 00 00 00 
BAT RX 0x322 [8] 00 F3 00 CE 03 01 46 46 
BAT RX 0x320 [8] 50 41 C3 85 85 00 00 00 
BAT RX 0x319 [8] C0 0C FB 0C F9 1C 01 00 
BAT RX 0x318 [8] 0C FA 0C F9 0C F9 0C F9 
BAT RX 0x317 [8] 0C FB 0C FB 0C FA 0C FA 
BAT RX 0x316 [8] 0C FA 0C F9 0C F9 0C F9 
BAT RX 0x315 [8] 0C FB 0C FA 0C FA 0C FA 
BAT RX 0x314 [8] 40 10 5B 04 00 02 05 41 
BAT RX 0x313 [8] 14 BE 00 00 00 DF 46 63 
BAT RX 0x312 [8] 00 00 00 00 02 00 00 00 
BAT RX 0x311 [8] 02 38 08 24 08 24 01 61 
[464s] OK V=53.10V I=+0.0A T=22.3C SOC=70% SOH=99% | CVL=56.8V CCL=208.4A DCL=208.4A | chg=1 dis=1 fc1=0 fc2=0 | prot=0000 warn=0000 | packs=2 | inv0x305=no
BAT RX 0x330 [8] 02 0D 01 01 0C FB 0C F9 
BAT RX 0x329 [8] 02 00 19 C0 02 00 40 48 
BAT RX 0x323 [8] 20 0E 10 00 00 00 00 00 
BAT RX 0x324 [8] 00 02 47 50 4A 30 32 31 
BAT RX 0x322 [8] 00 F3 00 CE 03 01 46 46 
BAT RX 0x320 [8] 50 41 C3 85 85 00 00 00 

---- battery-bus rate stats (VERBOSE_STATS) ----------------------------
  6884 frames, 465 s elapsed
  ID     count   period(ms)  (min-max gap)
  0x324     459   1005 (1-4867)
  0x329     461    997 (1-4866)
  0x330     464    991 (0-4000)
  0x312     458   1002 (1-4867)
  0x313     458   1002 (1-4867)
  0x314     458   1002 (1-4867)
  0x315     458   1002 (1-4867)
  0x316     458   1002 (1-4867)
  0x317     458   1002 (1-4867)
  0x318     458   1002 (1-4867)
  0x319     458   1002 (1-4867)
  0x320     459   1001 (1-4866)
  0x322     459   1001 (0-4867)
  0x311     458   1002 (1-4867)
  0x323     460    999 (1-4866)
--------------------------------------------------------------------------

  TWAI: state=RUNNING  tx_err=0 rx_err=0  tx_failed=0  rx_missed=111 rx_overrun=0  arb_lost=0  bus_err=0
BAT RX 0x319 [8] C0 0C FB 0C F9 1D 01 00 
BAT RX 0x318 [8] 0C FA 0C FA 0C F9 0C F9 
BAT RX 0x317 [8] 0C FB 0C FB 0C FA 0C FA 
BAT RX 0x316 [8] 0C F9 0C F9 0C F9 0C F9 
BAT RX 0x315 [8] 0C FB 0C FB 0C FB 0C FB 
BAT RX 0x314 [8] 40 10 5B 04 00 02 05 41 
BAT RX 0x313 [8] 14 BE 00 00 00 DF 46 63 
BAT RX 0x312 [8] 00 00 00 00 02 00 00 00 
BAT RX 0x311 [8] 02 38 08 24 08 24 01 61 
BAT RX 0x330 [8] 01 09 01 01 0C FB 0C F9 
BAT RX 0x329 [8] 01 00 22 34 01 00 3F AD 
BAT RX 0x323 [8] 20 0E 10 00 00 00 00 00 
BAT RX 0x324 [8] 01 39 35 32 32 30 36 32 
BAT RX 0x322 [8] 00 F3 00 CE 03 01 46 46 
BAT RX 0x320 [8] 50 41 C3 85 85 00 00 00 
BAT RX 0x319 [8] C0 0C FB 0C F9 09 01 00 
BAT RX 0x318 [8] 0C F9 0C F9 0C F9 0C F9 
BAT RX 0x317 [8] 0C FB 0C FB 0C FA 0C FA 
BAT RX 0x316 [8] 0C F9 0C F9 0C F9 0C F9 
BAT RX 0x315 [8] 0C FB 0C FA 0C FA 0C FA 
BAT RX 0x314 [8] 40 10 5B 04 00 02 05 41 
BAT RX 0x313 [8] 14 BE 00 00 00 DF 46 63 
BAT RX 0x312 [8] 00 00 00 00 02 00 00 00 
BAT RX 0x311 [8] 02 38 08 24 08 24 01 61 
[466s] OK V=53.10V I=+0.0A T=22.3C SOC=70% SOH=99% | CVL=56.8V CCL=208.4A DCL=208.4A | chg=1 dis=1 fc1=0 fc2=0 | prot=0000 warn=0000 | packs=2 | inv0x305=no
BAT RX 0x330 [8] 01 0E 01 01 0C FB 0C F9 
BAT RX 0x329 [8] 02 00 19 C0 02 00 40 48 
BAT RX 0x323 [8] 20 0E 10 00 00 00 00 00 
BAT RX 0x324 [8] 02 42 42 37 00 00 00 00 
BAT RX 0x322 [8] 00 F3 00 CE 03 01 46 46 
BAT RX 0x320 [8] 50 41 C3 85 85 00 00 00 
BAT RX 0x319 [8] C0 0C FB 0C F9 0E 01 00 
BAT RX 0x318 [8] 0C FA 0C FA 0C F9 0C F9 
BAT RX 0x317 [8] 0C FB 0C FA 0C FA 0C FA 
BAT RX 0x316 [8] 0C F9 0C F9 0C F9 0C F9 
BAT RX 0x315 [8] 0C FB 0C FA 0C FA 0C FA 
BAT RX 0x314 [8] 40 10 5B 04 00 02 05 41 
BAT RX 0x313 [8] 14 BE 00 00 00 DF 46 63 
BAT RX 0x312 [8] 00 00 00 00 02 00 00 00 
BAT RX 0x311 [8] 02 38 08 24 08 24 01 61 
BAT RX 0x330 [8] 01 09 01 01 0C FB 0C F9 
BAT RX 0x329 [8] 01 00 22 34 01 00 3F AD 
BAT RX 0x323 [8] 20 0E 10 00 00 00 00 00 
BAT RX 0x324 [8] 00 01 47 50 4A 30 32 31 
BAT RX 0x322 [8] 00 F3 00 CE 03 01 46 46 
BAT RX 0x320 [8] 50 41 C3 85 85 00 00 00 
BAT RX 0x319 [8] C0 0C FB 0C F9 09 01 00 
BAT RX 0x318 [8] 0C FA 0C FA 0C FA 0C F9 
BAT RX 0x317 [8] 0C FB 0C FB 0C FA 0C FA 
BAT RX 0x316 [8] 0C F9 0C F9 0C F9 0C F9 
BAT RX 0x315 [8] 0C FA 0C FA 0C FA 0C FA 
BAT RX 0x314 [8] 40 10 5B 04 00 02 05 41 
BAT RX 0x313 [8] 14 BE 00 00 00 DF 46 63 
BAT RX 0x312 [8] 00 00 00 00 02 00 00 00 
BAT RX 0x311 [8] 02 38 08 24 08 24 01 61 
[468s] OK V=53.10V I=+0.0A T=22.3C SOC=70% SOH=99% | CVL=56.8V CCL=208.4A DCL=208.4A | chg=1 dis=1 fc1=0 fc2=0 | prot=0000 warn=0000 | packs=2 | inv0x305=no
BAT RX 0x330 [8] 01 07 01 01 0C FB 0C F9 
BAT RX 0x329 [8] 02 00 19 C0 02 00 40 48 
BAT RX 0x323 [8] 20 0E 10 00 00 00 00 00 
BAT RX 0x324 [8] 01 39 35 32 32 30 36 32 
BAT RX 0x322 [8] 00 F3 00 CE 03 01 46 46 
BAT RX 0x320 [8] 50 41 C3 85 85 00 00 00 
BAT RX 0x319 [8] C0 0C FB 0C F9 07 01 00 
BAT RX 0x318 [8] 0C FA 0C FA 0C FA 0C F9 
BAT RX 0x317 [8] 0C FB 0C FA 0C FA 0C FA 
BAT RX 0x316 [8] 0C F9 0C F9 0C F9 0C F9 
BAT RX 0x315 [8] 0C FB 0C FB 0C FA 0C FA 
BAT RX 0x314 [8] 40 10 5B 04 00 02 05 41 
BAT RX 0x313 [8] 14 BE 00 00 00 DF 46 63 
BAT RX 0x312 [8] 00 00 00 00 02 00 00 00 
BAT RX 0x311 [8] 02 38 08 24 08 24 01 61 
BAT RX 0x330 [8] 01 0E 01 01 0C FB 0C F9 
BAT RX 0x329 [8] 01 00 22 34 01 00 3F AD 
BAT RX 0x323 [8] 20 0E 10 00 00 00 00 00 
BAT RX 0x324 [8] 02 43 30 37 00 00 00 00 
BAT RX 0x322 [8] 00 F3 00 CE 03 01 46 46 
BAT RX 0x320 [8] 50 41 C3 85 85 00 00 00 
BAT RX 0x319 [8] C0 0C FB 0C F9 0E 01 00 
BAT RX 0x318 [8] 0C FA 0C FA 0C F9 0C F9 
BAT RX 0x317 [8] 0C FB 0C FB 0C FA 0C FA 
BAT RX 0x316 [8] 0C F9 0C F9 0C F9 0C F9 
BAT RX 0x315 [8] 0C FB 0C FA 0C FA 0C FA 
BAT RX 0x314 [8] 40 10 5B 04 00 02 05 41 
BAT RX 0x313 [8] 14 BE 00 00 00 DF 46 63 
BAT RX 0x312 [8] 00 00 00 00 02 00 00 00 
BAT RX 0x311 [8] 02 38 08 24 08 24 01 61 
BAT RX 0x330 [8] 01 0E 01 02 0C FB 0C F9 
[470s] OK V=53.10V I=+0.0A T=22.3C SOC=70% SOH=99% | CVL=56.8V CCL=208.4A DCL=208.4A | chg=1 dis=1 fc1=0 fc2=0 | prot=0000 warn=0000 | packs=2 | inv0x305=no
BAT RX 0x329 [8] 02 00 19 C0 02 00 40 48 
BAT RX 0x323 [8] 20 0E 10 00 00 00 00 00 
BAT RX 0x324 [8] 00 02 47 50 4A 30 32 31 
BAT RX 0x322 [8] 00 F3 00 CE 03 01 46 46 
BAT RX 0x320 [8] 50 41 C3 85 85 00 00 00 
BAT RX 0x319 [8] C0 0C FB 0C F9 0E 02 00 
BAT RX 0x318 [8] 0C FA 0C FA 0C FA 0C F9 
BAT RX 0x317 [8] 0C FB 0C FA 0C FA 0C FA 
BAT RX 0x316 [8] 0C F9 0C F9 0C F9 0C F9 
BAT RX 0x315 [8] 0C FB 0C FB 0C FA 0C FA 
BAT RX 0x314 [8] 40 10 5B 04 00 02 05 41 
BAT RX 0x313 [8] 14 BE 00 00 00 DF 46 63 
BAT RX 0x312 [8] 00 00 00 00 02 00 00 00 
BAT RX 0x311 [8] 02 38 08 24 08 24 01 61 
BAT RX 0x330 [8] 01 0E 01 01 0C FB 0C F9 
BAT RX 0x329 [8] 01 00 22 34 01 00 3F AD 
BAT RX 0x323 [8] 20 0E 10 00 00 00 00 00 
BAT RX 0x324 [8] 01 39 35 32 32 30 36 32 
BAT RX 0x322 [8] 00 F3 00 CE 03 01 46 46 
BAT RX 0x320 [8] 50 41 C3 85 85 00 00 00 
BAT RX 0x319 [8] C0 0C FB 0C F9 0E 01 00 
BAT RX 0x318 [8] 0C FA 0C FA 0C FA 0C F9 
BAT RX 0x317 [8] 0C FB 0C FB 0C FB 0C FA 
BAT RX 0x316 [8] 0C F9 0C F9 0C F9 0C F9 
BAT RX 0x315 [8] 0C FB 0C FB 0C FB 0C FA 
BAT RX 0x314 [8] 40 10 5B 04 00 02 05 41 
BAT RX 0x313 [8] 14 BE 00 00 00 DF 46 63 
BAT RX 0x312 [8] 00 00 00 00 02 00 00 00 
BAT RX 0x311 [8] 02 38 08 24 08 24 01 61 
BAT RX 0x330 [8] 01 0E 01 01 0C FB 0C F9 
[472s] OK V=53.10V I=+0.0A T=22.3C SOC=70% SOH=99% | CVL=56.8V CCL=208.4A DCL=208.4A | chg=1 dis=1 fc1=0 fc2=0 | prot=0000 warn=0000 | packs=2 | inv0x305=no
BAT RX 0x329 [8] 02 00 19 C0 02 00 40 48 
BAT RX 0x323 [8] 20 0E 10 00 00 00 00 00 
BAT RX 0x324 [8] 02 42 42 37 00 00 00 00 
BAT RX 0x322 [8] 00 F3 00 CE 03 01 46 46 
BAT RX 0x320 [8] 50 41 C3 85 85 00 00 00 
BAT RX 0x319 [8] C0 0C FB 0C F9 0E 01 00 
BAT RX 0x318 [8] 0C FA 0C FA 0C FA 0C FA 
BAT RX 0x317 [8] 0C FB 0C FB 0C FA 0C FA 
BAT RX 0x316 [8] 0C F9 0C F9 0C F9 0C F9 
BAT RX 0x315 [8] 0C FB 0C FA 0C FA 0C FA 
BAT RX 0x314 [8] 40 10 5B 04 00 02 05 41 
BAT RX 0x313 [8] 14 BE 00 00 00 DF 46 63 
BAT RX 0x312 [8] 00 00 00 00 02 00 00 00 
BAT RX 0x311 [8] 02 38 08 24 08 24 01 61 
BAT RX 0x330 [8] 02 0D 01 01 0C FB 0C F9 
BAT RX 0x329 [8] 01 00 22 34 01 00 3F AD 
BAT RX 0x323 [8] 20 0E 10 00 00 00 00 00 
BAT RX 0x324 [8] 00 01 47 50 4A 30 32 31 
BAT RX 0x322 [8] 00 F3 00 CE 03 01 46 46 
BAT RX 0x320 [8] 50 41 C3 85 85 00 00 00 
BAT RX 0x319 [8] C0 0C FB 0C F9 1D 01 00 
BAT RX 0x318 [8] 0C FA 0C FA 0C F9 0C F9 
BAT RX 0x317 [8] 0C FB 0C FA 0C FA 0C FA 
BAT RX 0x316 [8] 0C F9 0C F9 0C F9 0C F9 
BAT RX 0x315 [8] 0C FB 0C FB 0C FA 0C FA 
BAT RX 0x314 [8] 40 10 5B 04 00 02 05 41 
BAT RX 0x313 [8] 14 BE 00 00 00 DF 46 63 
BAT RX 0x312 [8] 00 00 00 00 02 00 00 00 
BAT RX 0x311 [8] 02 38 08 24 08 24 01 61 
BAT RX 0x330 [8] 01 07 01 01 0C FB 0C F9 
[474s] OK V=53.10V I=+0.0A T=22.3C SOC=70% SOH=99% | CVL=56.8V CCL=208.4A DCL=208.4A | chg=1 dis=1 fc1=0 fc2=0 | prot=0000 warn=0000 | packs=2 | inv0x305=no
BAT RX 0x329 [8] 02 00 19 C0 02 00 40 48 
BAT RX 0x323 [8] 20 0E 10 00 00 00 00 00 
BAT RX 0x324 [8] 01 39 35 32 32 30 36 32 
BAT RX 0x322 [8] 00 F3 00 CE 03 01 46 46 
BAT RX 0x320 [8] 50 41 C3 85 85 00 00 00 
BAT RX 0x319 [8] C0 0C FB 0C F9 07 01 00 
BAT RX 0x318 [8] 0C FA 0C FA 0C F9 0C F9 
BAT RX 0x317 [8] 0C FB 0C FB 0C FB 0C FA 
BAT RX 0x316 [8] 0C F9 0C F9 0C F9 0C F9 
BAT RX 0x315 [8] 0C FB 0C FB 0C FA 0C FA 
BAT RX 0x314 [8] 40 10 5B 04 00 02 05 41 
BAT RX 0x313 [8] 14 BE 00 00 00 DF 46 63 
BAT RX 0x312 [8] 00 00 00 00 02 00 00 00 
BAT RX 0x311 [8] 02 38 08 24 08 24 01 61 
BAT RX 0x330 [8] 01 0E 01 03 0C FB 0C F9 
BAT RX 0x329 [8] 01 00 22 34 01 00 3F AD 
BAT RX 0x323 [8] 20 0E 10 00 00 00 00 00 
BAT RX 0x324 [8] 02 43 30 37 00 00 00 00 
BAT RX 0x322 [8] 00 F3 00 CE 03 01 46 46 
BAT RX 0x320 [8] 50 41 C3 85 85 00 00 00 
BAT RX 0x319 [8] C0 0C FB 0C F9 0E 03 00 
BAT RX 0x318 [8] 0C FA 0C FA 0C F9 0C F9 
BAT RX 0x317 [8] 0C FB 0C FA 0C FA 0C FA 
BAT RX 0x316 [8] 0C F9 0C F9 0C F9 0C F9 
BAT RX 0x315 [8] 0C FB 0C FB 0C FA 0C FA 
BAT RX 0x314 [8] 40 10 5B 04 00 02 05 41 
BAT RX 0x313 [8] 14 BE 00 00 00 DF 46 63 
BAT RX 0x312 [8] 00 00 00 00 02 00 00 00 
BAT RX 0x311 [8] 02 38 08 24 08 24 01 61 
BAT RX 0x330 [8] 01 0E 01 03 0C FB 0C F9 
[476s] OK V=53.10V I=+0.0A T=22.3C SOC=70% SOH=99% | CVL=56.8V CCL=208.4A DCL=208.4A | chg=1 dis=1 fc1=0 fc2=0 | prot=0000 warn=0000 | packs=2 | inv0x305=no
BAT RX 0x329 [8] 02 00 19 C0 02 00 40 48 
BAT RX 0x323 [8] 20 0E 10 00 00 00 00 00 
BAT RX 0x324 [8] 00 02 47 50 4A 30 32 31 
BAT RX 0x322 [8] 00 F3 00 CE 03 01 46 46 
BAT RX 0x320 [8] 50 41 C3 85 85 00 00 00 
BAT RX 0x319 [8] C0 0C FB 0C F9 0E 03 00 
BAT RX 0x318 [8] 0C FA 0C FA 0C FA 0C F9 
BAT RX 0x317 [8] 0C FB 0C FB 0C FB 0C FA 
BAT RX 0x316 [8] 0C FA 0C F9 0C F9 0C F9 
BAT RX 0x315 [8] 0C FB 0C FB 0C FA 0C FA 
BAT RX 0x314 [8] 40 10 5B 04 00 02 05 41 
BAT RX 0x313 [8] 14 BE 00 00 00 DF 46 63 
BAT RX 0x312 [8] 00 00 00 00 02 00 00 00 
BAT RX 0x311 [8] 02 38 08 24 08 24 01 61 
BAT RX 0x330 [8] 01 0E 01 01 0C FB 0C F9 
BAT RX 0x329 [8] 01 00 22 34 01 00 3F AD 
BAT RX 0x323 [8] 20 0E 10 00 00 00 00 00 
BAT RX 0x324 [8] 01 39 35 32 32 30 36 32 
BAT RX 0x322 [8] 00 F3 00 CE 03 01 46 46 
BAT RX 0x320 [8] 50 41 C3 85 85 00 00 00 
BAT RX 0x319 [8] C0 0C FB 0C F9 0E 01 00 
BAT RX 0x318 [8] 0C FA 0C FA 0C F9 0C F9 
BAT RX 0x317 [8] 0C FB 0C FA 0C FA 0C FA 
BAT RX 0x316 [8] 0C F9 0C F9 0C F9 0C F9 
BAT RX 0x315 [8] 0C FA 0C FA 0C FA 0C FA 
BAT RX 0x314 [8] 40 10 5B 04 00 02 05 41 
BAT RX 0x313 [8] 14 BE 00 00 00 DF 46 63 
BAT RX 0x312 [8] 00 00 00 00 02 00 00 00 
BAT RX 0x311 [8] 02 38 08 24 08 24 01 61 
BAT RX 0x330 [8] 01 0C 01 01 0C FB 0C F9 
[478s] OK V=53.10V I=+0.0A T=22.3C SOC=70% SOH=99% | CVL=56.8V CCL=208.4A DCL=208.4A | chg=1 dis=1 fc1=0 fc2=0 | prot=0000 warn=0000 | packs=2 | inv0x305=no
BAT RX 0x329 [8] 02 00 19 C0 02 00 40 48 
BAT RX 0x323 [8] 20 0E 10 00 00 00 00 00 
BAT RX 0x324 [8] 02 42 42 37 00 00 00 00 
BAT RX 0x322 [8] 00 F3 00 CE 03 01 46 46 
BAT RX 0x320 [8] 50 41 C3 85 85 00 00 00 
BAT RX 0x319 [8] C0 0C FB 0C F9 0C 01 00 
BAT RX 0x318 [8] 0C FA 0C F9 0C F9 0C F9 
BAT RX 0x317 [8] 0C FB 0C FB 0C FA 0C FA 
BAT RX 0x316 [8] 0C F9 0C F9 0C F9 0C F9 
BAT RX 0x315 [8] 0C FA 0C FA 0C FA 0C FA 
BAT RX 0x314 [8] 40 10 5B 04 00 02 05 41 
BAT RX 0x313 [8] 14 BE 00 00 00 DF 46 63 
BAT RX 0x312 [8] 00 00 00 00 02 00 00 00 
BAT RX 0x311 [8] 02 38 08 24 08 24 01 61 
BAT RX 0x330 [8] 02 02 01 01 0C FB 0C F9 
BAT RX 0x329 [8] 01 00 22 34 01 00 3F AD 
BAT RX 0x323 [8] 20 0E 10 00 00 00 00 00 
BAT RX 0x324 [8] 00 01 47 50 4A 30 32 31 
BAT RX 0x322 [8] 00 F3 00 CE 03 01 46 46 
BAT RX 0x320 [8] 50 41 C3 85 85 00 00 00 
BAT RX 0x319 [8] C0 0C FB 0C F9 12 01 00 

---- battery-bus rate stats (VERBOSE_STATS) ----------------------------
  7110 frames, 480 s elapsed
  ID     count   period(ms)  (min-max gap)
  0x324     474   1004 (1-4867)
  0x329     476    997 (1-4866)
  0x330     479    991 (0-4000)
  0x312     473   1002 (1-4867)
  0x313     473   1002 (1-4867)
  0x314     473   1002 (1-4867)
  0x315     473   1002 (1-4867)
  0x316     473   1001 (1-4867)
  0x317     473   1001 (1-4867)
  0x318     473   1001 (1-4867)
  0x319     474   1001 (1-4867)
  0x320     474   1001 (1-4866)
  0x322     474   1001 (0-4867)
  0x311     473   1002 (1-4867)
  0x323     475    999 (1-4866)
--------------------------------------------------------------------------

  TWAI: state=RUNNING  tx_err=0 rx_err=0  tx_failed=0  rx_missed=111 rx_overrun=0  arb_lost=0  bus_err=0
BAT RX 0x318 [8] 0C FA 0C FA 0C FA 0C F9 
BAT RX 0x317 [8] 0C FB 0C FB 0C FA 0C FA 
BAT RX 0x316 [8] 0C F9 0C F9 0C F9 0C F9 
BAT RX 0x315 [8] 0C FB 0C FA 0C FA 0C FA 
BAT RX 0x314 [8] 40 10 5B 04 00 02 05 41 
BAT RX 0x313 [8] 14 BE 00 00 00 DF 46 63 
BAT RX 0x312 [8] 00 00 00 00 02 00 00 00 
BAT RX 0x311 [8] 02 38 08 24 08 24 01 61 
BAT RX 0x330 [8] 01 0E 01 01 0C FB 0C F9 
[480s] OK V=53.10V I=+0.0A T=22.3C SOC=70% SOH=99% | CVL=56.8V CCL=208.4A DCL=208.4A | chg=1 dis=1 fc1=0 fc2=0 | prot=0000 warn=0000 | packs=2 | inv0x305=no
BAT RX 0x329 [8] 02 00 19 C0 02 00 40 48 
BAT RX 0x323 [8] 20 0E 10 00 00 00 00 00 
BAT RX 0x324 [8] 01 39 35 32 32 30 36 32 
BAT RX 0x322 [8] 00 F3 00 CE 03 01 46 46 
BAT RX 0x320 [8] 50 41 C3 85 85 00 00 00 
BAT RX 0x319 [8] C0 0C FB 0C F9 0E 01 00 
BAT RX 0x318 [8] 0C FA 0C FA 0C FA 0C FA 
BAT RX 0x317 [8] 0C FB 0C FB 0C FB 0C FA 
BAT RX 0x316 [8] 0C F9 0C F9 0C F9 0C F9 
BAT RX 0x315 [8] 0C FB 0C FB 0C FA 0C FA 
BAT RX 0x314 [8] 40 10 5B 04 00 02 05 41 
BAT RX 0x313 [8] 14 BE 00 00 00 DF 46 63 
BAT RX 0x312 [8] 00 00 00 00 02 00 00 00 
BAT RX 0x311 [8] 02 38 08 24 08 24 01 61 
BAT RX 0x330 [8] 01 0E 01 02 0C FC 0C F8 
BAT RX 0x329 [8] 01 00 22 34 01 00 3F AD 
BAT RX 0x323 [8] 20 0E 10 00 00 00 00 00 
BAT RX 0x324 [8] 02 43 30 37 00 00 00 00 
BAT RX 0x322 [8] 00 F3 00 CE 03 01 46 46 
BAT RX 0x320 [8] 50 41 C3 85 85 00 00 00 
BAT RX 0x319 [8] C0 0C FC 0C F8 0E 02 00 
BAT RX 0x318 [8] 0C FA 0C FA 0C F9 0C F9 
BAT RX 0x317 [8] 0C FB 0C FA 0C FA 0C FA 
BAT RX 0x316 [8] 0C F9 0C F9 0C F9 0C F9 
BAT RX 0x315 [8] 0C FA 0C FA 0C FA 0C FA 
BAT RX 0x314 [8] 40 10 5B 04 00 02 05 41 
BAT RX 0x313 [8] 14 BE 00 00 00 DF 46 63 
BAT RX 0x312 [8] 00 00 00 00 02 00 00 00 
BAT RX 0x311 [8] 02 38 08 24 08 24 01 61 
BAT RX 0x330 [8] 01 07 01 0A 0C FB 0C F8 
[482s] OK V=53.10V I=+0.0A T=22.3C SOC=70% SOH=99% | CVL=56.8V CCL=208.4A DCL=208.4A | chg=1 dis=1 fc1=0 fc2=0 | prot=0000 warn=0000 | packs=2 | inv0x305=no
BAT RX 0x329 [8] 02 00 19 C0 02 00 40 48 
BAT RX 0x323 [8] 20 0E 10 00 00 00 00 00 
BAT RX 0x324 [8] 00 02 47 50 4A 30 32 31 
BAT RX 0x322 [8] 00 F3 00 CE 03 01 46 46 
BAT RX 0x320 [8] 50 41 C3 85 85 00 00 00 
BAT RX 0x319 [8] C0 0C FB 0C F8 07 0A 00 
BAT RX 0x318 [8] 0C FA 0C FA 0C FA 0C F9 
BAT RX 0x317 [8] 0C FB 0C FB 0C FA 0C FA 
BAT RX 0x316 [8] 0C F9 0C F9 0C F9 0C F9 
BAT RX 0x315 [8] 0C FB 0C FA 0C FA 0C FA 
BAT RX 0x314 [8] 40 10 5B 04 00 02 05 41 
BAT RX 0x313 [8] 14 BE 00 00 00 DF 46 63 
BAT RX 0x312 [8] 00 00 00 00 02 00 00 00 
BAT RX 0x311 [8] 02 38 08 24 08 24 01 61 
BAT RX 0x330 [8] 01 09 01 02 0C FB 0C F8 
BAT RX 0x329 [8] 01 00 22 34 01 00 3F AD 
BAT RX 0x323 [8] 20 0E 10 00 00 00 00 00 
BAT RX 0x324 [8] 01 39 35 32 32 30 36 32 
BAT RX 0x322 [8] 00 F3 00 CE 03 01 46 46 
BAT RX 0x320 [8] 50 41 C3 85 85 00 00 00 
BAT RX 0x319 [8] C0 0C FB 0C F8 09 02 00 
BAT RX 0x318 [8] 0C FA 0C FA 0C FA 0C F9 
BAT RX 0x317 [8] 0C FB 0C FB 0C FB 0C FA 
BAT RX 0x316 [8] 0C F9 0C F9 0C F9 0C F9 
BAT RX 0x315 [8] 0C FB 0C FB 0C FB 0C FA 
BAT RX 0x314 [8] 40 10 5B 04 00 02 05 41 
BAT RX 0x313 [8] 14 BE 00 00 00 DF 46 63 
BAT RX 0x312 [8] 00 00 00 00 02 00 00 00 
BAT RX 0x311 [8] 02 38 08 24 08 24 01 61 
BAT RX 0x330 [8] 01 0E 01 02 0C FB 0C F9 
BAT RX 0x329 [8] 02 00 19 C0 02 00 40 48 
[484s] OK V=53.10V I=+0.0A T=22.3C SOC=70% SOH=99% | CVL=56.8V CCL=208.4A DCL=208.4A | chg=1 dis=1 fc1=0 fc2=0 | prot=0000 warn=0000 | packs=2 | inv0x305=no
BAT RX 0x323 [8] 20 0E 10 00 00 00 00 00 
BAT RX 0x324 [8] 02 42 42 37 00 00 00 00 
BAT RX 0x322 [8] 00 F3 00 CE 03 01 46 46 
BAT RX 0x320 [8] 50 41 C3 85 85 00 00 00 
BAT RX 0x319 [8] C0 0C FB 0C F9 0E 02 00 
BAT RX 0x318 [8] 0C FA 0C FA 0C FA 0C F9 
BAT RX 0x317 [8] 0C FB 0C FB 0C FA 0C FA 
BAT RX 0x316 [8] 0C F9 0C F9 0C F9 0C F9 
BAT RX 0x315 [8] 0C FB 0C FB 0C FB 0C FB 
BAT RX 0x314 [8] 40 10 5B 04 00 02 05 41 
BAT RX 0x313 [8] 14 BE 00 00 00 DF 46 63 
BAT RX 0x312 [8] 00 00 00 00 02 00 00 00 
BAT RX 0x311 [8] 02 38 08 24 08 24 01 61 
BAT RX 0x330 [8] 02 03 01 01 0C FB 0C F9 
BAT RX 0x329 [8] 01 00 22 34 01 00 3F AD 
BAT RX 0x323 [8] 20 0E 10 00 00 00 00 00 
BAT RX 0x324 [8] 00 01 47 50 4A 30 32 31 
BAT RX 0x322 [8] 00 F3 00 CE 03 01 46 46 
BAT RX 0x320 [8] 50 41 C3 85 85 00 00 00 
BAT RX 0x319 [8] C0 0C FB 0C F9 13 01 00 
BAT RX 0x318 [8] 0C FA 0C F9 0C F9 0C F9 
BAT RX 0x317 [8] 0C FB 0C FB 0C FB 0C FB 
BAT RX 0x316 [8] 0C F9 0C F9 0C F9 0C F9 
BAT RX 0x315 [8] 0C FA 0C FA 0C FA 0C FA 
BAT RX 0x314 [8] 40 10 5B 04 00 02 05 41 
BAT RX 0x313 [8] 14 BE 00 00 00 DF 46 63 
BAT RX 0x312 [8] 00 00 00 00 02 00 00 00 
BAT RX 0x311 [8] 02 38 08 24 08 24 01 61 
BAT RX 0x330 [8] 01 07 01 03 0C FB 0C F9 
BAT RX 0x329 [8] 02 00 19 C0 02 00 40 48 
[486s] OK V=53.10V I=+0.0A T=22.3C SOC=70% SOH=99% | CVL=56.8V CCL=208.4A DCL=208.4A | chg=1 dis=1 fc1=0 fc2=0 | prot=0000 warn=0000 | packs=2 | inv0x305=no
BAT RX 0x323 [8] 20 0E 10 00 00 00 00 00 
BAT RX 0x324 [8] 01 39 35 32 32 30 36 32 
BAT RX 0x322 [8] 00 F3 00 CE 03 01 46 46 
BAT RX 0x320 [8] 50 41 C3 85 85 00 00 00 
BAT RX 0x319 [8] C0 0C FB 0C F9 07 03 00 
BAT RX 0x318 [8] 0C FA 0C FA 0C F9 0C F9 
BAT RX 0x317 [8] 0C FB 0C FB 0C FA 0C FA 
BAT RX 0x316 [8] 0C FA 0C F9 0C F9 0C F9 
BAT RX 0x315 [8] 0C FB 0C FB 0C FA 0C FA 
BAT RX 0x314 [8] 40 10 5B 04 00 02 05 41 
BAT RX 0x313 [8] 14 BE 00 00 00 DF 46 63 
BAT RX 0x312 [8] 00 00 00 00 02 00 00 00 
BAT RX 0x311 [8] 02 38 08 24 08 24 01 61 
BAT RX 0x330 [8] 02 03 01 01 0C FB 0C F9 
BAT RX 0x329 [8] 01 00 22 34 01 00 3F AD 
BAT RX 0x323 [8] 20 0E 10 00 00 00 00 00 
BAT RX 0x324 [8] 02 43 30 37 00 00 00 00 
BAT RX 0x322 [8] 00 F3 00 CE 03 01 46 46 
BAT RX 0x320 [8] 50 41 C3 85 85 00 00 00 
BAT RX 0x319 [8] C0 0C FB 0C F9 13 01 00 
BAT RX 0x318 [8] 0C FA 0C F9 0C F9 0C F9 
BAT RX 0x317 [8] 0C FB 0C FB 0C FB 0C FB 
BAT RX 0x316 [8] 0C FA 0C F9 0C F9 0C F9 
BAT RX 0x315 [8] 0C FA 0C FA 0C FA 0C FA 
BAT RX 0x314 [8] 40 10 5B 04 00 02 05 41 
BAT RX 0x313 [8] 14 BE 00 00 00 DF 46 63 
BAT RX 0x312 [8] 00 00 00 00 02 00 00 00 
BAT RX 0x311 [8] 02 38 08 24 08 24 01 61 
BAT RX 0x330 [8] 01 0E 01 01 0C FB 0C F9 
BAT RX 0x329 [8] 02 00 19 C0 02 00 40 48 
[488s] OK V=53.10V I=+0.0A T=22.3C SOC=70% SOH=99% | CVL=56.8V CCL=208.4A DCL=208.4A | chg=1 dis=1 fc1=0 fc2=0 | prot=0000 warn=0000 | packs=2 | inv0x305=no
BAT RX 0x323 [8] 20 0E 10 00 00 00 00 00 
BAT RX 0x324 [8] 00 02 47 50 4A 30 32 31 
BAT RX 0x322 [8] 00 F3 00 CE 03 01 46 46 
BAT RX 0x320 [8] 50 41 C3 85 85 00 00 00 
BAT RX 0x319 [8] C0 0C FB 0C F9 0E 01 00 
BAT RX 0x318 [8] 0C FA 0C FA 0C F9 0C F9 
BAT RX 0x317 [8] 0C FB 0C FA 0C FA 0C FA 
BAT RX 0x316 [8] 0C F9 0C F9 0C F9 0C F9 
BAT RX 0x315 [8] 0C FB 0C FB 0C FA 0C FA 
BAT RX 0x314 [8] 40 10 5B 04 00 02 05 41 
BAT RX 0x313 [8] 14 BE 00 00 00 DF 46 63 
BAT RX 0x312 [8] 00 00 00 00 02 00 00 00 
BAT RX 0x311 [8] 02 38 08 24 08 24 01 61 
BAT RX 0x330 [8] 01 0F 01 02 0C FB 0C F9 
BAT RX 0x329 [8] 01 00 22 34 01 00 3F AD 
BAT RX 0x323 [8] 20 0E 10 00 00 00 00 00 
BAT RX 0x324 [8] 01 39 35 32 32 30 36 32 
BAT RX 0x322 [8] 00 F3 00 CE 03 01 46 46 
BAT RX 0x320 [8] 50 41 C3 85 85 00 00 00 
BAT RX 0x319 [8] C0 0C FB 0C F9 0F 02 00 
BAT RX 0x318 [8] 0C FA 0C FA 0C FA 0C F9 
BAT RX 0x317 [8] 0C FB 0C FA 0C FA 0C FA 
BAT RX 0x316 [8] 0C F9 0C F9 0C F9 0C F9 
BAT RX 0x315 [8] 0C FB 0C FA 0C FA 0C FA 
BAT RX 0x314 [8] 40 10 5B 04 00 02 05 41 
BAT RX 0x313 [8] 14 BE 00 00 00 DF 46 63 
BAT RX 0x312 [8] 00 00 00 00 02 00 00 00 
BAT RX 0x311 [8] 02 38 08 24 08 24 01 61 
BAT RX 0x330 [8] 01 0E 01 01 0C FB 0C F9 
BAT RX 0x329 [8] 02 00 19 C0 02 00 40 48 
[490s] OK V=53.10V I=+0.0A T=22.3C SOC=70% SOH=99% | CVL=56.8V CCL=208.4A DCL=208.4A | chg=1 dis=1 fc1=0 fc2=0 | prot=0000 warn=0000 | packs=2 | inv0x305=no
BAT RX 0x323 [8] 20 0E 10 00 00 00 00 00 
BAT RX 0x324 [8] 02 42 42 37 00 00 00 00 
BAT RX 0x322 [8] 00 F3 00 CE 03 01 46 46 
BAT RX 0x320 [8] 50 41 C3 85 85 00 00 00 
BAT RX 0x319 [8] C0 0C FB 0C F9 0E 01 00 
BAT RX 0x318 [8] 0C FA 0C FA 0C FA 0C F9 
BAT RX 0x317 [8] 0C FB 0C FB 0C FB 0C FA 
BAT RX 0x316 [8] 0C FA 0C F9 0C F9 0C F9 
BAT RX 0x315 [8] 0C FA 0C FA 0C FA 0C FA 
BAT RX 0x314 [8] 40 10 5B 04 00 02 05 41 
BAT RX 0x313 [8] 14 BE 00 00 00 DF 46 63 
BAT RX 0x312 [8] 00 00 00 00 02 00 00 00 
BAT RX 0x311 [8] 02 38 08 24 08 24 01 61 
BAT RX 0x330 [8] 01 0E 01 03 0C FB 0C F9 
BAT RX 0x329 [8] 01 00 22 34 01 00 3F AD 
BAT RX 0x323 [8] 20 0E 10 00 00 00 00 00 
BAT RX 0x324 [8] 00 01 47 50 4A 30 32 31 
BAT RX 0x322 [8] 00 F3 00 CE 03 01 46 46 
BAT RX 0x320 [8] 50 41 C3 85 85 00 00 00 
BAT RX 0x319 [8] C0 0C FB 0C F9 0E 03 00 
BAT RX 0x318 [8] 0C FA 0C FA 0C FA 0C F9 
BAT RX 0x317 [8] 0C FB 0C FA 0C FA 0C FA 
BAT RX 0x316 [8] 0C F9 0C F9 0C F9 0C F9 
BAT RX 0x315 [8] 0C FB 0C FA 0C FA 0C FA 
BAT RX 0x314 [8] 40 10 5B 04 00 02 05 41 
BAT RX 0x313 [8] 14 BE 00 00 00 DF 46 63 
BAT RX 0x312 [8] 00 00 00 00 02 00 00 00 
BAT RX 0x311 [8] 02 38 08 24 08 24 01 61 
BAT RX 0x330 [8] 01 07 01 01 0C FB 0C F9 
BAT RX 0x329 [8] 02 00 19 C0 02 00 40 48 
[492s] OK V=53.10V I=+0.0A T=22.3C SOC=70% SOH=99% | CVL=56.8V CCL=208.4A DCL=208.4A | chg=1 dis=1 fc1=0 fc2=0 | prot=0000 warn=0000 | packs=2 | inv0x305=no
BAT RX 0x323 [8] 20 0E 10 00 00 00 00 00 
BAT RX 0x324 [8] 01 39 35 32 32 30 36 32 
BAT RX 0x322 [8] 00 F3 00 CE 03 01 46 46 
BAT RX 0x320 [8] 50 41 C3 85 85 00 00 00 
BAT RX 0x319 [8] C0 0C FB 0C F9 07 01 00 
BAT RX 0x318 [8] 0C FA 0C FA 0C FA 0C F9 
BAT RX 0x317 [8] 0C FB 0C FA 0C FA 0C FA 
BAT RX 0x316 [8] 0C FA 0C F9 0C F9 0C F9 
BAT RX 0x315 [8] 0C FB 0C FB 0C FB 0C FA 
BAT RX 0x314 [8] 40 10 5B 04 00 02 05 41 
BAT RX 0x313 [8] 14 BE 00 00 00 DF 46 63 
BAT RX 0x312 [8] 00 00 00 00 02 00 00 00 
BAT RX 0x311 [8] 02 38 08 24 08 24 01 61 
BAT RX 0x330 [8] 01 0D 01 02 0C FB 0C F9 
BAT RX 0x329 [8] 01 00 22 34 01 00 3F AD 
BAT RX 0x323 [8] 20 0E 10 00 00 00 00 00 
BAT RX 0x324 [8] 02 43 30 37 00 00 00 00 
BAT RX 0x322 [8] 00 F3 00 CE 03 01 46 46 
BAT RX 0x320 [8] 50 41 C3 85 85 00 00 00 
BAT RX 0x319 [8] C0 0C FB 0C F9 0D 02 00 
BAT RX 0x318 [8] 0C FA 0C FA 0C F9 0C F9 
BAT RX 0x317 [8] 0C FB 0C FB 0C FA 0C FA 
BAT RX 0x316 [8] 0C F9 0C F9 0C F9 0C F9 
BAT RX 0x315 [8] 0C FB 0C FA 0C FA 0C FA 
BAT RX 0x314 [8] 40 10 5B 04 00 02 05 41 
BAT RX 0x313 [8] 14 BE 00 00 00 DF 46 63 
BAT RX 0x312 [8] 00 00 00 00 02 00 00 00 
BAT RX 0x311 [8] 02 38 08 24 08 24 01 61 
BAT RX 0x330 [8] 01 0D 01 01 0C FB 0C F9 
BAT RX 0x329 [8] 02 00 19 C0 02 00 40 48 
BAT RX 0x323 [8] 20 0E 10 00 00 00 00 00 
BAT RX 0x324 [8] 00 02 47 50 4A 30 32 31 
[494s] OK V=53.10V I=+0.0A T=22.3C SOC=70% SOH=99% | CVL=56.8V CCL=208.4A DCL=208.4A | chg=1 dis=1 fc1=0 fc2=0 | prot=0000 warn=0000 | packs=2 | inv0x305=no
BAT RX 0x322 [8] 00 F3 00 CE 03 01 46 46 
BAT RX 0x320 [8] 50 41 C3 85 85 00 00 00 
BAT RX 0x319 [8] C0 0C FB 0C F9 0D 01 00 
BAT RX 0x318 [8] 0C FA 0C FA 0C FA 0C F9 

---- battery-bus rate stats (VERBOSE_STATS) ----------------------------
  7336 frames, 495 s elapsed
  ID     count   period(ms)  (min-max gap)
  0x324     489   1004 (1-4867)
  0x329     491    997 (1-4866)
  0x330     494    991 (0-4000)
  0x312     488   1001 (1-4867)
  0x313     488   1001 (1-4867)
  0x314     488   1001 (1-4867)
  0x315     488   1001 (1-4867)
  0x316     488   1001 (1-4867)
  0x317     488   1001 (1-4867)
  0x318     489   1001 (1-4867)
  0x319     489   1001 (1-4867)
  0x320     489   1001 (1-4866)
  0x322     489   1001 (0-4867)
  0x311     488   1002 (1-4867)
  0x323     490    999 (1-4866)
--------------------------------------------------------------------------

  TWAI: state=RUNNING  tx_err=0 rx_err=0  tx_failed=0  rx_missed=111 rx_overrun=0  arb_lost=0  bus_err=0
BAT RX 0x317 [8] 0C FB 0C FB 0C FB 0C FB 
BAT RX 0x316 [8] 0C F9 0C F9 0C F9 0C F9 
BAT RX 0x315 [8] 0C FB 0C FA 0C FA 0C FA 
BAT RX 0x314 [8] 40 10 5B 04 00 02 05 41 
BAT RX 0x313 [8] 14 BE 00 00 00 DF 46 63 
BAT RX 0x312 [8] 00 00 00 00 02 00 00 00 
BAT RX 0x311 [8] 02 38 08 24 08 24 01 61 
BAT RX 0x330 [8] 01 0E 01 01 0C FB 0C F9 
BAT RX 0x329 [8] 01 00 22 34 01 00 3F AD 
BAT RX 0x323 [8] 20 0E 10 00 00 00 00 00 
BAT RX 0x324 [8] 01 39 35 32 32 30 36 32 
BAT RX 0x322 [8] 00 F3 00 CE 03 01 46 46 
BAT RX 0x320 [8] 50 41 C3 85 85 00 00 00 
BAT RX 0x319 [8] C0 0C FB 0C F9 0E 01 00 
BAT RX 0x318 [8] 0C FA 0C FA 0C FA 0C F9 
BAT RX 0x317 [8] 0C FB 0C FB 0C FB 0C FA 
BAT RX 0x316 [8] 0C FA 0C F9 0C F9 0C F9 
BAT RX 0x315 [8] 0C FA 0C FA 0C FA 0C FA 
BAT RX 0x314 [8] 40 10 5B 04 00 02 05 41 
BAT RX 0x313 [8] 14 BE 00 00 00 DF 46 63 
BAT RX 0x312 [8] 00 00 00 00 02 00 00 00 
BAT RX 0x311 [8] 02 38 08 24 08 24 01 61 
BAT RX 0x330 [8] 01 0E 01 02 0C FB 0C F9 
BAT RX 0x329 [8] 02 00 19 C0 02 00 40 48 
BAT RX 0x323 [8] 20 0E 10 00 00 00 00 00 
BAT RX 0x324 [8] 02 42 42 37 00 00 00 00 
[496s] OK V=53.10V I=+0.0A T=22.3C SOC=70% SOH=99% | CVL=56.8V CCL=208.4A DCL=208.4A | chg=1 dis=1 fc1=0 fc2=0 | prot=0000 warn=0000 | packs=2 | inv0x305=no
BAT RX 0x322 [8] 00 F3 00 CE 03 01 46 46 
BAT RX 0x320 [8] 50 41 C3 85 85 00 00 00 
BAT RX 0x319 [8] C0 0C FB 0C F9 0E 02 00 
BAT RX 0x318 [8] 0C FA 0C FA 0C FA 0C FA 
BAT RX 0x317 [8] 0C FB 0C FB 0C FB 0C FA 
BAT RX 0x316 [8] 0C F9 0C F9 0C F9 0C F9 
BAT RX 0x315 [8] 0C FB 0C FA 0C FA 0C FA 
BAT RX 0x314 [8] 40 10 5B 04 00 02 05 41 
BAT RX 0x313 [8] 14 BE 00 00 00 DF 46 63 
BAT RX 0x312 [8] 00 00 00 00 02 00 00 00 
BAT RX 0x311 [8] 02 38 08 24 08 24 01 61 
BAT RX 0x330 [8] 01 0D 01 01 0C FB 0C F9 
BAT RX 0x329 [8] 01 00 22 34 01 00 3F AD 
BAT RX 0x323 [8] 20 0E 10 00 00 00 00 00 
BAT RX 0x324 [8] 00 01 47 50 4A 30 32 31 
BAT RX 0x322 [8] 00 F3 00 CE 03 01 46 46 
BAT RX 0x320 [8] 50 41 C3 85 85 00 00 00 
BAT RX 0x319 [8] C0 0C FB 0C F9 0D 01 00 
BAT RX 0x318 [8] 0C FA 0C FA 0C F9 0C F9 
BAT RX 0x317 [8] 0C FB 0C FB 0C FB 0C FB 
BAT RX 0x316 [8] 0C F9 0C F9 0C F9 0C F9 
BAT RX 0x315 [8] 0C FB 0C FB 0C FB 0C FB 
BAT RX 0x314 [8] 40 10 5B 04 00 02 05 41 
BAT RX 0x313 [8] 14 BE 00 00 00 DF 46 63 
BAT RX 0x312 [8] 00 00 00 00 02 00 00 00 
BAT RX 0x311 [8] 02 38 08 24 08 24 01 61 
BAT RX 0x330 [8] 01 0C 01 01 0C FB 0C F9 
BAT RX 0x329 [8] 02 00 19 C0 02 00 40 48 
BAT RX 0x323 [8] 20 0E 10 00 00 00 00 00 
BAT RX 0x324 [8] 01 39 35 32 32 30 36 32 
[498s] OK V=53.10V I=+0.0A T=22.3C SOC=70% SOH=99% | CVL=56.8V CCL=208.4A DCL=208.4A | chg=1 dis=1 fc1=0 fc2=0 | prot=0000 warn=0000 | packs=2 | inv0x305=no
BAT RX 0x322 [8] 00 F3 00 CE 03 01 46 46 
BAT RX 0x320 [8] 50 41 C3 85 85 00 00 00 
BAT RX 0x319 [8] C0 0C FB 0C F9 0C 01 00 
BAT RX 0x318 [8] 0C FA 0C FA 0C FA 0C F9 
BAT RX 0x317 [8] 0C FB 0C FB 0C FA 0C FA 
BAT RX 0x316 [8] 0C F9 0C F9 0C F9 0C F9 
BAT RX 0x315 [8] 0C FB 0C FA 0C FA 0C FA 
BAT RX 0x314 [8] 40 10 5B 04 00 02 05 41 
BAT RX 0x313 [8] 14 BE 00 00 00 DF 46 63 
BAT RX 0x312 [8] 00 00 00 00 02 00 00 00 
BAT RX 0x311 [8] 02 38 08 24 08 24 01 61 
BAT RX 0x330 [8] 01 0E 01 03 0C FB 0C F9 
BAT RX 0x329 [8] 01 00 22 34 01 00 3F AD 
BAT RX 0x323 [8] 20 0E 10 00 00 00 00 00 
BAT RX 0x324 [8] 02 43 30 37 00 00 00 00 
BAT RX 0x322 [8] 00 F3 00 CE 03 01 46 46 
BAT RX 0x320 [8] 50 41 C3 85 85 00 00 00 
BAT RX 0x319 [8] C0 0C FB 0C F9 0E 03 00 
BAT RX 0x318 [8] 0C FA 0C FA 0C FA 0C F9 
BAT RX 0x317 [8] 0C FB 0C FB 0C FB 0C FB 
BAT RX 0x316 [8] 0C F9 0C F9 0C F9 0C F9 
BAT RX 0x315 [8] 0C FB 0C FB 0C FA 0C FA 
BAT RX 0x314 [8] 40 10 5B 04 00 02 05 41 
BAT RX 0x313 [8] 14 BE 00 00 00 DF 46 63 
BAT RX 0x312 [8] 00 00 00 00 02 00 00 00 
BAT RX 0x311 [8] 02 38 08 24 08 24 01 61 
BAT RX 0x330 [8] 01 0E 01 01 0C FB 0C F9 
BAT RX 0x329 [8] 02 00 19 C0 02 00 40 48 
BAT RX 0x323 [8] 20 0E 10 00 00 00 00 00 
BAT RX 0x324 [8] 00 02 47 50 4A 30 32 31 
[500s] OK V=53.10V I=+0.0A T=22.3C SOC=70% SOH=99% | CVL=56.8V CCL=208.4A DCL=208.4A | chg=1 dis=1 fc1=0 fc2=0 | prot=0000 warn=0000 | packs=2 | inv0x305=no
BAT RX 0x322 [8] 00 F3 00 CE 03 01 46 46 
BAT RX 0x320 [8] 50 41 C3 85 85 00 00 00 
BAT RX 0x319 [8] C0 0C FB 0C F9 0E 01 00 
BAT RX 0x318 [8] 0C FA 0C FA 0C FA 0C F9 
BAT RX 0x317 [8] 0C FB 0C FB 0C FA 0C FA 
BAT RX 0x316 [8] 0C FA 0C F9 0C F9 0C F9 
BAT RX 0x315 [8] 0C FB 0C FB 0C FA 0C FA 
BAT RX 0x314 [8] 40 10 5B 04 00 02 05 41 
BAT RX 0x313 [8] 14 BE 00 00 00 DF 46 63 
BAT RX 0x312 [8] 00 00 00 00 02 00 00 00 
BAT RX 0x311 [8] 02 38 08 24 08 24 01 61 
BAT RX 0x330 [8] 01 0E 01 01 0C FB 0C F9 
BAT RX 0x329 [8] 01 00 22 34 01 00 3F AD 
BAT RX 0x323 [8] 20 0E 10 00 00 00 00 00 
BAT RX 0x324 [8] 01 39 35 32 32 30 36 32 
BAT RX 0x322 [8] 00 F3 00 CE 03 01 46 46 
BAT RX 0x320 [8] 50 41 C3 85 85 00 00 00 
BAT RX 0x319 [8] C0 0C FB 0C F9 0E 01 00 
BAT RX 0x318 [8] 0C FA 0C FA 0C FA 0C FA 
BAT RX 0x317 [8] 0C FB 0C FA 0C FA 0C FA 
BAT RX 0x316 [8] 0C FA 0C F9 0C F9 0C F9 
BAT RX 0x315 [8] 0C FB 0C FB 0C FB 0C FA 
BAT RX 0x314 [8] 40 10 5B 04 00 02 05 41 
BAT RX 0x313 [8] 14 BE 00 00 00 DF 46 63 
BAT RX 0x312 [8] 00 00 00 00 02 00 00 00 
BAT RX 0x311 [8] 02 38 08 24 08 24 01 61 
BAT RX 0x330 [8] 01 07 01 03 0C FB 0C F9 
BAT RX 0x329 [8] 02 00 19 C0 02 00 40 48 
BAT RX 0x323 [8] 20 0E 10 00 00 00 00 00 
BAT RX 0x324 [8] 02 42 42 37 00 00 00 00 
[502s] OK V=53.10V I=+0.0A T=22.3C SOC=70% SOH=99% | CVL=56.8V CCL=208.4A DCL=208.4A | chg=1 dis=1 fc1=0 fc2=0 | prot=0000 warn=0000 | packs=2 | inv0x305=no
BAT RX 0x322 [8] 00 F3 00 CE 03 01 46 46 
BAT RX 0x320 [8] 50 41 C3 85 85 00 00 00 
BAT RX 0x319 [8] C0 0C FB 0C F9 07 03 00 
BAT RX 0x318 [8] 0C FA 0C FA 0C FA 0C F9 
BAT RX 0x317 [8] 0C FB 0C FB 0C FB 0C FB 
BAT RX 0x316 [8] 0C F9 0C F9 0C F9 0C F9 
BAT RX 0x315 [8] 0C FB 0C FB 0C FB 0C FB 
BAT RX 0x314 [8] 40 10 5B 04 00 02 05 41 
BAT RX 0x313 [8] 14 BE 00 00 00 DF 46 63 
BAT RX 0x312 [8] 00 00 00 00 02 00 00 00 
BAT RX 0x311 [8] 02 38 08 24 08 24 01 61 
BAT RX 0x330 [8] 01 07 01 02 0C FB 0C F9 
BAT RX 0x329 [8] 01 00 22 34 01 00 3F AD 
BAT RX 0x323 [8] 20 0E 10 00 00 00 00 00 
BAT RX 0x324 [8] 00 01 47 50 4A 30 32 31 
BAT RX 0x322 [8] 00 F3 00 CE 03 01 46 46 
BAT RX 0x320 [8] 50 41 C3 85 85 00 00 00 
BAT RX 0x319 [8] C0 0C FB 0C F9 07 02 00 
BAT RX 0x318 [8] 0C FA 0C FA 0C FA 0C F9 
BAT RX 0x317 [8] 0C FB 0C FB 0C FB 0C FB 
BAT RX 0x316 [8] 0C F9 0C F9 0C F9 0C F9 
BAT RX 0x315 [8] 0C FB 0C FB 0C FA 0C FA 
BAT RX 0x314 [8] 40 10 5B 04 00 02 05 41 
BAT RX 0x313 [8] 14 BE 00 00 00 DF 46 63 
BAT RX 0x312 [8] 00 00 00 00 02 00 00 00 
BAT RX 0x311 [8] 02 38 08 24 08 24 01 61 
BAT RX 0x330 [8] 01 0E 01 01 0C FB 0C F9 
BAT RX 0x329 [8] 02 00 19 C0 02 00 40 48 
BAT RX 0x323 [8] 20 0E 10 00 00 00 00 00 
BAT RX 0x324 [8] 01 39 35 32 32 30 36 32 
[504s] OK V=53.10V I=+0.0A T=22.3C SOC=70% SOH=99% | CVL=56.8V CCL=208.4A DCL=208.4A | chg=1 dis=1 fc1=0 fc2=0 | prot=0000 warn=0000 | packs=2 | inv0x305=no
BAT RX 0x322 [8] 00 F3 00 CE 03 01 46 46 
BAT RX 0x320 [8] 50 41 C3 85 85 00 00 00 
BAT RX 0x319 [8] C0 0C FB 0C F9 0E 01 00 
BAT RX 0x318 [8] 0C FA 0C FA 0C FA 0C FA 
BAT RX 0x317 [8] 0C FB 0C FB 0C FB 0C FA 
BAT RX 0x316 [8] 0C FA 0C F9 0C F9 0C F9 
BAT RX 0x315 [8] 0C FB 0C FB 0C FB 0C FB 
BAT RX 0x314 [8] 40 06 5B 04 00 02 05 41 
BAT RX 0x313 [8] 14 BE 00 00 00 DF 46 63 
BAT RX 0x312 [8] 00 00 00 00 02 00 00 00 
BAT RX 0x311 [8] 02 38 08 24 08 24 01 61 
BAT RX 0x330 [8] 01 0D 01 01 0C FB 0C F9 
BAT RX 0x329 [8] 01 00 22 34 01 00 3F AD 
BAT RX 0x323 [8] 20 0E 10 00 00 00 00 00 
BAT RX 0x324 [8] 02 43 30 37 00 00 00 00 
BAT RX 0x322 [8] 00 F3 00 CE 03 01 46 46 
BAT RX 0x320 [8] 50 41 C3 85 85 00 00 00 
BAT RX 0x319 [8] C0 0C FB 0C F9 0D 01 00 
BAT RX 0x318 [8] 0C FA 0C FA 0C FA 0C FA 
BAT RX 0x317 [8] 0C FB 0C FB 0C FB 0C FA 
BAT RX 0x316 [8] 0C FA 0C F9 0C F9 0C F9 
BAT RX 0x315 [8] 0C FB 0C FA 0C FA 0C FA 
BAT RX 0x314 [8] 40 06 5B 04 00 02 05 41 
BAT RX 0x313 [8] 14 BE 00 00 00 DF 46 63 
BAT RX 0x312 [8] 00 00 00 00 02 00 00 00 
BAT RX 0x311 [8] 02 38 08 24 08 24 01 61 
BAT RX 0x330 [8] 01 0E 01 02 0C FB 0C F9 
BAT RX 0x329 [8] 02 00 19 C0 02 00 40 48 
BAT RX 0x323 [8] 20 0E 10 00 00 00 00 00 
BAT RX 0x324 [8] 00 02 47 50 4A 30 32 31 
[506s] OK V=53.10V I=+0.0A T=22.3C SOC=70% SOH=99% | CVL=56.8V CCL=208.4A DCL=208.4A | chg=1 dis=1 fc1=0 fc2=0 | prot=0000 warn=0000 | packs=2 | inv0x305=no
BAT RX 0x322 [8] 00 F3 00 CE 03 01 46 46 
BAT RX 0x320 [8] 50 41 C3 85 85 00 00 00 
BAT RX 0x319 [8] C0 0C FB 0C F9 0E 02 00 
BAT RX 0x318 [8] 0C FA 0C FA 0C FA 0C F9 
BAT RX 0x317 [8] 0C FB 0C FB 0C FB 0C FB 
BAT RX 0x316 [8] 0C F9 0C F9 0C F9 0C F9 
BAT RX 0x315 [8] 0C FB 0C FB 0C FA 0C FA 
BAT RX 0x314 [8] 40 06 5B 04 00 02 05 41 
BAT RX 0x313 [8] 14 BE 00 00 00 DF 46 63 
BAT RX 0x312 [8] 00 00 00 00 02 00 00 00 
BAT RX 0x311 [8] 02 38 08 24 08 24 01 61 
BAT RX 0x330 [8] 01 0D 01 02 0C FB 0C F9 
BAT RX 0x329 [8] 01 00 22 34 01 00 3F AD 
BAT RX 0x323 [8] 20 0E 10 00 00 00 00 00 
BAT RX 0x324 [8] 01 39 35 32 32 30 36 32 
BAT RX 0x322 [8] 00 F3 00 CE 03 01 46 46 
BAT RX 0x320 [8] 50 41 C3 85 85 00 00 00 
BAT RX 0x319 [8] C0 0C FB 0C F9 0D 02 00 
BAT RX 0x318 [8] 0C FA 0C FA 0C FA 0C FA 
BAT RX 0x317 [8] 0C FB 0C FB 0C FB 0C FB 
BAT RX 0x316 [8] 0C F9 0C F9 0C F9 0C F9 
BAT RX 0x315 [8] 0C FB 0C FB 0C FB 0C FA 
BAT RX 0x314 [8] 40 06 5B 04 00 02 05 41 
BAT RX 0x313 [8] 14 BE 00 00 00 DF 46 63 
BAT RX 0x312 [8] 00 00 00 00 02 00 00 00 
BAT RX 0x311 [8] 02 38 08 24 08 24 01 61 
BAT RX 0x330 [8] 01 06 01 03 0C FB 0C F9 
BAT RX 0x329 [8] 02 00 19 C0 02 00 40 48 
BAT RX 0x323 [8] 20 0E 10 00 00 00 00 00 
BAT RX 0x324 [8] 02 42 42 37 00 00 00 00 
[508s] OK V=53.10V I=+0.0A T=22.3C SOC=70% SOH=99% | CVL=56.8V CCL=208.4A DCL=208.4A | chg=1 dis=1 fc1=0 fc2=0 | prot=0000 warn=0000 | packs=2 | inv0x305=no
BAT RX 0x322 [8] 00 F3 00 CE 03 01 46 46 
BAT RX 0x320 [8] 50 41 C3 85 85 00 00 00 
BAT RX 0x319 [8] C0 0C FB 0C F9 06 03 00 
BAT RX 0x318 [8] 0C FA 0C FA 0C FA 0C F9 
BAT RX 0x317 [8] 0C FB 0C FB 0C FB 0C FA 
BAT RX 0x316 [8] 0C F9 0C F9 0C F9 0C F9 
BAT RX 0x315 [8] 0C FB 0C FB 0C FB 0C FB 
BAT RX 0x314 [8] 40 06 5B 04 00 02 05 41 
BAT RX 0x313 [8] 14 BE 00 00 00 DF 46 63 
BAT RX 0x312 [8] 00 00 00 00 02 00 00 00 
BAT RX 0x311 [8] 02 38 08 24 08 24 01 61 
BAT RX 0x330 [8] 01 0E 01 02 0C FB 0C F9 
BAT RX 0x329 [8] 01 00 22 34 01 00 3F AD 
BAT RX 0x323 [8] 20 0E 10 00 00 00 00 00 
BAT RX 0x324 [8] 00 01 47 50 4A 30 32 31 
BAT RX 0x322 [8] 00 F3 00 CE 03 01 46 46 
BAT RX 0x320 [8] 50 41 C3 85 85 00 00 00 
BAT RX 0x319 [8] C0 0C FB 0C F9 0E 02 00 
BAT RX 0x318 [8] 0C FA 0C FA 0C F9 0C F9 
BAT RX 0x317 [8] 0C FB 0C FB 0C FB 0C FB 

---- battery-bus rate stats (VERBOSE_STATS) ----------------------------
  7562 frames, 510 s elapsed
  ID     count   period(ms)  (min-max gap)
  0x324     504   1004 (1-4867)
  0x329     506    997 (1-4866)
  0x330     509    991 (0-4000)
  0x312     503   1001 (1-4867)
  0x313     503   1001 (1-4867)
  0x314     503   1001 (1-4867)
  0x315     503   1001 (1-4867)
  0x316     503   1001 (1-4867)
  0x317     504   1001 (1-4867)
  0x318     504   1001 (1-4867)
  0x319     504   1001 (1-4867)
  0x320     504   1001 (1-4866)
  0x322     504   1001 (0-4867)
  0x311     503   1001 (1-4867)
  0x323     505    999 (1-4866)
--------------------------------------------------------------------------

  TWAI: state=RUNNING  tx_err=0 rx_err=0  tx_failed=0  rx_missed=111 rx_overrun=0  arb_lost=0  bus_err=0
BAT RX 0x316 [8] 0C FA 0C F9 0C F9 0C F9 
BAT RX 0x315 [8] 0C FB 0C FB 0C FB 0C FA 
BAT RX 0x314 [8] 40 06 5B 04 00 02 05 41 
BAT RX 0x313 [8] 14 BE 00 00 00 DF 46 63 
BAT RX 0x312 [8] 00 00 00 00 02 00 00 00 
BAT RX 0x311 [8] 02 38 08 24 08 24 01 61 
BAT RX 0x330 [8] 01 07 01 03 0C FB 0C F9 
BAT RX 0x329 [8] 02 00 19 C0 02 00 40 48 
BAT RX 0x323 [8] 20 0E 10 00 00 00 00 00 
BAT RX 0x324 [8] 01 39 35 32 32 30 36 32 
[510s] OK V=53.10V I=+0.0A T=22.3C SOC=70% SOH=99% | CVL=56.8V CCL=208.4A DCL=208.4A | chg=1 dis=1 fc1=0 fc2=0 | prot=0000 warn=0000 | packs=2 | inv0x305=no
BAT RX 0x322 [8] 00 F3 00 CE 03 01 46 46 
BAT RX 0x320 [8] 50 41 C3 85 85 00 00 00 
BAT RX 0x319 [8] C0 0C FB 0C F9 07 03 00 
BAT RX 0x318 [8] 0C FA 0C FA 0C F9 0C F9 
BAT RX 0x317 [8] 0C FB 0C FB 0C FB 0C FB 
BAT RX 0x316 [8] 0C F9 0C F9 0C F9 0C F9 
BAT RX 0x315 [8] 0C FB 0C FA 0C FA 0C FA 
BAT RX 0x314 [8] 40 06 5B 04 00 02 05 41 
BAT RX 0x313 [8] 14 BE 00 00 00 DF 46 63 
BAT RX 0x312 [8] 00 00 00 00 02 00 00 00 
BAT RX 0x311 [8] 02 38 08 24 08 24 01 61 
BAT RX 0x330 [8] 01 07 01 03 0C FB 0C F9 
BAT RX 0x329 [8] 01 00 22 34 01 00 3F AD 
BAT RX 0x323 [8] 20 0E 10 00 00 00 00 00 
BAT RX 0x324 [8] 02 43 30 37 00 00 00 00 
BAT RX 0x322 [8] 00 F3 00 CE 03 01 46 46 
BAT RX 0x320 [8] 50 41 C3 85 85 00 00 00 
BAT RX 0x319 [8] C0 0C FB 0C F9 07 03 00 
BAT RX 0x318 [8] 0C FA 0C FA 0C FA 0C FA 
BAT RX 0x317 [8] 0C FB 0C FB 0C FB 0C FB 
BAT RX 0x316 [8] 0C FA 0C FA 0C F9 0C F9 
BAT RX 0x315 [8] 0C FB 0C FB 0C FB 0C FA 
BAT RX 0x314 [8] 40 06 5B 04 00 02 05 41 
BAT RX 0x313 [8] 14 BE 00 00 00 DF 46 63 
BAT RX 0x312 [8] 00 00 00 00 02 00 00 00 
BAT RX 0x311 [8] 02 38 08 24 08 24 01 61 
BAT RX 0x330 [8] 01 07 01 03 0C FB 0C F9 
BAT RX 0x329 [8] 02 00 19 C0 02 00 40 48 
BAT RX 0x323 [8] 20 0E 10 00 00 00 00 00 
BAT RX 0x324 [8] 00 02 47 50 4A 30 32 31 
BAT RX 0x322 [8] 00 F3 00 CE 03 01 46 46 
[512s] OK V=53.10V I=+0.0A T=22.3C SOC=70% SOH=99% | CVL=56.8V CCL=208.4A DCL=208.4A | chg=1 dis=1 fc1=0 fc2=0 | prot=0000 warn=0000 | packs=2 | inv0x305=no
BAT RX 0x320 [8] 50 41 C3 85 85 00 00 00 
BAT RX 0x319 [8] C0 0C FB 0C F9 07 03 00 
BAT RX 0x318 [8] 0C FA 0C FA 0C FA 0C FA 
BAT RX 0x317 [8] 0C FB 0C FB 0C FB 0C FB 
BAT RX 0x316 [8] 0C F9 0C F9 0C F9 0C F9 
BAT RX 0x315 [8] 0C FB 0C FB 0C FB 0C FA 
BAT RX 0x314 [8] 40 06 5B 04 00 02 05 41 
BAT RX 0x313 [8] 14 BE 00 00 00 DF 46 63 
BAT RX 0x312 [8] 00 00 00 00 02 00 00 00 
BAT RX 0x311 [8] 02 38 08 24 08 24 01 61 
BAT RX 0x330 [8] 01 09 01 03 0C FB 0C F9 
BAT RX 0x329 [8] 01 00 22 34 01 00 3F AD 
BAT RX 0x323 [8] 20 0E 10 00 00 00 00 00 
BAT RX 0x324 [8] 01 39 35 32 32 30 36 32 
BAT RX 0x322 [8] 00 F3 00 CE 03 01 46 46 
BAT RX 0x320 [8] 50 41 C3 85 85 00 00 00 
BAT RX 0x319 [8] C0 0C FB 0C F9 09 03 00 
BAT RX 0x318 [8] 0C FA 0C FA 0C FA 0C F9 
BAT RX 0x317 [8] 0C FB 0C FB 0C FB 0C FB 
BAT RX 0x316 [8] 0C F9 0C F9 0C F9 0C F9 
BAT RX 0x315 [8] 0C FB 0C FB 0C FB 0C FA 
BAT RX 0x314 [8] 40 06 5B 04 00 02 05 41 
BAT RX 0x313 [8] 14 BE 00 00 00 DF 46 63 
BAT RX 0x312 [8] 00 00 00 00 02 00 00 00 
BAT RX 0x311 [8] 02 38 08 24 08 24 01 61 
BAT RX 0x330 [8] 01 0D 01 01 0C FB 0C F9 
BAT RX 0x329 [8] 02 00 19 C0 02 00 40 48 
BAT RX 0x323 [8] 20 0E 10 00 00 00 00 00 
BAT RX 0x324 [8] 02 42 42 37 00 00 00 00 
BAT RX 0x322 [8] 00 F3 00 CE 03 01 46 46 
[514s] OK V=53.10V I=+0.0A T=22.3C SOC=70% SOH=99% | CVL=56.8V CCL=208.4A DCL=208.4A | chg=1 dis=1 fc1=0 fc2=0 | prot=0000 warn=0000 | packs=2 | inv0x305=no
BAT RX 0x320 [8] 50 41 C3 85 85 00 00 00 
BAT RX 0x319 [8] C0 0C FB 0C F9 0D 01 00 
BAT RX 0x318 [8] 0C FA 0C FA 0C FA 0C F9 
BAT RX 0x317 [8] 0C FB 0C FB 0C FB 0C FB 
BAT RX 0x316 [8] 0C FA 0C FA 0C F9 0C F9 
BAT RX 0x315 [8] 0C FB 0C FB 0C FA 0C FA 
BAT RX 0x314 [8] 40 06 5B 04 00 02 05 41 
BAT RX 0x313 [8] 14 BE 00 00 00 DF 46 63 
BAT RX 0x312 [8] 00 00 00 00 02 00 00 00 
BAT RX 0x311 [8] 02 38 08 24 08 24 01 61 
BAT RX 0x330 [8] 01 0E 01 03 0C FB 0C F9 
BAT RX 0x329 [8] 01 00 22 34 01 00 3F AD 
BAT RX 0x323 [8] 20 0E 10 00 00 00 00 00 
BAT RX 0x324 [8] 00 01 47 50 4A 30 32 31 
BAT RX 0x322 [8] 00 F3 00 CE 03 01 46 46 
BAT RX 0x320 [8] 50 41 C3 85 85 00 00 00 
BAT RX 0x319 [8] C0 0C FB 0C F9 0E 03 00 
BAT RX 0x318 [8] 0C FA 0C FA 0C FA 0C F9 
BAT RX 0x317 [8] 0C FB 0C FB 0C FB 0C FB 
BAT RX 0x316 [8] 0C FA 0C FA 0C F9 0C F9 
BAT RX 0x315 [8] 0C FB 0C FB 0C FA 0C FA 
BAT RX 0x314 [8] 40 06 5B 04 00 02 05 41 
BAT RX 0x313 [8] 14 BE 00 00 00 DF 46 63 
BAT RX 0x312 [8] 00 00 00 00 02 00 00 00 
BAT RX 0x311 [8] 02 38 08 24 08 24 01 61 
BAT RX 0x330 [8] 01 0E 01 03 0C FB 0C F9 
BAT RX 0x329 [8] 02 00 19 C0 02 00 40 48 
BAT RX 0x323 [8] 20 0E 10 00 04 00 00 00 
BAT RX 0x324 [8] 01 39 35 32 32 30 36 32 
BAT RX 0x322 [8] 00 F3 00 CE 03 01 46 46 
[516s] OK V=53.10V I=+0.0A T=22.3C SOC=70% SOH=99% | CVL=56.8V CCL=208.4A DCL=208.4A | chg=1 dis=1 fc1=0 fc2=0 | prot=0000 warn=0000 | packs=2 | inv0x305=no
BAT RX 0x320 [8] 50 41 C3 85 85 00 00 00 
BAT RX 0x319 [8] C0 0C FB 0C F9 0E 03 01 
BAT RX 0x318 [8] 0C FA 0C FA 0C FA 0C FA 
BAT RX 0x317 [8] 0C FB 0C FB 0C FB 0C FB 
BAT RX 0x316 [8] 0C FA 0C F9 0C F9 0C F9 
BAT RX 0x315 [8] 0C FB 0C FB 0C FB 0C FA 
BAT RX 0x314 [8] 40 06 5B 04 00 02 05 41 
BAT RX 0x313 [8] 14 BE 00 00 00 DF 46 63 
BAT RX 0x312 [8] 00 00 00 00 02 00 00 00 
BAT RX 0x311 [8] 02 38 01 00 01 00 01 61 
BAT RX 0x330 [8] 01 0C 01 01 0C FB 0C F9 
BAT RX 0x329 [8] 01 00 22 34 01 00 3F AD 
BAT RX 0x323 [8] 20 0E 10 00 04 00 00 00 
BAT RX 0x324 [8] 02 43 30 37 00 00 00 00 
BAT RX 0x322 [8] 00 F3 00 CE 03 01 46 46 
BAT RX 0x320 [8] 50 41 C3 85 85 00 00 00 
BAT RX 0x319 [8] 00 0C FB 0C F9 0C 01 01 
BAT RX 0x318 [8] 0C FA 0C FA 0C FA 0C FA 
BAT RX 0x317 [8] 0C FB 0C FB 0C FB 0C FB 
BAT RX 0x316 [8] 0C FA 0C FA 0C F9 0C F9 
BAT RX 0x315 [8] 0C FB 0C FB 0C FB 0C FB 
BAT RX 0x314 [8] 40 06 5B 04 00 02 05 41 
BAT RX 0x313 [8] 14 BE 00 00 00 DF 46 63 
BAT RX 0x312 [8] 00 00 00 00 02 00 00 00 
BAT RX 0x311 [8] 02 38 00 00 00 00 01 00 
BAT RX 0x330 [8] 01 0E 01 01 0C FB 0C F9 
BAT RX 0x329 [8] 02 00 19 C0 02 00 40 48 
BAT RX 0x323 [8] 20 0E 10 00 04 00 00 00 
BAT RX 0x324 [8] 00 02 47 50 4A 30 32 31 
BAT RX 0x322 [8] 00 F3 00 CE 03 01 46 46 
[518s] OK V=53.10V I=+0.0A T=22.3C SOC=70% SOH=99% | CVL=56.8V CCL=0.0A DCL=0.0A | chg=0 dis=0 fc1=0 fc2=0 | prot=0000 warn=0000 | packs=2 | inv0x305=no
BAT RX 0x320 [8] 50 41 C3 85 85 00 00 00 
BAT RX 0x319 [8] 00 0C FB 0C F9 0E 01 01 
BAT RX 0x318 [8] 0C FA 0C FA 0C FA 0C FA 
BAT RX 0x317 [8] 0C FB 0C FB 0C FB 0C FB 
BAT RX 0x316 [8] 0C FA 0C FA 0C F9 0C F9 
BAT RX 0x315 [8] 0C FB 0C FB 0C FB 0C FB 
BAT RX 0x314 [8] 40 06 5B 04 00 02 05 41 
BAT RX 0x313 [8] 14 BE 00 00 00 DF 46 63 
BAT RX 0x312 [8] 00 00 00 00 02 00 00 00 
BAT RX 0x311 [8] 02 38 00 00 00 00 01 00 
BAT RX 0x330 [8] 01 07 01 01 0C FB 0C F9 
BAT RX 0x329 [8] 01 00 22 34 01 00 3F AD 
BAT RX 0x323 [8] 20 0E 10 00 04 00 00 00 
BAT RX 0x324 [8] 01 39 35 32 32 30 36 32 
BAT RX 0x322 [8] 00 F3 00 CE 03 01 46 46 
BAT RX 0x320 [8] 50 41 C3 85 85 00 00 00 
BAT RX 0x319 [8] 00 0C FB 0C F9 07 01 01 
BAT RX 0x318 [8] 0C FA 0C FA 0C FA 0C FA 
BAT RX 0x317 [8] 0C FB 0C FB 0C FB 0C FB 
BAT RX 0x316 [8] 0C FA 0C FA 0C F9 0C F9 
BAT RX 0x315 [8] 0C FB 0C FB 0C FA 0C FA 
BAT RX 0x314 [8] 40 06 5B 04 00 02 05 41 
BAT RX 0x313 [8] 14 BE 00 00 00 DF 46 63 
BAT RX 0x312 [8] 00 00 00 00 02 00 00 00 
BAT RX 0x311 [8] 02 38 00 00 00 00 01 00 
BAT RX 0x330 [8] 01 0C 01 04 0C FB 0C F9 
BAT RX 0x329 [8] 02 00 19 C0 02 00 40 48 
BAT RX 0x323 [8] 20 0E 10 00 04 00 00 00 
BAT RX 0x324 [8] 02 42 42 37 00 00 00 00 
BAT RX 0x322 [8] 00 F3 00 CE 03 01 46 46 
BAT RX 0x320 [8] 50 41 C3 85 85 00 00 00 
[520s] OK V=53.10V I=+0.0A T=22.3C SOC=70% SOH=99% | CVL=56.8V CCL=0.0A DCL=0.0A | chg=0 dis=0 fc1=0 fc2=0 | prot=0000 warn=0000 | packs=2 | inv0x305=no
BAT RX 0x319 [8] 00 0C FB 0C F9 0C 04 01 
BAT RX 0x318 [8] 0C FA 0C FA 0C FA 0C FA 
BAT RX 0x317 [8] 0C FB 0C FB 0C FB 0C FB 
BAT RX 0x316 [8] 0C F9 0C F9 0C F9 0C F9 
BAT RX 0x315 [8] 0C FB 0C FB 0C FB 0C FA 
BAT RX 0x314 [8] 40 06 5B 04 00 02 05 41 
BAT RX 0x313 [8] 14 BE 00 00 00 DF 46 63 
BAT RX 0x312 [8] 00 00 00 00 02 00 00 00 
BAT RX 0x311 [8] 02 38 00 00 00 00 01 00 
BAT RX 0x330 [8] 01 0D 01 01 0C FB 0C F9 
BAT RX 0x329 [8] 01 00 22 34 01 00 3F AD 
BAT RX 0x323 [8] 20 0E 10 00 04 00 00 00 
BAT RX 0x324 [8] 00 01 47 50 4A 30 32 31 
BAT RX 0x322 [8] 00 F3 00 CE 03 01 46 46 
BAT RX 0x320 [8] 50 41 C3 85 85 00 00 00 
BAT RX 0x319 [8] 00 0C FB 0C F9 0D 01 01 
BAT RX 0x318 [8] 0C FA 0C FA 0C FA 0C FA 
BAT RX 0x317 [8] 0C FB 0C FB 0C FB 0C FB 
BAT RX 0x316 [8] 0C FA 0C FA 0C F9 0C F9 
BAT RX 0x315 [8] 0C FB 0C FB 0C FB 0C FA 
BAT RX 0x314 [8] 40 06 5B 04 00 02 05 41 
BAT RX 0x313 [8] 14 BE 00 03 00 DF 46 63 
BAT RX 0x312 [8] 00 00 00 00 02 00 00 00 
BAT RX 0x311 [8] 02 38 00 00 00 00 01 00 
BAT RX 0x330 [8] 01 09 01 02 0C FB 0C F9 
BAT RX 0x329 [8] 02 00 19 C0 02 00 40 48 
BAT RX 0x323 [8] 20 0E 10 00 04 00 00 00 
BAT RX 0x324 [8] 01 39 35 32 32 30 36 32 
BAT RX 0x322 [8] 00 F3 00 CE 03 01 46 46 
BAT RX 0x320 [8] 50 41 C3 85 85 00 00 00 
[522s] OK V=53.10V I=+0.3A T=22.3C SOC=70% SOH=99% | CVL=56.8V CCL=0.0A DCL=0.0A | chg=0 dis=0 fc1=0 fc2=0 | prot=0000 warn=0000 | packs=2 | inv0x305=no
BAT RX 0x319 [8] 00 0C FB 0C F9 09 02 01 
BAT RX 0x318 [8] 0C FA 0C FA 0C FA 0C FA 
BAT RX 0x317 [8] 0C FB 0C FB 0C FB 0C FB 
BAT RX 0x316 [8] 0C FA 0C FA 0C FA 0C F9 
BAT RX 0x315 [8] 0C FB 0C FB 0C FB 0C FB 
BAT RX 0x314 [8] 40 06 5B 04 00 02 05 41 
BAT RX 0x313 [8] 14 BE 00 00 00 DF 46 63 
BAT RX 0x312 [8] 00 00 00 00 02 00 00 00 
BAT RX 0x311 [8] 02 38 00 00 00 00 01 00 
BAT RX 0x330 [8] 01 07 01 01 0C FB 0C FA 
BAT RX 0x329 [8] 01 00 22 34 01 00 3F AD 
BAT RX 0x323 [8] 20 0E 10 00 04 00 00 00 
BAT RX 0x324 [8] 02 43 30 37 00 00 00 00 
BAT RX 0x322 [8] 00 F3 00 CE 03 01 46 46 
BAT RX 0x320 [8] 50 41 C3 85 85 00 00 00 
BAT RX 0x319 [8] 00 0C FB 0C FA 07 01 01 
BAT RX 0x318 [8] 0C FA 0C FA 0C FA 0C FA 
BAT RX 0x317 [8] 0C FB 0C FB 0C FB 0C FB 
BAT RX 0x316 [8] 0C FA 0C FA 0C F9 0C F9 
BAT RX 0x315 [8] 0C FB 0C FB 0C FB 0C FB 
BAT RX 0x314 [8] 40 06 5B 04 00 02 05 41 
BAT RX 0x313 [8] 14 BE 00 03 00 DF 46 63 
BAT RX 0x312 [8] 00 00 00 00 02 00 00 00 
BAT RX 0x311 [8] 02 38 00 00 00 00 01 00 
BAT RX 0x330 [8] 02 0D 01 01 0C FC 0C F9 
BAT RX 0x329 [8] 02 00 19 C0 02 00 40 48 
BAT RX 0x323 [8] 20 0E 10 00 04 00 00 00 
BAT RX 0x324 [8] 00 02 47 50 4A 30 32 31 
BAT RX 0x322 [8] 00 F3 00 CE 03 01 46 46 
BAT RX 0x320 [8] 50 41 C3 85 85 00 00 00 
[524s] OK V=53.10V I=+0.3A T=22.3C SOC=70% SOH=99% | CVL=56.8V CCL=0.0A DCL=0.0A | chg=0 dis=0 fc1=0 fc2=0 | prot=0000 warn=0000 | packs=2 | inv0x305=no
BAT RX 0x319 [8] 00 0C FC 0C F9 1D 01 01 
BAT RX 0x318 [8] 0C FA 0C FA 0C FA 0C FA 
BAT RX 0x317 [8] 0C FC 0C FB 0C FB 0C FB 
BAT RX 0x316 [8] 0C FA 0C FA 0C F9 0C F9 
BAT RX 0x315 [8] 0C FB 0C FB 0C FB 0C FB 

---- battery-bus rate stats (VERBOSE_STATS) ----------------------------
  7789 frames, 525 s elapsed
  ID     count   period(ms)  (min-max gap)
  0x324     519   1004 (1-4867)
  0x329     521    997 (1-4866)
  0x330     524    992 (0-4000)
  0x312     518   1001 (1-4867)
  0x313     518   1001 (1-4867)
  0x314     518   1001 (1-4867)
  0x315     519   1001 (1-4867)
  0x316     519   1001 (1-4867)
  0x317     519   1001 (1-4867)
  0x318     519   1001 (1-4867)
  0x319     519   1001 (1-4867)
  0x320     519   1001 (1-4866)
  0x322     519   1001 (0-4867)
  0x311     518   1001 (1-4867)
  0x323     520    999 (1-4866)
--------------------------------------------------------------------------

  TWAI: state=RUNNING  tx_err=0 rx_err=0  tx_failed=0  rx_missed=111 rx_overrun=0  arb_lost=0  bus_err=0
BAT RX 0x314 [8] 40 06 5B 04 00 02 05 41 
BAT RX 0x313 [8] 14 BE 00 00 00 DF 46 63 
BAT RX 0x312 [8] 00 00 00 00 02 00 00 00 
BAT RX 0x311 [8] 02 38 00 00 00 00 01 00 
BAT RX 0x330 [8] 01 07 01 03 0C FB 0C F9 
BAT RX 0x329 [8] 01 00 22 34 01 00 3F AD 
BAT RX 0x323 [8] 20 0E 10 00 04 00 00 00 
BAT RX 0x324 [8] 01 39 35 32 32 30 36 32 
BAT RX 0x322 [8] 00 F3 00 CE 03 01 46 46 
BAT RX 0x320 [8] 50 41 C3 85 85 00 00 00 
BAT RX 0x319 [8] 00 0C FB 0C F9 07 03 01 
BAT RX 0x318 [8] 0C FA 0C FA 0C FA 0C FA 
BAT RX 0x317 [8] 0C FB 0C FB 0C FB 0C FB 
BAT RX 0x316 [8] 0C FA 0C FA 0C FA 0C F9 
BAT RX 0x315 [8] 0C FB 0C FB 0C FB 0C FA 
BAT RX 0x314 [8] 40 06 5B 04 00 02 05 41 
BAT RX 0x313 [8] 14 BE 00 00 00 DF 46 63 
BAT RX 0x312 [8] 00 00 00 00 02 00 00 00 
BAT RX 0x311 [8] 02 38 00 00 00 00 01 00 
BAT RX 0x330 [8] 01 0D 01 03 0C FB 0C F9 
BAT RX 0x329 [8] 02 00 19 C0 02 00 40 48 
BAT RX 0x323 [8] 20 0E 10 00 04 00 00 00 
BAT RX 0x324 [8] 02 42 42 37 00 00 00 00 
BAT RX 0x322 [8] 00 F3 00 CE 03 01 46 46 
BAT RX 0x320 [8] 50 41 C3 85 85 00 00 00 
[526s] OK V=53.10V I=+0.0A T=22.3C SOC=70% SOH=99% | CVL=56.8V CCL=0.0A DCL=0.0A | chg=0 dis=0 fc1=0 fc2=0 | prot=0000 warn=0000 | packs=2 | inv0x305=no
BAT RX 0x319 [8] 00 0C FB 0C F9 0D 03 01 
BAT RX 0x318 [8] 0C FA 0C FA 0C FA 0C FA 
BAT RX 0x317 [8] 0C FB 0C FB 0C FB 0C FB 
BAT RX 0x316 [8] 0C FA 0C FA 0C FA 0C FA 
BAT RX 0x315 [8] 0C FB 0C FB 0C FB 0C FB 
BAT RX 0x314 [8] 40 06 5B 04 00 01 05 41 
BAT RX 0x313 [8] 14 BE 00 00 00 DF 46 63 
BAT RX 0x312 [8] 00 00 00 00 02 00 00 00 
BAT RX 0x311 [8] 02 38 00 00 00 00 01 00 
BAT RX 0x330 [8] 02 0D 01 03 0C FC 0C F9 
BAT RX 0x329 [8] 01 00 22 34 01 00 3F AD 
BAT RX 0x323 [8] 20 0E 10 00 04 00 00 00 
BAT RX 0x324 [8] 00 01 47 50 4A 30 32 31 
BAT RX 0x322 [8] 00 F3 00 CE 03 01 46 46 
BAT RX 0x320 [8] 50 41 C3 85 85 00 00 00 
BAT RX 0x319 [8] 00 0C FC 0C F9 1D 03 01 
BAT RX 0x318 [8] 0C FA 0C FA 0C FA 0C FA 
BAT RX 0x317 [8] 0C FC 0C FB 0C FB 0C FB 
BAT RX 0x316 [8] 0C F9 0C F9 0C F9 0C F9 
BAT RX 0x315 [8] 0C FB 0C FB 0C FB 0C FB 
BAT RX 0x314 [8] 40 06 5B 04 00 02 05 41 
BAT RX 0x313 [8] 14 BE 00 00 00 DF 46 63 
BAT RX 0x312 [8] 00 00 00 00 02 00 00 00 
BAT RX 0x311 [8] 02 38 00 00 00 00 01 00 
BAT RX 0x330 [8] 01 0C 01 01 0C FB 0C FA 
BAT RX 0x329 [8] 02 00 19 C0 02 00 40 48 
BAT RX 0x323 [8] 20 0E 10 00 04 00 00 00 
BAT RX 0x324 [8] 01 39 35 32 32 30 36 32 
BAT RX 0x322 [8] 00 F3 00 CE 03 01 46 46 
BAT RX 0x320 [8] 50 41 C3 85 85 00 00 00 
[528s] OK V=53.10V I=+0.0A T=22.3C SOC=70% SOH=99% | CVL=56.8V CCL=0.0A DCL=0.0A | chg=0 dis=0 fc1=0 fc2=0 | prot=0000 warn=0000 | packs=2 | inv0x305=no
BAT RX 0x319 [8] 00 0C FB 0C FA 0C 01 01 
BAT RX 0x318 [8] 0C FA 0C FA 0C FA 0C FA 
BAT RX 0x317 [8] 0C FB 0C FB 0C FB 0C FB 
BAT RX 0x316 [8] 0C FA 0C FA 0C FA 0C F9 
BAT RX 0x315 [8] 0C FB 0C FB 0C FB 0C FA 
BAT RX 0x314 [8] 40 06 5B 04 00 02 05 41 
BAT RX 0x313 [8] 14 BE 00 00 00 DF 46 63 
BAT RX 0x312 [8] 00 00 00 00 02 00 00 00 
BAT RX 0x311 [8] 02 38 00 00 00 00 01 00 
BAT RX 0x330 [8] 01 0D 01 01 0C FB 0C FA 
BAT RX 0x329 [8] 01 00 22 34 01 00 3F AD 
BAT RX 0x323 [8] 20 0E 10 00 04 00 00 00 
BAT RX 0x324 [8] 02 43 30 37 00 00 00 00 
BAT RX 0x322 [8] 00 F3 00 CE 03 01 46 46 
BAT RX 0x320 [8] 50 41 C3 85 85 00 00 00 
BAT RX 0x319 [8] 00 0C FB 0C FA 0D 01 01 
BAT RX 0x318 [8] 0C FA 0C FA 0C FA 0C FA 
BAT RX 0x317 [8] 0C FB 0C FB 0C FB 0C FB 
BAT RX 0x316 [8] 0C FA 0C FA 0C F9 0C F9 
BAT RX 0x315 [8] 0C FB 0C FB 0C FB 0C FB 
BAT RX 0x314 [8] 40 06 5B 04 00 02 05 41 
BAT RX 0x313 [8] 14 BE 00 00 00 DF 46 63 
BAT RX 0x312 [8] 00 00 00 00 02 00 00 00 
BAT RX 0x311 [8] 02 38 00 00 00 00 01 00 
BAT RX 0x330 [8] 02 0D 01 01 0C FC 0C F9 
BAT RX 0x329 [8] 02 00 19 C0 02 00 40 48 
BAT RX 0x323 [8] 20 0E 10 00 04 00 00 00 
BAT RX 0x324 [8] 00 02 47 50 4A 30 32 31 
BAT RX 0x322 [8] 00 F3 00 CE 03 01 46 46 
BAT RX 0x320 [8] 50 41 C3 85 85 00 00 00 
BAT RX 0x319 [8] 00 0C FC 0C F9 1D 01 01 
[530s] OK V=53.10V I=+0.0A T=22.3C SOC=70% SOH=99% | CVL=56.8V CCL=0.0A DCL=0.0A | chg=0 dis=0 fc1=0 fc2=0 | prot=0000 warn=0000 | packs=2 | inv0x305=no
BAT RX 0x318 [8] 0C FA 0C FA 0C FA 0C F9 
BAT RX 0x317 [8] 0C FC 0C FB 0C FB 0C FB 
BAT RX 0x316 [8] 0C FA 0C FA 0C FA 0C F9 
BAT RX 0x315 [8] 0C FB 0C FB 0C FB 0C FB 
BAT RX 0x314 [8] 40 06 5B 04 00 03 05 41 
BAT RX 0x313 [8] 14 BE 00 00 00 DF 46 63 
BAT RX 0x312 [8] 00 00 00 00 02 00 00 00 
BAT RX 0x311 [8] 02 38 00 00 00 00 01 00 
BAT RX 0x330 [8] 02 0D 01 03 0C FC 0C F9 
BAT RX 0x329 [8] 01 00 22 34 01 00 3F AD 
BAT RX 0x323 [8] 20 0E 10 00 04 00 00 00 
BAT RX 0x324 [8] 01 39 35 32 32 30 36 32 
BAT RX 0x322 [8] 00 F3 00 CE 03 01 46 46 
BAT RX 0x320 [8] 50 41 C3 85 85 00 00 00 
BAT RX 0x319 [8] 00 0C FC 0C F9 1D 03 01 
BAT RX 0x318 [8] 0C FA 0C FA 0C FA 0C FA 
BAT RX 0x317 [8] 0C FC 0C FB 0C FB 0C FB 
BAT RX 0x316 [8] 0C FA 0C FA 0C FA 0C F9 
BAT RX 0x315 [8] 0C FB 0C FB 0C FB 0C FA 
BAT RX 0x314 [8] 40 06 5B 04 00 02 05 41 
BAT RX 0x313 [8] 14 BE 00 00 00 DF 46 63 
BAT RX 0x312 [8] 00 00 00 00 02 00 00 00 
BAT RX 0x311 [8] 02 38 00 00 00 00 01 00 
BAT RX 0x330 [8] 02 0D 01 02 0C FC 0C F9 
BAT RX 0x329 [8] 02 00 19 C0 02 00 40 48 
BAT RX 0x323 [8] 20 0E 10 00 04 00 00 00 
BAT RX 0x324 [8] 02 42 42 37 00 00 00 00 
BAT RX 0x322 [8] 00 F3 00 CE 03 01 46 46 
BAT RX 0x320 [8] 50 41 C3 85 85 00 00 00 
BAT RX 0x319 [8] 00 0C FC 0C F9 1D 02 01 
[532s] OK V=53.10V I=+0.0A T=22.3C SOC=70% SOH=99% | CVL=56.8V CCL=0.0A DCL=0.0A | chg=0 dis=0 fc1=0 fc2=0 | prot=0000 warn=0000 | packs=2 | inv0x305=no
BAT RX 0x318 [8] 0C FA 0C FA 0C FA 0C FA 
BAT RX 0x317 [8] 0C FC 0C FB 0C FB 0C FB 
BAT RX 0x316 [8] 0C FA 0C FA 0C F9 0C F9 
BAT RX 0x315 [8] 0C FB 0C FB 0C FB 0C FB 
BAT RX 0x314 [8] 40 06 5B 04 00 02 05 41 
BAT RX 0x313 [8] 14 BE 00 00 00 DF 46 63 
BAT RX 0x312 [8] 00 00 00 00 02 00 00 00 
BAT RX 0x311 [8] 02 38 00 00 00 00 01 00 
BAT RX 0x330 [8] 02 0D 01 01 0C FC 0C F9 
BAT RX 0x329 [8] 01 00 22 34 01 00 3F AD 
BAT RX 0x323 [8] 20 0E 10 00 04 00 00 00 
BAT RX 0x324 [8] 00 01 47 50 4A 30 32 31 
BAT RX 0x322 [8] 00 F3 00 CE 03 01 46 46 
BAT RX 0x320 [8] 50 41 C3 85 85 00 00 00 
BAT RX 0x319 [8] 00 0C FC 0C F9 1D 01 01 
BAT RX 0x318 [8] 0C FA 0C FA 0C FA 0C FA 
BAT RX 0x317 [8] 0C FC 0C FB 0C FB 0C FB 
BAT RX 0x316 [8] 0C FA 0C FA 0C F9 0C F9 
BAT RX 0x315 [8] 0C FB 0C FB 0C FB 0C FB 
BAT RX 0x314 [8] 40 06 5B 04 00 02 05 41 
BAT RX 0x313 [8] 14 BE 00 00 00 DF 46 63 
BAT RX 0x312 [8] 00 00 00 00 02 00 00 00 
BAT RX 0x311 [8] 02 38 00 00 00 00 01 00 
BAT RX 0x330 [8] 01 0B 01 03 0C FB 0C F9 
BAT RX 0x329 [8] 02 00 19 C0 02 00 40 48 
BAT RX 0x323 [8] 20 0E 10 00 04 00 00 00 
BAT RX 0x324 [8] 01 39 35 32 32 30 36 32 
BAT RX 0x322 [8] 00 F3 00 CE 03 01 46 46 
BAT RX 0x320 [8] 50 41 C3 85 85 00 00 00 
BAT RX 0x319 [8] 00 0C FB 0C F9 0B 03 01 
[534s] OK V=53.10V I=+0.0A T=22.3C SOC=70% SOH=99% | CVL=56.8V CCL=0.0A DCL=0.0A | chg=0 dis=0 fc1=0 fc2=0 | prot=0000 warn=0000 | packs=2 | inv0x305=no
BAT RX 0x318 [8] 0C FA 0C FA 0C FA 0C FA 
BAT RX 0x317 [8] 0C FB 0C FB 0C FB 0C FB 
BAT RX 0x316 [8] 0C FA 0C FA 0C FA 0C F9 
BAT RX 0x315 [8] 0C FB 0C FB 0C FB 0C FB 
BAT RX 0x314 [8] 40 06 5B 04 00 02 05 41 
BAT RX 0x313 [8] 14 BE 00 00 00 DF 46 63 
BAT RX 0x312 [8] 00 00 00 00 02 00 00 00 
BAT RX 0x311 [8] 02 38 00 00 00 00 01 00 
BAT RX 0x330 [8] 01 07 01 02 0C FB 0C F9 
BAT RX 0x329 [8] 01 00 22 34 01 00 3F AD 
BAT RX 0x323 [8] 20 0E 10 00 04 00 00 00 
BAT RX 0x324 [8] 02 43 30 37 00 00 00 00 
BAT RX 0x322 [8] 00 F3 00 CE 03 01 46 46 
BAT RX 0x320 [8] 50 41 C3 85 85 00 00 00 
BAT RX 0x319 [8] 00 0C FB 0C F9 07 02 01 
BAT RX 0x318 [8] 0C FA 0C FA 0C FA 0C FA 
BAT RX 0x317 [8] 0C FB 0C FB 0C FB 0C FB 
BAT RX 0x316 [8] 0C FA 0C FA 0C FA 0C FA 
BAT RX 0x315 [8] 0C FB 0C FB 0C FB 0C FB 
BAT RX 0x314 [8] 40 06 5B 04 00 01 05 41 
BAT RX 0x313 [8] 14 BE 00 00 00 DF 46 63 
BAT RX 0x312 [8] 00 00 00 00 02 00 00 00 
BAT RX 0x311 [8] 02 38 00 00 00 00 01 00 
BAT RX 0x330 [8] 01 05 01 03 0C FB 0C F9 
BAT RX 0x329 [8] 02 00 19 C0 02 00 40 48 
BAT RX 0x323 [8] 20 0E 10 00 04 00 00 00 
BAT RX 0x324 [8] 00 02 47 50 4A 30 32 31 
BAT RX 0x322 [8] 00 F3 00 CE 03 01 46 46 
BAT RX 0x320 [8] 50 41 C3 85 85 00 00 00 
BAT RX 0x319 [8] 00 0C FB 0C F9 05 03 01 
[536s] OK V=53.10V I=+0.0A T=22.3C SOC=70% SOH=99% | CVL=56.8V CCL=0.0A DCL=0.0A | chg=0 dis=0 fc1=0 fc2=0 | prot=0000 warn=0000 | packs=2 | inv0x305=no
BAT RX 0x318 [8] 0C FA 0C FA 0C FA 0C FA 
BAT RX 0x317 [8] 0C FB 0C FB 0C FB 0C FB 
BAT RX 0x316 [8] 0C FA 0C FA 0C FA 0C F9 
BAT RX 0x315 [8] 0C FB 0C FB 0C FB 0C FB 
BAT RX 0x314 [8] 40 06 5B 04 00 02 05 41 
BAT RX 0x313 [8] 14 BE 00 00 00 DF 46 63 
BAT RX 0x312 [8] 00 00 00 00 02 00 00 00 
BAT RX 0x311 [8] 02 38 00 00 00 00 01 00 
BAT RX 0x330 [8] 01 0D 01 03 0C FB 0C F9 
BAT RX 0x329 [8] 01 00 22 34 01 00 3F AD 
BAT RX 0x323 [8] 20 0E 10 00 04 00 00 00 
BAT RX 0x324 [8] 01 39 35 32 32 30 36 32 
BAT RX 0x322 [8] 00 F3 00 CE 03 01 46 46 
BAT RX 0x320 [8] 50 41 C3 85 85 00 00 00 
BAT RX 0x319 [8] 00 0C FB 0C F9 0D 03 01 
BAT RX 0x318 [8] 0C FA 0C FA 0C FA 0C FA 
BAT RX 0x317 [8] 0C FB 0C FB 0C FB 0C FB 
BAT RX 0x316 [8] 0C FA 0C F9 0C F9 0C F9 
BAT RX 0x315 [8] 0C FB 0C FB 0C FB 0C FB 
BAT RX 0x314 [8] 40 06 5B 04 00 02 05 41 
BAT RX 0x313 [8] 14 BE 00 00 00 DF 46 63 
BAT RX 0x312 [8] 00 00 00 00 02 00 00 00 
BAT RX 0x311 [8] 02 38 00 00 00 00 01 00 
BAT RX 0x330 [8] 01 07 01 04 0C FB 0C F9 
BAT RX 0x329 [8] 02 00 19 C0 02 00 40 48 
BAT RX 0x323 [8] 20 0E 10 00 04 00 00 00 
BAT RX 0x324 [8] 02 42 42 37 00 00 00 00 
BAT RX 0x322 [8] 00 F3 00 CE 03 01 46 46 
BAT RX 0x320 [8] 50 41 C3 85 85 00 00 00 
BAT RX 0x319 [8] 00 0C FB 0C F9 07 04 01 
[538s] OK V=53.10V I=+0.0A T=22.3C SOC=70% SOH=99% | CVL=56.8V CCL=0.0A DCL=0.0A | chg=0 dis=0 fc1=0 fc2=0 | prot=0000 warn=0000 | packs=2 | inv0x305=no
BAT RX 0x318 [8] 0C FA 0C FA 0C FA 0C FA 
BAT RX 0x317 [8] 0C FB 0C FB 0C FB 0C FB 
BAT RX 0x316 [8] 0C FA 0C FA 0C FA 0C FA 
BAT RX 0x315 [8] 0C FB 0C FB 0C FB 0C FB 
BAT RX 0x314 [8] 40 06 5B 04 00 01 05 41 
BAT RX 0x313 [8] 14 BE 00 03 00 DF 46 63 
BAT RX 0x312 [8] 00 00 00 00 02 00 00 00 
BAT RX 0x311 [8] 02 38 00 00 00 00 01 00 
BAT RX 0x330 [8] 01 07 01 01 0C FB 0C FA 
BAT RX 0x329 [8] 01 00 22 34 01 00 3F AD 
BAT RX 0x323 [8] 20 0E 10 00 04 00 00 00 
BAT RX 0x324 [8] 00 01 47 50 4A 30 32 31 
BAT RX 0x322 [8] 00 F3 00 CE 03 01 46 46 
BAT RX 0x320 [8] 50 41 C3 85 85 00 00 00 
BAT RX 0x319 [8] 00 0C FB 0C FA 07 01 01 
BAT RX 0x318 [8] 0C FA 0C FA 0C FA 0C FA 
BAT RX 0x317 [8] 0C FB 0C FB 0C FB 0C FB 
BAT RX 0x316 [8] 0C FA 0C FA 0C FA 0C F9 
BAT RX 0x315 [8] 0C FB 0C FB 0C FB 0C FA 
BAT RX 0x314 [8] 40 06 5B 04 00 02 05 41 

---- battery-bus rate stats (VERBOSE_STATS) ----------------------------
  8015 frames, 540 s elapsed
  ID     count   period(ms)  (min-max gap)
  0x324     534   1004 (1-4867)
  0x329     536    997 (1-4866)
  0x330     539    992 (0-4000)
  0x312     533   1001 (1-4867)
  0x313     533   1001 (1-4867)
  0x314     534   1001 (1-4867)
  0x315     534   1001 (1-4867)
  0x316     534   1001 (1-4867)
  0x317     534   1001 (1-4867)
  0x318     534   1001 (1-4867)
  0x319     534   1001 (1-4867)
  0x320     534   1001 (1-4866)
  0x322     534   1001 (0-4867)
  0x311     533   1001 (1-4867)
  0x323     535    999 (1-4866)
--------------------------------------------------------------------------

  TWAI: state=RUNNING  tx_err=0 rx_err=0  tx_failed=0  rx_missed=111 rx_overrun=0  arb_lost=0  bus_err=0
BAT RX 0x313 [8] 14 BE 00 00 00 DF 46 63 
BAT RX 0x312 [8] 00 00 00 00 02 00 00 00 
BAT RX 0x311 [8] 02 38 00 00 00 00 01 00 
BAT RX 0x330 [8] 01 07 01 0A 0C FB 0C F9 
BAT RX 0x329 [8] 02 00 19 C0 02 00 40 48 
BAT RX 0x323 [8] 20 0E 10 00 04 00 00 00 
BAT RX 0x324 [8] 01 39 35 32 32 30 36 32 
BAT RX 0x322 [8] 00 F3 00 CE 03 01 46 46 
BAT RX 0x320 [8] 50 41 C3 85 85 00 00 00 
BAT RX 0x319 [8] 00 0C FB 0C F9 07 0A 01 
[540s] OK V=53.10V I=+0.0A T=22.3C SOC=70% SOH=99% | CVL=56.8V CCL=0.0A DCL=0.0A | chg=0 dis=0 fc1=0 fc2=0 | prot=0000 warn=0000 | packs=2 | inv0x305=no
BAT RX 0x318 [8] 0C FA 0C FA 0C FA 0C FA 
BAT RX 0x317 [8] 0C FB 0C FB 0C FB 0C FB 
BAT RX 0x316 [8] 0C FA 0C FA 0C FA 0C F9 
BAT RX 0x315 [8] 0C FB 0C FB 0C FB 0C FA 
BAT RX 0x314 [8] 40 06 5B 04 00 02 05 41 
BAT RX 0x313 [8] 14 BE 00 00 00 DF 46 63 
BAT RX 0x312 [8] 00 00 00 00 02 00 00 00 
BAT RX 0x311 [8] 02 38 00 00 00 00 01 00 
BAT RX 0x330 [8] 01 09 01 01 0C FB 0C FA 
BAT RX 0x329 [8] 01 00 22 34 01 00 3F AD 
BAT RX 0x323 [8] 20 0E 10 00 04 00 00 00 
BAT RX 0x324 [8] 02 43 30 37 00 00 00 00 
BAT RX 0x322 [8] 00 F3 00 CE 03 01 46 46 
BAT RX 0x320 [8] 50 41 C3 85 85 00 00 00 
BAT RX 0x319 [8] 00 0C FB 0C FA 09 01 01 
BAT RX 0x318 [8] 0C FA 0C FA 0C FA 0C FA 
BAT RX 0x317 [8] 0C FB 0C FB 0C FB 0C FB 
BAT RX 0x316 [8] 0C FA 0C FA 0C FA 0C F9 
BAT RX 0x315 [8] 0C FB 0C FB 0C FB 0C FB 
BAT RX 0x314 [8] 40 06 5B 04 00 02 05 41 
BAT RX 0x313 [8] 14 BE 00 00 00 DF 46 63 
BAT RX 0x312 [8] 00 00 00 00 02 00 00 00 
BAT RX 0x311 [8] 02 38 00 00 00 00 01 00 
BAT RX 0x330 [8] 01 0C 01 01 0C FB 0C F9 
BAT RX 0x329 [8] 02 00 19 C0 02 00 40 48 
BAT RX 0x323 [8] 20 0E 10 00 04 00 00 00 
BAT RX 0x324 [8] 00 02 47 50 4A 30 32 31 
BAT RX 0x322 [8] 00 F3 00 CE 03 01 46 46 
BAT RX 0x320 [8] 50 41 C3 85 85 00 00 00 
BAT RX 0x319 [8] 00 0C FB 0C F9 0C 01 01 
[542s] OK V=53.10V I=+0.0A T=22.3C SOC=70% SOH=99% | CVL=56.8V CCL=0.0A DCL=0.0A | chg=0 dis=0 fc1=0 fc2=0 | prot=0000 warn=0000 | packs=2 | inv0x305=no
BAT RX 0x318 [8] 0C FA 0C FA 0C FA 0C FA 
BAT RX 0x317 [8] 0C FB 0C FB 0C FB 0C FB 
BAT RX 0x316 [8] 0C FA 0C FA 0C FA 0C F9 
BAT RX 0x315 [8] 0C FB 0C FB 0C FB 0C FB 
BAT RX 0x314 [8] 40 06 5B 04 00 02 05 41 
BAT RX 0x313 [8] 14 BE 00 00 00 DF 46 63 
BAT RX 0x312 [8] 00 00 00 00 02 00 00 00 
BAT RX 0x311 [8] 02 38 00 00 00 00 01 00 
BAT RX 0x330 [8] 01 07 01 02 0C FB 0C F9 
BAT RX 0x329 [8] 01 00 22 34 01 00 3F AD 
BAT RX 0x323 [8] 20 0E 10 00 04 00 00 00 
BAT RX 0x324 [8] 01 39 35 32 32 30 36 32 
BAT RX 0x322 [8] 00 F3 00 CE 03 01 46 46 
BAT RX 0x320 [8] 50 41 C3 85 85 00 00 00 
BAT RX 0x319 [8] 00 0C FB 0C F9 07 02 01 
BAT RX 0x318 [8] 0C FA 0C FA 0C FA 0C FA 
BAT RX 0x317 [8] 0C FB 0C FB 0C FB 0C FB 
BAT RX 0x316 [8] 0C FA 0C FA 0C F9 0C F9 
BAT RX 0x315 [8] 0C FB 0C FB 0C FB 0C FB 
BAT RX 0x314 [8] 40 06 5B 04 00 02 05 41 
BAT RX 0x313 [8] 14 BE 00 00 00 DF 46 63 
BAT RX 0x312 [8] 00 00 00 00 02 00 00 00 
BAT RX 0x311 [8] 02 38 00 00 00 00 01 00 
BAT RX 0x330 [8] 02 0D 01 02 0C FC 0C F9 
BAT RX 0x329 [8] 02 00 19 C0 02 00 40 48 
BAT RX 0x323 [8] 20 0E 10 00 04 00 00 00 
BAT RX 0x324 [8] 02 42 42 37 00 00 00 00 
BAT RX 0x322 [8] 00 F3 00 CE 03 01 46 46 
BAT RX 0x320 [8] 50 41 C3 85 85 00 00 00 
BAT RX 0x319 [8] 00 0C FC 0C F9 1D 02 01 
BAT RX 0x318 [8] 0C FA 0C FA 0C FA 0C FA 
[544s] OK V=53.10V I=+0.0A T=22.3C SOC=70% SOH=99% | CVL=56.8V CCL=0.0A DCL=0.0A | chg=0 dis=0 fc1=0 fc2=0 | prot=0000 warn=0000 | packs=2 | inv0x305=no
BAT RX 0x317 [8] 0C FC 0C FB 0C FB 0C FB 
BAT RX 0x316 [8] 0C FA 0C FA 0C FA 0C FA 
BAT RX 0x315 [8] 0C FB 0C FB 0C FB 0C FB 
BAT RX 0x314 [8] 40 06 5B 04 00 02 05 41 
BAT RX 0x313 [8] 14 BE 00 00 00 DF 46 63 
BAT RX 0x312 [8] 00 00 00 00 02 00 00 00 
BAT RX 0x311 [8] 02 38 00 00 00 00 01 00 
BAT RX 0x330 [8] 01 07 01 01 0C FB 0C FA 
BAT RX 0x329 [8] 01 00 22 34 01 00 3F AD 
BAT RX 0x323 [8] 20 0E 10 00 04 00 00 00 
BAT RX 0x324 [8] 00 01 47 50 4A 30 32 31 
BAT RX 0x322 [8] 00 F3 00 CE 03 01 46 46 
BAT RX 0x320 [8] 50 41 C3 85 85 00 00 00 
BAT RX 0x319 [8] 00 0C FB 0C FA 07 01 01 
BAT RX 0x318 [8] 0C FA 0C FA 0C FA 0C FA 
BAT RX 0x317 [8] 0C FB 0C FB 0C FB 0C FB 
BAT RX 0x316 [8] 0C FA 0C FA 0C FA 0C FA 
BAT RX 0x315 [8] 0C FB 0C FB 0C FB 0C FB 
BAT RX 0x314 [8] 40 06 5B 04 00 01 05 41 
BAT RX 0x313 [8] 14 BE 00 00 00 DF 46 63 
BAT RX 0x312 [8] 00 00 00 00 02 00 00 00 
BAT RX 0x311 [8] 02 38 00 00 00 00 01 00 
BAT RX 0x330 [8] 01 07 01 03 0C FB 0C F9 
BAT RX 0x329 [8] 02 00 19 C0 02 00 40 48 
BAT RX 0x323 [8] 20 0E 10 00 04 00 00 00 
BAT RX 0x324 [8] 01 39 35 32 32 30 36 32 
BAT RX 0x322 [8] 00 F3 00 CE 03 01 46 46 
BAT RX 0x320 [8] 50 41 C3 85 85 00 00 00 
BAT RX 0x319 [8] 00 0C FB 0C F9 07 03 01 
BAT RX 0x318 [8] 0C FA 0C FA 0C FA 0C FA 
[546s] OK V=53.10V I=+0.0A T=22.3C SOC=70% SOH=99% | CVL=56.8V CCL=0.0A DCL=0.0A | chg=0 dis=0 fc1=0 fc2=0 | prot=0000 warn=0000 | packs=2 | inv0x305=no
BAT RX 0x317 [8] 0C FB 0C FB 0C FB 0C FB 
BAT RX 0x316 [8] 0C FA 0C FA 0C F9 0C F9 
BAT RX 0x315 [8] 0C FB 0C FB 0C FB 0C FB 
BAT RX 0x314 [8] 40 06 5B 04 00 02 05 41 
BAT RX 0x313 [8] 14 BE 00 00 00 DF 46 63 
BAT RX 0x312 [8] 00 00 00 00 02 00 00 00 
BAT RX 0x311 [8] 02 38 00 00 00 00 01 00 
BAT RX 0x330 [8] 01 07 01 01 0C FB 0C FA 
BAT RX 0x329 [8] 01 00 22 34 01 00 3F AD 
BAT RX 0x323 [8] 20 0E 10 00 04 00 00 00 
BAT RX 0x324 [8] 02 43 30 37 00 00 00 00 
BAT RX 0x322 [8] 00 F3 00 CE 03 01 46 46 
BAT RX 0x320 [8] 50 41 C3 85 85 00 00 00 
BAT RX 0x319 [8] 00 0C FB 0C FA 07 01 01 
BAT RX 0x318 [8] 0C FA 0C FA 0C FA 0C FA 
BAT RX 0x317 [8] 0C FB 0C FB 0C FB 0C FB 
BAT RX 0x316 [8] 0C FA 0C FA 0C FA 0C F9 
BAT RX 0x315 [8] 0C FB 0C FB 0C FB 0C FA 
BAT RX 0x314 [8] 40 06 5B 04 00 02 05 41 
BAT RX 0x313 [8] 14 BE 00 00 00 DF 46 63 
BAT RX 0x312 [8] 00 00 00 00 02 00 00 00 
BAT RX 0x311 [8] 02 38 00 00 00 00 01 00 
BAT RX 0x330 [8] 01 07 01 0A 0C FB 0C F9 
BAT RX 0x329 [8] 02 00 19 C0 02 00 40 48 
BAT RX 0x323 [8] 20 0E 10 00 04 00 00 00 
BAT RX 0x324 [8] 00 02 47 50 4A 30 32 31 
BAT RX 0x322 [8] 00 F3 00 CE 03 01 46 46 
BAT RX 0x320 [8] 50 41 C3 85 85 00 00 00 
BAT RX 0x319 [8] 00 0C FB 0C F9 07 0A 01 
BAT RX 0x318 [8] 0C FA 0C FA 0C FA 0C FA 
[548s] OK V=53.10V I=+0.0A T=22.3C SOC=70% SOH=99% | CVL=56.8V CCL=0.0A DCL=0.0A | chg=0 dis=0 fc1=0 fc2=0 | prot=0000 warn=0000 | packs=2 | inv0x305=no
BAT RX 0x317 [8] 0C FB 0C FB 0C FB 0C FB 
BAT RX 0x316 [8] 0C FA 0C FA 0C FA 0C FA 
BAT RX 0x315 [8] 0C FB 0C FB 0C FB 0C FB 
BAT RX 0x314 [8] 40 06 5B 04 00 01 05 41 
BAT RX 0x313 [8] 14 BE 00 00 00 DF 46 63 
BAT RX 0x312 [8] 00 00 00 00 02 00 00 00 
BAT RX 0x311 [8] 02 38 00 00 00 00 01 00 
BAT RX 0x330 [8] 02 0D 01 03 0C FC 0C F9 
BAT RX 0x329 [8] 01 00 22 34 01 00 3F AD 
BAT RX 0x323 [8] 20 0E 10 00 04 00 00 00 
BAT RX 0x324 [8] 01 39 35 32 32 30 36 32 
BAT RX 0x322 [8] 00 F3 00 CE 03 01 46 46 
BAT RX 0x320 [8] 50 41 C3 85 85 00 00 00 
BAT RX 0x319 [8] 00 0C FC 0C F9 1D 03 01 
BAT RX 0x318 [8] 0C FA 0C FA 0C FA 0C FA 
BAT RX 0x317 [8] 0C FC 0C FB 0C FB 0C FB 
BAT RX 0x316 [8] 0C FA 0C FA 0C FA 0C FA 
BAT RX 0x315 [8] 0C FB 0C FB 0C FB 0C FB 
BAT RX 0x314 [8] 40 06 5B 04 00 02 05 41 
BAT RX 0x313 [8] 14 BE 00 00 00 DF 46 63 
BAT RX 0x312 [8] 00 00 00 00 02 00 00 00 
BAT RX 0x311 [8] 02 38 00 00 00 00 01 00 
BAT RX 0x330 [8] 02 0D 01 01 0C FC 0C FA 
BAT RX 0x329 [8] 02 00 19 C0 02 00 40 48 
BAT RX 0x323 [8] 20 0E 10 00 04 00 00 00 
BAT RX 0x324 [8] 02 42 42 37 00 00 00 00 
BAT RX 0x322 [8] 00 F3 00 CE 03 01 46 46 
BAT RX 0x320 [8] 50 41 C3 85 85 00 00 00 
BAT RX 0x319 [8] 00 0C FC 0C FA 1D 01 01 
BAT RX 0x318 [8] 0C FA 0C FA 0C FA 0C FA 
[550s] OK V=53.10V I=+0.0A T=22.3C SOC=70% SOH=99% | CVL=56.8V CCL=0.0A DCL=0.0A | chg=0 dis=0 fc1=0 fc2=0 | prot=0000 warn=0000 | packs=2 | inv0x305=no
BAT RX 0x317 [8] 0C FC 0C FB 0C FB 0C FB 
BAT RX 0x316 [8] 0C FA 0C FA 0C FA 0C FA 
BAT RX 0x315 [8] 0C FB 0C FB 0C FB 0C FB 
BAT RX 0x314 [8] 40 06 5B 04 00 02 05 41 
BAT RX 0x313 [8] 14 BE 00 00 00 DF 46 63 
BAT RX 0x312 [8] 00 00 00 00 02 00 00 00 
BAT RX 0x311 [8] 02 38 00 00 00 00 01 00 
BAT RX 0x330 [8] 01 07 01 01 0C FB 0C FA 
BAT RX 0x329 [8] 01 00 22 34 01 00 3F AD 
BAT RX 0x323 [8] 20 0E 10 00 04 00 00 00 
BAT RX 0x324 [8] 00 01 47 50 4A 30 32 31 
BAT RX 0x322 [8] 00 F3 00 CE 03 01 46 46 
BAT RX 0x320 [8] 50 41 C3 85 85 00 00 00 
BAT RX 0x319 [8] 00 0C FB 0C FA 07 01 01 
BAT RX 0x318 [8] 0C FA 0C FA 0C FA 0C FA 
BAT RX 0x317 [8] 0C FB 0C FB 0C FB 0C FB 
BAT RX 0x316 [8] 0C FA 0C FA 0C FA 0C F9 
BAT RX 0x315 [8] 0C FB 0C FB 0C FB 0C FB 
BAT RX 0x314 [8] 40 06 5B 04 00 02 05 41 
BAT RX 0x313 [8] 14 BE 00 00 00 DF 46 63 
BAT RX 0x312 [8] 00 00 00 00 02 00 00 00 
BAT RX 0x311 [8] 02 38 00 00 00 00 01 00 
BAT RX 0x330 [8] 02 0D 01 03 0C FC 0C F9 
BAT RX 0x329 [8] 02 00 19 C0 02 00 40 48 
BAT RX 0x323 [8] 20 0E 10 00 04 00 00 00 
BAT RX 0x324 [8] 01 39 35 32 32 30 36 32 
BAT RX 0x322 [8] 00 F3 00 CE 03 01 46 46 
BAT RX 0x320 [8] 50 41 C3 85 85 00 00 00 
BAT RX 0x319 [8] 00 0C FC 0C F9 1D 03 01 
BAT RX 0x318 [8] 0C FA 0C FA 0C FA 0C FA 
[552s] OK V=53.10V I=+0.0A T=22.3C SOC=70% SOH=99% | CVL=56.8V CCL=0.0A DCL=0.0A | chg=0 dis=0 fc1=0 fc2=0 | prot=0000 warn=0000 | packs=2 | inv0x305=no
BAT RX 0x317 [8] 0C FC 0C FB 0C FB 0C FB 
BAT RX 0x316 [8] 0C FA 0C FA 0C FA 0C FA 
BAT RX 0x315 [8] 0C FB 0C FB 0C FB 0C FB 
BAT RX 0x314 [8] 40 06 5B 04 00 02 05 41 
BAT RX 0x313 [8] 14 BE 00 00 00 DF 46 63 
BAT RX 0x312 [8] 00 00 00 00 02 00 00 00 
BAT RX 0x311 [8] 02 38 00 00 00 00 01 00 
BAT RX 0x330 [8] 02 0D 01 0A 0C FC 0C F9 
BAT RX 0x329 [8] 01 00 22 34 01 00 3F AD 
BAT RX 0x323 [8] 20 0E 10 00 04 00 00 00 
BAT RX 0x324 [8] 02 43 30 37 00 00 00 00 
BAT RX 0x322 [8] 00 F3 00 CE 03 01 46 46 
BAT RX 0x320 [8] 50 41 C3 85 85 00 00 00 
BAT RX 0x319 [8] 00 0C FC 0C F9 1D 0A 01 
BAT RX 0x318 [8] 0C FA 0C FA 0C FA 0C FA 
BAT RX 0x317 [8] 0C FC 0C FB 0C FB 0C FB 
BAT RX 0x316 [8] 0C FA 0C FA 0C FA 0C FA 
BAT RX 0x315 [8] 0C FB 0C FB 0C FB 0C FB 
BAT RX 0x314 [8] 40 06 5B 04 00 02 05 41 
BAT RX 0x313 [8] 14 BE 00 00 00 DF 46 63 
BAT RX 0x312 [8] 00 00 00 00 02 00 00 00 
BAT RX 0x311 [8] 02 38 00 00 00 00 01 00 
BAT RX 0x330 [8] 01 07 01 03 0C FB 0C F9 
BAT RX 0x329 [8] 02 00 19 C0 02 00 40 48 
BAT RX 0x323 [8] 20 0E 10 00 04 00 00 00 
BAT RX 0x324 [8] 00 02 47 50 4A 30 32 31 
BAT RX 0x322 [8] 00 F3 00 CE 03 01 46 46 
BAT RX 0x320 [8] 50 41 C3 85 85 00 00 00 
BAT RX 0x319 [8] 00 0C FB 0C F9 07 03 01 
BAT RX 0x318 [8] 0C FA 0C FA 0C FA 0C FA 
[554s] OK V=53.10V I=+0.0A T=22.3C SOC=70% SOH=99% | CVL=56.8V CCL=0.0A DCL=0.0A | chg=0 dis=0 fc1=0 fc2=0 | prot=0000 warn=0000 | packs=2 | inv0x305=no
BAT RX 0x317 [8] 0C FB 0C FB 0C FB 0C FB 
BAT RX 0x316 [8] 0C FA 0C FA 0C F9 0C F9 
BAT RX 0x315 [8] 0C FB 0C FB 0C FB 0C FB 
BAT RX 0x314 [8] 40 06 5B 04 00 02 05 41 
BAT RX 0x313 [8] 14 BE 00 00 00 DF 46 63 

---- battery-bus rate stats (VERBOSE_STATS) ----------------------------
  8241 frames, 555 s elapsed
  ID     count   period(ms)  (min-max gap)
  0x324     549   1004 (1-4867)
  0x329     551    997 (1-4866)
  0x330     554    992 (0-4000)
  0x312     548   1001 (1-4867)
  0x313     549   1001 (1-4867)
  0x314     549   1001 (1-4867)
  0x315     549   1001 (1-4867)
  0x316     549   1001 (1-4867)
  0x317     549   1001 (1-4867)
  0x318     549   1001 (1-4867)
  0x319     549   1001 (1-4867)
  0x320     549   1001 (1-4866)
  0x322     549   1001 (0-4867)
  0x311     548   1001 (1-4867)
  0x323     550    999 (1-4866)
--------------------------------------------------------------------------

  TWAI: state=RUNNING  tx_err=0 rx_err=0  tx_failed=0  rx_missed=111 rx_overrun=0  arb_lost=0  bus_err=0
BAT RX 0x312 [8] 00 00 00 00 02 00 00 00 
BAT RX 0x311 [8] 02 38 00 00 00 00 01 00 
BAT RX 0x330 [8] 01 0C 01 01 0C FB 0C FA 
BAT RX 0x329 [8] 01 00 22 34 01 00 3F AD 
BAT RX 0x323 [8] 20 0E 10 00 04 00 00 00 
BAT RX 0x324 [8] 01 39 35 32 32 30 36 32 
BAT RX 0x322 [8] 00 F3 00 CE 03 01 46 46 
BAT RX 0x320 [8] 50 41 C3 85 85 00 00 00 
BAT RX 0x319 [8] 00 0C FB 0C FA 0C 01 01 
BAT RX 0x318 [8] 0C FA 0C FA 0C FA 0C FA 
BAT RX 0x317 [8] 0C FB 0C FB 0C FB 0C FB 
BAT RX 0x316 [8] 0C FA 0C FA 0C F9 0C F9 
BAT RX 0x315 [8] 0C FB 0C FB 0C FB 0C FB 
BAT RX 0x314 [8] 40 06 5B 04 00 02 05 41 
BAT RX 0x313 [8] 14 BE 00 00 00 DF 46 63 
BAT RX 0x312 [8] 00 00 00 00 02 00 00 00 
BAT RX 0x311 [8] 02 38 00 00 00 00 01 00 
BAT RX 0x330 [8] 01 07 01 03 0C FB 0C F9 
BAT RX 0x329 [8] 02 00 19 C0 02 00 40 48 
BAT RX 0x323 [8] 20 0E 10 00 04 00 00 00 
BAT RX 0x324 [8] 02 42 42 37 00 00 00 00 
BAT RX 0x322 [8] 00 F3 00 CE 03 01 46 46 
BAT RX 0x320 [8] 50 41 C3 85 85 00 00 00 
BAT RX 0x319 [8] 00 0C FB 0C F9 07 03 01 
BAT RX 0x318 [8] 0C FA 0C FA 0C FA 0C FA 
BAT RX 0x317 [8] 0C FB 0C FB 0C FB 0C FB 
[556s] OK V=53.10V I=+0.0A T=22.3C SOC=70% SOH=99% | CVL=56.8V CCL=0.0A DCL=0.0A | chg=0 dis=0 fc1=0 fc2=0 | prot=0000 warn=0000 | packs=2 | inv0x305=no
BAT RX 0x316 [8] 0C FA 0C FA 0C FA 0C FA 
BAT RX 0x315 [8] 0C FB 0C FB 0C FB 0C FB 
BAT RX 0x314 [8] 40 06 5B 04 00 01 05 41 
BAT RX 0x313 [8] 14 BE 00 00 00 DF 46 63 
BAT RX 0x312 [8] 00 00 00 00 02 00 00 00 
BAT RX 0x311 [8] 02 38 00 00 00 00 01 00 
BAT RX 0x330 [8] 02 0D 01 01 0C FC 0C FA 
BAT RX 0x329 [8] 01 00 22 34 01 00 3F AD 
BAT RX 0x323 [8] 20 0E 10 00 04 00 00 00 
BAT RX 0x324 [8] 00 01 47 50 4A 30 32 31 
BAT RX 0x322 [8] 00 F3 00 CE 03 01 46 46 
BAT RX 0x320 [8] 50 41 C3 85 85 00 00 00 
BAT RX 0x319 [8] 00 0C FC 0C FA 1D 01 01 
BAT RX 0x318 [8] 0C FA 0C FA 0C FA 0C FA 
BAT RX 0x317 [8] 0C FC 0C FB 0C FB 0C FB 
BAT RX 0x316 [8] 0C FA 0C FA 0C FA 0C F9 
BAT RX 0x315 [8] 0C FC 0C FB 0C FB 0C FB 
BAT RX 0x314 [8] 40 06 5B 04 00 03 05 41 
BAT RX 0x313 [8] 14 BE 00 00 00 DF 46 63 
BAT RX 0x312 [8] 00 00 00 00 02 00 00 00 
BAT RX 0x311 [8] 02 38 00 00 00 00 01 00 
BAT RX 0x330 [8] 01 07 01 03 0C FB 0C F9 
BAT RX 0x329 [8] 02 00 19 C0 02 00 40 48 
BAT RX 0x323 [8] 20 0E 10 00 04 00 00 00 
BAT RX 0x324 [8] 01 39 35 32 32 30 36 32 
BAT RX 0x322 [8] 00 F3 00 CE 03 01 46 46 
BAT RX 0x320 [8] 50 41 C3 85 85 00 00 00 
BAT RX 0x319 [8] 00 0C FB 0C F9 07 03 01 
BAT RX 0x318 [8] 0C FA 0C FA 0C FA 0C FA 
BAT RX 0x317 [8] 0C FB 0C FB 0C FB 0C FB 
[558s] OK V=53.10V I=+0.0A T=22.3C SOC=70% SOH=99% | CVL=56.8V CCL=0.0A DCL=0.0A | chg=0 dis=0 fc1=0 fc2=0 | prot=0000 warn=0000 | packs=2 | inv0x305=no
BAT RX 0x316 [8] 0C FA 0C FA 0C FA 0C FA 
BAT RX 0x315 [8] 0C FB 0C FB 0C FB 0C FB 
BAT RX 0x314 [8] 40 06 5B 04 00 01 05 41 
BAT RX 0x313 [8] 14 BE 00 00 00 DF 46 63 
BAT RX 0x312 [8] 00 00 00 00 02 00 00 00 
BAT RX 0x311 [8] 02 38 00 00 00 00 01 00 
BAT RX 0x330 [8] 02 0D 01 01 0C FC 0C FA 
BAT RX 0x329 [8] 01 00 22 34 01 00 3F AD 
BAT RX 0x323 [8] 20 0E 10 00 04 00 00 00 
BAT RX 0x324 [8] 02 43 30 37 00 00 00 00 
BAT RX 0x322 [8] 00 F3 00 CE 03 01 46 46 
BAT RX 0x320 [8] 50 41 C3 85 85 00 00 00 
BAT RX 0x319 [8] 00 0C FC 0C FA 1D 01 01 
BAT RX 0x318 [8] 0C FA 0C FA 0C FA 0C FA 
BAT RX 0x317 [8] 0C FC 0C FB 0C FB 0C FB 
BAT RX 0x316 [8] 0C FA 0C FA 0C FA 0C FA 
BAT RX 0x315 [8] 0C FB 0C FB 0C FB 0C FB 
BAT RX 0x314 [8] 40 06 5B 04 00 02 05 41 
BAT RX 0x313 [8] 14 BE 00 00 00 DF 46 63 
BAT RX 0x312 [8] 00 00 00 00 02 00 00 00 
BAT RX 0x311 [8] 02 38 00 00 00 00 01 00 
BAT RX 0x330 [8] 02 0D 01 01 0C FC 0C FA 
BAT RX 0x329 [8] 02 00 19 C0 02 00 40 48 
BAT RX 0x323 [8] 20 0E 10 00 04 00 00 00 
BAT RX 0x324 [8] 00 02 47 50 4A 30 32 31 
BAT RX 0x322 [8] 00 F3 00 CE 03 01 46 46 
BAT RX 0x320 [8] 50 41 C3 85 85 00 00 00 
BAT RX 0x319 [8] 00 0C FC 0C FA 1D 01 01 
BAT RX 0x318 [8] 0C FA 0C FA 0C FA 0C FA 
BAT RX 0x317 [8] 0C FC 0C FB 0C FB 0C FB 
[560s] OK V=53.10V I=+0.0A T=22.3C SOC=70% SOH=99% | CVL=56.8V CCL=0.0A DCL=0.0A | chg=0 dis=0 fc1=0 fc2=0 | prot=0000 warn=0000 | packs=2 | inv0x305=no
BAT RX 0x316 [8] 0C FA 0C FA 0C F9 0C F9 
BAT RX 0x315 [8] 0C FB 0C FB 0C FB 0C FB 
BAT RX 0x314 [8] 40 06 5B 04 00 02 05 41 
BAT RX 0x313 [8] 14 BE 00 00 00 DF 46 63 
BAT RX 0x312 [8] 00 00 00 00 02 00 00 00 
BAT RX 0x311 [8] 02 38 00 00 00 00 01 00 
BAT RX 0x330 [8] 01 0C 01 01 0C FB 0C FA 
BAT RX 0x329 [8] 01 00 22 34 01 00 3F AD 
BAT RX 0x323 [8] 20 0E 10 00 04 00 00 00 
BAT RX 0x324 [8] 01 39 35 32 32 30 36 32 
BAT RX 0x322 [8] 00 F3 00 CE 03 01 46 46 
BAT RX 0x320 [8] 50 41 C3 85 85 00 00 00 
BAT RX 0x319 [8] 00 0C FB 0C FA 0C 01 01 
BAT RX 0x318 [8] 0C FA 0C FA 0C FA 0C FA 
BAT RX 0x317 [8] 0C FB 0C FB 0C FB 0C FB 
BAT RX 0x316 [8] 0C FA 0C FA 0C FA 0C F9 
BAT RX 0x315 [8] 0C FB 0C FB 0C FB 0C FB 
BAT RX 0x314 [8] 40 06 5B 04 00 02 05 41 
BAT RX 0x313 [8] 14 BE 00 00 00 DF 46 63 
BAT RX 0x312 [8] 00 00 00 00 02 00 00 00 
BAT RX 0x311 [8] 02 38 00 00 00 00 01 00 
BAT RX 0x330 [8] 01 07 01 03 0C FB 0C F9 
BAT RX 0x329 [8] 02 00 19 C0 02 00 40 48 
BAT RX 0x323 [8] 20 0E 10 00 04 00 00 00 
BAT RX 0x324 [8] 02 42 42 37 00 00 00 00 
BAT RX 0x322 [8] 00 F3 00 CE 03 01 46 46 
BAT RX 0x320 [8] 50 41 C3 85 85 00 00 00 
BAT RX 0x319 [8] 00 0C FB 0C F9 07 03 01 
BAT RX 0x318 [8] 0C FA 0C FA 0C FA 0C FA 
BAT RX 0x317 [8] 0C FB 0C FB 0C FB 0C FB 
[562s] OK V=53.10V I=+0.0A T=22.3C SOC=70% SOH=99% | CVL=56.8V CCL=0.0A DCL=0.0A | chg=0 dis=0 fc1=0 fc2=0 | prot=0000 warn=0000 | packs=2 | inv0x305=no
BAT RX 0x316 [8] 0C FA 0C FA 0C FA 0C FA 
BAT RX 0x315 [8] 0C FB 0C FB 0C FB 0C FB 
BAT RX 0x314 [8] 40 06 5B 04 00 01 05 41 
BAT RX 0x313 [8] 14 BE 00 00 00 DF 46 63 
BAT RX 0x312 [8] 00 00 00 00 02 00 00 00 
BAT RX 0x311 [8] 02 38 00 00 00 00 01 00 
BAT RX 0x330 [8] 01 07 01 01 0C FB 0C FA 
BAT RX 0x329 [8] 01 00 22 34 01 00 3F AD 
BAT RX 0x323 [8] 20 0E 10 00 04 00 00 00 
BAT RX 0x324 [8] 00 01 47 50 4A 30 32 31 
BAT RX 0x322 [8] 00 F3 00 CE 03 01 46 46 
BAT RX 0x320 [8] 50 41 C3 85 85 00 00 00 
BAT RX 0x319 [8] 00 0C FB 0C FA 07 01 01 
BAT RX 0x318 [8] 0C FA 0C FA 0C FA 0C FA 
BAT RX 0x317 [8] 0C FB 0C FB 0C FB 0C FB 
BAT RX 0x316 [8] 0C FA 0C FA 0C FA 0C FA 
BAT RX 0x315 [8] 0C FB 0C FB 0C FB 0C FB 
BAT RX 0x314 [8] 40 06 5B 04 00 01 05 41 
BAT RX 0x313 [8] 14 BE 00 00 00 DF 46 63 
BAT RX 0x312 [8] 00 00 00 00 02 00 00 00 
BAT RX 0x311 [8] 02 38 00 00 00 00 01 00 
BAT RX 0x330 [8] 02 0D 01 01 0C FC 0C FA 
BAT RX 0x329 [8] 02 00 19 C0 02 00 40 48 
BAT RX 0x323 [8] 20 0E 10 00 04 00 00 00 
BAT RX 0x324 [8] 01 39 35 32 32 30 36 32 
BAT RX 0x322 [8] 00 F3 00 CE 03 01 46 46 
BAT RX 0x320 [8] 50 41 C3 85 85 00 00 00 
BAT RX 0x319 [8] 00 0C FC 0C FA 1D 01 01 
BAT RX 0x318 [8] 0C FA 0C FA 0C FA 0C FA 
BAT RX 0x317 [8] 0C FC 0C FB 0C FB 0C FB 
[564s] OK V=53.10V I=+0.0A T=22.3C SOC=70% SOH=99% | CVL=56.8V CCL=0.0A DCL=0.0A | chg=0 dis=0 fc1=0 fc2=0 | prot=0000 warn=0000 | packs=2 | inv0x305=no
BAT RX 0x316 [8] 0C FA 0C FA 0C FA 0C FA 
BAT RX 0x315 [8] 0C FB 0C FB 0C FB 0C FB 
BAT RX 0x314 [8] 40 06 5B 04 00 02 05 41 
BAT RX 0x313 [8] 14 BE 00 00 00 DF 46 63 
BAT RX 0x312 [8] 00 00 00 00 02 00 00 00 
BAT RX 0x311 [8] 02 38 00 00 00 00 01 00 
BAT RX 0x330 [8] 01 07 01 01 0C FB 0C FA 
BAT RX 0x329 [8] 01 00 22 34 01 00 3F AD 
BAT RX 0x323 [8] 20 0E 10 00 04 00 00 00 
BAT RX 0x324 [8] 02 43 30 37 00 00 00 00 
BAT RX 0x322 [8] 00 F3 00 CE 03 01 46 46 
BAT RX 0x320 [8] 50 41 C3 85 85 00 00 00 
BAT RX 0x319 [8] 00 0C FB 0C FA 07 01 01 
BAT RX 0x318 [8] 0C FA 0C FA 0C FA 0C FA 
BAT RX 0x317 [8] 0C FB 0C FB 0C FB 0C FB 
BAT RX 0x316 [8] 0C FA 0C FA 0C FA 0C FA 
BAT RX 0x315 [8] 0C FB 0C FB 0C FB 0C FB 
BAT RX 0x314 [8] 40 06 5B 04 00 01 05 41 
BAT RX 0x313 [8] 14 BE 00 00 00 DF 46 63 
BAT RX 0x312 [8] 00 00 00 00 02 00 00 00 
BAT RX 0x311 [8] 02 38 00 00 00 00 01 00 
BAT RX 0x330 [8] 01 07 01 03 0C FB 0C F9 
BAT RX 0x329 [8] 02 00 19 C0 02 00 40 48 
BAT RX 0x323 [8] 20 0E 10 00 04 00 00 00 
BAT RX 0x324 [8] 00 02 47 50 4A 30 32 31 
BAT RX 0x322 [8] 00 F3 00 CE 03 01 46 46 
BAT RX 0x320 [8] 50 41 C3 85 85 00 00 00 
BAT RX 0x319 [8] 00 0C FB 0C F9 07 03 01 
BAT RX 0x318 [8] 0C FB 0C FA 0C FA 0C FA 
BAT RX 0x317 [8] 0C FB 0C FB 0C FB 0C FB 
[566s] OK V=53.10V I=+0.0A T=22.3C SOC=70% SOH=99% | CVL=56.8V CCL=0.0A DCL=0.0A | chg=0 dis=0 fc1=0 fc2=0 | prot=0000 warn=0000 | packs=2 | inv0x305=no
BAT RX 0x316 [8] 0C FA 0C FA 0C FA 0C FA 
BAT RX 0x315 [8] 0C FB 0C FB 0C FB 0C FB 
BAT RX 0x314 [8] 40 06 5B 04 00 01 05 41 
BAT RX 0x313 [8] 14 BE 00 00 00 DF 46 63 
BAT RX 0x312 [8] 00 00 00 00 02 00 00 00 
BAT RX 0x311 [8] 02 38 00 00 00 00 01 00 
BAT RX 0x330 [8] 01 07 01 01 0C FB 0C FA 
BAT RX 0x329 [8] 01 00 22 34 01 00 3F AD 
BAT RX 0x323 [8] 20 0E 10 00 04 00 00 00 
BAT RX 0x324 [8] 01 39 35 32 32 30 36 32 
BAT RX 0x322 [8] 00 F3 00 CE 03 01 46 46 
BAT RX 0x320 [8] 50 41 C3 85 85 00 00 00 
BAT RX 0x319 [8] 00 0C FB 0C FA 07 01 01 
BAT RX 0x318 [8] 0C FA 0C FA 0C FA 0C FA 
BAT RX 0x317 [8] 0C FB 0C FB 0C FB 0C FB 
BAT RX 0x316 [8] 0C FA 0C FA 0C FA 0C FA 
BAT RX 0x315 [8] 0C FB 0C FB 0C FB 0C FB 
BAT RX 0x314 [8] 40 06 5B 04 00 01 05 41 
BAT RX 0x313 [8] 14 BE 00 00 00 DF 46 63 
BAT RX 0x312 [8] 00 00 00 00 02 00 00 00 
BAT RX 0x311 [8] 02 38 00 00 00 00 01 00 
BAT RX 0x330 [8] 01 09 01 01 0C FB 0C FA 
BAT RX 0x329 [8] 02 00 19 C0 02 00 40 48 
BAT RX 0x323 [8] 20 0E 10 00 04 00 00 00 
BAT RX 0x324 [8] 02 42 42 37 00 00 00 00 
BAT RX 0x322 [8] 00 F3 00 CE 03 01 46 46 
BAT RX 0x320 [8] 50 41 C3 85 85 00 00 00 
BAT RX 0x319 [8] 00 0C FB 0C FA 09 01 01 
BAT RX 0x318 [8] 0C FA 0C FA 0C FA 0C FA 
BAT RX 0x317 [8] 0C FB 0C FB 0C FB 0C FB 
BAT RX 0x316 [8] 0C FA 0C FA 0C FA 0C FA 
[568s] OK V=53.10V I=+0.0A T=22.3C SOC=70% SOH=99% | CVL=56.8V CCL=0.0A DCL=0.0A | chg=0 dis=0 fc1=0 fc2=0 | prot=0000 warn=0000 | packs=2 | inv0x305=no
BAT RX 0x315 [8] 0C FB 0C FB 0C FB 0C FB 
BAT RX 0x314 [8] 40 06 5B 04 00 01 05 41 
BAT RX 0x313 [8] 14 BE 00 00 00 DF 46 63 
BAT RX 0x312 [8] 00 00 00 00 02 00 00 00 
BAT RX 0x311 [8] 02 38 00 00 00 00 01 00 
BAT RX 0x330 [8] 02 0D 01 03 0C FC 0C F9 
BAT RX 0x329 [8] 01 00 22 34 01 00 3F AD 
BAT RX 0x323 [8] 20 0E 10 00 04 00 00 00 
BAT RX 0x324 [8] 00 01 47 50 4A 30 32 31 
BAT RX 0x322 [8] 00 F3 00 CE 03 01 46 46 
BAT RX 0x320 [8] 50 41 C3 85 85 00 00 00 
BAT RX 0x319 [8] 00 0C FC 0C F9 1D 03 01 
BAT RX 0x318 [8] 0C FA 0C FA 0C FA 0C FA 
BAT RX 0x317 [8] 0C FC 0C FB 0C FB 0C FB 
BAT RX 0x316 [8] 0C FA 0C FA 0C FA 0C F9 
BAT RX 0x315 [8] 0C FB 0C FB 0C FB 0C FB 
BAT RX 0x314 [8] 40 06 5B 04 00 02 05 41 
BAT RX 0x313 [8] 14 BE 00 00 00 DF 46 63 
BAT RX 0x312 [8] 00 00 00 00 02 00 00 00 

---- battery-bus rate stats (VERBOSE_STATS) ----------------------------
  8467 frames, 570 s elapsed
  ID     count   period(ms)  (min-max gap)
  0x324     564   1004 (1-4867)
  0x329     566    997 (1-4866)
  0x330     569    992 (0-4000)
  0x312     564   1001 (1-4867)
  0x313     564   1001 (1-4867)
  0x314     564   1001 (1-4867)
  0x315     564   1001 (1-4867)
  0x316     564   1001 (1-4867)
  0x317     564   1001 (1-4867)
  0x318     564   1001 (1-4867)
  0x319     564   1001 (1-4867)
  0x320     564   1001 (1-4866)
  0x322     564   1001 (0-4867)
  0x311     563   1001 (1-4867)
  0x323     565    999 (1-4866)
--------------------------------------------------------------------------

  TWAI: state=RUNNING  tx_err=0 rx_err=0  tx_failed=0  rx_missed=111 rx_overrun=0  arb_lost=0  bus_err=0
BAT RX 0x311 [8] 02 38 00 00 00 00 01 00 
BAT RX 0x330 [8] 01 07 01 01 0C FB 0C FA 
BAT RX 0x329 [8] 02 00 19 C0 02 00 40 48 
BAT RX 0x323 [8] 20 0E 10 00 04 00 00 00 
BAT RX 0x324 [8] 01 39 35 32 32 30 36 32 
BAT RX 0x322 [8] 00 F3 00 CE 03 01 46 46 
BAT RX 0x320 [8] 50 41 C3 85 85 00 00 00 
BAT RX 0x319 [8] 00 0C FB 0C FA 07 01 01 
BAT RX 0x318 [8] 0C FA 0C FA 0C FA 0C FA 
BAT RX 0x317 [8] 0C FB 0C FB 0C FB 0C FB 
BAT RX 0x316 [8] 0C FA 0C FA 0C FA 0C FA 
[570s] OK V=53.10V I=+0.0A T=22.3C SOC=70% SOH=99% | CVL=56.8V CCL=0.0A DCL=0.0A | chg=0 dis=0 fc1=0 fc2=0 | prot=0000 warn=0000 | packs=2 | inv0x305=no
BAT RX 0x315 [8] 0C FB 0C FB 0C FB 0C FB 
BAT RX 0x314 [8] 40 06 5B 04 00 01 05 41 
BAT RX 0x313 [8] 14 BE 00 00 00 DF 46 63 
BAT RX 0x312 [8] 00 00 00 00 02 00 00 00 
BAT RX 0x311 [8] 02 38 00 00 00 00 01 00 
BAT RX 0x330 [8] 01 0D 01 03 0C FB 0C F9 
BAT RX 0x329 [8] 01 00 22 34 01 00 3F AD 
BAT RX 0x323 [8] 20 0E 10 00 04 00 00 00 
BAT RX 0x324 [8] 02 43 30 37 00 00 00 00 
BAT RX 0x322 [8] 00 F3 00 CE 03 01 46 46 
BAT RX 0x320 [8] 50 41 C3 85 85 00 00 00 
BAT RX 0x319 [8] 00 0C FB 0C F9 0D 03 01 
BAT RX 0x318 [8] 0C FA 0C FA 0C FA 0C FA 
BAT RX 0x317 [8] 0C FB 0C FB 0C FB 0C FB 
BAT RX 0x316 [8] 0C FA 0C FA 0C FA 0C F9 
BAT RX 0x315 [8] 0C FB 0C FB 0C FB 0C FB 
BAT RX 0x314 [8] 40 06 5B 04 00 02 05 41 
BAT RX 0x313 [8] 14 BE 00 00 00 DF 46 63 
BAT RX 0x312 [8] 00 00 00 00 02 00 00 00 
BAT RX 0x311 [8] 02 38 00 00 00 00 01 00 
BAT RX 0x330 [8] 01 07 01 01 0C FB 0C FA 
BAT RX 0x329 [8] 02 00 19 C0 02 00 40 48 
BAT RX 0x323 [8] 20 0E 10 00 04 00 00 00 
BAT RX 0x324 [8] 00 02 47 50 4A 30 32 31 
BAT RX 0x322 [8] 00 F3 00 CE 03 01 46 46 
BAT RX 0x320 [8] 50 41 C3 85 85 00 00 00 
BAT RX 0x319 [8] 00 0C FB 0C FA 07 01 01 
BAT RX 0x318 [8] 0C FA 0C FA 0C FA 0C FA 
BAT RX 0x317 [8] 0C FB 0C FB 0C FB 0C FB 
BAT RX 0x316 [8] 0C FA 0C FA 0C FA 0C FA 
[572s] OK V=53.10V I=+0.0A T=22.3C SOC=70% SOH=99% | CVL=56.8V CCL=0.0A DCL=0.0A | chg=0 dis=0 fc1=0 fc2=0 | prot=0000 warn=0000 | packs=2 | inv0x305=no
BAT RX 0x315 [8] 0C FB 0C FB 0C FB 0C FB 
BAT RX 0x314 [8] 40 06 5B 04 00 01 05 41 
BAT RX 0x313 [8] 14 BE 00 00 00 DF 46 63 
BAT RX 0x312 [8] 00 00 00 00 02 00 00 00 
BAT RX 0x311 [8] 02 38 00 00 00 00 01 00 
BAT RX 0x330 [8] 01 06 01 01 0C FB 0C FA 
BAT RX 0x329 [8] 01 00 22 34 01 00 3F AD 
BAT RX 0x323 [8] 20 0E 10 00 04 00 00 00 
BAT RX 0x324 [8] 01 39 35 32 32 30 36 32 
BAT RX 0x322 [8] 00 F3 00 CE 03 01 46 46 
BAT RX 0x320 [8] 50 41 C3 85 85 00 00 00 
BAT RX 0x319 [8] 00 0C FB 0C FA 06 01 01 
BAT RX 0x318 [8] 0C FA 0C FA 0C FA 0C FA 
BAT RX 0x317 [8] 0C FB 0C FB 0C FB 0C FB 
BAT RX 0x316 [8] 0C FA 0C FA 0C FA 0C FA 
BAT RX 0x315 [8] 0C FB 0C FB 0C FB 0C FB 
BAT RX 0x314 [8] 40 06 5B 04 00 01 05 41 
BAT RX 0x313 [8] 14 BE 00 00 00 DF 46 63 
BAT RX 0x312 [8] 00 00 00 00 02 00 00 00 
BAT RX 0x311 [8] 02 38 00 00 00 00 01 00 
BAT RX 0x330 [8] 02 0D 01 03 0C FC 0C F9 
BAT RX 0x329 [8] 02 00 19 C0 02 00 40 48 
BAT RX 0x323 [8] 20 0E 10 00 04 00 00 00 
BAT RX 0x324 [8] 02 42 42 37 00 00 00 00 
BAT RX 0x322 [8] 00 F3 00 CE 03 01 46 46 
BAT RX 0x320 [8] 50 41 C3 85 85 00 00 00 
BAT RX 0x319 [8] 00 0C FC 0C F9 1D 03 01 
BAT RX 0x318 [8] 0C FA 0C FA 0C FA 0C FA 
BAT RX 0x317 [8] 0C FC 0C FB 0C FB 0C FB 
BAT RX 0x316 [8] 0C FA 0C FA 0C FA 0C FA 
[574s] OK V=53.10V I=+0.0A T=22.3C SOC=70% SOH=99% | CVL=56.8V CCL=0.0A DCL=0.0A | chg=0 dis=0 fc1=0 fc2=0 | prot=0000 warn=0000 | packs=2 | inv0x305=no
BAT RX 0x315 [8] 0C FB 0C FB 0C FB 0C FB 
BAT RX 0x314 [8] 40 06 5B 04 00 02 05 41 
BAT RX 0x313 [8] 14 BE 00 00 00 DF 46 63 
BAT RX 0x312 [8] 00 00 00 00 02 00 00 00 
BAT RX 0x311 [8] 02 38 00 00 00 00 01 00 
BAT RX 0x330 [8] 02 0D 01 01 0C FC 0C FA 
BAT RX 0x329 [8] 01 00 22 34 01 00 3F AD 
BAT RX 0x323 [8] 20 0E 10 00 04 00 00 00 
BAT RX 0x324 [8] 00 01 47 50 4A 30 32 31 
BAT RX 0x322 [8] 00 F3 00 CE 03 01 46 46 
BAT RX 0x320 [8] 50 41 C3 85 85 00 00 00 
BAT RX 0x319 [8] 00 0C FC 0C FA 1D 01 01 
BAT RX 0x318 [8] 0C FA 0C FA 0C FA 0C FA 
BAT RX 0x317 [8] 0C FC 0C FB 0C FB 0C FB 
BAT RX 0x316 [8] 0C FA 0C FA 0C FA 0C FA 
BAT RX 0x315 [8] 0C FB 0C FB 0C FB 0C FB 
BAT RX 0x314 [8] 40 06 5B 04 00 02 05 41 
BAT RX 0x313 [8] 14 BE 00 00 00 DF 46 63 
BAT RX 0x312 [8] 00 00 00 00 02 00 00 00 
BAT RX 0x311 [8] 02 38 00 00 00 00 01 00 
BAT RX 0x330 [8] 02 0D 01 01 0C FC 0C FA 
BAT RX 0x329 [8] 02 00 19 C0 02 00 40 48 
BAT RX 0x323 [8] 20 0E 10 00 04 00 00 00 
BAT RX 0x324 [8] 01 39 35 32 32 30 36 32 
BAT RX 0x322 [8] 00 F3 00 CE 03 01 46 46 
BAT RX 0x320 [8] 50 41 C3 85 85 00 00 00 
BAT RX 0x319 [8] 00 0C FC 0C FA 1D 01 01 
BAT RX 0x318 [8] 0C FA 0C FA 0C FA 0C FA 
BAT RX 0x317 [8] 0C FC 0C FB 0C FB 0C FB 
BAT RX 0x316 [8] 0C FA 0C FA 0C FA 0C FA 
[576s] OK V=53.10V I=+0.0A T=22.3C SOC=70% SOH=99% | CVL=56.8V CCL=0.0A DCL=0.0A | chg=0 dis=0 fc1=0 fc2=0 | prot=0000 warn=0000 | packs=2 | inv0x305=no
BAT RX 0x315 [8] 0C FB 0C FB 0C FB 0C FB 
BAT RX 0x314 [8] 40 06 5B 04 00 02 05 41 
BAT RX 0x313 [8] 14 BE 00 00 00 DF 46 63 
BAT RX 0x312 [8] 00 00 00 00 02 00 00 00 
BAT RX 0x311 [8] 02 38 00 00 00 00 01 00 
BAT RX 0x330 [8] 01 02 01 01 0C FB 0C FA 
BAT RX 0x329 [8] 01 00 22 34 01 00 3F AD 
BAT RX 0x323 [8] 20 0E 10 00 04 00 00 00 
BAT RX 0x324 [8] 02 43 30 37 00 00 00 00 
BAT RX 0x322 [8] 00 F3 00 CE 03 01 46 46 
BAT RX 0x320 [8] 50 41 C3 85 85 00 00 00 
BAT RX 0x319 [8] 00 0C FB 0C FA 02 01 01 
BAT RX 0x318 [8] 0C FB 0C FA 0C FA 0C FA 
BAT RX 0x317 [8] 0C FB 0C FB 0C FB 0C FB 
BAT RX 0x316 [8] 0C FA 0C FA 0C FA 0C FA 
BAT RX 0x315 [8] 0C FB 0C FB 0C FB 0C FB 
BAT RX 0x314 [8] 40 06 5B 04 00 01 05 41 
BAT RX 0x313 [8] 14 BE 00 00 00 DF 46 63 
BAT RX 0x312 [8] 00 00 00 00 02 00 00 00 
BAT RX 0x311 [8] 02 38 00 00 00 00 01 00 
BAT RX 0x330 [8] 02 0D 01 04 0C FC 0C F9 
BAT RX 0x329 [8] 02 00 19 C0 02 00 40 48 
BAT RX 0x323 [8] 20 0E 10 00 04 00 00 00 
BAT RX 0x324 [8] 00 02 47 50 4A 30 32 31 
BAT RX 0x322 [8] 00 F3 00 CE 03 01 46 46 
BAT RX 0x320 [8] 50 41 C3 85 85 00 00 00 
BAT RX 0x319 [8] 00 0C FC 0C F9 1D 04 01 
BAT RX 0x318 [8] 0C FA 0C FA 0C FA 0C FA 
BAT RX 0x317 [8] 0C FC 0C FB 0C FB 0C FB 
BAT RX 0x316 [8] 0C FA 0C FA 0C FA 0C FA 
[578s] OK V=53.10V I=+0.0A T=22.3C SOC=70% SOH=99% | CVL=56.8V CCL=0.0A DCL=0.0A | chg=0 dis=0 fc1=0 fc2=0 | prot=0000 warn=0000 | packs=2 | inv0x305=no
BAT RX 0x315 [8] 0C FB 0C FB 0C FB 0C FB 
BAT RX 0x314 [8] 40 06 5B 04 00 02 05 41 
BAT RX 0x313 [8] 14 BE 00 00 00 DF 46 63 
BAT RX 0x312 [8] 00 00 00 00 02 00 00 00 
BAT RX 0x311 [8] 02 38 00 00 00 00 01 00 
BAT RX 0x330 [8] 02 0D 01 01 0C FC 0C FA 
BAT RX 0x329 [8] 01 00 22 34 01 00 3F AD 
BAT RX 0x323 [8] 20 0E 10 00 04 00 00 00 
BAT RX 0x324 [8] 01 39 35 32 32 30 36 32 
BAT RX 0x322 [8] 00 F3 00 CE 03 01 46 46 
BAT RX 0x320 [8] 50 41 C3 85 85 00 00 00 
BAT RX 0x319 [8] 00 0C FC 0C FA 1D 01 01 
BAT RX 0x318 [8] 0C FA 0C FA 0C FA 0C FA 
BAT RX 0x317 [8] 0C FC 0C FB 0C FB 0C FB 
BAT RX 0x316 [8] 0C FA 0C FA 0C FA 0C FA 
BAT RX 0x315 [8] 0C FB 0C FB 0C FB 0C FB 
BAT RX 0x314 [8] 40 06 5B 04 00 02 05 41 
BAT RX 0x313 [8] 14 BE 00 00 00 DF 46 63 
BAT RX 0x312 [8] 00 00 00 00 02 00 00 00 
BAT RX 0x311 [8] 02 38 00 00 00 00 01 00 
BAT RX 0x330 [8] 01 0E 01 01 0C FC 0C FA 
BAT RX 0x329 [8] 02 00 19 C0 02 00 40 48 
BAT RX 0x323 [8] 20 0E 10 00 04 00 00 00 
BAT RX 0x324 [8] 02 42 42 37 00 00 00 00 
BAT RX 0x322 [8] 00 F3 00 CE 03 01 46 46 
BAT RX 0x320 [8] 50 41 C3 85 85 00 00 00 
BAT RX 0x319 [8] 00 0C FC 0C FA 0E 01 01 
BAT RX 0x318 [8] 0C FA 0C FA 0C FA 0C FA 
BAT RX 0x317 [8] 0C FB 0C FB 0C FB 0C FB 
BAT RX 0x316 [8] 0C FA 0C FA 0C FA 0C FA 
BAT RX 0x315 [8] 0C FB 0C FB 0C FB 0C FB 
[580s] OK V=53.10V I=+0.0A T=22.3C SOC=70% SOH=99% | CVL=56.8V CCL=0.0A DCL=0.0A | chg=0 dis=0 fc1=0 fc2=0 | prot=0000 warn=0000 | packs=2 | inv0x305=no
BAT RX 0x314 [8] 40 06 5B 04 00 01 05 41 
BAT RX 0x313 [8] 14 BE 00 00 00 DF 46 63 
BAT RX 0x312 [8] 00 00 00 00 02 00 00 00 
BAT RX 0x311 [8] 02 38 00 00 00 00 01 00 
BAT RX 0x330 [8] 01 07 01 01 0C FB 0C FA 
BAT RX 0x329 [8] 01 00 22 34 01 00 3F AD 
BAT RX 0x323 [8] 20 0E 10 00 04 00 00 00 
BAT RX 0x324 [8] 00 01 47 50 4A 30 32 31 
BAT RX 0x322 [8] 00 F3 00 CE 03 01 46 46 
BAT RX 0x320 [8] 50 41 C3 85 85 00 00 00 
BAT RX 0x319 [8] 00 0C FB 0C FA 07 01 01 
BAT RX 0x318 [8] 0C FB 0C FA 0C FA 0C FA 
BAT RX 0x317 [8] 0C FB 0C FB 0C FB 0C FB 
BAT RX 0x316 [8] 0C FA 0C FA 0C FA 0C FA 
BAT RX 0x315 [8] 0C FB 0C FB 0C FB 0C FB 
BAT RX 0x314 [8] 40 06 5B 04 00 01 05 41 
BAT RX 0x313 [8] 14 BE 00 00 00 DF 46 63 
BAT RX 0x312 [8] 00 00 00 00 02 00 00 00 
BAT RX 0x311 [8] 02 38 00 00 00 00 01 00 
BAT RX 0x330 [8] 02 0D 01 03 0C FC 0C F9 
BAT RX 0x329 [8] 02 00 19 C0 02 00 40 48 
BAT RX 0x323 [8] 20 0E 10 00 04 00 00 00 
BAT RX 0x324 [8] 01 39 35 32 32 30 36 32 
BAT RX 0x322 [8] 00 F3 00 CE 03 01 46 46 
BAT RX 0x320 [8] 50 41 C3 85 85 00 00 00 
BAT RX 0x319 [8] 00 0C FC 0C F9 1D 03 01 
BAT RX 0x318 [8] 0C FA 0C FA 0C FA 0C FA 
BAT RX 0x317 [8] 0C FC 0C FB 0C FB 0C FB 
BAT RX 0x316 [8] 0C FA 0C FA 0C F9 0C F9 
BAT RX 0x315 [8] 0C FB 0C FB 0C FB 0C FB 
[582s] OK V=53.10V I=+0.0A T=22.3C SOC=70% SOH=99% | CVL=56.8V CCL=0.0A DCL=0.0A | chg=0 dis=0 fc1=0 fc2=0 | prot=0000 warn=0000 | packs=2 | inv0x305=no
BAT RX 0x314 [8] 40 06 5B 04 00 02 05 41 
BAT RX 0x313 [8] 14 BE 00 00 00 DF 46 63 
BAT RX 0x312 [8] 00 00 00 00 02 00 00 00 
BAT RX 0x311 [8] 02 38 00 00 00 00 01 00 
BAT RX 0x330 [8] 02 0D 01 01 0C FC 0C FA 
BAT RX 0x329 [8] 01 00 22 34 01 00 3F AD 
BAT RX 0x323 [8] 20 0E 10 00 04 00 00 00 
BAT RX 0x324 [8] 02 43 30 37 00 00 00 00 
BAT RX 0x322 [8] 00 F3 00 CE 03 01 46 46 
BAT RX 0x320 [8] 50 41 C3 85 85 00 00 00 
BAT RX 0x319 [8] 00 0C FC 0C FA 1D 01 01 
BAT RX 0x318 [8] 0C FA 0C FA 0C FA 0C FA 
BAT RX 0x317 [8] 0C FC 0C FB 0C FB 0C FB 
BAT RX 0x316 [8] 0C FA 0C FA 0C FA 0C FA 
BAT RX 0x315 [8] 0C FB 0C FB 0C FB 0C FB 
BAT RX 0x314 [8] 40 06 5B 04 00 02 05 41 
BAT RX 0x313 [8] 14 BE 00 00 00 DF 46 63 
BAT RX 0x312 [8] 00 00 00 00 02 00 00 00 
BAT RX 0x311 [8] 02 38 00 00 00 00 01 00 
BAT RX 0x330 [8] 01 0E 01 03 0C FC 0C F9 
BAT RX 0x329 [8] 02 00 19 C0 02 00 40 48 
BAT RX 0x323 [8] 20 0E 10 00 04 00 00 00 
BAT RX 0x324 [8] 00 02 47 50 4A 30 32 31 
BAT RX 0x322 [8] 00 F3 00 CE 03 01 46 46 
BAT RX 0x320 [8] 50 41 C3 85 85 00 00 00 
BAT RX 0x319 [8] 00 0C FC 0C F9 0E 03 01 
BAT RX 0x318 [8] 0C FA 0C FA 0C FA 0C FA 
BAT RX 0x317 [8] 0C FC 0C FB 0C FB 0C FB 
BAT RX 0x316 [8] 0C FA 0C FA 0C FA 0C FA 
BAT RX 0x315 [8] 0C FB 0C FB 0C FB 0C FB 
[584s] OK V=53.10V I=+0.0A T=22.3C SOC=70% SOH=99% | CVL=56.8V CCL=0.0A DCL=0.0A | chg=0 dis=0 fc1=0 fc2=0 | prot=0000 warn=0000 | packs=2 | inv0x305=no
BAT RX 0x314 [8] 40 06 5B 04 00 02 05 41 
BAT RX 0x313 [8] 14 BE 00 00 00 DF 46 63 
BAT RX 0x312 [8] 00 00 00 00 02 00 00 00 
BAT RX 0x311 [8] 02 38 00 00 00 00 01 00 

---- battery-bus rate stats (VERBOSE_STATS) ----------------------------
  8693 frames, 585 s elapsed
  ID     count   period(ms)  (min-max gap)
  0x324     579   1003 (1-4867)
  0x329     581    997 (1-4866)
  0x330     584    992 (0-4000)
  0x312     579   1001 (1-4867)
  0x313     579   1001 (1-4867)
  0x314     579   1001 (1-4867)
  0x315     579   1001 (1-4867)
  0x316     579   1001 (1-4867)
  0x317     579   1001 (1-4867)
  0x318     579   1001 (1-4867)
  0x319     579   1001 (1-4867)
  0x320     579   1001 (1-4866)
  0x322     579   1001 (0-4867)
  0x311     579   1001 (1-4867)
  0x323     580    999 (1-4866)
--------------------------------------------------------------------------

  TWAI: state=RUNNING  tx_err=0 rx_err=0  tx_failed=0  rx_missed=111 rx_overrun=0  arb_lost=0  bus_err=0
BAT RX 0x330 [8] 02 0C 01 01 0C FC 0C FA 
BAT RX 0x329 [8] 01 00 22 34 01 00 3F AD 
BAT RX 0x323 [8] 20 0E 10 00 04 00 00 00 
BAT RX 0x324 [8] 01 39 35 32 32 30 36 32 
BAT RX 0x322 [8] 00 F3 00 CE 03 01 46 46 
BAT RX 0x320 [8] 50 41 C3 85 85 00 00 00 
BAT RX 0x319 [8] 00 0C FC 0C FA 1C 01 01 
BAT RX 0x318 [8] 0C FB 0C FA 0C FA 0C FA 
BAT RX 0x317 [8] 0C FC 0C FC 0C FC 0C FB 
BAT RX 0x316 [8] 0C FA 0C FA 0C FA 0C FA 
BAT RX 0x315 [8] 0C FB 0C FB 0C FB 0C FB 
BAT RX 0x314 [8] 40 06 5B 04 00 02 05 41 
BAT RX 0x313 [8] 14 BE 00 00 00 DF 46 63 
BAT RX 0x312 [8] 00 00 00 00 02 00 00 00 
BAT RX 0x311 [8] 02 38 00 00 00 00 01 00 
BAT RX 0x330 [8] 01 07 01 01 0C FB 0C FA 
BAT RX 0x329 [8] 02 00 19 C0 02 00 40 48 
BAT RX 0x323 [8] 20 0E 10 00 04 00 00 00 
BAT RX 0x324 [8] 02 42 42 37 00 00 00 00 
BAT RX 0x322 [8] 00 F3 00 CE 03 01 46 46 
BAT RX 0x320 [8] 50 41 C3 85 85 00 00 00 
BAT RX 0x319 [8] 00 0C FB 0C FA 07 01 01 
BAT RX 0x318 [8] 0C FB 0C FB 0C FA 0C FA 
BAT RX 0x317 [8] 0C FB 0C FB 0C FB 0C FB 
BAT RX 0x316 [8] 0C FA 0C FA 0C F9 0C F9 
BAT RX 0x315 [8] 0C FB 0C FB 0C FB 0C FB 
[586s] OK V=53.10V I=+0.0A T=22.3C SOC=70% SOH=99% | CVL=56.8V CCL=0.0A DCL=0.0A | chg=0 dis=0 fc1=0 fc2=0 | prot=0000 warn=0000 | packs=2 | inv0x305=no
BAT RX 0x314 [8] 40 06 5B 04 00 02 05 41 
BAT RX 0x313 [8] 14 BE 00 00 00 DF 46 63 
BAT RX 0x312 [8] 00 00 00 00 02 00 00 00 
BAT RX 0x311 [8] 02 38 00 00 00 00 01 00 
BAT RX 0x330 [8] 01 07 01 01 0C FB 0C FA 
BAT RX 0x329 [8] 01 00 22 34 01 00 3F AD 
BAT RX 0x323 [8] 20 0E 10 00 04 00 00 00 
BAT RX 0x324 [8] 00 01 47 50 4A 30 32 31 
BAT RX 0x322 [8] 00 F3 00 CE 03 01 46 46 
BAT RX 0x320 [8] 50 41 C3 85 85 00 00 00 
BAT RX 0x319 [8] 00 0C FB 0C FA 07 01 01 
BAT RX 0x318 [8] 0C FA 0C FA 0C FA 0C FA 
BAT RX 0x317 [8] 0C FB 0C FB 0C FB 0C FB 
BAT RX 0x316 [8] 0C FA 0C FA 0C F9 0C F9 
BAT RX 0x315 [8] 0C FC 0C FB 0C FB 0C FB 
BAT RX 0x314 [8] 40 06 5B 04 00 03 05 41 
BAT RX 0x313 [8] 14 BE 00 00 00 DF 46 63 
BAT RX 0x312 [8] 00 00 00 00 02 00 00 00 
BAT RX 0x311 [8] 02 38 00 00 00 00 01 00 
BAT RX 0x330 [8] 02 0C 01 01 0C FC 0C FA 
BAT RX 0x329 [8] 02 00 19 C0 02 00 40 48 
BAT RX 0x323 [8] 20 0E 10 00 04 00 00 00 
BAT RX 0x324 [8] 01 39 35 32 32 30 36 32 
BAT RX 0x322 [8] 00 F3 00 CE 03 01 46 46 
BAT RX 0x320 [8] 50 41 C3 85 85 00 00 00 
BAT RX 0x319 [8] 00 0C FC 0C FA 1C 01 01 
BAT RX 0x318 [8] 0C FA 0C FA 0C FA 0C FA 
BAT RX 0x317 [8] 0C FC 0C FB 0C FB 0C FB 
BAT RX 0x316 [8] 0C FA 0C FA 0C FA 0C F9 
BAT RX 0x315 [8] 0C FB 0C FB 0C FB 0C FB 
[588s] OK V=53.10V I=+0.0A T=22.3C SOC=70% SOH=99% | CVL=56.8V CCL=0.0A DCL=0.0A | chg=0 dis=0 fc1=0 fc2=0 | prot=0000 warn=0000 | packs=2 | inv0x305=no
BAT RX 0x314 [8] 40 06 5B 04 00 02 05 41 
BAT RX 0x313 [8] 14 BE 00 00 00 DF 46 63 
BAT RX 0x312 [8] 00 00 00 00 02 00 00 00 
BAT RX 0x311 [8] 02 38 00 00 00 00 01 00 
BAT RX 0x330 [8] 02 0D 01 01 0C FC 0C FA 
BAT RX 0x329 [8] 01 00 22 34 01 00 3F AD 
BAT RX 0x323 [8] 20 0E 10 00 04 00 00 00 
BAT RX 0x324 [8] 02 43 30 37 00 00 00 00 
BAT RX 0x322 [8] 00 F3 00 CE 03 01 46 46 
BAT RX 0x320 [8] 50 41 C3 85 85 00 00 00 
BAT RX 0x319 [8] 00 0C FC 0C FA 1D 01 01 
BAT RX 0x318 [8] 0C FA 0C FA 0C FA 0C FA 
BAT RX 0x317 [8] 0C FC 0C FB 0C FB 0C FB 
BAT RX 0x316 [8] 0C FA 0C FA 0C FA 0C FA 
BAT RX 0x315 [8] 0C FB 0C FB 0C FB 0C FB 
BAT RX 0x314 [8] 40 06 5B 04 00 02 05 41 
BAT RX 0x313 [8] 14 BE 00 00 00 DF 46 63 
BAT RX 0x312 [8] 00 00 00 00 02 00 00 00 
BAT RX 0x311 [8] 02 38 00 00 00 00 01 00 
BAT RX 0x330 [8] 02 02 01 01 0C FC 0C FA 
BAT RX 0x329 [8] 02 00 19 C0 02 00 40 48 
BAT RX 0x323 [8] 20 0E 10 00 04 00 00 00 
BAT RX 0x324 [8] 00 02 47 50 4A 30 32 31 
BAT RX 0x322 [8] 00 F3 00 CE 03 01 46 46 
BAT RX 0x320 [8] 50 41 C3 85 85 00 00 00 
BAT RX 0x319 [8] 00 0C FC 0C FA 12 01 01 
BAT RX 0x318 [8] 0C FA 0C FA 0C FA 0C FA 
BAT RX 0x317 [8] 0C FC 0C FC 0C FB 0C FB 
BAT RX 0x316 [8] 0C FA 0C FA 0C FA 0C FA 
BAT RX 0x315 [8] 0C FB 0C FB 0C FB 0C FB 
[590s] OK V=53.10V I=+0.0A T=22.3C SOC=70% SOH=99% | CVL=56.8V CCL=0.0A DCL=0.0A | chg=0 dis=0 fc1=0 fc2=0 | prot=0000 warn=0000 | packs=2 | inv0x305=no
BAT RX 0x314 [8] 40 06 5B 04 00 02 05 41 
BAT RX 0x313 [8] 14 BE 00 00 00 DF 46 63 
BAT RX 0x312 [8] 00 00 00 00 02 00 00 00 
BAT RX 0x311 [8] 02 38 00 00 00 00 01 00 
BAT RX 0x330 [8] 01 07 01 04 0C FB 0C F9 
BAT RX 0x329 [8] 01 00 22 34 01 00 3F AD 
BAT RX 0x323 [8] 20 0E 10 00 04 00 00 00 
BAT RX 0x324 [8] 01 39 35 32 32 30 36 32 
BAT RX 0x322 [8] 00 F3 00 CE 03 01 46 46 
BAT RX 0x320 [8] 50 41 C3 85 85 00 00 00 
BAT RX 0x319 [8] 00 0C FB 0C F9 07 04 01 
BAT RX 0x318 [8] 0C FA 0C FA 0C FA 0C FA 
BAT RX 0x317 [8] 0C FB 0C FB 0C FB 0C FB 
BAT RX 0x316 [8] 0C FA 0C FA 0C FA 0C FA 
BAT RX 0x315 [8] 0C FB 0C FB 0C FB 0C FB 
BAT RX 0x314 [8] 40 06 5B 04 00 01 05 41 
BAT RX 0x313 [8] 14 BE 00 00 00 DF 46 63 
BAT RX 0x312 [8] 00 00 00 00 02 00 00 00 
BAT RX 0x311 [8] 02 38 00 00 00 00 01 00 
BAT RX 0x330 [8] 01 04 01 01 0C FB 0C FA 
BAT RX 0x329 [8] 02 00 19 C0 02 00 40 48 
BAT RX 0x323 [8] 20 0E 10 00 04 00 00 00 
BAT RX 0x324 [8] 02 42 42 37 00 00 00 00 
BAT RX 0x322 [8] 00 F3 00 CE 03 01 46 46 
BAT RX 0x320 [8] 50 41 C3 85 85 00 00 00 
BAT RX 0x319 [8] 00 0C FB 0C FA 04 01 01 
BAT RX 0x318 [8] 0C FA 0C FA 0C FA 0C FA 
BAT RX 0x317 [8] 0C FB 0C FB 0C FB 0C FB 
BAT RX 0x316 [8] 0C FA 0C FA 0C FA 0C F9 
BAT RX 0x315 [8] 0C FB 0C FB 0C FB 0C FB 
BAT RX 0x314 [8] 40 06 5B 04 00 02 05 41 
[592s] OK V=53.10V I=+0.0A T=22.3C SOC=70% SOH=99% | CVL=56.8V CCL=0.0A DCL=0.0A | chg=0 dis=0 fc1=0 fc2=0 | prot=0000 warn=0000 | packs=2 | inv0x305=no
BAT RX 0x313 [8] 14 BE 00 00 00 DF 46 63 
BAT RX 0x312 [8] 00 00 00 00 02 00 00 00 
BAT RX 0x311 [8] 02 38 00 00 00 00 01 00 
BAT RX 0x330 [8] 02 0D 01 01 0C FC 0C FA 
BAT RX 0x329 [8] 01 00 22 34 01 00 3F AD 
BAT RX 0x323 [8] 20 0E 10 00 04 00 00 00 
BAT RX 0x324 [8] 00 01 47 50 4A 30 32 31 
BAT RX 0x322 [8] 00 F3 00 CE 03 01 46 46 
BAT RX 0x320 [8] 50 41 C3 85 85 00 00 00 
BAT RX 0x319 [8] 00 0C FC 0C FA 1D 01 01 
BAT RX 0x318 [8] 0C FB 0C FA 0C FA 0C FA 
BAT RX 0x317 [8] 0C FC 0C FB 0C FB 0C FB 
BAT RX 0x316 [8] 0C FA 0C FA 0C FA 0C FA 
BAT RX 0x315 [8] 0C FB 0C FB 0C FB 0C FB 
BAT RX 0x314 [8] 40 06 5B 04 00 02 05 41 
BAT RX 0x313 [8] 14 BE 00 00 00 DF 46 63 
BAT RX 0x312 [8] 00 00 00 00 02 00 00 00 
BAT RX 0x311 [8] 02 38 00 00 00 00 01 00 
BAT RX 0x330 [8] 02 0D 01 01 0C FC 0C FA 
BAT RX 0x329 [8] 02 00 19 C0 02 00 40 48 
BAT RX 0x323 [8] 20 0E 10 00 04 00 00 00 
BAT RX 0x324 [8] 01 39 35 32 32 30 36 32 
BAT RX 0x322 [8] 00 F3 00 CE 03 01 46 46 
BAT RX 0x320 [8] 50 41 C3 85 85 00 00 00 
BAT RX 0x319 [8] 00 0C FC 0C FA 1D 01 01 
BAT RX 0x318 [8] 0C FA 0C FA 0C FA 0C FA 
BAT RX 0x317 [8] 0C FC 0C FB 0C FB 0C FB 
BAT RX 0x316 [8] 0C FA 0C FA 0C FA 0C FA 
BAT RX 0x315 [8] 0C FB 0C FB 0C FB 0C FB 
BAT RX 0x314 [8] 40 06 5B 04 00 02 05 41 
[594s] OK V=53.10V I=+0.0A T=22.3C SOC=70% SOH=99% | CVL=56.8V CCL=0.0A DCL=0.0A | chg=0 dis=0 fc1=0 fc2=0 | prot=0000 warn=0000 | packs=2 | inv0x305=no
BAT RX 0x313 [8] 14 BE 00 00 00 DF 46 63 
BAT RX 0x312 [8] 00 00 00 00 02 00 00 00 
BAT RX 0x311 [8] 02 38 00 00 00 00 01 00 
BAT RX 0x330 [8] 01 09 01 02 0C FC 0C F9 
BAT RX 0x329 [8] 01 00 22 34 01 00 3F AD 
BAT RX 0x323 [8] 20 0E 10 00 04 00 00 00 
BAT RX 0x324 [8] 02 43 30 37 00 00 00 00 
BAT RX 0x322 [8] 00 F3 00 CE 03 01 46 46 
BAT RX 0x320 [8] 50 41 C3 85 85 00 00 00 
BAT RX 0x319 [8] 00 0C FC 0C F9 09 02 01 
BAT RX 0x318 [8] 0C FA 0C FA 0C FA 0C FA 
BAT RX 0x317 [8] 0C FC 0C FB 0C FB 0C FB 
BAT RX 0x316 [8] 0C FA 0C FA 0C FA 0C FA 
BAT RX 0x315 [8] 0C FB 0C FB 0C FB 0C FB 
BAT RX 0x314 [8] 40 06 5B 04 00 02 05 41 
BAT RX 0x313 [8] 14 BE 00 00 00 DF 46 63 
BAT RX 0x312 [8] 00 00 00 00 02 00 00 00 
BAT RX 0x311 [8] 02 38 00 00 00 00 01 00 
BAT RX 0x330 [8] 02 0C 01 01 0C FC 0C FA 
BAT RX 0x329 [8] 02 00 19 C0 02 00 40 48 
BAT RX 0x323 [8] 20 0E 10 00 04 00 00 00 
BAT RX 0x324 [8] 00 02 47 50 4A 30 32 31 
BAT RX 0x322 [8] 00 F3 00 CE 03 01 46 46 
BAT RX 0x320 [8] 50 41 C3 85 85 00 00 00 
BAT RX 0x319 [8] 00 0C FC 0C FA 1C 01 01 
BAT RX 0x318 [8] 0C FA 0C FA 0C FA 0C FA 
BAT RX 0x317 [8] 0C FC 0C FC 0C FB 0C FB 
BAT RX 0x316 [8] 0C FA 0C FA 0C FA 0C FA 
BAT RX 0x315 [8] 0C FB 0C FB 0C FB 0C FB 
BAT RX 0x314 [8] 40 06 5B 04 00 02 05 41 
[596s] OK V=53.10V I=+0.0A T=22.3C SOC=70% SOH=99% | CVL=56.8V CCL=0.0A DCL=0.0A | chg=0 dis=0 fc1=0 fc2=0 | prot=0000 warn=0000 | packs=2 | inv0x305=no
BAT RX 0x313 [8] 14 BE 00 00 00 DF 46 63 
BAT RX 0x312 [8] 00 00 00 00 02 00 00 00 
BAT RX 0x311 [8] 02 38 00 00 00 00 01 00 
BAT RX 0x330 [8] 02 0D 01 01 0C FC 0C FA 
BAT RX 0x329 [8] 01 00 22 34 01 00 3F AD 
BAT RX 0x323 [8] 20 0E 10 00 04 00 00 00 
BAT RX 0x324 [8] 01 39 35 32 32 30 36 32 
BAT RX 0x322 [8] 00 F3 00 CE 03 01 46 46 
BAT RX 0x320 [8] 50 41 C3 85 85 00 00 00 
BAT RX 0x319 [8] 00 0C FC 0C FA 1D 01 01 
BAT RX 0x318 [8] 0C FB 0C FB 0C FA 0C FA 
BAT RX 0x317 [8] 0C FC 0C FB 0C FB 0C FB 
BAT RX 0x316 [8] 0C FA 0C FA 0C FA 0C FA 
BAT RX 0x315 [8] 0C FB 0C FB 0C FB 0C FB 
BAT RX 0x314 [8] 40 06 5B 04 00 02 05 41 
BAT RX 0x313 [8] 14 BE 00 00 00 DF 46 63 
BAT RX 0x312 [8] 00 00 00 00 02 00 00 00 
BAT RX 0x311 [8] 02 38 00 00 00 00 01 00 
BAT RX 0x330 [8] 02 0D 01 01 0C FC 0C FA 
BAT RX 0x329 [8] 02 00 19 C0 02 00 40 48 
BAT RX 0x323 [8] 20 0E 10 00 04 00 00 00 
BAT RX 0x324 [8] 02 42 42 37 00 00 00 00 
BAT RX 0x322 [8] 00 F3 00 CE 03 01 46 46 
BAT RX 0x320 [8] 50 41 C3 85 85 00 00 00 
BAT RX 0x319 [8] 00 0C FC 0C FA 1D 01 01 
BAT RX 0x318 [8] 0C FB 0C FB 0C FA 0C FA 
BAT RX 0x317 [8] 0C FC 0C FB 0C FB 0C FB 
BAT RX 0x316 [8] 0C FA 0C FA 0C FA 0C FA 
BAT RX 0x315 [8] 0C FC 0C FB 0C FB 0C FB 
BAT RX 0x314 [8] 40 06 5B 04 00 02 05 41 
[598s] OK V=53.10V I=+0.0A T=22.3C SOC=70% SOH=99% | CVL=56.8V CCL=0.0A DCL=0.0A | chg=0 dis=0 fc1=0 fc2=0 | prot=0000 warn=0000 | packs=2 | inv0x305=no
BAT RX 0x313 [8] 14 BE 00 00 00 DF 46 63 
BAT RX 0x312 [8] 00 00 00 00 02 00 00 00 
BAT RX 0x311 [8] 02 38 00 00 00 00 01 00 
BAT RX 0x330 [8] 02 0D 01 01 0C FC 0C FA 
BAT RX 0x329 [8] 01 00 22 34 01 00 3F AD 
BAT RX 0x323 [8] 20 0E 10 00 04 00 00 00 
BAT RX 0x324 [8] 00 01 47 50 4A 30 32 31 
BAT RX 0x322 [8] 00 F3 00 CE 03 01 46 46 
BAT RX 0x320 [8] 50 41 C3 85 85 00 00 00 
BAT RX 0x319 [8] 00 0C FC 0C FA 1D 01 01 
BAT RX 0x318 [8] 0C FA 0C FA 0C FA 0C FA 
BAT RX 0x317 [8] 0C FC 0C FB 0C FB 0C FB 
BAT RX 0x316 [8] 0C FA 0C FA 0C FA 0C FA 
BAT RX 0x315 [8] 0C FB 0C FB 0C FB 0C FB 
BAT RX 0x314 [8] 40 06 5B 04 00 02 05 41 
BAT RX 0x313 [8] 14 BE 00 00 00 DF 46 63 
BAT RX 0x312 [8] 00 00 00 00 02 00 00 00 
BAT RX 0x311 [8] 02 38 00 00 00 00 01 00 

---- battery-bus rate stats (VERBOSE_STATS) ----------------------------
  8918 frames, 600 s elapsed
  ID     count   period(ms)  (min-max gap)
  0x324     594   1003 (1-4867)
  0x329     596    997 (1-4866)
  0x330     599    992 (0-4000)
  0x312     594   1001 (1-4867)
  0x313     594   1001 (1-4867)
  0x314     594   1001 (1-4867)
  0x315     594   1001 (1-4867)
  0x316     594   1001 (1-4867)
  0x317     594   1001 (1-4867)
  0x318     594   1001 (1-4867)
  0x319     594   1001 (1-4867)
  0x320     594   1001 (1-4866)
  0x322     594   1001 (0-4867)
  0x311     594   1001 (1-4867)
  0x323     595    999 (1-4866)
--------------------------------------------------------------------------

  TWAI: state=RUNNING  tx_err=0 rx_err=0  tx_failed=0  rx_missed=111 rx_overrun=0  arb_lost=0  bus_err=0
BAT RX 0x330 [8] 01 0E 01 02 0C FC 0C F9 
BAT RX 0x329 [8] 02 00 19 C0 02 00 40 48 
BAT RX 0x323 [8] 20 0E 10 00 04 00 00 00 
BAT RX 0x324 [8] 01 39 35 32 32 30 36 32 
BAT RX 0x322 [8] 00 F3 00 CE 03 01 46 46 
BAT RX 0x320 [8] 50 41 C3 85 85 00 00 00 
BAT RX 0x319 [8] 00 0C FC 0C F9 0E 02 01 
BAT RX 0x318 [8] 0C FB 0C FB 0C FA 0C FA 
BAT RX 0x317 [8] 0C FC 0C FB 0C FB 0C FB 
BAT RX 0x316 [8] 0C FA 0C FA 0C F9 0C F9 
BAT RX 0x315 [8] 0C FC 0C FC 0C FC 0C FB 
BAT RX 0x314 [8] 40 06 5B 04 00 03 05 41 
[600s] OK V=53.10V I=+0.0A T=22.3C SOC=70% SOH=99% | CVL=56.8V CCL=0.0A DCL=0.0A | chg=0 dis=0 fc1=0 fc2=0 | prot=0000 warn=0000 | packs=2 | inv0x305=no
BAT RX 0x313 [8] 14 BE 00 00 00 DF 46 63 
BAT RX 0x312 [8] 00 00 00 00 02 00 00 00 
BAT RX 0x311 [8] 02 38 00 00 00 00 01 00 
BAT RX 0x330 [8] 02 0D 01 01 0C FC 0C FA 
BAT RX 0x329 [8] 01 00 22 34 01 00 3F AD 
BAT RX 0x323 [8] 20 0E 10 00 04 00 00 00 
BAT RX 0x324 [8] 02 43 30 37 00 00 00 00 
BAT RX 0x322 [8] 00 F3 00 CE 03 01 46 46 
BAT RX 0x320 [8] 50 41 C3 85 85 00 00 00 
BAT RX 0x319 [8] 00 0C FC 0C FA 1D 01 01 
BAT RX 0x318 [8] 0C FB 0C FB 0C FA 0C FA 
BAT RX 0x317 [8] 0C FC 0C FB 0C FB 0C FB 
BAT RX 0x316 [8] 0C FA 0C FA 0C FA 0C F9 
BAT RX 0x315 [8] 0C FC 0C FB 0C FB 0C FB 
BAT RX 0x314 [8] 40 06 5B 04 00 03 05 41 
BAT RX 0x313 [8] 14 BE 00 00 00 DF 46 63 
BAT RX 0x312 [8] 00 00 00 00 02 00 00 00 
BAT RX 0x311 [8] 02 38 00 00 00 00 01 00 
BAT RX 0x330 [8] 02 0D 01 01 0C FC 0C FA 
BAT RX 0x329 [8] 02 00 19 C0 02 00 40 48 
BAT RX 0x323 [8] 20 0E 10 00 04 00 00 00 
BAT RX 0x324 [8] 00 02 47 50 4A 30 32 31 
BAT RX 0x322 [8] 00 F3 00 CE 03 01 46 46 
BAT RX 0x320 [8] 50 41 C3 85 85 00 00 00 
BAT RX 0x319 [8] 00 0C FC 0C FA 1D 01 01 
BAT RX 0x318 [8] 0C FB 0C FB 0C FA 0C FA 
BAT RX 0x317 [8] 0C FC 0C FB 0C FB 0C FB 
BAT RX 0x316 [8] 0C FA 0C FA 0C FA 0C FA 
BAT RX 0x315 [8] 0C FC 0C FB 0C FB 0C FB 
BAT RX 0x314 [8] 40 06 5B 04 00 02 05 41 
[602s] OK V=53.10V I=+0.0A T=22.3C SOC=70% SOH=99% | CVL=56.8V CCL=0.0A DCL=0.0A | chg=0 dis=0 fc1=0 fc2=0 | prot=0000 warn=0000 | packs=2 | inv0x305=no
BAT RX 0x313 [8] 14 BE 00 00 00 DF 46 63 
BAT RX 0x312 [8] 00 00 00 00 02 00 00 00 
BAT RX 0x311 [8] 02 38 00 00 00 00 01 00 
BAT RX 0x330 [8] 01 0E 01 02 0C FC 0C F9 
BAT RX 0x329 [8] 01 00 22 34 01 00 3F AD 
BAT RX 0x323 [8] 20 0E 10 00 04 00 00 00 
BAT RX 0x324 [8] 01 39 35 32 32 30 36 32 
BAT RX 0x322 [8] 00 F3 00 CE 03 01 46 46 
BAT RX 0x320 [8] 50 41 C3 85 85 00 00 00 
BAT RX 0x319 [8] 00 0C FC 0C F9 0E 02 01 
BAT RX 0x318 [8] 0C FA 0C FA 0C FA 0C FA 
BAT RX 0x317 [8] 0C FC 0C FB 0C FB 0C FB 
BAT RX 0x316 [8] 0C FA 0C FA 0C FA 0C FA 
BAT RX 0x315 [8] 0C FC 0C FB 0C FB 0C FB 
BAT RX 0x314 [8] 40 06 5B 04 00 02 05 41 
BAT RX 0x313 [8] 14 BE 00 00 00 DF 46 63 
BAT RX 0x312 [8] 00 00 00 00 02 00 00 00 
BAT RX 0x311 [8] 02 38 00 00 00 00 01 00 
BAT RX 0x330 [8] 02 0D 01 01 0C FC 0C FA 
BAT RX 0x329 [8] 02 00 19 C0 02 00 40 48 
BAT RX 0x323 [8] 20 0E 10 00 04 00 00 00 
BAT RX 0x324 [8] 02 42 42 37 00 00 00 00 
BAT RX 0x322 [8] 00 F3 00 CE 03 01 46 46 
BAT RX 0x320 [8] 50 41 C3 85 85 00 00 00 
BAT RX 0x319 [8] 00 0C FC 0C FA 1D 01 01 
BAT RX 0x318 [8] 0C FB 0C FB 0C FB 0C FA 
BAT RX 0x317 [8] 0C FC 0C FB 0C FB 0C FB 
BAT RX 0x316 [8] 0C FA 0C FA 0C FA 0C F9 
BAT RX 0x315 [8] 0C FB 0C FB 0C FB 0C FB 
BAT RX 0x314 [8] 40 06 5B 04 00 02 05 41 
BAT RX 0x313 [8] 14 BE 00 00 00 DF 46 63 
[604s] OK V=53.10V I=+0.0A T=22.3C SOC=70% SOH=99% | CVL=56.8V CCL=0.0A DCL=0.0A | chg=0 dis=0 fc1=0 fc2=0 | prot=0000 warn=0000 | packs=2 | inv0x305=no
BAT RX 0x312 [8] 00 00 00 00 02 00 00 00 
BAT RX 0x311 [8] 02 38 00 00 00 00 01 00 
BAT RX 0x330 [8] 02 0D 01 01 0C FC 0C FA 
BAT RX 0x329 [8] 01 00 22 34 01 00 3F AD 
BAT RX 0x323 [8] 20 0E 10 00 04 00 00 00 
BAT RX 0x324 [8] 00 01 47 50 4A 30 32 31 
BAT RX 0x322 [8] 00 F3 00 CE 03 01 46 46 
BAT RX 0x320 [8] 50 41 C3 85 85 00 00 00 
BAT RX 0x319 [8] 00 0C FC 0C FA 1D 01 01 
BAT RX 0x318 [8] 0C FA 0C FA 0C FA 0C FA 
BAT RX 0x317 [8] 0C FC 0C FB 0C FB 0C FB 
BAT RX 0x316 [8] 0C FA 0C FA 0C FA 0C FA 
BAT RX 0x315 [8] 0C FB 0C FB 0C FB 0C FB 
BAT RX 0x314 [8] 40 06 5B 04 00 02 05 41 
BAT RX 0x313 [8] 14 BE 00 00 00 DF 46 63 
BAT RX 0x312 [8] 00 00 00 00 02 00 00 00 
BAT RX 0x311 [8] 02 38 00 00 00 00 01 00 
BAT RX 0x330 [8] 02 0D 01 03 0C FC 0C F9 
BAT RX 0x329 [8] 02 00 19 C0 02 00 40 48 
BAT RX 0x323 [8] 20 0E 10 00 04 00 00 00 
BAT RX 0x324 [8] 01 39 35 32 32 30 36 32 
BAT RX 0x322 [8] 00 F3 00 CE 03 01 46 46 
BAT RX 0x320 [8] 50 41 C3 85 85 00 00 00 
BAT RX 0x319 [8] 00 0C FC 0C F9 1D 03 01 
BAT RX 0x318 [8] 0C FA 0C FA 0C FA 0C FA 
BAT RX 0x317 [8] 0C FC 0C FB 0C FB 0C FB 
BAT RX 0x316 [8] 0C FA 0C FA 0C FA 0C FA 
BAT RX 0x315 [8] 0C FB 0C FB 0C FB 0C FB 
BAT RX 0x314 [8] 40 06 5B 04 00 02 05 41 
BAT RX 0x313 [8] 14 BE 00 00 00 DF 46 63 
[606s] OK V=53.10V I=+0.0A T=22.3C SOC=70% SOH=99% | CVL=56.8V CCL=0.0A DCL=0.0A | chg=0 dis=0 fc1=0 fc2=0 | prot=0000 warn=0000 | packs=2 | inv0x305=no
BAT RX 0x312 [8] 00 00 00 00 02 00 00 00 
BAT RX 0x311 [8] 02 38 00 00 00 00 01 00 
BAT RX 0x330 [8] 01 0C 01 03 0C FC 0C FA 
BAT RX 0x329 [8] 01 00 22 34 01 00 3F AD 
BAT RX 0x323 [8] 20 0E 10 00 04 00 00 00 
BAT RX 0x324 [8] 02 43 30 37 00 00 00 00 
BAT RX 0x322 [8] 00 F3 00 CE 03 01 46 46 
BAT RX 0x320 [8] 50 41 C3 85 85 00 00 00 
BAT RX 0x319 [8] 00 0C FC 0C FA 0C 03 01 
BAT RX 0x318 [8] 0C FB 0C FA 0C FA 0C FA 
BAT RX 0x317 [8] 0C FC 0C FB 0C FB 0C FB 
BAT RX 0x316 [8] 0C FA 0C FA 0C FA 0C FA 
BAT RX 0x315 [8] 0C FC 0C FB 0C FB 0C FB 
BAT RX 0x314 [8] 40 06 5B 04 00 02 05 41 
BAT RX 0x313 [8] 14 BE 00 00 00 DF 46 63 
BAT RX 0x312 [8] 00 00 00 00 02 00 00 00 
BAT RX 0x311 [8] 02 38 00 00 00 00 01 00 
BAT RX 0x330 [8] 01 0E 01 02 0C FC 0C F9 
BAT RX 0x329 [8] 02 00 19 C0 02 00 40 48 
BAT RX 0x323 [8] 20 0E 10 00 04 00 00 00 
BAT RX 0x324 [8] 00 02 47 50 4A 30 32 31 
BAT RX 0x322 [8] 00 F3 00 CE 03 01 46 46 
BAT RX 0x320 [8] 50 41 C3 85 85 00 00 00 
BAT RX 0x319 [8] 00 0C FC 0C F9 0E 02 01 
BAT RX 0x318 [8] 0C FA 0C FA 0C FA 0C FA 
BAT RX 0x317 [8] 0C FC 0C FB 0C FB 0C FB 
BAT RX 0x316 [8] 0C FA 0C FA 0C FA 0C F9 
BAT RX 0x315 [8] 0C FC 0C FB 0C FB 0C FB 
BAT RX 0x314 [8] 40 06 5B 04 00 03 05 41 
BAT RX 0x313 [8] 14 BE 00 00 00 DF 46 63 
[608s] OK V=53.10V I=+0.0A T=22.3C SOC=70% SOH=99% | CVL=56.8V CCL=0.0A DCL=0.0A | chg=0 dis=0 fc1=0 fc2=0 | prot=0000 warn=0000 | packs=2 | inv0x305=no
BAT RX 0x312 [8] 00 00 00 00 02 00 00 00 
BAT RX 0x311 [8] 02 38 00 00 00 00 01 00 
BAT RX 0x330 [8] 02 0C 01 01 0C FC 0C FA 
BAT RX 0x329 [8] 01 00 22 34 01 00 3F AD 
BAT RX 0x323 [8] 20 0E 10 00 04 00 00 00 
BAT RX 0x324 [8] 01 39 35 32 32 30 36 32 
BAT RX 0x322 [8] 00 F3 00 CE 03 01 46 46 
BAT RX 0x320 [8] 50 41 C3 85 85 00 00 00 
BAT RX 0x319 [8] 00 0C FC 0C FA 1C 01 01 
BAT RX 0x318 [8] 0C FB 0C FB 0C FA 0C FA 
BAT RX 0x317 [8] 0C FC 0C FC 0C FB 0C FB 
BAT RX 0x316 [8] 0C FA 0C FA 0C FA 0C FA 
BAT RX 0x315 [8] 0C FB 0C FB 0C FB 0C FB 
BAT RX 0x314 [8] 40 06 5B 04 00 02 05 41 
BAT RX 0x313 [8] 14 BE 00 00 00 DF 46 63 
BAT RX 0x312 [8] 00 00 00 00 02 00 00 00 
BAT RX 0x311 [8] 02 38 00 00 00 00 01 00 
BAT RX 0x330 [8] 02 0C 01 01 0C FC 0C FA 
BAT RX 0x329 [8] 02 00 19 C0 02 00 40 48 
BAT RX 0x323 [8] 20 0E 10 00 04 00 00 00 
BAT RX 0x324 [8] 02 42 42 37 00 00 00 00 
BAT RX 0x322 [8] 00 F3 00 CE 03 01 46 46 
BAT RX 0x320 [8] 50 41 C3 85 85 00 00 00 
BAT RX 0x319 [8] 00 0C FC 0C FA 1C 01 01 
BAT RX 0x318 [8] 0C FB 0C FA 0C FA 0C FA 
BAT RX 0x317 [8] 0C FC 0C FC 0C FC 0C FB 
BAT RX 0x316 [8] 0C FA 0C FA 0C FA 0C FA 
BAT RX 0x315 [8] 0C FB 0C FB 0C FB 0C FB 
BAT RX 0x314 [8] 40 06 5B 04 00 02 05 41 
BAT RX 0x313 [8] 14 BE 00 00 00 DF 46 63 
[610s] OK V=53.10V I=+0.0A T=22.3C SOC=70% SOH=99% | CVL=56.8V CCL=0.0A DCL=0.0A | chg=0 dis=0 fc1=0 fc2=0 | prot=0000 warn=0000 | packs=2 | inv0x305=no
BAT RX 0x312 [8] 00 00 00 00 02 00 00 00 
BAT RX 0x311 [8] 02 38 00 00 00 00 01 00 
BAT RX 0x330 [8] 01 07 01 01 0C FC 0C FA 
BAT RX 0x329 [8] 01 00 22 34 01 00 3F AD 
BAT RX 0x323 [8] 20 0E 10 00 04 00 00 00 
BAT RX 0x324 [8] 00 01 47 50 4A 30 32 31 
BAT RX 0x322 [8] 00 F3 00 CE 03 01 46 46 
BAT RX 0x320 [8] 50 41 C3 85 85 00 00 00 
BAT RX 0x319 [8] 00 0C FC 0C FA 07 01 01 
BAT RX 0x318 [8] 0C FB 0C FA 0C FA 0C FA 
BAT RX 0x317 [8] 0C FC 0C FB 0C FB 0C FB 
BAT RX 0x316 [8] 0C FA 0C FA 0C FA 0C F9 
BAT RX 0x315 [8] 0C FC 0C FC 0C FB 0C FB 
BAT RX 0x314 [8] 40 06 5B 04 00 03 05 41 
BAT RX 0x313 [8] 14 BE 00 00 00 DF 46 63 
BAT RX 0x312 [8] 00 00 00 00 02 00 00 00 
BAT RX 0x311 [8] 02 38 00 00 00 00 01 00 
BAT RX 0x330 [8] 01 0E 01 03 0C FC 0C F9 
BAT RX 0x329 [8] 02 00 19 C0 02 00 40 48 
BAT RX 0x323 [8] 20 0E 10 00 04 00 00 00 
BAT RX 0x324 [8] 01 39 35 32 32 30 36 32 
BAT RX 0x322 [8] 00 F3 00 CE 03 01 46 46 
BAT RX 0x320 [8] 50 41 C3 85 85 00 00 00 
BAT RX 0x319 [8] 00 0C FC 0C F9 0E 03 01 
BAT RX 0x318 [8] 0C FB 0C FB 0C FA 0C FA 
BAT RX 0x317 [8] 0C FC 0C FB 0C FB 0C FB 
BAT RX 0x316 [8] 0C FA 0C FA 0C FA 0C F9 
BAT RX 0x315 [8] 0C FC 0C FC 0C FC 0C FB 
BAT RX 0x314 [8] 40 06 5B 04 00 03 05 41 
BAT RX 0x313 [8] 14 BE 00 00 00 DF 46 63 
[612s] OK V=53.10V I=+0.0A T=22.3C SOC=70% SOH=99% | CVL=56.8V CCL=0.0A DCL=0.0A | chg=0 dis=0 fc1=0 fc2=0 | prot=0000 warn=0000 | packs=2 | inv0x305=no
BAT RX 0x312 [8] 00 00 00 00 02 00 00 00 
BAT RX 0x311 [8] 02 38 00 00 00 00 01 00 
BAT RX 0x330 [8] 01 0E 01 01 0C FC 0C FA 
BAT RX 0x329 [8] 01 00 22 34 01 00 3F AD 
BAT RX 0x323 [8] 20 0E 10 00 04 00 00 00 
BAT RX 0x324 [8] 02 43 30 37 00 00 00 00 
BAT RX 0x322 [8] 00 F3 00 CE 03 01 46 46 
BAT RX 0x320 [8] 50 41 C3 85 85 00 00 00 
BAT RX 0x319 [8] 00 0C FC 0C FA 0E 01 01 
BAT RX 0x318 [8] 0C FB 0C FB 0C FA 0C FA 
BAT RX 0x317 [8] 0C FC 0C FB 0C FB 0C FB 
BAT RX 0x316 [8] 0C FA 0C FA 0C FA 0C F9 
BAT RX 0x315 [8] 0C FC 0C FC 0C FB 0C FB 
BAT RX 0x314 [8] 40 06 5B 04 00 03 05 41 
BAT RX 0x313 [8] 14 BE 00 00 00 DF 46 63 
BAT RX 0x312 [8] 00 00 00 00 02 00 00 00 
BAT RX 0x311 [8] 02 38 00 00 00 00 01 00 
BAT RX 0x330 [8] 01 0D 01 01 0C FC 0C F9 
BAT RX 0x329 [8] 02 00 19 C0 02 00 40 48 
BAT RX 0x323 [8] 20 0E 10 00 04 00 00 00 
BAT RX 0x324 [8] 00 02 47 50 4A 30 32 31 
BAT RX 0x322 [8] 00 F3 00 CE 03 01 46 46 
BAT RX 0x320 [8] 50 41 C3 85 85 00 00 00 
BAT RX 0x319 [8] 00 0C FC 0C F9 0D 01 01 
BAT RX 0x318 [8] 0C FB 0C FB 0C FB 0C FA 
BAT RX 0x317 [8] 0C FC 0C FB 0C FB 0C FB 
BAT RX 0x316 [8] 0C FA 0C FA 0C FA 0C FA 
BAT RX 0x315 [8] 0C FB 0C FB 0C FB 0C FB 
BAT RX 0x314 [8] 40 06 5B 04 00 02 05 41 
BAT RX 0x313 [8] 14 BE 00 00 00 DF 46 63 
[614s] OK V=53.10V I=+0.0A T=22.3C SOC=70% SOH=99% | CVL=56.8V CCL=0.0A DCL=0.0A | chg=0 dis=0 fc1=0 fc2=0 | prot=0000 warn=0000 | packs=2 | inv0x305=no
BAT RX 0x312 [8] 00 00 00 00 02 00 00 00 
BAT RX 0x311 [8] 02 38 00 00 00 00 01 00 

---- battery-bus rate stats (VERBOSE_STATS) ----------------------------
  9143 frames, 615 s elapsed
  ID     count   period(ms)  (min-max gap)
  0x324     609   1003 (1-4867)
  0x329     611    997 (1-4866)
  0x330     614    993 (0-4000)
  0x312     609   1001 (1-4867)
  0x313     609   1001 (1-4867)
  0x314     609   1001 (1-4867)
  0x315     609   1001 (1-4867)
  0x316     609   1001 (1-4867)
  0x317     609   1001 (1-4867)
  0x318     609   1001 (1-4867)
  0x319     609   1001 (1-4867)
  0x320     609   1001 (1-4866)
  0x322     609   1001 (0-4867)
  0x311     609   1001 (1-4867)
  0x323     610    999 (1-4866)
--------------------------------------------------------------------------

  TWAI: state=RUNNING  tx_err=0 rx_err=0  tx_failed=0  rx_missed=111 rx_overrun=0  arb_lost=0  bus_err=0
BAT RX 0x330 [8] 02 0D 01 01 0C FC 0C FA 
BAT RX 0x329 [8] 01 00 22 34 01 00 3F AD 
BAT RX 0x323 [8] 20 0E 10 00 04 00 00 00 
BAT RX 0x324 [8] 01 39 35 32 32 30 36 32 
BAT RX 0x322 [8] 00 F3 00 CE 03 01 46 46 
BAT RX 0x320 [8] 50 41 C3 85 85 00 00 00 
BAT RX 0x319 [8] 00 0C FC 0C FA 1D 01 01 
BAT RX 0x318 [8] 0C FB 0C FA 0C FA 0C FA 
BAT RX 0x317 [8] 0C FC 0C FB 0C FB 0C FB 
BAT RX 0x316 [8] 0C FA 0C FA 0C FA 0C FA 
BAT RX 0x315 [8] 0C FB 0C FB 0C FB 0C FB 
BAT RX 0x314 [8] 40 06 5B 04 00 02 05 41 
BAT RX 0x313 [8] 14 BE 00 00 00 DF 46 63 
BAT RX 0x312 [8] 00 00 00 00 02 00 00 00 
BAT RX 0x311 [8] 02 38 00 00 00 00 01 00 
BAT RX 0x330 [8] 01 0E 01 03 0C FC 0C F9 
BAT RX 0x329 [8] 02 00 19 C0 02 00 40 48 
BAT RX 0x323 [8] 20 0E 10 00 04 00 00 00 
BAT RX 0x324 [8] 02 42 42 37 00 00 00 00 
BAT RX 0x322 [8] 00 F3 00 CE 03 01 46 46 
BAT RX 0x320 [8] 50 41 C3 85 85 00 00 00 
BAT RX 0x319 [8] 00 0C FC 0C F9 0E 03 01 
BAT RX 0x318 [8] 0C FB 0C FB 0C FA 0C FA 
BAT RX 0x317 [8] 0C FC 0C FB 0C FB 0C FB 
BAT RX 0x316 [8] 0C FA 0C FA 0C FA 0C F9 
BAT RX 0x315 [8] 0C FC 0C FC 0C FC 0C FB 
BAT RX 0x314 [8] 40 06 5B 04 00 03 05 41 
BAT RX 0x313 [8] 14 BE 00 00 00 DF 46 63 
BAT RX 0x312 [8] 00 00 00 00 02 00 00 00 
[616s] OK V=53.10V I=+0.0A T=22.3C SOC=70% SOH=99% | CVL=56.8V CCL=0.0A DCL=0.0A | chg=0 dis=0 fc1=0 fc2=0 | prot=0000 warn=0000 | packs=2 | inv0x305=no
BAT RX 0x311 [8] 02 38 00 00 00 00 01 00 
BAT RX 0x330 [8] 01 0E 01 02 0C FC 0C F9 
BAT RX 0x329 [8] 01 00 22 34 01 00 3F AD 
BAT RX 0x323 [8] 20 0E 10 00 04 00 00 00 
BAT RX 0x324 [8] 00 01 47 50 4A 30 32 31 
BAT RX 0x322 [8] 00 F3 00 CE 03 01 46 46 
BAT RX 0x320 [8] 50 41 C3 85 85 00 00 00 
BAT RX 0x319 [8] 00 0C FC 0C F9 0E 02 01 
BAT RX 0x318 [8] 0C FB 0C FA 0C FA 0C FA 
BAT RX 0x317 [8] 0C FC 0C FC 0C FB 0C FB 
BAT RX 0x316 [8] 0C FA 0C FA 0C FA 0C FA 
BAT RX 0x315 [8] 0C FC 0C FC 0C FB 0C FB 
BAT RX 0x314 [8] 40 06 5B 04 00 02 05 41 
BAT RX 0x313 [8] 14 BE 00 00 00 DF 46 63 
BAT RX 0x312 [8] 00 00 00 00 02 00 00 00 
BAT RX 0x311 [8] 02 38 00 00 00 00 01 00 
BAT RX 0x330 [8] 01 0E 01 01 0C FC 0C FA 
BAT RX 0x329 [8] 02 00 19 C0 02 00 40 48 
BAT RX 0x323 [8] 20 0E 10 00 04 00 00 00 
BAT RX 0x324 [8] 01 39 35 32 32 30 36 32 
BAT RX 0x322 [8] 00 F3 00 CE 03 01 46 46 
BAT RX 0x320 [8] 50 41 C3 85 85 00 00 00 
BAT RX 0x319 [8] 00 0C FC 0C FA 0E 01 01 
BAT RX 0x318 [8] 0C FB 0C FB 0C FA 0C FA 
BAT RX 0x317 [8] 0C FC 0C FB 0C FB 0C FB 
BAT RX 0x316 [8] 0C FA 0C FA 0C FA 0C FA 
BAT RX 0x315 [8] 0C FC 0C FB 0C FB 0C FB 
BAT RX 0x314 [8] 40 06 5B 04 00 02 05 41 
BAT RX 0x313 [8] 14 BE 00 00 00 DF 46 63 
BAT RX 0x312 [8] 00 00 00 00 02 00 00 00 
[618s] OK V=53.10V I=+0.0A T=22.3C SOC=70% SOH=99% | CVL=56.8V CCL=0.0A DCL=0.0A | chg=0 dis=0 fc1=0 fc2=0 | prot=0000 warn=0000 | packs=2 | inv0x305=no
BAT RX 0x311 [8] 02 38 00 00 00 00 01 00 
BAT RX 0x330 [8] 01 10 01 01 0C FC 0C FA 
BAT RX 0x329 [8] 01 00 22 34 01 00 3F AD 
BAT RX 0x323 [8] 20 0E 10 00 04 00 00 00 
BAT RX 0x324 [8] 02 43 30 37 00 00 00 00 
BAT RX 0x322 [8] 00 F3 00 CE 03 01 46 46 
BAT RX 0x320 [8] 50 41 C3 85 85 00 00 00 
BAT RX 0x319 [8] 00 0C FC 0C FA 10 01 01 
BAT RX 0x318 [8] 0C FA 0C FA 0C FA 0C FA 
BAT RX 0x317 [8] 0C FC 0C FC 0C FB 0C FB 
BAT RX 0x316 [8] 0C FA 0C FA 0C FA 0C FA 
BAT RX 0x315 [8] 0C FB 0C FB 0C FB 0C FB 
BAT RX 0x314 [8] 40 06 5B 04 00 02 05 41 
BAT RX 0x313 [8] 14 BE 00 00 00 DF 46 63 
BAT RX 0x312 [8] 00 00 00 00 02 00 00 00 
BAT RX 0x311 [8] 02 38 00 00 00 00 01 00 
BAT RX 0x330 [8] 02 0D 01 02 0C FC 0C FA 
BAT RX 0x329 [8] 02 00 19 C0 02 00 40 48 
BAT RX 0x323 [8] 20 0E 10 00 04 00 00 00 
BAT RX 0x324 [8] 00 02 47 50 4A 30 32 31 
BAT RX 0x322 [8] 00 F3 00 CE 03 01 46 46 
BAT RX 0x320 [8] 50 41 C3 85 85 00 00 00 
BAT RX 0x319 [8] 00 0C FC 0C FA 1D 02 01 
BAT RX 0x318 [8] 0C FB 0C FB 0C FB 0C FB 
BAT RX 0x317 [8] 0C FC 0C FB 0C FB 0C FB 
BAT RX 0x316 [8] 0C FA 0C FA 0C FA 0C F9 
BAT RX 0x315 [8] 0C FC 0C FC 0C FC 0C FB 
BAT RX 0x314 [8] 40 06 5B 04 00 03 05 41 
BAT RX 0x313 [8] 14 BE 00 00 00 DF 46 63 
BAT RX 0x312 [8] 00 00 00 00 02 00 00 00 
[620s] OK V=53.10V I=+0.0A T=22.3C SOC=70% SOH=99% | CVL=56.8V CCL=0.0A DCL=0.0A | chg=0 dis=0 fc1=0 fc2=0 | prot=0000 warn=0000 | packs=2 | inv0x305=no
BAT RX 0x311 [8] 02 38 00 00 00 00 01 00 
BAT RX 0x330 [8] 01 0D 01 0A 0C FC 0C F9 
BAT RX 0x329 [8] 01 00 22 34 01 00 3F AD 
BAT RX 0x323 [8] 20 0E 10 00 04 00 00 00 
BAT RX 0x324 [8] 01 39 35 32 32 30 36 32 
BAT RX 0x322 [8] 00 F3 00 CE 03 01 46 46 
BAT RX 0x320 [8] 50 41 C3 85 85 00 00 00 
BAT RX 0x319 [8] 00 0C FC 0C F9 0D 0A 01 
BAT RX 0x318 [8] 0C FB 0C FB 0C FB 0C FA 
BAT RX 0x317 [8] 0C FC 0C FB 0C FB 0C FB 
BAT RX 0x316 [8] 0C FA 0C FA 0C FA 0C FA 
BAT RX 0x315 [8] 0C FC 0C FB 0C FB 0C FB 
BAT RX 0x314 [8] 40 06 5B 04 00 02 05 41 
BAT RX 0x313 [8] 14 BE 00 00 00 DF 46 63 
BAT RX 0x312 [8] 00 00 00 00 02 00 00 00 
BAT RX 0x311 [8] 02 38 00 00 00 00 01 00 
BAT RX 0x330 [8] 02 0D 01 02 0C FC 0C FA 
BAT RX 0x329 [8] 02 00 19 C0 02 00 40 48 
BAT RX 0x323 [8] 20 0E 10 00 04 00 00 00 
BAT RX 0x324 [8] 02 42 42 37 00 00 00 00 
BAT RX 0x322 [8] 00 F3 00 CE 03 01 46 46 
BAT RX 0x320 [8] 50 41 C3 85 85 00 00 00 
BAT RX 0x319 [8] 00 0C FC 0C FA 1D 02 01 
BAT RX 0x318 [8] 0C FB 0C FB 0C FA 0C FA 
BAT RX 0x317 [8] 0C FC 0C FB 0C FB 0C FB 
BAT RX 0x316 [8] 0C FA 0C FA 0C FA 0C F9 
BAT RX 0x315 [8] 0C FC 0C FC 0C FB 0C FB 
BAT RX 0x314 [8] 40 06 5B 04 00 03 05 41 
BAT RX 0x313 [8] 14 BE 00 00 00 DF 46 63 
BAT RX 0x312 [8] 00 00 00 00 02 00 00 00 
[622s] OK V=53.10V I=+0.0A T=22.3C SOC=70% SOH=99% | CVL=56.8V CCL=0.0A DCL=0.0A | chg=0 dis=0 fc1=0 fc2=0 | prot=0000 warn=0000 | packs=2 | inv0x305=no
BAT RX 0x311 [8] 02 38 00 00 00 00 01 00 
BAT RX 0x330 [8] 01 09 01 01 0C FC 0C FA 
BAT RX 0x329 [8] 01 00 22 34 01 00 3F AD 
BAT RX 0x323 [8] 20 0E 10 00 04 00 00 00 
BAT RX 0x324 [8] 00 01 47 50 4A 30 32 31 
BAT RX 0x322 [8] 00 F3 00 CE 03 01 46 46 
BAT RX 0x320 [8] 50 41 C3 85 85 00 00 00 
BAT RX 0x319 [8] 00 0C FC 0C FA 09 01 01 
BAT RX 0x318 [8] 0C FB 0C FA 0C FA 0C FA 
BAT RX 0x317 [8] 0C FC 0C FC 0C FB 0C FB 
BAT RX 0x316 [8] 0C FA 0C FA 0C FA 0C FA 
BAT RX 0x315 [8] 0C FC 0C FB 0C FB 0C FB 
BAT RX 0x314 [8] 40 06 5B 04 00 02 05 41 
BAT RX 0x313 [8] 14 BE 00 00 00 DF 46 63 
BAT RX 0x312 [8] 00 00 00 00 02 00 00 00 
BAT RX 0x311 [8] 02 38 00 00 00 00 01 00 
BAT RX 0x330 [8] 02 0D 01 01 0C FC 0C FA 
BAT RX 0x329 [8] 02 00 19 C0 02 00 40 48 
BAT RX 0x323 [8] 20 0E 10 00 04 00 00 00 
BAT RX 0x324 [8] 01 39 35 32 32 30 36 32 
BAT RX 0x322 [8] 00 F3 00 CE 03 01 46 46 
BAT RX 0x320 [8] 50 41 C3 85 85 00 00 00 
BAT RX 0x319 [8] 00 0C FC 0C FA 1D 01 01 
BAT RX 0x318 [8] 0C FB 0C FB 0C FB 0C FA 
BAT RX 0x317 [8] 0C FC 0C FB 0C FB 0C FB 
BAT RX 0x316 [8] 0C FA 0C FA 0C FA 0C FA 
BAT RX 0x315 [8] 0C FB 0C FB 0C FB 0C FB 
BAT RX 0x314 [8] 40 06 5B 04 00 02 05 41 
BAT RX 0x313 [8] 14 BE 00 00 00 DF 46 63 
BAT RX 0x312 [8] 00 00 00 00 02 00 00 00 
[624s] OK V=53.10V I=+0.0A T=22.3C SOC=70% SOH=99% | CVL=56.8V CCL=0.0A DCL=0.0A | chg=0 dis=0 fc1=0 fc2=0 | prot=0000 warn=0000 | packs=2 | inv0x305=no
BAT RX 0x311 [8] 02 38 00 00 00 00 01 00 
BAT RX 0x330 [8] 02 0D 01 01 0C FC 0C FA 
BAT RX 0x329 [8] 01 00 22 34 01 00 3F AD 
BAT RX 0x323 [8] 20 0E 10 00 04 00 00 00 
BAT RX 0x324 [8] 02 43 30 37 00 00 00 00 
BAT RX 0x322 [8] 00 F3 00 CE 03 01 46 46 
BAT RX 0x320 [8] 50 41 C3 85 85 00 00 00 
BAT RX 0x319 [8] 00 0C FC 0C FA 1D 01 01 
BAT RX 0x318 [8] 0C FB 0C FB 0C FA 0C FA 
BAT RX 0x317 [8] 0C FC 0C FB 0C FB 0C FB 
BAT RX 0x316 [8] 0C FA 0C FA 0C FA 0C FA 
BAT RX 0x315 [8] 0C FB 0C FB 0C FB 0C FB 
BAT RX 0x314 [8] 40 06 5B 04 00 02 05 41 
BAT RX 0x313 [8] 14 BE 00 00 00 DF 46 63 
BAT RX 0x312 [8] 00 00 00 00 02 00 00 00 
BAT RX 0x311 [8] 02 38 00 00 00 00 01 00 
BAT RX 0x330 [8] 01 0E 01 01 0C FC 0C FA 
BAT RX 0x329 [8] 02 00 19 C0 02 00 40 48 
BAT RX 0x323 [8] 20 0E 10 00 04 00 00 00 
BAT RX 0x324 [8] 00 02 47 50 4A 30 32 31 
BAT RX 0x322 [8] 00 F3 00 CE 03 01 46 46 
BAT RX 0x320 [8] 50 41 C3 85 85 00 00 00 
BAT RX 0x319 [8] 00 0C FC 0C FA 0E 01 01 
BAT RX 0x318 [8] 0C FB 0C FA 0C FA 0C FA 
BAT RX 0x317 [8] 0C FC 0C FB 0C FB 0C FB 
BAT RX 0x316 [8] 0C FA 0C FA 0C FA 0C FA 
BAT RX 0x315 [8] 0C FB 0C FB 0C FB 0C FB 
BAT RX 0x314 [8] 40 06 5B 04 00 02 05 41 
BAT RX 0x313 [8] 14 BE 00 00 00 DF 46 63 
BAT RX 0x312 [8] 00 00 00 00 02 00 00 00 
[626s] OK V=53.10V I=+0.0A T=22.3C SOC=70% SOH=99% | CVL=56.8V CCL=0.0A DCL=0.0A | chg=0 dis=0 fc1=0 fc2=0 | prot=0000 warn=0000 | packs=2 | inv0x305=no
BAT RX 0x311 [8] 02 38 00 00 00 00 01 00 
BAT RX 0x330 [8] 02 0D 01 01 0C FC 0C FA 
BAT RX 0x329 [8] 01 00 22 34 01 00 3F AD 
BAT RX 0x323 [8] 20 0E 10 00 04 00 00 00 
BAT RX 0x324 [8] 01 39 35 32 32 30 36 32 
BAT RX 0x322 [8] 00 F3 00 CE 03 01 46 46 
BAT RX 0x320 [8] 50 41 C3 85 85 00 00 00 
BAT RX 0x319 [8] 00 0C FC 0C FA 1D 01 01 
BAT RX 0x318 [8] 0C FB 0C FB 0C FA 0C FA 
BAT RX 0x317 [8] 0C FC 0C FC 0C FB 0C FB 
BAT RX 0x316 [8] 0C FA 0C FA 0C FA 0C F9 
BAT RX 0x315 [8] 0C FC 0C FC 0C FB 0C FB 
BAT RX 0x314 [8] 40 06 5B 04 00 03 05 41 
BAT RX 0x313 [8] 14 BE 00 00 00 DF 46 63 
BAT RX 0x312 [8] 00 00 00 00 02 00 00 00 
BAT RX 0x311 [8] 02 38 00 00 00 00 01 00 
BAT RX 0x330 [8] 01 0D 01 01 0C FC 0C FA 
BAT RX 0x329 [8] 02 00 19 C0 02 00 40 48 
BAT RX 0x323 [8] 20 0E 10 00 04 00 00 00 
BAT RX 0x324 [8] 02 42 42 37 00 00 00 00 
BAT RX 0x322 [8] 00 F3 00 CE 03 01 46 46 
BAT RX 0x320 [8] 50 41 C3 85 85 00 00 00 
BAT RX 0x319 [8] 00 0C FC 0C FA 0D 01 01 
BAT RX 0x318 [8] 0C FB 0C FB 0C FA 0C FA 
BAT RX 0x317 [8] 0C FC 0C FC 0C FC 0C FB 
BAT RX 0x316 [8] 0C FA 0C FA 0C FA 0C FA 
BAT RX 0x315 [8] 0C FB 0C FB 0C FB 0C FB 
BAT RX 0x314 [8] 40 06 5B 04 00 02 05 41 
BAT RX 0x313 [8] 14 BE 00 00 00 DF 46 63 
BAT RX 0x312 [8] 00 00 00 00 02 00 00 00 
[628s] OK V=53.10V I=+0.0A T=22.3C SOC=70% SOH=99% | CVL=56.8V CCL=0.0A DCL=0.0A | chg=0 dis=0 fc1=0 fc2=0 | prot=0000 warn=0000 | packs=2 | inv0x305=no
BAT RX 0x311 [8] 02 38 00 00 00 00 01 00 
BAT RX 0x330 [8] 01 10 01 04 0C FC 0C F9 
BAT RX 0x329 [8] 01 00 22 34 01 00 3F AD 
BAT RX 0x323 [8] 20 0E 10 00 04 00 00 00 
BAT RX 0x324 [8] 00 01 47 50 4A 30 32 31 
BAT RX 0x322 [8] 00 F3 00 CE 03 01 46 46 
BAT RX 0x320 [8] 50 41 C3 85 85 00 00 00 
BAT RX 0x319 [8] 00 0C FC 0C F9 10 04 01 
BAT RX 0x318 [8] 0C FB 0C FB 0C FA 0C FA 
BAT RX 0x317 [8] 0C FC 0C FC 0C FB 0C FB 
BAT RX 0x316 [8] 0C FA 0C FA 0C FA 0C FA 
BAT RX 0x315 [8] 0C FC 0C FB 0C FB 0C FB 
BAT RX 0x314 [8] 40 06 5B 04 00 02 05 41 
BAT RX 0x313 [8] 14 BE 00 00 00 DF 46 63 
BAT RX 0x312 [8] 00 00 00 00 02 00 00 00 
BAT RX 0x311 [8] 02 38 00 00 00 00 01 00 

---- battery-bus rate stats (VERBOSE_STATS) ----------------------------
  9368 frames, 630 s elapsed
  ID     count   period(ms)  (min-max gap)
  0x324     624   1003 (1-4867)
  0x329     626    998 (1-4866)
  0x330     629    993 (0-4000)
  0x312     624   1001 (1-4867)
  0x313     624   1001 (1-4867)
  0x314     624   1001 (1-4867)
  0x315     624   1001 (1-4867)
  0x316     624   1001 (1-4867)
  0x317     624   1001 (1-4867)
  0x318     624   1001 (1-4867)
  0x319     624   1001 (1-4867)
  0x320     624   1001 (1-4866)
  0x322     624   1001 (0-4867)
  0x311     624   1001 (1-4867)
  0x323     625    999 (1-4866)
--------------------------------------------------------------------------

  TWAI: state=RUNNING  tx_err=0 rx_err=0  tx_failed=0  rx_missed=111 rx_overrun=0  arb_lost=0  bus_err=0
BAT RX 0x330 [8] 02 0D 01 01 0C FC 0C FA 
BAT RX 0x329 [8] 02 00 19 C0 02 00 40 48 
BAT RX 0x323 [8] 20 0E 10 00 04 00 00 00 
BAT RX 0x324 [8] 01 39 35 32 32 30 36 32 
BAT RX 0x322 [8] 00 F3 00 CE 03 01 46 46 
BAT RX 0x320 [8] 50 41 C3 85 85 00 00 00 
BAT RX 0x319 [8] 00 0C FC 0C FA 1D 01 01 
BAT RX 0x318 [8] 0C FB 0C FB 0C FB 0C FA 
BAT RX 0x317 [8] 0C FC 0C FB 0C FB 0C FB 
BAT RX 0x316 [8] 0C FA 0C FA 0C FA 0C FA 
BAT RX 0x315 [8] 0C FC 0C FB 0C FB 0C FB 
BAT RX 0x314 [8] 40 06 5B 04 00 02 05 41 
BAT RX 0x313 [8] 14 BE 00 00 00 DF 46 63 
BAT RX 0x312 [8] 00 00 00 00 02 00 00 00 
[630s] OK V=53.10V I=+0.0A T=22.3C SOC=70% SOH=99% | CVL=56.8V CCL=0.0A DCL=0.0A | chg=0 dis=0 fc1=0 fc2=0 | prot=0000 warn=0000 | packs=2 | inv0x305=no
BAT RX 0x311 [8] 02 38 00 00 00 00 01 00 
BAT RX 0x330 [8] 02 0C 01 01 0C FC 0C FA 
BAT RX 0x329 [8] 01 00 22 34 01 00 3F AD 
BAT RX 0x323 [8] 20 0E 10 00 04 00 00 00 
BAT RX 0x324 [8] 02 43 30 37 00 00 00 00 
BAT RX 0x322 [8] 00 F3 00 CE 03 01 46 46 
BAT RX 0x320 [8] 50 41 C3 85 85 00 00 00 
BAT RX 0x319 [8] 00 0C FC 0C FA 1C 01 01 
BAT RX 0x318 [8] 0C FB 0C FB 0C FA 0C FA 
BAT RX 0x317 [8] 0C FC 0C FC 0C FB 0C FB 
BAT RX 0x316 [8] 0C FA 0C FA 0C FA 0C F9 
BAT RX 0x315 [8] 0C FC 0C FC 0C FB 0C FB 
BAT RX 0x314 [8] 40 06 5B 04 00 03 05 41 
BAT RX 0x313 [8] 14 BE 00 00 00 DF 46 63 
BAT RX 0x312 [8] 00 00 00 00 02 00 00 00 
BAT RX 0x311 [8] 02 38 00 00 00 00 01 00 
BAT RX 0x330 [8] 01 0E 01 02 0C FC 0C FA 
BAT RX 0x329 [8] 02 00 19 C0 02 00 40 48 
BAT RX 0x323 [8] 20 0E 10 00 04 00 00 00 
BAT RX 0x324 [8] 00 02 47 50 4A 30 32 31 
BAT RX 0x322 [8] 00 F3 00 CE 03 01 46 46 
BAT RX 0x320 [8] 50 41 C3 85 85 00 00 00 
BAT RX 0x319 [8] 00 0C FC 0C FA 0E 02 01 
BAT RX 0x318 [8] 0C FB 0C FB 0C FA 0C FA 
BAT RX 0x317 [8] 0C FC 0C FB 0C FB 0C FB 
BAT RX 0x316 [8] 0C FA 0C F9 0C F9 0C F9 
BAT RX 0x315 [8] 0C FC 0C FC 0C FB 0C FB 
BAT RX 0x314 [8] 40 06 5B 04 00 03 05 41 
BAT RX 0x313 [8] 14 BE 00 00 00 DF 46 63 
BAT RX 0x312 [8] 00 00 00 00 02 00 00 00 
[632s] OK V=53.10V I=+0.0A T=22.3C SOC=70% SOH=99% | CVL=56.8V CCL=0.0A DCL=0.0A | chg=0 dis=0 fc1=0 fc2=0 | prot=0000 warn=0000 | packs=2 | inv0x305=no
BAT RX 0x311 [8] 02 38 00 00 00 00 01 00 
BAT RX 0x330 [8] 01 0E 01 02 0C FC 0C F9 
BAT RX 0x329 [8] 01 00 22 34 01 00 3F AD 
BAT RX 0x323 [8] 20 0E 10 00 04 00 00 00 
BAT RX 0x324 [8] 01 39 35 32 32 30 36 32 
BAT RX 0x322 [8] 00 F3 00 CE 03 01 46 46 
BAT RX 0x320 [8] 50 41 C3 85 85 00 00 00 
BAT RX 0x319 [8] 00 0C FC 0C F9 0E 02 01 
BAT RX 0x318 [8] 0C FB 0C FB 0C FA 0C FA 
BAT RX 0x317 [8] 0C FC 0C FC 0C FB 0C FB 
BAT RX 0x316 [8] 0C FA 0C FA 0C FA 0C FA 
BAT RX 0x315 [8] 0C FB 0C FB 0C FB 0C FB 
BAT RX 0x314 [8] 40 06 5B 04 00 02 05 41 
BAT RX 0x313 [8] 14 BE 00 00 00 DF 46 63 
BAT RX 0x312 [8] 00 00 00 00 02 00 00 00 
BAT RX 0x311 [8] 02 38 00 00 00 00 01 00 
BAT RX 0x330 [8] 01 0E 01 02 0C FC 0C F9 
BAT RX 0x329 [8] 02 00 19 C0 02 00 40 48 
BAT RX 0x323 [8] 20 0E 10 00 04 00 00 00 
BAT RX 0x324 [8] 02 42 42 37 00 00 00 00 
BAT RX 0x322 [8] 00 F3 00 CE 03 01 46 46 
BAT RX 0x320 [8] 50 41 C3 85 85 00 00 00 
BAT RX 0x319 [8] 00 0C FC 0C F9 0E 02 01 
BAT RX 0x318 [8] 0C FB 0C FA 0C FA 0C FA 
BAT RX 0x317 [8] 0C FC 0C FC 0C FC 0C FC 
BAT RX 0x316 [8] 0C FA 0C FA 0C FA 0C FA 
BAT RX 0x315 [8] 0C FB 0C FB 0C FB 0C FB 
BAT RX 0x314 [8] 40 06 5B 04 00 02 05 41 
BAT RX 0x313 [8] 14 BE 00 00 00 DF 46 63 
BAT RX 0x312 [8] 00 00 00 00 02 00 00 00 
BAT RX 0x311 [8] 02 38 00 00 00 00 01 00 
[634s] OK V=53.10V I=+0.0A T=22.3C SOC=70% SOH=99% | CVL=56.8V CCL=0.0A DCL=0.0A | chg=0 dis=0 fc1=0 fc2=0 | prot=0000 warn=0000 | packs=2 | inv0x305=no
BAT RX 0x330 [8] 01 0B 01 08 0C FC 0C F9 
BAT RX 0x329 [8] 01 00 22 34 01 00 3F AD 
BAT RX 0x323 [8] 20 0E 10 00 04 00 00 00 
BAT RX 0x324 [8] 00 01 47 50 4A 30 32 31 
BAT RX 0x322 [8] 00 F3 00 CE 03 01 46 46 
BAT RX 0x320 [8] 50 41 C3 85 85 00 00 00 
BAT RX 0x319 [8] 00 0C FC 0C F9 0B 08 01 
BAT RX 0x318 [8] 0C FA 0C FA 0C FA 0C FA 
BAT RX 0x317 [8] 0C FC 0C FC 0C FB 0C FB 
BAT RX 0x316 [8] 0C FA 0C FA 0C FA 0C F9 
BAT RX 0x315 [8] 0C FC 0C FC 0C FC 0C FB 
BAT RX 0x314 [8] 40 06 5B 04 00 03 05 41 
BAT RX 0x313 [8] 14 BE 00 00 00 DF 46 63 
BAT RX 0x312 [8] 00 00 00 00 02 00 00 00 
BAT RX 0x311 [8] 02 38 00 00 00 00 01 00 
BAT RX 0x330 [8] 01 10 01 01 0C FC 0C FA 
BAT RX 0x329 [8] 02 00 19 C0 02 00 40 48 
BAT RX 0x323 [8] 20 0E 10 00 04 00 00 00 
BAT RX 0x324 [8] 01 39 35 32 32 30 36 32 
BAT RX 0x322 [8] 00 F3 00 CE 03 01 46 46 
BAT RX 0x320 [8] 50 41 C3 85 85 00 00 00 
BAT RX 0x319 [8] 00 0C FC 0C FA 10 01 01 
BAT RX 0x318 [8] 0C FA 0C FA 0C FA 0C FA 
BAT RX 0x317 [8] 0C FC 0C FB 0C FB 0C FB 
BAT RX 0x316 [8] 0C FA 0C FA 0C FA 0C FA 
BAT RX 0x315 [8] 0C FB 0C FB 0C FB 0C FB 
BAT RX 0x314 [8] 40 06 5B 04 00 02 05 41 
BAT RX 0x313 [8] 14 BE 00 00 00 DF 46 63 
BAT RX 0x312 [8] 00 00 00 00 02 00 00 00 
BAT RX 0x311 [8] 02 38 00 00 00 00 01 00 
[636s] OK V=53.10V I=+0.0A T=22.3C SOC=70% SOH=99% | CVL=56.8V CCL=0.0A DCL=0.0A | chg=0 dis=0 fc1=0 fc2=0 | prot=0000 warn=0000 | packs=2 | inv0x305=no
BAT RX 0x330 [8] 02 05 01 01 0C FC 0C FA 
BAT RX 0x329 [8] 01 00 22 34 01 00 3F AD 
BAT RX 0x323 [8] 20 0E 10 00 04 00 00 00 
BAT RX 0x324 [8] 02 43 30 37 00 00 00 00 
BAT RX 0x322 [8] 00 F3 00 CE 03 01 46 46 
BAT RX 0x320 [8] 50 41 C3 85 85 00 00 00 
BAT RX 0x319 [8] 00 0C FC 0C FA 15 01 01 
BAT RX 0x318 [8] 0C FA 0C FA 0C FA 0C FA 
BAT RX 0x317 [8] 0C FC 0C FC 0C FC 0C FB 
BAT RX 0x316 [8] 0C FA 0C FA 0C FA 0C F9 
BAT RX 0x315 [8] 0C FC 0C FB 0C FB 0C FB 
BAT RX 0x314 [8] 40 06 5B 04 00 03 05 41 
BAT RX 0x313 [8] 14 BE 00 00 00 DF 46 63 
BAT RX 0x312 [8] 00 00 00 00 02 00 00 00 
BAT RX 0x311 [8] 02 38 00 00 00 00 01 00 
BAT RX 0x330 [8] 01 0E 01 02 0C FC 0C F9 
BAT RX 0x329 [8] 02 00 19 C0 02 00 40 48 
BAT RX 0x323 [8] 20 0E 10 00 04 00 00 00 
BAT RX 0x324 [8] 00 02 47 50 4A 30 32 31 
BAT RX 0x322 [8] 00 F3 00 CE 03 01 46 46 
BAT RX 0x320 [8] 50 41 C3 85 85 00 00 00 
BAT RX 0x319 [8] 00 0C FC 0C F9 0E 02 01 
BAT RX 0x318 [8] 0C FB 0C FA 0C FA 0C FA 
BAT RX 0x317 [8] 0C FC 0C FC 0C FC 0C FB 
BAT RX 0x316 [8] 0C FA 0C FA 0C FA 0C FA 
BAT RX 0x315 [8] 0C FC 0C FB 0C FB 0C FB 
BAT RX 0x314 [8] 40 06 5B 04 00 02 05 41 
BAT RX 0x313 [8] 14 BE 00 00 00 DF 46 63 
BAT RX 0x312 [8] 00 00 00 00 02 00 00 00 
BAT RX 0x311 [8] 02 38 00 00 00 00 01 00 
[638s] OK V=53.10V I=+0.0A T=22.3C SOC=70% SOH=99% | CVL=56.8V CCL=0.0A DCL=0.0A | chg=0 dis=0 fc1=0 fc2=0 | prot=0000 warn=0000 | packs=2 | inv0x305=no
BAT RX 0x330 [8] 02 0D 01 01 0C FC 0C FA 
BAT RX 0x329 [8] 01 00 22 34 01 00 3F AD 
BAT RX 0x323 [8] 20 0E 10 00 04 00 00 00 
BAT RX 0x324 [8] 01 39 35 32 32 30 36 32 
BAT RX 0x322 [8] 00 F3 00 CE 03 01 46 46 
BAT RX 0x320 [8] 50 41 C3 85 85 00 00 00 
BAT RX 0x319 [8] 00 0C FC 0C FA 1D 01 01 
BAT RX 0x318 [8] 0C FB 0C FB 0C FA 0C FA 
BAT RX 0x317 [8] 0C FC 0C FB 0C FB 0C FB 
BAT RX 0x316 [8] 0C FA 0C FA 0C FA 0C FA 
BAT RX 0x315 [8] 0C FC 0C FB 0C FB 0C FB 
BAT RX 0x314 [8] 40 06 5B 04 00 02 05 41 
BAT RX 0x313 [8] 14 BE 00 00 00 DF 46 63 
BAT RX 0x312 [8] 00 00 00 00 02 00 00 00 
BAT RX 0x311 [8] 02 38 00 00 00 00 01 00 
BAT RX 0x330 [8] 01 0F 01 02 0C FC 0C FA 
BAT RX 0x329 [8] 02 00 19 C0 02 00 40 48 
BAT RX 0x323 [8] 20 0E 10 00 04 00 00 00 
BAT RX 0x324 [8] 02 42 42 37 00 00 00 00 
BAT RX 0x322 [8] 00 F3 00 CE 03 01 46 46 
BAT RX 0x320 [8] 50 41 C3 85 85 00 00 00 
BAT RX 0x319 [8] 00 0C FC 0C FA 0F 02 01 
BAT RX 0x318 [8] 0C FB 0C FB 0C FA 0C FA 
BAT RX 0x317 [8] 0C FC 0C FB 0C FB 0C FB 
BAT RX 0x316 [8] 0C FA 0C FA 0C FA 0C FA 
BAT RX 0x315 [8] 0C FC 0C FC 0C FC 0C FB 
BAT RX 0x314 [8] 40 06 5B 04 00 02 05 41 
BAT RX 0x313 [8] 14 BE 00 00 00 DF 46 63 
BAT RX 0x312 [8] 00 00 00 00 02 00 00 00 
BAT RX 0x311 [8] 02 38 00 00 00 00 01 00 
[640s] OK V=53.10V I=+0.0A T=22.3C SOC=70% SOH=99% | CVL=56.8V CCL=0.0A DCL=0.0A | chg=0 dis=0 fc1=0 fc2=0 | prot=0000 warn=0000 | packs=2 | inv0x305=no
BAT RX 0x330 [8] 02 0D 01 01 0C FC 0C FA 
BAT RX 0x329 [8] 01 00 22 34 01 00 3F AD 
BAT RX 0x323 [8] 20 0E 10 00 04 00 00 00 
BAT RX 0x324 [8] 00 01 47 50 4A 30 32 31 
BAT RX 0x322 [8] 00 F3 00 CE 03 01 46 46 
BAT RX 0x320 [8] 50 41 C3 85 85 00 00 00 
BAT RX 0x319 [8] 00 0C FC 0C FA 1D 01 01 
BAT RX 0x318 [8] 0C FB 0C FB 0C FB 0C FA 
BAT RX 0x317 [8] 0C FC 0C FC 0C FB 0C FB 
BAT RX 0x316 [8] 0C FA 0C FA 0C FA 0C FA 
BAT RX 0x315 [8] 0C FB 0C FB 0C FB 0C FB 
BAT RX 0x314 [8] 40 06 5B 04 00 02 05 41 
BAT RX 0x313 [8] 14 BE 00 00 00 DF 46 63 
BAT RX 0x312 [8] 00 00 00 00 02 00 00 00 
BAT RX 0x311 [8] 02 38 00 00 00 00 01 00 
BAT RX 0x330 [8] 02 0D 01 03 0C FC 0C FA 
BAT RX 0x329 [8] 02 00 19 C0 02 00 40 48 
BAT RX 0x323 [8] 20 0E 10 00 04 00 00 00 
BAT RX 0x324 [8] 01 39 35 32 32 30 36 32 
BAT RX 0x322 [8] 00 F3 00 CE 03 01 46 46 
BAT RX 0x320 [8] 50 41 C3 85 85 00 00 00 
BAT RX 0x319 [8] 00 0C FC 0C FA 1D 03 01 
BAT RX 0x318 [8] 0C FB 0C FB 0C FA 0C FA 
BAT RX 0x317 [8] 0C FC 0C FB 0C FB 0C FB 
BAT RX 0x316 [8] 0C FA 0C FA 0C FA 0C F9 
BAT RX 0x315 [8] 0C FC 0C FB 0C FB 0C FB 
BAT RX 0x314 [8] 40 06 5B 04 00 03 05 41 
BAT RX 0x313 [8] 14 BE 00 00 00 DF 46 63 
BAT RX 0x312 [8] 00 00 00 00 02 00 00 00 
BAT RX 0x311 [8] 02 38 00 00 00 00 01 00 
[642s] OK V=53.10V I=+0.0A T=22.3C SOC=70% SOH=99% | CVL=56.8V CCL=0.0A DCL=0.0A | chg=0 dis=0 fc1=0 fc2=0 | prot=0000 warn=0000 | packs=2 | inv0x305=no
BAT RX 0x330 [8] 01 10 01 03 0C FC 0C F9 
BAT RX 0x329 [8] 01 00 22 34 01 00 3F AD 
BAT RX 0x323 [8] 20 0E 10 00 04 00 00 00 
BAT RX 0x324 [8] 02 43 30 37 00 00 00 00 
BAT RX 0x322 [8] 00 F3 00 CE 03 01 46 46 
BAT RX 0x320 [8] 50 41 C3 85 85 00 00 00 
BAT RX 0x319 [8] 00 0C FC 0C F9 10 03 01 
BAT RX 0x318 [8] 0C FB 0C FB 0C FB 0C FA 
BAT RX 0x317 [8] 0C FC 0C FB 0C FB 0C FB 
BAT RX 0x316 [8] 0C FA 0C FA 0C FA 0C FA 
BAT RX 0x315 [8] 0C FC 0C FC 0C FB 0C FB 
BAT RX 0x314 [8] 40 06 5B 04 00 02 05 41 
BAT RX 0x313 [8] 14 BE 00 00 00 DF 46 63 
BAT RX 0x312 [8] 00 00 00 00 02 00 00 00 
BAT RX 0x311 [8] 02 38 00 00 00 00 01 00 
BAT RX 0x330 [8] 01 07 01 03 0C FC 0C FA 
BAT RX 0x329 [8] 02 00 19 C0 02 00 40 48 
BAT RX 0x323 [8] 20 0E 10 00 04 00 00 00 
BAT RX 0x324 [8] 00 02 47 50 4A 30 32 31 
BAT RX 0x322 [8] 00 F3 00 CE 03 01 46 46 
BAT RX 0x320 [8] 50 41 C3 85 85 00 00 00 
BAT RX 0x319 [8] 00 0C FC 0C FA 07 03 01 
BAT RX 0x318 [8] 0C FB 0C FB 0C FA 0C FA 
BAT RX 0x317 [8] 0C FC 0C FB 0C FB 0C FB 
BAT RX 0x316 [8] 0C FA 0C FA 0C FA 0C FA 
BAT RX 0x315 [8] 0C FC 0C FB 0C FB 0C FB 
BAT RX 0x314 [8] 40 06 5B 04 00 02 05 41 
BAT RX 0x313 [8] 14 BE 00 00 00 DF 46 63 
BAT RX 0x312 [8] 00 00 00 00 02 00 00 00 
BAT RX 0x311 [8] 02 38 00 00 00 00 01 00 
[644s] OK V=53.10V I=+0.0A T=22.3C SOC=70% SOH=99% | CVL=56.8V CCL=0.0A DCL=0.0A | chg=0 dis=0 fc1=0 fc2=0 | prot=0000 warn=0000 | packs=2 | inv0x305=no

---- battery-bus rate stats (VERBOSE_STATS) ----------------------------
  9593 frames, 645 s elapsed
  ID     count   period(ms)  (min-max gap)
  0x324     639   1003 (1-4867)
  0x329     641    998 (1-4866)
  0x330     644    993 (0-4000)
  0x312     639   1001 (1-4867)
  0x313     639   1001 (1-4867)
  0x314     639   1001 (1-4867)
  0x315     639   1001 (1-4867)
  0x316     639   1001 (1-4867)
  0x317     639   1001 (1-4867)
  0x318     639   1001 (1-4867)
  0x319     639   1001 (1-4867)
  0x320     639   1001 (1-4866)
  0x322     639   1001 (0-4867)
  0x311     639   1001 (1-4867)
  0x323     640    999 (1-4866)
--------------------------------------------------------------------------

  TWAI: state=RUNNING  tx_err=0 rx_err=0  tx_failed=0  rx_missed=111 rx_overrun=0  arb_lost=0  bus_err=0
BAT RX 0x330 [8] 01 0C 01 01 0C FC 0C FA 
BAT RX 0x329 [8] 01 00 22 34 01 00 3F AD 
BAT RX 0x323 [8] 20 0E 10 00 04 00 00 00 
BAT RX 0x324 [8] 01 39 35 32 32 30 36 32 
BAT RX 0x322 [8] 00 F3 00 CE 03 01 46 46 
BAT RX 0x320 [8] 50 41 C3 85 85 00 00 00 
BAT RX 0x319 [8] 00 0C FC 0C FA 0C 01 01 
BAT RX 0x318 [8] 0C FB 0C FB 0C FA 0C FA 
BAT RX 0x317 [8] 0C FC 0C FB 0C FB 0C FB 
BAT RX 0x316 [8] 0C FA 0C FA 0C FA 0C FA 
BAT RX 0x315 [8] 0C FC 0C FC 0C FB 0C FB 
BAT RX 0x314 [8] 40 06 5B 04 00 02 05 41 
BAT RX 0x313 [8] 14 BE 00 00 00 DF 46 63 
BAT RX 0x312 [8] 00 00 00 00 02 00 00 00 
BAT RX 0x311 [8] 02 38 00 00 00 00 01 00 
BAT RX 0x330 [8] 01 0C 01 03 0C FC 0C FA 
BAT RX 0x329 [8] 02 00 19 C0 02 00 40 48 
BAT RX 0x323 [8] 20 0E 10 00 04 00 00 00 
BAT RX 0x324 [8] 02 42 42 37 00 00 00 00 
BAT RX 0x322 [8] 00 F3 00 CE 03 01 46 46 
BAT RX 0x320 [8] 50 41 C3 85 85 00 00 00 
BAT RX 0x319 [8] 00 0C FC 0C FA 0C 03 01 
BAT RX 0x318 [8] 0C FB 0C FB 0C FB 0C FA 
BAT RX 0x317 [8] 0C FC 0C FC 0C FB 0C FB 
BAT RX 0x316 [8] 0C FA 0C FA 0C FA 0C FA 
BAT RX 0x315 [8] 0C FC 0C FC 0C FC 0C FB 
BAT RX 0x314 [8] 40 06 5B 04 00 02 05 41 
BAT RX 0x313 [8] 14 BE 00 00 00 DF 46 63 
BAT RX 0x312 [8] 00 00 00 00 02 00 00 00 
BAT RX 0x311 [8] 02 38 00 00 00 00 01 00 
[646s] OK V=53.10V I=+0.0A T=22.3C SOC=70% SOH=99% | CVL=56.8V CCL=0.0A DCL=0.0A | chg=0 dis=0 fc1=0 fc2=0 | prot=0000 warn=0000 | packs=2 | inv0x305=no
BAT RX 0x330 [8] 01 07 01 01 0C FC 0C FA 
BAT RX 0x329 [8] 01 00 22 34 01 00 3F AD 
BAT RX 0x323 [8] 20 0E 10 00 04 00 00 00 
BAT RX 0x324 [8] 00 01 47 50 4A 30 32 31 
BAT RX 0x322 [8] 00 F3 00 CE 03 01 46 46 
BAT RX 0x320 [8] 50 41 C3 85 85 00 00 00 
BAT RX 0x319 [8] 00 0C FC 0C FA 07 01 01 
BAT RX 0x318 [8] 0C FB 0C FB 0C FB 0C FA 
BAT RX 0x317 [8] 0C FC 0C FC 0C FB 0C FB 
BAT RX 0x316 [8] 0C FA 0C FA 0C FA 0C FA 
BAT RX 0x315 [8] 0C FC 0C FB 0C FB 0C FB 
BAT RX 0x314 [8] 40 06 5B 04 00 02 05 41 
BAT RX 0x313 [8] 14 BE 00 00 00 DF 46 63 
BAT RX 0x312 [8] 00 00 00 00 02 00 00 00 
BAT RX 0x311 [8] 02 38 00 00 00 00 01 00 
BAT RX 0x330 [8] 01 0E 01 01 0C FC 0C FA 
BAT RX 0x329 [8] 02 00 19 C0 02 00 40 48 
BAT RX 0x323 [8] 20 0E 10 00 04 00 00 00 
BAT RX 0x324 [8] 01 39 35 32 32 30 36 32 
BAT RX 0x322 [8] 00 F3 00 CE 03 01 46 46 
BAT RX 0x320 [8] 50 41 C3 85 85 00 00 00 
BAT RX 0x319 [8] 00 0C FC 0C FA 0E 01 01 
BAT RX 0x318 [8] 0C FB 0C FB 0C FB 0C FA 
BAT RX 0x317 [8] 0C FC 0C FC 0C FB 0C FB 
BAT RX 0x316 [8] 0C FA 0C FA 0C FA 0C FA 
BAT RX 0x315 [8] 0C FC 0C FB 0C FB 0C FB 
BAT RX 0x314 [8] 40 06 5B 04 00 02 05 41 
BAT RX 0x313 [8] 14 C8 00 00 00 DF 46 63 
BAT RX 0x312 [8] 00 00 00 00 02 00 00 00 
BAT RX 0x311 [8] 02 38 00 00 00 00 01 00 
[648s] OK V=53.20V I=+0.0A T=22.3C SOC=70% SOH=99% | CVL=56.8V CCL=0.0A DCL=0.0A | chg=0 dis=0 fc1=0 fc2=0 | prot=0000 warn=0000 | packs=2 | inv0x305=no
BAT RX 0x330 [8] 01 0E 01 02 0C FC 0C FA 
BAT RX 0x329 [8] 01 00 22 34 01 00 3F AD 
BAT RX 0x323 [8] 20 0E 10 00 04 00 00 00 
BAT RX 0x324 [8] 02 43 30 37 00 00 00 00 
BAT RX 0x322 [8] 00 F3 00 CE 03 01 46 46 
BAT RX 0x320 [8] 50 41 C3 85 85 00 00 00 
BAT RX 0x319 [8] 00 0C FC 0C FA 0E 02 01 
BAT RX 0x318 [8] 0C FB 0C FB 0C FB 0C FA 
BAT RX 0x317 [8] 0C FC 0C FC 0C FB 0C FB 
BAT RX 0x316 [8] 0C FA 0C FA 0C FA 0C FA 
BAT RX 0x315 [8] 0C FC 0C FC 0C FC 0C FB 
BAT RX 0x314 [8] 40 06 5B 04 00 02 05 41 
BAT RX 0x313 [8] 14 BE 00 00 00 DF 46 63 
BAT RX 0x312 [8] 00 00 00 00 02 00 00 00 
BAT RX 0x311 [8] 02 38 00 00 00 00 01 00 
BAT RX 0x330 [8] 01 0E 01 01 0C FC 0C FA 
BAT RX 0x329 [8] 02 00 19 C0 02 00 40 48 
BAT RX 0x323 [8] 20 0E 10 00 04 00 00 00 
BAT RX 0x324 [8] 00 02 47 50 4A 30 32 31 
BAT RX 0x322 [8] 00 F3 00 CE 03 01 46 46 
BAT RX 0x320 [8] 50 41 C3 85 85 00 00 00 
BAT RX 0x319 [8] 00 0C FC 0C FA 0E 01 01 
BAT RX 0x318 [8] 0C FB 0C FB 0C FB 0C FB 
BAT RX 0x317 [8] 0C FC 0C FC 0C FB 0C FB 
BAT RX 0x316 [8] 0C FA 0C FA 0C FA 0C F9 
BAT RX 0x315 [8] 0C FC 0C FC 0C FC 0C FB 
BAT RX 0x314 [8] 40 06 5B 04 00 03 05 41 
BAT RX 0x313 [8] 14 BE 00 00 00 DF 46 63 
BAT RX 0x312 [8] 00 00 00 00 02 00 00 00 
BAT RX 0x311 [8] 02 38 00 00 00 00 01 00 
[650s] OK V=53.10V I=+0.0A T=22.3C SOC=70% SOH=99% | CVL=56.8V CCL=0.0A DCL=0.0A | chg=0 dis=0 fc1=0 fc2=0 | prot=0000 warn=0000 | packs=2 | inv0x305=no
BAT RX 0x330 [8] 01 08 01 01 0C FC 0C FA 
BAT RX 0x329 [8] 01 00 22 34 01 00 3F AD 
BAT RX 0x323 [8] 20 0E 10 00 04 00 00 00 
BAT RX 0x324 [8] 01 39 35 32 32 30 36 32 
BAT RX 0x322 [8] 00 F3 00 CE 03 01 46 46 
BAT RX 0x320 [8] 50 41 C3 85 85 00 00 00 
BAT RX 0x319 [8] 00 0C FC 0C FA 08 01 01 
BAT RX 0x318 [8] 0C FB 0C FB 0C FB 0C FA 
BAT RX 0x317 [8] 0C FB 0C FB 0C FB 0C FB 
BAT RX 0x316 [8] 0C FA 0C FA 0C FA 0C FA 
BAT RX 0x315 [8] 0C FC 0C FC 0C FB 0C FB 
BAT RX 0x314 [8] 40 06 5B 04 00 02 05 41 
BAT RX 0x313 [8] 14 BE 00 00 00 DF 46 63 
BAT RX 0x312 [8] 00 00 00 00 02 00 00 00 
BAT RX 0x311 [8] 02 38 00 00 00 00 01 00 
BAT RX 0x330 [8] 01 0E 01 01 0C FC 0C FA 
BAT RX 0x329 [8] 02 00 19 C0 02 00 40 48 
BAT RX 0x323 [8] 20 0E 10 00 04 00 00 00 
BAT RX 0x324 [8] 02 42 42 37 00 00 00 00 
BAT RX 0x322 [8] 00 F3 00 CE 03 01 46 46 
BAT RX 0x320 [8] 50 41 C3 85 85 00 00 00 
BAT RX 0x319 [8] 00 0C FC 0C FA 0E 01 01 
BAT RX 0x318 [8] 0C FA 0C FA 0C FA 0C FA 
BAT RX 0x317 [8] 0C FC 0C FC 0C FB 0C FB 
BAT RX 0x316 [8] 0C FA 0C FA 0C FA 0C FA 
BAT RX 0x315 [8] 0C FC 0C FC 0C FC 0C FB 
BAT RX 0x314 [8] 40 06 5B 04 00 02 05 41 
BAT RX 0x313 [8] 14 BE 00 00 00 DF 46 63 
BAT RX 0x312 [8] 00 00 00 00 02 00 00 00 
BAT RX 0x311 [8] 02 38 00 00 00 00 01 00 
[652s] OK V=53.10V I=+0.0A T=22.3C SOC=70% SOH=99% | CVL=56.8V CCL=0.0A DCL=0.0A | chg=0 dis=0 fc1=0 fc2=0 | prot=0000 warn=0000 | packs=2 | inv0x305=no
BAT RX 0x330 [8] 01 0F 01 03 0C FC 0C FA 
BAT RX 0x329 [8] 01 00 22 34 01 00 3F AD 
BAT RX 0x323 [8] 20 0E 10 00 04 00 00 00 
BAT RX 0x324 [8] 00 01 47 50 4A 30 32 31 
BAT RX 0x322 [8] 00 F3 00 CE 03 01 46 46 
BAT RX 0x320 [8] 50 41 C3 85 85 00 00 00 
BAT RX 0x319 [8] 00 0C FC 0C FA 0F 03 01 
BAT RX 0x318 [8] 0C FB 0C FB 0C FA 0C FA 
BAT RX 0x317 [8] 0C FC 0C FB 0C FB 0C FB 
BAT RX 0x316 [8] 0C FA 0C FA 0C FA 0C FA 
BAT RX 0x315 [8] 0C FC 0C FB 0C FB 0C FB 
BAT RX 0x314 [8] 40 06 5B 04 00 02 05 41 
BAT RX 0x313 [8] 14 BE 00 00 00 DF 46 63 
BAT RX 0x312 [8] 00 00 00 00 02 00 00 00 
BAT RX 0x311 [8] 02 38 00 00 00 00 01 00 
BAT RX 0x330 [8] 01 0E 01 01 0C FC 0C FA 
BAT RX 0x329 [8] 02 00 19 C0 02 00 40 48 
BAT RX 0x323 [8] 20 0E 10 00 04 00 00 00 
BAT RX 0x324 [8] 01 39 35 32 32 30 36 32 
BAT RX 0x322 [8] 00 F3 00 CE 03 01 46 46 
BAT RX 0x320 [8] 50 41 C3 85 85 00 00 00 
BAT RX 0x319 [8] 00 0C FC 0C FA 0E 01 01 
BAT RX 0x318 [8] 0C FB 0C FB 0C FB 0C FA 
BAT RX 0x317 [8] 0C FC 0C FC 0C FB 0C FB 
BAT RX 0x316 [8] 0C FA 0C FA 0C FA 0C FA 
BAT RX 0x315 [8] 0C FC 0C FC 0C FC 0C FB 
BAT RX 0x314 [8] 40 06 5B 04 00 02 05 41 
BAT RX 0x313 [8] 14 BE 00 00 00 DF 46 63 
BAT RX 0x312 [8] 00 00 00 00 02 00 00 00 
BAT RX 0x311 [8] 02 38 00 00 00 00 01 00 
[654s] OK V=53.10V I=+0.0A T=22.3C SOC=70% SOH=99% | CVL=56.8V CCL=0.0A DCL=0.0A | chg=0 dis=0 fc1=0 fc2=0 | prot=0000 warn=0000 | packs=2 | inv0x305=no
BAT RX 0x330 [8] 02 02 01 03 0C FC 0C FA 
BAT RX 0x329 [8] 01 00 22 34 01 00 3F AD 
BAT RX 0x323 [8] 20 0E 10 00 04 00 00 00 
BAT RX 0x324 [8] 02 43 30 37 00 00 00 00 
BAT RX 0x322 [8] 00 F3 00 CE 03 01 46 46 
BAT RX 0x320 [8] 50 41 C3 85 85 00 00 00 
BAT RX 0x319 [8] 00 0C FC 0C FA 12 03 01 
BAT RX 0x318 [8] 0C FB 0C FB 0C FA 0C FA 
BAT RX 0x317 [8] 0C FC 0C FC 0C FB 0C FB 
BAT RX 0x316 [8] 0C FA 0C FA 0C FA 0C FA 
BAT RX 0x315 [8] 0C FC 0C FC 0C FC 0C FB 
BAT RX 0x314 [8] 40 06 5B 04 00 02 05 41 
BAT RX 0x313 [8] 14 BE 00 00 00 DF 46 63 
BAT RX 0x312 [8] 00 00 00 00 02 00 00 00 
BAT RX 0x311 [8] 02 38 00 00 00 00 01 00 
BAT RX 0x330 [8] 01 0E 01 02 0C FC 0C FA 
BAT RX 0x329 [8] 02 00 19 C0 02 00 40 48 
BAT RX 0x323 [8] 20 0E 10 00 04 00 00 00 
BAT RX 0x324 [8] 00 02 47 50 4A 30 32 31 
BAT RX 0x322 [8] 00 F3 00 CE 03 01 46 46 
BAT RX 0x320 [8] 50 41 C3 85 85 00 00 00 
BAT RX 0x319 [8] 00 0C FC 0C FA 0E 02 01 
BAT RX 0x318 [8] 0C FB 0C FB 0C FA 0C FA 
BAT RX 0x317 [8] 0C FC 0C FC 0C FB 0C FB 
BAT RX 0x316 [8] 0C FA 0C FA 0C FA 0C FA 
BAT RX 0x315 [8] 0C FB 0C FB 0C FB 0C FB 
BAT RX 0x314 [8] 40 06 5B 04 00 02 05 41 
BAT RX 0x313 [8] 14 BE 00 00 00 DF 46 63 
BAT RX 0x312 [8] 00 00 00 00 02 00 00 00 
BAT RX 0x311 [8] 02 38 00 00 00 00 01 00 
[656s] OK V=53.10V I=+0.0A T=22.3C SOC=70% SOH=99% | CVL=56.8V CCL=0.0A DCL=0.0A | chg=0 dis=0 fc1=0 fc2=0 | prot=0000 warn=0000 | packs=2 | inv0x305=no
BAT RX 0x330 [8] 01 0A 01 03 0C FC 0C F9 
BAT RX 0x329 [8] 01 00 22 34 01 00 3F AD 
BAT RX 0x323 [8] 20 0E 10 00 04 00 00 00 
BAT RX 0x324 [8] 01 39 35 32 32 30 36 32 
BAT RX 0x322 [8] 00 F3 00 CE 03 01 46 46 
BAT RX 0x320 [8] 50 41 C3 85 85 00 00 00 
BAT RX 0x319 [8] 00 0C FC 0C F9 0A 03 01 
BAT RX 0x318 [8] 0C FB 0C FB 0C FA 0C FA 
BAT RX 0x317 [8] 0C FC 0C FC 0C FB 0C FB 
BAT RX 0x316 [8] 0C FA 0C FA 0C FA 0C FA 
BAT RX 0x315 [8] 0C FB 0C FB 0C FB 0C FB 
BAT RX 0x314 [8] 40 06 5B 04 00 02 05 41 
BAT RX 0x313 [8] 14 BE 00 00 00 DF 46 63 
BAT RX 0x312 [8] 00 00 00 00 02 00 00 00 
BAT RX 0x311 [8] 02 38 00 00 00 00 01 00 
BAT RX 0x330 [8] 02 0D 01 03 0C FC 0C FA 
BAT RX 0x329 [8] 02 00 19 C0 02 00 40 48 
BAT RX 0x323 [8] 20 0E 10 00 04 00 00 00 
BAT RX 0x324 [8] 02 42 42 37 00 00 00 00 
BAT RX 0x322 [8] 00 F3 00 CE 03 01 46 46 
BAT RX 0x320 [8] 50 41 C3 85 85 00 00 00 
BAT RX 0x319 [8] 00 0C FC 0C FA 1D 03 01 
BAT RX 0x318 [8] 0C FB 0C FB 0C FB 0C FA 
BAT RX 0x317 [8] 0C FC 0C FB 0C FB 0C FB 
BAT RX 0x316 [8] 0C FA 0C FA 0C FA 0C FA 
BAT RX 0x315 [8] 0C FC 0C FB 0C FB 0C FB 
BAT RX 0x314 [8] 40 06 5B 04 00 02 05 41 
BAT RX 0x313 [8] 14 BE 00 00 00 DF 46 63 
BAT RX 0x312 [8] 00 00 00 00 02 00 00 00 
BAT RX 0x311 [8] 02 38 00 00 00 00 01 00 
[658s] OK V=53.10V I=+0.0A T=22.3C SOC=70% SOH=99% | CVL=56.8V CCL=0.0A DCL=0.0A | chg=0 dis=0 fc1=0 fc2=0 | prot=0000 warn=0000 | packs=2 | inv0x305=no
BAT RX 0x330 [8] 01 07 01 05 0C FC 0C F9 
BAT RX 0x329 [8] 01 00 22 34 01 00 3F AD 
BAT RX 0x323 [8] 20 0E 10 00 04 00 00 00 
BAT RX 0x324 [8] 00 01 47 50 4A 30 32 31 
BAT RX 0x322 [8] 00 F3 00 CE 03 01 46 46 
BAT RX 0x320 [8] 50 41 C3 85 85 00 00 00 
BAT RX 0x319 [8] 00 0C FC 0C F9 07 05 01 
BAT RX 0x318 [8] 0C FB 0C FB 0C FB 0C FB 
BAT RX 0x317 [8] 0C FC 0C FC 0C FC 0C FB 
BAT RX 0x316 [8] 0C FA 0C FA 0C FA 0C F9 
BAT RX 0x315 [8] 0C FC 0C FC 0C FB 0C FB 
BAT RX 0x314 [8] 40 06 5B 04 00 03 05 41 
BAT RX 0x313 [8] 14 BE 00 00 00 DF 46 63 
BAT RX 0x312 [8] 00 00 00 00 02 00 00 00 
BAT RX 0x311 [8] 02 38 00 00 00 00 01 00 

---- battery-bus rate stats (VERBOSE_STATS) ----------------------------
  9818 frames, 660 s elapsed
  ID     count   period(ms)  (min-max gap)
  0x324     654   1003 (1-4867)
  0x329     656    998 (1-4866)
  0x330     659    993 (0-4000)
  0x312     654   1001 (1-4867)
  0x313     654   1001 (1-4867)
  0x314     654   1001 (1-4867)
  0x315     654   1001 (1-4867)
  0x316     654   1001 (1-4867)
  0x317     654   1001 (1-4867)
  0x318     654   1001 (1-4867)
  0x319     654   1001 (1-4867)
  0x320     654   1001 (1-4866)
  0x322     654   1001 (0-4867)
  0x311     654   1001 (1-4867)
  0x323     655    999 (1-4866)
--------------------------------------------------------------------------

  TWAI: state=RUNNING  tx_err=0 rx_err=0  tx_failed=0  rx_missed=111 rx_overrun=0  arb_lost=0  bus_err=0
BAT RX 0x330 [8] 01 0D 01 01 0C FC 0C FA 
BAT RX 0x329 [8] 02 00 19 C0 02 00 40 48 
BAT RX 0x323 [8] 20 0E 10 00 04 00 00 00 
BAT RX 0x324 [8] 01 39 35 32 32 30 36 32 
BAT RX 0x322 [8] 00 F3 00 CE 03 01 46 46 
BAT RX 0x320 [8] 50 41 C3 85 85 00 00 00 
BAT RX 0x319 [8] 00 0C FC 0C FA 0D 01 01 
BAT RX 0x318 [8] 0C FB 0C FB 0C FB 0C FA 
BAT RX 0x317 [8] 0C FC 0C FB 0C FB 0C FB 
BAT RX 0x316 [8] 0C FA 0C FA 0C F9 0C F9 
BAT RX 0x315 [8] 0C FC 0C FC 0C FC 0C FB 
BAT RX 0x314 [8] 40 06 5B 04 00 03 05 41 
BAT RX 0x313 [8] 14 BE 00 00 00 DF 46 63 
BAT RX 0x312 [8] 00 00 00 00 02 00 00 00 
BAT RX 0x311 [8] 02 38 00 00 00 00 01 00 
[660s] OK V=53.10V I=+0.0A T=22.3C SOC=70% SOH=99% | CVL=56.8V CCL=0.0A DCL=0.0A | chg=0 dis=0 fc1=0 fc2=0 | prot=0000 warn=0000 | packs=2 | inv0x305=no
BAT RX 0x330 [8] 01 0E 01 02 0C FC 0C FA 
BAT RX 0x329 [8] 01 00 22 34 01 00 3F AD 
BAT RX 0x323 [8] 20 0E 10 00 04 00 00 00 
BAT RX 0x324 [8] 02 43 30 37 00 00 00 00 
BAT RX 0x322 [8] 00 F3 00 CE 03 01 46 46 
BAT RX 0x320 [8] 50 41 C3 85 85 00 00 00 
BAT RX 0x319 [8] 00 0C FC 0C FA 0E 02 01 
BAT RX 0x318 [8] 0C FB 0C FB 0C FB 0C FA 
BAT RX 0x317 [8] 0C FC 0C FB 0C FB 0C FB 
BAT RX 0x316 [8] 0C FA 0C FA 0C FA 0C FA 
BAT RX 0x315 [8] 0C FC 0C FC 0C FB 0C FB 
BAT RX 0x314 [8] 40 06 5B 04 00 02 05 41 
BAT RX 0x313 [8] 14 BE 00 00 00 DF 46 63 
BAT RX 0x312 [8] 00 00 00 00 02 00 00 00 
BAT RX 0x311 [8] 02 38 00 00 00 00 01 00 
BAT RX 0x330 [8] 01 09 01 01 0C FC 0C FA 
BAT RX 0x329 [8] 02 00 19 C0 02 00 40 48 
BAT RX 0x323 [8] 20 0E 10 00 04 00 00 00 
BAT RX 0x324 [8] 00 02 47 50 4A 30 32 31 
BAT RX 0x322 [8] 00 F3 00 CE 03 01 46 46 
BAT RX 0x320 [8] 50 41 C3 85 85 00 00 00 
BAT RX 0x319 [8] 00 0C FC 0C FA 09 01 01 
BAT RX 0x318 [8] 0C FB 0C FB 0C FB 0C FB 
BAT RX 0x317 [8] 0C FC 0C FB 0C FB 0C FB 
BAT RX 0x316 [8] 0C FA 0C FA 0C FA 0C FA 
BAT RX 0x315 [8] 0C FB 0C FB 0C FB 0C FB 
BAT RX 0x314 [8] 40 06 5B 04 00 01 05 41 
BAT RX 0x313 [8] 14 C8 00 00 00 DF 46 63 
BAT RX 0x312 [8] 00 00 00 00 02 00 00 00 
BAT RX 0x311 [8] 02 38 00 00 00 00 01 00 
[662s] OK V=53.20V I=+0.0A T=22.3C SOC=70% SOH=99% | CVL=56.8V CCL=0.0A DCL=0.0A | chg=0 dis=0 fc1=0 fc2=0 | prot=0000 warn=0000 | packs=2 | inv0x305=no
BAT RX 0x330 [8] 01 0F 01 02 0C FD 0C F9 
BAT RX 0x329 [8] 01 00 22 34 01 00 3F AD 
BAT RX 0x323 [8] 20 0E 10 00 04 00 00 00 
BAT RX 0x324 [8] 01 39 35 32 32 30 36 32 
BAT RX 0x322 [8] 00 F3 00 CE 03 01 46 46 
BAT RX 0x320 [8] 50 41 C3 85 85 00 00 00 
BAT RX 0x319 [8] 00 0C FD 0C F9 0F 02 01 
BAT RX 0x318 [8] 0C FB 0C FB 0C FB 0C FB 
BAT RX 0x317 [8] 0C FC 0C FC 0C FC 0C FB 
BAT RX 0x316 [8] 0C FA 0C FA 0C FA 0C FA 
BAT RX 0x315 [8] 0C FC 0C FC 0C FB 0C FB 
BAT RX 0x314 [8] 40 06 5B 04 00 02 05 41 
BAT RX 0x313 [8] 14 BE 00 00 00 DF 46 63 
BAT RX 0x312 [8] 00 00 00 00 02 00 00 00 
BAT RX 0x311 [8] 02 38 00 00 00 00 01 00 
BAT RX 0x330 [8] 01 0F 01 08 0C FC 0C F9 
BAT RX 0x329 [8] 02 00 19 C0 02 00 40 48 
BAT RX 0x323 [8] 20 0E 10 00 04 00 00 00 
BAT RX 0x324 [8] 02 42 42 37 00 00 00 00 
BAT RX 0x322 [8] 00 F3 00 CE 03 01 46 46 
BAT RX 0x320 [8] 50 41 C3 85 85 00 00 00 
BAT RX 0x319 [8] 00 0C FC 0C F9 0F 08 01 
BAT RX 0x318 [8] 0C FB 0C FB 0C FB 0C FA 
BAT RX 0x317 [8] 0C FC 0C FC 0C FC 0C FB 
BAT RX 0x316 [8] 0C FA 0C FA 0C FA 0C FA 
BAT RX 0x315 [8] 0C FC 0C FC 0C FC 0C FB 
BAT RX 0x314 [8] 40 06 5B 04 00 02 05 41 
BAT RX 0x313 [8] 14 BE 00 00 00 DF 46 63 
BAT RX 0x312 [8] 00 00 00 00 02 00 00 00 
BAT RX 0x311 [8] 02 38 00 00 00 00 01 00 
[664s] OK V=53.10V I=+0.0A T=22.3C SOC=70% SOH=99% | CVL=56.8V CCL=0.0A DCL=0.0A | chg=0 dis=0 fc1=0 fc2=0 | prot=0000 warn=0000 | packs=2 | inv0x305=no
BAT RX 0x330 [8] 01 0B 01 03 0C FC 0C F9 
BAT RX 0x329 [8] 01 00 22 34 01 00 3F AD 
BAT RX 0x323 [8] 20 0E 10 00 04 00 00 00 
BAT RX 0x324 [8] 00 01 47 50 4A 30 32 31 
BAT RX 0x322 [8] 00 F3 00 CE 03 01 46 46 
BAT RX 0x320 [8] 50 41 C3 85 85 00 00 00 
BAT RX 0x319 [8] 00 0C FC 0C F9 0B 03 01 
BAT RX 0x318 [8] 0C FB 0C FB 0C FB 0C FA 
BAT RX 0x317 [8] 0C FC 0C FC 0C FB 0C FB 
BAT RX 0x316 [8] 0C FA 0C FA 0C FA 0C F9 
BAT RX 0x315 [8] 0C FC 0C FC 0C FC 0C FB 
BAT RX 0x314 [8] 40 06 5B 04 00 03 05 41 
BAT RX 0x313 [8] 14 BE 00 00 00 DF 46 63 
BAT RX 0x312 [8] 00 00 00 00 02 00 00 00 
BAT RX 0x311 [8] 02 38 00 00 00 00 01 00 
BAT RX 0x330 [8] 01 0E 01 02 0C FC 0C FA 
BAT RX 0x329 [8] 02 00 19 C0 02 00 40 48 
BAT RX 0x323 [8] 20 0E 10 00 04 00 00 00 
BAT RX 0x324 [8] 01 39 35 32 32 30 36 32 
BAT RX 0x322 [8] 00 F3 00 CE 03 01 46 46 
BAT RX 0x320 [8] 50 41 C3 85 85 00 00 00 
BAT RX 0x319 [8] 00 0C FC 0C FA 0E 02 01 
BAT RX 0x318 [8] 0C FB 0C FB 0C FB 0C FB 
BAT RX 0x317 [8] 0C FC 0C FC 0C FC 0C FC 
BAT RX 0x316 [8] 0C FA 0C FA 0C FA 0C FA 
BAT RX 0x315 [8] 0C FC 0C FC 0C FB 0C FB 
BAT RX 0x314 [8] 40 06 5B 04 00 02 05 41 
BAT RX 0x313 [8] 14 C8 00 00 00 DF 46 63 
BAT RX 0x312 [8] 00 00 00 00 02 00 00 00 
BAT RX 0x311 [8] 02 38 00 00 00 00 01 00 
[666s] OK V=53.20V I=+0.0A T=22.3C SOC=70% SOH=99% | CVL=56.8V CCL=0.0A DCL=0.0A | chg=0 dis=0 fc1=0 fc2=0 | prot=0000 warn=0000 | packs=2 | inv0x305=no
BAT RX 0x330 [8] 01 0C 01 01 0C FC 0C FA 
BAT RX 0x329 [8] 01 00 22 34 01 00 3F AD 
BAT RX 0x323 [8] 20 0E 10 00 04 00 00 00 
BAT RX 0x324 [8] 02 43 30 37 00 00 00 00 
BAT RX 0x322 [8] 00 F3 00 CE 03 01 46 46 
BAT RX 0x320 [8] 50 41 C3 85 85 00 00 00 
BAT RX 0x319 [8] 00 0C FC 0C FA 0C 01 01 
BAT RX 0x318 [8] 0C FB 0C FB 0C FB 0C FB 
BAT RX 0x317 [8] 0C FC 0C FC 0C FC 0C FC 
BAT RX 0x316 [8] 0C FA 0C FA 0C FA 0C FA 
BAT RX 0x315 [8] 0C FB 0C FB 0C FB 0C FB 
BAT RX 0x314 [8] 40 06 5B 04 00 01 05 41 
BAT RX 0x313 [8] 14 BE 00 00 00 DF 46 63 
BAT RX 0x312 [8] 00 00 00 00 02 00 00 00 
BAT RX 0x311 [8] 02 38 00 00 00 00 01 00 
BAT RX 0x330 [8] 01 0D 01 01 0C FC 0C FA 
BAT RX 0x329 [8] 02 00 19 C0 02 00 40 48 
BAT RX 0x323 [8] 20 0E 10 00 04 00 00 00 
BAT RX 0x324 [8] 00 02 47 50 4A 30 32 31 
BAT RX 0x322 [8] 00 F3 00 CE 03 01 46 46 
BAT RX 0x320 [8] 50 41 C3 85 85 00 00 00 
BAT RX 0x319 [8] 00 0C FC 0C FA 0D 01 01 
BAT RX 0x318 [8] 0C FB 0C FB 0C FB 0C FA 
BAT RX 0x317 [8] 0C FC 0C FC 0C FB 0C FB 
BAT RX 0x316 [8] 0C FA 0C FA 0C FA 0C FA 
BAT RX 0x315 [8] 0C FC 0C FC 0C FB 0C FB 
BAT RX 0x314 [8] 40 06 5B 04 00 02 05 41 
BAT RX 0x313 [8] 14 BE 00 00 00 DF 46 63 
BAT RX 0x312 [8] 00 00 00 00 02 00 00 00 
BAT RX 0x311 [8] 02 38 00 00 00 00 01 00 
[668s] OK V=53.10V I=+0.0A T=22.3C SOC=70% SOH=99% | CVL=56.8V CCL=0.0A DCL=0.0A | chg=0 dis=0 fc1=0 fc2=0 | prot=0000 warn=0000 | packs=2 | inv0x305=no
BAT RX 0x330 [8] 01 07 01 01 0C FC 0C FA 
BAT RX 0x329 [8] 01 00 22 34 01 00 3F AD 
BAT RX 0x323 [8] 20 0E 10 00 04 00 00 00 
BAT RX 0x324 [8] 01 39 35 32 32 30 36 32 
BAT RX 0x322 [8] 00 F3 00 CE 03 01 46 46 
BAT RX 0x320 [8] 50 41 C3 85 85 00 00 00 
BAT RX 0x319 [8] 00 0C FC 0C FA 07 01 01 
BAT RX 0x318 [8] 0C FB 0C FB 0C FB 0C FB 
BAT RX 0x317 [8] 0C FC 0C FC 0C FC 0C FC 
BAT RX 0x316 [8] 0C FA 0C FA 0C FA 0C F9 
BAT RX 0x315 [8] 0C FC 0C FC 0C FC 0C FB 
BAT RX 0x314 [8] 40 06 5B 04 00 03 05 41 
BAT RX 0x313 [8] 14 BE 00 00 00 DF 46 63 
BAT RX 0x312 [8] 00 00 00 00 02 00 00 00 
BAT RX 0x311 [8] 02 38 00 00 00 00 01 00 
BAT RX 0x330 [8] 01 0E 01 01 0C FC 0C FA 
BAT RX 0x329 [8] 02 00 19 C0 02 00 40 48 
BAT RX 0x323 [8] 20 0E 10 00 04 00 00 00 
BAT RX 0x324 [8] 02 42 42 37 00 00 00 00 
BAT RX 0x322 [8] 00 F3 00 CE 03 01 46 46 
BAT RX 0x320 [8] 50 41 C3 85 85 00 00 00 
BAT RX 0x319 [8] 00 0C FC 0C FA 0E 01 01 
BAT RX 0x318 [8] 0C FB 0C FB 0C FB 0C FA 
BAT RX 0x317 [8] 0C FC 0C FC 0C FB 0C FB 
BAT RX 0x316 [8] 0C FA 0C FA 0C FA 0C FA 
BAT RX 0x315 [8] 0C FC 0C FB 0C FB 0C FB 
BAT RX 0x314 [8] 40 06 5B 04 00 02 05 41 
BAT RX 0x313 [8] 14 BE 00 00 00 DF 46 63 
BAT RX 0x312 [8] 00 00 00 00 02 00 00 00 
BAT RX 0x311 [8] 02 38 00 00 00 00 01 00 
[670s] OK V=53.10V I=+0.0A T=22.3C SOC=70% SOH=99% | CVL=56.8V CCL=0.0A DCL=0.0A | chg=0 dis=0 fc1=0 fc2=0 | prot=0000 warn=0000 | packs=2 | inv0x305=no
BAT RX 0x330 [8] 01 0E 01 02 0C FD 0C F9 
BAT RX 0x329 [8] 01 00 22 34 01 00 3F AD 
BAT RX 0x323 [8] 20 0E 10 00 04 00 00 00 
BAT RX 0x324 [8] 00 01 47 50 4A 30 32 31 
BAT RX 0x322 [8] 00 F3 00 CE 03 01 46 46 
BAT RX 0x320 [8] 50 41 C3 85 85 00 00 00 
BAT RX 0x319 [8] 00 0C FD 0C F9 0E 02 01 
BAT RX 0x318 [8] 0C FB 0C FB 0C FB 0C FA 
BAT RX 0x317 [8] 0C FC 0C FC 0C FC 0C FB 
BAT RX 0x316 [8] 0C FA 0C FA 0C FA 0C F9 
BAT RX 0x315 [8] 0C FC 0C FC 0C FC 0C FB 
BAT RX 0x314 [8] 40 06 5B 04 00 03 05 41 
BAT RX 0x313 [8] 14 BE 00 00 00 DF 46 63 
BAT RX 0x312 [8] 00 00 00 00 02 00 00 00 
BAT RX 0x311 [8] 02 38 00 00 00 00 01 00 
BAT RX 0x330 [8] 01 0E 01 02 0C FC 0C FA 
BAT RX 0x329 [8] 02 00 19 C0 02 00 40 48 
BAT RX 0x323 [8] 20 0E 10 00 04 00 00 00 
BAT RX 0x324 [8] 01 39 35 32 32 30 36 32 
BAT RX 0x322 [8] 00 F3 00 CE 03 01 46 46 
BAT RX 0x320 [8] 50 41 C3 85 85 00 00 00 
BAT RX 0x319 [8] 00 0C FC 0C FA 0E 02 01 
BAT RX 0x318 [8] 0C FB 0C FB 0C FB 0C FB 
BAT RX 0x317 [8] 0C FC 0C FC 0C FC 0C FB 
BAT RX 0x316 [8] 0C FA 0C FA 0C FA 0C FA 
BAT RX 0x315 [8] 0C FC 0C FC 0C FC 0C FB 
BAT RX 0x314 [8] 40 06 5B 04 00 02 05 41 
BAT RX 0x313 [8] 14 C8 00 00 00 DF 46 63 
BAT RX 0x312 [8] 00 00 00 00 02 00 00 00 
BAT RX 0x311 [8] 02 38 00 00 00 00 01 00 
[672s] OK V=53.20V I=+0.0A T=22.3C SOC=70% SOH=99% | CVL=56.8V CCL=0.0A DCL=0.0A | chg=0 dis=0 fc1=0 fc2=0 | prot=0000 warn=0000 | packs=2 | inv0x305=no
BAT RX 0x330 [8] 01 07 01 0A 0C FC 0C F9 
BAT RX 0x329 [8] 01 00 22 34 01 00 3F AD 
BAT RX 0x323 [8] 20 0E 10 00 04 00 00 00 
BAT RX 0x324 [8] 02 43 30 37 00 00 00 00 
BAT RX 0x322 [8] 00 F3 00 CE 03 01 46 46 
BAT RX 0x320 [8] 50 41 C3 85 85 00 00 00 
BAT RX 0x319 [8] 00 0C FC 0C F9 07 0A 01 
BAT RX 0x318 [8] 0C FB 0C FB 0C FB 0C FB 
BAT RX 0x317 [8] 0C FC 0C FC 0C FB 0C FB 
BAT RX 0x316 [8] 0C FA 0C FA 0C FA 0C F9 
BAT RX 0x315 [8] 0C FC 0C FB 0C FB 0C FB 
BAT RX 0x314 [8] 40 06 5B 04 00 03 05 41 
BAT RX 0x313 [8] 14 BE 00 00 00 DF 46 63 
BAT RX 0x312 [8] 00 00 00 00 02 00 00 00 
BAT RX 0x311 [8] 02 38 00 00 00 00 01 00 
BAT RX 0x330 [8] 02 02 01 01 0C FC 0C FA 
BAT RX 0x329 [8] 02 00 19 C0 02 00 40 48 
BAT RX 0x323 [8] 20 0E 10 00 04 00 00 00 
BAT RX 0x324 [8] 00 02 47 50 4A 30 32 31 
BAT RX 0x322 [8] 00 F3 00 CE 03 01 46 46 
BAT RX 0x320 [8] 50 41 C3 85 85 00 00 00 
BAT RX 0x319 [8] 00 0C FC 0C FA 12 01 01 
BAT RX 0x318 [8] 0C FB 0C FB 0C FA 0C FA 
BAT RX 0x317 [8] 0C FC 0C FC 0C FB 0C FB 
BAT RX 0x316 [8] 0C FA 0C FA 0C FA 0C FA 
BAT RX 0x315 [8] 0C FC 0C FC 0C FC 0C FB 
BAT RX 0x314 [8] 40 06 5B 04 00 02 05 41 
BAT RX 0x313 [8] 14 C8 00 00 00 DF 46 63 
BAT RX 0x312 [8] 00 00 00 00 02 00 00 00 
BAT RX 0x311 [8] 02 38 00 00 00 00 01 00 
[674s] OK V=53.20V I=+0.0A T=22.3C SOC=70% SOH=99% | CVL=56.8V CCL=0.0A DCL=0.0A | chg=0 dis=0 fc1=0 fc2=0 | prot=0000 warn=0000 | packs=2 | inv0x305=no

---- battery-bus rate stats (VERBOSE_STATS) ----------------------------
  10043 frames, 675 s elapsed
  ID     count   period(ms)  (min-max gap)
  0x324     669   1003 (1-4867)
  0x329     671    998 (1-4866)
  0x330     674    993 (0-4000)
  0x312     669   1001 (1-4867)
  0x313     669   1001 (1-4867)
  0x314     669   1001 (1-4867)
  0x315     669   1001 (1-4867)
  0x316     669   1001 (1-4867)
  0x317     669   1001 (1-4867)
  0x318     669   1001 (1-4867)
  0x319     669   1001 (1-4867)
  0x320     669   1001 (1-4866)
  0x322     669   1001 (0-4867)
  0x311     669   1001 (1-4867)
  0x323     670    999 (1-4866)
--------------------------------------------------------------------------

  TWAI: state=RUNNING  tx_err=0 rx_err=0  tx_failed=0  rx_missed=111 rx_overrun=0  arb_lost=0  bus_err=0
BAT RX 0x330 [8] 01 07 01 0A 0C FC 0C F9 
BAT RX 0x329 [8] 01 00 22 34 01 00 3F AD 
BAT RX 0x323 [8] 20 0E 10 00 04 00 00 00 
BAT RX 0x324 [8] 01 39 35 32 32 30 36 32 
BAT RX 0x322 [8] 00 F3 00 CE 03 01 46 46 
BAT RX 0x320 [8] 50 41 C3 85 85 00 00 00 
BAT RX 0x319 [8] 00 0C FC 0C F9 07 0A 01 
BAT RX 0x318 [8] 0C FB 0C FB 0C FB 0C FA 
BAT RX 0x317 [8] 0C FC 0C FC 0C FC 0C FC 
BAT RX 0x316 [8] 0C FA 0C FA 0C FA 0C FA 
BAT RX 0x315 [8] 0C FC 0C FC 0C FC 0C FB 
BAT RX 0x314 [8] 40 06 5B 04 00 02 05 41 
BAT RX 0x313 [8] 14 C8 00 00 00 DF 46 63 
BAT RX 0x312 [8] 00 00 00 00 02 00 00 00 
BAT RX 0x311 [8] 02 38 00 00 00 00 01 00 
BAT RX 0x330 [8] 01 10 01 01 0C FC 0C FA 
BAT RX 0x329 [8] 02 00 19 C0 02 00 40 48 
BAT RX 0x323 [8] 20 0E 10 00 04 00 00 00 
BAT RX 0x324 [8] 02 42 42 37 00 00 00 00 
BAT RX 0x322 [8] 00 F3 00 CE 03 01 46 46 
BAT RX 0x320 [8] 50 41 C3 85 85 00 00 00 
BAT RX 0x319 [8] 00 0C FC 0C FA 10 01 01 
BAT RX 0x318 [8] 0C FB 0C FB 0C FB 0C FA 
BAT RX 0x317 [8] 0C FC 0C FB 0C FB 0C FB 
BAT RX 0x316 [8] 0C FA 0C FA 0C FA 0C FA 
BAT RX 0x315 [8] 0C FC 0C FC 0C FB 0C FB 
BAT RX 0x314 [8] 40 06 5B 04 00 02 05 41 
BAT RX 0x313 [8] 14 BE 00 03 00 DF 46 63 
BAT RX 0x312 [8] 00 00 00 00 02 00 00 00 
BAT RX 0x311 [8] 02 38 00 00 00 00 01 00 
[676s] OK V=53.10V I=+0.3A T=22.3C SOC=70% SOH=99% | CVL=56.8V CCL=0.0A DCL=0.0A | chg=0 dis=0 fc1=0 fc2=0 | prot=0000 warn=0000 | packs=2 | inv0x305=no
BAT RX 0x330 [8] 01 05 01 02 0C FC 0C FA 
BAT RX 0x329 [8] 01 00 22 34 01 00 3F AD 
BAT RX 0x323 [8] 20 0E 10 00 04 00 00 00 
BAT RX 0x324 [8] 00 01 47 50 4A 30 32 31 
BAT RX 0x322 [8] 00 F3 00 CE 03 01 46 46 
BAT RX 0x320 [8] 50 41 C3 85 85 00 00 00 
BAT RX 0x319 [8] 00 0C FC 0C FA 05 02 01 
BAT RX 0x318 [8] 0C FB 0C FB 0C FB 0C FA 
BAT RX 0x317 [8] 0C FC 0C FC 0C FC 0C FB 
BAT RX 0x316 [8] 0C FA 0C FA 0C FA 0C FA 
BAT RX 0x315 [8] 0C FD 0C FC 0C FC 0C FB 
BAT RX 0x314 [8] 40 06 5B 04 00 03 05 41 
BAT RX 0x313 [8] 14 C8 00 00 00 DF 46 63 
BAT RX 0x312 [8] 00 00 00 00 02 00 00 00 
BAT RX 0x311 [8] 02 38 00 00 00 00 01 00 
BAT RX 0x330 [8] 01 0B 01 03 0C FC 0C FA 
BAT RX 0x329 [8] 02 00 19 C0 02 00 40 48 
BAT RX 0x323 [8] 20 0E 10 00 04 00 00 00 
BAT RX 0x324 [8] 01 39 35 32 32 30 36 32 
BAT RX 0x322 [8] 00 F3 00 CE 03 01 46 46 
BAT RX 0x320 [8] 50 41 C3 85 85 00 00 00 
BAT RX 0x319 [8] 00 0C FC 0C FA 0B 03 01 
BAT RX 0x318 [8] 0C FB 0C FB 0C FB 0C FA 
BAT RX 0x317 [8] 0C FC 0C FC 0C FB 0C FB 
BAT RX 0x316 [8] 0C FA 0C FA 0C FA 0C F9 
BAT RX 0x315 [8] 0C FC 0C FC 0C FB 0C FB 
BAT RX 0x314 [8] 40 06 5B 04 00 03 05 41 
BAT RX 0x313 [8] 14 BE 00 00 00 DF 46 63 
BAT RX 0x312 [8] 00 00 00 00 02 00 00 00 
BAT RX 0x311 [8] 02 38 00 00 00 00 01 00 
[678s] OK V=53.10V I=+0.0A T=22.3C SOC=70% SOH=99% | CVL=56.8V CCL=0.0A DCL=0.0A | chg=0 dis=0 fc1=0 fc2=0 | prot=0000 warn=0000 | packs=2 | inv0x305=no
BAT RX 0x330 [8] 01 08 01 0A 0C FC 0C F9 
BAT RX 0x329 [8] 01 00 22 34 01 00 3F AD 
BAT RX 0x323 [8] 20 0E 10 00 04 00 00 00 
BAT RX 0x324 [8] 02 43 30 37 00 00 00 00 
BAT RX 0x322 [8] 00 F3 00 CE 03 01 46 46 
BAT RX 0x320 [8] 50 41 C3 85 85 00 00 00 
BAT RX 0x319 [8] 00 0C FC 0C F9 08 0A 01 
BAT RX 0x318 [8] 0C FB 0C FA 0C FA 0C FA 
BAT RX 0x317 [8] 0C FC 0C FC 0C FB 0C FB 
BAT RX 0x316 [8] 0C FA 0C FA 0C FA 0C FA 
BAT RX 0x315 [8] 0C FC 0C FC 0C FC 0C FC 
BAT RX 0x314 [8] 40 06 5B 04 00 02 05 41 
BAT RX 0x313 [8] 14 C8 00 00 00 DF 46 63 
BAT RX 0x312 [8] 00 00 00 00 02 00 00 00 
BAT RX 0x311 [8] 02 38 00 00 00 00 01 00 
BAT RX 0x330 [8] 01 06 01 03 0C FC 0C FA 
BAT RX 0x329 [8] 02 00 19 C0 02 00 40 48 
BAT RX 0x323 [8] 20 0E 10 00 04 00 00 00 
BAT RX 0x324 [8] 00 02 47 50 4A 30 32 31 
BAT RX 0x322 [8] 00 F3 00 CE 03 01 46 46 
BAT RX 0x320 [8] 50 41 C3 85 85 00 00 00 
BAT RX 0x319 [8] 00 0C FC 0C FA 06 03 01 
BAT RX 0x318 [8] 0C FB 0C FB 0C FB 0C FA 
BAT RX 0x317 [8] 0C FC 0C FB 0C FB 0C FB 
BAT RX 0x316 [8] 0C FA 0C FA 0C FA 0C F9 
BAT RX 0x315 [8] 0C FC 0C FC 0C FC 0C FC 
BAT RX 0x314 [8] 40 06 5B 04 00 03 05 41 
BAT RX 0x313 [8] 14 BE 00 00 00 DF 46 63 
BAT RX 0x312 [8] 00 00 00 00 02 00 00 00 
BAT RX 0x311 [8] 02 38 00 00 00 00 01 00 
[680s] OK V=53.10V I=+0.0A T=22.3C SOC=70% SOH=99% | CVL=56.8V CCL=0.0A DCL=0.0A | chg=0 dis=0 fc1=0 fc2=0 | prot=0000 warn=0000 | packs=2 | inv0x305=no
BAT RX 0x330 [8] 01 09 01 02 0C FC 0C FA 
BAT RX 0x329 [8] 01 00 22 34 01 00 3F AD 
BAT RX 0x323 [8] 20 0E 10 00 04 00 00 00 
BAT RX 0x324 [8] 01 39 35 32 32 30 36 32 
BAT RX 0x322 [8] 00 F3 00 CE 03 01 46 46 
BAT RX 0x320 [8] 50 41 C3 85 85 00 00 00 
BAT RX 0x319 [8] 00 0C FC 0C FA 09 02 01 
BAT RX 0x318 [8] 0C FB 0C FB 0C FB 0C FB 
BAT RX 0x317 [8] 0C FC 0C FC 0C FB 0C FB 
BAT RX 0x316 [8] 0C FA 0C FA 0C FA 0C F9 
BAT RX 0x315 [8] 0C FC 0C FC 0C FC 0C FC 
BAT RX 0x314 [8] 40 06 5B 04 00 03 05 41 
BAT RX 0x313 [8] 14 C8 00 00 00 DF 46 63 
BAT RX 0x312 [8] 00 00 00 00 02 00 00 00 
BAT RX 0x311 [8] 02 38 00 00 00 00 01 00 
BAT RX 0x330 [8] 01 0A 01 08 0C FC 0C F9 
BAT RX 0x329 [8] 02 00 19 C0 02 00 40 48 
BAT RX 0x323 [8] 20 0E 10 00 04 00 00 00 
BAT RX 0x324 [8] 02 42 42 37 00 00 00 00 
BAT RX 0x322 [8] 00 F3 00 CE 03 01 46 46 
BAT RX 0x320 [8] 50 41 C3 85 85 00 00 00 
BAT RX 0x319 [8] 00 0C FC 0C F9 0A 08 01 
BAT RX 0x318 [8] 0C FB 0C FB 0C FB 0C FA 
BAT RX 0x317 [8] 0C FC 0C FC 0C FB 0C FB 
BAT RX 0x316 [8] 0C FB 0C FA 0C FA 0C FA 
BAT RX 0x315 [8] 0C FC 0C FC 0C FC 0C FB 
BAT RX 0x314 [8] 40 06 5B 04 00 02 05 41 
BAT RX 0x313 [8] 14 BE 00 00 00 DF 46 63 
BAT RX 0x312 [8] 00 00 00 00 02 00 00 00 
BAT RX 0x311 [8] 02 38 00 00 00 00 01 00 
[682s] OK V=53.10V I=+0.0A T=22.3C SOC=70% SOH=99% | CVL=56.8V CCL=0.0A DCL=0.0A | chg=0 dis=0 fc1=0 fc2=0 | prot=0000 warn=0000 | packs=2 | inv0x305=no
BAT RX 0x330 [8] 01 07 01 01 0C FC 0C FA 
BAT RX 0x329 [8] 01 00 22 34 01 00 3F AD 
BAT RX 0x323 [8] 20 0E 10 00 04 00 00 00 
BAT RX 0x324 [8] 00 01 47 50 4A 30 32 31 
BAT RX 0x322 [8] 00 F3 00 CE 03 01 46 46 
BAT RX 0x320 [8] 50 41 C3 85 85 00 00 00 
BAT RX 0x319 [8] 00 0C FC 0C FA 07 01 01 
BAT RX 0x318 [8] 0C FB 0C FB 0C FA 0C FA 
BAT RX 0x317 [8] 0C FC 0C FC 0C FC 0C FB 
BAT RX 0x316 [8] 0C FB 0C FA 0C FA 0C FA 
BAT RX 0x315 [8] 0C FC 0C FB 0C FB 0C FB 
BAT RX 0x314 [8] 40 06 5B 04 00 02 05 41 
BAT RX 0x313 [8] 14 C8 00 00 00 DF 46 63 
BAT RX 0x312 [8] 00 00 00 00 02 00 00 00 
BAT RX 0x311 [8] 02 38 00 00 00 00 01 00 
BAT RX 0x330 [8] 01 07 01 01 0C FC 0C FA 
BAT RX 0x329 [8] 02 00 19 C0 02 00 40 48 
BAT RX 0x323 [8] 20 0E 10 00 04 00 00 00 
BAT RX 0x324 [8] 01 39 35 32 32 30 36 32 
BAT RX 0x322 [8] 00 F3 00 CE 03 01 46 46 
BAT RX 0x320 [8] 50 41 C3 85 85 00 00 00 
BAT RX 0x319 [8] 00 0C FC 0C FA 07 01 01 
BAT RX 0x318 [8] 0C FB 0C FB 0C FB 0C FB 
BAT RX 0x317 [8] 0C FC 0C FC 0C FC 0C FC 
BAT RX 0x316 [8] 0C FB 0C FA 0C FA 0C FA 
BAT RX 0x315 [8] 0C FC 0C FC 0C FB 0C FB 
BAT RX 0x314 [8] 40 06 5B 04 00 02 05 41 
BAT RX 0x313 [8] 14 C8 00 00 00 DF 46 63 
BAT RX 0x312 [8] 00 00 00 00 02 00 00 00 
BAT RX 0x311 [8] 02 38 00 00 00 00 01 00 
[684s] OK V=53.20V I=+0.0A T=22.3C SOC=70% SOH=99% | CVL=56.8V CCL=0.0A DCL=0.0A | chg=0 dis=0 fc1=0 fc2=0 | prot=0000 warn=0000 | packs=2 | inv0x305=no
BAT RX 0x330 [8] 01 0E 01 01 0C FC 0C FA 
BAT RX 0x329 [8] 01 00 22 34 01 00 3F AD 
BAT RX 0x323 [8] 20 0E 10 00 04 00 00 00 
BAT RX 0x324 [8] 02 43 30 37 00 00 00 00 
BAT RX 0x322 [8] 00 F3 00 CE 03 01 46 46 
BAT RX 0x320 [8] 50 41 C3 85 85 00 00 00 
BAT RX 0x319 [8] 00 0C FC 0C FA 0E 01 01 
BAT RX 0x318 [8] 0C FB 0C FB 0C FB 0C FB 
BAT RX 0x317 [8] 0C FC 0C FB 0C FB 0C FB 
BAT RX 0x316 [8] 0C FA 0C FA 0C FA 0C FA 
BAT RX 0x315 [8] 0C FC 0C FC 0C FB 0C FB 
BAT RX 0x314 [8] 40 06 5B 04 00 02 05 41 
BAT RX 0x313 [8] 14 C8 00 00 00 DF 46 63 
BAT RX 0x312 [8] 00 00 00 00 02 00 00 00 
BAT RX 0x311 [8] 02 38 00 00 00 00 01 00 
BAT RX 0x330 [8] 01 07 01 03 0C FC 0C FA 
BAT RX 0x329 [8] 02 00 19 C0 02 00 40 48 
BAT RX 0x323 [8] 20 0E 10 00 04 00 00 00 
BAT RX 0x324 [8] 00 02 47 50 4A 30 32 31 
BAT RX 0x322 [8] 00 F3 00 CE 03 01 46 46 
BAT RX 0x320 [8] 50 41 C3 85 85 00 00 00 
BAT RX 0x319 [8] 00 0C FC 0C FA 07 03 01 
BAT RX 0x318 [8] 0C FB 0C FB 0C FA 0C FA 
BAT RX 0x317 [8] 0C FC 0C FB 0C FB 0C FB 
BAT RX 0x316 [8] 0C FA 0C FA 0C FA 0C F9 
BAT RX 0x315 [8] 0C FC 0C FC 0C FC 0C FC 
BAT RX 0x314 [8] 40 06 5B 04 00 03 05 41 
BAT RX 0x313 [8] 14 C8 00 00 00 DF 46 63 
BAT RX 0x312 [8] 00 00 00 00 02 00 00 00 
BAT RX 0x311 [8] 02 38 00 00 00 00 01 00 
[686s] OK V=53.20V I=+0.0A T=22.3C SOC=70% SOH=99% | CVL=56.8V CCL=0.0A DCL=0.0A | chg=0 dis=0 fc1=0 fc2=0 | prot=0000 warn=0000 | packs=2 | inv0x305=no
BAT RX 0x330 [8] 01 0D 01 01 0C FC 0C FA 
BAT RX 0x329 [8] 01 00 22 34 01 00 3F AD 
BAT RX 0x323 [8] 20 0E 10 00 04 00 00 00 
BAT RX 0x324 [8] 01 39 35 32 32 30 36 32 
BAT RX 0x322 [8] 00 F3 00 CE 03 01 46 46 
BAT RX 0x320 [8] 50 41 C3 85 85 00 00 00 
BAT RX 0x319 [8] 00 0C FC 0C FA 0D 01 01 
BAT RX 0x318 [8] 0C FB 0C FB 0C FB 0C FB 
BAT RX 0x317 [8] 0C FC 0C FB 0C FB 0C FB 
BAT RX 0x316 [8] 0C FA 0C FA 0C FA 0C FA 
BAT RX 0x315 [8] 0C FC 0C FB 0C FB 0C FB 
BAT RX 0x314 [8] 40 06 5B 04 00 02 05 41 
BAT RX 0x313 [8] 14 C8 00 00 00 DF 46 63 
BAT RX 0x312 [8] 00 00 00 00 02 00 00 00 
BAT RX 0x311 [8] 02 38 00 00 00 00 01 00 
BAT RX 0x330 [8] 01 0E 01 01 0C FC 0C FA 
BAT RX 0x329 [8] 02 00 19 C0 02 00 40 48 
BAT RX 0x323 [8] 20 0E 10 00 04 00 00 00 
BAT RX 0x324 [8] 02 42 42 37 00 00 00 00 
BAT RX 0x322 [8] 00 F3 00 CE 03 01 46 46 
BAT RX 0x320 [8] 50 41 C3 85 85 00 00 00 
BAT RX 0x319 [8] 00 0C FC 0C FA 0E 01 01 
BAT RX 0x318 [8] 0C FB 0C FB 0C FB 0C FB 
BAT RX 0x317 [8] 0C FC 0C FC 0C FB 0C FB 
BAT RX 0x316 [8] 0C FA 0C FA 0C FA 0C FA 
BAT RX 0x315 [8] 0C FC 0C FC 0C FC 0C FB 
BAT RX 0x314 [8] 40 06 5B 04 00 02 05 41 
BAT RX 0x313 [8] 14 C8 00 00 00 DF 46 63 
BAT RX 0x312 [8] 00 00 00 00 02 00 00 00 
BAT RX 0x311 [8] 02 38 00 00 00 00 01 00 
[688s] OK V=53.20V I=+0.0A T=22.3C SOC=70% SOH=99% | CVL=56.8V CCL=0.0A DCL=0.0A | chg=0 dis=0 fc1=0 fc2=0 | prot=0000 warn=0000 | packs=2 | inv0x305=no
BAT RX 0x330 [8] 01 07 01 04 0C FC 0C FA 
BAT RX 0x329 [8] 01 00 22 34 01 00 3F AD 
BAT RX 0x323 [8] 20 0E 10 00 04 00 00 00 
BAT RX 0x324 [8] 00 01 47 50 4A 30 32 31 
BAT RX 0x322 [8] 00 F3 00 CE 03 01 46 46 
BAT RX 0x320 [8] 50 41 C3 85 85 00 00 00 
BAT RX 0x319 [8] 00 0C FC 0C FA 07 04 01 
BAT RX 0x318 [8] 0C FB 0C FB 0C FB 0C FB 
BAT RX 0x317 [8] 0C FC 0C FC 0C FC 0C FC 
BAT RX 0x316 [8] 0C FB 0C FB 0C FA 0C FA 
BAT RX 0x315 [8] 0C FC 0C FB 0C FB 0C FB 
BAT RX 0x314 [8] 40 06 5B 04 00 02 05 41 
BAT RX 0x313 [8] 14 BE 00 00 00 DF 46 63 
BAT RX 0x312 [8] 00 00 00 00 02 00 00 00 
BAT RX 0x311 [8] 02 38 00 00 00 00 01 00 

---- battery-bus rate stats (VERBOSE_STATS) ----------------------------
  10268 frames, 690 s elapsed
  ID     count   period(ms)  (min-max gap)
  0x324     684   1003 (1-4867)
  0x329     686    998 (1-4866)
  0x330     689    993 (0-4000)
  0x312     684   1001 (1-4867)
  0x313     684   1001 (1-4867)
  0x314     684   1001 (1-4867)
  0x315     684   1001 (1-4867)
  0x316     684   1001 (1-4867)
  0x317     684   1001 (1-4867)
  0x318     684   1001 (1-4867)
  0x319     684   1001 (1-4867)
  0x320     684   1001 (1-4866)
  0x322     684   1001 (0-4867)
  0x311     684   1001 (1-4867)
  0x323     685    999 (1-4866)
--------------------------------------------------------------------------

  TWAI: state=RUNNING  tx_err=0 rx_err=0  tx_failed=0  rx_missed=111 rx_overrun=0  arb_lost=0  bus_err=0
BAT RX 0x330 [8] 01 0F 01 02 0C FC 0C FA 
BAT RX 0x329 [8] 02 00 19 C0 02 00 40 48 
BAT RX 0x323 [8] 20 0E 10 00 04 00 00 00 
BAT RX 0x324 [8] 01 39 35 32 32 30 36 32 
BAT RX 0x322 [8] 00 F3 00 CE 03 01 46 46 
BAT RX 0x320 [8] 50 41 C3 85 85 00 00 00 
BAT RX 0x319 [8] 00 0C FC 0C FA 0F 02 01 
BAT RX 0x318 [8] 0C FB 0C FB 0C FB 0C FA 
BAT RX 0x317 [8] 0C FC 0C FC 0C FC 0C FC 
BAT RX 0x316 [8] 0C FB 0C FA 0C FA 0C FA 
BAT RX 0x315 [8] 0C FC 0C FC 0C FB 0C FB 
BAT RX 0x314 [8] 40 06 5B 04 00 02 05 41 
BAT RX 0x313 [8] 14 BE 00 00 00 DF 46 63 
BAT RX 0x312 [8] 00 00 00 00 02 00 00 00 
BAT RX 0x311 [8] 02 38 00 00 00 00 01 00 
[690s] OK V=53.10V I=+0.0A T=22.3C SOC=70% SOH=99% | CVL=56.8V CCL=0.0A DCL=0.0A | chg=0 dis=0 fc1=0 fc2=0 | prot=0000 warn=0000 | packs=2 | inv0x305=no
BAT RX 0x330 [8] 01 0B 01 02 0C FC 0C FA 
BAT RX 0x329 [8] 01 00 22 34 01 00 3F AD 
BAT RX 0x323 [8] 20 0E 10 00 04 00 00 00 
BAT RX 0x324 [8] 02 43 30 37 00 00 00 00 
BAT RX 0x322 [8] 00 F3 00 CE 03 01 46 46 
BAT RX 0x320 [8] 50 41 C3 85 85 00 00 00 
BAT RX 0x319 [8] 00 0C FC 0C FA 0B 02 01 
BAT RX 0x318 [8] 0C FB 0C FB 0C FA 0C FA 
BAT RX 0x317 [8] 0C FC 0C FC 0C FC 0C FC 
BAT RX 0x316 [8] 0C FA 0C FA 0C FA 0C FA 
BAT RX 0x315 [8] 0C FC 0C FB 0C FB 0C FB 
BAT RX 0x314 [8] 40 06 5B 04 00 02 05 41 
BAT RX 0x313 [8] 14 C8 00 00 00 DF 46 63 
BAT RX 0x312 [8] 00 00 00 00 02 00 00 00 
BAT RX 0x311 [8] 02 38 00 00 00 00 01 00 
BAT RX 0x330 [8] 01 0C 01 01 0C FC 0C FA 
BAT RX 0x329 [8] 02 00 19 C0 02 00 40 48 
BAT RX 0x323 [8] 20 0E 10 00 04 00 00 00 
BAT RX 0x324 [8] 00 02 47 50 4A 30 32 31 
BAT RX 0x322 [8] 00 F3 00 CE 03 01 46 46 
BAT RX 0x320 [8] 50 41 C3 85 85 00 00 00 
BAT RX 0x319 [8] 00 0C FC 0C FA 0C 01 01 
BAT RX 0x318 [8] 0C FB 0C FB 0C FB 0C FB 
BAT RX 0x317 [8] 0C FC 0C FC 0C FC 0C FC 
BAT RX 0x316 [8] 0C FA 0C FA 0C FA 0C FA 
BAT RX 0x315 [8] 0C FC 0C FB 0C FB 0C FB 
BAT RX 0x314 [8] 40 06 5B 04 00 02 05 41 
BAT RX 0x313 [8] 14 C8 00 00 00 DF 46 63 
BAT RX 0x312 [8] 00 00 00 00 02 00 00 00 
BAT RX 0x311 [8] 02 38 00 00 00 00 01 00 
[692s] OK V=53.20V I=+0.0A T=22.3C SOC=70% SOH=99% | CVL=56.8V CCL=0.0A DCL=0.0A | chg=0 dis=0 fc1=0 fc2=0 | prot=0000 warn=0000 | packs=2 | inv0x305=no
BAT RX 0x330 [8] 01 09 01 01 0C FC 0C FA 
BAT RX 0x329 [8] 01 00 22 34 01 00 3F AD 
BAT RX 0x323 [8] 20 0E 10 00 04 00 00 00 
BAT RX 0x324 [8] 01 39 35 32 32 30 36 32 
BAT RX 0x322 [8] 00 F3 00 CE 03 01 46 46 
BAT RX 0x320 [8] 50 41 C3 85 85 00 00 00 
BAT RX 0x319 [8] 00 0C FC 0C FA 09 01 01 
BAT RX 0x318 [8] 0C FB 0C FB 0C FB 0C FA 
BAT RX 0x317 [8] 0C FC 0C FC 0C FC 0C FC 
BAT RX 0x316 [8] 0C FA 0C FA 0C FA 0C FA 
BAT RX 0x315 [8] 0C FC 0C FC 0C FC 0C FB 
BAT RX 0x314 [8] 40 06 5B 04 00 02 05 41 
BAT RX 0x313 [8] 14 C8 00 00 00 DF 46 63 
BAT RX 0x312 [8] 00 00 00 00 02 00 00 00 
BAT RX 0x311 [8] 02 38 00 00 00 00 01 00 
BAT RX 0x330 [8] 01 09 01 02 0C FC 0C FA 
BAT RX 0x329 [8] 02 00 19 C0 02 00 40 48 
BAT RX 0x323 [8] 20 0E 10 00 04 00 00 00 
BAT RX 0x324 [8] 02 42 42 37 00 00 00 00 
BAT RX 0x322 [8] 00 F3 00 CE 03 01 46 46 
BAT RX 0x320 [8] 50 41 C3 85 85 00 00 00 
BAT RX 0x319 [8] 00 0C FC 0C FA 09 02 01 
BAT RX 0x318 [8] 0C FB 0C FB 0C FB 0C FA 
BAT RX 0x317 [8] 0C FC 0C FC 0C FC 0C FC 
BAT RX 0x316 [8] 0C FA 0C FA 0C FA 0C FA 
BAT RX 0x315 [8] 0C FC 0C FC 0C FC 0C FC 
BAT RX 0x314 [8] 40 06 5B 04 00 02 05 41 
BAT RX 0x313 [8] 14 C8 00 00 00 DF 46 63 
BAT RX 0x312 [8] 00 00 00 00 02 00 00 00 
BAT RX 0x311 [8] 02 38 00 00 00 00 01 00 
[694s] OK V=53.20V I=+0.0A T=22.3C SOC=70% SOH=99% | CVL=56.8V CCL=0.0A DCL=0.0A | chg=0 dis=0 fc1=0 fc2=0 | prot=0000 warn=0000 | packs=2 | inv0x305=no
BAT RX 0x330 [8] 01 02 01 01 0C FC 0C FA 
BAT RX 0x329 [8] 01 00 22 34 01 00 3F AD 
BAT RX 0x323 [8] 20 0E 10 00 04 00 00 00 
BAT RX 0x324 [8] 00 01 47 50 4A 30 32 31 
BAT RX 0x322 [8] 00 F3 00 CE 03 01 46 46 
BAT RX 0x320 [8] 50 41 C3 85 85 00 00 00 
BAT RX 0x319 [8] 00 0C FC 0C FA 02 01 01 
BAT RX 0x318 [8] 0C FB 0C FB 0C FB 0C FB 
BAT RX 0x317 [8] 0C FC 0C FC 0C FC 0C FB 
BAT RX 0x316 [8] 0C FB 0C FB 0C FA 0C FA 
BAT RX 0x315 [8] 0C FC 0C FC 0C FB 0C FB 
BAT RX 0x314 [8] 40 06 5B 04 00 02 05 41 
BAT RX 0x313 [8] 14 C8 00 00 00 DF 46 63 
BAT RX 0x312 [8] 00 00 00 00 02 00 00 00 
BAT RX 0x311 [8] 02 38 00 00 00 00 01 00 
BAT RX 0x330 [8] 01 0E 01 01 0C FC 0C FA 
BAT RX 0x329 [8] 02 00 19 C0 02 00 40 48 
BAT RX 0x323 [8] 20 0E 10 00 04 00 00 00 
BAT RX 0x324 [8] 01 39 35 32 32 30 36 32 
BAT RX 0x322 [8] 00 F3 00 CE 03 01 46 46 
BAT RX 0x320 [8] 50 41 C3 85 85 00 00 00 
BAT RX 0x319 [8] 00 0C FC 0C FA 0E 01 01 
BAT RX 0x318 [8] 0C FB 0C FB 0C FB 0C FA 
BAT RX 0x317 [8] 0C FC 0C FC 0C FC 0C FB 
BAT RX 0x316 [8] 0C FB 0C FB 0C FA 0C FA 
BAT RX 0x315 [8] 0C FB 0C FB 0C FB 0C FB 
BAT RX 0x314 [8] 40 06 5B 04 00 02 05 41 
BAT RX 0x313 [8] 14 BE 00 00 00 DF 46 63 
BAT RX 0x312 [8] 00 00 00 00 02 00 00 00 
BAT RX 0x311 [8] 02 38 00 00 00 00 01 00 
[696s] OK V=53.10V I=+0.0A T=22.3C SOC=70% SOH=99% | CVL=56.8V CCL=0.0A DCL=0.0A | chg=0 dis=0 fc1=0 fc2=0 | prot=0000 warn=0000 | packs=2 | inv0x305=no
BAT RX 0x330 [8] 01 0E 01 02 0C FC 0C FA 
BAT RX 0x329 [8] 01 00 22 34 01 00 3F AD 
BAT RX 0x323 [8] 20 0E 10 00 04 00 00 00 
BAT RX 0x324 [8] 02 43 30 37 00 00 00 00 
BAT RX 0x322 [8] 00 F3 00 CE 03 01 46 46 
BAT RX 0x320 [8] 50 41 C3 85 85 00 00 00 
BAT RX 0x319 [8] 00 0C FC 0C FA 0E 02 01 
BAT RX 0x318 [8] 0C FB 0C FB 0C FB 0C FB 
BAT RX 0x317 [8] 0C FC 0C FC 0C FC 0C FC 
BAT RX 0x316 [8] 0C FA 0C FA 0C FA 0C FA 
BAT RX 0x315 [8] 0C FC 0C FC 0C FB 0C FB 
BAT RX 0x314 [8] 40 06 5B 04 00 02 05 41 
BAT RX 0x313 [8] 14 C8 00 00 00 DF 46 63 
BAT RX 0x312 [8] 00 00 00 00 02 00 00 00 
BAT RX 0x311 [8] 02 38 00 00 00 00 01 00 
BAT RX 0x330 [8] 01 0F 01 03 0C FC 0C FA 
BAT RX 0x329 [8] 02 00 19 C0 02 00 40 48 
BAT RX 0x323 [8] 20 0E 10 00 04 00 00 00 
BAT RX 0x324 [8] 00 02 47 50 4A 30 32 31 
BAT RX 0x322 [8] 00 F3 00 CE 03 01 46 46 
BAT RX 0x320 [8] 50 41 C3 85 85 00 00 00 
BAT RX 0x319 [8] 00 0C FC 0C FA 0F 03 01 
BAT RX 0x318 [8] 0C FB 0C FB 0C FB 0C FB 
BAT RX 0x317 [8] 0C FC 0C FC 0C FC 0C FC 
BAT RX 0x316 [8] 0C FA 0C FA 0C FA 0C FA 
BAT RX 0x315 [8] 0C FC 0C FC 0C FB 0C FB 
BAT RX 0x314 [8] 40 06 5B 04 00 02 05 41 
BAT RX 0x313 [8] 14 C8 00 00 00 DF 46 63 
BAT RX 0x312 [8] 00 00 00 00 02 00 00 00 
BAT RX 0x311 [8] 02 38 00 00 00 00 01 00 
[698s] OK V=53.20V I=+0.0A T=22.3C SOC=70% SOH=99% | CVL=56.8V CCL=0.0A DCL=0.0A | chg=0 dis=0 fc1=0 fc2=0 | prot=0000 warn=0000 | packs=2 | inv0x305=no
BAT RX 0x330 [8] 02 03 01 01 0C FC 0C FA 
BAT RX 0x329 [8] 01 00 22 34 01 00 3F AD 
BAT RX 0x323 [8] 20 0E 10 00 04 00 00 00 
BAT RX 0x324 [8] 01 39 35 32 32 30 36 32 
BAT RX 0x322 [8] 00 F3 00 CE 03 01 46 46 
BAT RX 0x320 [8] 50 41 C3 85 85 00 00 00 
BAT RX 0x319 [8] 00 0C FC 0C FA 13 01 01 
BAT RX 0x318 [8] 0C FB 0C FB 0C FB 0C FB 
BAT RX 0x317 [8] 0C FC 0C FC 0C FC 0C FC 
BAT RX 0x316 [8] 0C FA 0C FA 0C FA 0C FA 
BAT RX 0x315 [8] 0C FC 0C FB 0C FB 0C FB 
BAT RX 0x314 [8] 40 06 5B 04 00 02 05 41 
BAT RX 0x313 [8] 14 C8 00 00 00 DF 46 63 
BAT RX 0x312 [8] 00 00 00 00 02 00 00 00 
BAT RX 0x311 [8] 02 38 00 00 00 00 01 00 
BAT RX 0x330 [8] 01 07 01 01 0C FC 0C FA 
BAT RX 0x329 [8] 02 00 19 C0 02 00 40 48 
BAT RX 0x323 [8] 20 0E 10 00 04 00 00 00 
BAT RX 0x324 [8] 02 42 42 37 00 00 00 00 
BAT RX 0x322 [8] 00 F3 00 CE 03 01 46 46 
BAT RX 0x320 [8] 50 41 C3 85 85 00 00 00 
BAT RX 0x319 [8] 00 0C FC 0C FA 07 01 01 
BAT RX 0x318 [8] 0C FB 0C FB 0C FB 0C FA 
BAT RX 0x317 [8] 0C FC 0C FC 0C FC 0C FB 
BAT RX 0x316 [8] 0C FB 0C FA 0C FA 0C FA 
BAT RX 0x315 [8] 0C FC 0C FC 0C FB 0C FB 
BAT RX 0x314 [8] 40 06 5B 04 00 02 05 41 
BAT RX 0x313 [8] 14 C8 00 00 00 DF 46 63 
BAT RX 0x312 [8] 00 00 00 00 02 00 00 00 
BAT RX 0x311 [8] 02 38 00 00 00 00 01 00 
[700s] OK V=53.20V I=+0.0A T=22.3C SOC=70% SOH=99% | CVL=56.8V CCL=0.0A DCL=0.0A | chg=0 dis=0 fc1=0 fc2=0 | prot=0000 warn=0000 | packs=2 | inv0x305=no
BAT RX 0x330 [8] 01 0F 01 02 0C FC 0C FA 
BAT RX 0x329 [8] 01 00 22 34 01 00 3F AD 
BAT RX 0x323 [8] 20 0E 10 00 04 00 00 00 
BAT RX 0x324 [8] 00 01 47 50 4A 30 32 31 
BAT RX 0x322 [8] 00 F3 00 CE 03 01 46 46 
BAT RX 0x320 [8] 50 41 C3 85 85 00 00 00 
BAT RX 0x319 [8] 00 0C FC 0C FA 0F 02 01 
BAT RX 0x318 [8] 0C FB 0C FB 0C FB 0C FB 
BAT RX 0x317 [8] 0C FC 0C FC 0C FC 0C FC 
BAT RX 0x316 [8] 0C FA 0C FA 0C FA 0C FA 
BAT RX 0x315 [8] 0C FC 0C FC 0C FC 0C FC 
BAT RX 0x314 [8] 40 06 5B 04 00 02 05 41 
BAT RX 0x313 [8] 14 C8 00 00 00 DF 46 63 
BAT RX 0x312 [8] 00 00 00 00 02 00 00 00 
BAT RX 0x311 [8] 02 38 00 00 00 00 01 00 
BAT RX 0x330 [8] 01 09 01 02 0C FC 0C FA 
BAT RX 0x329 [8] 02 00 19 C0 02 00 40 48 
BAT RX 0x323 [8] 20 0E 10 00 04 00 00 00 
BAT RX 0x324 [8] 01 39 35 32 32 30 36 32 
BAT RX 0x322 [8] 00 F3 00 CE 03 01 46 46 
BAT RX 0x320 [8] 50 41 C3 85 85 00 00 00 
BAT RX 0x319 [8] 00 0C FC 0C FA 09 02 01 
BAT RX 0x318 [8] 0C FB 0C FB 0C FB 0C FB 
BAT RX 0x317 [8] 0C FC 0C FC 0C FC 0C FC 
BAT RX 0x316 [8] 0C FA 0C FA 0C FA 0C FA 
BAT RX 0x315 [8] 0C FC 0C FC 0C FC 0C FB 
BAT RX 0x314 [8] 40 06 5B 04 00 02 05 41 
BAT RX 0x313 [8] 14 BE 00 00 00 DF 46 63 
BAT RX 0x312 [8] 00 00 00 00 02 00 00 00 
BAT RX 0x311 [8] 02 38 00 00 00 00 01 00 
[702s] OK V=53.10V I=+0.0A T=22.3C SOC=70% SOH=99% | CVL=56.8V CCL=0.0A DCL=0.0A | chg=0 dis=0 fc1=0 fc2=0 | prot=0000 warn=0000 | packs=2 | inv0x305=no
BAT RX 0x330 [8] 01 07 01 04 0C FC 0C FA 
BAT RX 0x329 [8] 01 00 22 34 01 00 3F AD 
BAT RX 0x323 [8] 20 0E 10 00 04 00 00 00 
BAT RX 0x324 [8] 02 43 30 37 00 00 00 00 
BAT RX 0x322 [8] 00 F3 00 CE 03 01 46 46 
BAT RX 0x320 [8] 50 41 C3 85 85 00 00 00 
BAT RX 0x319 [8] 00 0C FC 0C FA 07 04 01 
BAT RX 0x318 [8] 0C FB 0C FB 0C FB 0C FB 
BAT RX 0x317 [8] 0C FC 0C FC 0C FC 0C FB 
BAT RX 0x316 [8] 0C FA 0C FA 0C FA 0C FA 
BAT RX 0x315 [8] 0C FD 0C FC 0C FC 0C FC 
BAT RX 0x314 [8] 40 06 5B 04 00 03 05 41 
BAT RX 0x313 [8] 14 C8 00 00 00 DF 46 63 
BAT RX 0x312 [8] 00 00 00 00 02 00 00 00 
BAT RX 0x311 [8] 02 38 00 00 00 00 01 00 
BAT RX 0x330 [8] 02 02 01 01 0C FC 0C FA 
BAT RX 0x329 [8] 02 00 19 C0 02 00 40 48 
BAT RX 0x323 [8] 20 0E 10 00 04 00 00 00 
BAT RX 0x324 [8] 00 02 47 50 4A 30 32 31 
BAT RX 0x322 [8] 00 F3 00 CE 03 01 46 46 
BAT RX 0x320 [8] 50 41 C3 85 85 00 00 00 
BAT RX 0x319 [8] 00 0C FC 0C FA 12 01 01 
BAT RX 0x318 [8] 0C FB 0C FB 0C FB 0C FB 
BAT RX 0x317 [8] 0C FC 0C FC 0C FC 0C FC 
BAT RX 0x316 [8] 0C FA 0C FA 0C FA 0C F9 
BAT RX 0x315 [8] 0C FC 0C FC 0C FC 0C FB 
BAT RX 0x314 [8] 40 06 5B 04 00 03 05 41 
BAT RX 0x313 [8] 14 C8 00 00 00 DF 46 63 
BAT RX 0x312 [8] 00 00 00 00 02 00 00 00 
BAT RX 0x311 [8] 02 38 00 00 00 00 01 00 
[704s] OK V=53.20V I=+0.0A T=22.3C SOC=70% SOH=99% | CVL=56.8V CCL=0.0A DCL=0.0A | chg=0 dis=0 fc1=0 fc2=0 | prot=0000 warn=0000 | packs=2 | inv0x305=no

---- battery-bus rate stats (VERBOSE_STATS) ----------------------------
  10493 frames, 705 s elapsed
  ID     count   period(ms)  (min-max gap)
  0x324     699   1003 (1-4867)
  0x329     701    998 (1-4866)
  0x330     704    993 (0-4000)
  0x312     699   1001 (1-4867)
  0x313     699   1001 (1-4867)
  0x314     699   1001 (1-4867)
  0x315     699   1001 (1-4867)
  0x316     699   1001 (1-4867)
  0x317     699   1001 (1-4867)
  0x318     699   1001 (1-4867)
  0x319     699   1001 (1-4867)
  0x320     699   1001 (1-4866)
  0x322     699   1001 (0-4867)
  0x311     699   1001 (1-4867)
  0x323     700    999 (1-4866)
--------------------------------------------------------------------------

  TWAI: state=RUNNING  tx_err=0 rx_err=0  tx_failed=0  rx_missed=111 rx_overrun=0  arb_lost=0  bus_err=0
BAT RX 0x330 [8] 01 0D 01 01 0C FC 0C FA 
BAT RX 0x329 [8] 01 00 22 34 01 00 3F AD 
BAT RX 0x323 [8] 20 0E 10 00 04 00 00 00 
BAT RX 0x324 [8] 01 39 35 32 32 30 36 32 
BAT RX 0x322 [8] 00 F3 00 CE 03 01 46 46 
BAT RX 0x320 [8] 50 41 C3 85 85 00 00 00 
BAT RX 0x319 [8] 00 0C FC 0C FA 0D 01 01 
BAT RX 0x318 [8] 0C FB 0C FB 0C FB 0C FB 
BAT RX 0x317 [8] 0C FC 0C FC 0C FC 0C FC 
BAT RX 0x316 [8] 0C FA 0C FA 0C FA 0C FA 
BAT RX 0x315 [8] 0C FC 0C FC 0C FC 0C FB 
BAT RX 0x314 [8] 40 06 5B 04 00 02 05 41 
BAT RX 0x313 [8] 14 C8 00 00 00 DF 46 63 
BAT RX 0x312 [8] 00 00 00 00 02 00 00 00 
BAT RX 0x311 [8] 02 38 00 00 00 00 01 00 
BAT RX 0x330 [8] 01 0E 01 01 0C FD 0C FA 
BAT RX 0x329 [8] 02 00 19 C0 02 00 40 48 
BAT RX 0x323 [8] 20 0E 10 00 04 00 00 00 
BAT RX 0x324 [8] 02 42 42 37 00 00 00 00 
BAT RX 0x322 [8] 00 F3 00 CE 03 01 46 46 
BAT RX 0x320 [8] 50 41 C3 85 85 00 00 00 
BAT RX 0x319 [8] 00 0C FD 0C FA 0E 01 01 
BAT RX 0x318 [8] 0C FB 0C FB 0C FB 0C FA 
BAT RX 0x317 [8] 0C FC 0C FC 0C FC 0C FB 
BAT RX 0x316 [8] 0C FA 0C FA 0C FA 0C FA 
BAT RX 0x315 [8] 0C FD 0C FC 0C FC 0C FC 
BAT RX 0x314 [8] 40 06 5B 04 00 03 05 41 
BAT RX 0x313 [8] 14 C8 00 00 00 DF 46 63 
BAT RX 0x312 [8] 00 00 00 00 02 00 00 00 
BAT RX 0x311 [8] 02 38 00 00 00 00 01 00 
[706s] OK V=53.20V I=+0.0A T=22.3C SOC=70% SOH=99% | CVL=56.8V CCL=0.0A DCL=0.0A | chg=0 dis=0 fc1=0 fc2=0 | prot=0000 warn=0000 | packs=2 | inv0x305=no
BAT RX 0x330 [8] 01 06 01 03 0C FC 0C FA 
BAT RX 0x329 [8] 01 00 22 34 01 00 3F AD 
BAT RX 0x323 [8] 20 0E 10 00 04 00 00 00 
BAT RX 0x324 [8] 00 01 47 50 4A 30 32 31 
BAT RX 0x322 [8] 00 F3 00 CE 03 01 46 46 
BAT RX 0x320 [8] 50 41 C3 85 85 00 00 00 
BAT RX 0x319 [8] 00 0C FC 0C FA 06 03 01 
BAT RX 0x318 [8] 0C FB 0C FB 0C FB 0C FA 
BAT RX 0x317 [8] 0C FC 0C FC 0C FC 0C FC 
BAT RX 0x316 [8] 0C FB 0C FA 0C FA 0C FA 
BAT RX 0x315 [8] 0C FC 0C FB 0C FB 0C FB 
BAT RX 0x314 [8] 40 06 5B 04 00 02 05 41 
BAT RX 0x313 [8] 14 C8 00 00 00 DF 46 63 
BAT RX 0x312 [8] 00 00 00 00 02 00 00 00 
BAT RX 0x311 [8] 02 38 00 00 00 00 01 00 
BAT RX 0x330 [8] 01 07 01 03 0C FC 0C FA 
BAT RX 0x329 [8] 02 00 19 C0 02 00 40 48 
BAT RX 0x323 [8] 20 0E 10 00 04 00 00 00 
BAT RX 0x324 [8] 01 39 35 32 32 30 36 32 
BAT RX 0x322 [8] 00 F3 00 CE 03 01 46 46 
BAT RX 0x320 [8] 50 41 C3 85 85 00 00 00 
BAT RX 0x319 [8] 00 0C FC 0C FA 07 03 01 
BAT RX 0x318 [8] 0C FB 0C FB 0C FB 0C FB 
BAT RX 0x317 [8] 0C FC 0C FC 0C FC 0C FC 
BAT RX 0x316 [8] 0C FB 0C FB 0C FA 0C FA 
BAT RX 0x315 [8] 0C FC 0C FC 0C FC 0C FB 
BAT RX 0x314 [8] 40 06 5B 04 00 02 05 41 
BAT RX 0x313 [8] 14 C8 00 00 00 DF 46 63 
BAT RX 0x312 [8] 00 00 00 00 02 00 00 00 
BAT RX 0x311 [8] 02 38 00 00 00 00 01 00 
[708s] OK V=53.20V I=+0.0A T=22.3C SOC=70% SOH=99% | CVL=56.8V CCL=0.0A DCL=0.0A | chg=0 dis=0 fc1=0 fc2=0 | prot=0000 warn=0000 | packs=2 | inv0x305=no
BAT RX 0x330 [8] 01 0A 01 02 0C FC 0C FA 
BAT RX 0x329 [8] 01 00 22 34 01 00 3F AD 
BAT RX 0x323 [8] 20 0E 10 00 04 00 00 00 
BAT RX 0x324 [8] 02 43 30 37 00 00 00 00 
BAT RX 0x322 [8] 00 F3 00 CE 03 01 46 46 
BAT RX 0x320 [8] 50 41 C3 85 85 00 00 00 
BAT RX 0x319 [8] 00 0C FC 0C FA 0A 02 01 
BAT RX 0x318 [8] 0C FB 0C FB 0C FB 0C FA 
BAT RX 0x317 [8] 0C FC 0C FC 0C FC 0C FC 
BAT RX 0x316 [8] 0C FA 0C FA 0C FA 0C F9 
BAT RX 0x315 [8] 0C FC 0C FC 0C FC 0C FC 
BAT RX 0x314 [8] 40 06 5B 04 00 03 05 41 
BAT RX 0x313 [8] 14 C8 00 00 00 DF 46 63 
BAT RX 0x312 [8] 00 00 00 00 02 00 00 00 
BAT RX 0x311 [8] 02 38 00 00 00 00 01 00 
BAT RX 0x330 [8] 01 09 01 02 0C FC 0C F9 
BAT RX 0x329 [8] 02 00 19 C0 02 00 40 48 
BAT RX 0x323 [8] 20 0E 10 00 04 00 00 00 
BAT RX 0x324 [8] 00 02 47 50 4A 30 32 31 
BAT RX 0x322 [8] 00 F3 00 CE 03 01 46 46 
BAT RX 0x320 [8] 50 41 C3 85 85 00 00 00 
BAT RX 0x319 [8] 00 0C FC 0C F9 09 02 01 
BAT RX 0x318 [8] 0C FB 0C FB 0C FB 0C FA 
BAT RX 0x317 [8] 0C FC 0C FC 0C FC 0C FC 
BAT RX 0x316 [8] 0C FA 0C FA 0C FA 0C FA 
BAT RX 0x315 [8] 0C FC 0C FC 0C FC 0C FC 
BAT RX 0x314 [8] 40 06 5B 04 00 02 05 41 
BAT RX 0x313 [8] 14 C8 00 00 00 DF 46 63 
BAT RX 0x312 [8] 00 00 00 00 02 00 00 00 
BAT RX 0x311 [8] 02 38 00 00 00 00 01 00 
[710s] OK V=53.20V I=+0.0A T=22.3C SOC=70% SOH=99% | CVL=56.8V CCL=0.0A DCL=0.0A | chg=0 dis=0 fc1=0 fc2=0 | prot=0000 warn=0000 | packs=2 | inv0x305=no
BAT RX 0x330 [8] 01 0E 01 01 0C FC 0C FA 
BAT RX 0x329 [8] 01 00 22 34 01 00 3F AD 
BAT RX 0x323 [8] 20 0E 10 00 04 00 00 00 
BAT RX 0x324 [8] 01 39 35 32 32 30 36 32 
BAT RX 0x322 [8] 00 F3 00 CE 03 01 46 46 
BAT RX 0x320 [8] 50 41 C3 85 85 00 00 00 
BAT RX 0x319 [8] 00 0C FC 0C FA 0E 01 01 
BAT RX 0x318 [8] 0C FB 0C FB 0C FB 0C FB 
BAT RX 0x317 [8] 0C FC 0C FC 0C FC 0C FC 
BAT RX 0x316 [8] 0C FA 0C FA 0C FA 0C FA 
BAT RX 0x315 [8] 0C FC 0C FC 0C FB 0C FB 
BAT RX 0x314 [8] 40 06 5B 04 00 02 05 41 
BAT RX 0x313 [8] 14 C8 00 00 00 DF 46 63 
BAT RX 0x312 [8] 00 00 00 00 02 00 00 00 
BAT RX 0x311 [8] 02 38 00 00 00 00 01 00 
BAT RX 0x330 [8] 01 0E 01 02 0C FC 0C FA 
BAT RX 0x329 [8] 02 00 19 C0 02 00 40 48 
BAT RX 0x323 [8] 20 0E 10 00 04 00 00 00 
BAT RX 0x324 [8] 02 42 42 37 00 00 00 00 
BAT RX 0x322 [8] 00 F3 00 CE 03 01 46 46 
BAT RX 0x320 [8] 50 41 C3 85 85 00 00 00 
BAT RX 0x319 [8] 00 0C FC 0C FA 0E 02 01 
BAT RX 0x318 [8] 0C FB 0C FB 0C FB 0C FA 
BAT RX 0x317 [8] 0C FC 0C FC 0C FC 0C FC 
BAT RX 0x316 [8] 0C FA 0C FA 0C FA 0C FA 
BAT RX 0x315 [8] 0C FC 0C FB 0C FB 0C FB 
BAT RX 0x314 [8] 40 06 5B 04 00 02 05 41 
BAT RX 0x313 [8] 14 C8 00 03 00 DF 46 63 
BAT RX 0x312 [8] 00 00 00 00 02 00 00 00 
BAT RX 0x311 [8] 02 38 00 00 00 00 01 00 
[712s] OK V=53.20V I=+0.3A T=22.3C SOC=70% SOH=99% | CVL=56.8V CCL=0.0A DCL=0.0A | chg=0 dis=0 fc1=0 fc2=0 | prot=0000 warn=0000 | packs=2 | inv0x305=no
BAT RX 0x330 [8] 01 07 01 02 0C FC 0C FA 
BAT RX 0x329 [8] 01 00 22 34 01 00 3F AD 
BAT RX 0x323 [8] 20 0E 10 00 04 00 00 00 
BAT RX 0x324 [8] 00 01 47 50 4A 30 32 31 
BAT RX 0x322 [8] 00 F3 00 CE 03 01 46 46 
BAT RX 0x320 [8] 50 41 C3 85 85 00 00 00 
BAT RX 0x319 [8] 00 0C FC 0C FA 07 02 01 
BAT RX 0x318 [8] 0C FB 0C FB 0C FB 0C FB 
BAT RX 0x317 [8] 0C FC 0C FC 0C FC 0C FC 
BAT RX 0x316 [8] 0C FB 0C FB 0C FA 0C FA 
BAT RX 0x315 [8] 0C FC 0C FC 0C FC 0C FB 
BAT RX 0x314 [8] 40 06 5B 04 00 02 05 41 
BAT RX 0x313 [8] 14 C8 00 00 00 DF 46 63 
BAT RX 0x312 [8] 00 00 00 00 02 00 00 00 
BAT RX 0x311 [8] 02 38 00 00 00 00 01 00 
BAT RX 0x330 [8] 01 0E 01 03 0C FC 0C FA 
BAT RX 0x329 [8] 02 00 19 C0 02 00 40 48 
BAT RX 0x323 [8] 20 0E 10 00 04 00 00 00 
BAT RX 0x324 [8] 01 39 35 32 32 30 36 32 
BAT RX 0x322 [8] 00 F3 00 CE 03 01 46 46 
BAT RX 0x320 [8] 50 41 C3 85 85 00 00 00 
BAT RX 0x319 [8] 00 0C FC 0C FA 0E 03 01 
BAT RX 0x318 [8] 0C FB 0C FB 0C FB 0C FB 
BAT RX 0x317 [8] 0C FC 0C FC 0C FC 0C FB 
BAT RX 0x316 [8] 0C FB 0C FA 0C FA 0C FA 
BAT RX 0x315 [8] 0C FC 0C FC 0C FB 0C FB 
BAT RX 0x314 [8] 40 06 5B 04 00 02 05 41 
BAT RX 0x313 [8] 14 C8 00 00 00 DF 46 63 
BAT RX 0x312 [8] 00 00 00 00 02 00 00 00 
BAT RX 0x311 [8] 02 38 00 00 00 00 01 00 
[714s] OK V=53.20V I=+0.0A T=22.3C SOC=70% SOH=99% | CVL=56.8V CCL=0.0A DCL=0.0A | chg=0 dis=0 fc1=0 fc2=0 | prot=0000 warn=0000 | packs=2 | inv0x305=no
BAT RX 0x330 [8] 01 0E 01 03 0C FC 0C F9 
BAT RX 0x329 [8] 01 00 22 34 01 00 3F AD 
BAT RX 0x323 [8] 20 0E 10 00 04 00 00 00 
BAT RX 0x324 [8] 02 43 30 37 00 00 00 00 
BAT RX 0x322 [8] 00 F3 00 CE 03 01 46 46 
BAT RX 0x320 [8] 50 41 C3 85 85 00 00 00 
BAT RX 0x319 [8] 00 0C FC 0C F9 0E 03 01 
BAT RX 0x318 [8] 0C FB 0C FB 0C FB 0C FA 
BAT RX 0x317 [8] 0C FC 0C FC 0C FC 0C FC 
BAT RX 0x316 [8] 0C FB 0C FA 0C FA 0C FA 
BAT RX 0x315 [8] 0C FC 0C FB 0C FB 0C FB 
BAT RX 0x314 [8] 40 06 5B 04 00 02 05 41 
BAT RX 0x313 [8] 14 C8 00 00 00 DF 46 63 
BAT RX 0x312 [8] 00 00 00 00 02 00 00 00 
BAT RX 0x311 [8] 02 38 00 00 00 00 01 00 
BAT RX 0x330 [8] 01 09 01 01 0C FC 0C FA 
BAT RX 0x329 [8] 02 00 19 C0 02 00 40 48 
BAT RX 0x323 [8] 20 0E 10 00 04 00 00 00 
BAT RX 0x324 [8] 00 02 47 50 4A 30 32 31 
BAT RX 0x322 [8] 00 F3 00 CE 03 01 46 46 
BAT RX 0x320 [8] 50 41 C3 85 85 00 00 00 
BAT RX 0x319 [8] 00 0C FC 0C FA 09 01 01 
BAT RX 0x318 [8] 0C FB 0C FB 0C FB 0C FB 
BAT RX 0x317 [8] 0C FC 0C FC 0C FC 0C FC 
BAT RX 0x316 [8] 0C FB 0C FB 0C FA 0C FA 
BAT RX 0x315 [8] 0C FC 0C FB 0C FB 0C FB 
BAT RX 0x314 [8] 40 06 5B 04 00 02 05 41 
BAT RX 0x313 [8] 14 C8 00 00 00 DF 46 63 
BAT RX 0x312 [8] 00 00 00 00 02 00 00 00 
BAT RX 0x311 [8] 02 38 00 00 00 00 01 00 
[716s] OK V=53.20V I=+0.0A T=22.3C SOC=70% SOH=99% | CVL=56.8V CCL=0.0A DCL=0.0A | chg=0 dis=0 fc1=0 fc2=0 | prot=0000 warn=0000 | packs=2 | inv0x305=no
BAT RX 0x330 [8] 01 0D 01 01 0C FC 0C FA 
BAT RX 0x329 [8] 01 00 22 34 01 00 3F AD 
BAT RX 0x323 [8] 20 0E 10 00 04 00 00 00 
BAT RX 0x324 [8] 01 39 35 32 32 30 36 32 
BAT RX 0x322 [8] 00 F3 00 CE 03 01 46 46 
BAT RX 0x320 [8] 50 41 C3 85 85 00 00 00 
BAT RX 0x319 [8] 00 0C FC 0C FA 0D 01 01 
BAT RX 0x318 [8] 0C FB 0C FB 0C FB 0C FB 
BAT RX 0x317 [8] 0C FC 0C FC 0C FC 0C FC 
BAT RX 0x316 [8] 0C FA 0C FA 0C FA 0C FA 
BAT RX 0x315 [8] 0C FC 0C FC 0C FC 0C FB 
BAT RX 0x314 [8] 40 06 5B 04 00 02 05 41 
BAT RX 0x313 [8] 14 C8 00 00 00 DF 46 63 
BAT RX 0x312 [8] 00 00 00 00 02 00 00 00 
BAT RX 0x311 [8] 02 38 00 00 00 00 01 00 
BAT RX 0x330 [8] 01 07 01 04 0C FC 0C FA 
BAT RX 0x329 [8] 02 00 19 C0 02 00 40 48 
BAT RX 0x323 [8] 20 0E 10 00 04 00 00 00 
BAT RX 0x324 [8] 02 42 42 37 00 00 00 00 
BAT RX 0x322 [8] 00 F3 00 CE 03 01 46 46 
BAT RX 0x320 [8] 50 41 C3 85 85 00 00 00 
BAT RX 0x319 [8] 00 0C FC 0C FA 07 04 01 
BAT RX 0x318 [8] 0C FB 0C FB 0C FB 0C FA 
BAT RX 0x317 [8] 0C FC 0C FC 0C FC 0C FC 
BAT RX 0x316 [8] 0C FA 0C FA 0C FA 0C FA 
BAT RX 0x315 [8] 0C FC 0C FC 0C FC 0C FB 
BAT RX 0x314 [8] 40 06 5B 04 00 02 05 41 
BAT RX 0x313 [8] 14 C8 00 00 00 DF 46 63 
BAT RX 0x312 [8] 00 00 00 00 02 00 00 00 
BAT RX 0x311 [8] 02 38 00 00 00 00 01 00 
[718s] OK V=53.20V I=+0.0A T=22.3C SOC=70% SOH=99% | CVL=56.8V CCL=0.0A DCL=0.0A | chg=0 dis=0 fc1=0 fc2=0 | prot=0000 warn=0000 | packs=2 | inv0x305=no
BAT RX 0x330 [8] 01 06 01 03 0C FC 0C FA 
BAT RX 0x329 [8] 01 00 22 34 01 00 3F AD 
BAT RX 0x323 [8] 20 0E 10 00 04 00 00 00 
BAT RX 0x324 [8] 00 01 47 50 4A 30 32 31 
BAT RX 0x322 [8] 00 F3 00 CE 03 01 46 46 
BAT RX 0x320 [8] 50 41 C3 85 85 00 00 00 
BAT RX 0x319 [8] 00 0C FC 0C FA 06 03 01 
BAT RX 0x318 [8] 0C FB 0C FB 0C FB 0C FB 
BAT RX 0x317 [8] 0C FC 0C FC 0C FC 0C FB 
BAT RX 0x316 [8] 0C FA 0C FA 0C FA 0C FA 
BAT RX 0x315 [8] 0C FC 0C FB 0C FB 0C FB 
BAT RX 0x314 [8] 40 06 5B 04 00 02 05 41 
BAT RX 0x313 [8] 14 C8 00 00 00 DF 46 63 
BAT RX 0x312 [8] 00 00 00 00 02 00 00 00 
BAT RX 0x311 [8] 02 38 00 00 00 00 01 00 

---- battery-bus rate stats (VERBOSE_STATS) ----------------------------
  10718 frames, 720 s elapsed
  ID     count   period(ms)  (min-max gap)
  0x324     714   1003 (1-4867)
  0x329     716    998 (1-4866)
  0x330     719    993 (0-4000)
  0x312     714   1001 (1-4867)
  0x313     714   1001 (1-4867)
  0x314     714   1001 (1-4867)
  0x315     714   1001 (1-4867)
  0x316     714   1001 (1-4867)
  0x317     714   1001 (1-4867)
  0x318     714   1001 (1-4867)
  0x319     714   1001 (1-4867)
  0x320     714   1000 (1-4866)
  0x322     714   1000 (0-4867)
  0x311     714   1001 (1-4867)
  0x323     715    999 (1-4866)
--------------------------------------------------------------------------

  TWAI: state=RUNNING  tx_err=0 rx_err=0  tx_failed=0  rx_missed=111 rx_overrun=0  arb_lost=0  bus_err=0
BAT RX 0x330 [8] 01 0E 01 02 0C FC 0C FA 
BAT RX 0x329 [8] 02 00 19 C0 02 00 40 48 
BAT RX 0x323 [8] 20 0E 10 00 04 00 00 00 
BAT RX 0x324 [8] 01 39 35 32 32 30 36 32 
BAT RX 0x322 [8] 00 F3 00 CE 03 01 46 46 
BAT RX 0x320 [8] 50 41 C3 85 85 00 00 00 
BAT RX 0x319 [8] 00 0C FC 0C FA 0E 02 01 
BAT RX 0x318 [8] 0C FB 0C FB 0C FB 0C FB 
BAT RX 0x317 [8] 0C FC 0C FC 0C FC 0C FC 
BAT RX 0x316 [8] 0C FA 0C FA 0C FA 0C FA 
BAT RX 0x315 [8] 0C FC 0C FC 0C FC 0C FC 
BAT RX 0x314 [8] 40 06 5B 04 00 02 05 41 
BAT RX 0x313 [8] 14 C8 00 00 00 DF 46 63 
BAT RX 0x312 [8] 00 00 00 00 02 00 00 00 
BAT RX 0x311 [8] 02 38 00 00 00 00 01 00 
[720s] OK V=53.20V I=+0.0A T=22.3C SOC=70% SOH=99% | CVL=56.8V CCL=0.0A DCL=0.0A | chg=0 dis=0 fc1=0 fc2=0 | prot=0000 warn=0000 | packs=2 | inv0x305=no
BAT RX 0x330 [8] 01 0D 01 01 0C FC 0C FA 
BAT RX 0x329 [8] 01 00 22 34 01 00 3F AD 
BAT RX 0x323 [8] 20 0E 10 00 04 00 00 00 
BAT RX 0x324 [8] 02 43 30 37 00 00 00 00 
BAT RX 0x322 [8] 00 F3 00 CE 03 01 46 46 
BAT RX 0x320 [8] 50 41 C3 85 85 00 00 00 
BAT RX 0x319 [8] 00 0C FC 0C FA 0D 01 01 
BAT RX 0x318 [8] 0C FB 0C FB 0C FB 0C FB 
BAT RX 0x317 [8] 0C FC 0C FC 0C FC 0C FC 
BAT RX 0x316 [8] 0C FB 0C FB 0C FA 0C FA 
BAT RX 0x315 [8] 0C FC 0C FC 0C FC 0C FB 
BAT RX 0x314 [8] 40 06 5B 04 00 02 05 41 
BAT RX 0x313 [8] 14 C8 00 00 00 DF 46 63 
BAT RX 0x312 [8] 00 00 00 00 02 00 00 00 
BAT RX 0x311 [8] 02 38 00 00 00 00 01 00 
BAT RX 0x330 [8] 01 0E 01 02 0C FD 0C FA 
BAT RX 0x329 [8] 02 00 19 C0 02 00 40 48 
BAT RX 0x323 [8] 20 0E 10 00 04 00 00 00 
BAT RX 0x324 [8] 00 02 47 50 4A 30 32 31 
BAT RX 0x322 [8] 00 F3 00 CE 03 01 46 46 
BAT RX 0x320 [8] 50 41 C3 85 85 00 00 00 
BAT RX 0x319 [8] 00 0C FD 0C FA 0E 02 01 
BAT RX 0x318 [8] 0C FB 0C FB 0C FB 0C FA 
BAT RX 0x317 [8] 0C FC 0C FC 0C FC 0C FC 
BAT RX 0x316 [8] 0C FA 0C FA 0C FA 0C FA 
BAT RX 0x315 [8] 0C FC 0C FC 0C FC 0C FB 
BAT RX 0x314 [8] 40 06 5B 04 00 02 05 41 
BAT RX 0x313 [8] 14 C8 00 00 00 DF 46 63 
BAT RX 0x312 [8] 00 00 00 00 02 00 00 00 
BAT RX 0x311 [8] 02 38 00 00 00 00 01 00 
[722s] OK V=53.20V I=+0.0A T=22.3C SOC=70% SOH=99% | CVL=56.8V CCL=0.0A DCL=0.0A | chg=0 dis=0 fc1=0 fc2=0 | prot=0000 warn=0000 | packs=2 | inv0x305=no
BAT RX 0x330 [8] 01 07 01 01 0C FC 0C FA 
BAT RX 0x329 [8] 01 00 22 34 01 00 3F AD 
BAT RX 0x323 [8] 20 0E 10 00 04 00 00 00 
BAT RX 0x324 [8] 01 39 35 32 32 30 36 32 
BAT RX 0x322 [8] 00 F3 00 CE 03 01 46 46 
BAT RX 0x320 [8] 50 41 C3 85 85 00 00 00 
BAT RX 0x319 [8] 00 0C FC 0C FA 07 01 01 
BAT RX 0x318 [8] 0C FB 0C FB 0C FB 0C FB 
BAT RX 0x317 [8] 0C FC 0C FC 0C FC 0C FC 
BAT RX 0x316 [8] 0C FB 0C FA 0C FA 0C F9 
BAT RX 0x315 [8] 0C FC 0C FC 0C FC 0C FC 
BAT RX 0x314 [8] 40 06 5B 04 00 03 05 41 
BAT RX 0x313 [8] 14 C8 00 00 00 DF 46 63 
BAT RX 0x312 [8] 00 00 00 00 02 00 00 00 
BAT RX 0x311 [8] 02 38 00 00 00 00 01 00 
BAT RX 0x330 [8] 01 06 01 03 0C FC 0C FA 
BAT RX 0x329 [8] 02 00 19 C0 02 00 40 48 
BAT RX 0x323 [8] 20 0E 10 00 04 00 00 00 
BAT RX 0x324 [8] 02 42 42 37 00 00 00 00 
BAT RX 0x322 [8] 00 F3 00 CE 03 01 46 46 
BAT RX 0x320 [8] 50 41 C3 85 85 00 00 00 
BAT RX 0x319 [8] 00 0C FC 0C FA 06 03 01 
BAT RX 0x318 [8] 0C FB 0C FB 0C FB 0C FB 
BAT RX 0x317 [8] 0C FC 0C FC 0C FC 0C FC 
BAT RX 0x316 [8] 0C FB 0C FB 0C FA 0C FA 
BAT RX 0x315 [8] 0C FC 0C FC 0C FC 0C FB 
BAT RX 0x314 [8] 40 06 5B 04 00 02 05 41 
BAT RX 0x313 [8] 14 C8 00 00 00 DF 46 63 
BAT RX 0x312 [8] 00 00 00 00 02 00 00 00 
BAT RX 0x311 [8] 02 38 00 00 00 00 01 00 
[724s] OK V=53.20V I=+0.0A T=22.3C SOC=70% SOH=99% | CVL=56.8V CCL=0.0A DCL=0.0A | chg=0 dis=0 fc1=0 fc2=0 | prot=0000 warn=0000 | packs=2 | inv0x305=no
BAT RX 0x330 [8] 01 07 02 01 0C FC 0C FA 
BAT RX 0x329 [8] 01 00 22 34 01 00 3F AD 
BAT RX 0x323 [8] 20 0E 10 00 04 00 00 00 
BAT RX 0x324 [8] 00 01 47 50 4A 30 32 31 
BAT RX 0x322 [8] 00 F3 00 CE 03 01 46 46 
BAT RX 0x320 [8] 50 41 C3 85 85 00 00 00 
BAT RX 0x319 [8] 00 0C FC 0C FA 07 11 01 
BAT RX 0x318 [8] 0C FB 0C FB 0C FB 0C FA 
BAT RX 0x317 [8] 0C FC 0C FC 0C FC 0C FC 
BAT RX 0x316 [8] 0C FB 0C FA 0C FA 0C FA 
BAT RX 0x315 [8] 0C FC 0C FC 0C FC 0C FB 
BAT RX 0x314 [8] 40 06 5B 04 00 02 05 41 
BAT RX 0x313 [8] 14 C8 00 00 00 DF 46 63 
BAT RX 0x312 [8] 00 00 00 00 02 00 00 00 
BAT RX 0x311 [8] 02 38 00 00 00 00 01 00 
BAT RX 0x330 [8] 01 09 01 03 0C FC 0C FA 
BAT RX 0x329 [8] 02 00 19 C0 02 00 40 48 
BAT RX 0x323 [8] 20 0E 10 00 04 00 00 00 
BAT RX 0x324 [8] 01 39 35 32 32 30 36 32 
BAT RX 0x322 [8] 00 F3 00 CE 03 01 46 46 
BAT RX 0x320 [8] 50 41 C3 85 85 00 00 00 
BAT RX 0x319 [8] 00 0C FC 0C FA 09 03 01 
BAT RX 0x318 [8] 0C FB 0C FB 0C FB 0C FB 
BAT RX 0x317 [8] 0C FC 0C FC 0C FC 0C FC 
BAT RX 0x316 [8] 0C FB 0C FA 0C FA 0C FA 
BAT RX 0x315 [8] 0C FC 0C FC 0C FC 0C FC 
BAT RX 0x314 [8] 40 06 5B 04 00 02 05 41 
BAT RX 0x313 [8] 14 C8 00 00 00 DF 46 63 
BAT RX 0x312 [8] 00 00 00 00 02 00 00 00 
BAT RX 0x311 [8] 02 38 00 00 00 00 01 00 
[726s] OK V=53.20V I=+0.0A T=22.3C SOC=70% SOH=99% | CVL=56.8V CCL=0.0A DCL=0.0A | chg=0 dis=0 fc1=0 fc2=0 | prot=0000 warn=0000 | packs=2 | inv0x305=no
BAT RX 0x330 [8] 01 0E 01 02 0C FC 0C FA 
BAT RX 0x329 [8] 01 00 22 34 01 00 3F AD 
BAT RX 0x323 [8] 20 0E 10 00 04 00 00 00 
BAT RX 0x324 [8] 02 43 30 37 00 00 00 00 
BAT RX 0x322 [8] 00 F3 00 CE 03 01 46 46 
BAT RX 0x320 [8] 50 41 C3 85 85 00 00 00 
BAT RX 0x319 [8] 00 0C FC 0C FA 0E 02 01 
BAT RX 0x318 [8] 0C FB 0C FB 0C FB 0C FB 
BAT RX 0x317 [8] 0C FC 0C FC 0C FC 0C FC 
BAT RX 0x316 [8] 0C FA 0C FA 0C FA 0C FA 
BAT RX 0x315 [8] 0C FC 0C FC 0C FC 0C FC 
BAT RX 0x314 [8] 40 06 5B 04 00 02 05 41 
BAT RX 0x313 [8] 14 C8 00 00 00 DF 46 63 
BAT RX 0x312 [8] 00 00 00 00 02 00 00 00 
BAT RX 0x311 [8] 02 38 00 00 00 00 01 00 
BAT RX 0x330 [8] 01 07 01 04 0C FC 0C FA 
BAT RX 0x329 [8] 02 00 19 C0 02 00 40 48 
BAT RX 0x323 [8] 20 0E 10 00 04 00 00 00 
BAT RX 0x324 [8] 00 02 47 50 4A 30 32 31 
BAT RX 0x322 [8] 00 F3 00 CE 03 01 46 46 
BAT RX 0x320 [8] 50 41 C3 85 85 00 00 00 
BAT RX 0x319 [8] 00 0C FC 0C FA 07 04 01 
BAT RX 0x318 [8] 0C FB 0C FB 0C FB 0C FB 
BAT RX 0x317 [8] 0C FC 0C FC 0C FC 0C FC 
BAT RX 0x316 [8] 0C FB 0C FA 0C FA 0C FA 
BAT RX 0x315 [8] 0C FC 0C FC 0C FB 0C FB 
BAT RX 0x314 [8] 40 06 5B 04 00 02 05 41 
BAT RX 0x313 [8] 14 C8 00 00 00 DF 46 63 
BAT RX 0x312 [8] 00 00 00 00 02 00 00 00 
BAT RX 0x311 [8] 02 38 00 00 00 00 01 00 
[728s] OK V=53.20V I=+0.0A T=22.3C SOC=70% SOH=99% | CVL=56.8V CCL=0.0A DCL=0.0A | chg=0 dis=0 fc1=0 fc2=0 | prot=0000 warn=0000 | packs=2 | inv0x305=no
BAT RX 0x330 [8] 01 02 01 0A 0C FC 0C F9 
BAT RX 0x329 [8] 01 00 22 34 01 00 3F AD 
BAT RX 0x323 [8] 20 0E 10 00 04 00 00 00 
BAT RX 0x324 [8] 01 39 35 32 32 30 36 32 
BAT RX 0x322 [8] 00 F3 00 CE 03 01 46 46 
BAT RX 0x320 [8] 50 41 C3 85 85 00 00 00 
BAT RX 0x319 [8] 00 0C FC 0C F9 02 0A 01 
BAT RX 0x318 [8] 0C FB 0C FB 0C FB 0C FB 
BAT RX 0x317 [8] 0C FC 0C FC 0C FC 0C FC 
BAT RX 0x316 [8] 0C FA 0C FA 0C FA 0C FA 
BAT RX 0x315 [8] 0C FC 0C FC 0C FC 0C FC 
BAT RX 0x314 [8] 40 06 5B 04 00 02 05 41 
BAT RX 0x313 [8] 14 C8 00 00 00 DF 46 63 
BAT RX 0x312 [8] 00 00 00 00 02 00 00 00 
BAT RX 0x311 [8] 02 38 00 00 00 00 01 00 
BAT RX 0x330 [8] 01 10 01 03 0C FD 0C FA 
BAT RX 0x329 [8] 02 00 19 C0 02 00 40 48 
BAT RX 0x323 [8] 20 0E 10 00 04 00 00 00 
BAT RX 0x324 [8] 02 42 42 37 00 00 00 00 
BAT RX 0x322 [8] 00 F3 00 CE 03 01 46 46 
BAT RX 0x320 [8] 50 41 C3 85 85 00 00 00 
BAT RX 0x319 [8] 00 0C FD 0C FA 10 03 01 
BAT RX 0x318 [8] 0C FB 0C FB 0C FB 0C FB 
BAT RX 0x317 [8] 0C FC 0C FC 0C FC 0C FC 
BAT RX 0x316 [8] 0C FB 0C FA 0C FA 0C FA 
BAT RX 0x315 [8] 0C FC 0C FC 0C FC 0C FC 
BAT RX 0x314 [8] 40 06 5B 04 00 02 05 41 
BAT RX 0x313 [8] 14 C8 00 00 00 DF 46 63 
BAT RX 0x312 [8] 00 00 00 00 02 00 00 00 
BAT RX 0x311 [8] 02 38 00 00 00 00 01 00 
[730s] OK V=53.20V I=+0.0A T=22.3C SOC=70% SOH=99% | CVL=56.8V CCL=0.0A DCL=0.0A | chg=0 dis=0 fc1=0 fc2=0 | prot=0000 warn=0000 | packs=2 | inv0x305=no
BAT RX 0x330 [8] 01 10 01 03 0C FD 0C FA 
BAT RX 0x329 [8] 01 00 22 34 01 00 3F AD 
BAT RX 0x323 [8] 20 0E 10 00 04 00 00 00 
BAT RX 0x324 [8] 00 01 47 50 4A 30 32 31 
BAT RX 0x322 [8] 00 F3 00 CE 03 01 46 46 
BAT RX 0x320 [8] 50 41 C3 85 85 00 00 00 
BAT RX 0x319 [8] 00 0C FD 0C FA 10 03 01 
BAT RX 0x318 [8] 0C FB 0C FB 0C FB 0C FB 
BAT RX 0x317 [8] 0C FD 0C FC 0C FC 0C FC 
BAT RX 0x316 [8] 0C FB 0C FA 0C FA 0C FA 
BAT RX 0x315 [8] 0C FC 0C FC 0C FB 0C FB 
BAT RX 0x314 [8] 40 06 5B 04 00 02 05 41 
BAT RX 0x313 [8] 14 C8 00 00 00 DF 46 63 
BAT RX 0x312 [8] 00 00 00 00 02 00 00 00 
BAT RX 0x311 [8] 02 38 00 00 00 00 01 00 
BAT RX 0x330 [8] 01 01 01 03 0C FC 0C FA 
BAT RX 0x329 [8] 02 00 19 C0 02 00 40 48 
BAT RX 0x323 [8] 20 0E 10 00 04 00 00 00 
BAT RX 0x324 [8] 01 39 35 32 32 30 36 32 
BAT RX 0x322 [8] 00 F3 00 CE 03 01 46 46 
BAT RX 0x320 [8] 50 41 C3 85 85 00 00 00 
BAT RX 0x319 [8] 00 0C FC 0C FA 01 03 01 
BAT RX 0x318 [8] 0C FB 0C FB 0C FB 0C FB 
BAT RX 0x317 [8] 0C FC 0C FC 0C FC 0C FC 
BAT RX 0x316 [8] 0C FA 0C FA 0C FA 0C FA 
BAT RX 0x315 [8] 0C FC 0C FC 0C FC 0C FC 
BAT RX 0x314 [8] 40 06 5B 04 00 02 05 41 
BAT RX 0x313 [8] 14 C8 00 00 00 DF 46 63 
BAT RX 0x312 [8] 00 00 00 00 02 00 00 00 
BAT RX 0x311 [8] 02 38 00 00 00 00 01 00 
[732s] OK V=53.20V I=+0.0A T=22.3C SOC=70% SOH=99% | CVL=56.8V CCL=0.0A DCL=0.0A | chg=0 dis=0 fc1=0 fc2=0 | prot=0000 warn=0000 | packs=2 | inv0x305=no
BAT RX 0x330 [8] 01 0E 01 02 0C FD 0C FA 
BAT RX 0x329 [8] 01 00 22 34 01 00 3F AD 
BAT RX 0x323 [8] 20 0E 10 00 04 00 00 00 
BAT RX 0x324 [8] 02 43 30 37 00 00 00 00 
BAT RX 0x322 [8] 00 F3 00 CE 03 01 46 46 
BAT RX 0x320 [8] 50 41 C3 85 85 00 00 00 
BAT RX 0x319 [8] 00 0C FD 0C FA 0E 02 01 
BAT RX 0x318 [8] 0C FB 0C FB 0C FB 0C FB 
BAT RX 0x317 [8] 0C FC 0C FC 0C FC 0C FC 
BAT RX 0x316 [8] 0C FB 0C FA 0C FA 0C F9 
BAT RX 0x315 [8] 0C FC 0C FC 0C FC 0C FB 
BAT RX 0x314 [8] 40 06 5B 04 00 03 05 41 
BAT RX 0x313 [8] 14 C8 00 00 00 DF 46 63 
BAT RX 0x312 [8] 00 00 00 00 02 00 00 00 
BAT RX 0x311 [8] 02 38 00 00 00 00 01 00 
BAT RX 0x330 [8] 01 05 01 03 0C FC 0C F9 
BAT RX 0x329 [8] 02 00 19 C0 02 00 40 48 
BAT RX 0x323 [8] 20 0E 10 00 04 00 00 00 
BAT RX 0x324 [8] 00 02 47 50 4A 30 32 31 
BAT RX 0x322 [8] 00 F3 00 CE 03 01 46 46 
BAT RX 0x320 [8] 50 41 C3 85 85 00 00 00 
BAT RX 0x319 [8] 00 0C FC 0C F9 05 03 01 
BAT RX 0x318 [8] 0C FB 0C FB 0C FB 0C FA 
BAT RX 0x317 [8] 0C FC 0C FC 0C FC 0C FC 
BAT RX 0x316 [8] 0C FB 0C FA 0C FA 0C FA 
BAT RX 0x315 [8] 0C FD 0C FC 0C FC 0C FC 
BAT RX 0x314 [8] 40 06 5B 04 00 03 05 41 
BAT RX 0x313 [8] 14 C8 00 00 00 DF 46 63 
BAT RX 0x312 [8] 00 00 00 00 02 00 00 00 
BAT RX 0x311 [8] 02 38 00 00 00 00 01 00 
[734s] OK V=53.20V I=+0.0A T=22.3C SOC=70% SOH=99% | CVL=56.8V CCL=0.0A DCL=0.0A | chg=0 dis=0 fc1=0 fc2=0 | prot=0000 warn=0000 | packs=2 | inv0x305=no

---- battery-bus rate stats (VERBOSE_STATS) ----------------------------
  10943 frames, 735 s elapsed
  ID     count   period(ms)  (min-max gap)
  0x324     729   1002 (1-4867)
  0x329     731    998 (1-4866)
  0x330     734    994 (0-4000)
  0x312     729   1001 (1-4867)
  0x313     729   1001 (1-4867)
  0x314     729   1001 (1-4867)
  0x315     729   1001 (1-4867)
  0x316     729   1001 (1-4867)
  0x317     729   1000 (1-4867)
  0x318     729   1000 (1-4867)
  0x319     729   1000 (1-4867)
  0x320     729   1000 (1-4866)
  0x322     729   1000 (0-4867)
  0x311     729   1001 (1-4867)
  0x323     730    999 (1-4866)
--------------------------------------------------------------------------

  TWAI: state=RUNNING  tx_err=0 rx_err=0  tx_failed=0  rx_missed=111 rx_overrun=0  arb_lost=0  bus_err=0
BAT RX 0x330 [8] 01 0E 01 02 0C FD 0C FA 
BAT RX 0x329 [8] 01 00 22 34 01 00 3F AD 
BAT RX 0x323 [8] 20 0E 10 00 04 00 00 00 
BAT RX 0x324 [8] 01 39 35 32 32 30 36 32 
BAT RX 0x322 [8] 00 F3 00 CE 03 01 46 46 
BAT RX 0x320 [8] 50 41 C3 85 85 00 00 00 
BAT RX 0x319 [8] 00 0C FD 0C FA 0E 02 01 
BAT RX 0x318 [8] 0C FB 0C FB 0C FB 0C FB 
BAT RX 0x317 [8] 0C FC 0C FC 0C FC 0C FC 
BAT RX 0x316 [8] 0C FA 0C FA 0C FA 0C FA 
BAT RX 0x315 [8] 0C FC 0C FC 0C FC 0C FC 
BAT RX 0x314 [8] 40 06 5B 04 00 02 05 41 
BAT RX 0x313 [8] 14 C8 00 00 00 DF 46 63 
BAT RX 0x312 [8] 00 00 00 00 02 00 00 00 
BAT RX 0x311 [8] 02 38 00 00 00 00 01 00 
BAT RX 0x330 [8] 01 09 01 02 0C FC 0C FA 
BAT RX 0x329 [8] 02 00 19 C0 02 00 40 48 
BAT RX 0x323 [8] 20 0E 10 00 04 00 00 00 
BAT RX 0x324 [8] 02 42 42 37 00 00 00 00 
BAT RX 0x322 [8] 00 F3 00 CE 03 01 46 46 
BAT RX 0x320 [8] 50 41 C3 85 85 00 00 00 
BAT RX 0x319 [8] 00 0C FC 0C FA 09 02 01 
BAT RX 0x318 [8] 0C FB 0C FB 0C FB 0C FB 
BAT RX 0x317 [8] 0C FC 0C FC 0C FC 0C FC 
BAT RX 0x316 [8] 0C FA 0C FA 0C FA 0C FA 
BAT RX 0x315 [8] 0C FC 0C FC 0C FC 0C FC 
BAT RX 0x314 [8] 40 06 5B 04 00 02 05 41 
BAT RX 0x313 [8] 14 C8 00 00 00 DF 46 63 
BAT RX 0x312 [8] 00 00 00 00 02 00 00 00 
BAT RX 0x311 [8] 02 38 00 00 00 00 01 00 
[736s] OK V=53.20V I=+0.0A T=22.3C SOC=70% SOH=99% | CVL=56.8V CCL=0.0A DCL=0.0A | chg=0 dis=0 fc1=0 fc2=0 | prot=0000 warn=0000 | packs=2 | inv0x305=no
BAT RX 0x330 [8] 01 0E 01 02 0C FC 0C FA 
BAT RX 0x329 [8] 01 00 22 34 01 00 3F AD 
BAT RX 0x323 [8] 20 0E 10 00 04 00 00 00 
BAT RX 0x324 [8] 00 01 47 50 4A 30 32 31 
BAT RX 0x322 [8] 00 F3 00 CE 03 01 46 46 
BAT RX 0x320 [8] 50 41 C3 85 85 00 00 00 
BAT RX 0x319 [8] 00 0C FC 0C FA 0E 02 01 
BAT RX 0x318 [8] 0C FB 0C FB 0C FB 0C FB 
BAT RX 0x317 [8] 0C FC 0C FC 0C FC 0C FC 
BAT RX 0x316 [8] 0C FA 0C FA 0C FA 0C FA 
BAT RX 0x315 [8] 0C FD 0C FC 0C FC 0C FC 
BAT RX 0x314 [8] 40 06 5B 04 00 03 05 41 
BAT RX 0x313 [8] 14 C8 00 00 00 DF 46 63 
BAT RX 0x312 [8] 00 00 00 00 02 00 00 00 
BAT RX 0x311 [8] 02 38 00 00 00 00 01 00 
BAT RX 0x330 [8] 01 09 01 01 0C FD 0C FA 
BAT RX 0x329 [8] 02 00 19 C0 02 00 40 48 
BAT RX 0x323 [8] 20 0E 10 00 04 00 00 00 
BAT RX 0x324 [8] 01 39 35 32 32 30 36 32 
BAT RX 0x322 [8] 00 F3 00 CE 03 01 46 46 
BAT RX 0x320 [8] 50 41 C3 85 85 00 00 00 
BAT RX 0x319 [8] 00 0C FD 0C FA 09 01 01 
BAT RX 0x318 [8] 0C FB 0C FB 0C FB 0C FB 
BAT RX 0x317 [8] 0C FC 0C FC 0C FC 0C FC 
BAT RX 0x316 [8] 0C FB 0C FA 0C FA 0C FA 
BAT RX 0x315 [8] 0C FC 0C FC 0C FC 0C FC 
BAT RX 0x314 [8] 40 06 5B 04 00 02 05 41 
BAT RX 0x313 [8] 14 C8 00 00 00 DF 46 63 
BAT RX 0x312 [8] 00 00 00 00 02 00 00 00 
BAT RX 0x311 [8] 02 38 00 00 00 00 01 00 
[738s] OK V=53.20V I=+0.0A T=22.3C SOC=70% SOH=99% | CVL=56.8V CCL=0.0A DCL=0.0A | chg=0 dis=0 fc1=0 fc2=0 | prot=0000 warn=0000 | packs=2 | inv0x305=no
BAT RX 0x330 [8] 02 0D 01 01 0C FD 0C FA 
BAT RX 0x329 [8] 01 00 22 34 01 00 3F AD 
BAT RX 0x323 [8] 20 0E 10 00 04 00 00 00 
BAT RX 0x324 [8] 02 43 30 37 00 00 00 00 
BAT RX 0x322 [8] 00 F3 00 CE 03 01 46 46 
BAT RX 0x320 [8] 50 41 C3 85 85 00 00 00 
BAT RX 0x319 [8] 00 0C FD 0C FA 1D 01 01 
BAT RX 0x318 [8] 0C FB 0C FB 0C FB 0C FB 
BAT RX 0x317 [8] 0C FD 0C FC 0C FC 0C FC 
BAT RX 0x316 [8] 0C FB 0C FA 0C FA 0C FA 
BAT RX 0x315 [8] 0C FC 0C FC 0C FC 0C FB 
BAT RX 0x314 [8] 40 06 5B 04 00 02 05 41 
BAT RX 0x313 [8] 14 C8 00 00 00 DF 46 63 
BAT RX 0x312 [8] 00 00 00 00 02 00 00 00 
BAT RX 0x311 [8] 02 38 00 00 00 00 01 00 
BAT RX 0x330 [8] 01 0E 01 01 0C FD 0C FA 
BAT RX 0x329 [8] 02 00 19 C0 02 00 40 48 
BAT RX 0x323 [8] 20 0E 10 00 04 00 00 00 
BAT RX 0x324 [8] 00 02 47 50 4A 30 32 31 
BAT RX 0x322 [8] 00 F3 00 CE 03 01 46 46 
BAT RX 0x320 [8] 50 41 C3 85 85 00 00 00 
BAT RX 0x319 [8] 00 0C FD 0C FA 0E 01 01 
BAT RX 0x318 [8] 0C FB 0C FB 0C FB 0C FB 
BAT RX 0x317 [8] 0C FD 0C FC 0C FC 0C FC 
BAT RX 0x316 [8] 0C FA 0C FA 0C FA 0C FA 
BAT RX 0x315 [8] 0C FC 0C FC 0C FC 0C FC 
BAT RX 0x314 [8] 40 06 5B 04 00 02 05 41 
BAT RX 0x313 [8] 14 C8 00 00 00 DF 46 63 
BAT RX 0x312 [8] 00 00 00 00 02 00 00 00 
BAT RX 0x311 [8] 02 38 00 00 00 00 01 00 
[740s] OK V=53.20V I=+0.0A T=22.3C SOC=70% SOH=99% | CVL=56.8V CCL=0.0A DCL=0.0A | chg=0 dis=0 fc1=0 fc2=0 | prot=0000 warn=0000 | packs=2 | inv0x305=no
BAT RX 0x330 [8] 01 0D 01 01 0C FD 0C FA 
BAT RX 0x329 [8] 01 00 22 34 01 00 3F AD 
BAT RX 0x323 [8] 20 0E 10 00 04 00 00 00 
BAT RX 0x324 [8] 01 39 35 32 32 30 36 32 
BAT RX 0x322 [8] 00 F3 00 CE 03 01 46 46 
BAT RX 0x320 [8] 50 41 C3 85 85 00 00 00 
BAT RX 0x319 [8] 00 0C FD 0C FA 0D 01 01 
BAT RX 0x318 [8] 0C FB 0C FB 0C FB 0C FB 
BAT RX 0x317 [8] 0C FC 0C FC 0C FC 0C FC 
BAT RX 0x316 [8] 0C FA 0C FA 0C FA 0C FA 
BAT RX 0x315 [8] 0C FC 0C FC 0C FC 0C FC 
BAT RX 0x314 [8] 40 06 5B 04 00 02 05 41 
BAT RX 0x313 [8] 14 C8 00 00 00 DF 46 63 
BAT RX 0x312 [8] 00 00 00 00 02 00 00 00 
BAT RX 0x311 [8] 02 38 00 00 00 00 01 00 
BAT RX 0x330 [8] 01 05 01 01 0C FC 0C FA 
BAT RX 0x329 [8] 02 00 19 C0 02 00 40 48 
BAT RX 0x323 [8] 20 0E 10 00 04 00 00 00 
BAT RX 0x324 [8] 02 42 42 37 00 00 00 00 
BAT RX 0x322 [8] 00 F3 00 CE 03 01 46 46 
BAT RX 0x320 [8] 50 41 C3 85 85 00 00 00 
BAT RX 0x319 [8] 00 0C FC 0C FA 05 01 01 
BAT RX 0x318 [8] 0C FB 0C FB 0C FB 0C FB 
BAT RX 0x317 [8] 0C FC 0C FC 0C FC 0C FC 
BAT RX 0x316 [8] 0C FA 0C FA 0C FA 0C FA 
BAT RX 0x315 [8] 0C FD 0C FC 0C FC 0C FC 
BAT RX 0x314 [8] 40 06 5B 04 00 03 05 41 
BAT RX 0x313 [8] 14 C8 00 00 00 DF 46 63 
BAT RX 0x312 [8] 00 00 00 00 02 00 00 00 
BAT RX 0x311 [8] 02 38 00 00 00 00 01 00 
[742s] OK V=53.20V I=+0.0A T=22.3C SOC=70% SOH=99% | CVL=56.8V CCL=0.0A DCL=0.0A | chg=0 dis=0 fc1=0 fc2=0 | prot=0000 warn=0000 | packs=2 | inv0x305=no
BAT RX 0x330 [8] 01 04 01 02 0C FC 0C FA 
BAT RX 0x329 [8] 01 00 22 34 01 00 3F AD 
BAT RX 0x323 [8] 20 0E 10 00 04 00 00 00 
BAT RX 0x324 [8] 00 01 47 50 4A 30 32 31 
BAT RX 0x322 [8] 00 F3 00 CE 03 01 46 46 
BAT RX 0x320 [8] 50 41 C3 85 85 00 00 00 
BAT RX 0x319 [8] 00 0C FC 0C FA 04 02 01 
BAT RX 0x318 [8] 0C FB 0C FB 0C FB 0C FB 
BAT RX 0x317 [8] 0C FC 0C FC 0C FC 0C FC 
BAT RX 0x316 [8] 0C FB 0C FA 0C FA 0C FA 
BAT RX 0x315 [8] 0C FC 0C FC 0C FC 0C FC 
BAT RX 0x314 [8] 40 06 5B 04 00 02 05 41 
BAT RX 0x313 [8] 14 C8 00 00 00 DF 46 63 
BAT RX 0x312 [8] 00 00 00 00 02 00 00 00 
BAT RX 0x311 [8] 02 38 00 00 00 00 01 00 
BAT RX 0x330 [8] 01 0E 01 02 0C FD 0C FA 
BAT RX 0x329 [8] 02 00 19 C0 02 00 40 48 
BAT RX 0x323 [8] 20 0E 10 00 04 00 00 00 
BAT RX 0x324 [8] 01 39 35 32 32 30 36 32 
BAT RX 0x322 [8] 00 F3 00 CE 03 01 46 46 
BAT RX 0x320 [8] 50 41 C3 85 85 00 00 00 
BAT RX 0x319 [8] 00 0C FD 0C FA 0E 02 01 
BAT RX 0x318 [8] 0C FB 0C FB 0C FB 0C FB 
BAT RX 0x317 [8] 0C FC 0C FC 0C FC 0C FC 
BAT RX 0x316 [8] 0C FA 0C FA 0C FA 0C FA 
BAT RX 0x315 [8] 0C FC 0C FC 0C FC 0C FC 
BAT RX 0x314 [8] 40 06 5B 04 00 02 05 41 
BAT RX 0x313 [8] 14 C8 00 00 00 DF 46 63 
BAT RX 0x312 [8] 00 00 00 00 02 00 00 00 
BAT RX 0x311 [8] 02 38 00 00 00 00 01 00 
[744s] OK V=53.20V I=+0.0A T=22.3C SOC=70% SOH=99% | CVL=56.8V CCL=0.0A DCL=0.0A | chg=0 dis=0 fc1=0 fc2=0 | prot=0000 warn=0000 | packs=2 | inv0x305=no
BAT RX 0x330 [8] 01 07 01 03 0C FC 0C FA 
BAT RX 0x329 [8] 01 00 22 34 01 00 3F AD 
BAT RX 0x323 [8] 20 0E 10 00 04 00 00 00 
BAT RX 0x324 [8] 02 43 30 37 00 00 00 00 
BAT RX 0x322 [8] 00 F3 00 CE 03 01 46 46 
BAT RX 0x320 [8] 50 41 C3 85 85 00 00 00 
BAT RX 0x319 [8] 00 0C FC 0C FA 07 03 01 
BAT RX 0x318 [8] 0C FB 0C FB 0C FB 0C FB 
BAT RX 0x317 [8] 0C FC 0C FC 0C FC 0C FC 
BAT RX 0x316 [8] 0C FA 0C FA 0C FA 0C FA 
BAT RX 0x315 [8] 0C FC 0C FC 0C FC 0C FB 
BAT RX 0x314 [8] 40 06 5B 04 00 02 05 41 
BAT RX 0x313 [8] 14 C8 00 00 00 DF 46 63 
BAT RX 0x312 [8] 00 00 00 00 02 00 00 00 
BAT RX 0x311 [8] 02 38 00 00 00 00 01 00 
BAT RX 0x330 [8] 01 0E 01 02 0C FD 0C FA 
BAT RX 0x329 [8] 02 00 19 C0 02 00 40 48 
BAT RX 0x323 [8] 20 0E 10 00 04 00 00 00 
BAT RX 0x324 [8] 00 02 47 50 4A 30 32 31 
BAT RX 0x322 [8] 00 F3 00 CE 03 01 46 46 
BAT RX 0x320 [8] 50 41 C3 85 85 00 00 00 
BAT RX 0x319 [8] 00 0C FD 0C FA 0E 02 01 
BAT RX 0x318 [8] 0C FB 0C FB 0C FB 0C FB 
BAT RX 0x317 [8] 0C FC 0C FC 0C FC 0C FC 
BAT RX 0x316 [8] 0C FB 0C FB 0C FA 0C FA 
BAT RX 0x315 [8] 0C FC 0C FC 0C FC 0C FC 
BAT RX 0x314 [8] 40 06 5B 04 00 02 05 41 
BAT RX 0x313 [8] 14 C8 00 00 00 DF 46 63 
BAT RX 0x312 [8] 00 00 00 00 02 00 00 00 
BAT RX 0x311 [8] 02 38 00 00 00 00 01 00 
[746s] OK V=53.20V I=+0.0A T=22.3C SOC=70% SOH=99% | CVL=56.8V CCL=0.0A DCL=0.0A | chg=0 dis=0 fc1=0 fc2=0 | prot=0000 warn=0000 | packs=2 | inv0x305=no
BAT RX 0x330 [8] 01 06 01 03 0C FC 0C FA 
BAT RX 0x329 [8] 01 00 22 34 01 00 3F AD 
BAT RX 0x323 [8] 20 0E 10 00 04 00 00 00 
BAT RX 0x324 [8] 01 39 35 32 32 30 36 32 
BAT RX 0x322 [8] 00 F3 00 CE 03 01 46 46 
BAT RX 0x320 [8] 50 41 C3 85 85 00 00 00 
BAT RX 0x319 [8] 00 0C FC 0C FA 06 03 01 
BAT RX 0x318 [8] 0C FB 0C FB 0C FB 0C FB 
BAT RX 0x317 [8] 0C FC 0C FC 0C FC 0C FC 
BAT RX 0x316 [8] 0C FA 0C FA 0C FA 0C FA 
BAT RX 0x315 [8] 0C FC 0C FC 0C FC 0C FC 
BAT RX 0x314 [8] 40 06 5B 04 00 02 05 41 
BAT RX 0x313 [8] 14 C8 00 00 00 DF 46 63 
BAT RX 0x312 [8] 00 00 00 00 02 00 00 00 
BAT RX 0x311 [8] 02 38 00 00 00 00 01 00 
BAT RX 0x330 [8] 01 0E 01 01 0C FD 0C FA 
BAT RX 0x329 [8] 02 00 19 C0 02 00 40 48 
BAT RX 0x323 [8] 20 0E 10 00 04 00 00 00 
BAT RX 0x324 [8] 02 42 42 37 00 00 00 00 
BAT RX 0x322 [8] 00 F3 00 CE 03 01 46 46 
BAT RX 0x320 [8] 50 41 C3 85 85 00 00 00 
BAT RX 0x319 [8] 00 0C FD 0C FA 0E 01 01 
BAT RX 0x318 [8] 0C FB 0C FB 0C FB 0C FB 
BAT RX 0x317 [8] 0C FC 0C FC 0C FC 0C FC 
BAT RX 0x316 [8] 0C FA 0C FA 0C FA 0C F9 
BAT RX 0x315 [8] 0C FD 0C FC 0C FC 0C FC 
BAT RX 0x314 [8] 40 06 5B 04 00 04 05 41 
BAT RX 0x313 [8] 14 C8 00 00 00 DF 46 63 
BAT RX 0x312 [8] 00 00 00 00 02 00 00 00 
BAT RX 0x311 [8] 02 38 00 00 00 00 01 00 
[748s] OK V=53.20V I=+0.0A T=22.3C SOC=70% SOH=99% | CVL=56.8V CCL=0.0A DCL=0.0A | chg=0 dis=0 fc1=0 fc2=0 | prot=0000 warn=0000 | packs=2 | inv0x305=no
BAT RX 0x330 [8] 01 0C 01 08 0C FC 0C FA 
BAT RX 0x329 [8] 01 00 22 34 01 00 3F AD 
BAT RX 0x323 [8] 20 0E 10 00 04 00 00 00 
BAT RX 0x324 [8] 00 01 47 50 4A 30 32 31 
BAT RX 0x322 [8] 00 F3 00 CE 03 01 46 46 
BAT RX 0x320 [8] 50 41 C3 85 85 00 00 00 
BAT RX 0x319 [8] 00 0C FC 0C FA 0C 08 01 
BAT RX 0x318 [8] 0C FB 0C FB 0C FB 0C FB 
BAT RX 0x317 [8] 0C FC 0C FC 0C FC 0C FC 
BAT RX 0x316 [8] 0C FB 0C FB 0C FB 0C FA 
BAT RX 0x315 [8] 0C FC 0C FC 0C FC 0C FC 
BAT RX 0x314 [8] 40 06 5B 04 00 02 05 41 
BAT RX 0x313 [8] 14 C8 00 00 00 DF 46 63 
BAT RX 0x312 [8] 00 00 00 00 02 00 00 00 
BAT RX 0x311 [8] 02 38 00 00 00 00 01 00 

---- battery-bus rate stats (VERBOSE_STATS) ----------------------------
  11168 frames, 750 s elapsed
  ID     count   period(ms)  (min-max gap)
  0x324     744   1002 (1-4867)
  0x329     746    998 (1-4866)
  0x330     749    994 (0-4000)
  0x312     744   1001 (1-4867)
  0x313     744   1001 (1-4867)
  0x314     744   1000 (1-4867)
  0x315     744   1000 (1-4867)
  0x316     744   1000 (1-4867)
  0x317     744   1000 (1-4867)
  0x318     744   1000 (1-4867)
  0x319     744   1000 (1-4867)
  0x320     744   1000 (1-4866)
  0x322     744   1000 (0-4867)
  0x311     744   1001 (1-4867)
  0x323     745    999 (1-4866)
--------------------------------------------------------------------------

  TWAI: state=RUNNING  tx_err=0 rx_err=0  tx_failed=0  rx_missed=111 rx_overrun=0  arb_lost=0  bus_err=0
BAT RX 0x330 [8] 01 06 01 03 0C FC 0C FA 
BAT RX 0x329 [8] 02 00 19 C0 02 00 40 48 
BAT RX 0x323 [8] 20 0E 10 00 04 00 00 00 
BAT RX 0x324 [8] 01 39 35 32 32 30 36 32 
BAT RX 0x322 [8] 00 F3 00 CE 03 01 46 46 
BAT RX 0x320 [8] 50 41 C3 85 85 00 00 00 
BAT RX 0x319 [8] 00 0C FC 0C FA 06 03 01 
BAT RX 0x318 [8] 0C FB 0C FB 0C FB 0C FB 
BAT RX 0x317 [8] 0C FC 0C FC 0C FC 0C FC 
BAT RX 0x316 [8] 0C FB 0C FB 0C FA 0C FA 
BAT RX 0x315 [8] 0C FD 0C FC 0C FC 0C FC 
BAT RX 0x314 [8] 40 06 5B 04 00 03 05 41 
BAT RX 0x313 [8] 14 C8 00 00 00 DF 46 63 
BAT RX 0x312 [8] 00 00 00 00 02 00 00 00 
BAT RX 0x311 [8] 02 38 00 00 00 00 01 00 
[750s] OK V=53.20V I=+0.0A T=22.3C SOC=70% SOH=99% | CVL=56.8V CCL=0.0A DCL=0.0A | chg=0 dis=0 fc1=0 fc2=0 | prot=0000 warn=0000 | packs=2 | inv0x305=no
BAT RX 0x330 [8] 02 0D 01 03 0C FD 0C FA 
BAT RX 0x329 [8] 01 00 22 34 01 00 3F AD 
BAT RX 0x323 [8] 20 0E 10 00 04 00 00 00 
BAT RX 0x324 [8] 02 43 30 37 00 00 00 00 
BAT RX 0x322 [8] 00 F3 00 CE 03 01 46 46 
BAT RX 0x320 [8] 50 41 C3 85 85 00 00 00 
BAT RX 0x319 [8] 00 0C FD 0C FA 1D 03 01 
BAT RX 0x318 [8] 0C FB 0C FB 0C FB 0C FA 
BAT RX 0x317 [8] 0C FD 0C FC 0C FC 0C FC 
BAT RX 0x316 [8] 0C FA 0C FA 0C FA 0C FA 
BAT RX 0x315 [8] 0C FC 0C FC 0C FC 0C FC 
BAT RX 0x314 [8] 40 06 5B 04 00 03 05 41 
BAT RX 0x313 [8] 14 C8 00 00 00 DF 46 63 
BAT RX 0x312 [8] 00 00 00 00 02 00 00 00 
BAT RX 0x311 [8] 02 38 00 00 00 00 01 00 
BAT RX 0x330 [8] 02 0D 01 03 0C FD 0C F9 
BAT RX 0x329 [8] 02 00 19 C0 02 00 40 48 
BAT RX 0x323 [8] 20 0E 10 00 04 00 00 00 
BAT RX 0x324 [8] 00 02 47 50 4A 30 32 31 
BAT RX 0x322 [8] 00 F3 00 CE 03 01 46 46 
BAT RX 0x320 [8] 50 41 C3 85 85 00 00 00 
BAT RX 0x319 [8] 00 0C FD 0C F9 1D 03 01 
BAT RX 0x318 [8] 0C FB 0C FB 0C FB 0C FB 
BAT RX 0x317 [8] 0C FD 0C FC 0C FC 0C FC 
BAT RX 0x316 [8] 0C FA 0C FA 0C FA 0C FA 
BAT RX 0x315 [8] 0C FC 0C FC 0C FC 0C FC 
BAT RX 0x314 [8] 40 06 5B 04 00 02 05 41 
BAT RX 0x313 [8] 14 C8 00 00 00 DF 46 63 
BAT RX 0x312 [8] 00 00 00 00 02 00 00 00 
BAT RX 0x311 [8] 02 38 00 00 00 00 01 00 
[752s] OK V=53.20V I=+0.0A T=22.3C SOC=70% SOH=99% | CVL=56.8V CCL=0.0A DCL=0.0A | chg=0 dis=0 fc1=0 fc2=0 | prot=0000 warn=0000 | packs=2 | inv0x305=no
BAT RX 0x330 [8] 01 05 01 03 0C FC 0C FA 
BAT RX 0x329 [8] 01 00 22 34 01 00 3F AD 
BAT RX 0x323 [8] 20 0E 10 00 04 00 00 00 
BAT RX 0x324 [8] 01 39 35 32 32 30 36 32 
BAT RX 0x322 [8] 00 F3 00 CE 03 01 46 46 
BAT RX 0x320 [8] 50 41 C3 85 85 00 00 00 
BAT RX 0x319 [8] 00 0C FC 0C FA 05 03 01 
BAT RX 0x318 [8] 0C FB 0C FB 0C FB 0C FB 
BAT RX 0x317 [8] 0C FC 0C FC 0C FC 0C FC 
BAT RX 0x316 [8] 0C FB 0C FA 0C FA 0C FA 
BAT RX 0x315 [8] 0C FC 0C FC 0C FC 0C FB 
BAT RX 0x314 [8] 40 06 5B 04 00 02 05 41 
BAT RX 0x313 [8] 14 C8 00 00 00 DF 46 63 
BAT RX 0x312 [8] 00 00 00 00 02 00 00 00 
BAT RX 0x311 [8] 02 38 00 00 00 00 01 00 
BAT RX 0x330 [8] 01 09 01 01 0C FC 0C FB 
BAT RX 0x329 [8] 02 00 19 C0 02 00 40 48 
BAT RX 0x323 [8] 20 0E 10 00 04 00 00 00 
BAT RX 0x324 [8] 02 42 42 37 00 00 00 00 
BAT RX 0x322 [8] 00 F3 00 CE 03 01 46 46 
BAT RX 0x320 [8] 50 41 C3 85 85 00 00 00 
BAT RX 0x319 [8] 00 0C FC 0C FB 09 01 01 
BAT RX 0x318 [8] 0C FB 0C FB 0C FB 0C FB 
BAT RX 0x317 [8] 0C FC 0C FC 0C FC 0C FC 
BAT RX 0x316 [8] 0C FA 0C FA 0C FA 0C FA 
BAT RX 0x315 [8] 0C FC 0C FC 0C FC 0C FC 
BAT RX 0x314 [8] 40 06 5B 04 00 02 05 41 
BAT RX 0x313 [8] 14 C8 00 00 00 DF 46 63 
BAT RX 0x312 [8] 00 00 00 00 02 00 00 00 
BAT RX 0x311 [8] 02 38 00 00 00 00 01 00 
[754s] OK V=53.20V I=+0.0A T=22.3C SOC=70% SOH=99% | CVL=56.8V CCL=0.0A DCL=0.0A | chg=0 dis=0 fc1=0 fc2=0 | prot=0000 warn=0000 | packs=2 | inv0x305=no
BAT RX 0x330 [8] 01 07 01 04 0C FC 0C FA 
BAT RX 0x329 [8] 01 00 22 34 01 00 3F AD 
BAT RX 0x323 [8] 20 0E 10 00 04 00 00 00 
BAT RX 0x324 [8] 00 01 47 50 4A 30 32 31 
BAT RX 0x322 [8] 00 F3 00 CE 03 01 46 46 
BAT RX 0x320 [8] 50 41 C3 85 85 00 00 00 
BAT RX 0x319 [8] 00 0C FC 0C FA 07 04 01 
BAT RX 0x318 [8] 0C FB 0C FB 0C FB 0C FB 
BAT RX 0x317 [8] 0C FC 0C FC 0C FC 0C FC 
BAT RX 0x316 [8] 0C FA 0C FA 0C FA 0C FA 
BAT RX 0x315 [8] 0C FC 0C FC 0C FC 0C FC 
BAT RX 0x314 [8] 40 06 5B 04 00 02 05 41 
BAT RX 0x313 [8] 14 C8 00 03 00 DF 46 63 
BAT RX 0x312 [8] 00 00 00 00 02 00 00 00 
BAT RX 0x311 [8] 02 38 00 00 00 00 01 00 
BAT RX 0x330 [8] 01 04 01 01 0C FC 0C FA 
BAT RX 0x329 [8] 02 00 19 C0 02 00 40 48 
BAT RX 0x323 [8] 20 0E 10 00 04 00 00 00 
BAT RX 0x324 [8] 01 39 35 32 32 30 36 32 
BAT RX 0x322 [8] 00 F3 00 CE 03 01 46 46 
BAT RX 0x320 [8] 50 41 C3 85 85 00 00 00 
BAT RX 0x319 [8] 00 0C FC 0C FA 04 01 01 
BAT RX 0x318 [8] 0C FB 0C FB 0C FB 0C FB 
BAT RX 0x317 [8] 0C FC 0C FC 0C FC 0C FC 
BAT RX 0x316 [8] 0C FB 0C FB 0C FA 0C FA 
BAT RX 0x315 [8] 0C FD 0C FD 0C FC 0C FC 
BAT RX 0x314 [8] 40 06 5B 04 00 03 05 41 
BAT RX 0x313 [8] 14 C8 00 00 00 DF 46 63 
BAT RX 0x312 [8] 00 00 00 00 02 00 00 00 
BAT RX 0x311 [8] 02 38 00 00 00 00 01 00 
[756s] OK V=53.20V I=+0.0A T=22.3C SOC=70% SOH=99% | CVL=56.8V CCL=0.0A DCL=0.0A | chg=0 dis=0 fc1=0 fc2=0 | prot=0000 warn=0000 | packs=2 | inv0x305=no
BAT RX 0x330 [8] 01 07 01 01 0C FC 0C FA 
BAT RX 0x329 [8] 01 00 22 34 01 00 3F AD 
BAT RX 0x323 [8] 20 0E 10 00 04 00 00 00 
BAT RX 0x324 [8] 02 43 30 37 00 00 00 00 
BAT RX 0x322 [8] 00 F3 00 CE 03 01 46 46 
BAT RX 0x320 [8] 50 41 C3 85 85 00 00 00 
BAT RX 0x319 [8] 00 0C FC 0C FA 07 01 01 
BAT RX 0x318 [8] 0C FB 0C FB 0C FB 0C FB 
BAT RX 0x317 [8] 0C FC 0C FC 0C FC 0C FC 
BAT RX 0x316 [8] 0C FB 0C FB 0C FA 0C FA 
BAT RX 0x315 [8] 0C FC 0C FC 0C FC 0C FB 
BAT RX 0x314 [8] 40 06 5B 04 00 02 05 41 
BAT RX 0x313 [8] 14 C8 00 00 00 DF 46 63 
BAT RX 0x312 [8] 00 00 00 00 02 00 00 00 
BAT RX 0x311 [8] 02 38 00 00 00 00 01 00 
BAT RX 0x330 [8] 01 0E 01 02 0C FD 0C FA 
BAT RX 0x329 [8] 02 00 19 C0 02 00 40 48 
BAT RX 0x323 [8] 20 0E 10 00 04 00 00 00 
BAT RX 0x324 [8] 00 02 47 50 4A 30 32 31 
BAT RX 0x322 [8] 00 F3 00 CE 03 01 46 46 
BAT RX 0x320 [8] 50 41 C3 85 85 00 00 00 
BAT RX 0x319 [8] 00 0C FD 0C FA 0E 02 01 
BAT RX 0x318 [8] 0C FB 0C FB 0C FB 0C FB 
BAT RX 0x317 [8] 0C FC 0C FC 0C FC 0C FC 
BAT RX 0x316 [8] 0C FA 0C FA 0C FA 0C FA 
BAT RX 0x315 [8] 0C FC 0C FC 0C FC 0C FC 
BAT RX 0x314 [8] 40 06 5B 04 00 02 05 41 
BAT RX 0x313 [8] 14 C8 00 00 00 DF 46 63 
BAT RX 0x312 [8] 00 00 00 00 02 00 00 00 
BAT RX 0x311 [8] 02 38 00 00 00 00 01 00 
[758s] OK V=53.20V I=+0.0A T=22.3C SOC=70% SOH=99% | CVL=56.8V CCL=0.0A DCL=0.0A | chg=0 dis=0 fc1=0 fc2=0 | prot=0000 warn=0000 | packs=2 | inv0x305=no
BAT RX 0x330 [8] 01 07 01 02 0C FC 0C FA 
BAT RX 0x329 [8] 01 00 22 34 01 00 3F AD 
BAT RX 0x323 [8] 20 0E 10 00 04 00 00 00 
BAT RX 0x324 [8] 01 39 35 32 32 30 36 32 
BAT RX 0x322 [8] 00 F3 00 CE 03 01 46 46 
BAT RX 0x320 [8] 50 41 C3 85 85 00 00 00 
BAT RX 0x319 [8] 00 0C FC 0C FA 07 02 01 
BAT RX 0x318 [8] 0C FB 0C FB 0C FB 0C FB 
BAT RX 0x317 [8] 0C FC 0C FC 0C FC 0C FC 
BAT RX 0x316 [8] 0C FA 0C FA 0C FA 0C FA 
BAT RX 0x315 [8] 0C FD 0C FC 0C FC 0C FC 
BAT RX 0x314 [8] 40 06 5B 04 00 03 05 41 
BAT RX 0x313 [8] 14 C8 00 00 00 DF 46 63 
BAT RX 0x312 [8] 00 00 00 00 02 00 00 00 
BAT RX 0x311 [8] 02 38 00 00 00 00 01 00 
BAT RX 0x330 [8] 01 07 01 01 0C FC 0C FA 
BAT RX 0x329 [8] 02 00 19 C0 02 00 40 48 
BAT RX 0x323 [8] 20 0E 10 00 04 00 00 00 
BAT RX 0x324 [8] 02 42 42 37 00 00 00 00 
BAT RX 0x322 [8] 00 F3 00 CE 03 01 46 46 
BAT RX 0x320 [8] 50 41 C3 85 85 00 00 00 
BAT RX 0x319 [8] 00 0C FC 0C FA 07 01 01 
BAT RX 0x318 [8] 0C FB 0C FB 0C FB 0C FB 
BAT RX 0x317 [8] 0C FC 0C FC 0C FC 0C FC 
BAT RX 0x316 [8] 0C FB 0C FA 0C FA 0C FA 
BAT RX 0x315 [8] 0C FC 0C FC 0C FC 0C FC 
BAT RX 0x314 [8] 40 06 5B 04 00 02 05 41 
BAT RX 0x313 [8] 14 C8 00 00 00 DF 46 63 
BAT RX 0x312 [8] 00 00 00 00 02 00 00 00 
BAT RX 0x311 [8] 02 38 00 00 00 00 01 00 
[760s] OK V=53.20V I=+0.0A T=22.3C SOC=70% SOH=99% | CVL=56.8V CCL=0.0A DCL=0.0A | chg=0 dis=0 fc1=0 fc2=0 | prot=0000 warn=0000 | packs=2 | inv0x305=no
BAT RX 0x330 [8] 01 10 01 08 0C FD 0C F9 
BAT RX 0x329 [8] 01 00 22 34 01 00 3F AD 
BAT RX 0x323 [8] 20 0E 10 00 04 00 00 00 
BAT RX 0x324 [8] 00 01 47 50 4A 30 32 31 
BAT RX 0x322 [8] 00 F3 00 CE 03 01 46 46 
BAT RX 0x320 [8] 50 41 C3 85 85 00 00 00 
BAT RX 0x319 [8] 00 0C FD 0C F9 10 08 01 
BAT RX 0x318 [8] 0C FB 0C FB 0C FB 0C FB 
BAT RX 0x317 [8] 0C FC 0C FC 0C FC 0C FC 
BAT RX 0x316 [8] 0C FB 0C FA 0C FA 0C FA 
BAT RX 0x315 [8] 0C FC 0C FC 0C FC 0C FC 
BAT RX 0x314 [8] 40 06 5B 04 00 02 05 41 
BAT RX 0x313 [8] 14 C8 00 00 00 DF 46 63 
BAT RX 0x312 [8] 00 00 00 00 02 00 00 00 
BAT RX 0x311 [8] 02 38 00 00 00 00 01 00 
BAT RX 0x330 [8] 01 0E 01 02 0C FD 0C FA 
BAT RX 0x329 [8] 02 00 19 C0 02 00 40 48 
BAT RX 0x323 [8] 20 0E 10 00 04 00 00 00 
BAT RX 0x324 [8] 01 39 35 32 32 30 36 32 
BAT RX 0x322 [8] 00 F3 00 CE 03 01 46 46 
BAT RX 0x320 [8] 50 41 C3 85 85 00 00 00 
BAT RX 0x319 [8] 00 0C FD 0C FA 0E 02 01 
BAT RX 0x318 [8] 0C FB 0C FB 0C FB 0C FB 
BAT RX 0x317 [8] 0C FD 0C FC 0C FC 0C FC 
BAT RX 0x316 [8] 0C FB 0C FA 0C FA 0C FA 
BAT RX 0x315 [8] 0C FC 0C FC 0C FC 0C FB 
BAT RX 0x314 [8] 40 06 5B 04 00 02 05 41 
BAT RX 0x313 [8] 14 C8 00 00 00 DF 46 63 
BAT RX 0x312 [8] 00 00 00 00 02 00 00 00 
BAT RX 0x311 [8] 02 38 00 00 00 00 01 00 
[762s] OK V=53.20V I=+0.0A T=22.3C SOC=70% SOH=99% | CVL=56.8V CCL=0.0A DCL=0.0A | chg=0 dis=0 fc1=0 fc2=0 | prot=0000 warn=0000 | packs=2 | inv0x305=no
BAT RX 0x330 [8] 01 05 01 02 0C FC 0C FA 
BAT RX 0x329 [8] 01 00 22 34 01 00 3F AD 
BAT RX 0x323 [8] 20 0E 10 00 04 00 00 00 
BAT RX 0x324 [8] 02 43 30 37 00 00 00 00 
BAT RX 0x322 [8] 00 F3 00 CE 03 01 46 46 
BAT RX 0x320 [8] 50 41 C3 85 85 00 00 00 
BAT RX 0x319 [8] 00 0C FC 0C FA 05 02 01 
BAT RX 0x318 [8] 0C FB 0C FB 0C FB 0C FB 
BAT RX 0x317 [8] 0C FC 0C FC 0C FC 0C FC 
BAT RX 0x316 [8] 0C FB 0C FB 0C FB 0C FB 
BAT RX 0x315 [8] 0C FC 0C FC 0C FC 0C FB 
BAT RX 0x314 [8] 40 06 5B 04 00 01 05 41 
BAT RX 0x313 [8] 14 C8 00 00 00 DF 46 63 
BAT RX 0x312 [8] 00 00 00 00 02 00 00 00 
BAT RX 0x311 [8] 02 38 00 00 00 00 01 00 
BAT RX 0x330 [8] 01 0E 01 02 0C FD 0C FA 
BAT RX 0x329 [8] 02 00 19 C0 02 00 40 48 
BAT RX 0x323 [8] 20 0E 10 00 04 00 00 00 
BAT RX 0x324 [8] 00 02 47 50 4A 30 32 31 
BAT RX 0x322 [8] 00 F3 00 CE 03 01 46 46 
BAT RX 0x320 [8] 50 41 C3 85 85 00 00 00 
BAT RX 0x319 [8] 00 0C FD 0C FA 0E 02 01 
BAT RX 0x318 [8] 0C FB 0C FB 0C FB 0C FB 
BAT RX 0x317 [8] 0C FC 0C FC 0C FC 0C FC 
BAT RX 0x316 [8] 0C FB 0C FB 0C FA 0C FA 
BAT RX 0x315 [8] 0C FD 0C FC 0C FC 0C FC 
BAT RX 0x314 [8] 40 06 5B 04 00 03 05 41 
BAT RX 0x313 [8] 14 C8 00 00 00 DF 46 63 
BAT RX 0x312 [8] 00 00 00 00 02 00 00 00 
BAT RX 0x311 [8] 02 38 00 00 00 00 01 00 
[764s] OK V=53.20V I=+0.0A T=22.3C SOC=70% SOH=99% | CVL=56.8V CCL=0.0A DCL=0.0A | chg=0 dis=0 fc1=0 fc2=0 | prot=0000 warn=0000 | packs=2 | inv0x305=no

---- battery-bus rate stats (VERBOSE_STATS) ----------------------------
  11393 frames, 765 s elapsed
  ID     count   period(ms)  (min-max gap)
  0x324     759   1002 (1-4867)
  0x329     761    998 (1-4866)
  0x330     764    994 (0-4000)
  0x312     759   1000 (1-4867)
  0x313     759   1000 (1-4867)
  0x314     759   1000 (1-4867)
  0x315     759   1000 (1-4867)
  0x316     759   1000 (1-4867)
  0x317     759   1000 (1-4867)
  0x318     759   1000 (1-4867)
  0x319     759   1000 (1-4867)
  0x320     759   1000 (1-4866)
  0x322     759   1000 (0-4867)
  0x311     759   1001 (1-4867)
  0x323     760    999 (1-4866)
--------------------------------------------------------------------------

  TWAI: state=RUNNING  tx_err=0 rx_err=0  tx_failed=0  rx_missed=111 rx_overrun=0  arb_lost=0  bus_err=0
BAT RX 0x330 [8] 02 0C 01 03 0C FD 0C FA 
BAT RX 0x329 [8] 01 00 22 34 01 00 3F AD 
BAT RX 0x323 [8] 20 0E 10 00 04 00 00 00 
BAT RX 0x324 [8] 01 39 35 32 32 30 36 32 
BAT RX 0x322 [8] 00 F3 00 CE 03 01 46 46 
BAT RX 0x320 [8] 50 41 C3 85 85 00 00 00 
BAT RX 0x319 [8] 00 0C FD 0C FA 1C 03 01 
BAT RX 0x318 [8] 0C FB 0C FB 0C FB 0C FB 
BAT RX 0x317 [8] 0C FD 0C FC 0C FC 0C FC 
BAT RX 0x316 [8] 0C FA 0C FA 0C FA 0C FA 
BAT RX 0x315 [8] 0C FD 0C FD 0C FC 0C FC 
BAT RX 0x314 [8] 40 06 5B 04 00 03 05 41 
BAT RX 0x313 [8] 14 C8 00 00 00 DF 46 63 
BAT RX 0x312 [8] 00 00 00 00 02 00 00 00 
BAT RX 0x311 [8] 02 38 00 00 00 00 01 00 
BAT RX 0x330 [8] 02 0D 01 01 0C FD 0C FA 
BAT RX 0x329 [8] 02 00 19 C0 02 00 40 48 
BAT RX 0x323 [8] 20 0E 10 00 04 00 00 00 
BAT RX 0x324 [8] 02 42 42 37 00 00 00 00 
BAT RX 0x322 [8] 00 F3 00 CE 03 01 46 46 
BAT RX 0x320 [8] 50 41 C3 85 85 00 00 00 
BAT RX 0x319 [8] 00 0C FD 0C FA 1D 01 01 
BAT RX 0x318 [8] 0C FB 0C FB 0C FB 0C FB 
BAT RX 0x317 [8] 0C FD 0C FC 0C FC 0C FC 
BAT RX 0x316 [8] 0C FB 0C FA 0C FA 0C FA 
BAT RX 0x315 [8] 0C FD 0C FC 0C FC 0C FC 
BAT RX 0x314 [8] 40 06 5B 04 00 03 05 41 
BAT RX 0x313 [8] 14 C8 00 00 00 DF 46 63 
BAT RX 0x312 [8] 00 00 00 00 02 00 00 00 
BAT RX 0x311 [8] 02 38 00 00 00 00 01 00 
[766s] OK V=53.20V I=+0.0A T=22.3C SOC=70% SOH=99% | CVL=56.8V CCL=0.0A DCL=0.0A | chg=0 dis=0 fc1=0 fc2=0 | prot=0000 warn=0000 | packs=2 | inv0x305=no
BAT RX 0x330 [8] 01 0E 01 01 0C FD 0C FA 
BAT RX 0x329 [8] 01 00 22 34 01 00 3F AD 
BAT RX 0x323 [8] 20 0E 10 00 04 00 00 00 
BAT RX 0x324 [8] 00 01 47 50 4A 30 32 31 
BAT RX 0x322 [8] 00 F3 00 CE 03 01 46 46 
BAT RX 0x320 [8] 50 41 C3 85 85 00 00 00 
BAT RX 0x319 [8] 00 0C FD 0C FA 0E 01 01 
BAT RX 0x318 [8] 0C FB 0C FB 0C FB 0C FB 
BAT RX 0x317 [8] 0C FC 0C FC 0C FC 0C FC 
BAT RX 0x316 [8] 0C FB 0C FA 0C FA 0C FA 
BAT RX 0x315 [8] 0C FD 0C FC 0C FC 0C FC 
BAT RX 0x314 [8] 40 06 5B 04 00 03 05 41 
BAT RX 0x313 [8] 14 C8 00 00 00 DF 46 63 
BAT RX 0x312 [8] 00 00 00 00 02 00 00 00 
BAT RX 0x311 [8] 02 38 00 00 00 00 01 00 
BAT RX 0x330 [8] 01 10 01 03 0C FD 0C FA 
BAT RX 0x329 [8] 02 00 19 C0 02 00 40 48 
BAT RX 0x323 [8] 20 0E 10 00 04 00 00 00 
BAT RX 0x324 [8] 01 39 35 32 32 30 36 32 
BAT RX 0x322 [8] 00 F3 00 CE 03 01 46 46 
BAT RX 0x320 [8] 50 41 C3 85 85 00 00 00 
BAT RX 0x319 [8] 00 0C FD 0C FA 10 03 01 
BAT RX 0x318 [8] 0C FB 0C FB 0C FB 0C FB 
BAT RX 0x317 [8] 0C FC 0C FC 0C FC 0C FC 
BAT RX 0x316 [8] 0C FB 0C FA 0C FA 0C F9 
BAT RX 0x315 [8] 0C FD 0C FC 0C FC 0C FC 
BAT RX 0x314 [8] 40 06 5B 04 00 04 05 41 
BAT RX 0x313 [8] 14 C8 00 00 00 DF 46 63 
BAT RX 0x312 [8] 00 00 00 00 02 00 00 00 
BAT RX 0x311 [8] 02 38 00 00 00 00 01 00 
[768s] OK V=53.20V I=+0.0A T=22.3C SOC=70% SOH=99% | CVL=56.8V CCL=0.0A DCL=0.0A | chg=0 dis=0 fc1=0 fc2=0 | prot=0000 warn=0000 | packs=2 | inv0x305=no
BAT RX 0x330 [8] 01 05 01 03 0C FC 0C FA 
BAT RX 0x329 [8] 01 00 22 34 01 00 3F AD 
BAT RX 0x323 [8] 20 0E 10 00 04 00 00 00 
BAT RX 0x324 [8] 02 43 30 37 00 00 00 00 
BAT RX 0x322 [8] 00 F3 00 CE 03 01 46 46 
BAT RX 0x320 [8] 50 41 C3 85 85 00 00 00 
BAT RX 0x319 [8] 00 0C FC 0C FA 05 03 01 
BAT RX 0x318 [8] 0C FB 0C FB 0C FB 0C FB 
BAT RX 0x317 [8] 0C FC 0C FC 0C FC 0C FC 
BAT RX 0x316 [8] 0C FB 0C FB 0C FB 0C FA 
BAT RX 0x315 [8] 0C FC 0C FC 0C FC 0C FC 
BAT RX 0x314 [8] 40 06 5B 04 00 02 05 41 
BAT RX 0x313 [8] 14 C8 00 00 00 DF 46 63 
BAT RX 0x312 [8] 00 00 00 00 02 00 00 00 
BAT RX 0x311 [8] 02 38 00 00 00 00 01 00 
BAT RX 0x330 [8] 01 07 01 03 0C FC 0C FA 
BAT RX 0x329 [8] 02 00 19 C0 02 00 40 48 
BAT RX 0x323 [8] 20 0E 10 00 04 00 00 00 
BAT RX 0x324 [8] 00 02 47 50 4A 30 32 31 
BAT RX 0x322 [8] 00 F3 00 CE 03 01 46 46 
BAT RX 0x320 [8] 50 41 C3 85 85 00 00 00 
BAT RX 0x319 [8] 00 0C FC 0C FA 07 03 01 
BAT RX 0x318 [8] 0C FB 0C FB 0C FB 0C FB 
BAT RX 0x317 [8] 0C FC 0C FC 0C FC 0C FC 
BAT RX 0x316 [8] 0C FB 0C FB 0C FA 0C FA 
BAT RX 0x315 [8] 0C FD 0C FC 0C FC 0C FC 
BAT RX 0x314 [8] 40 06 5B 04 00 03 05 41 
BAT RX 0x313 [8] 14 C8 00 00 00 DF 46 63 
BAT RX 0x312 [8] 00 00 00 00 02 00 00 00 
BAT RX 0x311 [8] 02 38 00 00 00 00 01 00 
[770s] OK V=53.20V I=+0.0A T=22.3C SOC=70% SOH=99% | CVL=56.8V CCL=0.0A DCL=0.0A | chg=0 dis=0 fc1=0 fc2=0 | prot=0000 warn=0000 | packs=2 | inv0x305=no
BAT RX 0x330 [8] 01 09 01 06 0C FC 0C FA 
BAT RX 0x329 [8] 01 00 22 34 01 00 3F AD 
BAT RX 0x323 [8] 20 0E 10 00 04 00 00 00 
BAT RX 0x324 [8] 01 39 35 32 32 30 36 32 
BAT RX 0x322 [8] 00 F3 00 CE 03 01 46 46 
BAT RX 0x320 [8] 50 41 C3 85 85 00 00 00 
BAT RX 0x319 [8] 00 0C FC 0C FA 09 06 01 
BAT RX 0x318 [8] 0C FB 0C FB 0C FB 0C FB 
BAT RX 0x317 [8] 0C FC 0C FC 0C FC 0C FC 
BAT RX 0x316 [8] 0C FB 0C FA 0C FA 0C FA 
BAT RX 0x315 [8] 0C FD 0C FC 0C FC 0C FB 
BAT RX 0x314 [8] 40 06 5B 04 00 03 05 41 
BAT RX 0x313 [8] 14 C8 00 00 00 DF 46 63 
BAT RX 0x312 [8] 00 00 00 00 02 00 00 00 
BAT RX 0x311 [8] 02 38 00 00 00 00 01 00 
BAT RX 0x330 [8] 01 0E 01 02 0C FD 0C FA 
BAT RX 0x329 [8] 02 00 19 C0 02 00 40 48 
BAT RX 0x323 [8] 20 0E 10 00 04 00 00 00 
BAT RX 0x324 [8] 02 42 42 37 00 00 00 00 
BAT RX 0x322 [8] 00 F3 00 CE 03 01 46 46 
BAT RX 0x320 [8] 50 41 C3 85 85 00 00 00 
BAT RX 0x319 [8] 00 0C FD 0C FA 0E 02 01 
BAT RX 0x318 [8] 0C FB 0C FB 0C FB 0C FB 
BAT RX 0x317 [8] 0C FD 0C FC 0C FC 0C FC 
BAT RX 0x316 [8] 0C FA 0C FA 0C FA 0C FA 
BAT RX 0x315 [8] 0C FD 0C FC 0C FC 0C FC 
BAT RX 0x314 [8] 40 06 5B 04 00 03 05 41 
BAT RX 0x313 [8] 14 C8 00 00 00 DF 46 63 
BAT RX 0x312 [8] 00 00 00 00 02 00 00 00 
BAT RX 0x311 [8] 02 38 00 00 00 00 01 00 
[772s] OK V=53.20V I=+0.0A T=22.3C SOC=70% SOH=99% | CVL=56.8V CCL=0.0A DCL=0.0A | chg=0 dis=0 fc1=0 fc2=0 | prot=0000 warn=0000 | packs=2 | inv0x305=no
BAT RX 0x330 [8] 01 0E 01 02 0C FD 0C FA 
BAT RX 0x329 [8] 01 00 22 34 01 00 3F AD 
BAT RX 0x323 [8] 20 0E 10 00 04 00 00 00 
BAT RX 0x324 [8] 00 01 47 50 4A 30 32 31 
BAT RX 0x322 [8] 00 F3 00 CE 03 01 46 46 
BAT RX 0x320 [8] 50 41 C3 85 85 00 00 00 
BAT RX 0x319 [8] 00 0C FD 0C FA 0E 02 01 
BAT RX 0x318 [8] 0C FB 0C FB 0C FB 0C FB 
BAT RX 0x317 [8] 0C FC 0C FC 0C FC 0C FC 
BAT RX 0x316 [8] 0C FB 0C FA 0C FA 0C FA 
BAT RX 0x315 [8] 0C FC 0C FC 0C FC 0C FC 
BAT RX 0x314 [8] 40 06 5B 04 00 02 05 41 
BAT RX 0x313 [8] 14 C8 00 00 00 DF 46 63 
BAT RX 0x312 [8] 00 00 00 00 02 00 00 00 
BAT RX 0x311 [8] 02 38 00 00 00 00 01 00 
BAT RX 0x330 [8] 01 0E 01 02 0C FD 0C FA 
BAT RX 0x329 [8] 02 00 19 C0 02 00 40 48 
BAT RX 0x323 [8] 20 0E 10 00 04 00 00 00 
BAT RX 0x324 [8] 01 39 35 32 32 30 36 32 
BAT RX 0x322 [8] 00 F3 00 CE 03 01 46 46 
BAT RX 0x320 [8] 50 41 C3 85 85 00 00 00 
BAT RX 0x319 [8] 00 0C FD 0C FA 0E 02 01 
BAT RX 0x318 [8] 0C FB 0C FB 0C FB 0C FB 
BAT RX 0x317 [8] 0C FC 0C FC 0C FC 0C FC 
BAT RX 0x316 [8] 0C FA 0C FA 0C FA 0C FA 
BAT RX 0x315 [8] 0C FD 0C FD 0C FC 0C FC 
BAT RX 0x314 [8] 40 06 5B 04 00 03 05 41 
BAT RX 0x313 [8] 14 C8 00 00 00 DF 46 63 
BAT RX 0x312 [8] 00 00 00 00 02 00 00 00 
BAT RX 0x311 [8] 02 38 00 00 00 00 01 00 
[774s] OK V=53.20V I=+0.0A T=22.3C SOC=70% SOH=99% | CVL=56.8V CCL=0.0A DCL=0.0A | chg=0 dis=0 fc1=0 fc2=0 | prot=0000 warn=0000 | packs=2 | inv0x305=no
BAT RX 0x330 [8] 01 0E 01 02 0C FC 0C FA 
BAT RX 0x329 [8] 01 00 22 34 01 00 3F AD 
BAT RX 0x323 [8] 20 0E 10 00 04 00 00 00 
BAT RX 0x324 [8] 02 43 30 37 00 00 00 00 
BAT RX 0x322 [8] 00 F3 00 CE 03 01 46 46 
BAT RX 0x320 [8] 50 41 C3 85 85 00 00 00 
BAT RX 0x319 [8] 00 0C FC 0C FA 0E 02 01 
BAT RX 0x318 [8] 0C FB 0C FB 0C FB 0C FB 
BAT RX 0x317 [8] 0C FC 0C FC 0C FC 0C FC 
BAT RX 0x316 [8] 0C FA 0C FA 0C FA 0C FA 
BAT RX 0x315 [8] 0C FD 0C FD 0C FC 0C FC 
BAT RX 0x314 [8] 40 06 5B 04 00 03 05 41 
BAT RX 0x313 [8] 14 C8 00 00 00 DF 46 63 
BAT RX 0x312 [8] 00 00 00 00 02 00 00 00 
BAT RX 0x311 [8] 02 38 00 00 00 00 01 00 
BAT RX 0x330 [8] 01 09 01 01 0C FD 0C FA 
BAT RX 0x329 [8] 02 00 19 C0 02 00 40 48 
BAT RX 0x323 [8] 20 0E 10 00 04 00 00 00 
BAT RX 0x324 [8] 00 02 47 50 4A 30 32 31 
BAT RX 0x322 [8] 00 F3 00 CE 03 01 46 46 
BAT RX 0x320 [8] 50 41 C3 85 85 00 00 00 
BAT RX 0x319 [8] 00 0C FD 0C FA 09 01 01 
BAT RX 0x318 [8] 0C FB 0C FB 0C FB 0C FB 
BAT RX 0x317 [8] 0C FC 0C FC 0C FC 0C FC 
BAT RX 0x316 [8] 0C FA 0C FA 0C FA 0C FA 
BAT RX 0x315 [8] 0C FC 0C FC 0C FC 0C FC 
BAT RX 0x314 [8] 40 06 5B 04 00 02 05 41 
BAT RX 0x313 [8] 14 C8 00 00 00 DF 46 63 
BAT RX 0x312 [8] 00 00 00 00 02 00 00 00 
BAT RX 0x311 [8] 02 38 00 00 00 00 01 00 
[776s] OK V=53.20V I=+0.0A T=22.3C SOC=70% SOH=99% | CVL=56.8V CCL=0.0A DCL=0.0A | chg=0 dis=0 fc1=0 fc2=0 | prot=0000 warn=0000 | packs=2 | inv0x305=no
BAT RX 0x330 [8] 02 0D 01 01 0C FD 0C FA 
BAT RX 0x329 [8] 01 00 22 34 01 00 3F AD 
BAT RX 0x323 [8] 20 0E 10 00 04 00 00 00 
BAT RX 0x324 [8] 01 39 35 32 32 30 36 32 
BAT RX 0x322 [8] 00 F3 00 CE 03 01 46 46 
BAT RX 0x320 [8] 50 41 C3 85 85 00 00 00 
BAT RX 0x319 [8] 00 0C FD 0C FA 1D 01 01 
BAT RX 0x318 [8] 0C FB 0C FB 0C FB 0C FB 
BAT RX 0x317 [8] 0C FD 0C FC 0C FC 0C FC 
BAT RX 0x316 [8] 0C FB 0C FA 0C FA 0C FA 
BAT RX 0x315 [8] 0C FD 0C FC 0C FC 0C FC 
BAT RX 0x314 [8] 40 06 5B 04 00 03 05 41 
BAT RX 0x313 [8] 14 C8 00 00 00 DF 46 63 
BAT RX 0x312 [8] 00 00 00 00 02 00 00 00 
BAT RX 0x311 [8] 02 38 00 00 00 00 01 00 
BAT RX 0x330 [8] 01 0E 01 01 0C FD 0C FA 
BAT RX 0x329 [8] 02 00 19 C0 02 00 40 48 
BAT RX 0x323 [8] 20 0E 10 00 04 00 00 00 
BAT RX 0x324 [8] 02 42 42 37 00 00 00 00 
BAT RX 0x322 [8] 00 F3 00 CE 03 01 46 46 
BAT RX 0x320 [8] 50 41 C3 85 85 00 00 00 
BAT RX 0x319 [8] 00 0C FD 0C FA 0E 01 01 
BAT RX 0x318 [8] 0C FB 0C FB 0C FB 0C FB 
BAT RX 0x317 [8] 0C FC 0C FC 0C FC 0C FC 
BAT RX 0x316 [8] 0C FB 0C FB 0C FB 0C FB 
BAT RX 0x315 [8] 0C FC 0C FB 0C FB 0C FB 
BAT RX 0x314 [8] 40 06 5B 04 00 01 05 41 
BAT RX 0x313 [8] 14 C8 00 00 00 DF 46 63 
BAT RX 0x312 [8] 00 00 00 00 02 00 00 00 
BAT RX 0x311 [8] 02 38 00 00 00 00 01 00 
[778s] OK V=53.20V I=+0.0A T=22.3C SOC=70% SOH=99% | CVL=56.8V CCL=0.0A DCL=0.0A | chg=0 dis=0 fc1=0 fc2=0 | prot=0000 warn=0000 | packs=2 | inv0x305=no
BAT RX 0x330 [8] 01 0E 01 02 0C FD 0C FA 
BAT RX 0x329 [8] 01 00 22 34 01 00 3F AD 
BAT RX 0x323 [8] 20 0E 10 00 04 00 00 00 
BAT RX 0x324 [8] 00 01 47 50 4A 30 32 31 
BAT RX 0x322 [8] 00 F3 00 CE 03 01 46 46 
BAT RX 0x320 [8] 50 41 C3 85 85 00 00 00 
BAT RX 0x319 [8] 00 0C FD 0C FA 0E 02 01 
BAT RX 0x318 [8] 0C FB 0C FB 0C FB 0C FB 
BAT RX 0x317 [8] 0C FC 0C FC 0C FC 0C FC 
BAT RX 0x316 [8] 0C FB 0C FB 0C FB 0C FA 
BAT RX 0x315 [8] 0C FC 0C FC 0C FB 0C FB 
BAT RX 0x314 [8] 40 06 5B 04 00 02 05 41 
BAT RX 0x313 [8] 14 C8 00 00 00 DF 46 63 
BAT RX 0x312 [8] 00 00 00 00 02 00 00 00 
BAT RX 0x311 [8] 02 38 00 00 00 00 01 00 

---- battery-bus rate stats (VERBOSE_STATS) ----------------------------
  11618 frames, 780 s elapsed
  ID     count   period(ms)  (min-max gap)
  0x324     774   1002 (1-4867)
  0x329     776    998 (1-4866)
  0x330     779    994 (0-4000)
  0x312     774   1000 (1-4867)
  0x313     774   1000 (1-4867)
  0x314     774   1000 (1-4867)
  0x315     774   1000 (1-4867)
  0x316     774   1000 (1-4867)
  0x317     774   1000 (1-4867)
  0x318     774   1000 (1-4867)
  0x319     774   1000 (1-4867)
  0x320     774   1000 (1-4866)
  0x322     774   1000 (0-4867)
  0x311     774   1000 (1-4867)
  0x323     775    999 (1-4866)
--------------------------------------------------------------------------

  TWAI: state=RUNNING  tx_err=0 rx_err=0  tx_failed=0  rx_missed=111 rx_overrun=0  arb_lost=0  bus_err=0
BAT RX 0x330 [8] 01 07 01 01 0C FC 0C FB 
BAT RX 0x329 [8] 02 00 19 C0 02 00 40 48 
BAT RX 0x323 [8] 20 0E 10 00 04 00 00 00 
BAT RX 0x324 [8] 01 39 35 32 32 30 36 32 
BAT RX 0x322 [8] 00 F3 00 CE 03 01 46 46 
BAT RX 0x320 [8] 50 41 C3 85 85 00 00 00 
BAT RX 0x319 [8] 00 0C FC 0C FB 07 01 01 
BAT RX 0x318 [8] 0C FB 0C FB 0C FB 0C FB 
BAT RX 0x317 [8] 0C FC 0C FC 0C FC 0C FC 
BAT RX 0x316 [8] 0C FB 0C FA 0C FA 0C F9 
BAT RX 0x315 [8] 0C FD 0C FC 0C FC 0C FC 
BAT RX 0x314 [8] 40 06 5B 04 00 04 05 41 
BAT RX 0x313 [8] 14 C8 00 00 00 DF 46 63 
BAT RX 0x312 [8] 00 00 00 00 02 00 00 00 
BAT RX 0x311 [8] 02 38 00 00 00 00 01 00 
[780s] OK V=53.20V I=+0.0A T=22.3C SOC=70% SOH=99% | CVL=56.8V CCL=0.0A DCL=0.0A | chg=0 dis=0 fc1=0 fc2=0 | prot=0000 warn=0000 | packs=2 | inv0x305=no
BAT RX 0x330 [8] 01 06 01 03 0C FC 0C FA 
BAT RX 0x329 [8] 01 00 22 34 01 00 3F AD 
BAT RX 0x323 [8] 20 0E 10 00 04 00 00 00 
BAT RX 0x324 [8] 02 43 30 37 00 00 00 00 
BAT RX 0x322 [8] 00 F3 00 CE 03 01 46 46 
BAT RX 0x320 [8] 50 41 C3 85 85 00 00 00 
BAT RX 0x319 [8] 00 0C FC 0C FA 06 03 01 
BAT RX 0x318 [8] 0C FB 0C FB 0C FB 0C FB 
BAT RX 0x317 [8] 0C FC 0C FC 0C FC 0C FC 
BAT RX 0x316 [8] 0C FB 0C FA 0C FA 0C FA 
BAT RX 0x315 [8] 0C FD 0C FC 0C FC 0C FC 
BAT RX 0x314 [8] 40 06 5B 04 00 03 05 41 
BAT RX 0x313 [8] 14 C8 00 00 00 DF 46 63 
BAT RX 0x312 [8] 00 00 00 00 02 00 00 00 
BAT RX 0x311 [8] 02 38 00 00 00 00 01 00 
BAT RX 0x330 [8] 01 10 01 03 0C FD 0C FA 
BAT RX 0x329 [8] 02 00 19 C0 02 00 40 48 
BAT RX 0x323 [8] 20 0E 10 00 04 00 00 00 
BAT RX 0x324 [8] 00 02 47 50 4A 30 32 31 
BAT RX 0x322 [8] 00 F3 00 CE 03 01 46 46 
BAT RX 0x320 [8] 50 41 C3 85 85 00 00 00 
BAT RX 0x319 [8] 00 0C FD 0C FA 10 03 01 
BAT RX 0x318 [8] 0C FB 0C FB 0C FB 0C FB 
BAT RX 0x317 [8] 0C FC 0C FC 0C FC 0C FC 
BAT RX 0x316 [8] 0C FB 0C FA 0C FA 0C FA 
BAT RX 0x315 [8] 0C FD 0C FC 0C FC 0C FC 
BAT RX 0x314 [8] 40 06 5B 04 00 03 05 41 
BAT RX 0x313 [8] 14 C8 00 00 00 DF 46 63 
BAT RX 0x312 [8] 00 00 00 00 02 00 00 00 
BAT RX 0x311 [8] 02 38 00 00 00 00 01 00 
[782s] OK V=53.20V I=+0.0A T=22.3C SOC=70% SOH=99% | CVL=56.8V CCL=0.0A DCL=0.0A | chg=0 dis=0 fc1=0 fc2=0 | prot=0000 warn=0000 | packs=2 | inv0x305=no
BAT RX 0x301 [8] 0B 16 21 2C 37 42 4D 58 
BAT RX 0x301 [8] 0B 16 21 2C 37 42 4D 58 
BAT RX 0x301 [8] 0B 16 21 2C 37 42 4D 58 
BAT RX 0x301 [8] 0B 16 21 2C 37 42 4D 58 
BAT RX 0x330 [8] 01 05 01 02 0C FC 0C FA 
BAT RX 0x329 [8] 01 00 22 34 01 00 3F AD 
BAT RX 0x323 [8] 20 0E 10 00 00 00 00 00 
BAT RX 0x324 [8] 01 39 35 32 32 30 36 32 
BAT RX 0x322 [8] 00 F3 00 CE 03 01 46 46 
BAT RX 0x320 [8] 50 41 C3 85 85 00 00 00 
BAT RX 0x319 [8] 00 0C FC 0C FA 05 02 00 
BAT RX 0x318 [8] 0C FB 0C FB 0C FB 0C FB 
BAT RX 0x317 [8] 0C FC 0C FC 0C FC 0C FC 
BAT RX 0x316 [8] 0C FB 0C FA 0C FA 0C FA 
BAT RX 0x315 [8] 0C FD 0C FC 0C FC 0C FC 
BAT RX 0x314 [8] 40 06 5B 04 00 03 05 41 
BAT RX 0x313 [8] 14 C8 00 00 00 DF 46 63 
BAT RX 0x312 [8] 00 00 00 00 02 00 00 00 
BAT RX 0x311 [8] 02 38 00 00 00 00 01 00 
BAT RX 0x301 [8] 0B 16 21 2C 37 42 4D 58 
BAT RX 0x301 [8] 0B 16 21 2C 37 42 4D 58 
BAT RX 0x330 [8] 01 05 01 03 0C FC 0C FA 
BAT RX 0x329 [8] 02 00 19 C0 02 00 40 48 
BAT RX 0x323 [8] 20 0E 10 00 00 00 00 00 
BAT RX 0x324 [8] 02 42 42 37 00 00 00 00 
BAT RX 0x322 [8] 00 F3 00 CE 03 01 46 46 
BAT RX 0x320 [8] 50 41 C3 85 85 00 00 00 
BAT RX 0x319 [8] 00 0C FC 0C FA 05 03 00 
BAT RX 0x318 [8] 0C FB 0C FB 0C FB 0C FB 
BAT RX 0x317 [8] 0C FC 0C FC 0C FC 0C FC 
BAT RX 0x316 [8] 0C FB 0C FA 0C FA 0C FA 
BAT RX 0x315 [8] 0C FC 0C FC 0C FC 0C FC 
BAT RX 0x314 [8] 40 06 5B 04 00 02 05 41 
BAT RX 0x313 [8] 14 BE 00 00 00 DF 46 63 
BAT RX 0x312 [8] 00 00 00 00 02 00 00 00 
BAT RX 0x311 [8] 02 38 00 00 00 00 01 00 
[784s] OK V=53.10V I=+0.0A T=22.3C SOC=70% SOH=99% | CVL=56.8V CCL=0.0A DCL=0.0A | chg=0 dis=0 fc1=0 fc2=0 | prot=0000 warn=0000 | packs=2 | inv0x305=no
BAT RX 0x301 [8] 0B 16 21 2C 37 42 4D 58 
BAT RX 0x301 [8] 0B 16 21 2C 37 42 4D 58 
BAT RX 0x330 [8] 01 0E 01 01 0C FD 0C FA 
BAT RX 0x329 [8] 01 00 22 34 01 00 3F AD 
BAT RX 0x323 [8] 20 0E 10 00 00 00 00 00 
BAT RX 0x324 [8] 00 01 47 50 4A 30 32 31 
BAT RX 0x322 [8] 00 F3 00 CE 03 01 46 46 
BAT RX 0x320 [8] 50 41 C3 85 85 00 00 00 
BAT RX 0x319 [8] 00 0C FD 0C FA 0E 01 00 
BAT RX 0x318 [8] 0C FB 0C FB 0C FB 0C FB 
BAT RX 0x317 [8] 0C FC 0C FC 0C FC 0C FC 
BAT RX 0x316 [8] 0C FA 0C FA 0C FA 0C FA 
BAT RX 0x315 [8] 0C FC 0C FC 0C FC 0C FC 
BAT RX 0x314 [8] 40 06 5B 04 00 02 05 41 
BAT RX 0x313 [8] 14 BE 00 00 00 DF 46 63 
BAT RX 0x312 [8] 00 00 00 00 02 00 00 00 
BAT RX 0x311 [8] 02 38 01 00 01 00 01 60 
BAT RX 0x301 [8] 0B 16 21 2C 37 42 4D 58 
BAT RX 0x301 [8] 0B 16 21 2C 37 42 4D 58 
BAT RX 0x330 [8] 01 07 01 01 0C FC 0C FA 
BAT RX 0x329 [8] 02 00 19 C0 02 00 40 48 
BAT RX 0x323 [8] 20 0E 10 00 00 00 00 00 
BAT RX 0x324 [8] 01 39 35 32 32 30 36 32 
BAT RX 0x322 [8] 00 F3 00 CE 03 01 46 46 
BAT RX 0x320 [8] 50 41 C3 85 85 00 00 00 
BAT RX 0x319 [8] C0 0C FC 0C FA 07 01 00 
BAT RX 0x318 [8] 0C FB 0C FB 0C FB 0C FB 
BAT RX 0x317 [8] 0C FC 0C FC 0C FC 0C FC 
BAT RX 0x316 [8] 0C FB 0C FA 0C FA 0C FA 
BAT RX 0x315 [8] 0C FC 0C FC 0C FC 0C FC 
BAT RX 0x314 [8] 40 06 5B 04 00 02 05 41 
BAT RX 0x313 [8] 14 BE 00 00 00 DF 46 63 
BAT RX 0x312 [8] 00 00 00 00 02 00 00 00 
BAT RX 0x311 [8] 02 38 01 00 01 00 01 61 
[786s] OK V=53.10V I=+0.0A T=22.3C SOC=70% SOH=99% | CVL=56.8V CCL=25.6A DCL=25.6A | chg=1 dis=1 fc1=0 fc2=0 | prot=0000 warn=0000 | packs=2 | inv0x305=no
BAT RX 0x301 [8] 0B 16 21 2C 37 42 4D 58 
BAT RX 0x301 [8] 0B 16 21 2C 37 42 4D 58 
BAT RX 0x330 [8] 01 06 01 03 0C FC 0C FA 
BAT RX 0x329 [8] 01 00 22 34 01 00 3F AD 
BAT RX 0x323 [8] 20 0E 10 00 00 00 00 00 
BAT RX 0x324 [8] 02 43 30 37 00 00 00 00 
BAT RX 0x322 [8] 00 F3 00 CE 03 01 46 46 
BAT RX 0x320 [8] 50 41 C3 85 85 00 00 00 
BAT RX 0x319 [8] C0 0C FC 0C FA 06 03 00 
BAT RX 0x318 [8] 0C FB 0C FB 0C FB 0C FB 
BAT RX 0x317 [8] 0C FC 0C FC 0C FC 0C FC 
BAT RX 0x316 [8] 0C FB 0C FB 0C FA 0C FA 
BAT RX 0x315 [8] 0C FC 0C FC 0C FC 0C FC 
BAT RX 0x314 [8] 40 06 5B 04 00 02 05 41 
BAT RX 0x313 [8] 14 BE 00 00 00 DF 46 63 
BAT RX 0x312 [8] 00 00 00 00 02 00 00 00 
BAT RX 0x311 [8] 02 38 01 00 01 00 01 61 
BAT RX 0x301 [8] 0B 16 21 2C 37 42 4D 58 
BAT RX 0x301 [8] 0B 16 21 2C 37 42 4D 58 
BAT RX 0x330 [8] 01 08 01 01 0C FC 0C FA 
BAT RX 0x329 [8] 02 00 19 C0 02 00 40 48 
BAT RX 0x323 [8] 20 0E 10 00 00 00 00 00 
BAT RX 0x324 [8] 00 02 47 50 4A 30 32 31 
BAT RX 0x322 [8] 00 F3 00 CE 03 01 46 46 
BAT RX 0x320 [8] 50 41 C3 85 85 00 00 00 
BAT RX 0x319 [8] C0 0C FC 0C FA 08 01 00 
BAT RX 0x318 [8] 0C FB 0C FB 0C FB 0C FB 
BAT RX 0x317 [8] 0C FC 0C FC 0C FC 0C FC 
BAT RX 0x316 [8] 0C FB 0C FA 0C FA 0C FA 
BAT RX 0x315 [8] 0C FC 0C FC 0C FC 0C FC 
BAT RX 0x314 [8] 40 06 5B 04 00 02 05 41 
BAT RX 0x313 [8] 14 BE 00 00 00 DF 46 63 
BAT RX 0x312 [8] 00 00 00 00 02 00 00 00 
BAT RX 0x311 [8] 02 38 01 00 01 00 01 61 
[788s] OK V=53.10V I=+0.0A T=22.3C SOC=70% SOH=99% | CVL=56.8V CCL=25.6A DCL=25.6A | chg=1 dis=1 fc1=0 fc2=0 | prot=0000 warn=0000 | packs=2 | inv0x305=no
BAT RX 0x301 [8] 0B 16 21 2C 37 42 4D 58 
BAT RX 0x301 [8] 0B 16 21 2C 37 42 4D 58 
BAT RX 0x330 [8] 01 06 01 03 0C FC 0C FA 
BAT RX 0x329 [8] 01 00 22 34 01 00 3F AD 
BAT RX 0x323 [8] 20 0E 10 00 00 00 00 00 
BAT RX 0x324 [8] 01 39 35 32 32 30 36 32 
BAT RX 0x322 [8] 00 F3 00 CE 03 01 46 46 
BAT RX 0x320 [8] 50 41 C3 85 85 00 00 00 
BAT RX 0x319 [8] C0 0C FC 0C FA 06 03 00 
BAT RX 0x318 [8] 0C FB 0C FB 0C FB 0C FB 
BAT RX 0x317 [8] 0C FC 0C FC 0C FC 0C FC 
BAT RX 0x316 [8] 0C FA 0C FA 0C FA 0C FA 
BAT RX 0x315 [8] 0C FC 0C FC 0C FC 0C FC 
BAT RX 0x314 [8] 40 06 5B 04 00 02 05 41 
BAT RX 0x313 [8] 14 BE 00 00 00 DF 46 63 
BAT RX 0x312 [8] 00 00 00 00 02 00 00 00 
BAT RX 0x311 [8] 02 38 01 00 01 00 01 61 
BAT RX 0x301 [8] 0B 16 21 2C 37 42 4D 58 
BAT RX 0x301 [8] 0B 16 21 2C 37 42 4D 58 
BAT RX 0x330 [8] 01 09 01 01 0C FC 0C FA 
BAT RX 0x329 [8] 02 00 19 C0 02 00 40 48 
BAT RX 0x323 [8] 20 0E 10 00 00 00 00 00 
BAT RX 0x324 [8] 02 42 42 37 00 00 00 00 
BAT RX 0x322 [8] 00 F3 00 CE 03 01 46 46 
BAT RX 0x320 [8] 50 41 C3 85 85 00 00 00 
BAT RX 0x319 [8] C0 0C FC 0C FA 09 01 00 
BAT RX 0x318 [8] 0C FB 0C FB 0C FB 0C FB 
BAT RX 0x317 [8] 0C FC 0C FC 0C FC 0C FC 
BAT RX 0x316 [8] 0C FB 0C FA 0C FA 0C FA 
BAT RX 0x315 [8] 0C FD 0C FC 0C FC 0C FC 
BAT RX 0x314 [8] 40 06 5B 04 00 03 05 41 
BAT RX 0x313 [8] 14 BE 00 00 00 DF 46 63 
BAT RX 0x312 [8] 00 00 00 00 02 00 00 00 
BAT RX 0x311 [8] 02 38 01 00 01 00 01 61 
[790s] OK V=53.10V I=+0.0A T=22.3C SOC=70% SOH=99% | CVL=56.8V CCL=25.6A DCL=25.6A | chg=1 dis=1 fc1=0 fc2=0 | prot=0000 warn=0000 | packs=2 | inv0x305=no
BAT RX 0x301 [8] 0B 16 21 2C 37 42 4D 58 
BAT RX 0x301 [8] 0B 16 21 2C 37 42 4D 58 
BAT RX 0x330 [8] 02 0D 01 03 0C FD 0C FA 
BAT RX 0x329 [8] 01 00 22 34 01 00 3F AD 
BAT RX 0x323 [8] 20 0E 10 00 00 00 00 00 
BAT RX 0x324 [8] 00 01 47 50 4A 30 32 31 
BAT RX 0x322 [8] 00 F3 00 CE 03 01 46 46 
BAT RX 0x320 [8] 50 41 C3 85 85 00 00 00 
BAT RX 0x319 [8] C0 0C FD 0C FA 1D 03 00 
BAT RX 0x318 [8] 0C FB 0C FB 0C FB 0C FB 
BAT RX 0x317 [8] 0C FD 0C FC 0C FC 0C FC 
BAT RX 0x316 [8] 0C FB 0C FB 0C FB 0C FA 
BAT RX 0x315 [8] 0C FC 0C FC 0C FC 0C FC 
BAT RX 0x314 [8] 40 06 5B 04 00 02 05 41 
BAT RX 0x313 [8] 14 BE 00 00 00 DF 46 63 
BAT RX 0x312 [8] 00 00 00 00 02 00 00 00 
BAT RX 0x311 [8] 02 38 01 00 01 00 01 61 
BAT RX 0x301 [8] 0B 16 21 2C 37 42 4D 58 
BAT RX 0x301 [8] 0B 16 21 2C 37 42 4D 58 
BAT RX 0x330 [8] 01 07 01 04 0C FC 0C FA 
BAT RX 0x329 [8] 02 00 19 C0 02 00 40 48 
BAT RX 0x323 [8] 20 0E 10 00 00 00 00 00 
BAT RX 0x324 [8] 01 39 35 32 32 30 36 32 
BAT RX 0x322 [8] 00 F3 00 CE 03 01 46 46 
BAT RX 0x320 [8] 50 41 C3 85 85 00 00 00 
BAT RX 0x319 [8] C0 0C FC 0C FA 07 04 00 
BAT RX 0x318 [8] 0C FB 0C FB 0C FB 0C FA 
BAT RX 0x317 [8] 0C FC 0C FC 0C FC 0C FC 
BAT RX 0x316 [8] 0C FB 0C FB 0C FB 0C FB 
BAT RX 0x315 [8] 0C FC 0C FC 0C FC 0C FC 
BAT RX 0x314 [8] 40 06 5B 04 00 02 05 41 
BAT RX 0x313 [8] 14 BE 00 00 00 DF 46 63 
BAT RX 0x312 [8] 00 00 00 00 02 00 00 00 
BAT RX 0x311 [8] 02 38 01 00 01 00 01 61 
[792s] OK V=53.10V I=+0.0A T=22.3C SOC=70% SOH=99% | CVL=56.8V CCL=25.6A DCL=25.6A | chg=1 dis=1 fc1=0 fc2=0 | prot=0000 warn=0000 | packs=2 | inv0x305=no
BAT RX 0x301 [8] 0B 16 21 2C 37 42 4D 58 
BAT RX 0x301 [8] 0B 16 21 2C 37 42 4D 58 
BAT RX 0x330 [8] 01 05 01 03 0C FC 0C FA 
BAT RX 0x329 [8] 01 00 22 34 01 00 3F AD 
BAT RX 0x323 [8] 20 0E 10 00 00 00 00 00 
BAT RX 0x324 [8] 02 43 30 37 00 00 00 00 
BAT RX 0x322 [8] 00 F3 00 CE 03 01 46 46 
BAT RX 0x320 [8] 50 41 C3 85 85 00 00 00 
BAT RX 0x319 [8] C0 0C FC 0C FA 05 03 00 
BAT RX 0x318 [8] 0C FB 0C FB 0C FB 0C FB 
BAT RX 0x317 [8] 0C FC 0C FC 0C FC 0C FC 
BAT RX 0x316 [8] 0C FB 0C FA 0C FA 0C FA 
BAT RX 0x315 [8] 0C FC 0C FC 0C FC 0C FC 
BAT RX 0x314 [8] 40 06 5B 04 00 02 05 41 
BAT RX 0x313 [8] 14 BE 00 00 00 DF 46 63 
BAT RX 0x312 [8] 00 00 00 00 02 00 00 00 
BAT RX 0x311 [8] 02 38 01 00 01 00 01 61 
BAT RX 0x301 [8] 0B 16 21 2C 37 42 4D 58 
BAT RX 0x301 [8] 0B 16 21 2C 37 42 4D 58 
BAT RX 0x330 [8] 01 08 01 01 0C FC 0C FA 
BAT RX 0x329 [8] 02 00 19 C0 02 00 40 48 
BAT RX 0x323 [8] 20 0E 10 00 00 00 00 00 
BAT RX 0x324 [8] 00 02 47 50 4A 30 32 31 
BAT RX 0x322 [8] 00 F3 00 CE 03 01 46 46 
BAT RX 0x320 [8] 50 41 C3 85 85 00 00 00 
BAT RX 0x319 [8] C0 0C FC 0C FA 08 01 00 
BAT RX 0x318 [8] 0C FB 0C FB 0C FB 0C FB 
BAT RX 0x317 [8] 0C FC 0C FC 0C FC 0C FC 
BAT RX 0x316 [8] 0C FB 0C FB 0C FB 0C FA 
BAT RX 0x315 [8] 0C FC 0C FC 0C FB 0C FB 
BAT RX 0x314 [8] 40 06 5B 04 00 02 05 41 
BAT RX 0x313 [8] 14 BE 00 00 00 DF 46 63 
BAT RX 0x312 [8] 00 00 00 00 02 00 00 00 
BAT RX 0x311 [8] 02 38 01 00 01 00 01 61 
[794s] OK V=53.10V I=+0.0A T=22.3C SOC=70% SOH=99% | CVL=56.8V CCL=25.6A DCL=25.6A | chg=1 dis=1 fc1=0 fc2=0 | prot=0000 warn=0000 | packs=2 | inv0x305=no

---- battery-bus rate stats (VERBOSE_STATS) ----------------------------
  11869 frames, 795 s elapsed
  ID     count   period(ms)  (min-max gap)
  0x324     789   1002 (1-4867)
  0x329     791    998 (1-4866)
  0x330     794    994 (0-4000)
  0x312     789   1000 (1-4867)
  0x313     789   1000 (1-4867)
  0x314     789   1000 (1-4867)
  0x315     789   1000 (1-4867)
  0x316     789   1000 (1-4867)
  0x317     789   1000 (1-4867)
  0x318     789   1000 (1-4867)
  0x319     789   1000 (1-4867)
  0x320     789   1000 (1-4866)
  0x322     789   1000 (0-4867)
  0x311     789   1000 (1-4867)
  0x323     790    999 (1-4866)
  0x301      26    448 (0-500)
--------------------------------------------------------------------------

  TWAI: state=RUNNING  tx_err=0 rx_err=0  tx_failed=0  rx_missed=111 rx_overrun=0  arb_lost=0  bus_err=17
BAT RX 0x301 [8] 0B 16 21 2C 37 42 4D 58 
BAT RX 0x301 [8] 0B 16 21 2C 37 42 4D 58 
BAT RX 0x330 [8] 01 0F 01 02 0C FD 0C FA 
BAT RX 0x329 [8] 01 00 22 34 01 00 3F AD 
BAT RX 0x323 [8] 20 0E 10 00 00 00 00 00 
BAT RX 0x324 [8] 01 39 35 32 32 30 36 32 
BAT RX 0x322 [8] 00 F3 00 CE 03 01 46 46 
BAT RX 0x320 [8] 50 41 C3 85 85 00 00 00 
BAT RX 0x319 [8] C0 0C FD 0C FA 0F 02 00 
BAT RX 0x318 [8] 0C FB 0C FB 0C FB 0C FA 
BAT RX 0x317 [8] 0C FC 0C FC 0C FC 0C FC 
BAT RX 0x316 [8] 0C FA 0C FA 0C FA 0C FA 
BAT RX 0x315 [8] 0C FD 0C FC 0C FC 0C FC 
BAT RX 0x314 [8] 40 06 5B 04 00 03 05 41 
BAT RX 0x313 [8] 14 BE 00 00 00 DF 46 63 
BAT RX 0x312 [8] 00 00 00 00 02 00 00 00 
BAT RX 0x311 [8] 02 38 01 00 01 00 01 61 
BAT RX 0x301 [8] 0B 16 21 2C 37 42 4D 58 
BAT RX 0x301 [8] 0B 16 21 2C 37 42 4D 58 
BAT RX 0x330 [8] 01 07 01 06 0C FC 0C FA 
BAT RX 0x329 [8] 02 00 19 C0 02 00 40 48 
BAT RX 0x323 [8] 20 0E 10 00 00 00 00 00 
BAT RX 0x324 [8] 02 42 42 37 00 00 00 00 
BAT RX 0x322 [8] 00 F3 00 CE 03 01 46 46 
BAT RX 0x320 [8] 50 41 C3 85 85 00 00 00 
BAT RX 0x319 [8] C0 0C FC 0C FA 07 06 00 
BAT RX 0x318 [8] 0C FB 0C FB 0C FB 0C FB 
BAT RX 0x317 [8] 0C FC 0C FC 0C FC 0C FC 
BAT RX 0x316 [8] 0C FB 0C FB 0C FB 0C FA 
BAT RX 0x315 [8] 0C FC 0C FC 0C FC 0C FC 
BAT RX 0x314 [8] 40 06 5B 04 00 02 05 41 
BAT RX 0x313 [8] 14 BE 00 00 00 DF 46 63 
BAT RX 0x312 [8] 00 00 00 00 02 00 00 00 
BAT RX 0x311 [8] 02 38 01 00 01 00 01 61 
[796s] OK V=53.10V I=+0.0A T=22.3C SOC=70% SOH=99% | CVL=56.8V CCL=25.6A DCL=25.6A | chg=1 dis=1 fc1=0 fc2=0 | prot=0000 warn=0000 | packs=2 | inv0x305=no
BAT RX 0x301 [8] 0B 16 21 2C 37 42 4D 58 
BAT RX 0x301 [8] 0B 16 21 2C 37 42 4D 58 
BAT RX 0x330 [8] 01 07 01 01 0C FC 0C FA 
BAT RX 0x329 [8] 01 00 22 34 01 00 3F AD 
BAT RX 0x323 [8] 20 0E 10 00 00 00 00 00 
BAT RX 0x324 [8] 00 01 47 50 4A 30 32 31 
BAT RX 0x322 [8] 00 F3 00 CE 03 01 46 46 
BAT RX 0x320 [8] 50 41 C3 85 85 00 00 00 
BAT RX 0x319 [8] C0 0C FC 0C FA 07 01 00 
BAT RX 0x318 [8] 0C FB 0C FB 0C FB 0C FB 
BAT RX 0x317 [8] 0C FC 0C FC 0C FC 0C FC 
BAT RX 0x316 [8] 0C FA 0C FA 0C FA 0C FA 
BAT RX 0x315 [8] 0C FC 0C FC 0C FC 0C FC 
BAT RX 0x314 [8] 40 06 5B 04 00 02 05 41 
BAT RX 0x313 [8] 14 BE 00 00 00 DF 46 63 
BAT RX 0x312 [8] 00 00 00 00 02 00 00 00 
BAT RX 0x311 [8] 02 38 01 00 01 00 01 61 
BAT RX 0x301 [8] 0B 16 21 2C 37 42 4D 58 
BAT RX 0x301 [8] 0B 16 21 2C 37 42 4D 58 
BAT RX 0x330 [8] 01 05 01 02 0C FC 0C FA 
BAT RX 0x329 [8] 02 00 19 C0 02 00 40 48 
BAT RX 0x323 [8] 20 0E 10 00 00 00 00 00 
BAT RX 0x324 [8] 01 39 35 32 32 30 36 32 
BAT RX 0x322 [8] 00 F3 00 CE 03 01 46 46 
BAT RX 0x320 [8] 50 41 C3 85 85 00 00 00 
BAT RX 0x319 [8] C0 0C FC 0C FA 05 02 00 
BAT RX 0x318 [8] 0C FB 0C FB 0C FB 0C FB 
BAT RX 0x317 [8] 0C FC 0C FC 0C FC 0C FC 
BAT RX 0x316 [8] 0C FB 0C FA 0C FA 0C FA 
BAT RX 0x315 [8] 0C FC 0C FC 0C FC 0C FC 
BAT RX 0x314 [8] 40 06 5B 04 00 02 05 41 
BAT RX 0x313 [8] 14 BE 00 00 00 DF 46 63 
BAT RX 0x312 [8] 00 00 00 00 02 00 00 00 
BAT RX 0x311 [8] 02 38 01 00 01 00 01 61 
[798s] OK V=53.10V I=+0.0A T=22.3C SOC=70% SOH=99% | CVL=56.8V CCL=25.6A DCL=25.6A | chg=1 dis=1 fc1=0 fc2=0 | prot=0000 warn=0000 | packs=2 | inv0x305=no
BAT RX 0x301 [8] 0B 16 21 2C 37 42 4D 58 
BAT RX 0x301 [8] 0B 16 21 2C 37 42 4D 58 
BAT RX 0x330 [8] 01 10 01 03 0C FD 0C FA 
BAT RX 0x329 [8] 01 00 22 34 01 00 3F AD 
BAT RX 0x323 [8] 20 0E 10 00 00 00 00 00 
BAT RX 0x324 [8] 02 43 30 37 00 00 00 00 
BAT RX 0x322 [8] 00 F3 00 CE 03 01 46 46 
BAT RX 0x320 [8] 50 41 C3 85 85 00 00 00 
BAT RX 0x319 [8] C0 0C FD 0C FA 10 03 00 
BAT RX 0x318 [8] 0C FB 0C FB 0C FB 0C FB 
BAT RX 0x317 [8] 0C FC 0C FC 0C FC 0C FC 
BAT RX 0x316 [8] 0C FA 0C FA 0C FA 0C FA 
BAT RX 0x315 [8] 0C FD 0C FC 0C FC 0C FC 
BAT RX 0x314 [8] 40 06 5B 04 00 03 05 41 
BAT RX 0x313 [8] 14 BE 00 00 00 DF 46 63 
BAT RX 0x312 [8] 00 00 00 00 02 00 00 00 
BAT RX 0x311 [8] 02 38 01 00 01 00 01 61 
BAT RX 0x301 [8] 0B 16 21 2C 37 42 4D 58 
BAT RX 0x301 [8] 0B 16 21 2C 37 42 4D 58 
BAT RX 0x330 [8] 01 0F 01 03 0C FD 0C FA 
BAT RX 0x329 [8] 02 00 19 C0 02 00 40 48 
BAT RX 0x323 [8] 20 0E 10 00 00 00 00 00 
BAT RX 0x324 [8] 00 02 47 50 4A 30 32 31 
BAT RX 0x322 [8] 00 F3 00 CE 03 01 46 46 
BAT RX 0x320 [8] 50 41 C3 85 85 00 00 00 
BAT RX 0x319 [8] C0 0C FD 0C FA 0F 03 00 
BAT RX 0x318 [8] 0C FB 0C FB 0C FB 0C FB 
BAT RX 0x317 [8] 0C FC 0C FC 0C FC 0C FC 
BAT RX 0x316 [8] 0C FA 0C FA 0C FA 0C FA 
BAT RX 0x315 [8] 0C FC 0C FC 0C FC 0C FC 
BAT RX 0x314 [8] 40 06 5B 04 00 02 05 41 
BAT RX 0x313 [8] 14 BE 00 00 00 DF 46 63 
BAT RX 0x312 [8] 00 00 00 00 02 00 00 00 
BAT RX 0x311 [8] 02 38 01 00 01 00 01 61 
[800s] OK V=53.10V I=+0.0A T=22.3C SOC=70% SOH=99% | CVL=56.8V CCL=25.6A DCL=25.6A | chg=1 dis=1 fc1=0 fc2=0 | prot=0000 warn=0000 | packs=2 | inv0x305=no
BAT RX 0x301 [8] 0B 16 21 2C 37 42 4D 58 
BAT RX 0x301 [8] 0B 16 21 2C 37 42 4D 58 
BAT RX 0x330 [8] 01 0D 01 01 0C FC 0C FA 
BAT RX 0x329 [8] 01 00 22 34 01 00 3F AD 
BAT RX 0x323 [8] 20 0E 10 00 00 00 00 00 
BAT RX 0x324 [8] 01 39 35 32 32 30 36 32 
BAT RX 0x322 [8] 00 F3 00 CE 03 01 46 46 
BAT RX 0x320 [8] 50 41 C3 85 85 00 00 00 
BAT RX 0x319 [8] C0 0C FC 0C FA 0D 01 00 
BAT RX 0x318 [8] 0C FB 0C FB 0C FB 0C FB 
BAT RX 0x317 [8] 0C FC 0C FC 0C FC 0C FC 
BAT RX 0x316 [8] 0C FB 0C FA 0C FA 0C FA 
BAT RX 0x315 [8] 0C FC 0C FC 0C FC 0C FC 
BAT RX 0x314 [8] 40 06 5B 04 00 02 05 41 
BAT RX 0x313 [8] 14 BE 00 00 00 DF 46 63 
BAT RX 0x312 [8] 00 00 00 00 02 00 00 00 
BAT RX 0x311 [8] 02 38 01 00 01 00 01 61 
BAT RX 0x301 [8] 0B 16 21 2C 37 42 4D 58 
BAT RX 0x301 [8] 0B 16 21 2C 37 42 4D 58 
BAT RX 0x330 [8] 01 0E 01 01 0C FD 0C FA 
BAT RX 0x329 [8] 02 00 19 C0 02 00 40 48 
BAT RX 0x323 [8] 20 0E 10 00 00 00 00 00 
BAT RX 0x324 [8] 02 42 42 37 00 00 00 00 
BAT RX 0x322 [8] 00 F3 00 CE 03 01 46 46 
BAT RX 0x320 [8] 50 41 C3 85 85 00 00 00 
BAT RX 0x319 [8] C0 0C FD 0C FA 0E 01 00 
BAT RX 0x318 [8] 0C FB 0C FB 0C FB 0C FA 
BAT RX 0x317 [8] 0C FC 0C FC 0C FC 0C FC 
BAT RX 0x316 [8] 0C FB 0C FA 0C FA 0C FA 
BAT RX 0x315 [8] 0C FD 0C FC 0C FC 0C FC 
BAT RX 0x314 [8] 40 06 5B 04 00 03 05 41 
BAT RX 0x313 [8] 14 BE 00 00 00 DF 46 63 
BAT RX 0x312 [8] 00 00 00 00 02 00 00 00 
BAT RX 0x311 [8] 02 38 01 00 01 00 01 61 
[802s] OK V=53.10V I=+0.0A T=22.3C SOC=70% SOH=99% | CVL=56.8V CCL=25.6A DCL=25.6A | chg=1 dis=1 fc1=0 fc2=0 | prot=0000 warn=0000 | packs=2 | inv0x305=no
BAT RX 0x301 [8] 0B 16 21 2C 37 42 4D 58 
BAT RX 0x301 [8] 0B 16 21 2C 37 42 4D 58 
BAT RX 0x330 [8] 01 06 01 03 0C FC 0C FA 
BAT RX 0x329 [8] 01 00 22 34 01 00 3F AD 
BAT RX 0x323 [8] 20 0E 10 00 00 00 00 00 
BAT RX 0x324 [8] 00 01 47 50 4A 30 32 31 
BAT RX 0x322 [8] 00 F3 00 CE 03 01 46 46 
BAT RX 0x320 [8] 50 41 C3 85 85 00 00 00 
BAT RX 0x319 [8] C0 0C FC 0C FA 06 03 00 
BAT RX 0x318 [8] 0C FB 0C FB 0C FB 0C FA 
BAT RX 0x317 [8] 0C FC 0C FC 0C FC 0C FB 
BAT RX 0x316 [8] 0C FA 0C FA 0C FA 0C FA 
BAT RX 0x315 [8] 0C FB 0C FB 0C FB 0C FB 
BAT RX 0x314 [8] 40 06 5B 04 00 02 05 41 
BAT RX 0x313 [8] 14 BE FF FC 00 DF 46 63 
BAT RX 0x312 [8] 00 00 00 00 02 00 00 00 
BAT RX 0x311 [8] 02 38 01 00 01 00 01 61 
BAT RX 0x301 [8] 0B 16 21 2C 37 42 4D 58 
BAT RX 0x301 [8] 0B 16 21 2C 37 42 4D 58 
BAT RX 0x330 [8] 01 0F 01 03 0C FC 0C F9 
BAT RX 0x329 [8] 02 00 19 C0 02 00 40 48 
BAT RX 0x323 [8] 20 0E 10 00 00 00 00 00 
BAT RX 0x324 [8] 01 39 35 32 32 30 36 32 
BAT RX 0x322 [8] 00 F3 00 CE 03 01 46 46 
BAT RX 0x320 [8] 50 41 C3 85 85 00 00 00 
BAT RX 0x319 [8] C0 0C FC 0C F9 0F 03 00 
BAT RX 0x318 [8] 0C FA 0C FA 0C FA 0C FA 
BAT RX 0x317 [8] 0C FB 0C FB 0C FB 0C FB 
BAT RX 0x316 [8] 0C FA 0C FA 0C FA 0C F9 
BAT RX 0x315 [8] 0C FC 0C FB 0C FB 0C FB 
BAT RX 0x314 [8] 40 06 5B 04 00 03 05 41 
BAT RX 0x313 [8] 14 BE FF EF 00 DF 46 63 
BAT RX 0x312 [8] 00 00 00 00 02 00 00 00 
BAT RX 0x311 [8] 02 38 01 00 01 00 01 61 
[804s] OK V=53.10V I=-1.7A T=22.3C SOC=70% SOH=99% | CVL=56.8V CCL=25.6A DCL=25.6A | chg=1 dis=1 fc1=0 fc2=0 | prot=0000 warn=0000 | packs=2 | inv0x305=no
BAT RX 0x301 [8] 0B 16 21 2C 37 42 4D 58 
BAT RX 0x301 [8] 0B 16 21 2C 37 42 4D 58 
BAT RX 0x330 [8] 01 07 01 01 0C FC 0C FA 
BAT RX 0x329 [8] 01 00 22 34 01 00 3F AD 
BAT RX 0x323 [8] 20 0E 10 00 00 00 00 00 
BAT RX 0x324 [8] 02 43 30 37 00 00 00 00 
BAT RX 0x322 [8] 00 F3 00 CE 03 01 46 46 
BAT RX 0x320 [8] 50 41 C3 85 85 00 00 00 
BAT RX 0x319 [8] C0 0C FC 0C FA 07 01 00 
BAT RX 0x318 [8] 0C FB 0C FB 0C FB 0C FB 
BAT RX 0x317 [8] 0C FC 0C FC 0C FB 0C FB 
BAT RX 0x316 [8] 0C FB 0C FB 0C FA 0C FA 
BAT RX 0x315 [8] 0C FC 0C FC 0C FC 0C FC 
BAT RX 0x314 [8] 40 06 5B 04 00 02 05 41 
BAT RX 0x313 [8] 14 BE 00 00 00 DF 46 63 
BAT RX 0x312 [8] 00 00 00 00 02 00 00 00 
BAT RX 0x311 [8] 02 38 01 00 01 00 01 61 
BAT RX 0x301 [8] 0B 16 21 2C 37 42 4D 58 
BAT RX 0x301 [8] 0B 16 21 2C 37 42 4D 58 
BAT RX 0x330 [8] 01 0B 01 03 0C FC 0C FA 
BAT RX 0x329 [8] 02 00 19 C0 02 00 40 48 
BAT RX 0x323 [8] 20 0E 10 00 00 00 00 00 
BAT RX 0x324 [8] 00 02 47 50 4A 30 32 31 
BAT RX 0x322 [8] 00 F3 00 CE 03 01 46 46 
BAT RX 0x320 [8] 50 41 C3 85 85 00 00 00 
BAT RX 0x319 [8] C0 0C FC 0C FA 0B 03 00 
BAT RX 0x318 [8] 0C FB 0C FB 0C FB 0C FA 
BAT RX 0x317 [8] 0C FC 0C FC 0C FC 0C FC 
BAT RX 0x316 [8] 0C FB 0C FA 0C FA 0C FA 
BAT RX 0x315 [8] 0C FC 0C FC 0C FC 0C FC 
BAT RX 0x314 [8] 40 06 5B 04 00 02 05 41 
BAT RX 0x313 [8] 14 BE 00 00 00 DF 46 63 
BAT RX 0x312 [8] 00 00 00 00 02 00 00 00 
BAT RX 0x311 [8] 02 38 08 24 08 24 01 61 
[806s] OK V=53.10V I=+0.0A T=22.3C SOC=70% SOH=99% | CVL=56.8V CCL=208.4A DCL=208.4A | chg=1 dis=1 fc1=0 fc2=0 | prot=0000 warn=0000 | packs=2 | inv0x305=no
BAT RX 0x301 [8] 0B 16 21 2C 37 42 4D 58 
BAT RX 0x301 [8] 0B 16 21 2C 37 42 4D 58 
BAT RX 0x330 [8] 01 04 01 01 0C FC 0C FA 
BAT RX 0x329 [8] 01 00 22 34 01 00 3F AD 
BAT RX 0x323 [8] 20 0E 10 00 00 00 00 00 
BAT RX 0x324 [8] 01 39 35 32 32 30 36 32 
BAT RX 0x322 [8] 00 F3 00 CE 03 01 46 46 
BAT RX 0x320 [8] 50 41 C3 85 85 00 00 00 
BAT RX 0x319 [8] C0 0C FC 0C FA 04 01 00 
BAT RX 0x318 [8] 0C FB 0C FB 0C FB 0C FB 
BAT RX 0x317 [8] 0C FC 0C FC 0C FC 0C FC 
BAT RX 0x316 [8] 0C FA 0C FA 0C FA 0C FA 
BAT RX 0x315 [8] 0C FD 0C FD 0C FC 0C FC 
BAT RX 0x314 [8] 40 06 5B 04 00 03 05 41 
BAT RX 0x313 [8] 14 BE 00 00 00 DF 46 63 
BAT RX 0x312 [8] 00 00 00 00 02 00 00 00 
BAT RX 0x311 [8] 02 38 08 24 08 24 01 61 
BAT RX 0x301 [8] 0B 16 21 2C 37 42 4D 58 
BAT RX 0x301 [8] 0B 16 21 2C 37 42 4D 58 
BAT RX 0x330 [8] 01 05 01 08 0C FC 0C F9 
BAT RX 0x329 [8] 02 00 19 C0 02 00 40 48 
BAT RX 0x323 [8] 20 0E 10 00 00 00 00 00 
BAT RX 0x324 [8] 02 42 42 37 00 00 00 00 
BAT RX 0x322 [8] 00 F3 00 CE 03 01 46 46 
BAT RX 0x320 [8] 50 41 C3 85 85 00 00 00 
BAT RX 0x319 [8] C0 0C FC 0C F9 05 08 00 
BAT RX 0x318 [8] 0C FB 0C FB 0C FB 0C FA 
BAT RX 0x317 [8] 0C FC 0C FC 0C FC 0C FB 
BAT RX 0x316 [8] 0C FB 0C FA 0C FA 0C FA 
BAT RX 0x315 [8] 0C FC 0C FC 0C FC 0C FB 
BAT RX 0x314 [8] 40 06 5B 04 00 02 05 41 
BAT RX 0x313 [8] 14 BE 00 00 00 DF 46 63 
BAT RX 0x312 [8] 00 00 00 00 02 00 00 00 
BAT RX 0x311 [8] 02 38 08 24 08 24 01 61 
[808s] OK V=53.10V I=+0.0A T=22.3C SOC=70% SOH=99% | CVL=56.8V CCL=208.4A DCL=208.4A | chg=1 dis=1 fc1=0 fc2=0 | prot=0000 warn=0000 | packs=2 | inv0x305=no
BAT RX 0x301 [8] 0B 16 21 2C 37 42 4D 58 
BAT RX 0x301 [8] 0B 16 21 2C 37 42 4D 58 
BAT RX 0x330 [8] 01 07 01 01 0C FC 0C FA 
BAT RX 0x329 [8] 01 00 22 34 01 00 3F AD 
BAT RX 0x323 [8] 20 0E 10 00 00 00 00 00 
BAT RX 0x324 [8] 00 01 47 50 4A 30 32 31 
BAT RX 0x322 [8] 00 F3 00 CE 03 01 46 46 
BAT RX 0x320 [8] 50 41 C3 85 85 00 00 00 
BAT RX 0x319 [8] C0 0C FC 0C FA 07 01 00 
BAT RX 0x318 [8] 0C FB 0C FB 0C FB 0C FA 
BAT RX 0x317 [8] 0C FC 0C FC 0C FB 0C FB 
BAT RX 0x316 [8] 0C FB 0C FA 0C FA 0C FA 
BAT RX 0x315 [8] 0C FD 0C FC 0C FC 0C FB 
BAT RX 0x314 [8] 40 06 5B 04 00 03 05 41 
BAT RX 0x313 [8] 14 BE 00 00 00 DF 46 63 
BAT RX 0x312 [8] 00 00 00 00 02 00 00 00 
BAT RX 0x311 [8] 02 38 08 24 08 24 01 61 

---- battery-bus rate stats (VERBOSE_STATS) ----------------------------
  12124 frames, 810 s elapsed
  ID     count   period(ms)  (min-max gap)
  0x324     804   1002 (1-4867)
  0x329     806    998 (1-4866)
  0x330     809    994 (0-4000)
  0x312     804   1000 (1-4867)
  0x313     804   1000 (1-4867)
  0x314     804   1000 (1-4867)
  0x315     804   1000 (1-4867)
  0x316     804   1000 (1-4867)
  0x317     804   1000 (1-4867)
  0x318     804   1000 (1-4867)
  0x319     804   1000 (1-4867)
  0x320     804   1000 (1-4866)
  0x322     804   1000 (0-4867)
  0x311     804   1000 (1-4867)
  0x323     805    999 (1-4866)
  0x301      56    476 (0-500)
--------------------------------------------------------------------------

  TWAI: state=RUNNING  tx_err=0 rx_err=0  tx_failed=0  rx_missed=111 rx_overrun=0  arb_lost=0  bus_err=17
BAT RX 0x301 [8] 0B 16 21 2C 37 42 4D 58 
BAT RX 0x301 [8] 0B 16 21 2C 37 42 4D 58 
BAT RX 0x330 [8] 01 01 01 03 0C FC 0C FA 
BAT RX 0x329 [8] 02 00 19 C0 02 00 40 48 
BAT RX 0x323 [8] 20 0E 10 00 00 00 00 00 
BAT RX 0x324 [8] 01 39 35 32 32 30 36 32 
BAT RX 0x322 [8] 00 F3 00 CE 03 01 46 46 
BAT RX 0x320 [8] 50 41 C3 85 85 00 00 00 
BAT RX 0x319 [8] C0 0C FC 0C FA 01 03 00 
BAT RX 0x318 [8] 0C FB 0C FB 0C FB 0C FB 
BAT RX 0x317 [8] 0C FC 0C FC 0C FC 0C FC 
BAT RX 0x316 [8] 0C FA 0C FA 0C FA 0C FA 
BAT RX 0x315 [8] 0C FC 0C FC 0C FC 0C FB 
BAT RX 0x314 [8] 40 06 5B 04 00 02 05 41 
BAT RX 0x313 [8] 14 BE 00 00 00 DF 46 63 
BAT RX 0x312 [8] 00 00 00 00 02 00 00 00 
BAT RX 0x311 [8] 02 38 08 24 08 24 01 61 
[810s] OK V=53.10V I=+0.0A T=22.3C SOC=70% SOH=99% | CVL=56.8V CCL=208.4A DCL=208.4A | chg=1 dis=1 fc1=0 fc2=0 | prot=0000 warn=0000 | packs=2 | inv0x305=no
BAT RX 0x301 [8] 0B 16 21 2C 37 42 4D 58 
BAT RX 0x301 [8] 0B 16 21 2C 37 42 4D 58 
BAT RX 0x330 [8] 01 0E 01 01 0C FD 0C FA 
BAT RX 0x329 [8] 01 00 22 34 01 00 3F AD 
BAT RX 0x323 [8] 20 0E 10 00 00 00 00 00 
BAT RX 0x324 [8] 02 43 30 37 00 00 00 00 
BAT RX 0x322 [8] 00 F3 00 CE 03 01 46 46 
BAT RX 0x320 [8] 50 41 C3 85 85 00 00 00 
BAT RX 0x319 [8] C0 0C FD 0C FA 0E 01 00 
BAT RX 0x318 [8] 0C FB 0C FB 0C FB 0C FB 
BAT RX 0x317 [8] 0C FC 0C FC 0C FC 0C FC 
BAT RX 0x316 [8] 0C FB 0C FA 0C FA 0C FA 
BAT RX 0x315 [8] 0C FC 0C FC 0C FC 0C FC 
BAT RX 0x314 [8] 40 06 5B 04 00 02 05 41 
BAT RX 0x313 [8] 14 BE 00 00 00 DF 46 63 
BAT RX 0x312 [8] 00 00 00 00 02 00 00 00 
BAT RX 0x311 [8] 02 38 08 24 08 24 01 61 
BAT RX 0x301 [8] 0B 16 21 2C 37 42 4D 58 
BAT RX 0x301 [8] 0B 16 21 2C 37 42 4D 58 
BAT RX 0x330 [8] 01 09 01 01 0C FC 0C FA 
BAT RX 0x329 [8] 02 00 19 C0 02 00 40 48 
BAT RX 0x323 [8] 20 0E 10 00 00 00 00 00 
BAT RX 0x324 [8] 00 02 47 50 4A 30 32 31 
BAT RX 0x322 [8] 00 F3 00 CE 03 01 46 46 
BAT RX 0x320 [8] 50 41 C3 85 85 00 00 00 
BAT RX 0x319 [8] C0 0C FC 0C FA 09 01 00 
BAT RX 0x318 [8] 0C FB 0C FB 0C FB 0C FA 
BAT RX 0x317 [8] 0C FC 0C FC 0C FC 0C FC 
BAT RX 0x316 [8] 0C FA 0C FA 0C FA 0C FA 
BAT RX 0x315 [8] 0C FC 0C FC 0C FC 0C FC 
BAT RX 0x314 [8] 40 06 5B 04 00 02 05 41 
BAT RX 0x313 [8] 14 BE 00 00 00 DF 46 63 
BAT RX 0x312 [8] 00 00 00 00 02 00 00 00 
BAT RX 0x311 [8] 02 38 08 24 08 24 01 61 
[812s] OK V=53.10V I=+0.0A T=22.3C SOC=70% SOH=99% | CVL=56.8V CCL=208.4A DCL=208.4A | chg=1 dis=1 fc1=0 fc2=0 | prot=0000 warn=0000 | packs=2 | inv0x305=no
BAT RX 0x301 [8] 0B 16 21 2C 37 42 4D 58 
BAT RX 0x301 [8] 0B 16 21 2C 37 42 4D 58 
BAT RX 0x330 [8] 01 07 01 04 0C FC 0C FA 
BAT RX 0x329 [8] 01 00 22 34 01 00 3F AD 
BAT RX 0x323 [8] 20 0E 10 00 00 00 00 00 
BAT RX 0x324 [8] 01 39 35 32 32 30 36 32 
BAT RX 0x322 [8] 00 F3 00 CE 03 01 46 46 
BAT RX 0x320 [8] 50 41 C3 85 85 00 00 00 
BAT RX 0x319 [8] C0 0C FC 0C FA 07 04 00 
BAT RX 0x318 [8] 0C FB 0C FB 0C FB 0C FA 
BAT RX 0x317 [8] 0C FC 0C FC 0C FC 0C FC 
BAT RX 0x316 [8] 0C FA 0C FA 0C FA 0C FA 
BAT RX 0x315 [8] 0C FC 0C FB 0C FB 0C FB 
BAT RX 0x314 [8] 40 06 5B 04 00 02 05 41 
BAT RX 0x313 [8] 14 BE 00 00 00 DF 46 63 
BAT RX 0x312 [8] 00 00 00 00 02 00 00 00 
BAT RX 0x311 [8] 02 38 08 24 08 24 01 61 
BAT RX 0x301 [8] 0B 16 21 2C 37 42 4D 58 
BAT RX 0x301 [8] 0B 16 21 2C 37 42 4D 58 
BAT RX 0x330 [8] 01 09 01 02 0C FC 0C FA 
BAT RX 0x329 [8] 02 00 19 C0 02 00 40 48 
BAT RX 0x323 [8] 20 0E 10 00 00 00 00 00 
BAT RX 0x324 [8] 02 42 42 37 00 00 00 00 
BAT RX 0x322 [8] 00 F3 00 CE 03 01 46 46 
BAT RX 0x320 [8] 50 41 C3 85 85 00 00 00 
BAT RX 0x319 [8] C0 0C FC 0C FA 09 02 00 
BAT RX 0x318 [8] 0C FB 0C FB 0C FB 0C FB 
BAT RX 0x317 [8] 0C FC 0C FC 0C FC 0C FB 
BAT RX 0x316 [8] 0C FA 0C FA 0C FA 0C FA 
BAT RX 0x315 [8] 0C FD 0C FC 0C FC 0C FC 
BAT RX 0x314 [8] 40 06 5B 04 00 03 05 41 
BAT RX 0x313 [8] 14 BE 00 00 00 DF 46 63 
BAT RX 0x312 [8] 00 00 00 00 02 00 00 00 
BAT RX 0x311 [8] 02 38 08 24 08 24 01 61 
[814s] OK V=53.10V I=+0.0A T=22.3C SOC=70% SOH=99% | CVL=56.8V CCL=208.4A DCL=208.4A | chg=1 dis=1 fc1=0 fc2=0 | prot=0000 warn=0000 | packs=2 | inv0x305=no
BAT RX 0x301 [8] 0B 16 21 2C 37 42 4D 58 
BAT RX 0x301 [8] 0B 16 21 2C 37 42 4D 58 
BAT RX 0x330 [8] 01 0F 01 02 0C FD 0C FA 
BAT RX 0x329 [8] 01 00 22 34 01 00 3F AD 
BAT RX 0x323 [8] 20 0E 10 00 00 00 00 00 
BAT RX 0x324 [8] 00 01 47 50 4A 30 32 31 
BAT RX 0x322 [8] 00 F3 00 CE 03 01 46 46 
BAT RX 0x320 [8] 50 41 C3 85 85 00 00 00 
BAT RX 0x319 [8] C0 0C FD 0C FA 0F 02 00 
BAT RX 0x318 [8] 0C FB 0C FB 0C FB 0C FA 
BAT RX 0x317 [8] 0C FC 0C FC 0C FC 0C FC 
BAT RX 0x316 [8] 0C FA 0C FA 0C FA 0C FA 
BAT RX 0x315 [8] 0C FC 0C FC 0C FC 0C FC 
BAT RX 0x314 [8] 40 06 5B 04 00 02 05 41 
BAT RX 0x313 [8] 14 BE 00 00 00 DF 46 63 
BAT RX 0x312 [8] 00 00 00 00 02 00 00 00 
BAT RX 0x311 [8] 02 38 08 24 08 24 01 61 
BAT RX 0x301 [8] 0B 16 21 2C 37 42 4D 58 
BAT RX 0x301 [8] 0B 16 21 2C 37 42 4D 58 
BAT RX 0x330 [8] 01 09 01 01 0C FC 0C FA 
BAT RX 0x329 [8] 02 00 19 C0 02 00 40 48 
BAT RX 0x323 [8] 20 0E 10 00 00 00 00 00 
BAT RX 0x324 [8] 01 39 35 32 32 30 36 32 
BAT RX 0x322 [8] 00 F3 00 CE 03 01 46 46 
BAT RX 0x320 [8] 50 41 C3 85 85 00 00 00 
BAT RX 0x319 [8] C0 0C FC 0C FA 09 01 00 
BAT RX 0x318 [8] 0C FB 0C FB 0C FB 0C FB 
BAT RX 0x317 [8] 0C FC 0C FC 0C FC 0C FC 
BAT RX 0x316 [8] 0C FA 0C FA 0C FA 0C FA 
BAT RX 0x315 [8] 0C FC 0C FC 0C FC 0C FC 
BAT RX 0x314 [8] 40 06 5B 04 00 02 05 41 
BAT RX 0x313 [8] 14 BE 00 00 00 DF 46 63 
BAT RX 0x312 [8] 00 00 00 00 02 00 00 00 
BAT RX 0x311 [8] 02 38 08 24 08 24 01 61 
[816s] OK V=53.10V I=+0.0A T=22.3C SOC=70% SOH=99% | CVL=56.8V CCL=208.4A DCL=208.4A | chg=1 dis=1 fc1=0 fc2=0 | prot=0000 warn=0000 | packs=2 | inv0x305=no
BAT RX 0x301 [8] 0B 16 21 2C 37 42 4D 58 
BAT RX 0x301 [8] 0B 16 21 2C 37 42 4D 58 
BAT RX 0x330 [8] 01 08 01 01 0C FC 0C FA 
BAT RX 0x329 [8] 01 00 22 34 01 00 3F AD 
BAT RX 0x323 [8] 20 0E 10 00 00 00 00 00 
BAT RX 0x324 [8] 02 43 30 37 00 00 00 00 
BAT RX 0x322 [8] 00 F3 00 CE 03 01 46 46 
BAT RX 0x320 [8] 50 41 C3 85 85 00 00 00 
BAT RX 0x319 [8] C0 0C FC 0C FA 08 01 00 
BAT RX 0x318 [8] 0C FB 0C FB 0C FB 0C FA 
BAT RX 0x317 [8] 0C FC 0C FC 0C FC 0C FC 
BAT RX 0x316 [8] 0C FB 0C FB 0C FB 0C FB 
BAT RX 0x315 [8] 0C FC 0C FC 0C FC 0C FC 
BAT RX 0x314 [8] 40 06 5B 04 00 02 05 41 
BAT RX 0x313 [8] 14 BE 00 00 00 DF 46 63 
BAT RX 0x312 [8] 00 00 00 00 02 00 00 00 
BAT RX 0x311 [8] 02 38 08 24 08 24 01 61 
BAT RX 0x301 [8] 0B 16 21 2C 37 42 4D 58 
BAT RX 0x301 [8] 0B 16 21 2C 37 42 4D 58 
BAT RX 0x330 [8] 01 05 01 03 0C FC 0C FA 
BAT RX 0x329 [8] 02 00 19 C0 02 00 40 48 
BAT RX 0x323 [8] 20 0E 10 00 00 00 00 00 
BAT RX 0x324 [8] 00 02 47 50 4A 30 32 31 
BAT RX 0x322 [8] 00 F3 00 CE 03 01 46 46 
BAT RX 0x320 [8] 50 41 C3 85 85 00 00 00 
BAT RX 0x319 [8] C0 0C FC 0C FA 05 03 00 
BAT RX 0x318 [8] 0C FB 0C FB 0C FB 0C FB 
BAT RX 0x317 [8] 0C FC 0C FC 0C FC 0C FB 
BAT RX 0x316 [8] 0C FA 0C FA 0C FA 0C FA 
BAT RX 0x315 [8] 0C FC 0C FC 0C FC 0C FC 
BAT RX 0x314 [8] 40 06 5B 04 00 02 05 41 
BAT RX 0x313 [8] 14 BE 00 00 00 DF 46 63 
BAT RX 0x312 [8] 00 00 00 00 02 00 00 00 
BAT RX 0x311 [8] 02 38 08 24 08 24 01 61 
[818s] OK V=53.10V I=+0.0A T=22.3C SOC=70% SOH=99% | CVL=56.8V CCL=208.4A DCL=208.4A | chg=1 dis=1 fc1=0 fc2=0 | prot=0000 warn=0000 | packs=2 | inv0x305=no
BAT RX 0x301 [8] 0B 16 21 2C 37 42 4D 58 
BAT RX 0x301 [8] 0B 16 21 2C 37 42 4D 58 
BAT RX 0x330 [8] 01 06 01 03 0C FC 0C F9 
BAT RX 0x329 [8] 01 00 22 34 01 00 3F AD 
BAT RX 0x323 [8] 20 0E 10 00 00 00 00 00 
BAT RX 0x324 [8] 01 39 35 32 32 30 36 32 
BAT RX 0x322 [8] 00 F3 00 CE 03 01 46 46 
BAT RX 0x320 [8] 50 41 C3 85 85 00 00 00 
BAT RX 0x319 [8] C0 0C FC 0C F9 06 03 00 
BAT RX 0x318 [8] 0C FB 0C FB 0C FA 0C FA 
BAT RX 0x317 [8] 0C FC 0C FC 0C FC 0C FC 
BAT RX 0x316 [8] 0C FA 0C FA 0C FA 0C FA 
BAT RX 0x315 [8] 0C FC 0C FC 0C FC 0C FC 
BAT RX 0x314 [8] 40 06 5B 04 00 02 05 41 
BAT RX 0x313 [8] 14 BE 00 00 00 DF 46 63 
BAT RX 0x312 [8] 00 00 00 00 02 00 00 00 
BAT RX 0x311 [8] 02 38 08 24 08 24 01 61 
BAT RX 0x301 [8] 0B 16 21 2C 37 42 4D 58 
BAT RX 0x301 [8] 0B 16 21 2C 37 42 4D 58 
BAT RX 0x330 [8] 01 07 01 03 0C FD 0C FA 
BAT RX 0x329 [8] 02 00 19 C0 02 00 40 48 
BAT RX 0x323 [8] 20 0E 10 00 00 00 00 00 
BAT RX 0x324 [8] 02 42 42 37 00 00 00 00 
BAT RX 0x322 [8] 00 F3 00 CE 03 01 46 46 
BAT RX 0x320 [8] 50 41 C3 85 85 00 00 00 
BAT RX 0x319 [8] C0 0C FD 0C FA 07 03 00 
BAT RX 0x318 [8] 0C FB 0C FB 0C FB 0C FB 
BAT RX 0x317 [8] 0C FC 0C FC 0C FC 0C FC 
BAT RX 0x316 [8] 0C FA 0C FA 0C FA 0C FA 
BAT RX 0x315 [8] 0C FD 0C FC 0C FC 0C FC 
BAT RX 0x314 [8] 40 06 5B 04 00 03 05 41 
BAT RX 0x313 [8] 14 BE 00 00 00 DF 46 63 
BAT RX 0x312 [8] 00 00 00 00 02 00 00 00 
BAT RX 0x311 [8] 02 38 08 24 08 24 01 61 
[820s] OK V=53.10V I=+0.0A T=22.3C SOC=70% SOH=99% | CVL=56.8V CCL=208.4A DCL=208.4A | chg=1 dis=1 fc1=0 fc2=0 | prot=0000 warn=0000 | packs=2 | inv0x305=no
BAT RX 0x301 [8] 0B 16 21 2C 37 42 4D 58 
BAT RX 0x301 [8] 0B 16 21 2C 37 42 4D 58 
BAT RX 0x330 [8] 01 10 01 08 0C FD 0C F9 
BAT RX 0x329 [8] 01 00 22 34 01 00 3F AD 
BAT RX 0x323 [8] 20 0E 10 00 00 00 00 00 
BAT RX 0x324 [8] 00 01 47 50 4A 30 32 31 
BAT RX 0x322 [8] 00 F3 00 CE 03 01 46 46 
BAT RX 0x320 [8] 50 41 C3 85 85 00 00 00 
BAT RX 0x319 [8] C0 0C FD 0C F9 10 08 00 
BAT RX 0x318 [8] 0C FB 0C FB 0C FB 0C FB 
BAT RX 0x317 [8] 0C FC 0C FC 0C FC 0C FB 
BAT RX 0x316 [8] 0C FB 0C FB 0C FB 0C FA 
BAT RX 0x315 [8] 0C FC 0C FC 0C FB 0C FB 
BAT RX 0x314 [8] 40 06 5B 04 00 02 05 41 
BAT RX 0x313 [8] 14 BE 00 00 00 DF 46 63 
BAT RX 0x312 [8] 00 00 00 00 02 00 00 00 
BAT RX 0x311 [8] 02 38 08 24 08 24 01 61 
BAT RX 0x301 [8] 0B 16 21 2C 37 42 4D 58 
BAT RX 0x301 [8] 0B 16 21 2C 37 42 4D 58 
BAT RX 0x330 [8] 01 02 01 0A 0C FC 0C F9 
BAT RX 0x329 [8] 02 00 19 C0 02 00 40 48 
BAT RX 0x323 [8] 20 0E 10 00 00 00 00 00 
BAT RX 0x324 [8] 01 39 35 32 32 30 36 32 
BAT RX 0x322 [8] 00 F3 00 CE 03 01 46 46 
BAT RX 0x320 [8] 50 41 C3 85 85 00 00 00 
BAT RX 0x319 [8] C0 0C FC 0C F9 02 0A 00 
BAT RX 0x318 [8] 0C FB 0C FB 0C FB 0C FB 
BAT RX 0x317 [8] 0C FC 0C FC 0C FC 0C FC 
BAT RX 0x316 [8] 0C FA 0C FA 0C FA 0C F9 
BAT RX 0x315 [8] 0C FC 0C FC 0C FC 0C FC 
BAT RX 0x314 [8] 40 06 5B 04 00 03 05 41 
BAT RX 0x313 [8] 14 BE 00 00 00 DF 46 63 
BAT RX 0x312 [8] 00 00 00 00 02 00 00 00 
BAT RX 0x311 [8] 02 38 08 24 08 24 01 61 
[822s] OK V=53.10V I=+0.0A T=22.3C SOC=70% SOH=99% | CVL=56.8V CCL=208.4A DCL=208.4A | chg=1 dis=1 fc1=0 fc2=0 | prot=0000 warn=0000 | packs=2 | inv0x305=no
BAT RX 0x301 [8] 0B 16 21 2C 37 42 4D 58 
BAT RX 0x301 [8] 0B 16 21 2C 37 42 4D 58 
BAT RX 0x330 [8] 01 0D 01 01 0C FD 0C FA 
BAT RX 0x329 [8] 01 00 22 34 01 00 3F AD 
BAT RX 0x323 [8] 20 0E 10 00 00 00 00 00 
BAT RX 0x324 [8] 02 43 30 37 00 00 00 00 
BAT RX 0x322 [8] 00 F3 00 CE 03 01 46 46 
BAT RX 0x320 [8] 50 41 C3 85 85 00 00 00 
BAT RX 0x319 [8] C0 0C FD 0C FA 0D 01 00 
BAT RX 0x318 [8] 0C FB 0C FB 0C FB 0C FB 
BAT RX 0x317 [8] 0C FC 0C FC 0C FC 0C FC 
BAT RX 0x316 [8] 0C FA 0C FA 0C FA 0C FA 
BAT RX 0x315 [8] 0C FC 0C FC 0C FC 0C FC 
BAT RX 0x314 [8] 40 06 5B 04 00 02 05 41 
BAT RX 0x313 [8] 14 BE 00 00 00 DF 46 63 
BAT RX 0x312 [8] 00 00 00 00 02 00 00 00 
BAT RX 0x311 [8] 02 38 08 24 08 24 01 61 
BAT RX 0x301 [8] 0B 16 21 2C 37 42 4D 58 
BAT RX 0x301 [8] 0B 16 21 2C 37 42 4D 58 
BAT RX 0x330 [8] 01 0E 01 01 0C FD 0C FA 
BAT RX 0x329 [8] 02 00 19 C0 02 00 40 48 
BAT RX 0x323 [8] 20 0E 10 00 00 00 00 00 
BAT RX 0x324 [8] 00 02 47 50 4A 30 32 31 
BAT RX 0x322 [8] 00 F3 00 CE 03 01 46 46 
BAT RX 0x320 [8] 50 41 C3 85 85 00 00 00 
BAT RX 0x319 [8] C0 0C FD 0C FA 0E 01 00 
BAT RX 0x318 [8] 0C FB 0C FB 0C FB 0C FA 
BAT RX 0x317 [8] 0C FC 0C FC 0C FC 0C FB 
BAT RX 0x316 [8] 0C FB 0C FA 0C FA 0C F9 
BAT RX 0x315 [8] 0C FC 0C FC 0C FC 0C FC 
BAT RX 0x314 [8] 40 06 5B 04 00 03 05 41 
BAT RX 0x313 [8] 14 BE 00 00 00 DF 46 63 
BAT RX 0x312 [8] 00 00 00 00 02 00 00 00 
BAT RX 0x311 [8] 02 38 08 24 08 24 01 61 
[824s] OK V=53.10V I=+0.0A T=22.3C SOC=70% SOH=99% | CVL=56.8V CCL=208.4A DCL=208.4A | chg=1 dis=1 fc1=0 fc2=0 | prot=0000 warn=0000 | packs=2 | inv0x305=no

---- battery-bus rate stats (VERBOSE_STATS) ----------------------------
  12379 frames, 825 s elapsed
  ID     count   period(ms)  (min-max gap)
  0x324     819   1002 (1-4867)
  0x329     821    998 (1-4866)
  0x330     824    994 (0-4000)
  0x312     819   1000 (1-4867)
  0x313     819   1000 (1-4867)
  0x314     819   1000 (1-4867)
  0x315     819   1000 (1-4867)
  0x316     819   1000 (1-4867)
  0x317     819   1000 (1-4867)
  0x318     819   1000 (1-4867)
  0x319     819   1000 (1-4867)
  0x320     819   1000 (1-4866)
  0x322     819   1000 (0-4867)
  0x311     819   1000 (1-4867)
  0x323     820    999 (1-4866)
  0x301      86    484 (0-500)
--------------------------------------------------------------------------

  TWAI: state=RUNNING  tx_err=0 rx_err=0  tx_failed=0  rx_missed=111 rx_overrun=0  arb_lost=0  bus_err=17
BAT RX 0x301 [8] 0B 16 21 2C 37 42 4D 58 
BAT RX 0x301 [8] 0B 16 21 2C 37 42 4D 58 
BAT RX 0x330 [8] 01 0E 01 03 0C FC 0C FA 
BAT RX 0x329 [8] 01 00 22 34 01 00 3F AD 
BAT RX 0x323 [8] 20 0E 10 00 00 00 00 00 
BAT RX 0x324 [8] 01 39 35 32 32 30 36 32 
BAT RX 0x322 [8] 00 F3 00 CE 03 01 46 46 
BAT RX 0x320 [8] 50 41 C3 85 85 00 00 00 
BAT RX 0x319 [8] C0 0C FC 0C FA 0E 03 00 
BAT RX 0x318 [8] 0C FB 0C FB 0C FB 0C FB 
BAT RX 0x317 [8] 0C FC 0C FC 0C FB 0C FB 
BAT RX 0x316 [8] 0C FA 0C FA 0C FA 0C F9 
BAT RX 0x315 [8] 0C FC 0C FC 0C FC 0C FC 
BAT RX 0x314 [8] 40 06 5B 04 00 03 05 41 
BAT RX 0x313 [8] 14 BE 00 00 00 DF 46 63 
BAT RX 0x312 [8] 00 00 00 00 02 00 00 00 
BAT RX 0x311 [8] 02 38 08 24 08 24 01 61 
BAT RX 0x301 [8] 0B 16 21 2C 37 42 4D 58 
BAT RX 0x301 [8] 0B 16 21 2C 37 42 4D 58 
BAT RX 0x330 [8] 01 0E 01 01 0C FD 0C FA 
BAT RX 0x329 [8] 02 00 19 C0 02 00 40 48 
BAT RX 0x323 [8] 20 0E 10 00 00 00 00 00 
BAT RX 0x324 [8] 02 42 42 37 00 00 00 00 
BAT RX 0x322 [8] 00 F3 00 CE 03 01 46 46 
BAT RX 0x320 [8] 50 41 C3 85 85 00 00 00 
BAT RX 0x319 [8] C0 0C FD 0C FA 0E 01 00 
BAT RX 0x318 [8] 0C FB 0C FB 0C FB 0C FB 
BAT RX 0x317 [8] 0C FC 0C FC 0C FC 0C FB 
BAT RX 0x316 [8] 0C FA 0C FA 0C FA 0C FA 
BAT RX 0x315 [8] 0C FC 0C FC 0C FC 0C FC 
BAT RX 0x314 [8] 40 06 5B 04 00 02 05 41 
BAT RX 0x313 [8] 14 BE 00 00 00 DF 46 63 
BAT RX 0x312 [8] 00 00 00 00 02 00 00 00 
BAT RX 0x311 [8] 02 38 08 24 08 24 01 61 
[826s] OK V=53.10V I=+0.0A T=22.3C SOC=70% SOH=99% | CVL=56.8V CCL=208.4A DCL=208.4A | chg=1 dis=1 fc1=0 fc2=0 | prot=0000 warn=0000 | packs=2 | inv0x305=no
BAT RX 0x301 [8] 0B 16 21 2C 37 42 4D 58 
BAT RX 0x301 [8] 0B 16 21 2C 37 42 4D 58 
BAT RX 0x330 [8] 02 0D 01 02 0C FD 0C FA 
BAT RX 0x329 [8] 01 00 22 34 01 00 3F AD 
BAT RX 0x323 [8] 20 0E 10 00 00 00 00 00 
BAT RX 0x324 [8] 00 01 47 50 4A 30 32 31 
BAT RX 0x322 [8] 00 F3 00 CE 03 01 46 46 
BAT RX 0x320 [8] 50 41 C3 85 85 00 00 00 
BAT RX 0x319 [8] C0 0C FD 0C FA 1D 02 00 
BAT RX 0x318 [8] 0C FB 0C FB 0C FB 0C FB 
BAT RX 0x317 [8] 0C FD 0C FC 0C FC 0C FB 
BAT RX 0x316 [8] 0C FB 0C FA 0C FA 0C FA 
BAT RX 0x315 [8] 0C FC 0C FC 0C FC 0C FB 
BAT RX 0x314 [8] 40 06 5B 04 00 02 05 41 
BAT RX 0x313 [8] 14 BE 00 00 00 DF 46 63 
BAT RX 0x312 [8] 00 00 00 00 02 00 00 00 
BAT RX 0x311 [8] 02 38 08 24 08 24 01 61 
BAT RX 0x301 [8] 0B 16 21 2C 37 42 4D 58 
BAT RX 0x301 [8] 0B 16 21 2C 37 42 4D 58 
BAT RX 0x330 [8] 01 04 01 01 0C FC 0C FA 
BAT RX 0x329 [8] 02 00 19 C0 02 00 40 48 
BAT RX 0x323 [8] 20 0E 10 00 00 00 00 00 
BAT RX 0x324 [8] 01 39 35 32 32 30 36 32 
BAT RX 0x322 [8] 00 F3 00 CE 03 01 46 46 
BAT RX 0x320 [8] 50 41 C3 85 85 00 00 00 
BAT RX 0x319 [8] C0 0C FC 0C FA 04 01 00 
BAT RX 0x318 [8] 0C FB 0C FB 0C FB 0C FB 
BAT RX 0x317 [8] 0C FC 0C FC 0C FC 0C FB 
BAT RX 0x316 [8] 0C FA 0C FA 0C FA 0C FA 
BAT RX 0x315 [8] 0C FD 0C FC 0C FC 0C FC 
BAT RX 0x314 [8] 40 06 5B 04 00 03 05 41 
BAT RX 0x313 [8] 14 BE 00 00 00 DF 46 63 
BAT RX 0x312 [8] 00 00 00 00 02 00 00 00 
BAT RX 0x311 [8] 02 38 08 24 08 24 01 61 
[828s] OK V=53.10V I=+0.0A T=22.3C SOC=70% SOH=99% | CVL=56.8V CCL=208.4A DCL=208.4A | chg=1 dis=1 fc1=0 fc2=0 | prot=0000 warn=0000 | packs=2 | inv0x305=no
BAT RX 0x301 [8] 0B 16 21 2C 37 42 4D 58 
BAT RX 0x301 [8] 0B 16 21 2C 37 42 4D 58 
BAT RX 0x330 [8] 01 05 01 03 0C FC 0C F9 
BAT RX 0x329 [8] 01 00 22 34 01 00 3F AD 
BAT RX 0x323 [8] 20 0E 10 00 00 00 00 00 
BAT RX 0x324 [8] 02 43 30 37 00 00 00 00 
BAT RX 0x322 [8] 00 F3 00 CE 03 01 46 46 
BAT RX 0x320 [8] 50 41 C3 85 85 00 00 00 
BAT RX 0x319 [8] C0 0C FC 0C F9 05 03 00 
BAT RX 0x318 [8] 0C FB 0C FB 0C FB 0C FA 
BAT RX 0x317 [8] 0C FC 0C FC 0C FC 0C FC 
BAT RX 0x316 [8] 0C FA 0C FA 0C FA 0C FA 
BAT RX 0x315 [8] 0C FD 0C FC 0C FC 0C FC 
BAT RX 0x314 [8] 40 06 5B 04 00 03 05 41 
BAT RX 0x313 [8] 14 BE 00 00 00 DF 46 63 
BAT RX 0x312 [8] 00 00 00 00 02 00 00 00 
BAT RX 0x311 [8] 02 38 08 24 08 24 01 61 
BAT RX 0x301 [8] 0B 16 21 2C 37 42 4D 58 
BAT RX 0x301 [8] 0B 16 21 2C 37 42 4D 58 
BAT RX 0x330 [8] 01 10 01 03 0C FD 0C F9 
BAT RX 0x329 [8] 02 00 19 C0 02 00 40 48 
BAT RX 0x323 [8] 20 0E 10 00 00 00 00 00 
BAT RX 0x324 [8] 00 02 47 50 4A 30 32 31 
BAT RX 0x322 [8] 00 F3 00 CE 03 01 46 46 
BAT RX 0x320 [8] 50 41 C3 85 85 00 00 00 
BAT RX 0x319 [8] C0 0C FD 0C F9 10 03 00 
BAT RX 0x318 [8] 0C FB 0C FB 0C FB 0C FA 
BAT RX 0x317 [8] 0C FC 0C FC 0C FC 0C FC 
BAT RX 0x316 [8] 0C FA 0C FA 0C FA 0C FA 
BAT RX 0x315 [8] 0C FD 0C FC 0C FC 0C FB 
BAT RX 0x314 [8] 40 06 5B 04 00 03 05 41 
BAT RX 0x313 [8] 14 BE 00 00 00 DF 46 63 
BAT RX 0x312 [8] 00 00 00 00 02 00 00 00 
BAT RX 0x311 [8] 02 38 08 24 08 24 01 61 
[830s] OK V=53.10V I=+0.0A T=22.3C SOC=70% SOH=99% | CVL=56.8V CCL=208.4A DCL=208.4A | chg=1 dis=1 fc1=0 fc2=0 | prot=0000 warn=0000 | packs=2 | inv0x305=no
BAT RX 0x301 [8] 0B 16 21 2C 37 42 4D 58 
BAT RX 0x301 [8] 0B 16 21 2C 37 42 4D 58 
BAT RX 0x330 [8] 01 0E 01 01 0C FD 0C FA 
BAT RX 0x329 [8] 01 00 22 34 01 00 3F AD 
BAT RX 0x323 [8] 20 0E 10 00 00 00 00 00 
BAT RX 0x324 [8] 01 39 35 32 32 30 36 32 
BAT RX 0x322 [8] 00 F3 00 CE 03 01 46 46 
BAT RX 0x320 [8] 50 41 C3 85 85 00 00 00 
BAT RX 0x319 [8] C0 0C FD 0C FA 0E 01 00 
BAT RX 0x318 [8] 0C FB 0C FB 0C FB 0C FB 
BAT RX 0x317 [8] 0C FC 0C FC 0C FC 0C FC 
BAT RX 0x316 [8] 0C FB 0C FA 0C FA 0C FA 
BAT RX 0x315 [8] 0C FC 0C FC 0C FC 0C FC 
BAT RX 0x314 [8] 40 06 5B 04 00 02 05 41 
BAT RX 0x313 [8] 14 BE 00 00 00 DF 46 63 
BAT RX 0x312 [8] 00 00 00 00 02 00 00 00 
BAT RX 0x311 [8] 02 38 08 24 08 24 01 61 
BAT RX 0x301 [8] 0B 16 21 2C 37 42 4D 58 
BAT RX 0x301 [8] 0B 16 21 2C 37 42 4D 58 
BAT RX 0x330 [8] 01 07 01 03 0C FC 0C FA 
BAT RX 0x329 [8] 02 00 19 C0 02 00 40 48 
BAT RX 0x323 [8] 20 0E 10 00 00 00 00 00 
BAT RX 0x324 [8] 02 42 42 37 00 00 00 00 
BAT RX 0x322 [8] 00 F3 00 CE 03 01 46 46 
BAT RX 0x320 [8] 50 41 C3 85 85 00 00 00 
BAT RX 0x319 [8] C0 0C FC 0C FA 07 03 00 
BAT RX 0x318 [8] 0C FB 0C FB 0C FB 0C FA 
BAT RX 0x317 [8] 0C FC 0C FC 0C FC 0C FC 
BAT RX 0x316 [8] 0C FA 0C FA 0C FA 0C FA 
BAT RX 0x315 [8] 0C FC 0C FC 0C FC 0C FC 
BAT RX 0x314 [8] 40 06 5B 04 00 02 05 41 
BAT RX 0x313 [8] 14 BE 00 00 00 DF 46 63 
BAT RX 0x312 [8] 00 00 00 00 02 00 00 00 
BAT RX 0x311 [8] 02 38 08 24 08 24 01 61 
[832s] OK V=53.10V I=+0.0A T=22.3C SOC=70% SOH=99% | CVL=56.8V CCL=208.4A DCL=208.4A | chg=1 dis=1 fc1=0 fc2=0 | prot=0000 warn=0000 | packs=2 | inv0x305=no
BAT RX 0x301 [8] 0B 16 21 2C 37 42 4D 58 
BAT RX 0x301 [8] 0B 16 21 2C 37 42 4D 58 
BAT RX 0x330 [8] 01 0D 02 01 0C FC 0C FA 
BAT RX 0x329 [8] 01 00 22 34 01 00 3F AD 
BAT RX 0x323 [8] 20 0E 10 00 00 00 00 00 
BAT RX 0x324 [8] 00 01 47 50 4A 30 32 31 
BAT RX 0x322 [8] 00 F3 00 CE 03 01 46 46 
BAT RX 0x320 [8] 50 41 C3 85 85 00 00 00 
BAT RX 0x319 [8] C0 0C FC 0C FA 0D 11 00 
BAT RX 0x318 [8] 0C FB 0C FB 0C FB 0C FA 
BAT RX 0x317 [8] 0C FC 0C FC 0C FC 0C FC 
BAT RX 0x316 [8] 0C FA 0C FA 0C FA 0C F9 
BAT RX 0x315 [8] 0C FD 0C FC 0C FC 0C FC 
BAT RX 0x314 [8] 40 06 5B 04 00 04 05 41 
BAT RX 0x313 [8] 14 BE 00 00 00 DF 46 63 
BAT RX 0x312 [8] 00 00 00 00 02 00 00 00 
BAT RX 0x311 [8] 02 38 08 24 08 24 01 61 
BAT RX 0x301 [8] 0B 16 21 2C 37 42 4D 58 
BAT RX 0x301 [8] 0B 16 21 2C 37 42 4D 58 
BAT RX 0x330 [8] 01 07 01 01 0C FD 0C FA 
BAT RX 0x329 [8] 02 00 19 C0 02 00 40 48 
BAT RX 0x323 [8] 20 0E 10 00 00 00 00 00 
BAT RX 0x324 [8] 01 39 35 32 32 30 36 32 
BAT RX 0x322 [8] 00 F3 00 CE 03 01 46 46 
BAT RX 0x320 [8] 50 41 C3 85 85 00 00 00 
BAT RX 0x319 [8] C0 0C FD 0C FA 07 01 00 
BAT RX 0x318 [8] 0C FB 0C FB 0C FB 0C FA 
BAT RX 0x317 [8] 0C FC 0C FC 0C FC 0C FC 
BAT RX 0x316 [8] 0C FB 0C FA 0C FA 0C F9 
BAT RX 0x315 [8] 0C FC 0C FC 0C FC 0C FB 
BAT RX 0x314 [8] 40 06 5B 04 00 03 05 41 
BAT RX 0x313 [8] 14 BE 00 00 00 DF 46 63 
BAT RX 0x312 [8] 00 00 00 00 02 00 00 00 
BAT RX 0x311 [8] 02 38 08 24 08 24 01 61 
[834s] OK V=53.10V I=+0.0A T=22.3C SOC=70% SOH=99% | CVL=56.8V CCL=208.4A DCL=208.4A | chg=1 dis=1 fc1=0 fc2=0 | prot=0000 warn=0000 | packs=2 | inv0x305=no
BAT RX 0x301 [8] 0B 16 21 2C 37 42 4D 58 
BAT RX 0x301 [8] 0B 16 21 2C 37 42 4D 58 
BAT RX 0x330 [8] 01 10 01 03 0C FD 0C FA 
BAT RX 0x329 [8] 01 00 22 34 01 00 3F AD 
BAT RX 0x323 [8] 20 0E 10 00 00 00 00 00 
BAT RX 0x324 [8] 02 43 30 37 00 00 00 00 
BAT RX 0x322 [8] 00 F3 00 CE 03 01 46 46 
BAT RX 0x320 [8] 50 41 C3 85 85 00 00 00 
BAT RX 0x319 [8] C0 0C FD 0C FA 10 03 00 
BAT RX 0x318 [8] 0C FB 0C FB 0C FA 0C FA 
BAT RX 0x317 [8] 0C FC 0C FC 0C FC 0C FC 
BAT RX 0x316 [8] 0C FA 0C FA 0C FA 0C FA 
BAT RX 0x315 [8] 0C FC 0C FC 0C FC 0C FC 
BAT RX 0x314 [8] 40 06 5B 04 00 02 05 41 
BAT RX 0x313 [8] 14 BE 00 00 00 DF 46 63 
BAT RX 0x312 [8] 00 00 00 00 02 00 00 00 
BAT RX 0x311 [8] 02 38 08 24 08 24 01 61 
BAT RX 0x301 [8] 0B 16 21 2C 37 42 4D 58 
BAT RX 0x301 [8] 0B 16 21 2C 37 42 4D 58 
BAT RX 0x330 [8] 01 0E 01 02 0C FD 0C FA 
BAT RX 0x329 [8] 02 00 19 C0 02 00 40 48 
BAT RX 0x323 [8] 20 0E 10 00 00 00 00 00 
BAT RX 0x324 [8] 00 02 47 50 4A 30 32 31 
BAT RX 0x322 [8] 00 F3 00 CE 03 01 46 46 
BAT RX 0x320 [8] 50 41 C3 85 85 00 00 00 
BAT RX 0x319 [8] C0 0C FD 0C FA 0E 02 00 
BAT RX 0x318 [8] 0C FB 0C FB 0C FA 0C FA 
BAT RX 0x317 [8] 0C FD 0C FC 0C FC 0C FC 
BAT RX 0x316 [8] 0C FA 0C FA 0C FA 0C FA 
BAT RX 0x315 [8] 0C FC 0C FC 0C FC 0C FC 
BAT RX 0x314 [8] 40 06 5B 04 00 03 05 41 
BAT RX 0x313 [8] 14 BE 00 00 00 DF 46 63 
BAT RX 0x312 [8] 00 00 00 00 02 00 00 00 
BAT RX 0x311 [8] 02 38 08 24 08 24 01 61 
[836s] OK V=53.10V I=+0.0A T=22.3C SOC=70% SOH=99% | CVL=56.8V CCL=208.4A DCL=208.4A | chg=1 dis=1 fc1=0 fc2=0 | prot=0000 warn=0000 | packs=2 | inv0x305=no
BAT RX 0x301 [8] 0B 16 21 2C 37 42 4D 58 
BAT RX 0x301 [8] 0B 16 21 2C 37 42 4D 58 
BAT RX 0x330 [8] 01 06 01 03 0C FC 0C FA 
BAT RX 0x329 [8] 01 00 22 34 01 00 3F AD 
BAT RX 0x323 [8] 20 0E 10 00 00 00 00 00 
BAT RX 0x324 [8] 01 39 35 32 32 30 36 32 
BAT RX 0x322 [8] 00 F3 00 CE 03 01 46 46 
BAT RX 0x320 [8] 50 41 C3 85 85 00 00 00 
BAT RX 0x319 [8] C0 0C FC 0C FA 06 03 00 
BAT RX 0x318 [8] 0C FB 0C FB 0C FB 0C FB 
BAT RX 0x317 [8] 0C FC 0C FC 0C FC 0C FB 
BAT RX 0x316 [8] 0C FB 0C FA 0C FA 0C FA 
BAT RX 0x315 [8] 0C FD 0C FC 0C FC 0C FC 
BAT RX 0x314 [8] 40 06 5B 04 00 03 05 41 
BAT RX 0x313 [8] 14 BE 00 00 00 DF 46 63 
BAT RX 0x312 [8] 00 00 00 00 02 00 00 00 
BAT RX 0x311 [8] 02 38 08 24 08 24 01 61 
BAT RX 0x301 [8] 0B 16 21 2C 37 42 4D 58 
BAT RX 0x301 [8] 0B 16 21 2C 37 42 4D 58 
BAT RX 0x330 [8] 01 06 01 03 0C FC 0C FA 
BAT RX 0x329 [8] 02 00 19 C0 02 00 40 48 
BAT RX 0x323 [8] 20 0E 10 00 00 00 00 00 
BAT RX 0x324 [8] 02 42 42 37 00 00 00 00 
BAT RX 0x322 [8] 00 F3 00 CE 03 01 46 46 
BAT RX 0x320 [8] 50 41 C3 85 85 00 00 00 
BAT RX 0x319 [8] C0 0C FC 0C FA 06 03 00 
BAT RX 0x318 [8] 0C FB 0C FB 0C FB 0C FB 
BAT RX 0x317 [8] 0C FC 0C FC 0C FC 0C FC 
BAT RX 0x316 [8] 0C FB 0C FA 0C FA 0C FA 
BAT RX 0x315 [8] 0C FC 0C FC 0C FC 0C FC 
BAT RX 0x314 [8] 40 06 5B 04 00 02 05 41 
BAT RX 0x313 [8] 14 BE 00 00 00 DF 46 63 
BAT RX 0x312 [8] 00 00 00 00 02 00 00 00 
BAT RX 0x311 [8] 02 38 08 24 08 24 01 61 
[838s] OK V=53.10V I=+0.0A T=22.3C SOC=70% SOH=99% | CVL=56.8V CCL=208.4A DCL=208.4A | chg=1 dis=1 fc1=0 fc2=0 | prot=0000 warn=0000 | packs=2 | inv0x305=no
BAT RX 0x301 [8] 0B 16 21 2C 37 42 4D 58 
BAT RX 0x301 [8] 0B 16 21 2C 37 42 4D 58 
BAT RX 0x330 [8] 01 07 01 01 0C FC 0C FB 
BAT RX 0x329 [8] 01 00 22 34 01 00 3F AD 
BAT RX 0x323 [8] 20 0E 10 00 00 00 00 00 
BAT RX 0x324 [8] 00 01 47 50 4A 30 32 31 
BAT RX 0x322 [8] 00 F3 00 CE 03 01 46 46 
BAT RX 0x320 [8] 50 41 C3 85 85 00 00 00 
BAT RX 0x319 [8] C0 0C FC 0C FB 07 01 00 
BAT RX 0x318 [8] 0C FB 0C FB 0C FB 0C FB 
BAT RX 0x317 [8] 0C FC 0C FC 0C FC 0C FC 
BAT RX 0x316 [8] 0C FB 0C FA 0C FA 0C FA 
BAT RX 0x315 [8] 0C FD 0C FC 0C FC 0C FC 
BAT RX 0x314 [8] 40 06 5B 04 00 03 05 41 
BAT RX 0x313 [8] 14 BE 00 05 00 DF 46 63 
BAT RX 0x312 [8] 00 00 00 00 02 00 00 00 
BAT RX 0x311 [8] 02 38 08 24 08 24 01 61 

---- battery-bus rate stats (VERBOSE_STATS) ----------------------------
  12634 frames, 840 s elapsed
  ID     count   period(ms)  (min-max gap)
  0x324     834   1002 (1-4867)
  0x329     836    998 (1-4866)
  0x330     839    994 (0-4000)
  0x312     834   1000 (1-4867)
  0x313     834   1000 (1-4867)
  0x314     834   1000 (1-4867)
  0x315     834   1000 (1-4867)
  0x316     834   1000 (1-4867)
  0x317     834   1000 (1-4867)
  0x318     834   1000 (1-4867)
  0x319     834   1000 (1-4867)
  0x320     834   1000 (1-4866)
  0x322     834   1000 (0-4867)
  0x311     834   1000 (1-4867)
  0x323     835    999 (1-4866)
  0x301     116    488 (0-501)
--------------------------------------------------------------------------

  TWAI: state=RUNNING  tx_err=0 rx_err=0  tx_failed=0  rx_missed=111 rx_overrun=0  arb_lost=0  bus_err=17
BAT RX 0x301 [8] 0B 16 21 2C 37 42 4D 58 
BAT RX 0x301 [8] 0B 16 21 2C 37 42 4D 58 
BAT RX 0x330 [8] 01 04 01 01 0C FC 0C FA 
BAT RX 0x329 [8] 02 00 19 C0 02 00 40 48 
BAT RX 0x323 [8] 20 0E 10 00 00 00 00 00 
BAT RX 0x324 [8] 01 39 35 32 32 30 36 32 
BAT RX 0x322 [8] 00 F3 00 CE 03 01 46 46 
BAT RX 0x320 [8] 50 41 C3 85 85 00 00 00 
BAT RX 0x319 [8] C0 0C FC 0C FA 04 01 00 
BAT RX 0x318 [8] 0C FB 0C FB 0C FB 0C FB 
BAT RX 0x317 [8] 0C FC 0C FC 0C FC 0C FC 
BAT RX 0x316 [8] 0C FA 0C FA 0C FA 0C FA 
BAT RX 0x315 [8] 0C FD 0C FC 0C FC 0C FC 
BAT RX 0x314 [8] 40 06 5B 04 00 03 05 41 
BAT RX 0x313 [8] 14 BE 00 00 00 DF 46 63 
BAT RX 0x312 [8] 00 00 00 00 02 00 00 00 
BAT RX 0x311 [8] 02 38 08 24 08 24 01 61 
[840s] OK V=53.10V I=+0.0A T=22.3C SOC=70% SOH=99% | CVL=56.8V CCL=208.4A DCL=208.4A | chg=1 dis=1 fc1=0 fc2=0 | prot=0000 warn=0000 | packs=2 | inv0x305=no
BAT RX 0x301 [8] 0B 16 21 2C 37 42 4D 58 
BAT RX 0x301 [8] 0B 16 21 2C 37 42 4D 58 
BAT RX 0x330 [8] 01 10 01 03 0C FD 0C FA 
BAT RX 0x329 [8] 01 00 22 34 01 00 3F AD 
BAT RX 0x323 [8] 20 0E 10 00 00 00 00 00 
BAT RX 0x324 [8] 02 43 30 37 00 00 00 00 
BAT RX 0x322 [8] 00 F3 00 CE 03 01 46 46 
BAT RX 0x320 [8] 50 41 C3 85 85 00 00 00 
BAT RX 0x319 [8] C0 0C FD 0C FA 10 03 00 
BAT RX 0x318 [8] 0C FB 0C FB 0C FB 0C FB 
BAT RX 0x317 [8] 0C FC 0C FC 0C FC 0C FC 
BAT RX 0x316 [8] 0C FA 0C FA 0C FA 0C FA 
BAT RX 0x315 [8] 0C FD 0C FC 0C FC 0C FC 
BAT RX 0x314 [8] 40 06 5B 04 00 03 05 41 
BAT RX 0x313 [8] 14 BE 00 00 00 DF 46 63 
BAT RX 0x312 [8] 00 00 00 00 02 00 00 00 
BAT RX 0x311 [8] 02 38 08 24 08 24 01 61 
BAT RX 0x301 [8] 0B 16 21 2C 37 42 4D 58 
BAT RX 0x301 [8] 0B 16 21 2C 37 42 4D 58 
BAT RX 0x330 [8] 01 0E 01 02 0C FD 0C FA 
BAT RX 0x329 [8] 02 00 19 C0 02 00 40 48 
BAT RX 0x323 [8] 20 0E 10 00 00 00 00 00 
BAT RX 0x324 [8] 00 02 47 50 4A 30 32 31 
BAT RX 0x322 [8] 00 F3 00 CE 03 01 46 46 
BAT RX 0x320 [8] 50 41 C3 85 85 00 00 00 
BAT RX 0x319 [8] C0 0C FD 0C FA 0E 02 00 
BAT RX 0x318 [8] 0C FB 0C FB 0C FB 0C FB 
BAT RX 0x317 [8] 0C FC 0C FC 0C FC 0C FC 
BAT RX 0x316 [8] 0C FA 0C FA 0C FA 0C FA 
BAT RX 0x315 [8] 0C FD 0C FC 0C FC 0C FB 
BAT RX 0x314 [8] 40 06 5B 04 00 03 05 41 
BAT RX 0x313 [8] 14 BE 00 00 00 DF 46 63 
BAT RX 0x312 [8] 00 00 00 00 02 00 00 00 
BAT RX 0x311 [8] 02 38 08 24 08 24 01 61 
[842s] OK V=53.10V I=+0.0A T=22.3C SOC=70% SOH=99% | CVL=56.8V CCL=208.4A DCL=208.4A | chg=1 dis=1 fc1=0 fc2=0 | prot=0000 warn=0000 | packs=2 | inv0x305=no
BAT RX 0x301 [8] 0B 16 21 2C 37 42 4D 58 
BAT RX 0x301 [8] 0B 16 21 2C 37 42 4D 58 
BAT RX 0x330 [8] 01 08 01 01 0C FC 0C FA 
BAT RX 0x329 [8] 01 00 22 34 01 00 3F AD 
BAT RX 0x323 [8] 20 0E 10 00 00 00 00 00 
BAT RX 0x324 [8] 01 39 35 32 32 30 36 32 
BAT RX 0x322 [8] 00 F3 00 CE 03 01 46 46 
BAT RX 0x320 [8] 50 41 C3 85 85 00 00 00 
BAT RX 0x319 [8] C0 0C FC 0C FA 08 01 00 
BAT RX 0x318 [8] 0C FB 0C FB 0C FB 0C FB 
BAT RX 0x317 [8] 0C FC 0C FC 0C FC 0C FC 
BAT RX 0x316 [8] 0C FB 0C FA 0C FA 0C FA 
BAT RX 0x315 [8] 0C FC 0C FC 0C FC 0C FC 
BAT RX 0x314 [8] 40 06 5B 04 00 02 05 41 
BAT RX 0x313 [8] 14 BE 00 00 00 DF 46 63 
BAT RX 0x312 [8] 00 00 00 00 02 00 00 00 
BAT RX 0x311 [8] 02 38 08 24 08 24 01 61 
BAT RX 0x301 [8] 0B 16 21 2C 37 42 4D 58 
BAT RX 0x301 [8] 0B 16 21 2C 37 42 4D 58 
BAT RX 0x330 [8] 01 08 01 01 0C FC 0C FA 
BAT RX 0x329 [8] 02 00 19 C0 02 00 40 48 
BAT RX 0x323 [8] 20 0E 10 00 00 00 00 00 
BAT RX 0x324 [8] 02 42 42 37 00 00 00 00 
BAT RX 0x322 [8] 00 F3 00 CE 03 01 46 46 
BAT RX 0x320 [8] 50 41 C3 85 85 00 00 00 
BAT RX 0x319 [8] C0 0C FC 0C FA 08 01 00 
BAT RX 0x318 [8] 0C FB 0C FB 0C FB 0C FB 
BAT RX 0x317 [8] 0C FC 0C FC 0C FC 0C FC 
BAT RX 0x316 [8] 0C FA 0C FA 0C FA 0C FA 
BAT RX 0x315 [8] 0C FD 0C FC 0C FC 0C FC 
BAT RX 0x314 [8] 40 06 5B 04 00 03 05 41 
BAT RX 0x313 [8] 14 BE 00 00 00 DF 46 63 
BAT RX 0x312 [8] 00 00 00 00 02 00 00 00 
BAT RX 0x311 [8] 02 38 08 24 08 24 01 61 
[844s] OK V=53.10V I=+0.0A T=22.3C SOC=70% SOH=99% | CVL=56.8V CCL=208.4A DCL=208.4A | chg=1 dis=1 fc1=0 fc2=0 | prot=0000 warn=0000 | packs=2 | inv0x305=no
BAT RX 0x301 [8] 0B 16 21 2C 37 42 4D 58 
BAT RX 0x301 [8] 0B 16 21 2C 37 42 4D 58 
BAT RX 0x330 [8] 01 01 01 03 0C FC 0C FA 
BAT RX 0x329 [8] 01 00 22 34 01 00 3F AD 
BAT RX 0x323 [8] 20 0E 10 00 00 00 00 00 
BAT RX 0x324 [8] 00 01 47 50 4A 30 32 31 
BAT RX 0x322 [8] 00 F3 00 CE 03 01 46 46 
BAT RX 0x320 [8] 50 41 C3 85 85 00 00 00 
BAT RX 0x319 [8] C0 0C FC 0C FA 01 03 00 
BAT RX 0x318 [8] 0C FB 0C FB 0C FB 0C FB 
BAT RX 0x317 [8] 0C FC 0C FC 0C FC 0C FC 
BAT RX 0x316 [8] 0C FA 0C FA 0C FA 0C FA 
BAT RX 0x315 [8] 0C FD 0C FC 0C FC 0C FC 
BAT RX 0x314 [8] 40 06 5B 04 00 03 05 41 
BAT RX 0x313 [8] 14 BE 00 00 00 DF 46 63 
BAT RX 0x312 [8] 00 00 00 00 02 00 00 00 
BAT RX 0x311 [8] 02 38 08 24 08 24 01 61 
BAT RX 0x301 [8] 0B 16 21 2C 37 42 4D 58 
BAT RX 0x301 [8] 0B 16 21 2C 37 42 4D 58 
BAT RX 0x330 [8] 01 0E 01 02 0C FD 0C FA 
BAT RX 0x329 [8] 02 00 19 C0 02 00 40 48 
BAT RX 0x323 [8] 20 0E 10 00 00 00 00 00 
BAT RX 0x324 [8] 01 39 35 32 32 30 36 32 
BAT RX 0x322 [8] 00 F3 00 CE 03 01 46 46 
BAT RX 0x320 [8] 50 41 C3 85 85 00 00 00 
BAT RX 0x319 [8] C0 0C FD 0C FA 0E 02 00 
BAT RX 0x318 [8] 0C FB 0C FB 0C FB 0C FB 
BAT RX 0x317 [8] 0C FC 0C FC 0C FC 0C FC 
BAT RX 0x316 [8] 0C FB 0C FB 0C FB 0C FB 
BAT RX 0x315 [8] 0C FC 0C FC 0C FC 0C FC 
BAT RX 0x314 [8] 40 06 5B 04 00 01 05 41 
BAT RX 0x313 [8] 14 BE 00 05 00 DF 46 63 
BAT RX 0x312 [8] 00 00 00 00 02 00 00 00 
BAT RX 0x311 [8] 02 38 08 24 08 24 01 61 
[846s] OK V=53.10V I=+0.5A T=22.3C SOC=70% SOH=99% | CVL=56.8V CCL=208.4A DCL=208.4A | chg=1 dis=1 fc1=0 fc2=0 | prot=0000 warn=0000 | packs=2 | inv0x305=no
BAT RX 0x301 [8] 0B 16 21 2C 37 42 4D 58 
BAT RX 0x301 [8] 0B 16 21 2C 37 42 4D 58 
BAT RX 0x330 [8] 01 10 01 03 0C FD 0C FA 
BAT RX 0x329 [8] 01 00 22 34 01 00 3F AD 
BAT RX 0x323 [8] 20 0E 10 00 00 00 00 00 
BAT RX 0x324 [8] 02 43 30 37 00 00 00 00 
BAT RX 0x322 [8] 00 F3 00 CE 03 01 46 46 
BAT RX 0x320 [8] 50 41 C3 85 85 00 00 00 
BAT RX 0x319 [8] C0 0C FD 0C FA 10 03 00 
BAT RX 0x318 [8] 0C FC 0C FB 0C FB 0C FB 
BAT RX 0x317 [8] 0C FD 0C FC 0C FC 0C FC 
BAT RX 0x316 [8] 0C FB 0C FB 0C FB 0C FA 
BAT RX 0x315 [8] 0C FD 0C FD 0C FC 0C FC 
BAT RX 0x314 [8] 40 06 5B 04 00 03 05 41 
BAT RX 0x313 [8] 14 BE 00 0C 00 DF 46 63 
BAT RX 0x312 [8] 00 00 00 00 02 00 00 00 
BAT RX 0x311 [8] 02 38 08 24 08 24 01 61 
BAT RX 0x301 [8] 0B 16 21 2C 37 42 4D 58 
BAT RX 0x301 [8] 0B 16 21 2C 37 42 4D 58 
BAT RX 0x330 [8] 01 09 01 02 0C FD 0C FA 
BAT RX 0x329 [8] 02 00 19 C0 02 00 40 48 
BAT RX 0x323 [8] 20 0E 10 00 00 00 00 00 
BAT RX 0x324 [8] 00 02 47 50 4A 30 32 31 
BAT RX 0x322 [8] 00 F3 00 CE 03 01 46 46 
BAT RX 0x320 [8] 50 41 C3 85 85 00 00 00 
BAT RX 0x319 [8] C0 0C FD 0C FA 09 02 00 
BAT RX 0x318 [8] 0C FB 0C FB 0C FB 0C FB 
BAT RX 0x317 [8] 0C FC 0C FC 0C FC 0C FC 
BAT RX 0x316 [8] 0C FB 0C FB 0C FB 0C FB 
BAT RX 0x315 [8] 0C FC 0C FC 0C FC 0C FC 
BAT RX 0x314 [8] 40 06 5B 04 00 01 05 41 
BAT RX 0x313 [8] 14 BE 00 0B 00 DF 46 63 
BAT RX 0x312 [8] 00 00 00 00 02 00 00 00 
BAT RX 0x311 [8] 02 38 08 24 08 24 01 61 
[848s] OK V=53.10V I=+1.1A T=22.3C SOC=70% SOH=99% | CVL=56.8V CCL=208.4A DCL=208.4A | chg=1 dis=1 fc1=0 fc2=0 | prot=0000 warn=0000 | packs=2 | inv0x305=no
BAT RX 0x301 [8] 0B 16 21 2C 37 42 4D 58 
BAT RX 0x301 [8] 0B 16 21 2C 37 42 4D 58 
BAT RX 0x330 [8] 01 09 01 01 0C FD 0C FB 
BAT RX 0x329 [8] 01 00 22 34 01 00 3F AD 
BAT RX 0x323 [8] 20 0E 10 00 00 00 00 00 
BAT RX 0x324 [8] 01 39 35 32 32 30 36 32 
BAT RX 0x322 [8] 00 F3 00 CE 03 01 46 46 
BAT RX 0x320 [8] 50 41 C3 85 85 00 00 00 
BAT RX 0x319 [8] C0 0C FD 0C FB 09 01 00 
BAT RX 0x318 [8] 0C FB 0C FB 0C FB 0C FB 
BAT RX 0x317 [8] 0C FD 0C FC 0C FC 0C FC 
BAT RX 0x316 [8] 0C FB 0C FB 0C FB 0C FB 
BAT RX 0x315 [8] 0C FD 0C FC 0C FC 0C FC 
BAT RX 0x314 [8] 40 06 5B 04 00 02 05 41 
BAT RX 0x313 [8] 14 BE 00 0B 00 DF 46 63 
BAT RX 0x312 [8] 00 00 00 00 02 00 00 00 
BAT RX 0x311 [8] 02 38 08 24 08 24 01 62 
BAT RX 0x301 [8] 0B 16 21 2C 37 42 4D 58 
BAT RX 0x301 [8] 0B 16 21 2C 37 42 4D 58 
BAT RX 0x330 [8] 01 07 01 01 0C FD 0C FB 
BAT RX 0x329 [8] 02 00 19 C0 02 00 40 48 
BAT RX 0x323 [8] 20 0E 10 00 00 00 00 00 
BAT RX 0x324 [8] 02 42 42 37 00 00 00 00 
BAT RX 0x322 [8] 00 F3 00 CE 03 01 46 46 
BAT RX 0x320 [8] 50 41 C3 85 85 00 00 00 
BAT RX 0x319 [8] C0 0C FD 0C FB 07 01 00 
BAT RX 0x318 [8] 0C FB 0C FB 0C FB 0C FB 
BAT RX 0x317 [8] 0C FC 0C FC 0C FC 0C FC 
BAT RX 0x316 [8] 0C FB 0C FB 0C FB 0C FA 
BAT RX 0x315 [8] 0C FD 0C FD 0C FC 0C FC 
BAT RX 0x314 [8] 40 06 5B 04 00 03 05 41 
BAT RX 0x313 [8] 14 BE 00 0B 00 DF 46 63 
BAT RX 0x312 [8] 00 00 00 00 02 00 00 00 
BAT RX 0x311 [8] 02 38 08 24 08 24 01 62 
[850s] OK V=53.10V I=+1.1A T=22.3C SOC=70% SOH=99% | CVL=56.8V CCL=208.4A DCL=208.4A | chg=1 dis=1 fc1=0 fc2=0 | prot=0000 warn=0000 | packs=2 | inv0x305=no
BAT RX 0x301 [8] 0B 16 21 2C 37 42 4D 58 
BAT RX 0x301 [8] 0B 16 21 2C 37 42 4D 58 
BAT RX 0x330 [8] 01 0E 01 03 0C FD 0C FA 
BAT RX 0x329 [8] 01 00 22 34 01 00 3F AD 
BAT RX 0x323 [8] 20 0E 10 00 00 00 00 00 
BAT RX 0x324 [8] 00 01 47 50 4A 30 32 31 
BAT RX 0x322 [8] 00 F3 00 CE 03 01 46 46 
BAT RX 0x320 [8] 50 41 C3 85 85 00 00 00 
BAT RX 0x319 [8] C0 0C FD 0C FA 0E 03 00 
BAT RX 0x318 [8] 0C FB 0C FB 0C FB 0C FB 
BAT RX 0x317 [8] 0C FD 0C FC 0C FC 0C FC 
BAT RX 0x316 [8] 0C FB 0C FB 0C FA 0C FA 
BAT RX 0x315 [8] 0C FD 0C FD 0C FC 0C FC 
BAT RX 0x314 [8] 40 06 5B 04 00 03 05 41 
BAT RX 0x313 [8] 14 BE 00 0B 00 DF 46 63 
BAT RX 0x312 [8] 00 00 00 00 02 00 00 00 
BAT RX 0x311 [8] 02 38 08 24 08 24 01 62 
BAT RX 0x301 [8] 0B 16 21 2C 37 42 4D 58 
BAT RX 0x301 [8] 0B 16 21 2C 37 42 4D 58 
BAT RX 0x330 [8] 01 07 01 01 0C FD 0C FB 
BAT RX 0x329 [8] 02 00 19 C0 02 00 40 48 
BAT RX 0x323 [8] 20 0E 10 00 00 00 00 00 
BAT RX 0x324 [8] 01 39 35 32 32 30 36 32 
BAT RX 0x322 [8] 00 F3 00 CE 03 01 46 46 
BAT RX 0x320 [8] 50 41 C3 85 85 00 00 00 
BAT RX 0x319 [8] C0 0C FD 0C FB 07 01 00 
BAT RX 0x318 [8] 0C FC 0C FB 0C FB 0C FB 
BAT RX 0x317 [8] 0C FD 0C FC 0C FC 0C FC 
BAT RX 0x316 [8] 0C FB 0C FB 0C FB 0C FB 
BAT RX 0x315 [8] 0C FC 0C FC 0C FC 0C FC 
BAT RX 0x314 [8] 40 06 5B 04 00 02 05 41 
BAT RX 0x313 [8] 14 BE 00 0B 00 DF 46 63 
BAT RX 0x312 [8] 00 00 00 00 02 00 00 00 
BAT RX 0x311 [8] 02 38 08 24 08 24 01 62 
[852s] OK V=53.10V I=+1.1A T=22.3C SOC=70% SOH=99% | CVL=56.8V CCL=208.4A DCL=208.4A | chg=1 dis=1 fc1=0 fc2=0 | prot=0000 warn=0000 | packs=2 | inv0x305=no
BAT RX 0x301 [8] 0B 16 21 2C 37 42 4D 58 
BAT RX 0x301 [8] 0B 16 21 2C 37 42 4D 58 
BAT RX 0x330 [8] 01 09 01 01 0C FD 0C FA 
BAT RX 0x329 [8] 01 00 22 34 01 00 3F AD 
BAT RX 0x323 [8] 20 0E 10 00 00 00 00 00 
BAT RX 0x324 [8] 02 43 30 37 00 00 00 00 
BAT RX 0x322 [8] 00 F3 00 CE 03 01 46 46 
BAT RX 0x320 [8] 50 41 C3 85 85 00 00 00 
BAT RX 0x319 [8] C0 0C FD 0C FA 09 01 00 
BAT RX 0x318 [8] 0C FC 0C FC 0C FB 0C FB 
BAT RX 0x317 [8] 0C FD 0C FC 0C FC 0C FC 
BAT RX 0x316 [8] 0C FB 0C FB 0C FB 0C FA 
BAT RX 0x315 [8] 0C FD 0C FD 0C FC 0C FC 
BAT RX 0x314 [8] 40 06 5B 04 00 03 05 41 
BAT RX 0x313 [8] 14 BE 00 0B 00 DF 46 63 
BAT RX 0x312 [8] 00 00 00 00 02 00 00 00 
BAT RX 0x311 [8] 02 38 08 24 08 24 01 62 
BAT RX 0x301 [8] 0B 16 21 2C 37 42 4D 58 
BAT RX 0x301 [8] 0B 16 21 2C 37 42 4D 58 
BAT RX 0x330 [8] 01 09 01 02 0C FD 0C FA 
BAT RX 0x329 [8] 02 00 19 C0 02 00 40 48 
BAT RX 0x323 [8] 20 0E 10 00 00 00 00 00 
BAT RX 0x324 [8] 00 02 47 50 4A 30 32 31 
BAT RX 0x322 [8] 00 F3 00 CE 03 01 46 46 
BAT RX 0x320 [8] 50 41 C3 85 85 00 00 00 
BAT RX 0x319 [8] C0 0C FD 0C FA 09 02 00 
BAT RX 0x318 [8] 0C FB 0C FB 0C FB 0C FB 
BAT RX 0x317 [8] 0C FD 0C FC 0C FC 0C FC 
BAT RX 0x316 [8] 0C FB 0C FB 0C FB 0C FB 
BAT RX 0x315 [8] 0C FD 0C FD 0C FC 0C FC 
BAT RX 0x314 [8] 40 06 5B 04 00 02 05 41 
BAT RX 0x313 [8] 14 BE 00 0A 00 DF 46 63 
BAT RX 0x312 [8] 00 00 00 00 02 00 00 00 
BAT RX 0x311 [8] 02 38 08 24 08 24 01 62 
[854s] OK V=53.10V I=+1.0A T=22.3C SOC=70% SOH=99% | CVL=56.8V CCL=208.4A DCL=208.4A | chg=1 dis=1 fc1=0 fc2=0 | prot=0000 warn=0000 | packs=2 | inv0x305=no

---- battery-bus rate stats (VERBOSE_STATS) ----------------------------
  12889 frames, 855 s elapsed
  ID     count   period(ms)  (min-max gap)
  0x324     849   1002 (1-4867)
  0x329     851    998 (1-4866)
  0x330     854    994 (0-4000)
  0x312     849   1000 (1-4867)
  0x313     849   1000 (1-4867)
  0x314     849   1000 (1-4867)
  0x315     849   1000 (1-4867)
  0x316     849   1000 (1-4867)
  0x317     849   1000 (1-4867)
  0x318     849   1000 (1-4867)
  0x319     849   1000 (1-4867)
  0x320     849   1000 (1-4866)
  0x322     849   1000 (0-4867)
  0x311     849   1000 (1-4867)
  0x323     850    999 (1-4866)
  0x301     146    491 (0-503)
--------------------------------------------------------------------------

  TWAI: state=RUNNING  tx_err=0 rx_err=0  tx_failed=0  rx_missed=111 rx_overrun=0  arb_lost=0  bus_err=17
BAT RX 0x301 [8] 0B 16 21 2C 37 42 4D 58 
BAT RX 0x301 [8] 0B 16 21 2C 37 42 4D 58 
BAT RX 0x330 [8] 01 04 01 01 0C FD 0C FB 
BAT RX 0x329 [8] 01 00 22 34 01 00 3F AD 
BAT RX 0x323 [8] 20 0E 10 00 00 00 00 00 
BAT RX 0x324 [8] 01 39 35 32 32 30 36 32 
BAT RX 0x322 [8] 00 F3 00 CE 03 01 46 46 
BAT RX 0x320 [8] 50 41 C3 85 85 00 00 00 
BAT RX 0x319 [8] C0 0C FD 0C FB 04 01 00 
BAT RX 0x318 [8] 0C FC 0C FB 0C FB 0C FB 
BAT RX 0x317 [8] 0C FD 0C FC 0C FC 0C FC 
BAT RX 0x316 [8] 0C FB 0C FB 0C FA 0C FA 
BAT RX 0x315 [8] 0C FD 0C FD 0C FC 0C FC 
BAT RX 0x314 [8] 40 06 5B 04 00 03 05 41 
BAT RX 0x313 [8] 14 BE 00 0B 00 DF 46 63 
BAT RX 0x312 [8] 00 00 00 00 02 00 00 00 
BAT RX 0x311 [8] 02 38 08 24 08 24 01 62 
BAT RX 0x301 [8] 0B 16 21 2C 37 42 4D 58 
BAT RX 0x301 [8] 0B 16 21 2C 37 42 4D 58 
BAT RX 0x330 [8] 01 07 01 05 0C FD 0C FA 
BAT RX 0x329 [8] 02 00 19 C0 02 00 40 48 
BAT RX 0x323 [8] 20 0E 10 00 00 00 00 00 
BAT RX 0x324 [8] 02 42 42 37 00 00 00 00 
BAT RX 0x322 [8] 00 F3 00 CE 03 01 46 46 
BAT RX 0x320 [8] 50 41 C3 85 85 00 00 00 
BAT RX 0x319 [8] C0 0C FD 0C FA 07 05 00 
BAT RX 0x318 [8] 0C FB 0C FB 0C FB 0C FB 
BAT RX 0x317 [8] 0C FD 0C FD 0C FC 0C FC 
BAT RX 0x316 [8] 0C FB 0C FA 0C FA 0C FA 
BAT RX 0x315 [8] 0C FD 0C FD 0C FD 0C FD 
BAT RX 0x314 [8] 40 06 5B 04 00 03 05 41 
BAT RX 0x313 [8] 14 BE 00 0A 00 DF 46 63 
BAT RX 0x312 [8] 00 00 00 00 02 00 00 00 
BAT RX 0x311 [8] 02 38 08 24 08 24 01 62 
[856s] OK V=53.10V I=+1.0A T=22.3C SOC=70% SOH=99% | CVL=56.8V CCL=208.4A DCL=208.4A | chg=1 dis=1 fc1=0 fc2=0 | prot=0000 warn=0000 | packs=2 | inv0x305=no
BAT RX 0x301 [8] 0B 16 21 2C 37 42 4D 58 
BAT RX 0x301 [8] 0B 16 21 2C 37 42 4D 58 
BAT RX 0x330 [8] 01 0D 01 01 0C FD 0C FA 
BAT RX 0x329 [8] 01 00 22 34 01 00 3F AD 
BAT RX 0x323 [8] 20 0E 10 00 00 00 00 00 
BAT RX 0x324 [8] 00 01 47 50 4A 30 32 31 
BAT RX 0x322 [8] 00 F3 00 CE 03 01 46 46 
BAT RX 0x320 [8] 50 41 C3 85 85 00 00 00 
BAT RX 0x319 [8] C0 0C FD 0C FA 0D 01 00 
BAT RX 0x318 [8] 0C FB 0C FB 0C FB 0C FB 
BAT RX 0x317 [8] 0C FC 0C FC 0C FC 0C FC 
BAT RX 0x316 [8] 0C FB 0C FB 0C FB 0C FA 
BAT RX 0x315 [8] 0C FD 0C FD 0C FC 0C FC 
BAT RX 0x314 [8] 40 06 5B 04 00 03 05 41 
BAT RX 0x313 [8] 14 BE 00 00 00 DF 46 63 
BAT RX 0x312 [8] 00 00 00 00 02 00 00 00 
BAT RX 0x311 [8] 02 38 08 24 08 24 01 62 
BAT RX 0x301 [8] 0B 16 21 2C 37 42 4D 58 
BAT RX 0x301 [8] 0B 16 21 2C 37 42 4D 58 
BAT RX 0x330 [8] 01 07 01 0A 0C FD 0C FA 
BAT RX 0x329 [8] 02 00 19 C0 02 00 40 48 
BAT RX 0x323 [8] 20 0E 10 00 00 00 00 00 
BAT RX 0x324 [8] 01 39 35 32 32 30 36 32 
BAT RX 0x322 [8] 00 F3 00 CE 03 01 46 46 
BAT RX 0x320 [8] 50 41 C3 85 85 00 00 00 
BAT RX 0x319 [8] C0 0C FD 0C FA 07 0A 00 
BAT RX 0x318 [8] 0C FB 0C FB 0C FB 0C FB 
BAT RX 0x317 [8] 0C FC 0C FC 0C FC 0C FC 
BAT RX 0x316 [8] 0C FA 0C FA 0C FA 0C FA 
BAT RX 0x315 [8] 0C FD 0C FD 0C FD 0C FD 
BAT RX 0x314 [8] 40 06 5B 04 00 03 05 41 
BAT RX 0x313 [8] 14 BE 00 00 00 DF 46 63 
BAT RX 0x312 [8] 00 00 00 00 02 00 00 00 
BAT RX 0x311 [8] 02 38 08 24 08 24 01 61 
[858s] OK V=53.10V I=+0.0A T=22.3C SOC=70% SOH=99% | CVL=56.8V CCL=208.4A DCL=208.4A | chg=1 dis=1 fc1=0 fc2=0 | prot=0000 warn=0000 | packs=2 | inv0x305=no
BAT RX 0x301 [8] 0B 16 21 2C 37 42 4D 58 
BAT RX 0x301 [8] 0B 16 21 2C 37 42 4D 58 
BAT RX 0x330 [8] 01 0E 01 06 0C FD 0C FA 
BAT RX 0x329 [8] 01 00 22 34 01 00 3F AD 
BAT RX 0x323 [8] 20 0E 10 00 00 00 00 00 
BAT RX 0x324 [8] 02 43 30 37 00 00 00 00 
BAT RX 0x322 [8] 00 F3 00 CE 03 01 46 46 
BAT RX 0x320 [8] 50 41 C3 85 85 00 00 00 
BAT RX 0x319 [8] C0 0C FD 0C FA 0E 06 00 
BAT RX 0x318 [8] 0C FB 0C FB 0C FB 0C FB 
BAT RX 0x317 [8] 0C FD 0C FC 0C FC 0C FC 
BAT RX 0x316 [8] 0C FB 0C FA 0C FA 0C FA 
BAT RX 0x315 [8] 0C FD 0C FC 0C FC 0C FC 
BAT RX 0x314 [8] 40 06 5B 04 00 03 05 41 
BAT RX 0x313 [8] 14 BE 00 00 00 DF 46 63 
BAT RX 0x312 [8] 00 00 00 00 02 00 00 00 
BAT RX 0x311 [8] 02 38 08 24 08 24 01 61 
BAT RX 0x301 [8] 0B 16 21 2C 37 42 4D 58 
BAT RX 0x301 [8] 0B 16 21 2C 37 42 4D 58 
BAT RX 0x330 [8] 01 02 01 01 0C FC 0C FA 
BAT RX 0x329 [8] 02 00 19 C0 02 00 40 48 
BAT RX 0x323 [8] 20 0E 10 00 00 00 00 00 
BAT RX 0x324 [8] 00 02 47 50 4A 30 32 31 
BAT RX 0x322 [8] 00 F3 00 CE 03 01 46 46 
BAT RX 0x320 [8] 50 41 C3 85 85 00 00 00 
BAT RX 0x319 [8] C0 0C FC 0C FA 02 01 00 
BAT RX 0x318 [8] 0C FB 0C FB 0C FB 0C FB 
BAT RX 0x317 [8] 0C FC 0C FC 0C FC 0C FC 
BAT RX 0x316 [8] 0C FA 0C FA 0C FA 0C FA 
BAT RX 0x315 [8] 0C FC 0C FC 0C FC 0C FC 
BAT RX 0x314 [8] 40 06 5B 04 00 02 05 41 
BAT RX 0x313 [8] 14 BE FF F7 00 DF 46 63 
BAT RX 0x312 [8] 00 00 00 00 02 00 00 00 
BAT RX 0x311 [8] 02 38 08 24 08 24 01 61 
[860s] OK V=53.10V I=-0.9A T=22.3C SOC=70% SOH=99% | CVL=56.8V CCL=208.4A DCL=208.4A | chg=1 dis=1 fc1=0 fc2=0 | prot=0000 warn=0000 | packs=2 | inv0x305=no
BAT RX 0x301 [8] 0B 16 21 2C 37 42 4D 58 
BAT RX 0x301 [8] 0B 16 21 2C 37 42 4D 58 
BAT RX 0x330 [8] 01 0D 01 01 0C FC 0C FA 
BAT RX 0x329 [8] 01 00 22 34 01 00 3F AD 
BAT RX 0x323 [8] 20 0E 10 00 00 00 00 00 
BAT RX 0x324 [8] 01 39 35 32 32 30 36 32 
BAT RX 0x322 [8] 00 F3 00 CE 03 01 46 46 
BAT RX 0x320 [8] 50 41 C3 85 85 00 00 00 
BAT RX 0x319 [8] C0 0C FC 0C FA 0D 01 00 
BAT RX 0x318 [8] 0C FB 0C FB 0C FB 0C FA 
BAT RX 0x317 [8] 0C FC 0C FB 0C FB 0C FB 
BAT RX 0x316 [8] 0C FA 0C FA 0C F9 0C F9 
BAT RX 0x315 [8] 0C FC 0C FC 0C FC 0C FC 
BAT RX 0x314 [8] 40 06 5B 04 00 03 05 41 
BAT RX 0x313 [8] 14 BE FF EF 00 DF 46 63 
BAT RX 0x312 [8] 00 00 00 00 02 00 00 00 
BAT RX 0x311 [8] 02 38 08 24 08 24 01 61 
BAT RX 0x301 [8] 0B 16 21 2C 37 42 4D 58 
BAT RX 0x301 [8] 0B 16 21 2C 37 42 4D 58 
BAT RX 0x330 [8] 01 10 01 03 0C FC 0C F9 
BAT RX 0x329 [8] 02 00 19 C0 02 00 40 48 
BAT RX 0x323 [8] 20 0E 10 00 00 00 00 00 
BAT RX 0x324 [8] 02 42 42 37 00 00 00 00 
BAT RX 0x322 [8] 00 F3 00 CE 03 01 46 46 
BAT RX 0x320 [8] 50 41 C3 85 85 00 00 00 
BAT RX 0x319 [8] C0 0C FC 0C F9 10 03 00 
BAT RX 0x318 [8] 0C FA 0C FA 0C FA 0C FA 
BAT RX 0x317 [8] 0C FC 0C FC 0C FB 0C FB 
BAT RX 0x316 [8] 0C FA 0C F9 0C F9 0C F9 
BAT RX 0x315 [8] 0C FC 0C FC 0C FB 0C FB 
BAT RX 0x314 [8] 40 06 5B 04 00 03 05 41 
BAT RX 0x313 [8] 14 BE FF E8 00 DF 46 63 
BAT RX 0x312 [8] 00 00 00 00 02 00 00 00 
BAT RX 0x311 [8] 02 38 08 24 08 24 01 61 
[862s] OK V=53.10V I=-2.4A T=22.3C SOC=70% SOH=99% | CVL=56.8V CCL=208.4A DCL=208.4A | chg=1 dis=1 fc1=0 fc2=0 | prot=0000 warn=0000 | packs=2 | inv0x305=no
BAT RX 0x301 [8] 0B 16 21 2C 37 42 4D 58 
BAT RX 0x301 [8] 0B 16 21 2C 37 42 4D 58 
BAT RX 0x330 [8] 01 07 01 01 0C FB 0C F9 
BAT RX 0x329 [8] 01 00 22 34 01 00 3F AD 
BAT RX 0x323 [8] 20 0E 10 00 00 00 00 00 
BAT RX 0x324 [8] 00 01 47 50 4A 30 32 31 
BAT RX 0x322 [8] 00 F3 00 CE 03 01 46 46 
BAT RX 0x320 [8] 50 41 C3 85 85 00 00 00 
BAT RX 0x319 [8] C0 0C FB 0C F9 07 01 00 
BAT RX 0x318 [8] 0C FA 0C FA 0C FA 0C FA 
BAT RX 0x317 [8] 0C FB 0C FB 0C FB 0C FB 
BAT RX 0x316 [8] 0C FA 0C F9 0C F9 0C F9 
BAT RX 0x315 [8] 0C FB 0C FB 0C FB 0C FA 
BAT RX 0x314 [8] 40 06 5B 04 00 02 05 41 
BAT RX 0x313 [8] 14 BE FF E4 00 DF 46 63 
BAT RX 0x312 [8] 00 00 00 00 02 00 00 00 
BAT RX 0x311 [8] 02 38 08 24 08 24 01 61 
BAT RX 0x301 [8] 0B 16 21 2C 37 42 4D 58 
BAT RX 0x301 [8] 0B 16 21 2C 37 42 4D 58 
BAT RX 0x330 [8] 02 03 01 01 0C FB 0C F9 
BAT RX 0x329 [8] 02 00 19 C0 02 00 40 48 
BAT RX 0x323 [8] 20 0E 10 00 00 00 00 00 
BAT RX 0x324 [8] 01 39 35 32 32 30 36 32 
BAT RX 0x322 [8] 00 F3 00 CE 03 01 46 46 
BAT RX 0x320 [8] 50 41 C3 85 85 00 00 00 
BAT RX 0x319 [8] C0 0C FB 0C F9 13 01 00 
BAT RX 0x318 [8] 0C FA 0C FA 0C FA 0C F9 
BAT RX 0x317 [8] 0C FB 0C FB 0C FB 0C FB 
BAT RX 0x316 [8] 0C F9 0C F9 0C F9 0C F9 
BAT RX 0x315 [8] 0C FA 0C FA 0C FA 0C FA 
BAT RX 0x314 [8] 40 06 5B 04 00 02 05 41 
BAT RX 0x313 [8] 14 BE FF DF 00 DF 46 63 
BAT RX 0x312 [8] 00 00 00 00 02 00 00 00 
BAT RX 0x311 [8] 02 38 08 24 08 24 01 61 
[864s] OK V=53.10V I=-3.3A T=22.3C SOC=70% SOH=99% | CVL=56.8V CCL=208.4A DCL=208.4A | chg=1 dis=1 fc1=0 fc2=0 | prot=0000 warn=0000 | packs=2 | inv0x305=no
BAT RX 0x301 [8] 0B 16 21 2C 37 42 4D 58 
BAT RX 0x301 [8] 0B 16 21 2C 37 42 4D 58 
BAT RX 0x330 [8] 01 08 01 01 0C FB 0C F8 
BAT RX 0x329 [8] 01 00 22 34 01 00 3F AD 
BAT RX 0x323 [8] 20 0E 10 00 00 00 00 00 
BAT RX 0x324 [8] 02 43 30 37 00 00 00 00 
BAT RX 0x322 [8] 00 F3 00 CE 03 01 46 46 
BAT RX 0x320 [8] 50 41 C3 85 85 00 00 00 
BAT RX 0x319 [8] C0 0C FB 0C F8 08 01 00 
BAT RX 0x318 [8] 0C F9 0C F9 0C F9 0C F9 
BAT RX 0x317 [8] 0C FA 0C FA 0C FA 0C FA 
BAT RX 0x316 [8] 0C F9 0C F9 0C F9 0C F9 
BAT RX 0x315 [8] 0C FB 0C FA 0C FA 0C FA 
BAT RX 0x314 [8] 3F FC 5B 04 00 02 05 41 
BAT RX 0x313 [8] 14 BE FF DB 00 DF 46 63 
BAT RX 0x312 [8] 00 00 00 00 02 00 00 00 
BAT RX 0x311 [8] 02 38 08 24 08 24 01 61 
BAT RX 0x301 [8] 0B 16 21 2C 37 42 4D 58 
BAT RX 0x301 [8] 0B 16 21 2C 37 42 4D 58 
BAT RX 0x330 [8] 01 0E 01 02 0C FB 0C F8 
BAT RX 0x329 [8] 02 00 19 C0 02 00 40 48 
BAT RX 0x323 [8] 20 0E 10 00 00 00 00 00 
BAT RX 0x324 [8] 00 02 47 50 4A 30 32 31 
BAT RX 0x322 [8] 00 F3 00 CE 03 01 46 46 
BAT RX 0x320 [8] 50 41 C3 85 85 00 00 00 
BAT RX 0x319 [8] C0 0C FB 0C F8 0E 02 00 
BAT RX 0x318 [8] 0C F9 0C F9 0C F9 0C F9 
BAT RX 0x317 [8] 0C FB 0C FA 0C FA 0C FA 
BAT RX 0x316 [8] 0C F8 0C F8 0C F8 0C F8 
BAT RX 0x315 [8] 0C FB 0C FA 0C FA 0C FA 
BAT RX 0x314 [8] 3F FC 5B 04 00 03 05 41 
BAT RX 0x313 [8] 14 BE FF D9 00 DF 46 63 
BAT RX 0x312 [8] 00 00 00 00 02 00 00 00 
BAT RX 0x311 [8] 02 38 08 24 08 24 01 63 
[866s] OK V=53.10V I=-3.9A T=22.3C SOC=70% SOH=99% | CVL=56.8V CCL=208.4A DCL=208.4A | chg=1 dis=1 fc1=0 fc2=0 | prot=0000 warn=0000 | packs=2 | inv0x305=no
BAT RX 0x301 [8] 0B 16 21 2C 37 42 4D 58 
BAT RX 0x301 [8] 0B 16 21 2C 37 42 4D 58 
BAT RX 0x330 [8] 01 07 01 05 0C FB 0C F8 
BAT RX 0x329 [8] 01 00 22 34 01 00 3F AD 
BAT RX 0x323 [8] 20 0E 10 00 00 00 00 00 
BAT RX 0x324 [8] 01 39 35 32 32 30 36 32 
BAT RX 0x322 [8] 00 F3 00 CE 03 01 46 46 
BAT RX 0x320 [8] 50 41 C3 85 85 00 00 00 
BAT RX 0x319 [8] C0 0C FB 0C F8 07 05 00 
BAT RX 0x318 [8] 0C F9 0C F9 0C F9 0C F9 
BAT RX 0x317 [8] 0C FA 0C FA 0C FA 0C FA 
BAT RX 0x316 [8] 0C F9 0C F8 0C F8 0C F8 
BAT RX 0x315 [8] 0C FB 0C FB 0C FA 0C FA 
BAT RX 0x314 [8] 3F FC 5B 04 00 03 05 41 
BAT RX 0x313 [8] 14 BE FF D5 00 DF 46 63 
BAT RX 0x312 [8] 00 00 00 00 02 00 00 00 
BAT RX 0x311 [8] 02 38 08 24 08 24 01 63 
BAT RX 0x301 [8] 0B 16 21 2C 37 42 4D 58 
BAT RX 0x301 [8] 0B 16 21 2C 37 42 4D 58 
BAT RX 0x330 [8] 01 0E 01 01 0C FB 0C F8 
BAT RX 0x329 [8] 02 00 19 C0 02 00 40 48 
BAT RX 0x323 [8] 20 0E 10 00 00 00 00 00 
BAT RX 0x324 [8] 02 42 42 37 00 00 00 00 
BAT RX 0x322 [8] 00 F3 00 CE 03 01 46 46 
BAT RX 0x320 [8] 50 41 C3 85 85 00 00 00 
BAT RX 0x319 [8] C0 0C FB 0C F8 0E 01 00 
BAT RX 0x318 [8] 0C F9 0C F9 0C F9 0C F9 
BAT RX 0x317 [8] 0C FA 0C FA 0C FA 0C FA 
BAT RX 0x316 [8] 0C F8 0C F8 0C F8 0C F8 
BAT RX 0x315 [8] 0C FB 0C FA 0C FA 0C FA 
BAT RX 0x314 [8] 3F FC 5B 04 00 03 05 41 
BAT RX 0x313 [8] 14 BE FF D2 00 DF 46 63 
BAT RX 0x312 [8] 00 00 00 00 02 00 00 00 
BAT RX 0x311 [8] 02 38 08 24 08 24 01 63 
[868s] OK V=53.10V I=-4.6A T=22.3C SOC=70% SOH=99% | CVL=56.8V CCL=208.4A DCL=208.4A | chg=1 dis=1 fc1=0 fc2=0 | prot=0000 warn=0000 | packs=2 | inv0x305=no
BAT RX 0x301 [8] 0B 16 21 2C 37 42 4D 58 
BAT RX 0x301 [8] 0B 16 21 2C 37 42 4D 58 
BAT RX 0x330 [8] 01 0E 01 01 0C FA 0C F8 
BAT RX 0x329 [8] 01 00 22 34 01 00 3F AD 
BAT RX 0x323 [8] 20 0E 10 00 00 00 00 00 
BAT RX 0x324 [8] 00 01 47 50 4A 30 32 31 
BAT RX 0x322 [8] 00 F3 00 CE 03 01 46 46 
BAT RX 0x320 [8] 50 41 C3 85 85 00 00 00 
BAT RX 0x319 [8] C0 0C FA 0C F8 0E 01 00 
BAT RX 0x318 [8] 0C F9 0C F9 0C F9 0C F8 
BAT RX 0x317 [8] 0C FA 0C FA 0C FA 0C FA 
BAT RX 0x316 [8] 0C F8 0C F8 0C F8 0C F8 
BAT RX 0x315 [8] 0C FA 0C FA 0C FA 0C F9 
BAT RX 0x314 [8] 3F FC 5B 04 00 02 05 41 
BAT RX 0x313 [8] 14 BE FF D1 00 DF 46 63 
BAT RX 0x312 [8] 00 00 00 00 02 00 00 00 
BAT RX 0x311 [8] 02 38 08 24 08 24 01 63 

---- battery-bus rate stats (VERBOSE_STATS) ----------------------------
  13144 frames, 870 s elapsed
  ID     count   period(ms)  (min-max gap)
  0x324     864   1002 (1-4867)
  0x329     866    998 (1-4866)
  0x330     869    994 (0-4000)
  0x312     864   1000 (1-4867)
  0x313     864   1000 (1-4867)
  0x314     864   1000 (1-4867)
  0x315     864   1000 (1-4867)
  0x316     864   1000 (1-4867)
  0x317     864   1000 (1-4867)
  0x318     864   1000 (1-4867)
  0x319     864   1000 (1-4867)
  0x320     864   1000 (1-4866)
  0x322     864   1000 (0-4867)
  0x311     864   1000 (1-4867)
  0x323     865    999 (1-4866)
  0x301     176    492 (0-503)
--------------------------------------------------------------------------

  TWAI: state=RUNNING  tx_err=0 rx_err=0  tx_failed=0  rx_missed=111 rx_overrun=0  arb_lost=0  bus_err=17
BAT RX 0x301 [8] 0B 16 21 2C 37 42 4D 58 
BAT RX 0x301 [8] 0B 16 21 2C 37 42 4D 58 
BAT RX 0x330 [8] 01 07 01 04 0C FA 0C F8 
BAT RX 0x329 [8] 02 00 19 C0 02 00 40 48 
BAT RX 0x323 [8] 20 0E 10 00 00 00 00 00 
BAT RX 0x324 [8] 01 39 35 32 32 30 36 32 
BAT RX 0x322 [8] 00 F3 00 CE 03 01 46 46 
BAT RX 0x320 [8] 50 41 C3 85 85 00 00 00 
BAT RX 0x319 [8] C0 0C FA 0C F8 07 04 00 
BAT RX 0x318 [8] 0C F9 0C F9 0C F9 0C F8 
BAT RX 0x317 [8] 0C FA 0C FA 0C FA 0C F9 
BAT RX 0x316 [8] 0C F8 0C F8 0C F8 0C F8 
BAT RX 0x315 [8] 0C FA 0C FA 0C FA 0C FA 
BAT RX 0x314 [8] 3F FC 5B 04 00 02 05 41 
BAT RX 0x313 [8] 14 BE FF D0 00 DF 46 63 
BAT RX 0x312 [8] 00 00 00 00 02 00 00 00 
BAT RX 0x311 [8] 02 38 08 24 08 24 01 63 
[870s] OK V=53.10V I=-4.8A T=22.3C SOC=70% SOH=99% | CVL=56.8V CCL=208.4A DCL=208.4A | chg=1 dis=1 fc1=0 fc2=0 | prot=0000 warn=0000 | packs=2 | inv0x305=no
BAT RX 0x301 [8] 0B 16 21 2C 37 42 4D 58 
BAT RX 0x301 [8] 0B 16 21 2C 37 42 4D 58 
BAT RX 0x330 [8] 01 09 01 01 0C FA 0C F8 
BAT RX 0x329 [8] 01 00 22 34 01 00 3F AD 
BAT RX 0x323 [8] 20 0E 10 00 00 00 00 00 
BAT RX 0x324 [8] 02 43 30 37 00 00 00 00 
BAT RX 0x322 [8] 00 F3 00 CE 03 01 46 46 
BAT RX 0x320 [8] 50 41 C3 85 85 00 00 00 
BAT RX 0x319 [8] C0 0C FA 0C F8 09 01 00 
BAT RX 0x318 [8] 0C F9 0C F9 0C F9 0C F8 
BAT RX 0x317 [8] 0C FA 0C F9 0C F9 0C F9 
BAT RX 0x316 [8] 0C F8 0C F8 0C F8 0C F8 
BAT RX 0x315 [8] 0C FA 0C FA 0C F9 0C F9 
BAT RX 0x314 [8] 3F FC 5B 04 00 02 05 41 
BAT RX 0x313 [8] 14 BE FF CC 00 DF 46 63 
BAT RX 0x312 [8] 00 00 00 00 02 00 00 00 
BAT RX 0x311 [8] 02 38 08 24 08 24 01 63 
BAT RX 0x301 [8] 0B 16 21 2C 37 42 4D 58 
BAT RX 0x301 [8] 0B 16 21 2C 37 42 4D 58 
BAT RX 0x330 [8] 01 06 01 02 0C FA 0C F8 
BAT RX 0x329 [8] 02 00 19 C0 02 00 40 48 
BAT RX 0x323 [8] 20 0E 10 00 00 00 00 00 
BAT RX 0x324 [8] 00 02 47 50 4A 30 32 31 
BAT RX 0x322 [8] 00 F3 00 CE 03 01 46 46 
BAT RX 0x320 [8] 50 41 C3 85 85 00 00 00 
BAT RX 0x319 [8] C0 0C FA 0C F8 06 02 00 
BAT RX 0x318 [8] 0C F9 0C F9 0C F8 0C F8 
BAT RX 0x317 [8] 0C FA 0C F9 0C F9 0C F9 
BAT RX 0x316 [8] 0C F8 0C F8 0C F7 0C F7 
BAT RX 0x315 [8] 0C FA 0C FA 0C F9 0C F9 
BAT RX 0x314 [8] 3F FC 5B 04 00 03 05 41 
BAT RX 0x313 [8] 14 BE FF CB 00 DF 46 63 
BAT RX 0x312 [8] 00 00 00 00 02 00 00 00 
BAT RX 0x311 [8] 02 38 08 24 08 24 01 63 
[872s] OK V=53.10V I=-5.3A T=22.3C SOC=70% SOH=99% | CVL=56.8V CCL=208.4A DCL=208.4A | chg=1 dis=1 fc1=0 fc2=0 | prot=0000 warn=0000 | packs=2 | inv0x305=no
BAT RX 0x301 [8] 0B 16 21 2C 37 42 4D 58 
BAT RX 0x301 [8] 0B 16 21 2C 37 42 4D 58 
BAT RX 0x330 [8] 01 09 01 01 0C FA 0C F7 
BAT RX 0x329 [8] 01 00 22 34 01 00 3F AD 
BAT RX 0x323 [8] 20 0E 10 00 00 00 00 00 
BAT RX 0x324 [8] 01 39 35 32 32 30 36 32 
BAT RX 0x322 [8] 00 F3 00 CE 03 01 46 46 
BAT RX 0x320 [8] 50 41 C3 85 85 00 00 00 
BAT RX 0x319 [8] C0 0C FA 0C F7 09 01 00 
BAT RX 0x318 [8] 0C F9 0C F9 0C F9 0C F8 
BAT RX 0x317 [8] 0C F9 0C F9 0C F9 0C F9 
BAT RX 0x316 [8] 0C F8 0C F8 0C F8 0C F8 
BAT RX 0x315 [8] 0C FA 0C FA 0C FA 0C F9 
BAT RX 0x314 [8] 3F FC 5B 04 00 02 05 41 
BAT RX 0x313 [8] 14 BE FF C9 00 DF 46 63 
BAT RX 0x312 [8] 00 00 00 00 02 00 00 00 
BAT RX 0x311 [8] 02 38 08 24 08 24 01 63 
BAT RX 0x301 [8] 0B 16 21 2C 37 42 4D 58 
BAT RX 0x301 [8] 0B 16 21 2C 37 42 4D 58 
BAT RX 0x330 [8] 01 10 01 03 0C FA 0C F7 
BAT RX 0x329 [8] 02 00 19 C0 02 00 40 48 
BAT RX 0x323 [8] 20 0E 10 00 00 00 00 00 
BAT RX 0x324 [8] 02 42 42 37 00 00 00 00 
BAT RX 0x322 [8] 00 F3 00 CE 03 01 46 46 
BAT RX 0x320 [8] 50 41 C3 85 85 00 00 00 
BAT RX 0x319 [8] C0 0C FA 0C F7 10 03 00 
BAT RX 0x318 [8] 0C F8 0C F8 0C F8 0C F8 
BAT RX 0x317 [8] 0C F9 0C F9 0C F9 0C F9 
BAT RX 0x316 [8] 0C F8 0C F8 0C F7 0C F7 
BAT RX 0x315 [8] 0C FB 0C FA 0C F9 0C F9 
BAT RX 0x314 [8] 3F FC 5B 04 00 04 05 41 
BAT RX 0x313 [8] 14 BE FF C7 00 DF 46 63 
BAT RX 0x312 [8] 00 00 00 00 02 00 00 00 
BAT RX 0x311 [8] 02 38 08 24 08 24 01 63 
[874s] OK V=53.10V I=-5.7A T=22.3C SOC=70% SOH=99% | CVL=56.8V CCL=208.4A DCL=208.4A | chg=1 dis=1 fc1=0 fc2=0 | prot=0000 warn=0000 | packs=2 | inv0x305=no
BAT RX 0x301 [8] 0B 16 21 2C 37 42 4D 58 
BAT RX 0x301 [8] 0B 16 21 2C 37 42 4D 58 
BAT RX 0x330 [8] 01 0D 01 01 0C FA 0C F7 
BAT RX 0x329 [8] 01 00 22 34 01 00 3F AD 
BAT RX 0x323 [8] 20 0E 10 00 00 00 00 00 
BAT RX 0x324 [8] 00 01 47 50 4A 30 32 31 
BAT RX 0x322 [8] 00 F3 00 CE 03 01 46 46 
BAT RX 0x320 [8] 50 41 C3 85 85 00 00 00 
BAT RX 0x319 [8] C0 0C FA 0C F7 0D 01 00 
BAT RX 0x318 [8] 0C F8 0C F8 0C F8 0C F8 
BAT RX 0x317 [8] 0C F9 0C F9 0C F9 0C F9 
BAT RX 0x316 [8] 0C F8 0C F7 0C F7 0C F7 
BAT RX 0x315 [8] 0C F9 0C F9 0C F9 0C F9 
BAT RX 0x314 [8] 3F FC 5B 04 00 02 05 41 
BAT RX 0x313 [8] 14 BE FF C5 00 DF 46 63 
BAT RX 0x312 [8] 00 00 00 00 02 00 00 00 
BAT RX 0x311 [8] 02 38 08 24 08 24 01 63 
BAT RX 0x301 [8] 0B 16 21 2C 37 42 4D 58 
BAT RX 0x301 [8] 0B 16 21 2C 37 42 4D 58 
BAT RX 0x330 [8] 01 09 01 02 0C F9 0C F7 
BAT RX 0x329 [8] 02 00 19 C0 02 00 40 48 
BAT RX 0x323 [8] 20 0E 10 00 00 00 00 00 
BAT RX 0x324 [8] 01 39 35 32 32 30 36 32 
BAT RX 0x322 [8] 00 F3 00 CE 03 01 46 46 
BAT RX 0x320 [8] 50 41 C3 85 85 00 00 00 
BAT RX 0x319 [8] C0 0C F9 0C F7 09 02 00 
BAT RX 0x318 [8] 0C F8 0C F8 0C F8 0C F7 
BAT RX 0x317 [8] 0C F9 0C F9 0C F9 0C F9 
BAT RX 0x316 [8] 0C F7 0C F7 0C F7 0C F7 
BAT RX 0x315 [8] 0C FA 0C F9 0C F9 0C F8 
BAT RX 0x314 [8] 3F FC 5B 04 00 03 05 41 
BAT RX 0x313 [8] 14 BE FF C4 00 DF 46 63 
BAT RX 0x312 [8] 00 00 00 00 02 00 00 00 
BAT RX 0x311 [8] 02 38 08 24 08 24 01 63 
[876s] OK V=53.10V I=-6.0A T=22.3C SOC=70% SOH=99% | CVL=56.8V CCL=208.4A DCL=208.4A | chg=1 dis=1 fc1=0 fc2=0 | prot=0000 warn=0000 | packs=2 | inv0x305=no
BAT RX 0x301 [8] 0B 16 21 2C 37 42 4D 58 
BAT RX 0x301 [8] 0B 16 21 2C 37 42 4D 58 
BAT RX 0x330 [8] 01 07 01 04 0C F9 0C F6 
BAT RX 0x329 [8] 01 00 22 34 01 00 3F AD 
BAT RX 0x323 [8] 20 0E 10 00 00 00 00 00 
BAT RX 0x324 [8] 02 43 30 37 00 00 00 00 
BAT RX 0x322 [8] 00 F3 00 CE 03 01 46 46 
BAT RX 0x320 [8] 50 41 C3 85 85 00 00 00 
BAT RX 0x319 [8] C0 0C F9 0C F6 07 04 00 
BAT RX 0x318 [8] 0C F8 0C F8 0C F8 0C F7 
BAT RX 0x317 [8] 0C F9 0C F9 0C F8 0C F8 
BAT RX 0x316 [8] 0C F7 0C F7 0C F7 0C F7 
BAT RX 0x315 [8] 0C F9 0C F9 0C F8 0C F8 
BAT RX 0x314 [8] 3F FC 5B 04 00 02 05 41 
BAT RX 0x313 [8] 14 BE FF C3 00 DF 46 63 
BAT RX 0x312 [8] 00 00 00 00 02 00 00 00 
BAT RX 0x311 [8] 02 38 08 24 08 24 01 63 
BAT RX 0x301 [8] 0B 16 21 2C 37 42 4D 58 
BAT RX 0x301 [8] 0B 16 21 2C 37 42 4D 58 
BAT RX 0x330 [8] 01 0E 01 06 0C FA 0C F6 
BAT RX 0x329 [8] 02 00 19 C0 02 00 40 48 
BAT RX 0x323 [8] 20 0E 10 00 00 00 00 00 
BAT RX 0x324 [8] 00 02 47 50 4A 30 32 31 
BAT RX 0x322 [8] 00 F3 00 CE 03 01 46 46 
BAT RX 0x320 [8] 50 41 C3 85 85 00 00 00 
BAT RX 0x319 [8] C0 0C FA 0C F6 0E 06 00 
BAT RX 0x318 [8] 0C F8 0C F8 0C F8 0C F7 
BAT RX 0x317 [8] 0C F9 0C F9 0C F8 0C F8 
BAT RX 0x316 [8] 0C F7 0C F7 0C F7 0C F6 
BAT RX 0x315 [8] 0C F9 0C F9 0C F9 0C F8 
BAT RX 0x314 [8] 3F FC 5B 04 00 03 05 41 
BAT RX 0x313 [8] 14 BE FF C1 00 DF 46 63 
BAT RX 0x312 [8] 00 00 00 00 02 00 00 00 
BAT RX 0x311 [8] 02 38 08 24 08 24 01 63 
[878s] OK V=53.10V I=-6.3A T=22.3C SOC=70% SOH=99% | CVL=56.8V CCL=208.4A DCL=208.4A | chg=1 dis=1 fc1=0 fc2=0 | prot=0000 warn=0000 | packs=2 | inv0x305=no
BAT RX 0x301 [8] 0B 16 21 2C 37 42 4D 58 
BAT RX 0x301 [8] 0B 16 21 2C 37 42 4D 58 
BAT RX 0x330 [8] 01 09 01 02 0C F9 0C F6 
BAT RX 0x329 [8] 01 00 22 34 01 00 3F AD 
BAT RX 0x323 [8] 20 0E 10 00 00 00 00 00 
BAT RX 0x324 [8] 01 39 35 32 32 30 36 32 
BAT RX 0x322 [8] 00 F3 00 CE 03 01 46 46 
BAT RX 0x320 [8] 50 41 C3 85 85 00 00 00 
BAT RX 0x319 [8] C0 0C F9 0C F6 09 02 00 
BAT RX 0x318 [8] 0C F8 0C F7 0C F7 0C F7 
BAT RX 0x317 [8] 0C F9 0C F8 0C F8 0C F8 
BAT RX 0x316 [8] 0C F7 0C F7 0C F7 0C F6 
BAT RX 0x315 [8] 0C F9 0C F9 0C F8 0C F8 
BAT RX 0x314 [8] 3F FC 5B 04 00 03 05 41 
BAT RX 0x313 [8] 14 BE FF BF 00 DF 46 63 
BAT RX 0x312 [8] 00 00 00 00 02 00 00 00 
BAT RX 0x311 [8] 02 38 08 24 08 24 01 63 
BAT RX 0x301 [8] 0B 16 21 2C 37 42 4D 58 
BAT RX 0x301 [8] 0B 16 21 2C 37 42 4D 58 
BAT RX 0x330 [8] 01 0E 01 02 0C F9 0C F6 
BAT RX 0x329 [8] 02 00 19 C0 02 00 40 48 
BAT RX 0x323 [8] 20 0E 10 00 00 00 00 00 
BAT RX 0x324 [8] 02 42 42 37 00 00 00 00 
BAT RX 0x322 [8] 00 F3 00 CE 03 01 46 46 
BAT RX 0x320 [8] 50 41 C3 85 85 00 00 00 
BAT RX 0x319 [8] C0 0C F9 0C F6 0E 02 00 
BAT RX 0x318 [8] 0C F7 0C F7 0C F7 0C F7 
BAT RX 0x317 [8] 0C F8 0C F8 0C F8 0C F8 
BAT RX 0x316 [8] 0C F7 0C F7 0C F6 0C F6 
BAT RX 0x315 [8] 0C F9 0C F8 0C F8 0C F8 
BAT RX 0x314 [8] 3F FC 5B 04 00 03 05 41 
BAT RX 0x313 [8] 14 BE FF BC 00 DF 46 63 
BAT RX 0x312 [8] 00 00 00 00 02 00 00 00 
BAT RX 0x311 [8] 02 38 08 24 08 24 01 63 
[880s] OK V=53.10V I=-6.8A T=22.3C SOC=70% SOH=99% | CVL=56.8V CCL=208.4A DCL=208.4A | chg=1 dis=1 fc1=0 fc2=0 | prot=0000 warn=0000 | packs=2 | inv0x305=no
BAT RX 0x301 [8] 0B 16 21 2C 37 42 4D 58 
BAT RX 0x301 [8] 0B 16 21 2C 37 42 4D 58 
BAT RX 0x330 [8] 01 10 01 04 0C F9 0C F6 
BAT RX 0x329 [8] 01 00 22 34 01 00 3F AD 
BAT RX 0x323 [8] 20 0E 10 00 00 00 00 00 
BAT RX 0x324 [8] 00 01 47 50 4A 30 32 31 
BAT RX 0x322 [8] 00 F3 00 CE 03 01 46 46 
BAT RX 0x320 [8] 50 41 C3 85 85 00 00 00 
BAT RX 0x319 [8] C0 0C F9 0C F6 10 04 00 
BAT RX 0x318 [8] 0C F7 0C F7 0C F7 0C F7 
BAT RX 0x317 [8] 0C F8 0C F8 0C F8 0C F8 
BAT RX 0x316 [8] 0C F7 0C F7 0C F6 0C F6 
BAT RX 0x315 [8] 0C F9 0C F9 0C F8 0C F8 
BAT RX 0x314 [8] 3F FC 5B 04 00 03 05 41 
BAT RX 0x313 [8] 14 BE FF BD 00 DF 46 63 
BAT RX 0x312 [8] 00 00 00 00 02 00 00 00 
BAT RX 0x311 [8] 02 38 08 24 08 24 01 63 
BAT RX 0x301 [8] 0B 16 21 2C 37 42 4D 58 
BAT RX 0x301 [8] 0B 16 21 2C 37 42 4D 58 
BAT RX 0x330 [8] 01 0E 01 02 0C F9 0C F6 
BAT RX 0x329 [8] 02 00 19 C0 02 00 40 48 
BAT RX 0x323 [8] 20 0E 10 00 00 00 00 00 
BAT RX 0x324 [8] 01 39 35 32 32 30 36 32 
BAT RX 0x322 [8] 00 F3 00 CE 03 01 46 46 
BAT RX 0x320 [8] 50 41 C3 85 85 00 00 00 
BAT RX 0x319 [8] C0 0C F9 0C F6 0E 02 00 
BAT RX 0x318 [8] 0C F7 0C F7 0C F7 0C F7 
BAT RX 0x317 [8] 0C F8 0C F8 0C F8 0C F8 
BAT RX 0x316 [8] 0C F7 0C F6 0C F6 0C F6 
BAT RX 0x315 [8] 0C F9 0C F8 0C F8 0C F8 
BAT RX 0x314 [8] 3F FC 5B 04 00 03 05 41 
BAT RX 0x313 [8] 14 BE FF BA 00 DF 46 63 
BAT RX 0x312 [8] 00 00 00 00 02 00 00 00 
BAT RX 0x311 [8] 02 38 08 24 08 24 01 63 
[882s] OK V=53.10V I=-7.0A T=22.3C SOC=70% SOH=99% | CVL=56.8V CCL=208.4A DCL=208.4A | chg=1 dis=1 fc1=0 fc2=0 | prot=0000 warn=0000 | packs=2 | inv0x305=no
BAT RX 0x301 [8] 0B 16 21 2C 37 42 4D 58 
BAT RX 0x301 [8] 0B 16 21 2C 37 42 4D 58 
BAT RX 0x330 [8] 01 0E 01 02 0C F9 0C F6 
BAT RX 0x329 [8] 01 00 22 34 01 00 3F AD 
BAT RX 0x323 [8] 20 0E 10 00 00 00 00 00 
BAT RX 0x324 [8] 02 43 30 37 00 00 00 00 
BAT RX 0x322 [8] 00 F3 00 CE 03 01 46 46 
BAT RX 0x320 [8] 50 41 C3 85 85 00 00 00 
BAT RX 0x319 [8] C0 0C F9 0C F6 0E 02 00 
BAT RX 0x318 [8] 0C F7 0C F7 0C F7 0C F6 
BAT RX 0x317 [8] 0C F9 0C F8 0C F8 0C F8 
BAT RX 0x316 [8] 0C F6 0C F6 0C F6 0C F6 
BAT RX 0x315 [8] 0C F8 0C F8 0C F8 0C F8 
BAT RX 0x314 [8] 3F FC 5B 04 00 03 05 41 
BAT RX 0x313 [8] 14 BE FF B9 00 DF 46 63 
BAT RX 0x312 [8] 00 00 00 00 02 00 00 00 
BAT RX 0x311 [8] 02 38 08 24 08 24 01 63 
BAT RX 0x301 [8] 0B 16 21 2C 37 42 4D 58 
BAT RX 0x301 [8] 0B 16 21 2C 37 42 4D 58 
BAT RX 0x330 [8] 01 0E 01 01 0C F9 0C F6 
BAT RX 0x329 [8] 02 00 19 C0 02 00 40 48 
BAT RX 0x323 [8] 20 0E 10 00 00 00 00 00 
BAT RX 0x324 [8] 00 02 47 50 4A 30 32 31 
BAT RX 0x322 [8] 00 F3 00 CE 03 01 46 46 
BAT RX 0x320 [8] 50 41 C3 85 85 00 00 00 
BAT RX 0x319 [8] C0 0C F9 0C F6 0E 01 00 
BAT RX 0x318 [8] 0C F7 0C F7 0C F7 0C F6 
BAT RX 0x317 [8] 0C F8 0C F8 0C F8 0C F7 
BAT RX 0x316 [8] 0C F6 0C F6 0C F6 0C F6 
BAT RX 0x315 [8] 0C F8 0C F8 0C F8 0C F8 
BAT RX 0x314 [8] 3F FC 5B 04 00 02 05 41 
BAT RX 0x313 [8] 14 BE FF B7 00 DF 46 63 
BAT RX 0x312 [8] 00 00 00 00 02 00 00 00 
BAT RX 0x311 [8] 02 38 08 24 08 24 01 63 
[884s] OK V=53.10V I=-7.3A T=22.3C SOC=70% SOH=99% | CVL=56.8V CCL=208.4A DCL=208.4A | chg=1 dis=1 fc1=0 fc2=0 | prot=0000 warn=0000 | packs=2 | inv0x305=no

---- battery-bus rate stats (VERBOSE_STATS) ----------------------------
  13399 frames, 885 s elapsed
  ID     count   period(ms)  (min-max gap)
  0x324     879   1002 (1-4867)
  0x329     881    998 (1-4866)
  0x330     884    994 (0-4000)
  0x312     879   1000 (1-4867)
  0x313     879   1000 (1-4867)
  0x314     879   1000 (1-4867)
  0x315     879   1000 (1-4867)
  0x316     879   1000 (1-4867)
  0x317     879   1000 (1-4867)
  0x318     879   1000 (1-4867)
  0x319     879   1000 (1-4867)
  0x320     879   1000 (1-4866)
  0x322     879   1000 (0-4867)
  0x311     879   1000 (1-4867)
  0x323     880    999 (1-4866)
  0x301     206    493 (0-505)
--------------------------------------------------------------------------

  TWAI: state=RUNNING  tx_err=0 rx_err=0  tx_failed=0  rx_missed=111 rx_overrun=0  arb_lost=0  bus_err=17
BAT RX 0x301 [8] 0B 16 21 2C 37 42 4D 58 
BAT RX 0x301 [8] 0B 16 21 2C 37 42 4D 58 
BAT RX 0x330 [8] 01 09 01 01 0C F8 0C F6 
BAT RX 0x329 [8] 01 00 22 34 01 00 3F AD 
BAT RX 0x323 [8] 20 0E 10 00 00 00 00 00 
BAT RX 0x324 [8] 01 39 35 32 32 30 36 32 
BAT RX 0x322 [8] 00 F3 00 CE 03 01 46 46 
BAT RX 0x320 [8] 50 41 C3 85 85 00 00 00 
BAT RX 0x319 [8] C0 0C F8 0C F6 09 01 00 
BAT RX 0x318 [8] 0C F7 0C F7 0C F7 0C F7 
BAT RX 0x317 [8] 0C F8 0C F8 0C F7 0C F7 
BAT RX 0x316 [8] 0C F6 0C F6 0C F6 0C F5 
BAT RX 0x315 [8] 0C F9 0C F8 0C F8 0C F8 
BAT RX 0x314 [8] 3F FC 5B 04 00 04 05 41 
BAT RX 0x313 [8] 14 BE FF B4 00 DF 46 63 
BAT RX 0x312 [8] 00 00 00 00 02 00 00 00 
BAT RX 0x311 [8] 02 38 08 24 08 24 01 63 
BAT RX 0x301 [8] 0B 16 21 2C 37 42 4D 58 
BAT RX 0x301 [8] 0B 16 21 2C 37 42 4D 58 
BAT RX 0x330 [8] 01 07 01 01 0C F8 0C F6 
BAT RX 0x329 [8] 02 00 19 C0 02 00 40 48 
BAT RX 0x323 [8] 20 0E 10 00 00 00 00 00 
BAT RX 0x324 [8] 02 42 42 37 00 00 00 00 
BAT RX 0x322 [8] 00 F3 00 CE 03 01 46 46 
BAT RX 0x320 [8] 50 41 C3 85 85 00 00 00 
BAT RX 0x319 [8] C0 0C F8 0C F6 07 01 00 
BAT RX 0x318 [8] 0C F7 0C F7 0C F6 0C F6 
BAT RX 0x317 [8] 0C F8 0C F8 0C F8 0C F7 
BAT RX 0x316 [8] 0C F6 0C F6 0C F6 0C F6 
BAT RX 0x315 [8] 0C F8 0C F8 0C F7 0C F7 
BAT RX 0x314 [8] 3F FC 5B 04 00 02 05 41 
BAT RX 0x313 [8] 14 BE FF B3 00 DF 46 63 
BAT RX 0x312 [8] 00 00 00 00 02 00 00 00 
BAT RX 0x311 [8] 02 38 08 24 08 24 01 63 
[886s] OK V=53.10V I=-7.7A T=22.3C SOC=70% SOH=99% | CVL=56.8V CCL=208.4A DCL=208.4A | chg=1 dis=1 fc1=0 fc2=0 | prot=0000 warn=0000 | packs=2 | inv0x305=no
BAT RX 0x301 [8] 0B 16 21 2C 37 42 4D 58 
BAT RX 0x301 [8] 0B 16 21 2C 37 42 4D 58 
BAT RX 0x330 [8] 01 0E 01 06 0C F8 0C F5 
BAT RX 0x329 [8] 01 00 22 34 01 00 3F AD 
BAT RX 0x323 [8] 20 0E 10 00 00 00 00 00 
BAT RX 0x324 [8] 00 01 47 50 4A 30 32 31 
BAT RX 0x322 [8] 00 F3 00 CE 03 01 46 46 
BAT RX 0x320 [8] 50 41 C3 85 85 00 00 00 
BAT RX 0x319 [8] C0 0C F8 0C F5 0E 06 00 
BAT RX 0x318 [8] 0C F7 0C F6 0C F6 0C F6 
BAT RX 0x317 [8] 0C F8 0C F8 0C F7 0C F7 
BAT RX 0x316 [8] 0C F6 0C F6 0C F5 0C F5 
BAT RX 0x315 [8] 0C F8 0C F8 0C F7 0C F7 
BAT RX 0x314 [8] 3F FC 5B 04 00 03 05 41 
BAT RX 0x313 [8] 14 B4 FF B0 00 DF 46 63 
BAT RX 0x312 [8] 00 00 00 00 02 00 00 00 
BAT RX 0x311 [8] 02 38 08 24 08 24 01 63 
BAT RX 0x301 [8] 0B 16 21 2C 37 42 4D 58 
BAT RX 0x301 [8] 0B 16 21 2C 37 42 4D 58 
BAT RX 0x330 [8] 01 09 01 06 0C F8 0C F5 
BAT RX 0x329 [8] 02 00 19 C0 02 00 40 48 
BAT RX 0x323 [8] 20 0E 10 00 00 00 00 00 
BAT RX 0x324 [8] 01 39 35 32 32 30 36 32 
BAT RX 0x322 [8] 00 F3 00 CE 03 01 46 46 
BAT RX 0x320 [8] 50 41 C3 85 85 00 00 00 
BAT RX 0x319 [8] C0 0C F8 0C F5 09 06 00 
BAT RX 0x318 [8] 0C F6 0C F6 0C F6 0C F6 
BAT RX 0x317 [8] 0C F7 0C F7 0C F7 0C F7 
BAT RX 0x316 [8] 0C F6 0C F6 0C F5 0C F5 
BAT RX 0x315 [8] 0C F8 0C F8 0C F8 0C F7 
BAT RX 0x314 [8] 3F FC 5B 04 00 03 05 41 
BAT RX 0x313 [8] 14 B4 FF B0 00 DF 46 63 
BAT RX 0x312 [8] 00 00 00 00 02 00 00 00 
BAT RX 0x311 [8] 02 38 08 24 08 24 01 63 
[888s] OK V=53.00V I=-8.0A T=22.3C SOC=70% SOH=99% | CVL=56.8V CCL=208.4A DCL=208.4A | chg=1 dis=1 fc1=0 fc2=0 | prot=0000 warn=0000 | packs=2 | inv0x305=no
BAT RX 0x301 [8] 0B 16 21 2C 37 42 4D 58 
BAT RX 0x301 [8] 0B 16 21 2C 37 42 4D 58 
BAT RX 0x330 [8] 01 0D 01 01 0C F8 0C F5 
BAT RX 0x329 [8] 01 00 22 34 01 00 3F AD 
BAT RX 0x323 [8] 20 0E 10 00 00 00 00 00 
BAT RX 0x324 [8] 02 43 30 37 00 00 00 00 
BAT RX 0x322 [8] 00 F3 00 CE 03 01 46 46 
BAT RX 0x320 [8] 50 41 C3 85 85 00 00 00 
BAT RX 0x319 [8] C0 0C F8 0C F5 0D 01 00 
BAT RX 0x318 [8] 0C F6 0C F6 0C F6 0C F5 
BAT RX 0x317 [8] 0C F7 0C F7 0C F7 0C F7 
BAT RX 0x316 [8] 0C F6 0C F5 0C F5 0C F5 
BAT RX 0x315 [8] 0C F8 0C F8 0C F7 0C F7 
BAT RX 0x314 [8] 3F FC 5B 04 00 03 05 41 
BAT RX 0x313 [8] 14 B4 FF AC 00 DF 46 63 
BAT RX 0x312 [8] 00 00 00 00 02 00 00 00 
BAT RX 0x311 [8] 02 38 08 24 08 24 01 63 
BAT RX 0x301 [8] 0B 16 21 2C 37 42 4D 58 
BAT RX 0x301 [8] 0B 16 21 2C 37 42 4D 58 
BAT RX 0x330 [8] 01 09 01 01 0C F8 0C F4 
BAT RX 0x329 [8] 02 00 19 C0 02 00 40 48 
BAT RX 0x323 [8] 20 0E 10 00 00 00 00 00 
BAT RX 0x324 [8] 00 02 47 50 4A 30 32 31 
BAT RX 0x322 [8] 00 F3 00 CE 03 01 46 46 
BAT RX 0x320 [8] 50 41 C3 85 85 00 00 00 
BAT RX 0x319 [8] C0 0C F8 0C F4 09 01 00 
BAT RX 0x318 [8] 0C F6 0C F6 0C F6 0C F5 
BAT RX 0x317 [8] 0C F7 0C F7 0C F7 0C F7 
BAT RX 0x316 [8] 0C F5 0C F5 0C F5 0C F5 
BAT RX 0x315 [8] 0C F7 0C F7 0C F7 0C F7 
BAT RX 0x314 [8] 3F FC 5B 04 00 02 05 41 
BAT RX 0x313 [8] 14 B4 FF A9 00 DF 46 63 
BAT RX 0x312 [8] 00 00 00 00 02 00 00 00 
BAT RX 0x311 [8] 02 38 08 24 08 24 01 63 
[890s] OK V=53.00V I=-8.7A T=22.3C SOC=70% SOH=99% | CVL=56.8V CCL=208.4A DCL=208.4A | chg=1 dis=1 fc1=0 fc2=0 | prot=0000 warn=0000 | packs=2 | inv0x305=no
BAT RX 0x301 [8] 0B 16 21 2C 37 42 4D 58 
BAT RX 0x301 [8] 0B 16 21 2C 37 42 4D 58 
BAT RX 0x330 [8] 01 07 01 01 0C F7 0C F5 
BAT RX 0x329 [8] 01 00 22 34 01 00 3F AD 
BAT RX 0x323 [8] 20 0E 10 00 00 00 00 00 
BAT RX 0x324 [8] 01 39 35 32 32 30 36 32 
BAT RX 0x322 [8] 00 F3 00 CE 03 01 46 46 
BAT RX 0x320 [8] 50 41 C3 85 85 00 00 00 
BAT RX 0x319 [8] C0 0C F7 0C F5 07 01 00 
BAT RX 0x318 [8] 0C F6 0C F5 0C F5 0C F5 
BAT RX 0x317 [8] 0C F7 0C F7 0C F7 0C F6 
BAT RX 0x316 [8] 0C F5 0C F5 0C F4 0C F4 
BAT RX 0x315 [8] 0C F8 0C F7 0C F7 0C F6 
BAT RX 0x314 [8] 3F FC 5B 04 00 04 05 41 
BAT RX 0x313 [8] 14 B4 FF A6 00 DF 46 63 
BAT RX 0x312 [8] 00 00 00 00 02 00 00 00 
BAT RX 0x311 [8] 02 38 08 24 08 24 01 63 
BAT RX 0x301 [8] 0B 16 21 2C 37 42 4D 58 
BAT RX 0x301 [8] 0B 16 21 2C 37 42 4D 58 
BAT RX 0x330 [8] 01 0B 01 03 0C F7 0C F4 
BAT RX 0x329 [8] 02 00 19 C0 02 00 40 48 
BAT RX 0x323 [8] 20 0E 10 00 00 00 00 00 
BAT RX 0x324 [8] 02 42 42 37 00 00 00 00 
BAT RX 0x322 [8] 00 F3 00 CE 03 01 46 46 
BAT RX 0x320 [8] 50 41 C3 85 85 00 00 00 
BAT RX 0x319 [8] C0 0C F7 0C F4 0B 03 00 
BAT RX 0x318 [8] 0C F6 0C F6 0C F5 0C F5 
BAT RX 0x317 [8] 0C F7 0C F6 0C F6 0C F6 
BAT RX 0x316 [8] 0C F5 0C F5 0C F4 0C F4 
BAT RX 0x315 [8] 0C F7 0C F7 0C F6 0C F6 
BAT RX 0x314 [8] 3F FC 5B 04 00 03 05 41 
BAT RX 0x313 [8] 14 B4 FF A4 00 DF 46 63 
BAT RX 0x312 [8] 00 00 00 00 02 00 00 00 
BAT RX 0x311 [8] 02 38 08 24 08 24 01 63 
[892s] OK V=53.00V I=-9.2A T=22.3C SOC=70% SOH=99% | CVL=56.8V CCL=208.4A DCL=208.4A | chg=1 dis=1 fc1=0 fc2=0 | prot=0000 warn=0000 | packs=2 | inv0x305=no
BAT RX 0x301 [8] 0B 16 21 2C 37 42 4D 58 
BAT RX 0x301 [8] 0B 16 21 2C 37 42 4D 58 
BAT RX 0x330 [8] 01 0E 01 01 0C F7 0C F4 
BAT RX 0x329 [8] 01 00 22 34 01 00 3F AD 
BAT RX 0x323 [8] 20 0E 10 00 00 00 00 00 
BAT RX 0x324 [8] 00 01 47 50 4A 30 32 31 
BAT RX 0x322 [8] 00 F3 00 CE 03 01 46 46 
BAT RX 0x320 [8] 50 41 C3 85 85 00 00 00 
BAT RX 0x319 [8] C0 0C F7 0C F4 0E 01 00 
BAT RX 0x318 [8] 0C F5 0C F5 0C F5 0C F5 
BAT RX 0x317 [8] 0C F7 0C F6 0C F6 0C F6 
BAT RX 0x316 [8] 0C F5 0C F5 0C F4 0C F4 
BAT RX 0x315 [8] 0C F7 0C F7 0C F7 0C F6 
BAT RX 0x314 [8] 3F FC 5B 04 00 03 05 41 
BAT RX 0x313 [8] 14 B4 FF A1 00 DF 46 63 
BAT RX 0x312 [8] 00 00 00 00 02 00 00 00 
BAT RX 0x311 [8] 02 38 08 24 08 24 01 63 
BAT RX 0x301 [8] 0B 16 21 2C 37 42 4D 58 
BAT RX 0x301 [8] 0B 16 21 2C 37 42 4D 58 
BAT RX 0x330 [8] 01 09 01 02 0C F7 0C F4 
BAT RX 0x329 [8] 02 00 19 C0 02 00 40 48 
BAT RX 0x323 [8] 20 0E 10 00 00 00 00 00 
BAT RX 0x324 [8] 01 39 35 32 32 30 36 32 
BAT RX 0x322 [8] 00 F3 00 CE 03 01 46 46 
BAT RX 0x320 [8] 50 41 C3 85 85 00 00 00 
BAT RX 0x319 [8] C0 0C F7 0C F4 09 02 00 
BAT RX 0x318 [8] 0C F5 0C F5 0C F5 0C F4 
BAT RX 0x317 [8] 0C F7 0C F6 0C F6 0C F6 
BAT RX 0x316 [8] 0C F5 0C F4 0C F4 0C F4 
BAT RX 0x315 [8] 0C F6 0C F6 0C F6 0C F6 
BAT RX 0x314 [8] 3F FC 5B 04 00 03 05 41 
BAT RX 0x313 [8] 14 B4 FF 9F 00 DF 46 63 
BAT RX 0x312 [8] 00 00 00 00 02 00 00 00 
BAT RX 0x311 [8] 02 38 08 24 08 24 01 63 
[894s] OK V=53.00V I=-9.7A T=22.3C SOC=70% SOH=99% | CVL=56.8V CCL=208.4A DCL=208.4A | chg=1 dis=1 fc1=0 fc2=0 | prot=0000 warn=0000 | packs=2 | inv0x305=no
BAT RX 0x301 [8] 0B 16 21 2C 37 42 4D 58 
BAT RX 0x301 [8] 0B 16 21 2C 37 42 4D 58 
BAT RX 0x330 [8] 01 0F 01 03 0C F7 0C F4 
BAT RX 0x329 [8] 01 00 22 34 01 00 3F AD 
BAT RX 0x323 [8] 20 0E 10 00 00 00 00 00 
BAT RX 0x324 [8] 02 43 30 37 00 00 00 00 
BAT RX 0x322 [8] 00 F3 00 CE 03 01 46 46 
BAT RX 0x320 [8] 50 41 C3 85 85 00 00 00 
BAT RX 0x319 [8] C0 0C F7 0C F4 0F 03 00 
BAT RX 0x318 [8] 0C F5 0C F5 0C F5 0C F4 
BAT RX 0x317 [8] 0C F6 0C F6 0C F6 0C F6 
BAT RX 0x316 [8] 0C F5 0C F5 0C F4 0C F4 
BAT RX 0x315 [8] 0C F6 0C F6 0C F6 0C F6 
BAT RX 0x314 [8] 3F F2 5B 04 00 02 05 41 
BAT RX 0x313 [8] 14 B4 FF 9D 00 DF 46 63 
BAT RX 0x312 [8] 00 00 00 00 02 00 00 00 
BAT RX 0x311 [8] 02 38 08 24 08 24 01 63 
BAT RX 0x301 [8] 0B 16 21 2C 37 42 4D 58 
BAT RX 0x301 [8] 0B 16 21 2C 37 42 4D 58 
BAT RX 0x330 [8] 02 10 01 01 0C F7 0C F4 
BAT RX 0x329 [8] 02 00 19 C0 02 00 40 48 
BAT RX 0x323 [8] 20 0E 10 00 00 00 00 00 
BAT RX 0x324 [8] 00 02 47 50 4A 30 32 31 
BAT RX 0x322 [8] 00 F3 00 CE 03 01 46 46 
BAT RX 0x320 [8] 50 41 C3 85 85 00 00 00 
BAT RX 0x319 [8] C0 0C F7 0C F4 20 01 00 
BAT RX 0x318 [8] 0C F5 0C F5 0C F5 0C F4 
BAT RX 0x317 [8] 0C F7 0C F6 0C F6 0C F6 
BAT RX 0x316 [8] 0C F4 0C F4 0C F4 0C F3 
BAT RX 0x315 [8] 0C F6 0C F6 0C F6 0C F6 
BAT RX 0x314 [8] 3F F2 5B 04 00 03 05 41 
BAT RX 0x313 [8] 14 B4 FF 9B 00 DF 46 63 
BAT RX 0x312 [8] 00 00 00 00 02 00 00 00 
BAT RX 0x311 [8] 02 38 08 24 08 24 01 63 
[896s] OK V=53.00V I=-10.1A T=22.3C SOC=70% SOH=99% | CVL=56.8V CCL=208.4A DCL=208.4A | chg=1 dis=1 fc1=0 fc2=0 | prot=0000 warn=0000 | packs=2 | inv0x305=no
BAT RX 0x301 [8] 0B 16 21 2C 37 42 4D 58 
BAT RX 0x301 [8] 0B 16 21 2C 37 42 4D 58 
BAT RX 0x330 [8] 01 0E 01 01 0C F6 0C F4 
BAT RX 0x329 [8] 01 00 22 34 01 00 3F AD 
BAT RX 0x323 [8] 20 0E 10 00 00 00 00 00 
BAT RX 0x324 [8] 01 39 35 32 32 30 36 32 
BAT RX 0x322 [8] 00 F3 00 CE 03 01 46 46 
BAT RX 0x320 [8] 50 41 C3 85 85 00 00 00 
BAT RX 0x319 [8] C0 0C F6 0C F4 0E 01 00 
BAT RX 0x318 [8] 0C F5 0C F5 0C F5 0C F5 
BAT RX 0x317 [8] 0C F6 0C F6 0C F6 0C F5 
BAT RX 0x316 [8] 0C F4 0C F4 0C F4 0C F3 
BAT RX 0x315 [8] 0C F7 0C F6 0C F6 0C F6 
BAT RX 0x314 [8] 3F F2 5B 04 00 04 05 41 
BAT RX 0x313 [8] 14 B4 FF 99 00 DF 46 63 
BAT RX 0x312 [8] 00 00 00 00 02 00 00 00 
BAT RX 0x311 [8] 02 38 08 24 08 24 01 63 
BAT RX 0x301 [8] 0B 16 21 2C 37 42 4D 58 
BAT RX 0x301 [8] 0B 16 21 2C 37 42 4D 58 
BAT RX 0x330 [8] 01 10 01 01 0C F6 0C F4 
BAT RX 0x329 [8] 02 00 19 C0 02 00 40 48 
BAT RX 0x323 [8] 20 0E 10 00 00 00 00 00 
BAT RX 0x324 [8] 02 42 42 37 00 00 00 00 
BAT RX 0x322 [8] 00 F3 00 CE 03 01 46 46 
BAT RX 0x320 [8] 50 41 C3 85 85 00 00 00 
BAT RX 0x319 [8] C0 0C F6 0C F4 10 01 00 
BAT RX 0x318 [8] 0C F5 0C F5 0C F4 0C F4 
BAT RX 0x317 [8] 0C F6 0C F6 0C F6 0C F5 
BAT RX 0x316 [8] 0C F4 0C F4 0C F4 0C F4 
BAT RX 0x315 [8] 0C F6 0C F6 0C F6 0C F5 
BAT RX 0x314 [8] 3F F2 5B 04 00 02 05 41 
BAT RX 0x313 [8] 14 B4 FF 97 00 DF 46 63 
BAT RX 0x312 [8] 00 00 00 00 02 00 00 00 
BAT RX 0x311 [8] 02 38 08 24 08 24 01 63 
[898s] OK V=53.00V I=-10.5A T=22.3C SOC=70% SOH=99% | CVL=56.8V CCL=208.4A DCL=208.4A | chg=1 dis=1 fc1=0 fc2=0 | prot=0000 warn=0000 | packs=2 | inv0x305=no
BAT RX 0x301 [8] 0B 16 21 2C 37 42 4D 58 
BAT RX 0x301 [8] 0B 16 21 2C 37 42 4D 58 
BAT RX 0x330 [8] 01 0E 02 01 0C F6 0C F3 
BAT RX 0x329 [8] 01 00 22 34 01 00 3F AD 
BAT RX 0x323 [8] 20 0E 10 00 00 00 00 00 
BAT RX 0x324 [8] 00 01 47 50 4A 30 32 31 
BAT RX 0x322 [8] 00 F3 00 CE 03 01 46 46 
BAT RX 0x320 [8] 50 41 C3 85 85 00 00 00 
BAT RX 0x319 [8] C0 0C F6 0C F3 0E 11 00 
BAT RX 0x318 [8] 0C F4 0C F4 0C F4 0C F3 
BAT RX 0x317 [8] 0C F6 0C F5 0C F5 0C F5 
BAT RX 0x316 [8] 0C F4 0C F4 0C F4 0C F3 
BAT RX 0x315 [8] 0C F6 0C F6 0C F5 0C F5 
BAT RX 0x314 [8] 3F F2 5B 04 00 03 05 41 
BAT RX 0x313 [8] 14 B4 FF 95 00 DF 46 63 
BAT RX 0x312 [8] 00 00 00 00 02 00 00 00 
BAT RX 0x311 [8] 02 38 08 24 08 24 01 63 

---- battery-bus rate stats (VERBOSE_STATS) ----------------------------
  13654 frames, 900 s elapsed
  ID     count   period(ms)  (min-max gap)
  0x324     894   1002 (1-4867)
  0x329     896    998 (1-4866)
  0x330     899    995 (0-4000)
  0x312     894   1000 (1-4867)
  0x313     894   1000 (1-4867)
  0x314     894   1000 (1-4867)
  0x315     894   1000 (1-4867)
  0x316     894   1000 (1-4867)
  0x317     894   1000 (1-4867)
  0x318     894   1000 (1-4867)
  0x319     894   1000 (1-4867)
  0x320     894   1000 (1-4866)
  0x322     894   1000 (0-4867)
  0x311     894   1000 (1-4867)
  0x323     895    999 (1-4866)
  0x301     236    494 (0-505)
--------------------------------------------------------------------------

  TWAI: state=RUNNING  tx_err=0 rx_err=0  tx_failed=0  rx_missed=111 rx_overrun=0  arb_lost=0  bus_err=17
BAT RX 0x301 [8] 0B 16 21 2C 37 42 4D 58 
BAT RX 0x301 [8] 0B 16 21 2C 37 42 4D 58 
BAT RX 0x330 [8] 01 0B 01 03 0C F5 0C F3 
BAT RX 0x329 [8] 02 00 19 C0 02 00 40 48 
BAT RX 0x323 [8] 20 0E 10 00 00 00 00 00 
BAT RX 0x324 [8] 01 39 35 32 32 30 36 32 
BAT RX 0x322 [8] 00 F3 00 CE 03 01 46 46 
BAT RX 0x320 [8] 50 41 C3 85 85 00 00 00 
BAT RX 0x319 [8] C0 0C F5 0C F3 0B 03 00 
BAT RX 0x318 [8] 0C F4 0C F4 0C F4 0C F3 
BAT RX 0x317 [8] 0C F5 0C F5 0C F5 0C F5 
BAT RX 0x316 [8] 0C F4 0C F4 0C F4 0C F3 
BAT RX 0x315 [8] 0C F5 0C F5 0C F5 0C F5 
BAT RX 0x314 [8] 3F F2 5B 04 00 02 05 41 
BAT RX 0x313 [8] 14 B4 FF 93 00 DF 46 63 
BAT RX 0x312 [8] 00 00 00 00 02 00 00 00 
BAT RX 0x311 [8] 02 38 08 24 08 24 01 63 
[900s] OK V=53.00V I=-10.9A T=22.3C SOC=70% SOH=99% | CVL=56.8V CCL=208.4A DCL=208.4A | chg=1 dis=1 fc1=0 fc2=0 | prot=0000 warn=0000 | packs=2 | inv0x305=no
BAT RX 0x301 [8] 0B 16 21 2C 37 42 4D 58 
BAT RX 0x301 [8] 0B 16 21 2C 37 42 4D 58 
BAT RX 0x330 [8] 01 0E 01 01 0C F6 0C F3 
BAT RX 0x329 [8] 01 00 22 34 01 00 3F AD 
BAT RX 0x323 [8] 20 0E 10 00 00 00 00 00 
BAT RX 0x324 [8] 02 43 30 37 00 00 00 00 
BAT RX 0x322 [8] 00 F3 00 CE 03 01 46 46 
BAT RX 0x320 [8] 50 41 C3 85 85 00 00 00 
BAT RX 0x319 [8] C0 0C F6 0C F3 0E 01 00 
BAT RX 0x318 [8] 0C F4 0C F4 0C F4 0C F3 
BAT RX 0x317 [8] 0C F5 0C F5 0C F5 0C F5 
BAT RX 0x316 [8] 0C F4 0C F3 0C F3 0C F3 
BAT RX 0x315 [8] 0C F5 0C F5 0C F5 0C F5 
BAT RX 0x314 [8] 3F F2 5B 04 00 02 05 41 
BAT RX 0x313 [8] 14 B4 FF 90 00 DF 46 63 
BAT RX 0x312 [8] 00 00 00 00 02 00 00 00 
BAT RX 0x311 [8] 02 38 08 24 08 24 01 63 
BAT RX 0x301 [8] 0B 16 21 2C 37 42 4D 58 
BAT RX 0x301 [8] 0B 16 21 2C 37 42 4D 58 
BAT RX 0x330 [8] 01 0B 02 01 0C F5 0C F2 
BAT RX 0x329 [8] 02 00 19 C0 02 00 40 48 
BAT RX 0x323 [8] 20 0E 10 00 00 00 00 00 
BAT RX 0x324 [8] 00 02 47 50 4A 30 32 31 
BAT RX 0x322 [8] 00 F3 00 CE 03 01 46 46 
BAT RX 0x320 [8] 50 41 C3 85 85 00 00 00 
BAT RX 0x319 [8] C0 0C F5 0C F2 0B 11 00 
BAT RX 0x318 [8] 0C F4 0C F4 0C F3 0C F2 
BAT RX 0x317 [8] 0C F5 0C F5 0C F5 0C F4 
BAT RX 0x316 [8] 0C F3 0C F3 0C F3 0C F3 
BAT RX 0x315 [8] 0C F5 0C F5 0C F5 0C F4 
BAT RX 0x314 [8] 3F F2 5B 04 00 03 05 41 
BAT RX 0x313 [8] 14 B4 FF 8E 00 DF 46 63 
BAT RX 0x312 [8] 00 00 00 00 02 00 00 00 
BAT RX 0x311 [8] 02 38 08 24 08 24 01 63 
[902s] OK V=53.00V I=-11.4A T=22.3C SOC=70% SOH=99% | CVL=56.8V CCL=208.4A DCL=208.4A | chg=1 dis=1 fc1=0 fc2=0 | prot=0000 warn=0000 | packs=2 | inv0x305=no
BAT RX 0x301 [8] 0B 16 21 2C 37 42 4D 58 
BAT RX 0x301 [8] 0B 16 21 2C 37 42 4D 58 
BAT RX 0x330 [8] 01 0E 01 01 0C F5 0C F3 
BAT RX 0x329 [8] 01 00 22 34 01 00 3F AD 
BAT RX 0x323 [8] 20 0E 10 00 00 00 00 00 
BAT RX 0x324 [8] 01 39 35 32 32 30 36 32 
BAT RX 0x322 [8] 00 F3 00 CE 03 01 46 46 
BAT RX 0x320 [8] 50 41 C3 85 85 00 00 00 
BAT RX 0x319 [8] C0 0C F5 0C F3 0E 01 00 
BAT RX 0x318 [8] 0C F4 0C F4 0C F3 0C F3 
BAT RX 0x317 [8] 0C F5 0C F5 0C F5 0C F4 
BAT RX 0x316 [8] 0C F3 0C F3 0C F3 0C F3 
BAT RX 0x315 [8] 0C F5 0C F5 0C F5 0C F5 
BAT RX 0x314 [8] 3F F2 5B 04 00 02 05 41 
BAT RX 0x313 [8] 14 B4 FF 8D 00 DF 46 63 
BAT RX 0x312 [8] 00 00 00 00 02 00 00 00 
BAT RX 0x311 [8] 02 38 08 24 08 24 01 63 
BAT RX 0x301 [8] 0B 16 21 2C 37 42 4D 58 
BAT RX 0x301 [8] 0B 16 21 2C 37 42 4D 58 
BAT RX 0x330 [8] 02 05 01 01 0C F5 0C F3 
BAT RX 0x329 [8] 02 00 19 C0 02 00 40 48 
BAT RX 0x323 [8] 20 0E 10 00 00 00 00 00 
BAT RX 0x324 [8] 02 42 42 37 00 00 00 00 
BAT RX 0x322 [8] 00 F3 00 CE 03 01 46 46 
BAT RX 0x320 [8] 50 41 C3 85 85 00 00 00 
BAT RX 0x319 [8] C0 0C F5 0C F3 15 01 00 
BAT RX 0x318 [8] 0C F4 0C F4 0C F3 0C F3 
BAT RX 0x317 [8] 0C F5 0C F5 0C F4 0C F4 
BAT RX 0x316 [8] 0C F3 0C F3 0C F2 0C F2 
BAT RX 0x315 [8] 0C F5 0C F5 0C F4 0C F4 
BAT RX 0x314 [8] 3F F2 5B 04 00 03 05 41 
BAT RX 0x313 [8] 14 B4 FF 8A 00 DF 46 63 
BAT RX 0x312 [8] 00 00 00 00 02 00 00 00 
BAT RX 0x311 [8] 02 38 08 24 08 24 01 63 
[904s] OK V=53.00V I=-11.8A T=22.3C SOC=70% SOH=99% | CVL=56.8V CCL=208.4A DCL=208.4A | chg=1 dis=1 fc1=0 fc2=0 | prot=0000 warn=0000 | packs=2 | inv0x305=no
BAT RX 0x301 [8] 0B 16 21 2C 37 42 4D 58 
BAT RX 0x301 [8] 0B 16 21 2C 37 42 4D 58 
BAT RX 0x330 [8] 01 0D 01 01 0C F5 0C F2 
BAT RX 0x329 [8] 01 00 22 34 01 00 3F AD 
BAT RX 0x323 [8] 20 0E 10 00 00 00 00 00 
BAT RX 0x324 [8] 00 01 47 50 4A 30 32 31 
BAT RX 0x322 [8] 00 F3 00 CE 03 01 46 46 
BAT RX 0x320 [8] 50 41 C3 85 85 00 00 00 
BAT RX 0x319 [8] C0 0C F5 0C F2 0D 01 00 
BAT RX 0x318 [8] 0C F4 0C F4 0C F4 0C F3 
BAT RX 0x317 [8] 0C F5 0C F5 0C F4 0C F4 
BAT RX 0x316 [8] 0C F3 0C F3 0C F2 0C F2 
BAT RX 0x315 [8] 0C F5 0C F4 0C F4 0C F4 
BAT RX 0x314 [8] 3F F2 5B 04 00 03 05 41 
BAT RX 0x313 [8] 14 B4 FF 88 00 DF 46 63 
BAT RX 0x312 [8] 00 00 00 00 02 00 00 00 
BAT RX 0x311 [8] 02 38 08 24 08 24 01 63 
BAT RX 0x301 [8] 0B 16 21 2C 37 42 4D 58 
BAT RX 0x301 [8] 0B 16 21 2C 37 42 4D 58 
BAT RX 0x330 [8] 01 0E 01 01 0C F5 0C F2 
BAT RX 0x329 [8] 02 00 19 C0 02 00 40 48 
BAT RX 0x323 [8] 20 0E 10 00 00 00 00 00 
BAT RX 0x324 [8] 01 39 35 32 32 30 36 32 
BAT RX 0x322 [8] 00 F3 00 CE 03 01 46 46 
BAT RX 0x320 [8] 50 41 C3 85 85 00 00 00 
BAT RX 0x319 [8] C0 0C F5 0C F2 0E 01 00 
BAT RX 0x318 [8] 0C F3 0C F3 0C F3 0C F2 
BAT RX 0x317 [8] 0C F5 0C F5 0C F4 0C F4 
BAT RX 0x316 [8] 0C F3 0C F3 0C F2 0C F2 
BAT RX 0x315 [8] 0C F4 0C F4 0C F4 0C F4 
BAT RX 0x314 [8] 3F F2 5B 04 00 03 05 41 
BAT RX 0x313 [8] 14 B4 FF 86 00 DF 46 63 
BAT RX 0x312 [8] 00 00 00 00 02 00 00 00 
BAT RX 0x311 [8] 02 38 08 24 08 24 01 63 
[906s] OK V=53.00V I=-12.2A T=22.3C SOC=70% SOH=99% | CVL=56.8V CCL=208.4A DCL=208.4A | chg=1 dis=1 fc1=0 fc2=0 | prot=0000 warn=0000 | packs=2 | inv0x305=no
BAT RX 0x301 [8] 0B 16 21 2C 37 42 4D 58 
BAT RX 0x301 [8] 0B 16 21 2C 37 42 4D 58 
BAT RX 0x330 [8] 01 10 01 03 0C F5 0C F2 
BAT RX 0x329 [8] 01 00 22 34 01 00 3F AD 
BAT RX 0x323 [8] 20 0E 10 00 00 00 00 00 
BAT RX 0x324 [8] 02 43 30 37 00 00 00 00 
BAT RX 0x322 [8] 00 F3 00 CE 03 01 46 46 
BAT RX 0x320 [8] 50 41 C3 85 85 00 00 00 
BAT RX 0x319 [8] C0 0C F5 0C F2 10 03 00 
BAT RX 0x318 [8] 0C F3 0C F3 0C F3 0C F2 
BAT RX 0x317 [8] 0C F4 0C F4 0C F4 0C F4 
BAT RX 0x316 [8] 0C F2 0C F2 0C F2 0C F2 
BAT RX 0x315 [8] 0C F4 0C F4 0C F4 0C F4 
BAT RX 0x314 [8] 3F F2 5B 04 00 02 05 41 
BAT RX 0x313 [8] 14 B4 FF 85 00 DF 46 63 
BAT RX 0x312 [8] 00 00 00 00 02 00 00 00 
BAT RX 0x311 [8] 02 38 08 24 08 24 01 63 
BAT RX 0x301 [8] 0B 16 21 2C 37 42 4D 58 
BAT RX 0x301 [8] 0B 16 21 2C 37 42 4D 58 
BAT RX 0x330 [8] 01 0D 01 01 0C F4 0C F2 
BAT RX 0x329 [8] 02 00 19 C0 02 00 40 48 
BAT RX 0x323 [8] 20 0E 10 00 00 00 00 00 
BAT RX 0x324 [8] 00 02 47 50 4A 30 32 31 
BAT RX 0x322 [8] 00 F3 00 CE 03 01 46 46 
BAT RX 0x320 [8] 50 41 C3 85 85 00 00 00 
BAT RX 0x319 [8] C0 0C F4 0C F2 0D 01 00 
BAT RX 0x318 [8] 0C F3 0C F3 0C F3 0C F2 
BAT RX 0x317 [8] 0C F4 0C F4 0C F4 0C F4 
BAT RX 0x316 [8] 0C F3 0C F2 0C F2 0C F2 
BAT RX 0x315 [8] 0C F5 0C F4 0C F4 0C F4 
BAT RX 0x314 [8] 3F F2 5B 04 00 03 05 41 
BAT RX 0x313 [8] 14 B4 FF 83 00 DF 46 63 
BAT RX 0x312 [8] 00 00 00 00 02 00 00 00 
BAT RX 0x311 [8] 02 38 08 24 08 24 01 63 
[908s] OK V=53.00V I=-12.5A T=22.3C SOC=70% SOH=99% | CVL=56.8V CCL=208.4A DCL=208.4A | chg=1 dis=1 fc1=0 fc2=0 | prot=0000 warn=0000 | packs=2 | inv0x305=no
BAT RX 0x301 [8] 0B 16 21 2C 37 42 4D 58 
BAT RX 0x301 [8] 0B 16 21 2C 37 42 4D 58 
BAT RX 0x330 [8] 01 0E 01 01 0C F4 0C F2 
BAT RX 0x329 [8] 01 00 22 34 01 00 3F AD 
BAT RX 0x323 [8] 20 0E 10 00 00 00 00 00 
BAT RX 0x324 [8] 01 39 35 32 32 30 36 32 
BAT RX 0x322 [8] 00 F3 00 CE 03 01 46 46 
BAT RX 0x320 [8] 50 41 C3 85 85 00 00 00 
BAT RX 0x319 [8] C0 0C F4 0C F2 0E 01 00 
BAT RX 0x318 [8] 0C F3 0C F3 0C F2 0C F2 
BAT RX 0x317 [8] 0C F4 0C F4 0C F3 0C F3 
BAT RX 0x316 [8] 0C F2 0C F2 0C F2 0C F2 
BAT RX 0x315 [8] 0C F4 0C F4 0C F4 0C F4 
BAT RX 0x314 [8] 3F F2 5B 04 00 02 05 41 
BAT RX 0x313 [8] 14 B4 FF 81 00 DF 46 63 
BAT RX 0x312 [8] 00 00 00 00 02 00 00 00 
BAT RX 0x311 [8] 02 38 08 24 08 24 01 63 
BAT RX 0x301 [8] 0B 16 21 2C 37 42 4D 58 
BAT RX 0x301 [8] 0B 16 21 2C 37 42 4D 58 
BAT RX 0x330 [8] 01 0E 01 01 0C F4 0C F2 
BAT RX 0x329 [8] 02 00 19 C0 02 00 40 48 
BAT RX 0x323 [8] 20 0E 10 00 00 00 00 00 
BAT RX 0x324 [8] 02 42 42 37 00 00 00 00 
BAT RX 0x322 [8] 00 F3 00 CE 03 01 46 46 
BAT RX 0x320 [8] 50 41 C3 85 85 00 00 00 
BAT RX 0x319 [8] C0 0C F4 0C F2 0E 01 00 
BAT RX 0x318 [8] 0C F3 0C F2 0C F2 0C F2 
BAT RX 0x317 [8] 0C F4 0C F4 0C F4 0C F3 
BAT RX 0x316 [8] 0C F2 0C F2 0C F2 0C F2 
BAT RX 0x315 [8] 0C F3 0C F3 0C F3 0C F3 
BAT RX 0x314 [8] 3F F2 5B 04 00 02 05 41 
BAT RX 0x313 [8] 14 B4 FF 80 00 DF 46 63 
BAT RX 0x312 [8] 00 00 00 00 02 00 00 00 
BAT RX 0x311 [8] 02 38 08 24 08 24 01 63 
[910s] OK V=53.00V I=-12.8A T=22.3C SOC=70% SOH=99% | CVL=56.8V CCL=208.4A DCL=208.4A | chg=1 dis=1 fc1=0 fc2=0 | prot=0000 warn=0000 | packs=2 | inv0x305=no
BAT RX 0x301 [8] 0B 16 21 2C 37 42 4D 58 
BAT RX 0x301 [8] 0B 16 21 2C 37 42 4D 58 
BAT RX 0x330 [8] 01 0F 01 03 0C F4 0C F1 
BAT RX 0x329 [8] 01 00 22 34 01 00 3F AD 
BAT RX 0x323 [8] 20 0E 10 00 00 00 00 00 
BAT RX 0x324 [8] 00 01 47 50 4A 30 32 31 
BAT RX 0x322 [8] 00 F3 00 CE 03 01 46 46 
BAT RX 0x320 [8] 50 41 C3 85 85 00 00 00 
BAT RX 0x319 [8] C0 0C F4 0C F1 0F 03 00 
BAT RX 0x318 [8] 0C F2 0C F2 0C F2 0C F2 
BAT RX 0x317 [8] 0C F4 0C F4 0C F3 0C F3 
BAT RX 0x316 [8] 0C F2 0C F2 0C F2 0C F2 
BAT RX 0x315 [8] 0C F4 0C F3 0C F3 0C F3 
BAT RX 0x314 [8] 3F F2 5B 04 00 02 05 41 
BAT RX 0x313 [8] 14 B4 FF 7D 00 DF 46 63 
BAT RX 0x312 [8] 00 00 00 00 02 00 00 00 
BAT RX 0x311 [8] 02 38 08 24 08 24 01 63 
BAT RX 0x301 [8] 0B 16 21 2C 37 42 4D 58 
BAT RX 0x301 [8] 0B 16 21 2C 37 42 4D 58 
BAT RX 0x330 [8] 01 0F 01 01 0C F4 0C F2 
BAT RX 0x329 [8] 02 00 19 C0 02 00 40 48 
BAT RX 0x323 [8] 20 0E 10 00 00 00 00 00 
BAT RX 0x324 [8] 01 39 35 32 32 30 36 32 
BAT RX 0x322 [8] 00 F3 00 CE 03 01 46 46 
BAT RX 0x320 [8] 50 41 C3 85 85 00 00 00 
BAT RX 0x319 [8] C0 0C F4 0C F2 0F 01 00 
BAT RX 0x318 [8] 0C F2 0C F2 0C F2 0C F2 
BAT RX 0x317 [8] 0C F4 0C F4 0C F3 0C F3 
BAT RX 0x316 [8] 0C F2 0C F2 0C F2 0C F2 
BAT RX 0x315 [8] 0C F3 0C F3 0C F3 0C F3 
BAT RX 0x314 [8] 3F F2 5B 04 00 02 05 41 
BAT RX 0x313 [8] 14 B4 FF 83 00 DF 46 63 
BAT RX 0x312 [8] 00 00 00 00 02 00 00 00 
BAT RX 0x311 [8] 02 38 08 24 08 24 01 63 
[912s] OK V=53.00V I=-12.5A T=22.3C SOC=70% SOH=99% | CVL=56.8V CCL=208.4A DCL=208.4A | chg=1 dis=1 fc1=0 fc2=0 | prot=0000 warn=0000 | packs=2 | inv0x305=no
BAT RX 0x301 [8] 0B 16 21 2C 37 42 4D 58 
BAT RX 0x301 [8] 0B 16 21 2C 37 42 4D 58 
BAT RX 0x330 [8] 01 0E 02 01 0C F4 0C F1 
BAT RX 0x329 [8] 01 00 22 34 01 00 3F AD 
BAT RX 0x323 [8] 20 0E 10 00 00 00 00 00 
BAT RX 0x324 [8] 02 43 30 37 00 00 00 00 
BAT RX 0x322 [8] 00 F3 00 CE 03 01 46 46 
BAT RX 0x320 [8] 50 41 C3 85 85 00 00 00 
BAT RX 0x319 [8] C0 0C F4 0C F1 0E 11 00 
BAT RX 0x318 [8] 0C F2 0C F2 0C F2 0C F1 
BAT RX 0x317 [8] 0C F4 0C F4 0C F3 0C F3 
BAT RX 0x316 [8] 0C F2 0C F2 0C F2 0C F2 
BAT RX 0x315 [8] 0C F4 0C F4 0C F3 0C F3 
BAT RX 0x314 [8] 3F F2 5B 04 00 03 05 41 
BAT RX 0x313 [8] 14 B4 FF 85 00 DF 46 63 
BAT RX 0x312 [8] 00 00 00 00 02 00 00 00 
BAT RX 0x311 [8] 02 38 08 24 08 24 01 63 
BAT RX 0x301 [8] 0B 16 21 2C 37 42 4D 58 
BAT RX 0x301 [8] 0B 16 21 2C 37 42 4D 58 
BAT RX 0x330 [8] 01 10 01 05 0C F4 0C F1 
BAT RX 0x329 [8] 02 00 19 C0 02 00 40 48 
BAT RX 0x323 [8] 20 0E 10 00 00 00 00 00 
BAT RX 0x324 [8] 00 02 47 50 4A 30 32 31 
BAT RX 0x322 [8] 00 F3 00 CE 03 01 46 46 
BAT RX 0x320 [8] 50 41 C3 85 85 00 00 00 
BAT RX 0x319 [8] C0 0C F4 0C F1 10 05 00 
BAT RX 0x318 [8] 0C F2 0C F2 0C F2 0C F1 
BAT RX 0x317 [8] 0C F3 0C F3 0C F3 0C F3 
BAT RX 0x316 [8] 0C F2 0C F2 0C F1 0C F1 
BAT RX 0x315 [8] 0C F3 0C F3 0C F3 0C F3 
BAT RX 0x314 [8] 3F F2 5B 04 00 02 05 41 
BAT RX 0x313 [8] 14 B4 FF 84 00 DF 46 63 
BAT RX 0x312 [8] 00 00 00 00 02 00 00 00 
BAT RX 0x311 [8] 02 38 08 24 08 24 01 63 
[914s] OK V=53.00V I=-12.4A T=22.3C SOC=70% SOH=99% | CVL=56.8V CCL=208.4A DCL=208.4A | chg=1 dis=1 fc1=0 fc2=0 | prot=0000 warn=0000 | packs=2 | inv0x305=no

---- battery-bus rate stats (VERBOSE_STATS) ----------------------------
  13909 frames, 915 s elapsed
  ID     count   period(ms)  (min-max gap)
  0x324     909   1002 (1-4867)
  0x329     911    998 (1-4866)
  0x330     914    995 (0-4000)
  0x312     909   1000 (1-4867)
  0x313     909   1000 (1-4867)
  0x314     909   1000 (1-4867)
  0x315     909   1000 (1-4867)
  0x316     909   1000 (1-4867)
  0x317     909   1000 (1-4867)
  0x318     909   1000 (1-4867)
  0x319     909   1000 (1-4867)
  0x320     909   1000 (1-4866)
  0x322     909   1000 (0-4867)
  0x311     909   1000 (1-4867)
  0x323     910    999 (1-4866)
  0x301     266    495 (0-505)
--------------------------------------------------------------------------

  TWAI: state=RUNNING  tx_err=0 rx_err=0  tx_failed=0  rx_missed=111 rx_overrun=0  arb_lost=0  bus_err=17
BAT RX 0x301 [8] 0B 16 21 2C 37 42 4D 58 
BAT RX 0x301 [8] 0B 16 21 2C 37 42 4D 58 
BAT RX 0x330 [8] 02 10 01 01 0C F4 0C F1 
BAT RX 0x329 [8] 01 00 22 34 01 00 3F AD 
BAT RX 0x323 [8] 20 0E 10 00 00 00 00 00 
BAT RX 0x324 [8] 01 39 35 32 32 30 36 32 
BAT RX 0x322 [8] 00 F3 00 CE 03 01 46 46 
BAT RX 0x320 [8] 50 41 C3 85 85 00 00 00 
BAT RX 0x319 [8] C0 0C F4 0C F1 20 01 00 
BAT RX 0x318 [8] 0C F2 0C F2 0C F2 0C F1 
BAT RX 0x317 [8] 0C F4 0C F3 0C F3 0C F3 
BAT RX 0x316 [8] 0C F1 0C F1 0C F1 0C F1 
BAT RX 0x315 [8] 0C F4 0C F4 0C F3 0C F3 
BAT RX 0x314 [8] 3F F2 5B 04 00 03 05 41 
BAT RX 0x313 [8] 14 B4 FF 7F 00 DF 46 63 
BAT RX 0x312 [8] 00 00 00 00 02 00 00 00 
BAT RX 0x311 [8] 02 38 08 24 08 24 01 63 
BAT RX 0x301 [8] 0B 16 21 2C 37 42 4D 58 
BAT RX 0x301 [8] 0B 16 21 2C 37 42 4D 58 
BAT RX 0x330 [8] 01 10 02 01 0C F4 0C F1 
BAT RX 0x329 [8] 02 00 19 C0 02 00 40 48 
BAT RX 0x323 [8] 20 0E 10 00 00 00 00 00 
BAT RX 0x324 [8] 02 42 42 37 00 00 00 00 
BAT RX 0x322 [8] 00 F3 00 CE 03 01 46 46 
BAT RX 0x320 [8] 50 41 C3 85 85 00 00 00 
BAT RX 0x319 [8] C0 0C F4 0C F1 10 11 00 
BAT RX 0x318 [8] 0C F2 0C F2 0C F2 0C F1 
BAT RX 0x317 [8] 0C F4 0C F3 0C F3 0C F3 
BAT RX 0x316 [8] 0C F2 0C F1 0C F1 0C F1 
BAT RX 0x315 [8] 0C F3 0C F3 0C F3 0C F3 
BAT RX 0x314 [8] 3F F2 5B 04 00 03 05 41 
BAT RX 0x313 [8] 14 B4 FF 82 00 DF 46 63 
BAT RX 0x312 [8] 00 00 00 00 02 00 00 00 
BAT RX 0x311 [8] 02 38 08 24 08 24 01 63 
[916s] OK V=53.00V I=-12.6A T=22.3C SOC=70% SOH=99% | CVL=56.8V CCL=208.4A DCL=208.4A | chg=1 dis=1 fc1=0 fc2=0 | prot=0000 warn=0000 | packs=2 | inv0x305=no
BAT RX 0x301 [8] 0B 16 21 2C 37 42 4D 58 
BAT RX 0x301 [8] 0B 16 21 2C 37 42 4D 58 
BAT RX 0x330 [8] 02 0D 01 01 0C F4 0C F1 
BAT RX 0x329 [8] 01 00 22 34 01 00 3F AD 
BAT RX 0x323 [8] 20 0E 10 00 00 00 00 00 
BAT RX 0x324 [8] 00 01 47 50 4A 30 32 31 
BAT RX 0x322 [8] 00 F3 00 CE 03 01 46 46 
BAT RX 0x320 [8] 50 41 C3 85 85 00 00 00 
BAT RX 0x319 [8] C0 0C F4 0C F1 1D 01 00 
BAT RX 0x318 [8] 0C F2 0C F2 0C F2 0C F1 
BAT RX 0x317 [8] 0C F4 0C F3 0C F3 0C F3 
BAT RX 0x316 [8] 0C F2 0C F2 0C F1 0C F1 
BAT RX 0x315 [8] 0C F3 0C F3 0C F3 0C F2 
BAT RX 0x314 [8] 3F F2 5B 04 00 03 05 41 
BAT RX 0x313 [8] 14 B4 FF 85 00 DF 46 63 
BAT RX 0x312 [8] 00 00 00 00 02 00 00 00 
BAT RX 0x311 [8] 02 38 08 24 08 24 01 63 
BAT RX 0x301 [8] 0B 16 21 2C 37 42 4D 58 
BAT RX 0x301 [8] 0B 16 21 2C 37 42 4D 58 
BAT RX 0x330 [8] 01 09 01 06 0C F3 0C F1 
BAT RX 0x329 [8] 02 00 19 C0 02 00 40 48 
BAT RX 0x323 [8] 20 0E 10 00 00 00 00 00 
BAT RX 0x324 [8] 01 39 35 32 32 30 36 32 
BAT RX 0x322 [8] 00 F3 00 CE 03 01 46 46 
BAT RX 0x320 [8] 50 41 C3 85 85 00 00 00 
BAT RX 0x319 [8] C0 0C F3 0C F1 09 06 00 
BAT RX 0x318 [8] 0C F2 0C F2 0C F2 0C F1 
BAT RX 0x317 [8] 0C F3 0C F3 0C F3 0C F3 
BAT RX 0x316 [8] 0C F2 0C F2 0C F2 0C F1 
BAT RX 0x315 [8] 0C F3 0C F3 0C F3 0C F3 
BAT RX 0x314 [8] 3F F2 5B 04 00 02 05 41 
BAT RX 0x313 [8] 14 B4 FF 85 00 DF 46 63 
BAT RX 0x312 [8] 00 00 00 00 02 00 00 00 
BAT RX 0x311 [8] 02 38 08 24 08 24 01 63 
[918s] OK V=53.00V I=-12.3A T=22.3C SOC=70% SOH=99% | CVL=56.8V CCL=208.4A DCL=208.4A | chg=1 dis=1 fc1=0 fc2=0 | prot=0000 warn=0000 | packs=2 | inv0x305=no
BAT RX 0x301 [8] 0B 16 21 2C 37 42 4D 58 
BAT RX 0x301 [8] 0B 16 21 2C 37 42 4D 58 
BAT RX 0x330 [8] 01 07 01 04 0C F3 0C F1 
BAT RX 0x329 [8] 01 00 22 34 01 00 3F AD 
BAT RX 0x323 [8] 20 0E 10 00 00 00 00 00 
BAT RX 0x324 [8] 02 43 30 37 00 00 00 00 
BAT RX 0x322 [8] 00 F3 00 CE 03 01 46 46 
BAT RX 0x320 [8] 50 41 C3 85 85 00 00 00 
BAT RX 0x319 [8] C0 0C F3 0C F1 07 04 00 
BAT RX 0x318 [8] 0C F2 0C F2 0C F2 0C F1 
BAT RX 0x317 [8] 0C F3 0C F3 0C F3 0C F3 
BAT RX 0x316 [8] 0C F2 0C F1 0C F1 0C F1 
BAT RX 0x315 [8] 0C F3 0C F3 0C F3 0C F2 
BAT RX 0x314 [8] 3F F2 5B 04 00 02 05 41 
BAT RX 0x313 [8] 14 B4 FF 85 00 DF 46 63 
BAT RX 0x312 [8] 00 00 00 00 02 00 00 00 
BAT RX 0x311 [8] 02 38 08 24 08 24 01 63 
BAT RX 0x301 [8] 0B 16 21 2C 37 42 4D 58 
BAT RX 0x301 [8] 0B 16 21 2C 37 42 4D 58 
BAT RX 0x330 [8] 01 0E 01 01 0C F3 0C F1 
BAT RX 0x329 [8] 02 00 19 C0 02 00 40 48 
BAT RX 0x323 [8] 20 0E 10 00 00 00 00 00 
BAT RX 0x324 [8] 00 02 47 50 4A 30 32 31 
BAT RX 0x322 [8] 00 F3 00 CE 03 01 46 46 
BAT RX 0x320 [8] 50 41 C3 85 85 00 00 00 
BAT RX 0x319 [8] C0 0C F3 0C F1 0E 01 00 
BAT RX 0x318 [8] 0C F2 0C F2 0C F2 0C F1 
BAT RX 0x317 [8] 0C F3 0C F3 0C F3 0C F3 
BAT RX 0x316 [8] 0C F2 0C F2 0C F2 0C F1 
BAT RX 0x315 [8] 0C F3 0C F3 0C F3 0C F3 
BAT RX 0x314 [8] 3F F2 5B 04 00 02 05 41 
BAT RX 0x313 [8] 14 B4 FF 85 00 DF 46 63 
BAT RX 0x312 [8] 00 00 00 00 02 00 00 00 
BAT RX 0x311 [8] 02 38 08 24 08 24 01 63 
[920s] OK V=53.00V I=-12.3A T=22.3C SOC=70% SOH=99% | CVL=56.8V CCL=208.4A DCL=208.4A | chg=1 dis=1 fc1=0 fc2=0 | prot=0000 warn=0000 | packs=2 | inv0x305=no
BAT RX 0x301 [8] 0B 16 21 2C 37 42 4D 58 
BAT RX 0x301 [8] 0B 16 21 2C 37 42 4D 58 
BAT RX 0x330 [8] 01 0C 01 01 0C F3 0C F1 
BAT RX 0x329 [8] 01 00 22 34 01 00 3F AD 
BAT RX 0x323 [8] 20 0E 10 00 00 00 00 00 
BAT RX 0x324 [8] 01 39 35 32 32 30 36 32 
BAT RX 0x322 [8] 00 F3 00 CE 03 01 46 46 
BAT RX 0x320 [8] 50 41 C3 85 85 00 00 00 
BAT RX 0x319 [8] C0 0C F3 0C F1 0C 01 00 
BAT RX 0x318 [8] 0C F2 0C F2 0C F2 0C F1 
BAT RX 0x317 [8] 0C F3 0C F3 0C F3 0C F2 
BAT RX 0x316 [8] 0C F2 0C F2 0C F2 0C F1 
BAT RX 0x315 [8] 0C F3 0C F3 0C F3 0C F3 
BAT RX 0x314 [8] 3F F2 5B 04 00 02 05 41 
BAT RX 0x313 [8] 14 B4 FF 85 00 DF 46 63 
BAT RX 0x312 [8] 00 00 00 00 02 00 00 00 
BAT RX 0x311 [8] 02 38 08 24 08 24 01 63 
BAT RX 0x301 [8] 0B 16 21 2C 37 42 4D 58 
BAT RX 0x301 [8] 0B 16 21 2C 37 42 4D 58 
BAT RX 0x330 [8] 01 07 01 01 0C F3 0C F0 
BAT RX 0x329 [8] 02 00 19 C0 02 00 40 48 
BAT RX 0x323 [8] 20 0E 10 00 00 00 00 00 
BAT RX 0x324 [8] 02 42 42 37 00 00 00 00 
BAT RX 0x322 [8] 00 F3 00 CE 03 01 46 46 
BAT RX 0x320 [8] 50 41 C3 85 85 00 00 00 
BAT RX 0x319 [8] C0 0C F3 0C F0 07 01 00 
BAT RX 0x318 [8] 0C F2 0C F2 0C F2 0C F1 
BAT RX 0x317 [8] 0C F3 0C F3 0C F3 0C F3 
BAT RX 0x316 [8] 0C F1 0C F1 0C F1 0C F1 
BAT RX 0x315 [8] 0C F3 0C F3 0C F3 0C F3 
BAT RX 0x314 [8] 3F F2 5B 04 00 02 05 41 
BAT RX 0x313 [8] 14 B4 FF 85 00 DF 46 63 
BAT RX 0x312 [8] 00 00 00 00 02 00 00 00 
BAT RX 0x311 [8] 02 38 08 24 08 24 01 63 
[922s] OK V=53.00V I=-12.3A T=22.3C SOC=70% SOH=99% | CVL=56.8V CCL=208.4A DCL=208.4A | chg=1 dis=1 fc1=0 fc2=0 | prot=0000 warn=0000 | packs=2 | inv0x305=no
BAT RX 0x301 [8] 0B 16 21 2C 37 42 4D 58 
BAT RX 0x301 [8] 0B 16 21 2C 37 42 4D 58 
BAT RX 0x330 [8] 01 0F 01 03 0C F4 0C F1 
BAT RX 0x329 [8] 01 00 22 34 01 00 3F AD 
BAT RX 0x323 [8] 20 0E 10 00 00 00 00 00 
BAT RX 0x324 [8] 00 01 47 50 4A 30 32 31 
BAT RX 0x322 [8] 00 F3 00 CE 03 01 46 46 
BAT RX 0x320 [8] 50 41 C3 85 85 00 00 00 
BAT RX 0x319 [8] C0 0C F4 0C F1 0F 03 00 
BAT RX 0x318 [8] 0C F2 0C F2 0C F2 0C F1 
BAT RX 0x317 [8] 0C F3 0C F3 0C F3 0C F2 
BAT RX 0x316 [8] 0C F1 0C F1 0C F1 0C F1 
BAT RX 0x315 [8] 0C F3 0C F3 0C F3 0C F2 
BAT RX 0x314 [8] 3F F2 5B 04 00 02 05 41 
BAT RX 0x313 [8] 14 B4 FF 85 00 DF 46 63 
BAT RX 0x312 [8] 00 00 00 00 02 00 00 00 
BAT RX 0x311 [8] 02 38 08 24 08 24 01 63 
BAT RX 0x301 [8] 0B 16 21 2C 37 42 4D 58 
BAT RX 0x301 [8] 0B 16 21 2C 37 42 4D 58 
BAT RX 0x330 [8] 01 0B 01 03 0C F3 0C F1 
BAT RX 0x329 [8] 02 00 19 C0 02 00 40 48 
BAT RX 0x323 [8] 20 0E 10 00 00 00 00 00 
BAT RX 0x324 [8] 01 39 35 32 32 30 36 32 
BAT RX 0x322 [8] 00 F3 00 CE 03 01 46 46 
BAT RX 0x320 [8] 50 41 C3 85 85 00 00 00 
BAT RX 0x319 [8] C0 0C F3 0C F1 0B 03 00 
BAT RX 0x318 [8] 0C F2 0C F2 0C F2 0C F1 
BAT RX 0x317 [8] 0C F3 0C F3 0C F3 0C F2 
BAT RX 0x316 [8] 0C F1 0C F1 0C F1 0C F1 
BAT RX 0x315 [8] 0C F3 0C F3 0C F3 0C F2 
BAT RX 0x314 [8] 3F F2 5B 04 00 02 05 41 
BAT RX 0x313 [8] 14 B4 FF 85 00 DF 46 63 
BAT RX 0x312 [8] 00 00 00 00 02 00 00 00 
BAT RX 0x311 [8] 02 38 08 24 08 24 01 63 
[924s] OK V=53.00V I=-12.3A T=22.3C SOC=70% SOH=99% | CVL=56.8V CCL=208.4A DCL=208.4A | chg=1 dis=1 fc1=0 fc2=0 | prot=0000 warn=0000 | packs=2 | inv0x305=no
BAT RX 0x301 [8] 0B 16 21 2C 37 42 4D 58 
BAT RX 0x301 [8] 0B 16 21 2C 37 42 4D 58 
BAT RX 0x330 [8] 01 10 01 01 0C F4 0C F1 
BAT RX 0x329 [8] 01 00 22 34 01 00 3F AD 
BAT RX 0x323 [8] 20 0E 10 00 00 00 00 00 
BAT RX 0x324 [8] 02 43 30 37 00 00 00 00 
BAT RX 0x322 [8] 00 F3 00 CE 03 01 46 46 
BAT RX 0x320 [8] 50 41 C3 85 85 00 00 00 
BAT RX 0x319 [8] C0 0C F4 0C F1 10 01 00 
BAT RX 0x318 [8] 0C F2 0C F2 0C F1 0C F1 
BAT RX 0x317 [8] 0C F3 0C F3 0C F3 0C F2 
BAT RX 0x316 [8] 0C F1 0C F1 0C F1 0C F0 
BAT RX 0x315 [8] 0C F4 0C F3 0C F3 0C F2 
BAT RX 0x314 [8] 3F F2 5B 04 00 04 05 41 
BAT RX 0x313 [8] 14 B4 FF 85 00 DF 46 63 
BAT RX 0x312 [8] 00 00 00 00 02 00 00 00 
BAT RX 0x311 [8] 02 38 08 24 08 24 01 63 
BAT RX 0x301 [8] 0B 16 21 2C 37 42 4D 58 
BAT RX 0x301 [8] 0B 16 21 2C 37 42 4D 58 
BAT RX 0x330 [8] 01 10 01 03 0C F4 0C F0 
BAT RX 0x329 [8] 02 00 19 C0 02 00 40 48 
BAT RX 0x323 [8] 20 0E 10 00 00 00 00 00 
BAT RX 0x324 [8] 00 02 47 50 4A 30 32 31 
BAT RX 0x322 [8] 00 F3 00 CE 03 01 46 46 
BAT RX 0x320 [8] 50 41 C3 85 85 00 00 00 
BAT RX 0x319 [8] C0 0C F4 0C F0 10 03 00 
BAT RX 0x318 [8] 0C F1 0C F1 0C F1 0C F0 
BAT RX 0x317 [8] 0C F3 0C F3 0C F2 0C F2 
BAT RX 0x316 [8] 0C F1 0C F1 0C F1 0C F0 
BAT RX 0x315 [8] 0C F4 0C F3 0C F3 0C F2 
BAT RX 0x314 [8] 3F F2 5B 04 00 04 05 41 
BAT RX 0x313 [8] 14 B4 FF 84 00 DF 46 63 
BAT RX 0x312 [8] 00 00 00 00 02 00 00 00 
BAT RX 0x311 [8] 02 38 08 24 08 24 01 63 
[926s] OK V=53.00V I=-12.4A T=22.3C SOC=70% SOH=99% | CVL=56.8V CCL=208.4A DCL=208.4A | chg=1 dis=1 fc1=0 fc2=0 | prot=0000 warn=0000 | packs=2 | inv0x305=no
BAT RX 0x301 [8] 0B 16 21 2C 37 42 4D 58 
BAT RX 0x301 [8] 0B 16 21 2C 37 42 4D 58 
BAT RX 0x330 [8] 01 0E 01 01 0C F3 0C F0 
BAT RX 0x329 [8] 01 00 22 34 01 00 3F AD 
BAT RX 0x323 [8] 20 0E 10 00 00 00 00 00 
BAT RX 0x324 [8] 01 39 35 32 32 30 36 32 
BAT RX 0x322 [8] 00 F3 00 CE 03 01 46 46 
BAT RX 0x320 [8] 50 41 C3 85 85 00 00 00 
BAT RX 0x319 [8] C0 0C F3 0C F0 0E 01 00 
BAT RX 0x318 [8] 0C F2 0C F1 0C F1 0C F1 
BAT RX 0x317 [8] 0C F3 0C F3 0C F3 0C F2 
BAT RX 0x316 [8] 0C F1 0C F1 0C F1 0C F1 
BAT RX 0x315 [8] 0C F3 0C F3 0C F2 0C F2 
BAT RX 0x314 [8] 3F F2 5B 04 00 02 05 41 
BAT RX 0x313 [8] 14 B4 FF 85 00 DF 46 63 
BAT RX 0x312 [8] 00 00 00 00 02 00 00 00 
BAT RX 0x311 [8] 02 38 08 24 08 24 01 63 
BAT RX 0x301 [8] 0B 16 21 2C 37 42 4D 58 
BAT RX 0x301 [8] 0B 16 21 2C 37 42 4D 58 
BAT RX 0x330 [8] 01 0F 01 03 0C F3 0C F0 
BAT RX 0x329 [8] 02 00 19 C0 02 00 40 48 
BAT RX 0x323 [8] 20 0E 10 00 00 00 00 00 
BAT RX 0x324 [8] 02 42 42 37 00 00 00 00 
BAT RX 0x322 [8] 00 F3 00 CE 03 01 46 46 
BAT RX 0x320 [8] 50 41 C3 85 85 00 00 00 
BAT RX 0x319 [8] C0 0C F3 0C F0 0F 03 00 
BAT RX 0x318 [8] 0C F2 0C F2 0C F1 0C F0 
BAT RX 0x317 [8] 0C F3 0C F3 0C F2 0C F2 
BAT RX 0x316 [8] 0C F1 0C F1 0C F0 0C F0 
BAT RX 0x315 [8] 0C F3 0C F3 0C F3 0C F2 
BAT RX 0x314 [8] 3F F2 5B 04 00 03 05 41 
BAT RX 0x313 [8] 14 B4 FF 85 00 DF 46 63 
BAT RX 0x312 [8] 00 00 00 00 02 00 00 00 
BAT RX 0x311 [8] 02 38 08 24 08 24 01 63 
[928s] OK V=53.00V I=-12.3A T=22.3C SOC=70% SOH=99% | CVL=56.8V CCL=208.4A DCL=208.4A | chg=1 dis=1 fc1=0 fc2=0 | prot=0000 warn=0000 | packs=2 | inv0x305=no
BAT RX 0x301 [8] 0B 16 21 2C 37 42 4D 58 
BAT RX 0x301 [8] 0B 16 21 2C 37 42 4D 58 
BAT RX 0x330 [8] 01 08 01 01 0C F3 0C F0 
BAT RX 0x329 [8] 01 00 22 34 01 00 3F AD 
BAT RX 0x323 [8] 20 0E 10 00 00 00 00 00 
BAT RX 0x324 [8] 00 01 47 50 4A 30 32 31 
BAT RX 0x322 [8] 00 F3 00 CE 03 01 46 46 
BAT RX 0x320 [8] 50 41 C3 85 85 00 00 00 
BAT RX 0x319 [8] C0 0C F3 0C F0 08 01 00 
BAT RX 0x318 [8] 0C F1 0C F1 0C F1 0C F0 
BAT RX 0x317 [8] 0C F3 0C F3 0C F3 0C F2 
BAT RX 0x316 [8] 0C F1 0C F1 0C F1 0C F1 
BAT RX 0x315 [8] 0C F3 0C F2 0C F2 0C F2 
BAT RX 0x314 [8] 3F F2 5B 04 00 03 05 41 
BAT RX 0x313 [8] 14 B4 FF 85 00 DF 46 63 
BAT RX 0x312 [8] 00 00 00 00 02 00 00 00 
BAT RX 0x311 [8] 02 38 08 24 08 24 01 63 

---- battery-bus rate stats (VERBOSE_STATS) ----------------------------
  14164 frames, 930 s elapsed
  ID     count   period(ms)  (min-max gap)
  0x324     924   1002 (1-4867)
  0x329     926    998 (1-4866)
  0x330     929    995 (0-4000)
  0x312     924   1000 (1-4867)
  0x313     924   1000 (1-4867)
  0x314     924   1000 (1-4867)
  0x315     924   1000 (1-4867)
  0x316     924   1000 (1-4867)
  0x317     924   1000 (1-4867)
  0x318     924   1000 (1-4867)
  0x319     924   1000 (1-4867)
  0x320     924   1000 (1-4866)
  0x322     924   1000 (0-4867)
  0x311     924   1000 (1-4867)
  0x323     925    999 (1-4866)
  0x301     296    495 (0-505)
--------------------------------------------------------------------------

  TWAI: state=RUNNING  tx_err=0 rx_err=0  tx_failed=0  rx_missed=111 rx_overrun=0  arb_lost=0  bus_err=17
BAT RX 0x301 [8] 0B 16 21 2C 37 42 4D 58 
BAT RX 0x301 [8] 0B 16 21 2C 37 42 4D 58 
BAT RX 0x330 [8] 01 10 01 03 0C F3 0C F0 
BAT RX 0x329 [8] 02 00 19 C0 02 00 40 48 
BAT RX 0x323 [8] 20 0E 10 00 00 00 00 00 
BAT RX 0x324 [8] 01 39 35 32 32 30 36 32 
BAT RX 0x322 [8] 00 F3 00 CE 03 01 46 46 
BAT RX 0x320 [8] 50 41 C3 85 85 00 00 00 
BAT RX 0x319 [8] C0 0C F3 0C F0 10 03 00 
BAT RX 0x318 [8] 0C F2 0C F2 0C F1 0C F0 
BAT RX 0x317 [8] 0C F2 0C F2 0C F2 0C F2 
BAT RX 0x316 [8] 0C F1 0C F0 0C F0 0C F0 
BAT RX 0x315 [8] 0C F3 0C F3 0C F2 0C F2 
BAT RX 0x314 [8] 3F F2 5B 04 00 03 05 41 
BAT RX 0x313 [8] 14 B4 FF 85 00 DF 46 63 
BAT RX 0x312 [8] 00 00 00 00 02 00 00 00 
BAT RX 0x311 [8] 02 38 08 24 08 24 01 63 
[930s] OK V=53.00V I=-12.3A T=22.3C SOC=70% SOH=99% | CVL=56.8V CCL=208.4A DCL=208.4A | chg=1 dis=1 fc1=0 fc2=0 | prot=0000 warn=0000 | packs=2 | inv0x305=no
BAT RX 0x301 [8] 0B 16 21 2C 37 42 4D 58 
BAT RX 0x301 [8] 0B 16 21 2C 37 42 4D 58 
BAT RX 0x330 [8] 01 07 01 04 0C F3 0C F0 
BAT RX 0x329 [8] 01 00 22 34 01 00 3F AD 
BAT RX 0x323 [8] 20 0E 10 00 00 00 00 00 
BAT RX 0x324 [8] 02 43 30 37 00 00 00 00 
BAT RX 0x322 [8] 00 F3 00 CE 03 01 46 46 
BAT RX 0x320 [8] 50 41 C3 85 85 00 00 00 
BAT RX 0x319 [8] C0 0C F3 0C F0 07 04 00 
BAT RX 0x318 [8] 0C F1 0C F1 0C F1 0C F0 
BAT RX 0x317 [8] 0C F3 0C F2 0C F2 0C F2 
BAT RX 0x316 [8] 0C F1 0C F1 0C F1 0C F1 
BAT RX 0x315 [8] 0C F3 0C F2 0C F2 0C F2 
BAT RX 0x314 [8] 3F F2 5B 04 00 03 05 41 
BAT RX 0x313 [8] 14 B4 FF 85 00 DF 46 63 
BAT RX 0x312 [8] 00 00 00 00 02 00 00 00 
BAT RX 0x311 [8] 02 38 08 24 08 24 01 63 
BAT RX 0x301 [8] 0B 16 21 2C 37 42 4D 58 
BAT RX 0x301 [8] 0B 16 21 2C 37 42 4D 58 
BAT RX 0x330 [8] 01 0F 01 02 0C F3 0C F0 
BAT RX 0x329 [8] 02 00 19 C0 02 00 40 48 
BAT RX 0x323 [8] 20 0E 10 00 00 00 00 00 
BAT RX 0x324 [8] 00 02 47 50 4A 30 32 31 
BAT RX 0x322 [8] 00 F3 00 CE 03 01 46 46 
BAT RX 0x320 [8] 50 41 C3 85 85 00 00 00 
BAT RX 0x319 [8] C0 0C F3 0C F0 0F 02 00 
BAT RX 0x318 [8] 0C F1 0C F1 0C F1 0C F0 
BAT RX 0x317 [8] 0C F3 0C F2 0C F2 0C F2 
BAT RX 0x316 [8] 0C F0 0C F0 0C F0 0C F0 
BAT RX 0x315 [8] 0C F3 0C F3 0C F2 0C F2 
BAT RX 0x314 [8] 3F F2 5B 04 00 03 05 41 
BAT RX 0x313 [8] 14 B4 FF 7F 00 DF 46 63 
BAT RX 0x312 [8] 00 00 00 00 02 00 00 00 
BAT RX 0x311 [8] 02 38 08 24 08 24 01 63 
[932s] OK V=53.00V I=-12.9A T=22.3C SOC=70% SOH=99% | CVL=56.8V CCL=208.4A DCL=208.4A | chg=1 dis=1 fc1=0 fc2=0 | prot=0000 warn=0000 | packs=2 | inv0x305=no
BAT RX 0x301 [8] 0B 16 21 2C 37 42 4D 58 
BAT RX 0x301 [8] 0B 16 21 2C 37 42 4D 58 
BAT RX 0x330 [8] 01 07 01 01 0C F2 0C F0 
BAT RX 0x329 [8] 01 00 22 34 01 00 3F AD 
BAT RX 0x323 [8] 20 0E 10 00 00 00 00 00 
BAT RX 0x324 [8] 01 39 35 32 32 30 36 32 
BAT RX 0x322 [8] 00 F3 00 CE 03 01 46 46 
BAT RX 0x320 [8] 50 41 C3 85 85 00 00 00 
BAT RX 0x319 [8] C0 0C F2 0C F0 07 01 00 
BAT RX 0x318 [8] 0C F1 0C F1 0C F1 0C F0 
BAT RX 0x317 [8] 0C F2 0C F2 0C F2 0C F2 
BAT RX 0x316 [8] 0C F0 0C F0 0C F0 0C F0 
BAT RX 0x315 [8] 0C F3 0C F3 0C F2 0C F2 
BAT RX 0x314 [8] 3F F2 5B 04 00 03 05 41 
BAT RX 0x313 [8] 14 B4 FF 7F 00 DF 46 63 
BAT RX 0x312 [8] 00 00 00 00 02 00 00 00 
BAT RX 0x311 [8] 02 38 08 24 08 24 01 63 
BAT RX 0x301 [8] 0B 16 21 2C 37 42 4D 58 
BAT RX 0x301 [8] 0B 16 21 2C 37 42 4D 58 
BAT RX 0x330 [8] 01 08 01 01 0C F2 0C F0 
BAT RX 0x329 [8] 02 00 19 C0 02 00 40 48 
BAT RX 0x323 [8] 20 0E 10 00 00 00 00 00 
BAT RX 0x324 [8] 02 42 42 37 00 00 00 00 
BAT RX 0x322 [8] 00 F3 00 CE 03 01 46 46 
BAT RX 0x320 [8] 50 41 C3 85 85 00 00 00 
BAT RX 0x319 [8] C0 0C F2 0C F0 08 01 00 
BAT RX 0x318 [8] 0C F1 0C F1 0C F1 0C F0 
BAT RX 0x317 [8] 0C F2 0C F2 0C F2 0C F2 
BAT RX 0x316 [8] 0C F0 0C F0 0C F0 0C F0 
BAT RX 0x315 [8] 0C F3 0C F2 0C F2 0C F2 
BAT RX 0x314 [8] 3F F2 5B 04 00 03 05 41 
BAT RX 0x313 [8] 14 B4 FF 7F 00 DF 46 63 
BAT RX 0x312 [8] 00 00 00 00 02 00 00 00 
BAT RX 0x311 [8] 02 38 08 24 08 24 01 63 
[934s] OK V=53.00V I=-12.9A T=22.3C SOC=70% SOH=99% | CVL=56.8V CCL=208.4A DCL=208.4A | chg=1 dis=1 fc1=0 fc2=0 | prot=0000 warn=0000 | packs=2 | inv0x305=no
BAT RX 0x301 [8] 0B 16 21 2C 37 42 4D 58 
BAT RX 0x301 [8] 0B 16 21 2C 37 42 4D 58 
BAT RX 0x330 [8] 01 0D 01 01 0C F2 0C F0 
BAT RX 0x329 [8] 01 00 22 34 01 00 3F AD 
BAT RX 0x323 [8] 20 0E 10 00 00 00 00 00 
BAT RX 0x324 [8] 00 01 47 50 4A 30 32 31 
BAT RX 0x322 [8] 00 F3 00 CE 03 01 46 46 
BAT RX 0x320 [8] 50 41 C3 85 85 00 00 00 
BAT RX 0x319 [8] C0 0C F2 0C F0 0D 01 00 
BAT RX 0x318 [8] 0C F1 0C F1 0C F1 0C F0 
BAT RX 0x317 [8] 0C F2 0C F2 0C F2 0C F2 
BAT RX 0x316 [8] 0C F0 0C F0 0C F0 0C F0 
BAT RX 0x315 [8] 0C F2 0C F2 0C F2 0C F2 
BAT RX 0x314 [8] 3F F2 5B 04 00 02 05 41 
BAT RX 0x313 [8] 14 B4 FF 7F 00 DF 46 63 
BAT RX 0x312 [8] 00 00 00 00 02 00 00 00 
BAT RX 0x311 [8] 02 38 08 24 08 24 01 63 
BAT RX 0x301 [8] 0B 16 21 2C 37 42 4D 58 
BAT RX 0x301 [8] 0B 16 21 2C 37 42 4D 58 
BAT RX 0x330 [8] 01 08 01 06 0C F2 0C EF 
BAT RX 0x329 [8] 02 00 19 C0 02 00 40 48 
BAT RX 0x323 [8] 20 0E 10 00 00 00 00 00 
BAT RX 0x324 [8] 01 39 35 32 32 30 36 32 
BAT RX 0x322 [8] 00 F3 00 CE 03 01 46 46 
BAT RX 0x320 [8] 50 41 C3 85 85 00 00 00 
BAT RX 0x319 [8] C0 0C F2 0C EF 08 06 00 
BAT RX 0x318 [8] 0C F1 0C F1 0C F1 0C F0 
BAT RX 0x317 [8] 0C F2 0C F2 0C F2 0C F2 
BAT RX 0x316 [8] 0C F0 0C F0 0C F0 0C EF 
BAT RX 0x315 [8] 0C F3 0C F2 0C F2 0C F1 
BAT RX 0x314 [8] 3F F2 5B 04 00 04 05 41 
BAT RX 0x313 [8] 14 B4 FF 7F 00 DF 46 63 
BAT RX 0x312 [8] 00 00 00 00 02 00 00 00 
BAT RX 0x311 [8] 02 38 08 24 08 24 01 63 
[936s] OK V=53.00V I=-12.9A T=22.3C SOC=70% SOH=99% | CVL=56.8V CCL=208.4A DCL=208.4A | chg=1 dis=1 fc1=0 fc2=0 | prot=0000 warn=0000 | packs=2 | inv0x305=no
BAT RX 0x301 [8] 0B 16 21 2C 37 42 4D 58 
BAT RX 0x301 [8] 0B 16 21 2C 37 42 4D 58 
BAT RX 0x330 [8] 01 09 01 01 0C F2 0C F0 
BAT RX 0x329 [8] 01 00 22 34 01 00 3F AD 
BAT RX 0x323 [8] 20 0E 10 00 00 00 00 00 
BAT RX 0x324 [8] 02 43 30 37 00 00 00 00 
BAT RX 0x322 [8] 00 F3 00 CE 03 01 46 46 
BAT RX 0x320 [8] 50 41 C3 85 85 00 00 00 
BAT RX 0x319 [8] C0 0C F2 0C F0 09 01 00 
BAT RX 0x318 [8] 0C F1 0C F1 0C F1 0C F0 
BAT RX 0x317 [8] 0C F2 0C F2 0C F2 0C F2 
BAT RX 0x316 [8] 0C F1 0C F0 0C F0 0C F0 
BAT RX 0x315 [8] 0C F3 0C F2 0C F2 0C F2 
BAT RX 0x314 [8] 3F F2 5B 04 00 03 05 41 
BAT RX 0x313 [8] 14 B4 FF 84 00 DF 46 63 
BAT RX 0x312 [8] 00 00 00 00 02 00 00 00 
BAT RX 0x311 [8] 02 38 08 24 08 24 01 63 
BAT RX 0x301 [8] 0B 16 21 2C 37 42 4D 58 
BAT RX 0x301 [8] 0B 16 21 2C 37 42 4D 58 
BAT RX 0x330 [8] 01 0F 01 03 0C F2 0C EF 
BAT RX 0x329 [8] 02 00 19 C0 02 00 40 48 
BAT RX 0x323 [8] 20 0E 10 00 00 00 00 00 
BAT RX 0x324 [8] 00 02 47 50 4A 30 32 31 
BAT RX 0x322 [8] 00 F3 00 CE 03 01 46 46 
BAT RX 0x320 [8] 50 41 C3 85 85 00 00 00 
BAT RX 0x319 [8] C0 0C F2 0C EF 0F 03 00 
BAT RX 0x318 [8] 0C F1 0C F1 0C F1 0C F0 
BAT RX 0x317 [8] 0C F2 0C F2 0C F2 0C F2 
BAT RX 0x316 [8] 0C F0 0C F0 0C F0 0C F0 
BAT RX 0x315 [8] 0C F2 0C F1 0C F1 0C F1 
BAT RX 0x314 [8] 3F F2 5B 04 00 02 05 41 
BAT RX 0x313 [8] 14 B4 FF 82 00 DF 46 63 
BAT RX 0x312 [8] 00 00 00 00 02 00 00 00 
BAT RX 0x311 [8] 02 38 08 24 08 24 01 63 
[938s] OK V=53.00V I=-12.6A T=22.3C SOC=70% SOH=99% | CVL=56.8V CCL=208.4A DCL=208.4A | chg=1 dis=1 fc1=0 fc2=0 | prot=0000 warn=0000 | packs=2 | inv0x305=no
BAT RX 0x301 [8] 0B 16 21 2C 37 42 4D 58 
BAT RX 0x301 [8] 0B 16 21 2C 37 42 4D 58 
BAT RX 0x330 [8] 01 09 01 02 0C F2 0C EF 
BAT RX 0x329 [8] 01 00 22 34 01 00 3F AD 
BAT RX 0x323 [8] 20 0E 10 00 00 00 00 00 
BAT RX 0x324 [8] 01 39 35 32 32 30 36 32 
BAT RX 0x322 [8] 00 F3 00 CE 03 01 46 46 
BAT RX 0x320 [8] 50 41 C3 85 85 00 00 00 
BAT RX 0x319 [8] C0 0C F2 0C EF 09 02 00 
BAT RX 0x318 [8] 0C F1 0C F1 0C F1 0C F0 
BAT RX 0x317 [8] 0C F2 0C F2 0C F1 0C F1 
BAT RX 0x316 [8] 0C F0 0C F0 0C F0 0C EF 
BAT RX 0x315 [8] 0C F2 0C F2 0C F1 0C F1 
BAT RX 0x314 [8] 3F F2 5B 04 00 03 05 41 
BAT RX 0x313 [8] 14 B4 FF 7E 00 DF 46 63 
BAT RX 0x312 [8] 00 00 00 00 02 00 00 00 
BAT RX 0x311 [8] 02 38 08 24 08 24 01 63 
BAT RX 0x301 [8] 0B 16 21 2C 37 42 4D 58 
BAT RX 0x301 [8] 0B 16 21 2C 37 42 4D 58 
BAT RX 0x330 [8] 01 10 01 01 0C F2 0C EF 
BAT RX 0x329 [8] 02 00 19 C0 02 00 40 48 
BAT RX 0x323 [8] 20 0E 10 00 00 00 00 00 
BAT RX 0x324 [8] 02 42 42 37 00 00 00 00 
BAT RX 0x322 [8] 00 F3 00 CE 03 01 46 46 
BAT RX 0x320 [8] 50 41 C3 85 85 00 00 00 
BAT RX 0x319 [8] C0 0C F2 0C EF 10 01 00 
BAT RX 0x318 [8] 0C F0 0C F0 0C F0 0C EF 
BAT RX 0x317 [8] 0C F1 0C F1 0C F1 0C F1 
BAT RX 0x316 [8] 0C EF 0C EF 0C EF 0C EF 
BAT RX 0x315 [8] 0C F1 0C F1 0C F1 0C F0 
BAT RX 0x314 [8] 3F F2 5B 04 00 02 05 41 
BAT RX 0x313 [8] 14 AA FF 6B 00 DF 46 63 
BAT RX 0x312 [8] 00 00 00 00 02 00 00 00 
BAT RX 0x311 [8] 02 38 08 24 08 24 01 63 
[940s] OK V=52.90V I=-14.9A T=22.3C SOC=70% SOH=99% | CVL=56.8V CCL=208.4A DCL=208.4A | chg=1 dis=1 fc1=0 fc2=0 | prot=0000 warn=0000 | packs=2 | inv0x305=no
BAT RX 0x301 [8] 0B 16 21 2C 37 42 4D 58 
BAT RX 0x301 [8] 0B 16 21 2C 37 42 4D 58 
BAT RX 0x330 [8] 01 0E 01 01 0C F1 0C EF 
BAT RX 0x329 [8] 01 00 22 34 01 00 3F AD 
BAT RX 0x323 [8] 20 0E 10 00 00 00 00 00 
BAT RX 0x324 [8] 00 01 47 50 4A 30 32 31 
BAT RX 0x322 [8] 00 F3 00 CE 03 01 46 46 
BAT RX 0x320 [8] 50 41 C3 85 85 00 00 00 
BAT RX 0x319 [8] C0 0C F1 0C EF 0E 01 00 
BAT RX 0x318 [8] 0C EF 0C EF 0C EF 0C EF 
BAT RX 0x317 [8] 0C F1 0C F0 0C F0 0C F0 
BAT RX 0x316 [8] 0C EF 0C EF 0C EF 0C EE 
BAT RX 0x315 [8] 0C F1 0C F1 0C F0 0C F0 
BAT RX 0x314 [8] 3F F2 5B 04 00 03 05 41 
BAT RX 0x313 [8] 14 AA FF 5D 00 DF 46 63 
BAT RX 0x312 [8] 00 00 00 00 02 00 00 00 
BAT RX 0x311 [8] 02 38 08 24 08 24 01 63 
BAT RX 0x301 [8] 0B 16 21 2C 37 42 4D 58 
BAT RX 0x301 [8] 0B 16 21 2C 37 42 4D 58 
BAT RX 0x330 [8] 02 0D 01 01 0C F1 0C EE 
BAT RX 0x329 [8] 02 00 19 C0 02 00 40 48 
BAT RX 0x323 [8] 20 0E 10 00 00 00 00 00 
BAT RX 0x324 [8] 01 39 35 32 32 30 36 32 
BAT RX 0x322 [8] 00 F3 00 CE 03 01 46 46 
BAT RX 0x320 [8] 50 41 C3 85 85 00 00 00 
BAT RX 0x319 [8] C0 0C F1 0C EE 1D 01 00 
BAT RX 0x318 [8] 0C EF 0C EF 0C EF 0C EE 
BAT RX 0x317 [8] 0C F1 0C F0 0C F0 0C F0 
BAT RX 0x316 [8] 0C EF 0C EE 0C EE 0C EE 
BAT RX 0x315 [8] 0C F0 0C F0 0C F0 0C F0 
BAT RX 0x314 [8] 3F F2 5B 04 00 03 05 41 
BAT RX 0x313 [8] 14 AA FF 59 00 DF 46 63 
BAT RX 0x312 [8] 00 00 00 00 02 00 00 00 
BAT RX 0x311 [8] 02 38 08 24 08 24 01 63 
[942s] OK V=52.90V I=-16.7A T=22.3C SOC=70% SOH=99% | CVL=56.8V CCL=208.4A DCL=208.4A | chg=1 dis=1 fc1=0 fc2=0 | prot=0000 warn=0000 | packs=2 | inv0x305=no
BAT RX 0x301 [8] 0B 16 21 2C 37 42 4D 58 
BAT RX 0x301 [8] 0B 16 21 2C 37 42 4D 58 
BAT RX 0x330 [8] 01 0E 01 01 0C F0 0C EE 
BAT RX 0x329 [8] 01 00 22 34 01 00 3F AD 
BAT RX 0x323 [8] 20 0E 10 00 00 00 00 00 
BAT RX 0x324 [8] 02 43 30 37 00 00 00 00 
BAT RX 0x322 [8] 00 F3 00 CE 03 01 46 46 
BAT RX 0x320 [8] 50 41 C3 85 85 00 00 00 
BAT RX 0x319 [8] C0 0C F0 0C EE 0E 01 00 
BAT RX 0x318 [8] 0C EF 0C EF 0C EF 0C EE 
BAT RX 0x317 [8] 0C F0 0C F0 0C F0 0C F0 
BAT RX 0x316 [8] 0C EF 0C EE 0C EE 0C EE 
BAT RX 0x315 [8] 0C F0 0C F0 0C F0 0C EF 
BAT RX 0x314 [8] 3F F2 5B 04 00 02 05 41 
BAT RX 0x313 [8] 14 AA FF 55 00 DF 46 63 
BAT RX 0x312 [8] 00 00 00 00 02 00 00 00 
BAT RX 0x311 [8] 02 38 08 24 08 24 01 63 
BAT RX 0x301 [8] 0B 16 21 2C 37 42 4D 58 
BAT RX 0x301 [8] 0B 16 21 2C 37 42 4D 58 
BAT RX 0x330 [8] 01 10 01 01 0C F1 0C EE 
BAT RX 0x329 [8] 02 00 19 C0 02 00 40 48 
BAT RX 0x323 [8] 20 0E 10 00 00 00 00 00 
BAT RX 0x324 [8] 00 02 47 50 4A 30 32 31 
BAT RX 0x322 [8] 00 F3 00 CE 03 01 46 46 
BAT RX 0x320 [8] 50 41 C3 85 85 00 00 00 
BAT RX 0x319 [8] C0 0C F1 0C EE 10 01 00 
BAT RX 0x318 [8] 0C EF 0C EF 0C EF 0C EE 
BAT RX 0x317 [8] 0C F0 0C F0 0C F0 0C EF 
BAT RX 0x316 [8] 0C EE 0C EE 0C EE 0C EE 
BAT RX 0x315 [8] 0C F0 0C F0 0C F0 0C EF 
BAT RX 0x314 [8] 3F F2 5B 04 00 02 05 41 
BAT RX 0x313 [8] 14 AA FF 55 00 DF 46 63 
BAT RX 0x312 [8] 00 00 00 00 02 00 00 00 
BAT RX 0x311 [8] 02 38 08 24 08 24 01 63 
[944s] OK V=52.90V I=-17.1A T=22.3C SOC=70% SOH=99% | CVL=56.8V CCL=208.4A DCL=208.4A | chg=1 dis=1 fc1=0 fc2=0 | prot=0000 warn=0000 | packs=2 | inv0x305=no

---- battery-bus rate stats (VERBOSE_STATS) ----------------------------
  14419 frames, 945 s elapsed
  ID     count   period(ms)  (min-max gap)
  0x324     939   1002 (1-4867)
  0x329     941    998 (1-4866)
  0x330     944    995 (0-4000)
  0x312     939   1000 (1-4867)
  0x313     939   1000 (1-4867)
  0x314     939   1000 (1-4867)
  0x315     939   1000 (1-4867)
  0x316     939   1000 (1-4867)
  0x317     939   1000 (1-4867)
  0x318     939   1000 (1-4867)
  0x319     939   1000 (1-4867)
  0x320     939   1000 (1-4866)
  0x322     939   1000 (0-4867)
  0x311     939   1000 (1-4867)
  0x323     940    999 (1-4866)
  0x301     326    496 (0-505)
--------------------------------------------------------------------------

  TWAI: state=RUNNING  tx_err=0 rx_err=0  tx_failed=0  rx_missed=111 rx_overrun=0  arb_lost=0  bus_err=17
BAT RX 0x301 [8] 0B 16 21 2C 37 42 4D 58 
BAT RX 0x301 [8] 0B 16 21 2C 37 42 4D 58 
BAT RX 0x330 [8] 01 10 01 03 0C F1 0C ED 
BAT RX 0x329 [8] 01 00 22 34 01 00 3F AD 
BAT RX 0x323 [8] 20 0E 10 00 00 00 00 00 
BAT RX 0x324 [8] 01 39 35 32 32 30 36 32 
BAT RX 0x322 [8] 00 F3 00 CE 03 01 46 45 
BAT RX 0x320 [8] 50 41 C3 85 85 00 00 00 
BAT RX 0x319 [8] C0 0C F1 0C ED 10 03 00 
BAT RX 0x318 [8] 0C EE 0C EE 0C EE 0C ED 
BAT RX 0x317 [8] 0C F0 0C F0 0C EF 0C EF 
BAT RX 0x316 [8] 0C EE 0C EE 0C EE 0C EE 
BAT RX 0x315 [8] 0C F0 0C EF 0C EF 0C EF 
BAT RX 0x314 [8] 3F E8 5B 04 00 03 05 41 
BAT RX 0x313 [8] 14 AA FF 55 00 DF 46 63 
BAT RX 0x312 [8] 00 00 00 00 02 00 00 00 
BAT RX 0x311 [8] 02 38 08 24 08 24 01 63 
BAT RX 0x301 [8] 0B 16 21 2C 37 42 4D 58 
BAT RX 0x301 [8] 0B 16 21 2C 37 42 4D 58 
BAT RX 0x330 [8] 01 0E 01 01 0C F0 0C ED 
BAT RX 0x329 [8] 02 00 19 C0 02 00 40 48 
BAT RX 0x323 [8] 20 0E 10 00 00 00 00 00 
BAT RX 0x324 [8] 02 42 42 37 00 00 00 00 
BAT RX 0x322 [8] 00 F3 00 CE 03 01 46 45 
BAT RX 0x320 [8] 50 41 C3 85 85 00 00 00 
BAT RX 0x319 [8] C0 0C F0 0C ED 0E 01 00 
BAT RX 0x318 [8] 0C EE 0C EE 0C EE 0C ED 
BAT RX 0x317 [8] 0C F0 0C F0 0C EF 0C EF 
BAT RX 0x316 [8] 0C EE 0C EE 0C EE 0C EE 
BAT RX 0x315 [8] 0C F0 0C EF 0C EF 0C EF 
BAT RX 0x314 [8] 3F E8 5B 04 00 03 05 41 
BAT RX 0x313 [8] 14 AA FF 54 00 DF 46 63 
BAT RX 0x312 [8] 00 00 00 00 02 00 00 00 
BAT RX 0x311 [8] 02 38 08 24 08 24 01 63 
[946s] OK V=52.90V I=-17.2A T=22.3C SOC=70% SOH=99% | CVL=56.8V CCL=208.4A DCL=208.4A | chg=1 dis=1 fc1=0 fc2=0 | prot=0000 warn=0000 | packs=2 | inv0x305=no
BAT RX 0x301 [8] 0B 16 21 2C 37 42 4D 58 
BAT RX 0x301 [8] 0B 16 21 2C 37 42 4D 58 
BAT RX 0x330 [8] 01 0E 01 01 0C F0 0C ED 
BAT RX 0x329 [8] 01 00 22 34 01 00 3F AD 
BAT RX 0x323 [8] 20 0E 10 00 00 00 00 00 
BAT RX 0x324 [8] 00 01 47 50 4A 30 32 31 
BAT RX 0x322 [8] 00 F3 00 CE 03 01 46 45 
BAT RX 0x320 [8] 50 41 C3 85 85 00 00 00 
BAT RX 0x319 [8] C0 0C F0 0C ED 0E 01 00 
BAT RX 0x318 [8] 0C EE 0C EE 0C EE 0C ED 
BAT RX 0x317 [8] 0C F0 0C F0 0C EF 0C EF 
BAT RX 0x316 [8] 0C EE 0C EE 0C EE 0C EE 
BAT RX 0x315 [8] 0C EF 0C EF 0C EF 0C EF 
BAT RX 0x314 [8] 3F E8 5B 04 00 03 05 41 
BAT RX 0x313 [8] 14 AA FF 59 00 DF 46 63 
BAT RX 0x312 [8] 00 00 00 00 02 00 00 00 
BAT RX 0x311 [8] 02 38 08 24 08 24 01 63 
BAT RX 0x301 [8] 0B 16 21 2C 37 42 4D 58 
BAT RX 0x301 [8] 0B 16 21 2C 37 42 4D 58 
BAT RX 0x330 [8] 01 0E 01 01 0C F0 0C ED 
BAT RX 0x329 [8] 02 00 19 C0 02 00 40 48 
BAT RX 0x323 [8] 20 0E 10 00 00 00 00 00 
BAT RX 0x324 [8] 01 39 35 32 32 30 36 32 
BAT RX 0x322 [8] 00 F3 00 CE 03 01 46 45 
BAT RX 0x320 [8] 50 41 C3 85 85 00 00 00 
BAT RX 0x319 [8] C0 0C F0 0C ED 0E 01 00 
BAT RX 0x318 [8] 0C EF 0C EF 0C EE 0C ED 
BAT RX 0x317 [8] 0C F0 0C F0 0C F0 0C EF 
BAT RX 0x316 [8] 0C EE 0C EE 0C EE 0C EE 
BAT RX 0x315 [8] 0C F0 0C F0 0C EF 0C EF 
BAT RX 0x314 [8] 3F E8 5B 04 00 03 05 41 
BAT RX 0x313 [8] 14 AA FF 5C 00 DF 46 63 
BAT RX 0x312 [8] 00 00 00 00 02 00 00 00 
BAT RX 0x311 [8] 02 38 08 24 08 24 01 63 
[948s] OK V=52.90V I=-16.4A T=22.3C SOC=70% SOH=99% | CVL=56.8V CCL=208.4A DCL=208.4A | chg=1 dis=1 fc1=0 fc2=0 | prot=0000 warn=0000 | packs=2 | inv0x305=no
BAT RX 0x301 [8] 0B 16 21 2C 37 42 4D 58 
BAT RX 0x301 [8] 0B 16 21 2C 37 42 4D 58 
BAT RX 0x330 [8] 01 10 02 01 0C F1 0C EE 
BAT RX 0x329 [8] 01 00 22 34 01 00 3F AD 
BAT RX 0x323 [8] 20 0E 10 00 00 00 00 00 
BAT RX 0x324 [8] 02 43 30 37 00 00 00 00 
BAT RX 0x322 [8] 00 F3 00 CE 03 01 46 45 
BAT RX 0x320 [8] 50 41 C3 85 85 00 00 00 
BAT RX 0x319 [8] C0 0C F1 0C EE 10 11 00 
BAT RX 0x318 [8] 0C EF 0C EF 0C EF 0C EE 
BAT RX 0x317 [8] 0C F0 0C F0 0C F0 0C F0 
BAT RX 0x316 [8] 0C EF 0C EF 0C EF 0C EE 
BAT RX 0x315 [8] 0C F0 0C F0 0C F0 0C F0 
BAT RX 0x314 [8] 3F E8 5B 04 00 02 05 41 
BAT RX 0x313 [8] 14 AA FF 71 00 DF 46 63 
BAT RX 0x312 [8] 00 00 00 00 02 00 00 00 
BAT RX 0x311 [8] 02 38 08 24 08 24 01 63 
BAT RX 0x301 [8] 0B 16 21 2C 37 42 4D 58 
BAT RX 0x301 [8] 0B 16 21 2C 37 42 4D 58 
BAT RX 0x330 [8] 01 10 01 03 0C F2 0C EE 
BAT RX 0x329 [8] 02 00 19 C0 02 00 40 48 
BAT RX 0x323 [8] 20 0E 10 00 00 00 00 00 
BAT RX 0x324 [8] 00 02 47 50 4A 30 32 31 
BAT RX 0x322 [8] 00 F3 00 CE 03 01 46 45 
BAT RX 0x320 [8] 50 41 C3 85 85 00 00 00 
BAT RX 0x319 [8] C0 0C F2 0C EE 10 03 00 
BAT RX 0x318 [8] 0C F0 0C EF 0C EF 0C EF 
BAT RX 0x317 [8] 0C F1 0C F0 0C F0 0C F0 
BAT RX 0x316 [8] 0C EF 0C EF 0C EF 0C EF 
BAT RX 0x315 [8] 0C F1 0C F1 0C F0 0C F0 
BAT RX 0x314 [8] 3F E8 5B 04 00 02 05 41 
BAT RX 0x313 [8] 14 AA FF 7F 00 DF 46 63 
BAT RX 0x312 [8] 00 00 00 00 02 00 00 00 
BAT RX 0x311 [8] 02 38 08 24 08 24 01 63 
[950s] OK V=52.90V I=-12.9A T=22.3C SOC=70% SOH=99% | CVL=56.8V CCL=208.4A DCL=208.4A | chg=1 dis=1 fc1=0 fc2=0 | prot=0000 warn=0000 | packs=2 | inv0x305=no
BAT RX 0x301 [8] 0B 16 21 2C 37 42 4D 58 
BAT RX 0x301 [8] 0B 16 21 2C 37 42 4D 58 
BAT RX 0x330 [8] 01 0E 01 06 0C F1 0C EE 
BAT RX 0x329 [8] 01 00 22 34 01 00 3F AD 
BAT RX 0x323 [8] 20 0E 10 00 00 00 00 00 
BAT RX 0x324 [8] 01 39 35 32 32 30 36 32 
BAT RX 0x322 [8] 00 F3 00 CE 03 01 46 45 
BAT RX 0x320 [8] 50 41 C3 85 85 00 00 00 
BAT RX 0x319 [8] C0 0C F1 0C EE 0E 06 00 
BAT RX 0x318 [8] 0C F0 0C F0 0C EF 0C EE 
BAT RX 0x317 [8] 0C F1 0C F1 0C F0 0C F0 
BAT RX 0x316 [8] 0C EF 0C EF 0C EF 0C EF 
BAT RX 0x315 [8] 0C F1 0C F1 0C F0 0C F0 
BAT RX 0x314 [8] 3F E8 5B 04 00 03 05 41 
BAT RX 0x313 [8] 14 AA FF 80 00 DF 46 63 
BAT RX 0x312 [8] 00 00 00 00 02 00 00 00 
BAT RX 0x311 [8] 02 38 08 24 08 24 01 63 
BAT RX 0x301 [8] 0B 16 21 2C 37 42 4D 58 
BAT RX 0x301 [8] 0B 16 21 2C 37 42 4D 58 
BAT RX 0x330 [8] 01 0F 01 01 0C F1 0C EF 
BAT RX 0x329 [8] 02 00 19 C0 02 00 40 48 
BAT RX 0x323 [8] 20 0E 10 00 00 00 00 00 
BAT RX 0x324 [8] 02 42 42 37 00 00 00 00 
BAT RX 0x322 [8] 00 F3 00 CE 03 01 46 45 
BAT RX 0x320 [8] 50 41 C3 85 85 00 00 00 
BAT RX 0x319 [8] C0 0C F1 0C EF 0F 01 00 
BAT RX 0x318 [8] 0C F0 0C EF 0C EF 0C EF 
BAT RX 0x317 [8] 0C F1 0C F1 0C F0 0C F0 
BAT RX 0x316 [8] 0C EF 0C EF 0C EF 0C EF 
BAT RX 0x315 [8] 0C F1 0C F1 0C F1 0C F0 
BAT RX 0x314 [8] 3F E8 5B 04 00 02 05 41 
BAT RX 0x313 [8] 14 AA FF 7F 00 DF 46 63 
BAT RX 0x312 [8] 00 00 00 00 02 00 00 00 
BAT RX 0x311 [8] 02 38 08 24 08 24 01 63 
[952s] OK V=52.90V I=-12.9A T=22.3C SOC=70% SOH=99% | CVL=56.8V CCL=208.4A DCL=208.4A | chg=1 dis=1 fc1=0 fc2=0 | prot=0000 warn=0000 | packs=2 | inv0x305=no
BAT RX 0x301 [8] 0B 16 21 2C 37 42 4D 58 
BAT RX 0x301 [8] 0B 16 21 2C 37 42 4D 58 
BAT RX 0x330 [8] 01 0E 01 06 0C F1 0C EE 
BAT RX 0x329 [8] 01 00 22 34 01 00 3F AD 
BAT RX 0x323 [8] 20 0E 10 00 00 00 00 00 
BAT RX 0x324 [8] 00 01 47 50 4A 30 32 31 
BAT RX 0x322 [8] 00 F3 00 CE 03 01 46 45 
BAT RX 0x320 [8] 50 41 C3 85 85 00 00 00 
BAT RX 0x319 [8] C0 0C F1 0C EE 0E 06 00 
BAT RX 0x318 [8] 0C F0 0C EF 0C EF 0C EE 
BAT RX 0x317 [8] 0C F1 0C F1 0C F1 0C F0 
BAT RX 0x316 [8] 0C EF 0C EF 0C EF 0C EF 
BAT RX 0x315 [8] 0C F1 0C F1 0C F1 0C F0 
BAT RX 0x314 [8] 3F E8 5B 04 00 03 05 41 
BAT RX 0x313 [8] 14 AA FF 80 00 DF 46 63 
BAT RX 0x312 [8] 00 00 00 00 02 00 00 00 
BAT RX 0x311 [8] 02 38 08 24 08 24 01 63 
BAT RX 0x301 [8] 0B 16 21 2C 37 42 4D 58 
BAT RX 0x301 [8] 0B 16 21 2C 37 42 4D 58 
BAT RX 0x330 [8] 01 0F 01 04 0C F1 0C EE 
BAT RX 0x329 [8] 02 00 19 C0 02 00 40 48 
BAT RX 0x323 [8] 20 0E 10 00 00 00 00 00 
BAT RX 0x324 [8] 01 39 35 32 32 30 36 32 
BAT RX 0x322 [8] 00 F3 00 CE 03 01 46 45 
BAT RX 0x320 [8] 50 41 C3 85 85 00 00 00 
BAT RX 0x319 [8] C0 0C F1 0C EE 0F 04 00 
BAT RX 0x318 [8] 0C F0 0C F0 0C F0 0C EE 
BAT RX 0x317 [8] 0C F1 0C F1 0C F0 0C F0 
BAT RX 0x316 [8] 0C EF 0C EF 0C EF 0C EF 
BAT RX 0x315 [8] 0C F1 0C F0 0C F0 0C F0 
BAT RX 0x314 [8] 3F E8 5B 04 00 03 05 41 
BAT RX 0x313 [8] 14 AA FF 7F 00 DF 46 63 
BAT RX 0x312 [8] 00 00 00 00 02 00 00 00 
BAT RX 0x311 [8] 02 38 08 24 08 24 01 63 
[954s] OK V=52.90V I=-12.9A T=22.3C SOC=70% SOH=99% | CVL=56.8V CCL=208.4A DCL=208.4A | chg=1 dis=1 fc1=0 fc2=0 | prot=0000 warn=0000 | packs=2 | inv0x305=no
BAT RX 0x301 [8] 0B 16 21 2C 37 42 4D 58 
BAT RX 0x301 [8] 0B 16 21 2C 37 42 4D 58 
BAT RX 0x330 [8] 01 10 01 01 0C F1 0C EF 
BAT RX 0x329 [8] 01 00 22 34 01 00 3F AD 
BAT RX 0x323 [8] 20 0E 10 00 00 00 00 00 
BAT RX 0x324 [8] 02 43 30 37 00 00 00 00 
BAT RX 0x322 [8] 00 F3 00 CE 03 01 46 45 
BAT RX 0x320 [8] 50 41 C3 85 85 00 00 00 
BAT RX 0x319 [8] C0 0C F1 0C EF 10 01 00 
BAT RX 0x318 [8] 0C F0 0C EF 0C EF 0C EF 
BAT RX 0x317 [8] 0C F1 0C F1 0C F1 0C F0 
BAT RX 0x316 [8] 0C EF 0C EF 0C EF 0C EF 
BAT RX 0x315 [8] 0C F1 0C F0 0C F0 0C F0 
BAT RX 0x314 [8] 3F E8 5B 04 00 02 05 41 
BAT RX 0x313 [8] 14 AA FF 80 00 DF 46 63 
BAT RX 0x312 [8] 00 00 00 00 02 00 00 00 
BAT RX 0x311 [8] 02 38 08 24 08 24 01 63 
BAT RX 0x301 [8] 0B 16 21 2C 37 42 4D 58 
BAT RX 0x301 [8] 0B 16 21 2C 37 42 4D 58 
BAT RX 0x330 [8] 01 10 02 01 0C F1 0C EE 
BAT RX 0x329 [8] 02 00 19 C0 02 00 40 48 
BAT RX 0x323 [8] 20 0E 10 00 00 00 00 00 
BAT RX 0x324 [8] 00 02 47 50 4A 30 32 31 
BAT RX 0x322 [8] 00 F3 00 CE 03 01 46 45 
BAT RX 0x320 [8] 50 41 C3 85 85 00 00 00 
BAT RX 0x319 [8] C0 0C F1 0C EE 10 11 00 
BAT RX 0x318 [8] 0C EF 0C EF 0C EF 0C EE 
BAT RX 0x317 [8] 0C F1 0C F1 0C F0 0C F0 
BAT RX 0x316 [8] 0C EF 0C EF 0C EE 0C EE 
BAT RX 0x315 [8] 0C F1 0C F1 0C F1 0C F0 
BAT RX 0x314 [8] 3F E8 5B 04 00 03 05 41 
BAT RX 0x313 [8] 14 AA FF 80 00 DF 46 63 
BAT RX 0x312 [8] 00 00 00 00 02 00 00 00 
BAT RX 0x311 [8] 02 38 08 24 08 24 01 63 
[956s] OK V=52.90V I=-12.8A T=22.3C SOC=70% SOH=99% | CVL=56.8V CCL=208.4A DCL=208.4A | chg=1 dis=1 fc1=0 fc2=0 | prot=0000 warn=0000 | packs=2 | inv0x305=no
BAT RX 0x301 [8] 0B 16 21 2C 37 42 4D 58 
BAT RX 0x301 [8] 0B 16 21 2C 37 42 4D 58 
BAT RX 0x330 [8] 01 0F 02 01 0C F1 0C EE 
BAT RX 0x329 [8] 01 00 22 34 01 00 3F AD 
BAT RX 0x323 [8] 20 0E 10 00 00 00 00 00 
BAT RX 0x324 [8] 01 39 35 32 32 30 36 32 
BAT RX 0x322 [8] 00 F3 00 CE 03 01 46 45 
BAT RX 0x320 [8] 50 41 C3 85 85 00 00 00 
BAT RX 0x319 [8] C0 0C F1 0C EE 0F 11 00 
BAT RX 0x318 [8] 0C EF 0C EF 0C EF 0C EE 
BAT RX 0x317 [8] 0C F1 0C F0 0C F0 0C F0 
BAT RX 0x316 [8] 0C EF 0C EF 0C EE 0C EE 
BAT RX 0x315 [8] 0C F1 0C F1 0C F0 0C F0 
BAT RX 0x314 [8] 3F E8 5B 04 00 03 05 41 
BAT RX 0x313 [8] 14 AA FF 80 00 DF 46 63 
BAT RX 0x312 [8] 00 00 00 00 02 00 00 00 
BAT RX 0x311 [8] 02 38 08 24 08 24 01 63 
BAT RX 0x301 [8] 0B 16 21 2C 37 42 4D 58 
BAT RX 0x301 [8] 0B 16 21 2C 37 42 4D 58 
BAT RX 0x330 [8] 01 0E 02 01 0C F1 0C EE 
BAT RX 0x329 [8] 02 00 19 C0 02 00 40 48 
BAT RX 0x323 [8] 20 0E 10 00 00 00 00 00 
BAT RX 0x324 [8] 02 42 42 37 00 00 00 00 
BAT RX 0x322 [8] 00 F3 00 CE 03 01 46 45 
BAT RX 0x320 [8] 50 41 C3 85 85 00 00 00 
BAT RX 0x319 [8] C0 0C F1 0C EE 0E 11 00 
BAT RX 0x318 [8] 0C EF 0C EF 0C EF 0C EE 
BAT RX 0x317 [8] 0C F1 0C F1 0C F0 0C F0 
BAT RX 0x316 [8] 0C EF 0C EF 0C EF 0C EF 
BAT RX 0x315 [8] 0C F1 0C F1 0C F0 0C F0 
BAT RX 0x314 [8] 3F E8 5B 04 00 03 05 41 
BAT RX 0x313 [8] 14 AA FF 80 00 DF 46 63 
BAT RX 0x312 [8] 00 00 00 00 02 00 00 00 
BAT RX 0x311 [8] 02 38 08 24 08 24 01 63 
[958s] OK V=52.90V I=-12.8A T=22.3C SOC=70% SOH=99% | CVL=56.8V CCL=208.4A DCL=208.4A | chg=1 dis=1 fc1=0 fc2=0 | prot=0000 warn=0000 | packs=2 | inv0x305=no
BAT RX 0x301 [8] 0B 16 21 2C 37 42 4D 58 
BAT RX 0x301 [8] 0B 16 21 2C 37 42 4D 58 
BAT RX 0x330 [8] 01 0F 01 04 0C F1 0C EE 
BAT RX 0x329 [8] 01 00 22 34 01 00 3F AD 
BAT RX 0x323 [8] 20 0E 10 00 00 00 00 00 
BAT RX 0x324 [8] 00 01 47 50 4A 30 32 31 
BAT RX 0x322 [8] 00 F3 00 CE 03 01 46 45 
BAT RX 0x320 [8] 50 41 C3 85 85 00 00 00 
BAT RX 0x319 [8] C0 0C F1 0C EE 0F 04 00 
BAT RX 0x318 [8] 0C EF 0C EF 0C EF 0C EE 
BAT RX 0x317 [8] 0C F1 0C F0 0C F0 0C F0 
BAT RX 0x316 [8] 0C EF 0C EF 0C EF 0C EF 
BAT RX 0x315 [8] 0C F1 0C F0 0C F0 0C F0 
BAT RX 0x314 [8] 3F E8 5B 04 00 03 05 41 
BAT RX 0x313 [8] 14 AA FF 80 00 DF 46 63 
BAT RX 0x312 [8] 00 00 00 00 02 00 00 00 
BAT RX 0x311 [8] 02 38 08 24 08 24 01 63 

---- battery-bus rate stats (VERBOSE_STATS) ----------------------------
  14674 frames, 960 s elapsed
  ID     count   period(ms)  (min-max gap)
  0x324     954   1002 (1-4867)
  0x329     956    998 (1-4866)
  0x330     959    995 (0-4000)
  0x312     954   1000 (1-4867)
  0x313     954   1000 (1-4867)
  0x314     954   1000 (1-4867)
  0x315     954   1000 (1-4867)
  0x316     954   1000 (1-4867)
  0x317     954   1000 (1-4867)
  0x318     954   1000 (1-4867)
  0x319     954   1000 (1-4867)
  0x320     954   1000 (1-4866)
  0x322     954   1000 (0-4867)
  0x311     954   1000 (1-4867)
  0x323     955    999 (1-4866)
  0x301     356    496 (0-505)
--------------------------------------------------------------------------

  TWAI: state=RUNNING  tx_err=0 rx_err=0  tx_failed=0  rx_missed=111 rx_overrun=0  arb_lost=0  bus_err=17
BAT RX 0x301 [8] 0B 16 21 2C 37 42 4D 58 
BAT RX 0x301 [8] 0B 16 21 2C 37 42 4D 58 
BAT RX 0x330 [8] 01 10 02 01 0C F1 0C EE 
BAT RX 0x329 [8] 02 00 19 C0 02 00 40 48 
BAT RX 0x323 [8] 20 0E 10 00 00 00 00 00 
BAT RX 0x324 [8] 01 39 35 32 32 30 36 32 
BAT RX 0x322 [8] 00 F3 00 CE 03 01 46 45 
BAT RX 0x320 [8] 50 41 C3 85 85 00 00 00 
BAT RX 0x319 [8] C0 0C F1 0C EE 10 11 00 
BAT RX 0x318 [8] 0C F0 0C EF 0C EF 0C EE 
BAT RX 0x317 [8] 0C F1 0C F0 0C F0 0C F0 
BAT RX 0x316 [8] 0C EF 0C EF 0C EF 0C EF 
BAT RX 0x315 [8] 0C F1 0C F0 0C F0 0C F0 
BAT RX 0x314 [8] 3F E8 5B 04 00 03 05 41 
BAT RX 0x313 [8] 14 AA FF 80 00 DF 46 63 
BAT RX 0x312 [8] 00 00 00 00 02 00 00 00 
BAT RX 0x311 [8] 02 38 08 24 08 24 01 63 
[960s] OK V=52.90V I=-12.8A T=22.3C SOC=70% SOH=99% | CVL=56.8V CCL=208.4A DCL=208.4A | chg=1 dis=1 fc1=0 fc2=0 | prot=0000 warn=0000 | packs=2 | inv0x305=no
BAT RX 0x301 [8] 0B 16 21 2C 37 42 4D 58 
BAT RX 0x301 [8] 0B 16 21 2C 37 42 4D 58 
BAT RX 0x330 [8] 01 0F 01 08 0C F1 0C EE 
BAT RX 0x329 [8] 01 00 22 34 01 00 3F AD 
BAT RX 0x323 [8] 20 0E 10 00 00 00 00 00 
BAT RX 0x324 [8] 02 43 30 37 00 00 00 00 
BAT RX 0x322 [8] 00 F3 00 CE 03 01 46 45 
BAT RX 0x320 [8] 50 41 C3 85 85 00 00 00 
BAT RX 0x319 [8] C0 0C F1 0C EE 0F 08 00 
BAT RX 0x318 [8] 0C EF 0C EF 0C EF 0C EE 
BAT RX 0x317 [8] 0C F1 0C F0 0C F0 0C F0 
BAT RX 0x316 [8] 0C EF 0C EF 0C EF 0C EF 
BAT RX 0x315 [8] 0C F0 0C F0 0C F0 0C F0 
BAT RX 0x314 [8] 3F D4 5B 04 00 03 05 41 
BAT RX 0x313 [8] 14 AA FF 80 00 DF 46 63 
BAT RX 0x312 [8] 00 00 00 00 02 00 00 00 
BAT RX 0x311 [8] 02 38 08 24 08 24 01 63 
ESP-ROM:esp32s3-20210327
Build:Mar 27 2021
