--- Terminal on /dev/ttyUSB0 | 115200 8-N-1
--- Available filters and text transformations: debug, default, direct, esp32_exception_decoder, hexlify, log2file, nocontrol, printable, send_on_enter, time
--- More details at https://bit.ly/pio-monitor-filters
--- Quit: Ctrl+C | Menu: Ctrl+T | Help: Ctrl+T followed by Ctrl+H
!14  [8]  5B 2C 5B 40 00 09 05 3D 
        0x314  RM=233.40Ah  FCC=233.60Ah  dV=9mV  cycles=1341
      80.653  0x314  [8]  5B 2C 5B 40 00 09 05 3D 
        0x314  RM=233.40Ah  FCC=233.60Ah  dV=9mV  cycles=1341
      80.664  0x314  [8]  5B 2C 5B 40 00 09 05 3D 
        0x314  RM=233.40Ah  FCC=233.60Ah  dV=9mV  cycles=1341
      80.675  0x315  [8]  0D 3B 0D 3A 0D 39 0D 39 
      80.675  0x315  [8]  0D 3B 0D 3A 0D 39 0D 39 
      80.676  0x315  [8]  0D 3B 0D 3A 0D 39 0D 39 
      80.686  0x315  [8]  0D 3B 0D 3A 0D 39 0D 39 
      80.686  0x315  [8]  0D 3B 0D 3A 0D 39 0D 39 
      80.697  0x315  [8]  0D 3B 0D 3A 0D 39 0D 39 
      80.697  0x315  [8]  0D 3B 0D 3A 0D 39 0D 39 
      80.708  0x315  [8]  0D 3B 0D 3A 0D 39 0D 39 
      80.708  0x315  [8]  0D 3B 0D 3A 0D 39 0D 39 
      80.708  0x315  [8]  0D 3B 0D 3A 0D 39 0D 39 
      80.719  0x315  [8]  0D 3B 0D 3A 0D 39 0D 39 
      80.719  0x315  [8]  0D 3B 0D 3A 0D 39 0D 39 
      80.729  0x315  [8]  0D 3B 0D 3A 0D 39 0D 39 
      80.729  0x315  [8]  0D 3B 0D 3A 0D 39 0D 39 
      80.740  0x315  [8]  0D 3B 0D 3A 0D 39 0D 39 
      80.740  0x315  [8]  0D 3B 0D 3A 0D 39 0D 39 
      80.740  0x315  [8]  0D 3B 0D 3A 0D 39 0D 39 
      80.751  0x315  [8]  0D 3B 0D 3A 0D 39 0D 39 
      80.751  0x315  [8]  0D 3B 0D 3A 0D 39 0D 39 
      80.761  0x315  [8]  0D 3B 0D 3A 0D 39 0D 39 
      80.762  0x315  [8]  0D 3B 0D 3A 0D 39 0D 39 
      80.762  0x315  [8]  0D 3B 0D 3A 0D 39 0D 39 
      80.772  0x316  [8]  0D 37 0D 37 0D 36 0D 36 
      80.773  0x316  [8]  0D 37 0D 37 0D 36 0D 36 
      80.783  0x316  [8]  0D 37 0D 37 0D 36 0D 36 
      80.783  0x316  [8]  0D 37 0D 37 0D 36 0D 36 
      80.794  0x316  [8]  0D 37 0D 37 0D 36 0D 36 
      80.794  0x316  [8]  0D 37 0D 37 0D 36 0D 36 
      80.794  0x316  [8]  0D 37 0D 37 0D 36 0D 36 
      80.805  0x316  [8]  0D 37 0D 37 0D 36 0D 36 
      80.805  0x316  [8]  0D 37 0D 37 0D 36 0D 36 
      80.815  0x317  [8]  0D 3C 0D 3A 0D 3A 0D 39 
      80.816  0x317  [8]  0D 3C 0D 3A 0D 3A 0D 39 
      80.816  0x317  [8]  0D 3C 0D 3A 0D 3A 0D 39 
      80.826  0x317  [8]  0D 3C 0D 3A 0D 3A 0D 39 
      80.827  0x317  [8]  0D 3C 0D 3A 0D 3A 0D 39 
      80.837  0x317  [8]  0D 3C 0D 3A 0D 3A 0D 39 
      80.837  0x317  [8]  0D 3C 0D 3A 0D 3A 0D 39 
      80.848  0x318  [8]  0D 34 0D 34 0D 34 0D 33 
      80.848  0x318  [8]  0D 34 0D 34 0D 34 0D 33 
      80.848  0x318  [8]  0D 34 0D 34 0D 34 0D 33 
      80.859  0x318  [8]  0D 34 0D 34 0D 34 0D 33 
      80.859  0x318  [8]  0D 34 0D 34 0D 34 0D 33 
      80.869  0x318  [8]  0D 34 0D 34 0D 34 0D 33 
      80.870  0x318  [8]  0D 34 0D 34 0D 34 0D 33 
      80.870  0x318  [8]  0D 34 0D 34 0D 34 0D 33 
      80.880  0x319  [8]  C0 0D 3C 0D 33 11 18 00 
        0x319  chem=0  forceI=0 forceII=0  dis_en=0 chg_en=1  (byte0=0xC0)
      80.891  0x319  [8]  C0 0D 3C 0D 33 11 18 00 
        0x319  chem=0  forceI=0 forceII=0  dis_en=0 chg_en=1  (byte0=0xC0)
      80.902  0x319  [8]  C0 0D 3C 0D 33 11 18 00 
        0x319  chem=0  forceI=0 forceII=0  dis_en=0 chg_en=1  (byte0=0xC0)
      80.912  0x319  [8]  C0 0D 3C 0D 33 11 18 00 
        0x319  chem=0  forceI=0 forceII=0  dis_en=0 chg_en=1  (byte0=0xC0)
      80.923  0x319  [8]  C0 0D 3C 0D 33 11 18 00 
        0x319  chem=0  forceI=0 forceII=0  dis_en=0 chg_en=1  (byte0=0xC0)
      80.933  0x319  [8]  C0 0D 3C 0D 33 11 18 00 
        0x319  chem=0  forceI=0 forceII=0  dis_en=0 chg_en=1  (byte0=0xC0)
      80.944  0x319  [8]  C0 0D 3C 0D 33 11 18 00 
        0x319  chem=0  forceI=0 forceII=0  dis_en=0 chg_en=1  (byte0=0xC0)
      80.955  0x319  [8]  C0 0D 3C 0D 33 11 18 00 
        0x319  chem=0  forceI=0 forceII=0  dis_en=0 chg_en=1  (byte0=0xC0)
      80.965  0x319  [8]  C0 0D 3C 0D 33 11 18 00 
        0x319  chem=0  forceI=0 forceII=0  dis_en=0 chg_en=1  (byte0=0xC0)
      80.976  0x319  [8]  C0 0D 3C 0D 33 11 18 00 
        0x319  chem=0  forceI=0 forceII=0  dis_en=0 chg_en=1  (byte0=0xC0)
      80.986  0x320  [8]  50 41 C3 85 85 00 00 00 
        0x320  mfr=PA  hw=195  sw=133
      80.997  0x320  [8]  50 41 C3 85 85 00 00 00 
        0x320  mfr=PA  hw=195  sw=133
      81.008  0x320  [8]  50 41 C3 85 85 00 00 00 
        0x320  mfr=PA  hw=195  sw=133
      81.018  0x320  [8]  50 41 C3 85 85 00 00 00 
        0x320  mfr=PA  hw=195  sw=133
      81.019  0x320  [8]  50 41 C3 85 85 00 00 00 
        0x320  mfr=PA  hw=195  sw=133
      81.029  0x320  [8]  50 41 C3 85 85 00 00 00 
        0x320  mfr=PA  hw=195  sw=133
      81.040  0x320  [8]  50 41 C3 85 85 00 00 00 
        0x320  mfr=PA  hw=195  sw=133
      81.050  0x320  [8]  50 41 C3 85 85 00 00 00 
        0x320  mfr=PA  hw=195  sw=133
      81.051  0x320  [8]  50 41 C3 85 85 00 00 00 
        0x320  mfr=PA  hw=195  sw=133
      81.061  0x320  [8]  50 41 C3 85 85 00 00 00 
        0x320  mfr=PA  hw=195  sw=133
      81.072  0x320  [8]  50 41 C3 85 85 00 00 00 
        0x320  mfr=PA  hw=195  sw=133
      81.072  0x320  [8]  50 41 C3 85 85 00 00 00 
        0x320  mfr=PA  hw=195  sw=133
      81.083  0x320  [8]  50 41 C3 85 85 00 00 00 
        0x320  mfr=PA  hw=195  sw=133
      81.094  0x322  [8]  01 00 00 D4 03 01 63 63 
      81.094  0x322  [8]  01 00 00 D4 03 01 63 63 
      81.104  0x322  [8]  01 00 00 D4 03 01 63 63 
      81.105  0x322  [8]  01 00 00 D4 03 01 63 63 
      81.115  0x322  [8]  01 00 00 D4 03 01 63 63 
      81.115  0x322  [8]  01 00 00 D4 03 01 63 63 
      81.116  0x322  [8]  01 00 00 D4 03 01 63 63 
      81.126  0x322  [8]  01 00 00 D4 03 01 63 63 
      81.126  0x322  [8]  01 00 00 D4 03 01 63 63 
      81.137  0x322  [8]  01 00 00 D4 03 01 63 63 
      81.137  0x322  [8]  01 00 00 D4 03 01 63 63 
      81.147  0x322  [8]  01 00 00 D4 03 01 63 63 
      81.148  0x322  [8]  01 00 00 D4 03 01 63 63 
      81.148  0x322  [8]  01 00 00 D4 03 01 63 63 
      81.158  0x322  [8]  01 00 00 D4 03 01 63 63 
      81.159  0x322  [8]  01 00 00 D4 03 01 63 63 
      81.169  0x322  [8]  01 00 00 D4 03 01 63 63 
      81.169  0x322  [8]  01 00 00 D4 03 01 63 63 
      81.170  0x322  [8]  01 00 00 D4 03 01 63 63 
      81.180  0x322  [8]  01 00 00 D4 03 01 63 63 
      81.180  0x322  [8]  01 00 00 D4 03 01 63 63 
      81.191  0x311  [8]  02 38 08 24 08 24 01 61 
        0x311  CVL=56.8V  CCL=208.4A  DCL=208.4A  status=0x0161 (chg_en=1 dis_en=1 mode=1)
      81.202  0x311  [8]  02 38 08 24 08 24 01 61 
        0x311  CVL=56.8V  CCL=208.4A  DCL=208.4A  status=0x0161 (chg_en=1 dis_en=1 mode=1)
      81.213  0x311  [8]  02 38 08 24 08 24 01 61 
        0x311  CVL=56.8V  CCL=208.4A  DCL=208.4A  status=0x0161 (chg_en=1 dis_en=1 mode=1)
      81.224  0x311  [8]  02 38 08 24 08 24 01 61 
        0x311  CVL=56.8V  CCL=208.4A  DCL=208.4A  status=0x0161 (chg_en=1 dis_en=1 mode=1)
      81.235  0x311  [8]  02 38 08 24 08 24 01 61 
        0x311  CVL=56.8V  CCL=208.4A  DCL=208.4A  status=0x0161 (chg_en=1 dis_en=1 mode=1)
      81.246  0x311  [8]  02 38 08 24 08 24 01 61 
        0x311  CVL=56.8V  CCL=208.4A  DCL=208.4A  status=0x0161 (chg_en=1 dis_en=1 mode=1)
      81.267  0x311  [8]  02 38 08 24 08 24 01 61 
        0x311  CVL=56.8V  CCL=208.4A  DCL=208.4A  status=0x0161 (chg_en=1 dis_en=1 mode=1)
      81.278  0x311  [8]  02 38 08 24 08 24 01 61 
        0x311  CVL=56.8V  CCL=208.4A  DCL=208.4A  status=0x0161 (chg_en=1 dis_en=1 mode=1)
      81.290  0x311  [8]  02 38 08 24 08 24 01 61 
        0x311  CVL=56.8V  CCL=208.4A  DCL=208.4A  status=0x0161 (chg_en=1 dis_en=1 mode=1)
      81.301  0x311  [8]  02 38 08 24 08 24 01 61 
        0x311  CVL=56.8V  CCL=208.4A  DCL=208.4A  status=0x0161 (chg_en=1 dis_en=1 mode=1)
      81.312  0x311  [8]  02 38 08 24 08 24 01 61 
        0x311  CVL=56.8V  CCL=208.4A  DCL=208.4A  status=0x0161 (chg_en=1 dis_en=1 mode=1)
      81.323  0x311  [8]  02 38 08 24 08 24 01 61 
        0x311  CVL=56.8V  CCL=208.4A  DCL=208.4A  status=0x0161 (chg_en=1 dis_en=1 mode=1)
      81.334  0x311  [8]  02 38 08 24 08 24 01 61 
        0x311  CVL=56.8V  CCL=208.4A  DCL=208.4A  status=0x0161 (chg_en=1 dis_en=1 mode=1)
      81.355  0x311  [8]  02 38 08 24 08 24 01 61 
        0x311  CVL=56.8V  CCL=208.4A  DCL=208.4A  status=0x0161 (chg_en=1 dis_en=1 mode=1)
      81.366  0x311  [8]  02 38 08 24 08 24 01 61 
        0x311  CVL=56.8V  CCL=208.4A  DCL=208.4A  status=0x0161 (chg_en=1 dis_en=1 mode=1)
      81.377  0x311  [8]  02 38 08 24 08 24 01 61 
        0x311  CVL=56.8V  CCL=208.4A  DCL=208.4A  status=0x0161 (chg_en=1 dis_en=1 mode=1)
      81.389  0x311  [8]  02 38 08 24 08 24 01 61 
        0x311  CVL=56.8V  CCL=208.4A  DCL=208.4A  status=0x0161 (chg_en=1 dis_en=1 mode=1)
      81.400  0x311  [8]  02 38 08 24 08 24 01 61 
        0x311  CVL=56.8V  CCL=208.4A  DCL=208.4A  status=0x0161 (chg_en=1 dis_en=1 mode=1)
      81.411  0x311  [8]  02 38 08 24 08 24 01 61 
        0x311  CVL=56.8V  CCL=208.4A  DCL=208.4A  status=0x0161 (chg_en=1 dis_en=1 mode=1)
      81.422  0x311  [8]  02 38 08 24 08 24 01 61 
        0x311  CVL=56.8V  CCL=208.4A  DCL=208.4A  status=0x0161 (chg_en=1 dis_en=1 mode=1)
      81.433  0x311  [8]  02 38 08 24 08 24 01 61 
        0x311  CVL=56.8V  CCL=208.4A  DCL=208.4A  status=0x0161 (chg_en=1 dis_en=1 mode=1)
      81.454  0x323  [8]  20 0E 10 00 00 00 00 00 
      81.455  0x323  [8]  20 0E 10 00 00 00 00 00 
      81.455  0x323  [8]  20 0E 10 00 00 00 00 00 
      81.465  0x323  [8]  20 0E 10 00 00 00 00 00 
      81.465  0x323  [8]  20 0E 10 00 00 00 00 00 
      81.476  0x323  [8]  20 0E 10 00 00 00 00 00 
      81.476  0x323  [8]  20 0E 10 00 00 00 00 00 
      81.487  0x323  [8]  20 0E 10 00 00 00 00 00 
      81.487  0x323  [8]  20 0E 10 00 00 00 00 00 
      81.487  0x323  [8]  20 0E 10 00 00 00 00 00 
      81.498  0x324  [8]  01 39 35 32 32 30 36 32 
      81.498  0x324  [8]  01 39 35 32 32 30 36 32 
      81.508  0x324  [8]  01 39 35 32 32 30 36 32 
      81.508  0x324  [8]  01 39 35 32 32 30 36 32 
      81.509  0x324  [8]  01 39 35 32 32 30 36 32 
      81.519  0x324  [8]  01 39 35 32 32 30 36 32 
      81.519  0x324  [8]  01 39 35 32 32 30 36 32 
      81.530  0x324  [8]  01 39 35 32 32 30 36 32 
      81.530  0x324  [8]  01 39 35 32 32 30 36 32 
      81.540  0x324  [8]  01 39 35 32 32 30 36 32 
      81.541  0x324  [8]  01 39 35 32 32 30 36 32 
      81.541  0x324  [8]  01 39 35 32 32 30 36 32 
      81.551  0x329  [8]  01 00 21 38 01 00 3E 9F 
      81.552  0x329  [8]  01 00 21 38 01 00 3E 9F 
      81.562  0x329  [8]  01 00 21 38 01 00 3E 9F 
      81.562  0x329  [8]  01 00 21 38 01 00 3E 9F 
      81.573  0x329  [8]  01 00 21 38 01 00 3E 9F 
      81.573  0x329  [8]  01 00 21 38 01 00 3E 9F 
      81.573  0x329  [8]  01 00 21 38 01 00 3E 9F 
      81.584  0x329  [8]  01 00 21 38 01 00 3E 9F 
      81.584  0x329  [8]  01 00 21 38 01 00 3E 9F 
      81.594  0x329  [8]  01 00 21 38 01 00 3E 9F 
      81.595  0x329  [8]  01 00 21 38 01 00 3E 9F 
      81.595  0x329  [8]  01 00 21 38 01 00 3E 9F 
      81.605  0x329  [8]  01 00 21 38 01 00 3E 9F 
      81.606  0x329  [8]  01 00 21 38 01 00 3E 9F 
      81.616  0x329  [8]  01 00 21 38 01 00 3E 9F 
      81.616  0x329  [8]  01 00 21 38 01 00 3E 9F 
      81.627  0x329  [8]  01 00 21 38 01 00 3E 9F 
      81.627  0x329  [8]  01 00 21 38 01 00 3E 9F 
      81.627  0x329  [8]  01 00 21 38 01 00 3E 9F 
      81.638  0x329  [8]  01 00 21 38 01 00 3E 9F 
      81.638  0x329  [8]  01 00 21 38 01 00 3E 9F 
      81.648  0x329  [8]  01 00 21 38 01 00 3E 9F 
      81.649  0x330  [8]  02 01 02 07 0D 3C 0D 33 
      81.649  0x330  [8]  02 01 02 07 0D 3C 0D 33 
      81.659  0x330  [8]  02 01 02 07 0D 3C 0D 33 
      81.659  0x330  [8]  02 01 02 07 0D 3C 0D 33 
      81.670  0x330  [8]  02 01 02 07 0D 3C 0D 33 
      81.670  0x330  [8]  02 01 02 07 0D 3C 0D 33 
      81.681  0x330  [8]  02 01 02 07 0D 3C 0D 33 
      81.681  0x330  [8]  02 01 02 07 0D 3C 0D 33 
      81.681  0x312  [8]  00 00 00 00 02 00 00 00 
        0x312  prot=00 00  warn=00 00  packs=2  mfr=??  cells=0
      81.692  0x312  [8]  00 00 00 00 02 00 00 00 
        0x312  prot=00 00  warn=00 00  packs=2  mfr=??  cells=0
      81.702  0x312  [8]  00 00 00 00 02 00 00 00 
        0x312  prot=00 00  warn=00 00  packs=2  mfr=??  cells=0
      81.713  0x312  [8]  00 00 00 00 02 00 00 00 
        0x312  prot=00 00  warn=00 00  packs=2  mfr=??  cells=0
      81.724  0x312  [8]  00 00 00 00 02 00 00 00 
        0x312  prot=00 00  warn=00 00  packs=2  mfr=??  cells=0
      81.734  0x312  [8]  00 00 00 00 02 00 00 00 
        0x312  prot=00 00  warn=00 00  packs=2  mfr=??  cells=0
      81.745  0x312  [8]  00 00 00 00 02 00 00 00 
        0x312  prot=00 00  warn=00 00  packs=2  mfr=??  cells=0
      81.756  0x312  [8]  00 00 00 00 02 00 00 00 
        0x312  prot=00 00  warn=00 00  packs=2  mfr=??  cells=0
      81.766  0x313  [8]  15 22 00 00 00 EA 63 63 
        0x313  Vraw=5410  -> 54.10V if 0.01V  /  541.0V if 0.1V  |  I=+0.0A  T=23.4C  SOC=99%  SOH=99
      81.777  0x313  [8]  15 22 00 00 00 EA 63 63 
        0x313  Vraw=5410  -> 54.10V if 0.01V  /  541.0V if 0.1V  |  I=+0.0A  T=23.4C  SOC=99%  SOH=99
      81.789  0x313  [8]  15 22 00 00 00 EA 63 63 
        0x313  Vraw=5410  -> 54.10V if 0.01V  /  541.0V if 0.1V  |  I=+0.0A  T=23.4C  SOC=99%  SOH=99
      81.810  0x313  [8]  15 22 00 00 00 EA 63 63 
        0x313  Vraw=5410  -> 54.10V if 0.01V  /  541.0V if 0.1V  |  I=+0.0A  T=23.4C  SOC=99%  SOH=99
      81.821  0x313  [8]  15 22 00 00 00 EA 63 63 
        0x313  Vraw=5410  -> 54.10V if 0.01V  /  541.0V if 0.1V  |  I=+0.0A  T=23.4C  SOC=99%  SOH=99
      81.832  0x313  [8]  15 22 00 00 00 EA 63 63 
        0x313  Vraw=5410  -> 54.10V if 0.01V  /  541.0V if 0.1V  |  I=+0.0A  T=23.4C  SOC=99%  SOH=99
      81.844  0x313  [8]  15 22 00 00 00 EA 63 63 
        0x313  Vraw=5410  -> 54.10V if 0.01V  /  541.0V if 0.1V  |  I=+0.0A  T=23.4C  SOC=99%  SOH=99
      81.865  0x313  [8]  15 22 00 00 00 EA 63 63 
        0x313  Vraw=5410  -> 54.10V if 0.01V  /  541.0V if 0.1V  |  I=+0.0A  T=23.4C  SOC=99%  SOH=99
      81.876  0x313  [8]  15 22 00 00 00 EA 63 63 
        0x313  Vraw=5410  -> 54.10V if 0.01V  /  541.0V if 0.1V  |  I=+0.0A  T=23.4C  SOC=99%  SOH=99
      81.887  0x313  [8]  15 22 00 00 00 EA 63 63 
        0x313  Vraw=5410  -> 54.10V if 0.01V  /  541.0V if 0.1V  |  I=+0.0A  T=23.4C  SOC=99%  SOH=99
      81.898  0x313  [8]  15 22 00 00 00 EA 63 63 
        0x313  Vraw=5410  -> 54.10V if 0.01V  /  541.0V if 0.1V  |  I=+0.0A  T=23.4C  SOC=99%  SOH=99
      81.910  0x313  [8]  15 22 00 00 00 EA 63 63 
        0x313  Vraw=5410  -> 54.10V if 0.01V  /  541.0V if 0.1V  |  I=+0.0A  T=23.4C  SOC=99%  SOH=99
      81.931  0x313  [8]  15 22 00 00 00 EA 63 63 
        0x313  Vraw=5410  -> 54.10V if 0.01V  /  541.0V if 0.1V  |  I=+0.0A  T=23.4C  SOC=99%  SOH=99
      81.942  0x313  [8]  15 22 00 00 00 EA 63 63 
        0x313  Vraw=5410  -> 54.10V if 0.01V  /  541.0V if 0.1V  |  I=+0.0A  T=23.4C  SOC=99%  SOH=99
      81.953  0x314  [8]  5B 2C 5B 40 00 09 05 3D 
        0x314  RM=233.40Ah  FCC=233.60Ah  dV=9mV  cycles=1341
      81.964  0x314  [8]  5B 2C 5B 40 00 09 05 3D 
        0x314  RM=233.40Ah  FCC=233.60Ah  dV=9mV  cycles=1341
      81.975  0x314  [8]  5B 2C 5B 40 00 09 05 3D 
        0x314  RM=233.40Ah  FCC=233.60Ah  dV=9mV  cycles=1341
      81.987  0x314  [8]  5B 2C 5B 40 00 09 05 3D 
        0x314  RM=233.40Ah  FCC=233.60Ah  dV=9mV  cycles=1341
      81.998  0x314  [8]  5B 2C 5B 40 00 09 05 3D 
        0x314  RM=233.40Ah  FCC=233.60Ah  dV=9mV  cycles=1341
      82.009  0x314  [8]  5B 2C 5B 40 00 09 05 3D 
        0x314  RM=233.40Ah  FCC=233.60Ah  dV=9mV  cycles=1341
      82.020  0x314  [8]  5B 2C 5B 40 00 09 05 3D 
        0x314  RM=233.40Ah  FCC=233.60Ah  dV=9mV  cycles=1341
      82.021  0x314  [8]  5B 2C 5B 40 00 09 05 3D 
        0x314  RM=233.40Ah  FCC=233.60Ah  dV=9mV  cycles=1341
      82.032  0x314  [8]  5B 2C 5B 40 00 09 05 3D 
        0x314  RM=233.40Ah  FCC=233.60Ah  dV=9mV  cycles=1341
      82.043  0x314  [8]  5B 2C 5B 40 00 09 05 3D 
        0x314  RM=233.40Ah  FCC=233.60Ah  dV=9mV  cycles=1341
      82.054  0x314  [8]  5B 2C 5B 40 00 09 05 3D 
        0x314  RM=233.40Ah  FCC=233.60Ah  dV=9mV  cycles=1341
      82.065  0x314  [8]  5B 2C 5B 40 00 09 05 3D 
        0x314  RM=233.40Ah  FCC=233.60Ah  dV=9mV  cycles=1341
      82.076  0x314  [8]  5B 2C 5B 40 00 09 05 3D 
        0x314  RM=233.40Ah  FCC=233.60Ah  dV=9mV  cycles=1341
      82.087  0x314  [8]  5B 2C 5B 40 00 09 05 3D 
        0x314  RM=233.40Ah  FCC=233.60Ah  dV=9mV  cycles=1341
      82.098  0x314  [8]  5B 2C 5B 40 00 09 05 3D 
        0x314  RM=233.40Ah  FCC=233.60Ah  dV=9mV  cycles=1341
      82.109  0x314  [8]  5B 2C 5B 40 00 09 05 3D 
        0x314  RM=233.40Ah  FCC=233.60Ah  dV=9mV  cycles=1341
      82.110  0x314  [8]  5B 2C 5B 40 00 09 05 3D 
        0x314  RM=233.40Ah  FCC=233.60Ah  dV=9mV  cycles=1341
      82.121  0x314  [8]  5B 2C 5B 40 00 09 05 3D 
        0x314  RM=233.40Ah  FCC=233.60Ah  dV=9mV  cycles=1341
      82.132  0x314  [8]  5B 2C 5B 40 00 09 05 3D 
        0x314  RM=233.40Ah  FCC=233.60Ah  dV=9mV  cycles=1341
      82.144  0x314  [8]  5B 2C 5B 40 00 09 05 3D 
        0x314  RM=233.40Ah  FCC=233.60Ah  dV=9mV  cycles=1341
      82.155  0x314  [8]  5B 2C 5B 40 00 09 05 3D 
        0x314  RM=233.40Ah  FCC=233.60Ah  dV=9mV  cycles=1341
      82.166  0x315  [8]  0D 3A 0D 3A 0D 39 0D 39 
      82.166  0x315  [8]  0D 3A 0D 3A 0D 39 0D 39 
      82.176  0x315  [8]  0D 3A 0D 3A 0D 39 0D 39 
      82.177  0x315  [8]  0D 3A 0D 3A 0D 39 0D 39 
      82.187  0x315  [8]  0D 3A 0D 3A 0D 39 0D 39 
      82.187  0x315  [8]  0D 3A 0D 3A 0D 39 0D 39 
      82.188  0x315  [8]  0D 3A 0D 3A 0D 39 0D 39 
      82.198  0x315  [8]  0D 3A 0D 3A 0D 39 0D 39 
      82.198  0x315  [8]  0D 3A 0D 3A 0D 39 0D 39 
      82.209  0x315  [8]  0D 3A 0D 3A 0D 39 0D 39 
      82.209  0x315  [8]  0D 3A 0D 3A 0D 39 0D 39 
      82.209  0x315  [8]  0D 3A 0D 3A 0D 39 0D 39 
      82.220  0x315  [8]  0D 3A 0D 3A 0D 39 0D 39 
      82.220  0x315  [8]  0D 3A 0D 3A 0D 39 0D 39 
      82.230  0x315  [8]  0D 3A 0D 3A 0D 39 0D 39 
      82.231  0x315  [8]  0D 3A 0D 3A 0D 39 0D 39 
      82.241  0x315  [8]  0D 3A 0D 3A 0D 39 0D 39 
      82.241  0x315  [8]  0D 3A 0D 3A 0D 39 0D 39 
      82.242  0x315  [8]  0D 3A 0D 3A 0D 39 0D 39 
      82.252  0x315  [8]  0D 3A 0D 3A 0D 39 0D 39 
      82.252  0x315  [8]  0D 3A 0D 3A 0D 39 0D 39 
      82.263  0x315  [8]  0D 3A 0D 3A 0D 39 0D 39 
      82.263  0x316  [8]  0D 37 0D 37 0D 36 0D 36 
      82.273  0x316  [8]  0D 37 0D 37 0D 36 0D 36 
      82.274  0x316  [8]  0D 37 0D 37 0D 36 0D 36 
      82.274  0x316  [8]  0D 37 0D 37 0D 36 0D 36 
      82.284  0x316  [8]  0D 37 0D 37 0D 36 0D 36 
      82.285  0x316  [8]  0D 37 0D 37 0D 36 0D 36 
      82.295  0x316  [8]  0D 37 0D 37 0D 36 0D 36 
      82.295  0x316  [8]  0D 37 0D 37 0D 36 0D 36 
      82.295  0x316  [8]  0D 37 0D 37 0D 36 0D 36 
      82.306  0x316  [8]  0D 37 0D 37 0D 36 0D 36 
      82.306  0x317  [8]  0D 3C 0D 3A 0D 3A 0D 3A 
      82.317  0x317  [8]  0D 3C 0D 3A 0D 3A 0D 3A 
      82.317  0x317  [8]  0D 3C 0D 3A 0D 3A 0D 3A 
      82.327  0x317  [8]  0D 3C 0D 3A 0D 3A 0D 3A 
      82.328  0x317  [8]  0D 3C 0D 3A 0D 3A 0D 3A 
      82.328  0x317  [8]  0D 3C 0D 3A 0D 3A 0D 3A 
      82.338  0x317  [8]  0D 3C 0D 3A 0D 3A 0D 3A 
      82.339  0x318  [8]  0D 34 0D 34 0D 34 0D 33 
      82.349  0x318  [8]  0D 34 0D 34 0D 34 0D 33 
      82.349  0x318  [8]  0D 34 0D 34 0D 34 0D 33 
      82.350  0x318  [8]  0D 34 0D 34 0D 34 0D 33 
      82.360  0x318  [8]  0D 34 0D 34 0D 34 0D 33 
      82.360  0x318  [8]  0D 34 0D 34 0D 34 0D 33 
      82.371  0x318  [8]  0D 34 0D 34 0D 34 0D 33 
      82.371  0x318  [8]  0D 34 0D 34 0D 34 0D 33 
      82.381  0x319  [8]  C0 0D 3C 0D 33 11 17 00 
        0x319  chem=0  forceI=0 forceII=0  dis_en=0 chg_en=1  (byte0=0xC0)
      82.392  0x319  [8]  C0 0D 3C 0D 33 11 17 00 
        0x319  chem=0  forceI=0 forceII=0  dis_en=0 chg_en=1  (byte0=0xC0)
      82.402  0x319  [8]  C0 0D 3C 0D 33 11 17 00 
        0x319  chem=0  forceI=0 forceII=0  dis_en=0 chg_en=1  (byte0=0xC0)
      82.413  0x319  [8]  C0 0D 3C 0D 33 11 17 00 
        0x319  chem=0  forceI=0 forceII=0  dis_en=0 chg_en=1  (byte0=0xC0)
      82.424  0x319  [8]  C0 0D 3C 0D 33 11 17 00 
        0x319  chem=0  forceI=0 forceII=0  dis_en=0 chg_en=1  (byte0=0xC0)
      82.434  0x319  [8]  C0 0D 3C 0D 33 11 17 00 
        0x319  chem=0  forceI=0 forceII=0  dis_en=0 chg_en=1  (byte0=0xC0)
      82.445  0x319  [8]  C0 0D 3C 0D 33 11 17 00 
        0x319  chem=0  forceI=0 forceII=0  dis_en=0 chg_en=1  (byte0=0xC0)
      82.456  0x319  [8]  C0 0D 3C 0D 33 11 17 00 
        0x319  chem=0  forceI=0 forceII=0  dis_en=0 chg_en=1  (byte0=0xC0)
      82.466  0x319  [8]  C0 0D 3C 0D 33 11 17 00 
        0x319  chem=0  forceI=0 forceII=0  dis_en=0 chg_en=1  (byte0=0xC0)
      82.477  0x319  [8]  C0 0D 3C 0D 33 11 17 00 
        0x319  chem=0  forceI=0 forceII=0  dis_en=0 chg_en=1  (byte0=0xC0)
      82.488  0x320  [8]  50 41 C3 85 85 00 00 00 
        0x320  mfr=PA  hw=195  sw=133
      82.498  0x320  [8]  50 41 C3 85 85 00 00 00 
        0x320  mfr=PA  hw=195  sw=133
      82.499  0x320  [8]  50 41 C3 85 85 00 00 00 
        0x320  mfr=PA  hw=195  sw=133
      82.509  0x320  [8]  50 41 C3 85 85 00 00 00 
        0x320  mfr=PA  hw=195  sw=133
      82.520  0x320  [8]  50 41 C3 85 85 00 00 00 
        0x320  mfr=PA  hw=195  sw=133
      82.530  0x320  [8]  50 41 C3 85 85 00 00 00 
        0x320  mfr=PA  hw=195  sw=133
      82.531  0x320  [8]  50 41 C3 85 85 00 00 00 
        0x320  mfr=PA  hw=195  sw=133
      82.541  0x320  [8]  50 41 C3 85 85 00 00 00 
        0x320  mfr=PA  hw=195  sw=133
      82.552  0x320  [8]  50 41 C3 85 85 00 00 00 
        0x320  mfr=PA  hw=195  sw=133
      82.563  0x320  [8]  50 41 C3 85 85 00 00 00 
        0x320  mfr=PA  hw=195  sw=133
      82.563  0x320  [8]  50 41 C3 85 85 00 00 00 
        0x320  mfr=PA  hw=195  sw=133
      82.574  0x320  [8]  50 41 C3 85 85 00 00 00 
        0x320  mfr=PA  hw=195  sw=133
      82.584  0x320  [8]  50 41 C3 85 85 00 00 00 
        0x320  mfr=PA  hw=195  sw=133
      82.595  0x320  [8]  50 41 C3 85 85 00 00 00 
        0x320  mfr=PA  hw=195  sw=133
      82.595  0x322  [8]  01 00 00 D4 03 01 63 63 
      82.606  0x322  [8]  01 00 00 D4 03 01 63 63 
      82.606  0x322  [8]  01 00 00 D4 03 01 63 63 
      82.616  0x322  [8]  01 00 00 D4 03 01 63 63 
      82.617  0x322  [8]  01 00 00 D4 03 01 63 63 
      82.617  0x322  [8]  01 00 00 D4 03 01 63 63 
      82.627  0x322  [8]  01 00 00 D4 03 01 63 63 
      82.627  0x322  [8]  01 00 00 D4 03 01 63 63 
      82.638  0x322  [8]  01 00 00 D4 03 01 63 63 
      82.638  0x322  [8]  01 00 00 D4 03 01 63 63 
      82.638  0x322  [8]  01 00 00 D4 03 01 63 63 
      82.649  0x322  [8]  01 00 00 D4 03 01 63 63 
      82.649  0x322  [8]  01 00 00 D4 03 01 63 63 
      82.660  0x322  [8]  01 00 00 D4 03 01 63 63 
      82.660  0x322  [8]  01 00 00 D4 03 01 63 63 
      82.670  0x322  [8]  01 00 00 D4 03 01 63 63 
      82.670  0x322  [8]  01 00 00 D4 03 01 63 63 
      82.671  0x322  [8]  01 00 00 D4 03 01 63 63 
      82.681  0x322  [8]  01 00 00 D4 03 01 63 63 
      82.681  0x322  [8]  01 00 00 D4 03 01 63 63 
      82.692  0x322  [8]  01 00 00 D4 03 01 63 63 
      82.692  0x311  [8]  02 38 08 24 08 24 01 61 
        0x311  CVL=56.8V  CCL=208.4A  DCL=208.4A  status=0x0161 (chg_en=1 dis_en=1 mode=1)
      82.703  0x311  [8]  02 38 08 24 08 24 01 61 
        0x311  CVL=56.8V  CCL=208.4A  DCL=208.4A  status=0x0161 (chg_en=1 dis_en=1 mode=1)
      82.714  0x311  [8]  02 38 08 24 08 24 01 61 
        0x311  CVL=56.8V  CCL=208.4A  DCL=208.4A  status=0x0161 (chg_en=1 dis_en=1 mode=1)
      82.736  0x311  [8]  02 38 08 24 08 24 01 61 
        0x311  CVL=56.8V  CCL=208.4A  DCL=208.4A  status=0x0161 (chg_en=1 dis_en=1 mode=1)
      82.747  0x311  [8]  02 38 08 24 08 24 01 61 
        0x311  CVL=56.8V  CCL=208.4A  DCL=208.4A  status=0x0161 (chg_en=1 dis_en=1 mode=1)
      82.758  0x311  [8]  02 38 08 24 08 24 01 61 
        0x311  CVL=56.8V  CCL=208.4A  DCL=208.4A  status=0x0161 (chg_en=1 dis_en=1 mode=1)
      82.769  0x311  [8]  02 38 08 24 08 24 01 61 
        0x311  CVL=56.8V  CCL=208.4A  DCL=208.4A  status=0x0161 (chg_en=1 dis_en=1 mode=1)
      82.780  0x311  [8]  02 38 08 24 08 24 01 61 
        0x311  CVL=56.8V  CCL=208.4A  DCL=208.4A  status=0x0161 (chg_en=1 dis_en=1 mode=1)
      82.791  0x311  [8]  02 38 08 24 08 24 01 61 
        0x311  CVL=56.8V  CCL=208.4A  DCL=208.4A  status=0x0161 (chg_en=1 dis_en=1 mode=1)
      82.802  0x311  [8]  02 38 08 24 08 24 01 61 
        0x311  CVL=56.8V  CCL=208.4A  DCL=208.4A  status=0x0161 (chg_en=1 dis_en=1 mode=1)
      82.813  0x311  [8]  02 38 08 24 08 24 01 61 
        0x311  CVL=56.8V  CCL=208.4A  DCL=208.4A  status=0x0161 (chg_en=1 dis_en=1 mode=1)
      82.835  0x311  [8]  02 38 08 24 08 24 01 61 
        0x311  CVL=56.8V  CCL=208.4A  DCL=208.4A  status=0x0161 (chg_en=1 dis_en=1 mode=1)
      82.846  0x311  [8]  02 38 08 24 08 24 01 61 
        0x311  CVL=56.8V  CCL=208.4A  DCL=208.4A  status=0x0161 (chg_en=1 dis_en=1 mode=1)
      82.857  0x311  [8]  02 38 08 24 08 24 01 61 
        0x311  CVL=56.8V  CCL=208.4A  DCL=208.4A  status=0x0161 (chg_en=1 dis_en=1 mode=1)
      82.868  0x311  [8]  02 38 08 24 08 24 01 61 
        0x311  CVL=56.8V  CCL=208.4A  DCL=208.4A  status=0x0161 (chg_en=1 dis_en=1 mode=1)
      82.879  0x311  [8]  02 38 08 24 08 24 01 61 
        0x311  CVL=56.8V  CCL=208.4A  DCL=208.4A  status=0x0161 (chg_en=1 dis_en=1 mode=1)
      82.890  0x311  [8]  02 38 08 24 08 24 01 61 
        0x311  CVL=56.8V  CCL=208.4A  DCL=208.4A  status=0x0161 (chg_en=1 dis_en=1 mode=1)
      82.901  0x311  [8]  02 38 08 24 08 24 01 61 
        0x311  CVL=56.8V  CCL=208.4A  DCL=208.4A  status=0x0161 (chg_en=1 dis_en=1 mode=1)
      82.922  0x311  [8]  02 38 08 24 08 24 01 61 
        0x311  CVL=56.8V  CCL=208.4A  DCL=208.4A  status=0x0161 (chg_en=1 dis_en=1 mode=1)
      82.933  0x311  [8]  02 38 08 24 08 24 01 61 
        0x311  CVL=56.8V  CCL=208.4A  DCL=208.4A  status=0x0161 (chg_en=1 dis_en=1 mode=1)
      82.944  0x323  [8]  20 0E 10 00 00 00 00 00 
      82.945  0x323  [8]  20 0E 10 00 00 00 00 00 
      82.955  0x323  [8]  20 0E 10 00 00 00 00 00 
      82.955  0x323  [8]  20 0E 10 00 00 00 00 00 
      82.966  0x323  [8]  20 0E 10 00 00 00 00 00 
      82.966  0x323  [8]  20 0E 10 00 00 00 00 00 
      82.966  0x323  [8]  20 0E 10 00 00 00 00 00 
      82.977  0x323  [8]  20 0E 10 00 00 00 00 00 
      82.977  0x323  [8]  20 0E 10 00 00 00 00 00 
      82.988  0x323  [8]  20 0E 10 00 00 00 00 00 
      82.988  0x324  [8]  02 42 42 37 00 00 00 00 
      82.988  0x324  [8]  02 42 42 37 00 00 00 00 
      82.998  0x324  [8]  02 42 42 37 00 00 00 00 
      82.999  0x324  [8]  02 42 42 37 00 00 00 00 
      83.009  0x324  [8]  02 42 42 37 00 00 00 00 
      83.009  0x324  [8]  02 42 42 37 00 00 00 00 
      83.020  0x324  [8]  02 42 42 37 00 00 00 00 
      83.020  0x324  [8]  02 42 42 37 00 00 00 00 
      83.020  0x324  [8]  02 42 42 37 00 00 00 00 
      83.031  0x324  [8]  02 42 42 37 00 00 00 00 
      83.031  0x324  [8]  02 42 42 37 00 00 00 00 
      83.041  0x324  [8]  02 42 42 37 00 00 00 00 
      83.042  0x329  [8]  02 00 18 CB 02 00 3F 3B 
      83.042  0x329  [8]  02 00 18 CB 02 00 3F 3B 
      83.052  0x329  [8]  02 00 18 CB 02 00 3F 3B 
      83.053  0x329  [8]  02 00 18 CB 02 00 3F 3B 
      83.063  0x329  [8]  02 00 18 CB 02 00 3F 3B 
      83.063  0x329  [8]  02 00 18 CB 02 00 3F 3B 
      83.074  0x329  [8]  02 00 18 CB 02 00 3F 3B 
      83.074  0x329  [8]  02 00 18 CB 02 00 3F 3B 
      83.074  0x329  [8]  02 00 18 CB 02 00 3F 3B 
      83.085  0x329  [8]  02 00 18 CB 02 00 3F 3B 
      83.085  0x329  [8]  02 00 18 CB 02 00 3F 3B 
      83.095  0x329  [8]  02 00 18 CB 02 00 3F 3B 
      83.096  0x329  [8]  02 00 18 CB 02 00 3F 3B 
      83.106  0x329  [8]  02 00 18 CB 02 00 3F 3B 
      83.106  0x329  [8]  02 00 18 CB 02 00 3F 3B 
      83.107  0x329  [8]  02 00 18 CB 02 00 3F 3B 
      83.117  0x329  [8]  02 00 18 CB 02 00 3F 3B 
      83.117  0x329  [8]  02 00 18 CB 02 00 3F 3B 
      83.128  0x329  [8]  02 00 18 CB 02 00 3F 3B 
      83.128  0x329  [8]  02 00 18 CB 02 00 3F 3B 
      83.128  0x329  [8]  02 00 18 CB 02 00 3F 3B 
      83.139  0x330  [8]  01 02 02 08 0D 3B 0D 33 
      83.139  0x330  [8]  01 02 02 08 0D 3B 0D 33 
      83.149  0x330  [8]  01 02 02 08 0D 3B 0D 33 
      83.150  0x330  [8]  01 02 02 08 0D 3B 0D 33 
      83.160  0x330  [8]  01 02 02 08 0D 3B 0D 33 
      83.160  0x330  [8]  01 02 02 08 0D 3B 0D 33 
      83.161  0x330  [8]  01 02 02 08 0D 3B 0D 33 
      83.171  0x330  [8]  01 02 02 08 0D 3B 0D 33 
      83.171  0x330  [8]  01 02 02 08 0D 3B 0D 33 
      83.182  0x312  [8]  00 00 00 00 02 00 00 00 
        0x312  prot=00 00  warn=00 00  packs=2  mfr=??  cells=0
      83.192  0x312  [8]  00 00 00 00 02 00 00 00 
        0x312  prot=00 00  warn=00 00  packs=2  mfr=??  cells=0
      83.203  0x312  [8]  00 00 00 00 02 00 00 00 
        0x312  prot=00 00  warn=00 00  packs=2  mfr=??  cells=0
      83.203  0x312  [8]  00 00 00 00 02 00 00 00 
        0x312  prot=00 00  warn=00 00  packs=2  mfr=??  cells=0
      83.214  0x312  [8]  00 00 00 00 02 00 00 00 
        0x312  prot=00 00  warn=00 00  packs=2  mfr=??  cells=0
      83.225  0x312  [8]  00 00 00 00 02 00 00 00 
        0x312  prot=00 00  warn=00 00  packs=2  mfr=??  cells=0
      83.235  0x312  [8]  00 00 00 00 02 00 00 00 
        0x312  prot=00 00  warn=00 00  packs=2  mfr=??  cells=0
      83.246  0x312  [8]  00 00 00 00 02 00 00 00 
        0x312  prot=00 00  warn=00 00  packs=2  mfr=??  cells=0
      83.257  0x313  [8]  15 22 00 00 00 EA 63 63 
        0x313  Vraw=5410  -> 54.10V if 0.01V  /  541.0V if 0.1V  |  I=+0.0A  T=23.4C  SOC=99%  SOH=99
      83.268  0x313  [8]  15 22 00 00 00 EA 63 63 
        0x313  Vraw=5410  -> 54.10V if 0.01V  /  541.0V if 0.1V  |  I=+0.0A  T=23.4C  SOC=99%  SOH=99
      83.289  0x313  [8]  15 22 00 00 00 EA 63 63 
        0x313  Vraw=5410  -> 54.10V if 0.01V  /  541.0V if 0.1V  |  I=+0.0A  T=23.4C  SOC=99%  SOH=99
      83.300  0x313  [8]  15 22 00 00 00 EA 63 63 
        0x313  Vraw=5410  -> 54.10V if 0.01V  /  541.0V if 0.1V  |  I=+0.0A  T=23.4C  SOC=99%  SOH=99
      83.311  0x313  [8]  15 22 00 00 00 EA 63 63 
        0x313  Vraw=5410  -> 54.10V if 0.01V  /  541.0V if 0.1V  |  I=+0.0A  T=23.4C  SOC=99%  SOH=99
      83.322  0x313  [8]  15 22 00 00 00 EA 63 63 
        0x313  Vraw=5410  -> 54.10V if 0.01V  /  541.0V if 0.1V  |  I=+0.0A  T=23.4C  SOC=99%  SOH=99
      83.344  0x313  [8]  15 22 00 00 00 EA 63 63 
        0x313  Vraw=5410  -> 54.10V if 0.01V  /  541.0V if 0.1V  |  I=+0.0A  T=23.4C  SOC=99%  SOH=99
      83.355  0x313  [8]  15 22 00 00 00 EA 63 63 
        0x313  Vraw=5410  -> 54.10V if 0.01V  /  541.0V if 0.1V  |  I=+0.0A  T=23.4C  SOC=99%  SOH=99
      83.366  0x313  [8]  15 22 00 00 00 EA 63 63 
        0x313  Vraw=5410  -> 54.10V if 0.01V  /  541.0V if 0.1V  |  I=+0.0A  T=23.4C  SOC=99%  SOH=99
      83.377  0x313  [8]  15 22 00 00 00 EA 63 63 
        0x313  Vraw=5410  -> 54.10V if 0.01V  /  541.0V if 0.1V  |  I=+0.0A  T=23.4C  SOC=99%  SOH=99
      83.399  0x313  [8]  15 22 00 00 00 EA 63 63 
        0x313  Vraw=5410  -> 54.10V if 0.01V  /  541.0V if 0.1V  |  I=+0.0A  T=23.4C  SOC=99%  SOH=99
      83.410  0x313  [8]  15 22 00 00 00 EA 63 63 
        0x313  Vraw=5410  -> 54.10V if 0.01V  /  541.0V if 0.1V  |  I=+0.0A  T=23.4C  SOC=99%  SOH=99
      83.421  0x313  [8]  15 22 00 00 00 EA 63 63 
        0x313  Vraw=5410  -> 54.10V if 0.01V  /  541.0V if 0.1V  |  I=+0.0A  T=23.4C  SOC=99%  SOH=99
      83.432  0x313  [8]  15 22 00 00 00 EA 63 63 
        0x313  Vraw=5410  -> 54.10V if 0.01V  /  541.0V if 0.1V  |  I=+0.0A  T=23.4C  SOC=99%  SOH=99
      83.443  0x313  [8]  15 22 00 00 00 EA 63 63 
        0x313  Vraw=5410  -> 54.10V if 0.01V  /  541.0V if 0.1V  |  I=+0.0A  T=23.4C  SOC=99%  SOH=99
      83.465  0x313  [8]  15 22 00 00 00 EA 63 63 
        0x313  Vraw=5410  -> 54.10V if 0.01V  /  541.0V if 0.1V  |  I=+0.0A  T=23.4C  SOC=99%  SOH=99
      83.476  0x314  [8]  5B 2C 5B 40 00 08 05 3D 
        0x314  RM=233.40Ah  FCC=233.60Ah  dV=8mV  cycles=1341
      83.487  0x314  [8]  5B 2C 5B 40 00 08 05 3D 
        0x314  RM=233.40Ah  FCC=233.60Ah  dV=8mV  cycles=1341
      83.498  0x314  [8]  5B 2C 5B 40 00 08 05 3D 
        0x314  RM=233.40Ah  FCC=233.60Ah  dV=8mV  cycles=1341
      83.509  0x314  [8]  5B 2C 5B 40 00 08 05 3D 
        0x314  RM=233.40Ah  FCC=233.60Ah  dV=8mV  cycles=1341
      83.510  0x314  [8]  5B 2C 5B 40 00 08 05 3D 
        0x314  RM=233.40Ah  FCC=233.60Ah  dV=8mV  cycles=1341
      83.521  0x314  [8]  5B 2C 5B 40 00 08 05 3D 
        0x314  RM=233.40Ah  FCC=233.60Ah  dV=8mV  cycles=1341
      83.532  0x314  [8]  5B 2C 5B 40 00 08 05 3D 
        0x314  RM=233.40Ah  FCC=233.60Ah  dV=8mV  cycles=1341
      83.543  0x314  [8]  5B 2C 5B 40 00 08 05 3D 
        0x314  RM=233.40Ah  FCC=233.60Ah  dV=8mV  cycles=1341
      83.554  0x314  [8]  5B 2C 5B 40 00 08 05 3D 
        0x314  RM=233.40Ah  FCC=233.60Ah  dV=8mV  cycles=1341
      83.565  0x314  [8]  5B 2C 5B 40 00 08 05 3D 
        0x314  RM=233.40Ah  FCC=233.60Ah  dV=8mV  cycles=1341
      83.576  0x314  [8]  5B 2C 5B 40 00 08 05 3D 
        0x314  RM=233.40Ah  FCC=233.60Ah  dV=8mV  cycles=1341
      83.587  0x314  [8]  5B 2C 5B 40 00 08 05 3D 
        0x314  RM=233.40Ah  FCC=233.60Ah  dV=8mV  cycles=1341
      83.598  0x314  [8]  5B 2C 5B 40 00 08 05 3D 
        0x314  RM=233.40Ah  FCC=233.60Ah  dV=8mV  cycles=1341
      83.599  0x314  [8]  5B 2C 5B 40 00 08 05 3D 
        0x314  RM=233.40Ah  FCC=233.60Ah  dV=8mV  cycles=1341
      83.610  0x314  [8]  5B 2C 5B 40 00 08 05 3D 
        0x314  RM=233.40Ah  FCC=233.60Ah  dV=8mV  cycles=1341
      83.621  0x314  [8]  5B 2C 5B 40 00 08 05 3D 
        0x314  RM=233.40Ah  FCC=233.60Ah  dV=8mV  cycles=1341
      83.632  0x314  [8]  5B 2C 5B 40 00 08 05 3D 
        0x314  RM=233.40Ah  FCC=233.60Ah  dV=8mV  cycles=1341
      83.644  0x314  [8]  5B 2C 5B 40 00 08 05 3D 
        0x314  RM=233.40Ah  FCC=233.60Ah  dV=8mV  cycles=1341
      83.655  0x314  [8]  5B 2C 5B 40 00 08 05 3D 
        0x314  RM=233.40Ah  FCC=233.60Ah  dV=8mV  cycles=1341
      83.666  0x314  [8]  5B 2C 5B 40 00 08 05 3D 
        0x314  RM=233.40Ah  FCC=233.60Ah  dV=8mV  cycles=1341
      83.677  0x314  [8]  5B 2C 5B 40 00 08 05 3D 
        0x314  RM=233.40Ah  FCC=233.60Ah  dV=8mV  cycles=1341
      83.688  0x315  [8]  0D 3A 0D 3A 0D 39 0D 39 
      83.688  0x315  [8]  0D 3A 0D 3A 0D 39 0D 39 
      83.688  0x315  [8]  0D 3A 0D 3A 0D 39 0D 39 
      83.699  0x315  [8]  0D 3A 0D 3A 0D 39 0D 39 
      83.699  0x315  [8]  0D 3A 0D 3A 0D 39 0D 39 
      83.710  0x315  [8]  0D 3A 0D 3A 0D 39 0D 39 
      83.710  0x315  [8]  0D 3A 0D 3A 0D 39 0D 39 
      83.720  0x315  [8]  0D 3A 0D 3A 0D 39 0D 39 
      83.721  0x315  [8]  0D 3A 0D 3A 0D 39 0D 39 
      83.721  0x315  [8]  0D 3A 0D 3A 0D 39 0D 39 
      83.731  0x315  [8]  0D 3A 0D 3A 0D 39 0D 39 
      83.731  0x315  [8]  0D 3A 0D 3A 0D 39 0D 39 
      83.742  0x315  [8]  0D 3A 0D 3A 0D 39 0D 39 
      83.742  0x315  [8]  0D 3A 0D 3A 0D 39 0D 39 
      83.742  0x315  [8]  0D 3A 0D 3A 0D 39 0D 39 
      83.753  0x315  [8]  0D 3A 0D 3A 0D 39 0D 39 
      83.753  0x315  [8]  0D 3A 0D 3A 0D 39 0D 39 
      83.764  0x315  [8]  0D 3A 0D 3A 0D 39 0D 39 
      83.764  0x315  [8]  0D 3A 0D 3A 0D 39 0D 39 
      83.774  0x315  [8]  0D 3A 0D 3A 0D 39 0D 39 
      83.774  0x316  [8]  0D 36 0D 36 0D 36 0D 36 
      83.775  0x316  [8]  0D 36 0D 36 0D 36 0D 36 
      83.785  0x316  [8]  0D 36 0D 36 0D 36 0D 36 
      83.785  0x316  [8]  0D 36 0D 36 0D 36 0D 36 
      83.796  0x316  [8]  0D 36 0D 36 0D 36 0D 36 
      83.796  0x316  [8]  0D 36 0D 36 0D 36 0D 36 
      83.796  0x316  [8]  0D 36 0D 36 0D 36 0D 36 
      83.807  0x316  [8]  0D 36 0D 36 0D 36 0D 36 
      83.807  0x316  [8]  0D 36 0D 36 0D 36 0D 36 
      83.817  0x317  [8]  0D 3B 0D 3A 0D 39 0D 39 
      83.818  0x317  [8]  0D 3B 0D 3A 0D 39 0D 39 
      83.828  0x317  [8]  0D 3B 0D 3A 0D 39 0D 39 
      83.828  0x317  [8]  0D 3B 0D 3A 0D 39 0D 39 
      83.829  0x317  [8]  0D 3B 0D 3A 0D 39 0D 39 
      83.839  0x317  [8]  0D 3B 0D 3A 0D 39 0D 39 
      83.839  0x317  [8]  0D 3B 0D 3A 0D 39 0D 39 
      83.850  0x317  [8]  0D 3B 0D 3A 0D 39 0D 39 
      83.850  0x318  [8]  0D 34 0D 34 0D 34 0D 33 
      83.850  0x318  [8]  0D 34 0D 34 0D 34 0D 33 
      83.861  0x318  [8]  0D 34 0D 34 0D 34 0D 33 
      83.861  0x318  [8]  0D 34 0D 34 0D 34 0D 33 
      83.872  0x318  [8]  0D 34 0D 34 0D 34 0D 33 
      83.872  0x318  [8]  0D 34 0D 34 0D 34 0D 33 
      83.882  0x318  [8]  0D 34 0D 34 0D 34 0D 33 
      83.882  0x318  [8]  0D 34 0D 34 0D 34 0D 33 
      83.883  0x319  [8]  C0 0D 3B 0D 33 11 18 00 
        0x319  chem=0  forceI=0 forceII=0  dis_en=0 chg_en=1  (byte0=0xC0)
      83.893  0x319  [8]  C0 0D 3B 0D 33 11 18 00 
        0x319  chem=0  forceI=0 forceII=0  dis_en=0 chg_en=1  (byte0=0xC0)
      83.914  0x319  [8]  C0 0D 3B 0D 33 11 18 00 
        0x319  chem=0  forceI=0 forceII=0  dis_en=0 chg_en=1  (byte0=0xC0)
      83.925  0x319  [8]  C0 0D 3B 0D 33 11 18 00 
        0x319  chem=0  forceI=0 forceII=0  dis_en=0 chg_en=1  (byte0=0xC0)
      83.935  0x319  [8]  C0 0D 3B 0D 33 11 18 00 
        0x319  chem=0  forceI=0 forceII=0  dis_en=0 chg_en=1  (byte0=0xC0)
      83.946  0x319  [8]  C0 0D 3B 0D 33 11 18 00 
        0x319  chem=0  forceI=0 forceII=0  dis_en=0 chg_en=1  (byte0=0xC0)
      83.957  0x319  [8]  C0 0D 3B 0D 33 11 18 00 
        0x319  chem=0  forceI=0 forceII=0  dis_en=0 chg_en=1  (byte0=0xC0)
      83.967  0x319  [8]  C0 0D 3B 0D 33 11 18 00 
        0x319  chem=0  forceI=0 forceII=0  dis_en=0 chg_en=1  (byte0=0xC0)
      83.978  0x319  [8]  C0 0D 3B 0D 33 11 18 00 
        0x319  chem=0  forceI=0 forceII=0  dis_en=0 chg_en=1  (byte0=0xC0)
      83.989  0x319  [8]  C0 0D 3B 0D 33 11 18 00 
        0x319  chem=0  forceI=0 forceII=0  dis_en=0 chg_en=1  (byte0=0xC0)
      83.999  0x320  [8]  50 41 C3 85 85 00 00 00 
        0x320  mfr=PA  hw=195  sw=133
      84.010  0x320  [8]  50 41 C3 85 85 00 00 00 
        0x320  mfr=PA  hw=195  sw=133
      84.010  0x320  [8]  50 41 C3 85 85 00 00 00 
        0x320  mfr=PA  hw=195  sw=133
      84.021  0x320  [8]  50 41 C3 85 85 00 00 00 
        0x320  mfr=PA  hw=195  sw=133
      84.031  0x320  [8]  50 41 C3 85 85 00 00 00 
        0x320  mfr=PA  hw=195  sw=133
      84.042  0x320  [8]  50 41 C3 85 85 00 00 00 
        0x320  mfr=PA  hw=195  sw=133
      84.042  0x320  [8]  50 41 C3 85 85 00 00 00 
        0x320  mfr=PA  hw=195  sw=133
      84.053  0x320  [8]  50 41 C3 85 85 00 00 00 
        0x320  mfr=PA  hw=195  sw=133
      84.064  0x320  [8]  50 41 C3 85 85 00 00 00 
        0x320  mfr=PA  hw=195  sw=133
      84.074  0x320  [8]  50 41 C3 85 85 00 00 00 
        0x320  mfr=PA  hw=195  sw=133
      84.075  0x320  [8]  50 41 C3 85 85 00 00 00 
        0x320  mfr=PA  hw=195  sw=133
      84.085  0x322  [8]  01 00 00 D4 03 01 63 63 
      84.086  0x322  [8]  01 00 00 D4 03 01 63 63 
      84.096  0x322  [8]  01 00 00 D4 03 01 63 63 
      84.096  0x322  [8]  01 00 00 D4 03 01 63 63 
      84.107  0x322  [8]  01 00 00 D4 03 01 63 63 
      84.107  0x322  [8]  01 00 00 D4 03 01 63 63 
      84.107  0x322  [8]  01 00 00 D4 03 01 63 63 
      84.118  0x322  [8]  01 00 00 D4 03 01 63 63 
      84.118  0x322  [8]  01 00 00 D4 03 01 63 63 
      84.128  0x322  [8]  01 00 00 D4 03 01 63 63 
      84.129  0x322  [8]  01 00 00 D4 03 01 63 63 
      84.139  0x322  [8]  01 00 00 D4 03 01 63 63 
      84.139  0x322  [8]  01 00 00 D4 03 01 63 63 
      84.140  0x322  [8]  01 00 00 D4 03 01 63 63 
      84.150  0x322  [8]  01 00 00 D4 03 01 63 63 
      84.150  0x322  [8]  01 00 00 D4 03 01 63 63 
      84.161  0x322  [8]  01 00 00 D4 03 01 63 63 
      84.161  0x322  [8]  01 00 00 D4 03 01 63 63 
      84.171  0x322  [8]  01 00 00 D4 03 01 63 63 
      84.172  0x322  [8]  01 00 00 D4 03 01 63 63 
      84.172  0x322  [8]  01 00 00 D4 03 01 63 63 
      84.182  0x322  [8]  01 00 00 D4 03 01 63 63 
      84.183  0x311  [8]  02 38 08 24 08 24 01 61 
        0x311  CVL=56.8V  CCL=208.4A  DCL=208.4A  status=0x0161 (chg_en=1 dis_en=1 mode=1)
      84.194  0x311  [8]  02 38 08 24 08 24 01 61 
        0x311  CVL=56.8V  CCL=208.4A  DCL=208.4A  status=0x0161 (chg_en=1 dis_en=1 mode=1)
      84.205  0x311  [8]  02 38 08 24 08 24 01 61 
        0x311  CVL=56.8V  CCL=208.4A  DCL=208.4A  status=0x0161 (chg_en=1 dis_en=1 mode=1)
      84.226  0x311  [8]  02 38 08 24 08 24 01 61 
        0x311  CVL=56.8V  CCL=208.4A  DCL=208.4A  status=0x0161 (chg_en=1 dis_en=1 mode=1)
      84.237  0x311  [8]  02 38 08 24 08 24 01 61 
        0x311  CVL=56.8V  CCL=208.4A  DCL=208.4A  status=0x0161 (chg_en=1 dis_en=1 mode=1)
      84.248  0x311  [8]  02 38 08 24 08 24 01 61 
        0x311  CVL=56.8V  CCL=208.4A  DCL=208.4A  status=0x0161 (chg_en=1 dis_en=1 mode=1)
      84.259  0x311  [8]  02 38 08 24 08 24 01 61 
        0x311  CVL=56.8V  CCL=208.4A  DCL=208.4A  status=0x0161 (chg_en=1 dis_en=1 mode=1)
      84.271  0x311  [8]  02 38 08 24 08 24 01 61 
        0x311  CVL=56.8V  CCL=208.4A  DCL=208.4A  status=0x0161 (chg_en=1 dis_en=1 mode=1)
      84.282  0x311  [8]  02 38 08 24 08 24 01 61 
        0x311  CVL=56.8V  CCL=208.4A  DCL=208.4A  status=0x0161 (chg_en=1 dis_en=1 mode=1)
      84.293  0x311  [8]  02 38 08 24 08 24 01 61 
        0x311  CVL=56.8V  CCL=208.4A  DCL=208.4A  status=0x0161 (chg_en=1 dis_en=1 mode=1)
      84.314  0x311  [8]  02 38 08 24 08 24 01 61 
        0x311  CVL=56.8V  CCL=208.4A  DCL=208.4A  status=0x0161 (chg_en=1 dis_en=1 mode=1)
      84.325  0x311  [8]  02 38 08 24 08 24 01 61 
        0x311  CVL=56.8V  CCL=208.4A  DCL=208.4A  status=0x0161 (chg_en=1 dis_en=1 mode=1)
      84.336  0x311  [8]  02 38 08 24 08 24 01 61 
        0x311  CVL=56.8V  CCL=208.4A  DCL=208.4A  status=0x0161 (chg_en=1 dis_en=1 mode=1)
      84.347  0x311  [8]  02 38 08 24 08 24 01 61 
        0x311  CVL=56.8V  CCL=208.4A  DCL=208.4A  status=0x0161 (chg_en=1 dis_en=1 mode=1)
      84.359  0x311  [8]  02 38 08 24 08 24 01 61 
        0x311  CVL=56.8V  CCL=208.4A  DCL=208.4A  status=0x0161 (chg_en=1 dis_en=1 mode=1)
      84.370  0x311  [8]  02 38 08 24 08 24 01 61 
        0x311  CVL=56.8V  CCL=208.4A  DCL=208.4A  status=0x0161 (chg_en=1 dis_en=1 mode=1)
      84.381  0x311  [8]  02 38 08 24 08 24 01 61 
        0x311  CVL=56.8V  CCL=208.4A  DCL=208.4A  status=0x0161 (chg_en=1 dis_en=1 mode=1)
      84.392  0x311  [8]  02 38 08 24 08 24 01 61 
        0x311  CVL=56.8V  CCL=208.4A  DCL=208.4A  status=0x0161 (chg_en=1 dis_en=1 mode=1)
      84.413  0x311  [8]  02 38 08 24 08 24 01 61 
        0x311  CVL=56.8V  CCL=208.4A  DCL=208.4A  status=0x0161 (chg_en=1 dis_en=1 mode=1)
      84.424  0x311  [8]  02 38 08 24 08 24 01 61 
        0x311  CVL=56.8V  CCL=208.4A  DCL=208.4A  status=0x0161 (chg_en=1 dis_en=1 mode=1)
      84.435  0x311  [8]  02 38 08 24 08 24 01 61 
        0x311  CVL=56.8V  CCL=208.4A  DCL=208.4A  status=0x0161 (chg_en=1 dis_en=1 mode=1)
      84.447  0x311  [8]  02 38 08 24 08 24 01 61 
        0x311  CVL=56.8V  CCL=208.4A  DCL=208.4A  status=0x0161 (chg_en=1 dis_en=1 mode=1)
      84.458  0x323  [8]  20 0E 10 00 00 00 00 00 
      84.468  0x323  [8]  20 0E 10 00 00 00 00 00 
      84.468  0x323  [8]  20 0E 10 00 00 00 00 00 
      84.469  0x323  [8]  20 0E 10 00 00 00 00 00 
      84.479  0x323  [8]  20 0E 10 00 00 00 00 00 
      84.479  0x323  [8]  20 0E 10 00 00 00 00 00 
      84.490  0x323  [8]  20 0E 10 00 00 00 00 00 
      84.490  0x323  [8]  20 0E 10 00 00 00 00 00 
      84.500  0x324  [8]  00 01 47 50 4A 30 32 31 
      84.501  0x324  [8]  00 01 47 50 4A 30 32 31 
      84.501  0x324  [8]  00 01 47 50 4A 30 32 31 
      84.511  0x324  [8]  00 01 47 50 4A 30 32 31 
      84.512  0x324  [8]  00 01 47 50 4A 30 32 31 
      84.522  0x324  [8]  00 01 47 50 4A 30 32 31 
      84.522  0x324  [8]  00 01 47 50 4A 30 32 31 
      84.523  0x324  [8]  00 01 47 50 4A 30 32 31 
      84.533  0x324  [8]  00 01 47 50 4A 30 32 31 
      84.533  0x324  [8]  00 01 47 50 4A 30 32 31 
      84.544  0x324  [8]  00 01 47 50 4A 30 32 31 
      84.544  0x324  [8]  00 01 47 50 4A 30 32 31 
      84.554  0x324  [8]  00 01 47 50 4A 30 32 31 
      84.555  0x324  [8]  00 01 47 50 4A 30 32 31 
      84.555  0x329  [8]  01 00 21 38 01 00 3E 9F 
      84.565  0x329  [8]  01 00 21 38 01 00 3E 9F 
      84.566  0x329  [8]  01 00 21 38 01 00 3E 9F 
      84.576  0x329  [8]  01 00 21 38 01 00 3E 9F 
      84.576  0x329  [8]  01 00 21 38 01 00 3E 9F 
      84.576  0x329  [8]  01 00 21 38 01 00 3E 9F 
      84.587  0x329  [8]  01 00 21 38 01 00 3E 9F 
      84.587  0x329  [8]  01 00 21 38 01 00 3E 9F 
      84.598  0x329  [8]  01 00 21 38 01 00 3E 9F 
      84.598  0x329  [8]  01 00 21 38 01 00 3E 9F 
      84.608  0x329  [8]  01 00 21 38 01 00 3E 9F 
      84.608  0x329  [8]  01 00 21 38 01 00 3E 9F 
      84.609  0x329  [8]  01 00 21 38 01 00 3E 9F 
      84.619  0x329  [8]  01 00 21 38 01 00 3E 9F 
      84.619  0x329  [8]  01 00 21 38 01 00 3E 9F 
      84.630  0x329  [8]  01 00 21 38 01 00 3E 9F 
      84.630  0x329  [8]  01 00 21 38 01 00 3E 9F 
      84.641  0x329  [8]  01 00 21 38 01 00 3E 9F 
      84.641  0x329  [8]  01 00 21 38 01 00 3E 9F 
      84.641  0x329  [8]  01 00 21 38 01 00 3E 9F 
      84.651  0x329  [8]  01 00 21 38 01 00 3E 9F 
      84.652  0x330  [8]  02 01 02 07 0D 3B 0D 33 
      84.662  0x330  [8]  02 01 02 07 0D 3B 0D 33 
      84.662  0x330  [8]  02 01 02 07 0D 3B 0D 33 
      84.663  0x330  [8]  02 01 02 07 0D 3B 0D 33 
      84.673  0x330  [8]  02 01 02 07 0D 3B 0D 33 
      84.673  0x330  [8]  02 01 02 07 0D 3B 0D 33 
      84.684  0x330  [8]  02 01 02 07 0D 3B 0D 33 
      84.684  0x330  [8]  02 01 02 07 0D 3B 0D 33 
      84.694  0x312  [8]  00 00 00 00 02 00 00 00 
        0x312  prot=00 00  warn=00 00  packs=2  mfr=??  cells=0
      84.695  0x312  [8]  00 00 00 00 02 00 00 00 
        0x312  prot=00 00  warn=00 00  packs=2  mfr=??  cells=0
      84.706  0x312  [8]  00 00 00 00 02 00 00 00 
        0x312  prot=00 00  warn=00 00  packs=2  mfr=??  cells=0
      84.716  0x312  [8]  00 00 00 00 02 00 00 00 
        0x312  prot=00 00  warn=00 00  packs=2  mfr=??  cells=0
      84.727  0x312  [8]  00 00 00 00 02 00 00 00 
        0x312  prot=00 00  warn=00 00  packs=2  mfr=??  cells=0
      84.737  0x312  [8]  00 00 00 00 02 00 00 00 
        0x312  prot=00 00  warn=00 00  packs=2  mfr=??  cells=0
      84.748  0x312  [8]  00 00 00 00 02 00 00 00 
        0x312  prot=00 00  warn=00 00  packs=2  mfr=??  cells=0
      84.759  0x312  [8]  00 00 00 00 02 00 00 00 
        0x312  prot=00 00  warn=00 00  packs=2  mfr=??  cells=0
      84.769  0x313  [8]  15 22 00 00 00 EA 63 63 
        0x313  Vraw=5410  -> 54.10V if 0.01V  /  541.0V if 0.1V  |  I=+0.0A  T=23.4C  SOC=99%  SOH=99
      84.780  0x313  [8]  15 22 00 00 00 EA 63 63 
        0x313  Vraw=5410  -> 54.10V if 0.01V  /  541.0V if 0.1V  |  I=+0.0A  T=23.4C  SOC=99%  SOH=99
      84.802  0x313  [8]  15 22 00 00 00 EA 63 63 
        0x313  Vraw=5410  -> 54.10V if 0.01V  /  541.0V if 0.1V  |  I=+0.0A  T=23.4C  SOC=99%  SOH=99
      84.813  0x313  [8]  15 22 00 00 00 EA 63 63 
        0x313  Vraw=5410  -> 54.10V if 0.01V  /  541.0V if 0.1V  |  I=+0.0A  T=23.4C  SOC=99%  SOH=99
      84.824  0x313  [8]  15 22 00 00 00 EA 63 63 
        0x313  Vraw=5410  -> 54.10V if 0.01V  /  541.0V if 0.1V  |  I=+0.0A  T=23.4C  SOC=99%  SOH=99
      84.835  0x313  [8]  15 22 00 00 00 EA 63 63 
        0x313  Vraw=5410  -> 54.10V if 0.01V  /  541.0V if 0.1V  |  I=+0.0A  T=23.4C  SOC=99%  SOH=99
      84.857  0x313  [8]  15 22 00 00 00 EA 63 63 
        0x313  Vraw=5410  -> 54.10V if 0.01V  /  541.0V if 0.1V  |  I=+0.0A  T=23.4C  SOC=99%  SOH=99
      84.868  0x313  [8]  15 22 00 00 00 EA 63 63 
        0x313  Vraw=5410  -> 54.10V if 0.01V  /  541.0V if 0.1V  |  I=+0.0A  T=23.4C  SOC=99%  SOH=99
      84.879  0x313  [8]  15 22 00 00 00 EA 63 63 
        0x313  Vraw=5410  -> 54.10V if 0.01V  /  541.0V if 0.1V  |  I=+0.0A  T=23.4C  SOC=99%  SOH=99
      84.890  0x313  [8]  15 22 00 00 00 EA 63 63 
        0x313  Vraw=5410  -> 54.10V if 0.01V  /  541.0V if 0.1V  |  I=+0.0A  T=23.4C  SOC=99%  SOH=99
      84.901  0x313  [8]  15 22 00 00 00 EA 63 63 
        0x313  Vraw=5410  -> 54.10V if 0.01V  /  541.0V if 0.1V  |  I=+0.0A  T=23.4C  SOC=99%  SOH=99
      84.923  0x314  [8]  5B 2C 5B 40 00 08 05 3D 
        0x314  RM=233.40Ah  FCC=233.60Ah  dV=8mV  cycles=1341
      84.934  0x314  [8]  5B 2C 5B 40 00 08 05 3D 
        0x314  RM=233.40Ah  FCC=233.60Ah  dV=8mV  cycles=1341
      84.935  0x314  [8]  5B 2C 5B 40 00 08 05 3D 
        0x314  RM=233.40Ah  FCC=233.60Ah  dV=8mV  cycles=1341
      84.946  0x314  [8]  5B 2C 5B 40 00 08 05 3D 
        0x314  RM=233.40Ah  FCC=233.60Ah  dV=8mV  cycles=1341
      84.957  0x314  [8]  5B 2C 5B 40 00 08 05 3D 
        0x314  RM=233.40Ah  FCC=233.60Ah  dV=8mV  cycles=1341
      84.968  0x314  [8]  5B 2C 5B 40 00 08 05 3D 
        0x314  RM=233.40Ah  FCC=233.60Ah  dV=8mV  cycles=1341
      84.979  0x314  [8]  5B 2C 5B 40 00 08 05 3D 
        0x314  RM=233.40Ah  FCC=233.60Ah  dV=8mV  cycles=1341
      84.990  0x314  [8]  5B 2C 5B 40 00 08 05 3D 
        0x314  RM=233.40Ah  FCC=233.60Ah  dV=8mV  cycles=1341
      85.001  0x314  [8]  5B 2C 5B 40 00 08 05 3D 
        0x314  RM=233.40Ah  FCC=233.60Ah  dV=8mV  cycles=1341
      85.012  0x314  [8]  5B 2C 5B 40 00 08 05 3D 
        0x314  RM=233.40Ah  FCC=233.60Ah  dV=8mV  cycles=1341
      85.023  0x314  [8]  5B 2C 5B 40 00 08 05 3D 
        0x314  RM=233.40Ah  FCC=233.60Ah  dV=8mV  cycles=1341
      85.024  0x314  [8]  5B 2C 5B 40 00 08 05 3D 
        0x314  RM=233.40Ah  FCC=233.60Ah  dV=8mV  cycles=1341
      85.035  0x314  [8]  5B 2C 5B 40 00 08 05 3D 
        0x314  RM=233.40Ah  FCC=233.60Ah  dV=8mV  cycles=1341
      85.046  0x314  [8]  5B 2C 5B 40 00 08 05 3D 
        0x314  RM=233.40Ah  FCC=233.60Ah  dV=8mV  cycles=1341
      85.057  0x314  [8]  5B 2C 5B 40 00 08 05 3D 
        0x314  RM=233.40Ah  FCC=233.60Ah  dV=8mV  cycles=1341
      85.068  0x314  [8]  5B 2C 5B 40 00 08 05 3D 
        0x314  RM=233.40Ah  FCC=233.60Ah  dV=8mV  cycles=1341
      85.079  0x314  [8]  5B 2C 5B 40 00 08 05 3D 
        0x314  RM=233.40Ah  FCC=233.60Ah  dV=8mV  cycles=1341
      85.091  0x314  [8]  5B 2C 5B 40 00 08 05 3D 
        0x314  RM=233.40Ah  FCC=233.60Ah  dV=8mV  cycles=1341
      85.102  0x314  [8]  5B 2C 5B 40 00 08 05 3D 
        0x314  RM=233.40Ah  FCC=233.60Ah  dV=8mV  cycles=1341
      85.113  0x314  [8]  5B 2C 5B 40 00 08 05 3D 
        0x314  RM=233.40Ah  FCC=233.60Ah  dV=8mV  cycles=1341
      85.114  0x314  [8]  5B 2C 5B 40 00 08 05 3D 
        0x314  RM=233.40Ah  FCC=233.60Ah  dV=8mV  cycles=1341
      85.125  0x314  [8]  5B 2C 5B 40 00 08 05 3D 
        0x314  RM=233.40Ah  FCC=233.60Ah  dV=8mV  cycles=1341
      85.136  0x314  [8]  5B 2C 5B 40 00 08 05 3D 
        0x314  RM=233.40Ah  FCC=233.60Ah  dV=8mV  cycles=1341
      85.147  0x314  [8]  5B 2C 5B 40 00 08 05 3D 
        0x314  RM=233.40Ah  FCC=233.60Ah  dV=8mV  cycles=1341
      85.158  0x315  [8]  0D 3A 0D 3A 0D 39 0D 39 
      85.158  0x315  [8]  0D 3A 0D 3A 0D 39 0D 39 
      85.169  0x315  [8]  0D 3A 0D 3A 0D 39 0D 39 
      85.169  0x315  [8]  0D 3A 0D 3A 0D 39 0D 39 
      85.180  0x315  [8]  0D 3A 0D 3A 0D 39 0D 39 
      85.180  0x315  [8]  0D 3A 0D 3A 0D 39 0D 39 
      85.190  0x315  [8]  0D 3A 0D 3A 0D 39 0D 39 
      85.190  0x315  [8]  0D 3A 0D 3A 0D 39 0D 39 
      85.191  0x315  [8]  0D 3A 0D 3A 0D 39 0D 39 
      85.201  0x315  [8]  0D 3A 0D 3A 0D 39 0D 39 
      85.201  0x315  [8]  0D 3A 0D 3A 0D 39 0D 39 
      85.212  0x315  [8]  0D 3A 0D 3A 0D 39 0D 39 
      85.212  0x315  [8]  0D 3A 0D 3A 0D 39 0D 39 
      85.212  0x315  [8]  0D 3A 0D 3A 0D 39 0D 39 
      85.223  0x315  [8]  0D 3A 0D 3A 0D 39 0D 39 
      85.223  0x315  [8]  0D 3A 0D 3A 0D 39 0D 39 
      85.233  0x315  [8]  0D 3A 0D 3A 0D 39 0D 39 
      85.234  0x315  [8]  0D 3A 0D 3A 0D 39 0D 39 
      85.244  0x315  [8]  0D 3A 0D 3A 0D 39 0D 39 
      85.244  0x315  [8]  0D 3A 0D 3A 0D 39 0D 39 
      85.245  0x315  [8]  0D 3A 0D 3A 0D 39 0D 39 
      85.255  0x316  [8]  0D 36 0D 36 0D 36 0D 36 
      85.255  0x316  [8]  0D 36 0D 36 0D 36 0D 36 
      85.266  0x316  [8]  0D 36 0D 36 0D 36 0D 36 
      85.266  0x316  [8]  0D 36 0D 36 0D 36 0D 36 
      85.266  0x316  [8]  0D 36 0D 36 0D 36 0D 36 
      85.277  0x316  [8]  0D 36 0D 36 0D 36 0D 36 
      85.277  0x316  [8]  0D 36 0D 36 0D 36 0D 36 
      85.287  0x316  [8]  0D 36 0D 36 0D 36 0D 36 
      85.288  0x316  [8]  0D 36 0D 36 0D 36 0D 36 
      85.298  0x316  [8]  0D 36 0D 36 0D 36 0D 36 
      85.298  0x317  [8]  0D 3B 0D 39 0D 39 0D 39 
      85.298  0x317  [8]  0D 3B 0D 39 0D 39 0D 39 
      85.309  0x317  [8]  0D 3B 0D 39 0D 39 0D 39 
      85.309  0x317  [8]  0D 3B 0D 39 0D 39 0D 39 
      85.320  0x317  [8]  0D 3B 0D 39 0D 39 0D 39 
      85.320  0x317  [8]  0D 3B 0D 39 0D 39 0D 39 
      85.330  0x317  [8]  0D 3B 0D 39 0D 39 0D 39 
      85.331  0x318  [8]  0D 34 0D 34 0D 33 0D 33 
      85.331  0x318  [8]  0D 34 0D 34 0D 33 0D 33 
      85.341  0x318  [8]  0D 34 0D 34 0D 33 0D 33 
      85.341  0x318  [8]  0D 34 0D 34 0D 33 0D 33 
      85.352  0x318  [8]  0D 34 0D 34 0D 33 0D 33 
      85.352  0x318  [8]  0D 34 0D 34 0D 33 0D 33 
      85.352  0x318  [8]  0D 34 0D 34 0D 33 0D 33 
      85.363  0x318  [8]  0D 34 0D 34 0D 33 0D 33 
      85.363  0x318  [8]  0D 34 0D 34 0D 33 0D 33 
      85.374  0x319  [8]  C0 0D 3B 0D 33 11 17 00 
        0x319  chem=0  forceI=0 forceII=0  dis_en=0 chg_en=1  (byte0=0xC0)
      85.384  0x319  [8]  C0 0D 3B 0D 33 11 17 00 
        0x319  chem=0  forceI=0 forceII=0  dis_en=0 chg_en=1  (byte0=0xC0)
      85.395  0x319  [8]  C0 0D 3B 0D 33 11 17 00 
        0x319  chem=0  forceI=0 forceII=0  dis_en=0 chg_en=1  (byte0=0xC0)
      85.405  0x319  [8]  C0 0D 3B 0D 33 11 17 00 
        0x319  chem=0  forceI=0 forceII=0  dis_en=0 chg_en=1  (byte0=0xC0)
      85.416  0x319  [8]  C0 0D 3B 0D 33 11 17 00 
        0x319  chem=0  forceI=0 forceII=0  dis_en=0 chg_en=1  (byte0=0xC0)
      85.427  0x319  [8]  C0 0D 3B 0D 33 11 17 00 
        0x319  chem=0  forceI=0 forceII=0  dis_en=0 chg_en=1  (byte0=0xC0)
      85.437  0x319  [8]  C0 0D 3B 0D 33 11 17 00 
        0x319  chem=0  forceI=0 forceII=0  dis_en=0 chg_en=1  (byte0=0xC0)
      85.448  0x319  [8]  C0 0D 3B 0D 33 11 17 00 
        0x319  chem=0  forceI=0 forceII=0  dis_en=0 chg_en=1  (byte0=0xC0)
      85.459  0x319  [8]  C0 0D 3B 0D 33 11 17 00 
        0x319  chem=0  forceI=0 forceII=0  dis_en=0 chg_en=1  (byte0=0xC0)
      85.469  0x319  [8]  C0 0D 3B 0D 33 11 17 00 
        0x319  chem=0  forceI=0 forceII=0  dis_en=0 chg_en=1  (byte0=0xC0)
      85.480  0x320  [8]  50 41 C3 85 85 00 00 00 
        0x320  mfr=PA  hw=195  sw=133
      85.490  0x320  [8]  50 41 C3 85 85 00 00 00 
        0x320  mfr=PA  hw=195  sw=133
      85.501  0x320  [8]  50 41 C3 85 85 00 00 00 
        0x320  mfr=PA  hw=195  sw=133
      85.501  0x320  [8]  50 41 C3 85 85 00 00 00 
        0x320  mfr=PA  hw=195  sw=133
      85.512  0x320  [8]  50 41 C3 85 85 00 00 00 
        0x320  mfr=PA  hw=195  sw=133
      85.523  0x320  [8]  50 41 C3 85 85 00 00 00 
        0x320  mfr=PA  hw=195  sw=133
      85.533  0x320  [8]  50 41 C3 85 85 00 00 00 
        0x320  mfr=PA  hw=195  sw=133
      85.534  0x320  [8]  50 41 C3 85 85 00 00 00 
        0x320  mfr=PA  hw=195  sw=133
      85.544  0x320  [8]  50 41 C3 85 85 00 00 00 
        0x320  mfr=PA  hw=195  sw=133
      85.555  0x320  [8]  50 41 C3 85 85 00 00 00 
        0x320  mfr=PA  hw=195  sw=133
      85.565  0x320  [8]  50 41 C3 85 85 00 00 00 
        0x320  mfr=PA  hw=195  sw=133
      85.566  0x320  [8]  50 41 C3 85 85 00 00 00 
        0x320  mfr=PA  hw=195  sw=133
      85.576  0x320  [8]  50 41 C3 85 85 00 00 00 
        0x320  mfr=PA  hw=195  sw=133
      85.587  0x322  [8]  01 00 00 D4 03 01 63 63 
      85.587  0x322  [8]  01 00 00 D4 03 01 63 63 
      85.598  0x322  [8]  01 00 00 D4 03 01 63 63 
      85.598  0x322  [8]  01 00 00 D4 03 01 63 63 
      85.598  0x322  [8]  01 00 00 D4 03 01 63 63 
      85.609  0x322  [8]  01 00 00 D4 03 01 63 63 
      85.609  0x322  [8]  01 00 00 D4 03 01 63 63 
      85.619  0x322  [8]  01 00 00 D4 03 01 63 63 
      85.620  0x322  [8]  01 00 00 D4 03 01 63 63 
      85.630  0x322  [8]  01 00 00 D4 03 01 63 63 
      85.630  0x322  [8]  01 00 00 D4 03 01 63 63 
      85.630  0x322  [8]  01 00 00 D4 03 01 63 63 
      85.641  0x322  [8]  01 00 00 D4 03 01 63 63 
      85.641  0x322  [8]  01 00 00 D4 03 01 63 63 
      85.652  0x322  [8]  01 00 00 D4 03 01 63 63 
      85.652  0x322  [8]  01 00 00 D4 03 01 63 63 
      85.652  0x322  [8]  01 00 00 D4 03 01 63 63 
      85.662  0x322  [8]  01 00 00 D4 03 01 63 63 
      85.663  0x322  [8]  01 00 00 D4 03 01 63 63 
      85.673  0x322  [8]  01 00 00 D4 03 01 63 63 
      85.673  0x322  [8]  01 00 00 D4 03 01 63 63 
      85.684  0x322  [8]  01 00 00 D4 03 01 63 63 
      85.684  0x311  [8]  02 38 08 24 08 24 01 61 
        0x311  CVL=56.8V  CCL=208.4A  DCL=208.4A  status=0x0161 (chg_en=1 dis_en=1 mode=1)
      85.695  0x311  [8]  02 38 08 24 08 24 01 61 
        0x311  CVL=56.8V  CCL=208.4A  DCL=208.4A  status=0x0161 (chg_en=1 dis_en=1 mode=1)
      85.706  0x311  [8]  02 38 08 24 08 24 01 61 
        0x311  CVL=56.8V  CCL=208.4A  DCL=208.4A  status=0x0161 (chg_en=1 dis_en=1 mode=1)
      85.717  0x311  [8]  02 38 08 24 08 24 01 61 
        0x311  CVL=56.8V  CCL=208.4A  DCL=208.4A  status=0x0161 (chg_en=1 dis_en=1 mode=1)
      85.739  0x311  [8]  02 38 08 24 08 24 01 61 
        0x311  CVL=56.8V  CCL=208.4A  DCL=208.4A  status=0x0161 (chg_en=1 dis_en=1 mode=1)
      85.750  0x311  [8]  02 38 08 24 08 24 01 61 
        0x311  CVL=56.8V  CCL=208.4A  DCL=208.4A  status=0x0161 (chg_en=1 dis_en=1 mode=1)
      85.761  0x311  [8]  02 38 08 24 08 24 01 61 
        0x311  CVL=56.8V  CCL=208.4A  DCL=208.4A  status=0x0161 (chg_en=1 dis_en=1 mode=1)
      85.772  0x311  [8]  02 38 08 24 08 24 01 61 
        0x311  CVL=56.8V  CCL=208.4A  DCL=208.4A  status=0x0161 (chg_en=1 dis_en=1 mode=1)
      85.783  0x311  [8]  02 38 08 24 08 24 01 61 
        0x311  CVL=56.8V  CCL=208.4A  DCL=208.4A  status=0x0161 (chg_en=1 dis_en=1 mode=1)
      85.794  0x311  [8]  02 38 08 24 08 24 01 61 
        0x311  CVL=56.8V  CCL=208.4A  DCL=208.4A  status=0x0161 (chg_en=1 dis_en=1 mode=1)
      85.805  0x311  [8]  02 38 08 24 08 24 01 61 
        0x311  CVL=56.8V  CCL=208.4A  DCL=208.4A  status=0x0161 (chg_en=1 dis_en=1 mode=1)
      85.816  0x311  [8]  02 38 08 24 08 24 01 61 
        0x311  CVL=56.8V  CCL=208.4A  DCL=208.4A  status=0x0161 (chg_en=1 dis_en=1 mode=1)
      85.838  0x311  [8]  02 38 08 24 08 24 01 61 
        0x311  CVL=56.8V  CCL=208.4A  DCL=208.4A  status=0x0161 (chg_en=1 dis_en=1 mode=1)
      85.849  0x311  [8]  02 38 08 24 08 24 01 61 
        0x311  CVL=56.8V  CCL=208.4A  DCL=208.4A  status=0x0161 (chg_en=1 dis_en=1 mode=1)
      85.860  0x311  [8]  02 38 08 24 08 24 01 61 
        0x311  CVL=56.8V  CCL=208.4A  DCL=208.4A  status=0x0161 (chg_en=1 dis_en=1 mode=1)
      85.871  0x311  [8]  02 38 08 24 08 24 01 61 
        0x311  CVL=56.8V  CCL=208.4A  DCL=208.4A  status=0x0161 (chg_en=1 dis_en=1 mode=1)
      85.882  0x311  [8]  02 38 08 24 08 24 01 61 
        0x311  CVL=56.8V  CCL=208.4A  DCL=208.4A  status=0x0161 (chg_en=1 dis_en=1 mode=1)
      85.893  0x311  [8]  02 38 08 24 08 24 01 61 
        0x311  CVL=56.8V  CCL=208.4A  DCL=208.4A  status=0x0161 (chg_en=1 dis_en=1 mode=1)
      85.904  0x311  [8]  02 38 08 24 08 24 01 61 
        0x311  CVL=56.8V  CCL=208.4A  DCL=208.4A  status=0x0161 (chg_en=1 dis_en=1 mode=1)
      85.925  0x311  [8]  02 38 08 24 08 24 01 61 
        0x311  CVL=56.8V  CCL=208.4A  DCL=208.4A  status=0x0161 (chg_en=1 dis_en=1 mode=1)
      85.936  0x311  [8]  02 38 08 24 08 24 01 61 
        0x311  CVL=56.8V  CCL=208.4A  DCL=208.4A  status=0x0161 (chg_en=1 dis_en=1 mode=1)
      85.948  0x323  [8]  20 0E 10 00 00 00 00 00 
      85.948  0x323  [8]  20 0E 10 00 00 00 00 00 
      85.958  0x323  [8]  20 0E 10 00 00 00 00 00 
      85.959  0x323  [8]  20 0E 10 00 00 00 00 00 
      85.969  0x323  [8]  20 0E 10 00 00 00 00 00 
      85.969  0x323  [8]  20 0E 10 00 00 00 00 00 
      85.970  0x323  [8]  20 0E 10 00 00 00 00 00 
      85.980  0x323  [8]  20 0E 10 00 00 00 00 00 
      85.980  0x323  [8]  20 0E 10 00 00 00 00 00 
      85.991  0x324  [8]  01 39 35 32 32 30 36 32 
      85.991  0x324  [8]  01 39 35 32 32 30 36 32 
      85.991  0x324  [8]  01 39 35 32 32 30 36 32 
      86.002  0x324  [8]  01 39 35 32 32 30 36 32 
      86.002  0x324  [8]  01 39 35 32 32 30 36 32 
      86.012  0x324  [8]  01 39 35 32 32 30 36 32 
      86.013  0x324  [8]  01 39 35 32 32 30 36 32 
      86.023  0x324  [8]  01 39 35 32 32 30 36 32 
      86.023  0x324  [8]  01 39 35 32 32 30 36 32 
      86.024  0x324  [8]  01 39 35 32 32 30 36 32 
      86.034  0x324  [8]  01 39 35 32 32 30 36 32 
      86.034  0x324  [8]  01 39 35 32 32 30 36 32 
      86.045  0x329  [8]  02 00 18 CB 02 00 3F 3B 
      86.045  0x329  [8]  02 00 18 CB 02 00 3F 3B 
      86.045  0x329  [8]  02 00 18 CB 02 00 3F 3B 
      86.056  0x329  [8]  02 00 18 CB 02 00 3F 3B 
      86.056  0x329  [8]  02 00 18 CB 02 00 3F 3B 
      86.066  0x329  [8]  02 00 18 CB 02 00 3F 3B 
      86.067  0x329  [8]  02 00 18 CB 02 00 3F 3B 
      86.077  0x329  [8]  02 00 18 CB 02 00 3F 3B 
      86.077  0x329  [8]  02 00 18 CB 02 00 3F 3B 
      86.077  0x329  [8]  02 00 18 CB 02 00 3F 3B 
      86.088  0x329  [8]  02 00 18 CB 02 00 3F 3B 
      86.088  0x329  [8]  02 00 18 CB 02 00 3F 3B 
      86.099  0x329  [8]  02 00 18 CB 02 00 3F 3B 
      86.099  0x329  [8]  02 00 18 CB 02 00 3F 3B 
      86.099  0x329  [8]  02 00 18 CB 02 00 3F 3B 
      86.110  0x329  [8]  02 00 18 CB 02 00 3F 3B 
      86.110  0x329  [8]  02 00 18 CB 02 00 3F 3B 
      86.120  0x329  [8]  02 00 18 CB 02 00 3F 3B 
      86.121  0x329  [8]  02 00 18 CB 02 00 3F 3B 
      86.131  0x329  [8]  02 00 18 CB 02 00 3F 3B 
      86.131  0x329  [8]  02 00 18 CB 02 00 3F 3B 
      86.132  0x329  [8]  02 00 18 CB 02 00 3F 3B 
      86.142  0x329  [8]  02 00 18 CB 02 00 3F 3B 
      86.142  0x330  [8]  02 01 02 08 0D 3B 0D 32 
      86.153  0x330  [8]  02 01 02 08 0D 3B 0D 32 
      86.153  0x330  [8]  02 01 02 08 0D 3B 0D 32 
      86.153  0x330  [8]  02 01 02 08 0D 3B 0D 32 
      86.164  0x330  [8]  02 01 02 08 0D 3B 0D 32 
      86.164  0x330  [8]  02 01 02 08 0D 3B 0D 32 
      86.174  0x330  [8]  02 01 02 08 0D 3B 0D 32 
      86.175  0x330  [8]  02 01 02 08 0D 3B 0D 32 
      86.185  0x312  [8]  00 00 00 00 02 00 00 00 
        0x312  prot=00 00  warn=00 00  packs=2  mfr=??  cells=0
      86.196  0x312  [8]  00 00 00 00 02 00 00 00 
        0x312  prot=00 00  warn=00 00  packs=2  mfr=??  cells=0
      86.206  0x312  [8]  00 00 00 00 02 00 00 00 
        0x312  prot=00 00  warn=00 00  packs=2  mfr=??  cells=0
      86.207  0x312  [8]  00 00 00 00 02 00 00 00 
        0x312  prot=00 00  warn=00 00  packs=2  mfr=??  cells=0
      86.217  0x312  [8]  00 00 00 00 02 00 00 00 
        0x312  prot=00 00  warn=00 00  packs=2  mfr=??  cells=0
      86.228  0x312  [8]  00 00 00 00 02 00 00 00 
        0x312  prot=00 00  warn=00 00  packs=2  mfr=??  cells=0
      86.239  0x312  [8]  00 00 00 00 02 00 00 00 
        0x312  prot=00 00  warn=00 00  packs=2  mfr=??  cells=0
      86.249  0x312  [8]  00 00 00 00 02 00 00 00 
        0x312  prot=00 00  warn=00 00  packs=2  mfr=??  cells=0
      86.260  0x313  [8]  15 22 00 00 00 EA 63 63 
        0x313  Vraw=5410  -> 54.10V if 0.01V  /  541.0V if 0.1V  |  I=+0.0A  T=23.4C  SOC=99%  SOH=99
      86.271  0x313  [8]  15 22 00 00 00 EA 63 63 
        0x313  Vraw=5410  -> 54.10V if 0.01V  /  541.0V if 0.1V  |  I=+0.0A  T=23.4C  SOC=99%  SOH=99
      86.292  0x313  [8]  15 22 00 00 00 EA 63 63 
        0x313  Vraw=5410  -> 54.10V if 0.01V  /  541.0V if 0.1V  |  I=+0.0A  T=23.4C  SOC=99%  SOH=99
      86.303  0x313  [8]  15 22 00 00 00 EA 63 63 
        0x313  Vraw=5410  -> 54.10V if 0.01V  /  541.0V if 0.1V  |  I=+0.0A  T=23.4C  SOC=99%  SOH=99
      86.315  0x313  [8]  15 22 00 00 00 EA 63 63 
        0x313  Vraw=5410  -> 54.10V if 0.01V  /  541.0V if 0.1V  |  I=+0.0A  T=23.4C  SOC=99%  SOH=99
      86.326  0x313  [8]  15 22 00 00 00 EA 63 63 
        0x313  Vraw=5410  -> 54.10V if 0.01V  /  541.0V if 0.1V  |  I=+0.0A  T=23.4C  SOC=99%  SOH=99
      86.347  0x313  [8]  15 22 00 00 00 EA 63 63 
        0x313  Vraw=5410  -> 54.10V if 0.01V  /  541.0V if 0.1V  |  I=+0.0A  T=23.4C  SOC=99%  SOH=99
      86.358  0x313  [8]  15 22 00 00 00 EA 63 63 
        0x313  Vraw=5410  -> 54.10V if 0.01V  /  541.0V if 0.1V  |  I=+0.0A  T=23.4C  SOC=99%  SOH=99
      86.369  0x313  [8]  15 22 00 00 00 EA 63 63 
        0x313  Vraw=5410  -> 54.10V if 0.01V  /  541.0V if 0.1V  |  I=+0.0A  T=23.4C  SOC=99%  SOH=99
      86.381  0x313  [8]  15 22 00 00 00 EA 63 63 
        0x313  Vraw=5410  -> 54.10V if 0.01V  /  541.0V if 0.1V  |  I=+0.0A  T=23.4C  SOC=99%  SOH=99
      86.392  0x313  [8]  15 22 00 00 00 EA 63 63 
        0x313  Vraw=5410  -> 54.10V if 0.01V  /  541.0V if 0.1V  |  I=+0.0A  T=23.4C  SOC=99%  SOH=99
      86.413  0x313  [8]  15 22 00 00 00 EA 63 63 
        0x313  Vraw=5410  -> 54.10V if 0.01V  /  541.0V if 0.1V  |  I=+0.0A  T=23.4C  SOC=99%  SOH=99
      86.424  0x313  [8]  15 22 00 00 00 EA 63 63 
        0x313  Vraw=5410  -> 54.10V if 0.01V  /  541.0V if 0.1V  |  I=+0.0A  T=23.4C  SOC=99%  SOH=99
      86.435  0x314  [8]  5B 2C 5B 40 00 09 05 3D 
        0x314  RM=233.40Ah  FCC=233.60Ah  dV=9mV  cycles=1341
      86.446  0x314  [8]  5B 2C 5B 40 00 09 05 3D 
        0x314  RM=233.40Ah  FCC=233.60Ah  dV=9mV  cycles=1341
      86.457  0x314  [8]  5B 2C 5B 40 00 09 05 3D 
        0x314  RM=233.40Ah  FCC=233.60Ah  dV=9mV  cycles=1341
      86.469  0x314  [8]  5B 2C 5B 40 00 09 05 3D 
        0x314  RM=233.40Ah  FCC=233.60Ah  dV=9mV  cycles=1341
      86.480  0x314  [8]  5B 2C 5B 40 00 09 05 3D 
        0x314  RM=233.40Ah  FCC=233.60Ah  dV=9mV  cycles=1341
      86.491  0x314  [8]  5B 2C 5B 40 00 09 05 3D 
        0x314  RM=233.40Ah  FCC=233.60Ah  dV=9mV  cycles=1341
      86.502  0x314  [8]  5B 2C 5B 40 00 09 05 3D 
        0x314  RM=233.40Ah  FCC=233.60Ah  dV=9mV  cycles=1341
      86.503  0x314  [8]  5B 2C 5B 40 00 09 05 3D 
        0x314  RM=233.40Ah  FCC=233.60Ah  dV=9mV  cycles=1341
      86.514  0x314  [8]  5B 2C 5B 40 00 09 05 3D 
        0x314  RM=233.40Ah  FCC=233.60Ah  dV=9mV  cycles=1341
      86.525  0x314  [8]  5B 2C 5B 40 00 09 05 3D 
        0x314  RM=233.40Ah  FCC=233.60Ah  dV=9mV  cycles=1341
      86.536  0x314  [8]  5B 2C 5B 40 00 09 05 3D 
        0x314  RM=233.40Ah  FCC=233.60Ah  dV=9mV  cycles=1341
      86.547  0x314  [8]  5B 2C 5B 40 00 09 05 3D 
        0x314  RM=233.40Ah  FCC=233.60Ah  dV=9mV  cycles=1341
      86.558  0x314  [8]  5B 2C 5B 40 00 09 05 3D 
        0x314  RM=233.40Ah  FCC=233.60Ah  dV=9mV  cycles=1341
      86.569  0x314  [8]  5B 2C 5B 40 00 09 05 3D 
        0x314  RM=233.40Ah  FCC=233.60Ah  dV=9mV  cycles=1341
      86.580  0x314  [8]  5B 2C 5B 40 00 09 05 3D 
        0x314  RM=233.40Ah  FCC=233.60Ah  dV=9mV  cycles=1341
      86.591  0x314  [8]  5B 2C 5B 40 00 09 05 3D 
        0x314  RM=233.40Ah  FCC=233.60Ah  dV=9mV  cycles=1341
      86.592  0x314  [8]  5B 2C 5B 40 00 09 05 3D 
        0x314  RM=233.40Ah  FCC=233.60Ah  dV=9mV  cycles=1341
      86.603  0x314  [8]  5B 2C 5B 40 00 09 05 3D 
        0x314  RM=233.40Ah  FCC=233.60Ah  dV=9mV  cycles=1341
      86.614  0x314  [8]  5B 2C 5B 40 00 09 05 3D 
        0x314  RM=233.40Ah  FCC=233.60Ah  dV=9mV  cycles=1341
      86.625  0x314  [8]  5B 2C 5B 40 00 09 05 3D 
        0x314  RM=233.40Ah  FCC=233.60Ah  dV=9mV  cycles=1341
      86.636  0x314  [8]  5B 2C 5B 40 00 09 05 3D 
        0x314  RM=233.40Ah  FCC=233.60Ah  dV=9mV  cycles=1341
      86.648  0x314  [8]  5B 2C 5B 40 00 09 05 3D 
        0x314  RM=233.40Ah  FCC=233.60Ah  dV=9mV  cycles=1341
      86.659  0x315  [8]  0D 3A 0D 3A 0D 39 0D 39 
      86.659  0x315  [8]  0D 3A 0D 3A 0D 39 0D 39 
      86.669  0x315  [8]  0D 3A 0D 3A 0D 39 0D 39 
      86.670  0x315  [8]  0D 3A 0D 3A 0D 39 0D 39 
      86.670  0x315  [8]  0D 3A 0D 3A 0D 39 0D 39 
      86.680  0x315  [8]  0D 3A 0D 3A 0D 39 0D 39 
      86.681  0x315  [8]  0D 3A 0D 3A 0D 39 0D 39 
      86.691  0x315  [8]  0D 3A 0D 3A 0D 39 0D 39 
      86.691  0x315  [8]  0D 3A 0D 3A 0D 39 0D 39 
      86.702  0x315  [8]  0D 3A 0D 3A 0D 39 0D 39 
      86.702  0x315  [8]  0D 3A 0D 3A 0D 39 0D 39 
      86.702  0x315  [8]  0D 3A 0D 3A 0D 39 0D 39 
      86.713  0x315  [8]  0D 3A 0D 3A 0D 39 0D 39 
      86.713  0x315  [8]  0D 3A 0D 3A 0D 39 0D 39 
      86.723  0x315  [8]  0D 3A 0D 3A 0D 39 0D 39 
      86.723  0x315  [8]  0D 3A 0D 3A 0D 39 0D 39 
      86.734  0x315  [8]  0D 3A 0D 3A 0D 39 0D 39 
      86.734  0x315  [8]  0D 3A 0D 3A 0D 39 0D 39 
      86.734  0x315  [8]  0D 3A 0D 3A 0D 39 0D 39 
      86.745  0x315  [8]  0D 3A 0D 3A 0D 39 0D 39 
      86.745  0x315  [8]  0D 3A 0D 3A 0D 39 0D 39 
      86.756  0x315  [8]  0D 3A 0D 3A 0D 39 0D 39 
      86.756  0x319  [8]  C0 0D 3B 0D 32 11 18 00 
        0x319  chem=0  forceI=0 forceII=0  dis_en=0 chg_en=1  (byte0=0xC0)
      86.766  0x319  [8]  C0 0D 3B 0D 32 11 18 00 
        0x319  chem=0  forceI=0 forceII=0  dis_en=0 chg_en=1  (byte0=0xC0)
      86.777  0x319  [8]  C0 0D 3B 0D 32 11 18 00 
        0x319  chem=0  forceI=0 forceII=0  dis_en=0 chg_en=1  (byte0=0xC0)
      86.788  0x319  [8]  C0 0D 3B 0D 32 11 18 00 
        0x319  chem=0  forceI=0 forceII=0  dis_en=0 chg_en=1  (byte0=0xC0)
      86.799  0x319  [8]  C0 0D 3B 0D 32 11 18 00 
        0x319  chem=0  forceI=0 forceII=0  dis_en=0 chg_en=1  (byte0=0xC0)
      86.809  0x319  [8]  C0 0D 3B 0D 32 11 18 00 
        0x319  chem=0  forceI=0 forceII=0  dis_en=0 chg_en=1  (byte0=0xC0)
      86.820  0x319  [8]  C0 0D 3B 0D 32 11 18 00 
        0x319  chem=0  forceI=0 forceII=0  dis_en=0 chg_en=1  (byte0=0xC0)
      86.830  0x319  [8]  C0 0D 3B 0D 32 11 18 00 
        0x319  chem=0  forceI=0 forceII=0  dis_en=0 chg_en=1  (byte0=0xC0)
      86.841  0x319  [8]  C0 0D 3B 0D 32 11 18 00 
        0x319  chem=0  forceI=0 forceII=0  dis_en=0 chg_en=1  (byte0=0xC0)
      86.852  0x320  [8]  50 41 C3 85 85 00 00 00 
        0x320  mfr=PA  hw=195  sw=133
      86.862  0x320  [8]  50 41 C3 85 85 00 00 00 
        0x320  mfr=PA  hw=195  sw=133
      86.873  0x320  [8]  50 41 C3 85 85 00 00 00 
        0x320  mfr=PA  hw=195  sw=133
      86.883  0x320  [8]  50 41 C3 85 85 00 00 00 
        0x320  mfr=PA  hw=195  sw=133
      86.884  0x320  [8]  50 41 C3 85 85 00 00 00 
        0x320  mfr=PA  hw=195  sw=133
      86.894  0x320  [8]  50 41 C3 85 85 00 00 00 
        0x320  mfr=PA  hw=195  sw=133
      86.905  0x320  [8]  50 41 C3 85 85 00 00 00 
        0x320  mfr=PA  hw=195  sw=133
      86.916  0x320  [8]  50 41 C3 85 85 00 00 00 
        0x320  mfr=PA  hw=195  sw=133
      86.916  0x322  [8]  01 00 00 D4 03 01 63 63 
      86.926  0x322  [8]  01 00 00 D4 03 01 63 63 
      86.927  0x322  [8]  01 00 00 D4 03 01 63 63 
      86.937  0x322  [8]  01 00 00 D4 03 01 63 63 
      86.937  0x322  [8]  01 00 00 D4 03 01 63 63 
      86.938  0x322  [8]  01 00 00 D4 03 01 63 63 
      86.948  0x322  [8]  01 00 00 D4 03 01 63 63 
      86.948  0x322  [8]  01 00 00 D4 03 01 63 63 
      86.959  0x311  [8]  02 38 08 24 08 24 01 61 
        0x311  CVL=56.8V  CCL=208.4A  DCL=208.4A  status=0x0161 (chg_en=1 dis_en=1 mode=1)
      86.970  0x311  [8]  02 38 08 24 08 24 01 61 
        0x311  CVL=56.8V  CCL=208.4A  DCL=208.4A  status=0x0161 (chg_en=1 dis_en=1 mode=1)
      86.981  0x311  [8]  02 38 08 24 08 24 01 61 
        0x311  CVL=56.8V  CCL=208.4A  DCL=208.4A  status=0x0161 (chg_en=1 dis_en=1 mode=1)
      86.992  0x311  [8]  02 38 08 24 08 24 01 61 
        0x311  CVL=56.8V  CCL=208.4A  DCL=208.4A  status=0x0161 (chg_en=1 dis_en=1 mode=1)
      87.003  0x311  [8]  02 38 08 24 08 24 01 61 
        0x311  CVL=56.8V  CCL=208.4A  DCL=208.4A  status=0x0161 (chg_en=1 dis_en=1 mode=1)
      87.014  0x311  [8]  02 38 08 24 08 24 01 61 
        0x311  CVL=56.8V  CCL=208.4A  DCL=208.4A  status=0x0161 (chg_en=1 dis_en=1 mode=1)
      87.025  0x311  [8]  02 38 08 24 08 24 01 61 
        0x311  CVL=56.8V  CCL=208.4A  DCL=208.4A  status=0x0161 (chg_en=1 dis_en=1 mode=1)
      87.047  0x311  [8]  02 38 08 24 08 24 01 61 
        0x311  CVL=56.8V  CCL=208.4A  DCL=208.4A  status=0x0161 (chg_en=1 dis_en=1 mode=1)
      87.058  0x311  [8]  02 38 08 24 08 24 01 61 
        0x311  CVL=56.8V  CCL=208.4A  DCL=208.4A  status=0x0161 (chg_en=1 dis_en=1 mode=1)
      87.069  0x311  [8]  02 38 08 24 08 24 01 61 
        0x311  CVL=56.8V  CCL=208.4A  DCL=208.4A  status=0x0161 (chg_en=1 dis_en=1 mode=1)
      87.080  0x311  [8]  02 38 08 24 08 24 01 61 
        0x311  CVL=56.8V  CCL=208.4A  DCL=208.4A  status=0x0161 (chg_en=1 dis_en=1 mode=1)
      87.091  0x311  [8]  02 38 08 24 08 24 01 61 
        0x311  CVL=56.8V  CCL=208.4A  DCL=208.4A  status=0x0161 (chg_en=1 dis_en=1 mode=1)
      87.102  0x311  [8]  02 38 08 24 08 24 01 61 
        0x311  CVL=56.8V  CCL=208.4A  DCL=208.4A  status=0x0161 (chg_en=1 dis_en=1 mode=1)
      87.113  0x311  [8]  02 38 08 24 08 24 01 61 
        0x311  CVL=56.8V  CCL=208.4A  DCL=208.4A  status=0x0161 (chg_en=1 dis_en=1 mode=1)
      87.135  0x311  [8]  02 38 08 24 08 24 01 61 
        0x311  CVL=56.8V  CCL=208.4A  DCL=208.4A  status=0x0161 (chg_en=1 dis_en=1 mode=1)
      87.146  0x311  [8]  02 38 08 24 08 24 01 61 
        0x311  CVL=56.8V  CCL=208.4A  DCL=208.4A  status=0x0161 (chg_en=1 dis_en=1 mode=1)
      87.157  0x311  [8]  02 38 08 24 08 24 01 61 
        0x311  CVL=56.8V  CCL=208.4A  DCL=208.4A  status=0x0161 (chg_en=1 dis_en=1 mode=1)
      87.168  0x311  [8]  02 38 08 24 08 24 01 61 
        0x311  CVL=56.8V  CCL=208.4A  DCL=208.4A  status=0x0161 (chg_en=1 dis_en=1 mode=1)
      87.179  0x311  [8]  02 38 08 24 08 24 01 61 
        0x311  CVL=56.8V  CCL=208.4A  DCL=208.4A  status=0x0161 (chg_en=1 dis_en=1 mode=1)
      87.190  0x311  [8]  02 38 08 24 08 24 01 61 
        0x311  CVL=56.8V  CCL=208.4A  DCL=208.4A  status=0x0161 (chg_en=1 dis_en=1 mode=1)
      87.201  0x311  [8]  02 38 08 24 08 24 01 61 
        0x311  CVL=56.8V  CCL=208.4A  DCL=208.4A  status=0x0161 (chg_en=1 dis_en=1 mode=1)
      87.223  0x311  [8]  02 38 08 24 08 24 01 61 
        0x311  CVL=56.8V  CCL=208.4A  DCL=208.4A  status=0x0161 (chg_en=1 dis_en=1 mode=1)
      87.234  0x311  [8]  02 38 08 24 08 24 01 61 
        0x311  CVL=56.8V  CCL=208.4A  DCL=208.4A  status=0x0161 (chg_en=1 dis_en=1 mode=1)
      87.245  0x311  [8]  02 38 08 24 08 24 01 61 
        0x311  CVL=56.8V  CCL=208.4A  DCL=208.4A  status=0x0161 (chg_en=1 dis_en=1 mode=1)
      87.256  0x311  [8]  02 38 08 24 08 24 01 61 
        0x311  CVL=56.8V  CCL=208.4A  DCL=208.4A  status=0x0161 (chg_en=1 dis_en=1 mode=1)
      87.267  0x311  [8]  02 38 08 24 08 24 01 61 
        0x311  CVL=56.8V  CCL=208.4A  DCL=208.4A  status=0x0161 (chg_en=1 dis_en=1 mode=1)
      87.278  0x311  [8]  02 38 08 24 08 24 01 61 
        0x311  CVL=56.8V  CCL=208.4A  DCL=208.4A  status=0x0161 (chg_en=1 dis_en=1 mode=1)
      87.289  0x311  [8]  02 38 08 24 08 24 01 61 
        0x311  CVL=56.8V  CCL=208.4A  DCL=208.4A  status=0x0161 (chg_en=1 dis_en=1 mode=1)
      87.310  0x311  [8]  02 38 08 24 08 24 01 61 
        0x311  CVL=56.8V  CCL=208.4A  DCL=208.4A  status=0x0161 (chg_en=1 dis_en=1 mode=1)
      87.321  0x311  [8]  02 38 08 24 08 24 01 61 
        0x311  CVL=56.8V  CCL=208.4A  DCL=208.4A  status=0x0161 (chg_en=1 dis_en=1 mode=1)
      87.333  0x311  [8]  02 38 08 24 08 24 01 61 
        0x311  CVL=56.8V  CCL=208.4A  DCL=208.4A  status=0x0161 (chg_en=1 dis_en=1 mode=1)
      87.344  0x311  [8]  02 38 08 24 08 24 01 61 
        0x311  CVL=56.8V  CCL=208.4A  DCL=208.4A  status=0x0161 (chg_en=1 dis_en=1 mode=1)
      87.355  0x311  [8]  02 38 08 24 08 24 01 61 
        0x311  CVL=56.8V  CCL=208.4A  DCL=208.4A  status=0x0161 (chg_en=1 dis_en=1 mode=1)
      87.366  0x311  [8]  02 38 08 24 08 24 01 61 
        0x311  CVL=56.8V  CCL=208.4A  DCL=208.4A  status=0x0161 (chg_en=1 dis_en=1 mode=1)
      87.377  0x311  [8]  02 38 08 24 08 24 01 61 
        0x311  CVL=56.8V  CCL=208.4A  DCL=208.4A  status=0x0161 (chg_en=1 dis_en=1 mode=1)
      87.388  0x311  [8]  02 38 08 24 08 24 01 61 
        0x311  CVL=56.8V  CCL=208.4A  DCL=208.4A  status=0x0161 (chg_en=1 dis_en=1 mode=1)
      87.409  0x311  [8]  02 38 08 24 08 24 01 61 
        0x311  CVL=56.8V  CCL=208.4A  DCL=208.4A  status=0x0161 (chg_en=1 dis_en=1 mode=1)
      87.420  0x311  [8]  02 38 08 24 08 24 01 61 
        0x311  CVL=56.8V  CCL=208.4A  DCL=208.4A  status=0x0161 (chg_en=1 dis_en=1 mode=1)
      87.432  0x311  [8]  02 38 08 24 08 24 01 61 
        0x311  CVL=56.8V  CCL=208.4A  DCL=208.4A  status=0x0161 (chg_en=1 dis_en=1 mode=1)
      87.443  0x311  [8]  02 38 08 24 08 24 01 61 
        0x311  CVL=56.8V  CCL=208.4A  DCL=208.4A  status=0x0161 (chg_en=1 dis_en=1 mode=1)
      87.454  0x311  [8]  02 38 08 24 08 24 01 61 
        0x311  CVL=56.8V  CCL=208.4A  DCL=208.4A  status=0x0161 (chg_en=1 dis_en=1 mode=1)
      87.465  0x311  [8]  02 38 08 24 08 24 01 61 
        0x311  CVL=56.8V  CCL=208.4A  DCL=208.4A  status=0x0161 (chg_en=1 dis_en=1 mode=1)
      87.476  0x311  [8]  02 38 08 24 08 24 01 61 
        0x311  CVL=56.8V  CCL=208.4A  DCL=208.4A  status=0x0161 (chg_en=1 dis_en=1 mode=1)
      87.497  0x311  [8]  02 38 08 24 08 24 01 61 
        0x311  CVL=56.8V  CCL=208.4A  DCL=208.4A  status=0x0161 (chg_en=1 dis_en=1 mode=1)
      87.508  0x311  [8]  02 38 08 24 08 24 01 61 
        0x311  CVL=56.8V  CCL=208.4A  DCL=208.4A  status=0x0161 (chg_en=1 dis_en=1 mode=1)
      87.519  0x311  [8]  02 38 08 24 08 24 01 61 
        0x311  CVL=56.8V  CCL=208.4A  DCL=208.4A  status=0x0161 (chg_en=1 dis_en=1 mode=1)
      87.531  0x311  [8]  02 38 08 24 08 24 01 61 
        0x311  CVL=56.8V  CCL=208.4A  DCL=208.4A  status=0x0161 (chg_en=1 dis_en=1 mode=1)
      87.542  0x311  [8]  02 38 08 24 08 24 01 61 
        0x311  CVL=56.8V  CCL=208.4A  DCL=208.4A  status=0x0161 (chg_en=1 dis_en=1 mode=1)
      87.553  0x311  [8]  02 38 08 24 08 24 01 61 
        0x311  CVL=56.8V  CCL=208.4A  DCL=208.4A  status=0x0161 (chg_en=1 dis_en=1 mode=1)
      87.564  0x311  [8]  02 38 08 24 08 24 01 61 
        0x311  CVL=56.8V  CCL=208.4A  DCL=208.4A  status=0x0161 (chg_en=1 dis_en=1 mode=1)
      87.585  0x311  [8]  02 38 08 24 08 24 01 61 
        0x311  CVL=56.8V  CCL=208.4A  DCL=208.4A  status=0x0161 (chg_en=1 dis_en=1 mode=1)
      87.597  0x311  [8]  02 38 08 24 08 24 01 61 
        0x311  CVL=56.8V  CCL=208.4A  DCL=208.4A  status=0x0161 (chg_en=1 dis_en=1 mode=1)
      87.608  0x311  [8]  02 38 08 24 08 24 01 61 
        0x311  CVL=56.8V  CCL=208.4A  DCL=208.4A  status=0x0161 (chg_en=1 dis_en=1 mode=1)
      87.619  0x311  [8]  02 38 08 24 08 24 01 61 
        0x311  CVL=56.8V  CCL=208.4A  DCL=208.4A  status=0x0161 (chg_en=1 dis_en=1 mode=1)
      87.630  0x311  [8]  02 38 08 24 08 24 01 61 
        0x311  CVL=56.8V  CCL=208.4A  DCL=208.4A  status=0x0161 (chg_en=1 dis_en=1 mode=1)
      87.641  0x311  [8]  02 38 08 24 08 24 01 61 
        0x311  CVL=56.8V  CCL=208.4A  DCL=208.4A  status=0x0161 (chg_en=1 dis_en=1 mode=1)
      87.652  0x311  [8]  02 38 08 24 08 24 01 61 
        0x311  CVL=56.8V  CCL=208.4A  DCL=208.4A  status=0x0161 (chg_en=1 dis_en=1 mode=1)
      87.663  0x311  [8]  02 38 08 24 08 24 01 61 
        0x311  CVL=56.8V  CCL=208.4A  DCL=208.4A  status=0x0161 (chg_en=1 dis_en=1 mode=1)
      87.684  0x311  [8]  02 38 08 24 08 24 01 61 
        0x311  CVL=56.8V  CCL=208.4A  DCL=208.4A  status=0x0161 (chg_en=1 dis_en=1 mode=1)
      87.696  0x311  [8]  02 38 08 24 08 24 01 61 
        0x311  CVL=56.8V  CCL=208.4A  DCL=208.4A  status=0x0161 (chg_en=1 dis_en=1 mode=1)
      87.707  0x311  [8]  02 38 08 24 08 24 01 61 
        0x311  CVL=56.8V  CCL=208.4A  DCL=208.4A  status=0x0161 (chg_en=1 dis_en=1 mode=1)
      87.718  0x311  [8]  02 38 08 24 08 24 01 61 
        0x311  CVL=56.8V  CCL=208.4A  DCL=208.4A  status=0x0161 (chg_en=1 dis_en=1 mode=1)
      87.729  0x311  [8]  02 38 08 24 08 24 01 61 
        0x311  CVL=56.8V  CCL=208.4A  DCL=208.4A  status=0x0161 (chg_en=1 dis_en=1 mode=1)
      87.740  0x311  [8]  02 38 08 24 08 24 01 61 
        0x311  CVL=56.8V  CCL=208.4A  DCL=208.4A  status=0x0161 (chg_en=1 dis_en=1 mode=1)
      87.751  0x311  [8]  02 38 08 24 08 24 01 61 
        0x311  CVL=56.8V  CCL=208.4A  DCL=208.4A  status=0x0161 (chg_en=1 dis_en=1 mode=1)
      87.772  0x311  [8]  02 38 08 24 08 24 01 61 
        0x311  CVL=56.8V  CCL=208.4A  DCL=208.4A  status=0x0161 (chg_en=1 dis_en=1 mode=1)
      87.783  0x311  [8]  02 38 08 24 08 24 01 61 
        0x311  CVL=56.8V  CCL=208.4A  DCL=208.4A  status=0x0161 (chg_en=1 dis_en=1 mode=1)
      87.795  0x311  [8]  02 38 08 24 08 24 01 61 
        0x311  CVL=56.8V  CCL=208.4A  DCL=208.4A  status=0x0161 (chg_en=1 dis_en=1 mode=1)
      87.806  0x311  [8]  02 38 08 24 08 24 01 61 
        0x311  CVL=56.8V  CCL=208.4A  DCL=208.4A  status=0x0161 (chg_en=1 dis_en=1 mode=1)
      87.817  0x311  [8]  02 38 08 24 08 24 01 61 
        0x311  CVL=56.8V  CCL=208.4A  DCL=208.4A  status=0x0161 (chg_en=1 dis_en=1 mode=1)
      87.828  0x311  [8]  02 38 08 24 08 24 01 61 
        0x311  CVL=56.8V  CCL=208.4A  DCL=208.4A  status=0x0161 (chg_en=1 dis_en=1 mode=1)
      87.839  0x311  [8]  02 38 08 24 08 24 01 61 
        0x311  CVL=56.8V  CCL=208.4A  DCL=208.4A  status=0x0161 (chg_en=1 dis_en=1 mode=1)
      87.860  0x311  [8]  02 38 08 24 08 24 01 61 
        0x311  CVL=56.8V  CCL=208.4A  DCL=208.4A  status=0x0161 (chg_en=1 dis_en=1 mode=1)
      87.871  0x330  [8]  01 02 02 08 0D 3A 0D 32 
      87.872  0x329  [8]  02 00 18 CB 02 00 3F 3B 
      87.872  0x323  [8]  20 0E 10 00 00 00 00 00 
      87.882  0x323  [8]  20 0E 10 00 00 00 00 00 
      87.883  0x323  [8]  20 0E 10 00 00 00 00 00 
      87.893  0x323  [8]  20 0E 10 00 00 00 00 00 
      87.893  0x323  [8]  20 0E 10 00 00 00 00 00 
      87.904  0x323  [8]  20 0E 10 00 00 00 00 00 
      87.904  0x323  [8]  20 0E 10 00 00 00 00 00 
      87.904  0x323  [8]  20 0E 10 00 00 00 00 00 
      87.915  0x324  [8]  02 42 42 37 00 00 00 00 
      87.915  0x324  [8]  02 42 42 37 00 00 00 00 
      87.925  0x324  [8]  02 42 42 37 00 00 00 00 
      87.925  0x324  [8]  02 42 42 37 00 00 00 00 
      87.936  0x324  [8]  02 42 42 37 00 00 00 00 
      87.936  0x324  [8]  02 42 42 37 00 00 00 00 
      87.936  0x324  [8]  02 42 42 37 00 00 00 00 
      87.947  0x324  [8]  02 42 42 37 00 00 00 00 
      87.947  0x312  [8]  00 00 00 00 02 00 00 00 
        0x312  prot=00 00  warn=00 00  packs=2  mfr=??  cells=0
      87.958  0x312  [8]  00 00 00 00 02 00 00 00 
        0x312  prot=00 00  warn=00 00  packs=2  mfr=??  cells=0
      87.968  0x312  [8]  00 00 00 00 02 00 00 00 
        0x312  prot=00 00  warn=00 00  packs=2  mfr=??  cells=0
      87.979  0x312  [8]  00 00 00 00 02 00 00 00 
        0x312  prot=00 00  warn=00 00  packs=2  mfr=??  cells=0
      87.990  0x312  [8]  00 00 00 00 02 00 00 00 
        0x312  prot=00 00  warn=00 00  packs=2  mfr=??  cells=0
      88.000  0x312  [8]  00 00 00 00 02 00 00 00 
        0x312  prot=00 00  warn=00 00  packs=2  mfr=??  cells=0
      88.011  0x312  [8]  00 00 00 00 02 00 00 00 
        0x312  prot=00 00  warn=00 00  packs=2  mfr=??  cells=0
      88.021  0x312  [8]  00 00 00 00 02 00 00 00 
        0x312  prot=00 00  warn=00 00  packs=2  mfr=??  cells=0
      88.032  0x313  [8]  15 22 00 00 00 EA 63 63 
        0x313  Vraw=5410  -> 54.10V if 0.01V  /  541.0V if 0.1V  |  I=+0.0A  T=23.4C  SOC=99%  SOH=99
      88.043  0x313  [8]  15 22 00 00 00 EA 63 63 
        0x313  Vraw=5410  -> 54.10V if 0.01V  /  541.0V if 0.1V  |  I=+0.0A  T=23.4C  SOC=99%  SOH=99
      88.054  0x313  [8]  15 22 00 00 00 EA 63 63 
        0x313  Vraw=5410  -> 54.10V if 0.01V  /  541.0V if 0.1V  |  I=+0.0A  T=23.4C  SOC=99%  SOH=99
      88.076  0x313  [8]  15 22 00 00 00 EA 63 63 
        0x313  Vraw=5410  -> 54.10V if 0.01V  /  541.0V if 0.1V  |  I=+0.0A  T=23.4C  SOC=99%  SOH=99
      88.087  0x313  [8]  15 22 00 00 00 EA 63 63 
        0x313  Vraw=5410  -> 54.10V if 0.01V  /  541.0V if 0.1V  |  I=+0.0A  T=23.4C  SOC=99%  SOH=99
      88.098  0x313  [8]  15 22 00 00 00 EA 63 63 
        0x313  Vraw=5410  -> 54.10V if 0.01V  /  541.0V if 0.1V  |  I=+0.0A  T=23.4C  SOC=99%  SOH=99
      88.109  0x313  [8]  15 22 00 00 00 EA 63 63 
        0x313  Vraw=5410  -> 54.10V if 0.01V  /  541.0V if 0.1V  |  I=+0.0A  T=23.4C  SOC=99%  SOH=99
      88.120  0x313  [8]  15 22 00 00 00 EA 63 63 
        0x313  Vraw=5410  -> 54.10V if 0.01V  /  541.0V if 0.1V  |  I=+0.0A  T=23.4C  SOC=99%  SOH=99
      88.142  0x314  [8]  5B 2C 5B 40 00 08 05 3D 
        0x314  RM=233.40Ah  FCC=233.60Ah  dV=8mV  cycles=1341
      88.153  0x314  [8]  5B 2C 5B 40 00 08 05 3D 
        0x314  RM=233.40Ah  FCC=233.60Ah  dV=8mV  cycles=1341
      88.154  0x314  [8]  5B 2C 5B 40 00 08 05 3D 
        0x314  RM=233.40Ah  FCC=233.60Ah  dV=8mV  cycles=1341
      88.165  0x314  [8]  5B 2C 5B 40 00 08 05 3D 
        0x314  RM=233.40Ah  FCC=233.60Ah  dV=8mV  cycles=1341
      88.176  0x314  [8]  5B 2C 5B 40 00 08 05 3D 
        0x314  RM=233.40Ah  FCC=233.60Ah  dV=8mV  cycles=1341
      88.187  0x314  [8]  5B 2C 5B 40 00 08 05 3D 
        0x314  RM=233.40Ah  FCC=233.60Ah  dV=8mV  cycles=1341
      88.198  0x314  [8]  5B 2C 5B 40 00 08 05 3D 
        0x314  RM=233.40Ah  FCC=233.60Ah  dV=8mV  cycles=1341
      88.209  0x315  [8]  0D 3A 0D 39 0D 38 0D 38 
      88.209  0x315  [8]  0D 3A 0D 39 0D 38 0D 38 
      88.220  0x315  [8]  0D 3A 0D 39 0D 38 0D 38 
      88.220  0x315  [8]  0D 3A 0D 39 0D 38 0D 38 
      88.231  0x315  [8]  0D 3A 0D 39 0D 38 0D 38 
      88.231  0x315  [8]  0D 3A 0D 39 0D 38 0D 38 
      88.231  0x315  [8]  0D 3A 0D 39 0D 38 0D 38 
      88.241  0x315  [8]  0D 3A 0D 39 0D 38 0D 38 
      88.242  0x315  [8]  0D 3A 0D 39 0D 38 0D 38 
      88.252  0x316  [8]  0D 36 0D 36 0D 35 0D 35 
      88.252  0x316  [8]  0D 36 0D 36 0D 35 0D 35 
      88.253  0x316  [8]  0D 36 0D 36 0D 35 0D 35 
      88.263  0x316  [8]  0D 36 0D 36 0D 35 0D 35 
      88.263  0x316  [8]  0D 36 0D 36 0D 35 0D 35 
      88.274  0x316  [8]  0D 36 0D 36 0D 35 0D 35 
      88.274  0x316  [8]  0D 36 0D 36 0D 35 0D 35 
      88.285  0x316  [8]  0D 36 0D 36 0D 35 0D 35 
      88.285  0x317  [8]  0D 3A 0D 39 0D 38 0D 38 
      88.285  0x317  [8]  0D 3A 0D 39 0D 38 0D 38 
      88.295  0x317  [8]  0D 3A 0D 39 0D 38 0D 38 
      88.296  0x317  [8]  0D 3A 0D 39 0D 38 0D 38 
      88.306  0x317  [8]  0D 3A 0D 39 0D 38 0D 38 
      88.306  0x317  [8]  0D 3A 0D 39 0D 38 0D 38 
      88.307  0x317  [8]  0D 3A 0D 39 0D 38 0D 38 
      88.317  0x317  [8]  0D 3A 0D 39 0D 38 0D 38 
      88.317  0x317  [8]  0D 3A 0D 39 0D 38 0D 38 
      88.328  0x317  [8]  0D 3A 0D 39 0D 38 0D 38 
      88.328  0x317  [8]  0D 3A 0D 39 0D 38 0D 38 
      88.338  0x318  [8]  0D 33 0D 33 0D 33 0D 32 
      88.339  0x318  [8]  0D 33 0D 33 0D 33 0D 32 
      88.339  0x318  [8]  0D 33 0D 33 0D 33 0D 32 
      88.349  0x318  [8]  0D 33 0D 33 0D 33 0D 32 
      88.350  0x318  [8]  0D 33 0D 33 0D 33 0D 32 
      88.360  0x318  [8]  0D 33 0D 33 0D 33 0D 32 
      88.360  0x318  [8]  0D 33 0D 33 0D 33 0D 32 
      88.371  0x318  [8]  0D 33 0D 33 0D 33 0D 32 
      88.371  0x318  [8]  0D 33 0D 33 0D 33 0D 32 
      88.371  0x318  [8]  0D 33 0D 33 0D 33 0D 32 
      88.382  0x318  [8]  0D 33 0D 33 0D 33 0D 32 
      88.382  0x318  [8]  0D 33 0D 33 0D 33 0D 32 
      88.392  0x318  [8]  0D 33 0D 33 0D 33 0D 32 
      88.393  0x318  [8]  0D 33 0D 33 0D 33 0D 32 
      88.393  0x318  [8]  0D 33 0D 33 0D 33 0D 32 
      88.403  0x318  [8]  0D 33 0D 33 0D 33 0D 32 
      88.403  0x318  [8]  0D 33 0D 33 0D 33 0D 32 
      88.414  0x319  [8]  C0 0D 3A 0D 32 02 18 00 
        0x319  chem=0  forceI=0 forceII=0  dis_en=0 chg_en=1  (byte0=0xC0)
      88.425  0x319  [8]  C0 0D 3A 0D 32 02 18 00 
        0x319  chem=0  forceI=0 forceII=0  dis_en=0 chg_en=1  (byte0=0xC0)
      88.435  0x319  [8]  C0 0D 3A 0D 32 02 18 00 
        0x319  chem=0  forceI=0 forceII=0  dis_en=0 chg_en=1  (byte0=0xC0)
      88.446  0x319  [8]  C0 0D 3A 0D 32 02 18 00 
        0x319  chem=0  forceI=0 forceII=0  dis_en=0 chg_en=1  (byte0=0xC0)
      88.456  0x319  [8]  C0 0D 3A 0D 32 02 18 00 
        0x319  chem=0  forceI=0 forceII=0  dis_en=0 chg_en=1  (byte0=0xC0)
      88.467  0x319  [8]  C0 0D 3A 0D 32 02 18 00 
        0x319  chem=0  forceI=0 forceII=0  dis_en=0 chg_en=1  (byte0=0xC0)
      88.478  0x319  [8]  C0 0D 3A 0D 32 02 18 00 
        0x319  chem=0  forceI=0 forceII=0  dis_en=0 chg_en=1  (byte0=0xC0)
      88.488  0x319  [8]  C0 0D 3A 0D 32 02 18 00 
        0x319  chem=0  forceI=0 forceII=0  dis_en=0 chg_en=1  (byte0=0xC0)
      88.499  0x320  [8]  50 41 C3 85 85 00 00 00 
        0x320  mfr=PA  hw=195  sw=133
      88.509  0x320  [8]  50 41 C3 85 85 00 00 00 
        0x320  mfr=PA  hw=195  sw=133
      88.520  0x320  [8]  50 41 C3 85 85 00 00 00 
        0x320  mfr=PA  hw=195  sw=133
      88.520  0x320  [8]  50 41 C3 85 85 00 00 00 
        0x320  mfr=PA  hw=195  sw=133
      88.531  0x320  [8]  50 41 C3 85 85 00 00 00 
        0x320  mfr=PA  hw=195  sw=133
      88.542  0x320  [8]  50 41 C3 85 85 00 00 00 
        0x320  mfr=PA  hw=195  sw=133
      88.552  0x320  [8]  50 41 C3 85 85 00 00 00 
        0x320  mfr=PA  hw=195  sw=133
      88.552  0x320  [8]  50 41 C3 85 85 00 00 00 
        0x320  mfr=PA  hw=195  sw=133
      88.563  0x320  [8]  50 41 C3 85 85 00 00 00 
        0x320  mfr=PA  hw=195  sw=133
      88.574  0x322  [8]  01 00 00 D4 03 01 63 63 
      88.574  0x322  [8]  01 00 00 D4 03 01 63 63 
      88.584  0x322  [8]  01 00 00 D4 03 01 63 63 
      88.585  0x322  [8]  01 00 00 D4 03 01 63 63 
      88.585  0x322  [8]  01 00 00 D4 03 01 63 63 
      88.595  0x322  [8]  01 00 00 D4 03 01 63 63 
      88.596  0x322  [8]  01 00 00 D4 03 01 63 63 
      88.606  0x322  [8]  01 00 00 D4 03 01 63 63 
      88.606  0x322  [8]  01 00 00 D4 03 01 63 63 
      88.607  0x322  [8]  01 00 00 D4 03 01 63 63 
      88.617  0x322  [8]  01 00 00 D4 03 01 63 63 
      88.617  0x322  [8]  01 00 00 D4 03 01 63 63 
      88.628  0x322  [8]  01 00 00 D4 03 01 63 63 
      88.628  0x322  [8]  01 00 00 D4 03 01 63 63 
      88.638  0x322  [8]  01 00 00 D4 03 01 63 63 
      88.639  0x322  [8]  01 00 00 D4 03 01 63 63 
      88.639  0x322  [8]  01 00 00 D4 03 01 63 63 
      88.649  0x322  [8]  01 00 00 D4 03 01 63 63 
      88.649  0x322  [8]  01 00 00 D4 03 01 63 63 
      88.660  0x311  [8]  02 38 08 24 08 24 01 61 
        0x311  CVL=56.8V  CCL=208.4A  DCL=208.4A  status=0x0161 (chg_en=1 dis_en=1 mode=1)
      88.671  0x311  [8]  02 38 08 24 08 24 01 61 
        0x311  CVL=56.8V  CCL=208.4A  DCL=208.4A  status=0x0161 (chg_en=1 dis_en=1 mode=1)
      88.682  0x311  [8]  02 38 08 24 08 24 01 61 
        0x311  CVL=56.8V  CCL=208.4A  DCL=208.4A  status=0x0161 (chg_en=1 dis_en=1 mode=1)
      88.693  0x311  [8]  02 38 08 24 08 24 01 61 
        0x311  CVL=56.8V  CCL=208.4A  DCL=208.4A  status=0x0161 (chg_en=1 dis_en=1 mode=1)
      88.704  0x311  [8]  02 38 08 24 08 24 01 61 
        0x311  CVL=56.8V  CCL=208.4A  DCL=208.4A  status=0x0161 (chg_en=1 dis_en=1 mode=1)
      88.715  0x311  [8]  02 38 08 24 08 24 01 61 
        0x311  CVL=56.8V  CCL=208.4A  DCL=208.4A  status=0x0161 (chg_en=1 dis_en=1 mode=1)
      88.737  0x311  [8]  02 38 08 24 08 24 01 61 
        0x311  CVL=56.8V  CCL=208.4A  DCL=208.4A  status=0x0161 (chg_en=1 dis_en=1 mode=1)
      88.748  0x311  [8]  02 38 08 24 08 24 01 61 
        0x311  CVL=56.8V  CCL=208.4A  DCL=208.4A  status=0x0161 (chg_en=1 dis_en=1 mode=1)
      88.759  0x311  [8]  02 38 08 24 08 24 01 61 
        0x311  CVL=56.8V  CCL=208.4A  DCL=208.4A  status=0x0161 (chg_en=1 dis_en=1 mode=1)
      88.770  0x311  [8]  02 38 08 24 08 24 01 61 
        0x311  CVL=56.8V  CCL=208.4A  DCL=208.4A  status=0x0161 (chg_en=1 dis_en=1 mode=1)
      88.781  0x311  [8]  02 38 08 24 08 24 01 61 
        0x311  CVL=56.8V  CCL=208.4A  DCL=208.4A  status=0x0161 (chg_en=1 dis_en=1 mode=1)
      88.792  0x311  [8]  02 38 08 24 08 24 01 61 
        0x311  CVL=56.8V  CCL=208.4A  DCL=208.4A  status=0x0161 (chg_en=1 dis_en=1 mode=1)
      88.803  0x311  [8]  02 38 08 24 08 24 01 61 
        0x311  CVL=56.8V  CCL=208.4A  DCL=208.4A  status=0x0161 (chg_en=1 dis_en=1 mode=1)
      88.815  0x311  [8]  02 38 08 24 08 24 01 61 
        0x311  CVL=56.8V  CCL=208.4A  DCL=208.4A  status=0x0161 (chg_en=1 dis_en=1 mode=1)
      88.836  0x311  [8]  02 38 08 24 08 24 01 61 
        0x311  CVL=56.8V  CCL=208.4A  DCL=208.4A  status=0x0161 (chg_en=1 dis_en=1 mode=1)
      88.847  0x311  [8]  02 38 08 24 08 24 01 61 
        0x311  CVL=56.8V  CCL=208.4A  DCL=208.4A  status=0x0161 (chg_en=1 dis_en=1 mode=1)
      88.858  0x311  [8]  02 38 08 24 08 24 01 61 
        0x311  CVL=56.8V  CCL=208.4A  DCL=208.4A  status=0x0161 (chg_en=1 dis_en=1 mode=1)
      88.869  0x311  [8]  02 38 08 24 08 24 01 61 
        0x311  CVL=56.8V  CCL=208.4A  DCL=208.4A  status=0x0161 (chg_en=1 dis_en=1 mode=1)
      88.880  0x311  [8]  02 38 08 24 08 24 01 61 
        0x311  CVL=56.8V  CCL=208.4A  DCL=208.4A  status=0x0161 (chg_en=1 dis_en=1 mode=1)
      88.891  0x311  [8]  02 38 08 24 08 24 01 61 
        0x311  CVL=56.8V  CCL=208.4A  DCL=208.4A  status=0x0161 (chg_en=1 dis_en=1 mode=1)
      88.903  0x311  [8]  02 38 08 24 08 24 01 61 
        0x311  CVL=56.8V  CCL=208.4A  DCL=208.4A  status=0x0161 (chg_en=1 dis_en=1 mode=1)
      88.924  0x311  [8]  02 38 08 24 08 24 01 61 
        0x311  CVL=56.8V  CCL=208.4A  DCL=208.4A  status=0x0161 (chg_en=1 dis_en=1 mode=1)
      88.935  0x311  [8]  02 38 08 24 08 24 01 61 
        0x311  CVL=56.8V  CCL=208.4A  DCL=208.4A  status=0x0161 (chg_en=1 dis_en=1 mode=1)
      88.946  0x323  [8]  20 0E 10 00 00 00 00 00 
      88.946  0x323  [8]  20 0E 10 00 00 00 00 00 
      88.957  0x323  [8]  20 0E 10 00 00 00 00 00 
      88.957  0x323  [8]  20 0E 10 00 00 00 00 00 
      88.957  0x323  [8]  20 0E 10 00 00 00 00 00 
      88.968  0x323  [8]  20 0E 10 00 00 00 00 00 
      88.968  0x323  [8]  20 0E 10 00 00 00 00 00 
      88.978  0x323  [8]  20 0E 10 00 00 00 00 00 
      88.979  0x323  [8]  20 0E 10 00 00 00 00 00 
      88.989  0x323  [8]  20 0E 10 00 00 00 00 00 
      88.989  0x323  [8]  20 0E 10 00 00 00 00 00 
      88.990  0x323  [8]  20 0E 10 00 00 00 00 00 
      89.000  0x324  [8]  00 01 47 50 4A 30 32 31 
      89.000  0x324  [8]  00 01 47 50 4A 30 32 31 
      89.011  0x324  [8]  00 01 47 50 4A 30 32 31 
      89.011  0x324  [8]  00 01 47 50 4A 30 32 31 
      89.021  0x324  [8]  00 01 47 50 4A 30 32 31 
      89.022  0x324  [8]  00 01 47 50 4A 30 32 31 
      89.022  0x324  [8]  00 01 47 50 4A 30 32 31 
      89.032  0x324  [8]  00 01 47 50 4A 30 32 31 
      89.033  0x324  [8]  00 01 47 50 4A 30 32 31 
      89.043  0x324  [8]  00 01 47 50 4A 30 32 31 
      89.043  0x324  [8]  00 01 47 50 4A 30 32 31 
      89.043  0x324  [8]  00 01 47 50 4A 30 32 31 
      89.054  0x329  [8]  01 00 21 38 01 00 3E 9F 
      89.054  0x329  [8]  01 00 21 38 01 00 3E 9F 
      89.065  0x329  [8]  01 00 21 38 01 00 3E 9F 
      89.065  0x329  [8]  01 00 21 38 01 00 3E 9F 
      89.075  0x329  [8]  01 00 21 38 01 00 3E 9F 
      89.076  0x329  [8]  01 00 21 38 01 00 3E 9F 
      89.076  0x329  [8]  01 00 21 38 01 00 3E 9F 
      89.086  0x329  [8]  01 00 21 38 01 00 3E 9F 
      89.086  0x329  [8]  01 00 21 38 01 00 3E 9F 
      89.097  0x329  [8]  01 00 21 38 01 00 3E 9F 
      89.097  0x329  [8]  01 00 21 38 01 00 3E 9F 
      89.097  0x329  [8]  01 00 21 38 01 00 3E 9F 
      89.108  0x329  [8]  01 00 21 38 01 00 3E 9F 
      89.108  0x329  [8]  01 00 21 38 01 00 3E 9F 
      89.119  0x329  [8]  01 00 21 38 01 00 3E 9F 
      89.119  0x329  [8]  01 00 21 38 01 00 3E 9F 
      89.129  0x329  [8]  01 00 21 38 01 00 3E 9F 
      89.129  0x329  [8]  01 00 21 38 01 00 3E 9F 
      89.130  0x329  [8]  01 00 21 38 01 00 3E 9F 
      89.140  0x329  [8]  01 00 21 38 01 00 3E 9F 
      89.140  0x330  [8]  02 01 02 07 0D 3B 0D 32 
      89.151  0x330  [8]  02 01 02 07 0D 3B 0D 32 
      89.151  0x330  [8]  02 01 02 07 0D 3B 0D 32 
      89.151  0x330  [8]  02 01 02 07 0D 3B 0D 32 
      89.162  0x330  [8]  02 01 02 07 0D 3B 0D 32 
      89.162  0x330  [8]  02 01 02 07 0D 3B 0D 32 
      89.172  0x330  [8]  02 01 02 07 0D 3B 0D 32 
      89.173  0x330  [8]  02 01 02 07 0D 3B 0D 32 
      89.183  0x312  [8]  00 00 00 00 02 00 00 00 
        0x312  prot=00 00  warn=00 00  packs=2  mfr=??  cells=0
      89.194  0x312  [8]  00 00 00 00 02 00 00 00 
        0x312  prot=00 00  warn=00 00  packs=2  mfr=??  cells=0
      89.194  0x312  [8]  00 00 00 00 02 00 00 00 
        0x312  prot=00 00  warn=00 00  packs=2  mfr=??  cells=0
      89.205  0x312  [8]  00 00 00 00 02 00 00 00 
        0x312  prot=00 00  warn=00 00  packs=2  mfr=??  cells=0
      89.215  0x312  [8]  00 00 00 00 02 00 00 00 
        0x312  prot=00 00  warn=00 00  packs=2  mfr=??  cells=0
      89.226  0x312  [8]  00 00 00 00 02 00 00 00 
        0x312  prot=00 00  warn=00 00  packs=2  mfr=??  cells=0
      89.236  0x312  [8]  00 00 00 00 02 00 00 00 
        0x312  prot=00 00  warn=00 00  packs=2  mfr=??  cells=0
      89.247  0x312  [8]  00 00 00 00 02 00 00 00 
        0x312  prot=00 00  warn=00 00  packs=2  mfr=??  cells=0
      89.258  0x313  [8]  15 22 00 00 00 EA 63 63 
        0x313  Vraw=5410  -> 54.10V if 0.01V  /  541.0V if 0.1V  |  I=+0.0A  T=23.4C  SOC=99%  SOH=99
      89.269  0x313  [8]  15 22 00 00 00 EA 63 63 
        0x313  Vraw=5410  -> 54.10V if 0.01V  /  541.0V if 0.1V  |  I=+0.0A  T=23.4C  SOC=99%  SOH=99
      89.290  0x313  [8]  15 22 00 00 00 EA 63 63 
        0x313  Vraw=5410  -> 54.10V if 0.01V  /  541.0V if 0.1V  |  I=+0.0A  T=23.4C  SOC=99%  SOH=99
      89.301  0x313  [8]  15 22 00 00 00 EA 63 63 
        0x313  Vraw=5410  -> 54.10V if 0.01V  /  541.0V if 0.1V  |  I=+0.0A  T=23.4C  SOC=99%  SOH=99
      89.312  0x313  [8]  15 22 00 00 00 EA 63 63 
        0x313  Vraw=5410  -> 54.10V if 0.01V  /  541.0V if 0.1V  |  I=+0.0A  T=23.4C  SOC=99%  SOH=99
      89.324  0x313  [8]  15 22 00 00 00 EA 63 63 
        0x313  Vraw=5410  -> 54.10V if 0.01V  /  541.0V if 0.1V  |  I=+0.0A  T=23.4C  SOC=99%  SOH=99
      89.345  0x313  [8]  15 22 00 00 00 EA 63 63 
        0x313  Vraw=5410  -> 54.10V if 0.01V  /  541.0V if 0.1V  |  I=+0.0A  T=23.4C  SOC=99%  SOH=99
      89.356  0x313  [8]  15 22 00 00 00 EA 63 63 
        0x313  Vraw=5410  -> 54.10V if 0.01V  /  541.0V if 0.1V  |  I=+0.0A  T=23.4C  SOC=99%  SOH=99
      89.367  0x313  [8]  15 22 00 00 00 EA 63 63 
        0x313  Vraw=5410  -> 54.10V if 0.01V  /  541.0V if 0.1V  |  I=+0.0A  T=23.4C  SOC=99%  SOH=99
      89.379  0x313  [8]  15 22 00 00 00 EA 63 63 
        0x313  Vraw=5410  -> 54.10V if 0.01V  /  541.0V if 0.1V  |  I=+0.0A  T=23.4C  SOC=99%  SOH=99
      89.390  0x313  [8]  15 22 00 00 00 EA 63 63 
        0x313  Vraw=5410  -> 54.10V if 0.01V  /  541.0V if 0.1V  |  I=+0.0A  T=23.4C  SOC=99%  SOH=99
      89.411  0x313  [8]  15 22 00 00 00 EA 63 63 
        0x313  Vraw=5410  -> 54.10V if 0.01V  /  541.0V if 0.1V  |  I=+0.0A  T=23.4C  SOC=99%  SOH=99
      89.422  0x313  [8]  15 22 00 00 00 EA 63 63 
        0x313  Vraw=5410  -> 54.10V if 0.01V  /  541.0V if 0.1V  |  I=+0.0A  T=23.4C  SOC=99%  SOH=99
      89.433  0x314  [8]  5B 2C 5B 40 00 09 05 3D 
        0x314  RM=233.40Ah  FCC=233.60Ah  dV=9mV  cycles=1341
      89.444  0x314  [8]  5B 2C 5B 40 00 09 05 3D 
        0x314  RM=233.40Ah  FCC=233.60Ah  dV=9mV  cycles=1341
      89.455  0x314  [8]  5B 2C 5B 40 00 09 05 3D 
        0x314  RM=233.40Ah  FCC=233.60Ah  dV=9mV  cycles=1341
      89.467  0x314  [8]  5B 2C 5B 40 00 09 05 3D 
        0x314  RM=233.40Ah  FCC=233.60Ah  dV=9mV  cycles=1341
      89.478  0x314  [8]  5B 2C 5B 40 00 09 05 3D 
        0x314  RM=233.40Ah  FCC=233.60Ah  dV=9mV  cycles=1341
      89.489  0x314  [8]  5B 2C 5B 40 00 09 05 3D 
        0x314  RM=233.40Ah  FCC=233.60Ah  dV=9mV  cycles=1341
      89.500  0x314  [8]  5B 2C 5B 40 00 09 05 3D 
        0x314  RM=233.40Ah  FCC=233.60Ah  dV=9mV  cycles=1341
      89.501  0x314  [8]  5B 2C 5B 40 00 09 05 3D 
        0x314  RM=233.40Ah  FCC=233.60Ah  dV=9mV  cycles=1341
      89.512  0x314  [8]  5B 2C 5B 40 00 09 05 3D 
        0x314  RM=233.40Ah  FCC=233.60Ah  dV=9mV  cycles=1341
      89.523  0x314  [8]  5B 2C 5B 40 00 09 05 3D 
        0x314  RM=233.40Ah  FCC=233.60Ah  dV=9mV  cycles=1341
      89.534  0x314  [8]  5B 2C 5B 40 00 09 05 3D 
        0x314  RM=233.40Ah  FCC=233.60Ah  dV=9mV  cycles=1341
      89.545  0x314  [8]  5B 2C 5B 40 00 09 05 3D 
        0x314  RM=233.40Ah  FCC=233.60Ah  dV=9mV  cycles=1341
      89.556  0x314  [8]  5B 2C 5B 40 00 09 05 3D 
        0x314  RM=233.40Ah  FCC=233.60Ah  dV=9mV  cycles=1341
      89.567  0x314  [8]  5B 2C 5B 40 00 09 05 3D 
        0x314  RM=233.40Ah  FCC=233.60Ah  dV=9mV  cycles=1341
      89.578  0x314  [8]  5B 2C 5B 40 00 09 05 3D 
        0x314  RM=233.40Ah  FCC=233.60Ah  dV=9mV  cycles=1341
      89.590  0x314  [8]  5B 2C 5B 40 00 09 05 3D 
        0x314  RM=233.40Ah  FCC=233.60Ah  dV=9mV  cycles=1341
      89.590  0x314  [8]  5B 2C 5B 40 00 09 05 3D 
        0x314  RM=233.40Ah  FCC=233.60Ah  dV=9mV  cycles=1341
      89.602  0x314  [8]  5B 2C 5B 40 00 09 05 3D 
        0x314  RM=233.40Ah  FCC=233.60Ah  dV=9mV  cycles=1341
      89.613  0x314  [8]  5B 2C 5B 40 00 09 05 3D 
        0x314  RM=233.40Ah  FCC=233.60Ah  dV=9mV  cycles=1341
      89.624  0x314  [8]  5B 2C 5B 40 00 09 05 3D 
        0x314  RM=233.40Ah  FCC=233.60Ah  dV=9mV  cycles=1341
      89.635  0x314  [8]  5B 2C 5B 40 00 09 05 3D 
        0x314  RM=233.40Ah  FCC=233.60Ah  dV=9mV  cycles=1341
      89.646  0x314  [8]  5B 2C 5B 40 00 09 05 3D 
        0x314  RM=233.40Ah  FCC=233.60Ah  dV=9mV  cycles=1341
      89.657  0x315  [8]  0D 3A 0D 39 0D 38 0D 38 
      89.657  0x315  [8]  0D 3A 0D 39 0D 38 0D 38 
      89.668  0x315  [8]  0D 3A 0D 39 0D 38 0D 38 
      89.668  0x315  [8]  0D 3A 0D 39 0D 38 0D 38 
      89.668  0x315  [8]  0D 3A 0D 39 0D 38 0D 38 
      89.679  0x315  [8]  0D 3A 0D 39 0D 38 0D 38 
      89.679  0x315  [8]  0D 3A 0D 39 0D 38 0D 38 
      89.689  0x315  [8]  0D 3A 0D 39 0D 38 0D 38 
      89.690  0x315  [8]  0D 3A 0D 39 0D 38 0D 38 
      89.700  0x315  [8]  0D 3A 0D 39 0D 38 0D 38 
      89.700  0x315  [8]  0D 3A 0D 39 0D 38 0D 38 
      89.700  0x315  [8]  0D 3A 0D 39 0D 38 0D 38 
      89.711  0x315  [8]  0D 3A 0D 39 0D 38 0D 38 
      89.711  0x315  [8]  0D 3A 0D 39 0D 38 0D 38 
      89.722  0x315  [8]  0D 3A 0D 39 0D 38 0D 38 
      89.722  0x315  [8]  0D 3A 0D 39 0D 38 0D 38 
      89.722  0x315  [8]  0D 3A 0D 39 0D 38 0D 38 
      89.733  0x315  [8]  0D 3A 0D 39 0D 38 0D 38 
      89.733  0x315  [8]  0D 3A 0D 39 0D 38 0D 38 
      89.743  0x315  [8]  0D 3A 0D 39 0D 38 0D 38 
      89.743  0x315  [8]  0D 3A 0D 39 0D 38 0D 38 
      89.754  0x315  [8]  0D 3A 0D 39 0D 38 0D 38 
      89.754  0x316  [8]  0D 36 0D 36 0D 36 0D 35 
      89.754  0x316  [8]  0D 36 0D 36 0D 36 0D 35 
      89.765  0x316  [8]  0D 36 0D 36 0D 36 0D 35 
      89.765  0x316  [8]  0D 36 0D 36 0D 36 0D 35 
      89.776  0x316  [8]  0D 36 0D 36 0D 36 0D 35 
      89.776  0x316  [8]  0D 36 0D 36 0D 36 0D 35 
      89.776  0x316  [8]  0D 36 0D 36 0D 36 0D 35 
      89.787  0x316  [8]  0D 36 0D 36 0D 36 0D 35 
      89.787  0x316  [8]  0D 36 0D 36 0D 36 0D 35 
      89.797  0x317  [8]  0D 3B 0D 39 0D 39 0D 39 
      89.797  0x317  [8]  0D 3B 0D 39 0D 39 0D 39 
      89.808  0x317  [8]  0D 3B 0D 39 0D 39 0D 39 
      89.808  0x317  [8]  0D 3B 0D 39 0D 39 0D 39 
      89.808  0x317  [8]  0D 3B 0D 39 0D 39 0D 39 
      89.819  0x317  [8]  0D 3B 0D 39 0D 39 0D 39 
      89.819  0x317  [8]  0D 3B 0D 39 0D 39 0D 39 
      89.829  0x317  [8]  0D 3B 0D 39 0D 39 0D 39 
      89.830  0x318  [8]  0D 33 0D 33 0D 32 0D 32 
      89.840  0x318  [8]  0D 33 0D 33 0D 32 0D 32 
      89.840  0x318  [8]  0D 33 0D 33 0D 32 0D 32 
      89.841  0x318  [8]  0D 33 0D 33 0D 32 0D 32 
      89.851  0x318  [8]  0D 33 0D 33 0D 32 0D 32 
      89.851  0x318  [8]  0D 33 0D 33 0D 32 0D 32 
      89.862  0x318  [8]  0D 33 0D 33 0D 32 0D 32 
      89.862  0x318  [8]  0D 33 0D 33 0D 32 0D 32 
      89.862  0x319  [8]  C0 0D 3B 0D 32 11 17 00 
        0x319  chem=0  forceI=0 forceII=0  dis_en=0 chg_en=1  (byte0=0xC0)
      89.873  0x319  [8]  C0 0D 3B 0D 32 11 17 00 
        0x319  chem=0  forceI=0 forceII=0  dis_en=0 chg_en=1  (byte0=0xC0)
      89.894  0x319  [8]  C0 0D 3B 0D 32 11 17 00 
        0x319  chem=0  forceI=0 forceII=0  dis_en=0 chg_en=1  (byte0=0xC0)
      89.904  0x319  [8]  C0 0D 3B 0D 32 11 17 00 
        0x319  chem=0  forceI=0 forceII=0  dis_en=0 chg_en=1  (byte0=0xC0)
      89.915  0x319  [8]  C0 0D 3B 0D 32 11 17 00 
        0x319  chem=0  forceI=0 forceII=0  dis_en=0 chg_en=1  (byte0=0xC0)
      89.926  0x319  [8]  C0 0D 3B 0D 32 11 17 00 
        0x319  chem=0  forceI=0 forceII=0  dis_en=0 chg_en=1  (byte0=0xC0)
      89.936  0x319  [8]  C0 0D 3B 0D 32 11 17 00 
        0x319  chem=0  forceI=0 forceII=0  dis_en=0 chg_en=1  (byte0=0xC0)
      89.947  0x319  [8]  C0 0D 3B 0D 32 11 17 00 
        0x319  chem=0  forceI=0 forceII=0  dis_en=0 chg_en=1  (byte0=0xC0)
      89.958  0x319  [8]  C0 0D 3B 0D 32 11 17 00 
        0x319  chem=0  forceI=0 forceII=0  dis_en=0 chg_en=1  (byte0=0xC0)
      89.968  0x319  [8]  C0 0D 3B 0D 32 11 17 00 
        0x319  chem=0  forceI=0 forceII=0  dis_en=0 chg_en=1  (byte0=0xC0)
      89.979  0x320  [8]  50 41 C3 85 85 00 00 00 
        0x320  mfr=PA  hw=195  sw=133
      89.990  0x320  [8]  50 41 C3 85 85 00 00 00 
        0x320  mfr=PA  hw=195  sw=133
      89.990  0x320  [8]  50 41 C3 85 85 00 00 00 
        0x320  mfr=PA  hw=195  sw=133
      90.001  0x320  [8]  50 41 C3 85 85 00 00 00 
        0x320  mfr=PA  hw=195  sw=133
      90.011  0x320  [8]  50 41 C3 85 85 00 00 00 
        0x320  mfr=PA  hw=195  sw=133
      90.022  0x320  [8]  50 41 C3 85 85 00 00 00 
        0x320  mfr=PA  hw=195  sw=133
      90.022  0x320  [8]  50 41 C3 85 85 00 00 00 
        0x320  mfr=PA  hw=195  sw=133
      90.033  0x320  [8]  50 41 C3 85 85 00 00 00 
        0x320  mfr=PA  hw=195  sw=133
      90.043  0x320  [8]  50 41 C3 85 85 00 00 00 
        0x320  mfr=PA  hw=195  sw=133
      90.054  0x320  [8]  50 41 C3 85 85 00 00 00 
        0x320  mfr=PA  hw=195  sw=133
      90.054  0x320  [8]  50 41 C3 85 85 00 00 00 
        0x320  mfr=PA  hw=195  sw=133
      90.065  0x320  [8]  50 41 C3 85 85 00 00 00 
        0x320  mfr=PA  hw=195  sw=133
      90.076  0x320  [8]  50 41 C3 85 85 00 00 00 
        0x320  mfr=PA  hw=195  sw=133
      90.076  0x320  [8]  50 41 C3 85 85 00 00 00 
        0x320  mfr=PA  hw=195  sw=133
      90.087  0x322  [8]  01 00 00 D4 03 01 63 63 
      90.097  0x322  [8]  01 00 00 D4 03 01 63 63 
      90.097  0x322  [8]  01 00 00 D4 03 01 63 63 
      90.098  0x322  [8]  01 00 00 D4 03 01 63 63 
      90.108  0x322  [8]  01 00 00 D4 03 01 63 63 
      90.108  0x322  [8]  01 00 00 D4 03 01 63 63 
      90.119  0x322  [8]  01 00 00 D4 03 01 63 63 
      90.119  0x322  [8]  01 00 00 D4 03 01 63 63 
      90.129  0x322  [8]  01 00 00 D4 03 01 63 63 
      90.130  0x322  [8]  01 00 00 D4 03 01 63 63 
      90.130  0x322  [8]  01 00 00 D4 03 01 63 63 
      90.140  0x322  [8]  01 00 00 D4 03 01 63 63 
      90.141  0x322  [8]  01 00 00 D4 03 01 63 63 
      90.151  0x322  [8]  01 00 00 D4 03 01 63 63 
      90.151  0x322  [8]  01 00 00 D4 03 01 63 63 
      90.151  0x322  [8]  01 00 00 D4 03 01 63 63 
      90.162  0x322  [8]  01 00 00 D4 03 01 63 63 
      90.162  0x322  [8]  01 00 00 D4 03 01 63 63 
      90.173  0x322  [8]  01 00 00 D4 03 01 63 63 
      90.173  0x322  [8]  01 00 00 D4 03 01 63 63 
      90.183  0x322  [8]  01 00 00 D4 03 01 63 63 
      90.184  0x322  [8]  01 00 00 D4 03 01 63 63 
      90.184  0x311  [8]  02 38 08 24 08 24 01 61 
        0x311  CVL=56.8V  CCL=208.4A  DCL=208.4A  status=0x0161 (chg_en=1 dis_en=1 mode=1)
      90.205  0x311  [8]  02 38 08 24 08 24 01 61 
        0x311  CVL=56.8V  CCL=208.4A  DCL=208.4A  status=0x0161 (chg_en=1 dis_en=1 mode=1)
      90.216  0x311  [8]  02 38 08 24 08 24 01 61 
        0x311  CVL=56.8V  CCL=208.4A  DCL=208.4A  status=0x0161 (chg_en=1 dis_en=1 mode=1)
      90.227  0x311  [8]  02 38 08 24 08 24 01 61 
        0x311  CVL=56.8V  CCL=208.4A  DCL=208.4A  status=0x0161 (chg_en=1 dis_en=1 mode=1)
      90.238  0x311  [8]  02 38 08 24 08 24 01 61 
        0x311  CVL=56.8V  CCL=208.4A  DCL=208.4A  status=0x0161 (chg_en=1 dis_en=1 mode=1)
      90.250  0x311  [8]  02 38 08 24 08 24 01 61 
        0x311  CVL=56.8V  CCL=208.4A  DCL=208.4A  status=0x0161 (chg_en=1 dis_en=1 mode=1)
      90.261  0x311  [8]  02 38 08 24 08 24 01 61 
        0x311  CVL=56.8V  CCL=208.4A  DCL=208.4A  status=0x0161 (chg_en=1 dis_en=1 mode=1)
      90.272  0x311  [8]  02 38 08 24 08 24 01 61 
        0x311  CVL=56.8V  CCL=208.4A  DCL=208.4A  status=0x0161 (chg_en=1 dis_en=1 mode=1)
      90.283  0x311  [8]  02 38 08 24 08 24 01 61 
        0x311  CVL=56.8V  CCL=208.4A  DCL=208.4A  status=0x0161 (chg_en=1 dis_en=1 mode=1)
      90.304  0x311  [8]  02 38 08 24 08 24 01 61 
        0x311  CVL=56.8V  CCL=208.4A  DCL=208.4A  status=0x0161 (chg_en=1 dis_en=1 mode=1)
      90.315  0x311  [8]  02 38 08 24 08 24 01 61 
        0x311  CVL=56.8V  CCL=208.4A  DCL=208.4A  status=0x0161 (chg_en=1 dis_en=1 mode=1)
      90.326  0x311  [8]  02 38 08 24 08 24 01 61 
        0x311  CVL=56.8V  CCL=208.4A  DCL=208.4A  status=0x0161 (chg_en=1 dis_en=1 mode=1)
      90.337  0x311  [8]  02 38 08 24 08 24 01 61 
        0x311  CVL=56.8V  CCL=208.4A  DCL=208.4A  status=0x0161 (chg_en=1 dis_en=1 mode=1)
      90.349  0x311  [8]  02 38 08 24 08 24 01 61 
        0x311  CVL=56.8V  CCL=208.4A  DCL=208.4A  status=0x0161 (chg_en=1 dis_en=1 mode=1)
      90.360  0x311  [8]  02 38 08 24 08 24 01 61 
        0x311  CVL=56.8V  CCL=208.4A  DCL=208.4A  status=0x0161 (chg_en=1 dis_en=1 mode=1)
      90.371  0x311  [8]  02 38 08 24 08 24 01 61 
        0x311  CVL=56.8V  CCL=208.4A  DCL=208.4A  status=0x0161 (chg_en=1 dis_en=1 mode=1)
      90.392  0x311  [8]  02 38 08 24 08 24 01 61 
        0x311  CVL=56.8V  CCL=208.4A  DCL=208.4A  status=0x0161 (chg_en=1 dis_en=1 mode=1)
      90.403  0x311  [8]  02 38 08 24 08 24 01 61 
        0x311  CVL=56.8V  CCL=208.4A  DCL=208.4A  status=0x0161 (chg_en=1 dis_en=1 mode=1)
      90.414  0x311  [8]  02 38 08 24 08 24 01 61 
        0x311  CVL=56.8V  CCL=208.4A  DCL=208.4A  status=0x0161 (chg_en=1 dis_en=1 mode=1)
      90.425  0x311  [8]  02 38 08 24 08 24 01 61 
        0x311  CVL=56.8V  CCL=208.4A  DCL=208.4A  status=0x0161 (chg_en=1 dis_en=1 mode=1)
      90.437  0x323  [8]  20 0E 10 00 00 00 00 00 
      90.447  0x323  [8]  20 0E 10 00 00 00 00 00 
      90.447  0x323  [8]  20 0E 10 00 00 00 00 00 
      90.447  0x323  [8]  20 0E 10 00 00 00 00 00 
      90.458  0x323  [8]  20 0E 10 00 00 00 00 00 
      90.458  0x323  [8]  20 0E 10 00 00 00 00 00 
      90.469  0x323  [8]  20 0E 10 00 00 00 00 00 
      90.469  0x323  [8]  20 0E 10 00 00 00 00 00 
      90.469  0x323  [8]  20 0E 10 00 00 00 00 00 
      90.480  0x324  [8]  01 39 35 32 32 30 36 32 
      90.480  0x324  [8]  01 39 35 32 32 30 36 32 
      90.490  0x324  [8]  01 39 35 32 32 30 36 32 
      90.491  0x324  [8]  01 39 35 32 32 30 36 32 
      90.501  0x324  [8]  01 39 35 32 32 30 36 32 
      90.501  0x324  [8]  01 39 35 32 32 30 36 32 
      90.501  0x324  [8]  01 39 35 32 32 30 36 32 
      90.512  0x324  [8]  01 39 35 32 32 30 36 32 
      90.512  0x324  [8]  01 39 35 32 32 30 36 32 
      90.523  0x324  [8]  01 39 35 32 32 30 36 32 
      90.523  0x324  [8]  01 39 35 32 32 30 36 32 
      90.523  0x324  [8]  01 39 35 32 32 30 36 32 
      90.534  0x324  [8]  01 39 35 32 32 30 36 32 
      90.534  0x329  [8]  02 00 18 CB 02 00 3F 3B 
      90.544  0x329  [8]  02 00 18 CB 02 00 3F 3B 
      90.544  0x329  [8]  02 00 18 CB 02 00 3F 3B 
      90.555  0x329  [8]  02 00 18 CB 02 00 3F 3B 
      90.555  0x329  [8]  02 00 18 CB 02 00 3F 3B 
      90.555  0x329  [8]  02 00 18 CB 02 00 3F 3B 
      90.566  0x329  [8]  02 00 18 CB 02 00 3F 3B 
      90.566  0x329  [8]  02 00 18 CB 02 00 3F 3B 
      90.577  0x329  [8]  02 00 18 CB 02 00 3F 3B 
      90.577  0x329  [8]  02 00 18 CB 02 00 3F 3B 
      90.587  0x329  [8]  02 00 18 CB 02 00 3F 3B 
      90.587  0x329  [8]  02 00 18 CB 02 00 3F 3B 
      90.588  0x329  [8]  02 00 18 CB 02 00 3F 3B 
      90.598  0x329  [8]  02 00 18 CB 02 00 3F 3B 
      90.598  0x329  [8]  02 00 18 CB 02 00 3F 3B 
      90.609  0x329  [8]  02 00 18 CB 02 00 3F 3B 
      90.609  0x329  [8]  02 00 18 CB 02 00 3F 3B 
      90.609  0x329  [8]  02 00 18 CB 02 00 3F 3B 
      90.620  0x329  [8]  02 00 18 CB 02 00 3F 3B 
      90.620  0x329  [8]  02 00 18 CB 02 00 3F 3B 
      90.631  0x329  [8]  02 00 18 CB 02 00 3F 3B 
      90.631  0x329  [8]  02 00 18 CB 02 00 3F 3B 
      90.641  0x329  [8]  02 00 18 CB 02 00 3F 3B 
      90.641  0x330  [8]  02 01 02 07 0D 3B 0D 32 
      90.642  0x330  [8]  02 01 02 07 0D 3B 0D 32 
      90.652  0x330  [8]  02 01 02 07 0D 3B 0D 32 
      90.652  0x330  [8]  02 01 02 07 0D 3B 0D 32 
      90.663  0x330  [8]  02 01 02 07 0D 3B 0D 32 
      90.663  0x330  [8]  02 01 02 07 0D 3B 0D 32 
      90.663  0x330  [8]  02 01 02 07 0D 3B 0D 32 
      90.674  0x330  [8]  02 01 02 07 0D 3B 0D 32 
      90.674  0x312  [8]  00 00 00 00 02 00 00 00 
        0x312  prot=00 00  warn=00 00  packs=2  mfr=??  cells=0
      90.685  0x312  [8]  00 00 00 00 02 00 00 00 
        0x312  prot=00 00  warn=00 00  packs=2  mfr=??  cells=0
      90.695  0x312  [8]  00 00 00 00 02 00 00 00 
        0x312  prot=00 00  warn=00 00  packs=2  mfr=??  cells=0
      90.706  0x312  [8]  00 00 00 00 02 00 00 00 
        0x312  prot=00 00  warn=00 00  packs=2  mfr=??  cells=0
      90.716  0x312  [8]  00 00 00 00 02 00 00 00 
        0x312  prot=00 00  warn=00 00  packs=2  mfr=??  cells=0
      90.727  0x312  [8]  00 00 00 00 02 00 00 00 
        0x312  prot=00 00  warn=00 00  packs=2  mfr=??  cells=0
      90.738  0x312  [8]  00 00 00 00 02 00 00 00 
        0x312  prot=00 00  warn=00 00  packs=2  mfr=??  cells=0
      90.748  0x313  [8]  15 22 00 00 00 EA 63 63 
        0x313  Vraw=5410  -> 54.10V if 0.01V  /  541.0V if 0.1V  |  I=+0.0A  T=23.4C  SOC=99%  SOH=99
      90.759  0x313  [8]  15 22 00 00 00 EA 63 63 
        0x313  Vraw=5410  -> 54.10V if 0.01V  /  541.0V if 0.1V  |  I=+0.0A  T=23.4C  SOC=99%  SOH=99
      90.770  0x313  [8]  15 22 00 00 00 EA 63 63 
        0x313  Vraw=5410  -> 54.10V if 0.01V  /  541.0V if 0.1V  |  I=+0.0A  T=23.4C  SOC=99%  SOH=99
      90.792  0x313  [8]  15 22 00 00 00 EA 63 63 
        0x313  Vraw=5410  -> 54.10V if 0.01V  /  541.0V if 0.1V  |  I=+0.0A  T=23.4C  SOC=99%  SOH=99
      90.803  0x313  [8]  15 22 00 00 00 EA 63 63 
        0x313  Vraw=5410  -> 54.10V if 0.01V  /  541.0V if 0.1V  |  I=+0.0A  T=23.4C  SOC=99%  SOH=99
      90.814  0x313  [8]  15 22 00 00 00 EA 63 63 
        0x313  Vraw=5410  -> 54.10V if 0.01V  /  541.0V if 0.1V  |  I=+0.0A  T=23.4C  SOC=99%  SOH=99
      90.825  0x313  [8]  15 22 00 00 00 EA 63 63 
        0x313  Vraw=5410  -> 54.10V if 0.01V  /  541.0V if 0.1V  |  I=+0.0A  T=23.4C  SOC=99%  SOH=99
      90.847  0x313  [8]  15 22 00 00 00 EA 63 63 
        0x313  Vraw=5410  -> 54.10V if 0.01V  /  541.0V if 0.1V  |  I=+0.0A  T=23.4C  SOC=99%  SOH=99
      90.858  0x313  [8]  15 22 00 00 00 EA 63 63 
        0x313  Vraw=5410  -> 54.10V if 0.01V  /  541.0V if 0.1V  |  I=+0.0A  T=23.4C  SOC=99%  SOH=99
      90.869  0x313  [8]  15 22 00 00 00 EA 63 63 
        0x313  Vraw=5410  -> 54.10V if 0.01V  /  541.0V if 0.1V  |  I=+0.0A  T=23.4C  SOC=99%  SOH=99
      90.880  0x313  [8]  15 22 00 00 00 EA 63 63 
        0x313  Vraw=5410  -> 54.10V if 0.01V  /  541.0V if 0.1V  |  I=+0.0A  T=23.4C  SOC=99%  SOH=99
      90.892  0x313  [8]  15 22 00 00 00 EA 63 63 
        0x313  Vraw=5410  -> 54.10V if 0.01V  /  541.0V if 0.1V  |  I=+0.0A  T=23.4C  SOC=99%  SOH=99
      90.913  0x313  [8]  15 22 00 00 00 EA 63 63 
        0x313  Vraw=5410  -> 54.10V if 0.01V  /  541.0V if 0.1V  |  I=+0.0A  T=23.4C  SOC=99%  SOH=99
      90.924  0x313  [8]  15 22 00 00 00 EA 63 63 
        0x313  Vraw=5410  -> 54.10V if 0.01V  /  541.0V if 0.1V  |  I=+0.0A  T=23.4C  SOC=99%  SOH=99
      90.935  0x313  [8]  15 22 00 00 00 EA 63 63 
        0x313  Vraw=5410  -> 54.10V if 0.01V  /  541.0V if 0.1V  |  I=+0.0A  T=23.4C  SOC=99%  SOH=99
      90.946  0x314  [8]  5B 2C 5B 40 00 09 05 3D 
        0x314  RM=233.40Ah  FCC=233.60Ah  dV=9mV  cycles=1341
      90.957  0x314  [8]  5B 2C 5B 40 00 09 05 3D 
        0x314  RM=233.40Ah  FCC=233.60Ah  dV=9mV  cycles=1341
      90.968  0x314  [8]  5B 2C 5B 40 00 09 05 3D 
        0x314  RM=233.40Ah  FCC=233.60Ah  dV=9mV  cycles=1341
      90.979  0x314  [8]  5B 2C 5B 40 00 09 05 3D 
        0x314  RM=233.40Ah  FCC=233.60Ah  dV=9mV  cycles=1341
      90.990  0x314  [8]  5B 2C 5B 40 00 09 05 3D 
        0x314  RM=233.40Ah  FCC=233.60Ah  dV=9mV  cycles=1341
      91.002  0x314  [8]  5B 2C 5B 40 00 09 05 3D 
        0x314  RM=233.40Ah  FCC=233.60Ah  dV=9mV  cycles=1341
      91.013  0x314  [8]  5B 2C 5B 40 00 09 05 3D 
        0x314  RM=233.40Ah  FCC=233.60Ah  dV=9mV  cycles=1341
      91.024  0x314  [8]  5B 2C 5B 40 00 09 05 3D 
        0x314  RM=233.40Ah  FCC=233.60Ah  dV=9mV  cycles=1341
      91.035  0x314  [8]  5B 2C 5B 40 00 09 05 3D 
        0x314  RM=233.40Ah  FCC=233.60Ah  dV=9mV  cycles=1341
      91.036  0x314  [8]  5B 2C 5B 40 00 09 05 3D 
        0x314  RM=233.40Ah  FCC=233.60Ah  dV=9mV  cycles=1341
      91.047  0x314  [8]  5B 2C 5B 40 00 09 05 3D 
        0x314  RM=233.40Ah  FCC=233.60Ah  dV=9mV  cycles=1341
      91.058  0x314  [8]  5B 2C 5B 40 00 09 05 3D 
        0x314  RM=233.40Ah  FCC=233.60Ah  dV=9mV  cycles=1341
      91.069  0x314  [8]  5B 2C 5B 40 00 09 05 3D 
        0x314  RM=233.40Ah  FCC=233.60Ah  dV=9mV  cycles=1341
      91.080  0x314  [8]  5B 2C 5B 40 00 09 05 3D 
        0x314  RM=233.40Ah  FCC=233.60Ah  dV=9mV  cycles=1341
      91.091  0x314  [8]  5B 2C 5B 40 00 09 05 3D 
        0x314  RM=233.40Ah  FCC=233.60Ah  dV=9mV  cycles=1341
      91.102  0x314  [8]  5B 2C 5B 40 00 09 05 3D 
        0x314  RM=233.40Ah  FCC=233.60Ah  dV=9mV  cycles=1341
      91.113  0x314  [8]  5B 2C 5B 40 00 09 05 3D 
        0x314  RM=233.40Ah  FCC=233.60Ah  dV=9mV  cycles=1341
      91.124  0x314  [8]  5B 2C 5B 40 00 09 05 3D 
        0x314  RM=233.40Ah  FCC=233.60Ah  dV=9mV  cycles=1341
      91.125  0x314  [8]  5B 2C 5B 40 00 09 05 3D 
        0x314  RM=233.40Ah  FCC=233.60Ah  dV=9mV  cycles=1341
      91.136  0x314  [8]  5B 2C 5B 40 00 09 05 3D 
        0x314  RM=233.40Ah  FCC=233.60Ah  dV=9mV  cycles=1341
      91.148  0x314  [8]  5B 2C 5B 40 00 09 05 3D 
        0x314  RM=233.40Ah  FCC=233.60Ah  dV=9mV  cycles=1341
      91.159  0x315  [8]  0D 3A 0D 39 0D 39 0D 38 
      91.169  0x315  [8]  0D 3A 0D 39 0D 39 0D 38 
      91.169  0x315  [8]  0D 3A 0D 39 0D 39 0D 38 
      91.170  0x315  [8]  0D 3A 0D 39 0D 39 0D 38 
      91.180  0x315  [8]  0D 3A 0D 39 0D 39 0D 38 
      91.180  0x315  [8]  0D 3A 0D 39 0D 39 0D 38 
      91.191  0x315  [8]  0D 3A 0D 39 0D 39 0D 38 
      91.191  0x315  [8]  0D 3A 0D 39 0D 39 0D 38 
      91.191  0x315  [8]  0D 3A 0D 39 0D 39 0D 38 
      91.202  0x315  [8]  0D 3A 0D 39 0D 39 0D 38 
      91.202  0x315  [8]  0D 3A 0D 39 0D 39 0D 38 
      91.212  0x315  [8]  0D 3A 0D 39 0D 39 0D 38 
      91.213  0x315  [8]  0D 3A 0D 39 0D 39 0D 38 
      91.223  0x315  [8]  0D 3A 0D 39 0D 39 0D 38 
      91.223  0x315  [8]  0D 3A 0D 39 0D 39 0D 38 
      91.224  0x315  [8]  0D 3A 0D 39 0D 39 0D 38 
      91.234  0x315  [8]  0D 3A 0D 39 0D 39 0D 38 
      91.234  0x315  [8]  0D 3A 0D 39 0D 39 0D 38 
      91.245  0x315  [8]  0D 3A 0D 39 0D 39 0D 38 
      91.245  0x315  [8]  0D 3A 0D 39 0D 39 0D 38 
      91.245  0x315  [8]  0D 3A 0D 39 0D 39 0D 38 
      91.256  0x315  [8]  0D 3A 0D 39 0D 39 0D 38 
      91.256  0x316  [8]  0D 36 0D 36 0D 36 0D 35 
      91.266  0x316  [8]  0D 36 0D 36 0D 36 0D 35 
      91.267  0x316  [8]  0D 36 0D 36 0D 36 0D 35 
      91.277  0x316  [8]  0D 36 0D 36 0D 36 0D 35 
      91.277  0x316  [8]  0D 36 0D 36 0D 36 0D 35 
      91.278  0x316  [8]  0D 36 0D 36 0D 36 0D 35 
      91.288  0x316  [8]  0D 36 0D 36 0D 36 0D 35 
      91.288  0x316  [8]  0D 36 0D 36 0D 36 0D 35 
      91.299  0x316  [8]  0D 36 0D 36 0D 36 0D 35 
      91.299  0x317  [8]  0D 3B 0D 39 0D 38 0D 38 
      91.299  0x317  [8]  0D 3B 0D 39 0D 38 0D 38 
      91.310  0x317  [8]  0D 3B 0D 39 0D 38 0D 38 
      91.310  0x317  [8]  0D 3B 0D 39 0D 38 0D 38 
      91.320  0x317  [8]  0D 3B 0D 39 0D 38 0D 38 
      91.321  0x317  [8]  0D 3B 0D 39 0D 38 0D 38 
      91.331  0x317  [8]  0D 3B 0D 39 0D 38 0D 38 
      91.331  0x317  [8]  0D 3B 0D 39 0D 38 0D 38 
      91.332  0x318  [8]  0D 34 0D 33 0D 32 0D 32 
      91.342  0x318  [8]  0D 34 0D 33 0D 32 0D 32 
      91.342  0x318  [8]  0D 34 0D 33 0D 32 0D 32 
      91.353  0x318  [8]  0D 34 0D 33 0D 32 0D 32 
      91.353  0x318  [8]  0D 34 0D 33 0D 32 0D 32 
      91.353  0x318  [8]  0D 34 0D 33 0D 32 0D 32 
      91.364  0x318  [8]  0D 34 0D 33 0D 32 0D 32 
      91.364  0x318  [8]  0D 34 0D 33 0D 32 0D 32 
      91.374  0x319  [8]  C0 0D 3B 0D 32 11 17 00 
        0x319  chem=0  forceI=0 forceII=0  dis_en=0 chg_en=1  (byte0=0xC0)
      91.385  0x319  [8]  C0 0D 3B 0D 32 11 17 00 
        0x319  chem=0  forceI=0 forceII=0  dis_en=0 chg_en=1  (byte0=0xC0)
      91.396  0x319  [8]  C0 0D 3B 0D 32 11 17 00 
        0x319  chem=0  forceI=0 forceII=0  dis_en=0 chg_en=1  (byte0=0xC0)
      91.406  0x319  [8]  C0 0D 3B 0D 32 11 17 00 
        0x319  chem=0  forceI=0 forceII=0  dis_en=0 chg_en=1  (byte0=0xC0)
      91.417  0x319  [8]  C0 0D 3B 0D 32 11 17 00 
        0x319  chem=0  forceI=0 forceII=0  dis_en=0 chg_en=1  (byte0=0xC0)
      91.428  0x319  [8]  C0 0D 3B 0D 32 11 17 00 
        0x319  chem=0  forceI=0 forceII=0  dis_en=0 chg_en=1  (byte0=0xC0)
      91.438  0x319  [8]  C0 0D 3B 0D 32 11 17 00 
        0x319  chem=0  forceI=0 forceII=0  dis_en=0 chg_en=1  (byte0=0xC0)
      91.449  0x319  [8]  C0 0D 3B 0D 32 11 17 00 
        0x319  chem=0  forceI=0 forceII=0  dis_en=0 chg_en=1  (byte0=0xC0)
      91.459  0x319  [8]  C0 0D 3B 0D 32 11 17 00 
        0x319  chem=0  forceI=0 forceII=0  dis_en=0 chg_en=1  (byte0=0xC0)
      91.470  0x319  [8]  C0 0D 3B 0D 32 11 17 00 
        0x319  chem=0  forceI=0 forceII=0  dis_en=0 chg_en=1  (byte0=0xC0)
      91.481  0x320  [8]  50 41 C3 85 85 00 00 00 
        0x320  mfr=PA  hw=195  sw=133
      91.491  0x320  [8]  50 41 C3 85 85 00 00 00 
        0x320  mfr=PA  hw=195  sw=133
      91.502  0x320  [8]  50 41 C3 85 85 00 00 00 
        0x320  mfr=PA  hw=195  sw=133
      91.502  0x320  [8]  50 41 C3 85 85 00 00 00 
        0x320  mfr=PA  hw=195  sw=133
      91.513  0x320  [8]  50 41 C3 85 85 00 00 00 
        0x320  mfr=PA  hw=195  sw=133
      91.523  0x320  [8]  50 41 C3 85 85 00 00 00 
        0x320  mfr=PA  hw=195  sw=133
      91.534  0x320  [8]  50 41 C3 85 85 00 00 00 
        0x320  mfr=PA  hw=195  sw=133
      91.534  0x320  [8]  50 41 C3 85 85 00 00 00 
        0x320  mfr=PA  hw=195  sw=133
      91.545  0x320  [8]  50 41 C3 85 85 00 00 00 
        0x320  mfr=PA  hw=195  sw=133
      91.556  0x320  [8]  50 41 C3 85 85 00 00 00 
        0x320  mfr=PA  hw=195  sw=133
      91.566  0x320  [8]  50 41 C3 85 85 00 00 00 
        0x320  mfr=PA  hw=195  sw=133
      91.567  0x320  [8]  50 41 C3 85 85 00 00 00 
        0x320  mfr=PA  hw=195  sw=133
      91.577  0x320  [8]  50 41 C3 85 85 00 00 00 
        0x320  mfr=PA  hw=195  sw=133
      91.588  0x322  [8]  01 00 00 D4 03 01 63 63 
      91.588  0x322  [8]  01 00 00 D4 03 01 63 63 
      91.598  0x322  [8]  01 00 00 D4 03 01 63 63 
      91.599  0x322  [8]  01 00 00 D4 03 01 63 63 
      91.599  0x322  [8]  01 00 00 D4 03 01 63 63 
      91.609  0x322  [8]  01 00 00 D4 03 01 63 63 
      91.610  0x322  [8]  01 00 00 D4 03 01 63 63 
      91.620  0x322  [8]  01 00 00 D4 03 01 63 63 
      91.620  0x322  [8]  01 00 00 D4 03 01 63 63 
      91.631  0x322  [8]  01 00 00 D4 03 01 63 63 
      91.631  0x322  [8]  01 00 00 D4 03 01 63 63 
      91.631  0x322  [8]  01 00 00 D4 03 01 63 63 
      91.642  0x322  [8]  01 00 00 D4 03 01 63 63 
      91.642  0x322  [8]  01 00 00 D4 03 01 63 63 
      91.652  0x322  [8]  01 00 00 D4 03 01 63 63 
      91.653  0x322  [8]  01 00 00 D4 03 01 63 63 
      91.653  0x322  [8]  01 00 00 D4 03 01 63 63 
      91.663  0x322  [8]  01 00 00 D4 03 01 63 63 
      91.664  0x322  [8]  01 00 00 D4 03 01 63 63 
      91.674  0x322  [8]  01 00 00 D4 03 01 63 63 
      91.674  0x322  [8]  01 00 00 D4 03 01 63 63 
      91.685  0x322  [8]  01 00 00 D4 03 01 63 63 
      91.685  0x311  [8]  02 38 08 24 08 24 01 61 
        0x311  CVL=56.8V  CCL=208.4A  DCL=208.4A  status=0x0161 (chg_en=1 dis_en=1 mode=1)
      91.696  0x311  [8]  02 38 08 24 08 24 01 61 
        0x311  CVL=56.8V  CCL=208.4A  DCL=208.4A  status=0x0161 (chg_en=1 dis_en=1 mode=1)
      91.707  0x311  [8]  02 38 08 24 08 24 01 61 
        0x311  CVL=56.8V  CCL=208.4A  DCL=208.4A  status=0x0161 (chg_en=1 dis_en=1 mode=1)
      91.718  0x311  [8]  02 38 08 24 08 24 01 61 
        0x311  CVL=56.8V  CCL=208.4A  DCL=208.4A  status=0x0161 (chg_en=1 dis_en=1 mode=1)
      91.740  0x311  [8]  02 38 08 24 08 24 01 61 
        0x311  CVL=56.8V  CCL=208.4A  DCL=208.4A  status=0x0161 (chg_en=1 dis_en=1 mode=1)
      91.751  0x311  [8]  02 38 08 24 08 24 01 61 
        0x311  CVL=56.8V  CCL=208.4A  DCL=208.4A  status=0x0161 (chg_en=1 dis_en=1 mode=1)
      91.762  0x311  [8]  02 38 08 24 08 24 01 61 
        0x311  CVL=56.8V  CCL=208.4A  DCL=208.4A  status=0x0161 (chg_en=1 dis_en=1 mode=1)
      91.773  0x311  [8]  02 38 08 24 08 24 01 61 
        0x311  CVL=56.8V  CCL=208.4A  DCL=208.4A  status=0x0161 (chg_en=1 dis_en=1 mode=1)
      91.784  0x311  [8]  02 38 08 24 08 24 01 61 
        0x311  CVL=56.8V  CCL=208.4A  DCL=208.4A  status=0x0161 (chg_en=1 dis_en=1 mode=1)
      91.795  0x311  [8]  02 38 08 24 08 24 01 61 
        0x311  CVL=56.8V  CCL=208.4A  DCL=208.4A  status=0x0161 (chg_en=1 dis_en=1 mode=1)
      91.806  0x311  [8]  02 38 08 24 08 24 01 61 
        0x311  CVL=56.8V  CCL=208.4A  DCL=208.4A  status=0x0161 (chg_en=1 dis_en=1 mode=1)
      91.817  0x311  [8]  02 38 08 24 08 24 01 61 
        0x311  CVL=56.8V  CCL=208.4A  DCL=208.4A  status=0x0161 (chg_en=1 dis_en=1 mode=1)
      91.839  0x311  [8]  02 38 08 24 08 24 01 61 
        0x311  CVL=56.8V  CCL=208.4A  DCL=208.4A  status=0x0161 (chg_en=1 dis_en=1 mode=1)
      91.850  0x311  [8]  02 38 08 24 08 24 01 61 
        0x311  CVL=56.8V  CCL=208.4A  DCL=208.4A  status=0x0161 (chg_en=1 dis_en=1 mode=1)
      91.861  0x311  [8]  02 38 08 24 08 24 01 61 
        0x311  CVL=56.8V  CCL=208.4A  DCL=208.4A  status=0x0161 (chg_en=1 dis_en=1 mode=1)
      91.872  0x311  [8]  02 38 08 24 08 24 01 61 
        0x311  CVL=56.8V  CCL=208.4A  DCL=208.4A  status=0x0161 (chg_en=1 dis_en=1 mode=1)
      91.883  0x311  [8]  02 38 08 24 08 24 01 61 
        0x311  CVL=56.8V  CCL=208.4A  DCL=208.4A  status=0x0161 (chg_en=1 dis_en=1 mode=1)
      91.894  0x311  [8]  02 38 08 24 08 24 01 61 
        0x311  CVL=56.8V  CCL=208.4A  DCL=208.4A  status=0x0161 (chg_en=1 dis_en=1 mode=1)
      91.905  0x311  [8]  02 38 08 24 08 24 01 61 
        0x311  CVL=56.8V  CCL=208.4A  DCL=208.4A  status=0x0161 (chg_en=1 dis_en=1 mode=1)
      91.927  0x311  [8]  02 38 08 24 08 24 01 61 
        0x311  CVL=56.8V  CCL=208.4A  DCL=208.4A  status=0x0161 (chg_en=1 dis_en=1 mode=1)
      91.938  0x323  [8]  20 0E 10 00 00 00 00 00 
      91.938  0x323  [8]  20 0E 10 00 00 00 00 00 
      91.948  0x323  [8]  20 0E 10 00 00 00 00 00 
      91.949  0x323  [8]  20 0E 10 00 00 00 00 00 
      91.949  0x323  [8]  20 0E 10 00 00 00 00 00 
      91.959  0x323  [8]  20 0E 10 00 00 00 00 00 
      91.960  0x323  [8]  20 0E 10 00 00 00 00 00 
      91.970  0x323  [8]  20 0E 10 00 00 00 00 00 
      91.970  0x323  [8]  20 0E 10 00 00 00 00 00 
      91.971  0x323  [8]  20 0E 10 00 00 00 00 00 
      91.981  0x324  [8]  02 43 30 37 00 00 00 00 
      91.981  0x324  [8]  02 43 30 37 00 00 00 00 
      91.992  0x324  [8]  02 43 30 37 00 00 00 00 
      91.992  0x324  [8]  02 43 30 37 00 00 00 00 
      92.002  0x324  [8]  02 43 30 37 00 00 00 00 
      92.003  0x324  [8]  02 43 30 37 00 00 00 00 
      92.003  0x324  [8]  02 43 30 37 00 00 00 00 
      92.013  0x324  [8]  02 43 30 37 00 00 00 00 
      92.014  0x324  [8]  02 43 30 37 00 00 00 00 
      92.024  0x324  [8]  02 43 30 37 00 00 00 00 
      92.024  0x324  [8]  02 43 30 37 00 00 00 00 
      92.025  0x324  [8]  02 43 30 37 00 00 00 00 
      92.035  0x329  [8]  01 00 21 38 01 00 3E 9F 
      92.035  0x329  [8]  01 00 21 38 01 00 3E 9F 
      92.046  0x329  [8]  01 00 21 38 01 00 3E 9F 
      92.046  0x329  [8]  01 00 21 38 01 00 3E 9F 
      92.056  0x329  [8]  01 00 21 38 01 00 3E 9F 
      92.057  0x329  [8]  01 00 21 38 01 00 3E 9F 
      92.057  0x329  [8]  01 00 21 38 01 00 3E 9F 
      92.067  0x329  [8]  01 00 21 38 01 00 3E 9F 
      92.068  0x329  [8]  01 00 21 38 01 00 3E 9F 
      92.078  0x329  [8]  01 00 21 38 01 00 3E 9F 
      92.078  0x329  [8]  01 00 21 38 01 00 3E 9F 
      92.089  0x329  [8]  01 00 21 38 01 00 3E 9F 
      92.089  0x329  [8]  01 00 21 38 01 00 3E 9F 
      92.089  0x329  [8]  01 00 21 38 01 00 3E 9F 
      92.100  0x329  [8]  01 00 21 38 01 00 3E 9F 
      92.100  0x329  [8]  01 00 21 38 01 00 3E 9F 
      92.110  0x329  [8]  01 00 21 38 01 00 3E 9F 
      92.111  0x329  [8]  01 00 21 38 01 00 3E 9F 
      92.111  0x329  [8]  01 00 21 38 01 00 3E 9F 
      92.121  0x329  [8]  01 00 21 38 01 00 3E 9F 
      92.122  0x329  [8]  01 00 21 38 01 00 3E 9F 
      92.132  0x330  [8]  01 02 02 07 0D 3A 0D 32 
      92.132  0x330  [8]  01 02 02 07 0D 3A 0D 32 
      92.143  0x330  [8]  01 02 02 07 0D 3A 0D 32 
      92.143  0x330  [8]  01 02 02 07 0D 3A 0D 32 
      92.143  0x330  [8]  01 02 02 07 0D 3A 0D 32 
      92.154  0x330  [8]  01 02 02 07 0D 3A 0D 32 
      92.154  0x330  [8]  01 02 02 07 0D 3A 0D 32 
      92.164  0x330  [8]  01 02 02 07 0D 3A 0D 32 
      92.165  0x330  [8]  01 02 02 07 0D 3A 0D 32 
      92.165  0x312  [8]  00 00 00 00 02 00 00 00 
        0x312  prot=00 00  warn=00 00  packs=2  mfr=??  cells=0
      92.176  0x312  [8]  00 00 00 00 02 00 00 00 
        0x312  prot=00 00  warn=00 00  packs=2  mfr=??  cells=0
      92.186  0x312  [8]  00 00 00 00 02 00 00 00 
        0x312  prot=00 00  warn=00 00  packs=2  mfr=??  cells=0
      92.197  0x312  [8]  00 00 00 00 02 00 00 00 
        0x312  prot=00 00  warn=00 00  packs=2  mfr=??  cells=0
      92.207  0x312  [8]  00 00 00 00 02 00 00 00 
        0x312  prot=00 00  warn=00 00  packs=2  mfr=??  cells=0
      92.218  0x312  [8]  00 00 00 00 02 00 00 00 
        0x312  prot=00 00  warn=00 00  packs=2  mfr=??  cells=0
      92.229  0x312  [8]  00 00 00 00 02 00 00 00 
        0x312  prot=00 00  warn=00 00  packs=2  mfr=??  cells=0
      92.239  0x312  [8]  00 00 00 00 02 00 00 00 
        0x312  prot=00 00  warn=00 00  packs=2  mfr=??  cells=0
      92.250  0x313  [8]  15 22 00 00 00 EA 63 63 
        0x313  Vraw=5410  -> 54.10V if 0.01V  /  541.0V if 0.1V  |  I=+0.0A  T=23.4C  SOC=99%  SOH=99
      92.261  0x313  [8]  15 22 00 00 00 EA 63 63 
        0x313  Vraw=5410  -> 54.10V if 0.01V  /  541.0V if 0.1V  |  I=+0.0A  T=23.4C  SOC=99%  SOH=99
      92.283  0x313  [8]  15 22 00 00 00 EA 63 63 
        0x313  Vraw=5410  -> 54.10V if 0.01V  /  541.0V if 0.1V  |  I=+0.0A  T=23.4C  SOC=99%  SOH=99
      92.294  0x313  [8]  15 22 00 00 00 EA 63 63 
        0x313  Vraw=5410  -> 54.10V if 0.01V  /  541.0V if 0.1V  |  I=+0.0A  T=23.4C  SOC=99%  SOH=99
      92.305  0x313  [8]  15 22 00 00 00 EA 63 63 
        0x313  Vraw=5410  -> 54.10V if 0.01V  /  541.0V if 0.1V  |  I=+0.0A  T=23.4C  SOC=99%  SOH=99
      92.316  0x313  [8]  15 22 00 00 00 EA 63 63 
        0x313  Vraw=5410  -> 54.10V if 0.01V  /  541.0V if 0.1V  |  I=+0.0A  T=23.4C  SOC=99%  SOH=99
      92.327  0x313  [8]  15 22 00 00 00 EA 63 63 
        0x313  Vraw=5410  -> 54.10V if 0.01V  /  541.0V if 0.1V  |  I=+0.0A  T=23.4C  SOC=99%  SOH=99
      92.349  0x313  [8]  15 22 00 00 00 EA 63 63 
        0x313  Vraw=5410  -> 54.10V if 0.01V  /  541.0V if 0.1V  |  I=+0.0A  T=23.4C  SOC=99%  SOH=99
      92.360  0x313  [8]  15 22 00 00 00 EA 63 63 
        0x313  Vraw=5410  -> 54.10V if 0.01V  /  541.0V if 0.1V  |  I=+0.0A  T=23.4C  SOC=99%  SOH=99
      92.371  0x313  [8]  15 22 00 00 00 EA 63 63 
        0x313  Vraw=5410  -> 54.10V if 0.01V  /  541.0V if 0.1V  |  I=+0.0A  T=23.4C  SOC=99%  SOH=99
      92.382  0x313  [8]  15 22 00 00 00 EA 63 63 
        0x313  Vraw=5410  -> 54.10V if 0.01V  /  541.0V if 0.1V  |  I=+0.0A  T=23.4C  SOC=99%  SOH=99
      92.404  0x313  [8]  15 22 00 00 00 EA 63 63 
        0x313  Vraw=5410  -> 54.10V if 0.01V  /  541.0V if 0.1V  |  I=+0.0A  T=23.4C  SOC=99%  SOH=99
      92.415  0x313  [8]  15 22 00 00 00 EA 63 63 
        0x313  Vraw=5410  -> 54.10V if 0.01V  /  541.0V if 0.1V  |  I=+0.0A  T=23.4C  SOC=99%  SOH=99
      92.426  0x313  [8]  15 22 00 00 00 EA 63 63 
        0x313  Vraw=5410  -> 54.10V if 0.01V  /  541.0V if 0.1V  |  I=+0.0A  T=23.4C  SOC=99%  SOH=99
      92.437  0x313  [8]  15 22 00 00 00 EA 63 63 
        0x313  Vraw=5410  -> 54.10V if 0.01V  /  541.0V if 0.1V  |  I=+0.0A  T=23.4C  SOC=99%  SOH=99
      92.448  0x313  [8]  15 22 00 00 00 EA 63 63 
        0x313  Vraw=5410  -> 54.10V if 0.01V  /  541.0V if 0.1V  |  I=+0.0A  T=23.4C  SOC=99%  SOH=99
      92.470  0x314  [8]  5B 2C 5B 40 00 08 05 3D 
        0x314  RM=233.40Ah  FCC=233.60Ah  dV=8mV  cycles=1341
      92.481  0x314  [8]  5B 2C 5B 40 00 08 05 3D 
        0x314  RM=233.40Ah  FCC=233.60Ah  dV=8mV  cycles=1341
      92.482  0x314  [8]  5B 2C 5B 40 00 08 05 3D 
        0x314  RM=233.40Ah  FCC=233.60Ah  dV=8mV  cycles=1341
      92.493  0x314  [8]  5B 2C 5B 40 00 08 05 3D 
        0x314  RM=233.40Ah  FCC=233.60Ah  dV=8mV  cycles=1341
      92.504  0x314  [8]  5B 2C 5B 40 00 08 05 3D 
        0x314  RM=233.40Ah  FCC=233.60Ah  dV=8mV  cycles=1341
      92.515  0x314  [8]  5B 2C 5B 40 00 08 05 3D 
        0x314  RM=233.40Ah  FCC=233.60Ah  dV=8mV  cycles=1341
      92.526  0x314  [8]  5B 2C 5B 40 00 08 05 3D 
        0x314  RM=233.40Ah  FCC=233.60Ah  dV=8mV  cycles=1341
      92.537  0x314  [8]  5B 2C 5B 40 00 08 05 3D 
        0x314  RM=233.40Ah  FCC=233.60Ah  dV=8mV  cycles=1341
      92.548  0x314  [8]  5B 2C 5B 40 00 08 05 3D 
        0x314  RM=233.40Ah  FCC=233.60Ah  dV=8mV  cycles=1341
      92.559  0x314  [8]  5B 2C 5B 40 00 08 05 3D 
        0x314  RM=233.40Ah  FCC=233.60Ah  dV=8mV  cycles=1341
      92.570  0x314  [8]  5B 2C 5B 40 00 08 05 3D 
        0x314  RM=233.40Ah  FCC=233.60Ah  dV=8mV  cycles=1341
      92.571  0x314  [8]  5B 2C 5B 40 00 08 05 3D 
        0x314  RM=233.40Ah  FCC=233.60Ah  dV=8mV  cycles=1341
      92.582  0x314  [8]  5B 2C 5B 40 00 08 05 3D 
        0x314  RM=233.40Ah  FCC=233.60Ah  dV=8mV  cycles=1341
      92.593  0x314  [8]  5B 2C 5B 40 00 08 05 3D 
        0x314  RM=233.40Ah  FCC=233.60Ah  dV=8mV  cycles=1341
      92.604  0x314  [8]  5B 2C 5B 40 00 08 05 3D 
        0x314  RM=233.40Ah  FCC=233.60Ah  dV=8mV  cycles=1341
      92.615  0x314  [8]  5B 2C 5B 40 00 08 05 3D 
        0x314  RM=233.40Ah  FCC=233.60Ah  dV=8mV  cycles=1341
      92.627  0x314  [8]  5B 2C 5B 40 00 08 05 3D 
        0x314  RM=233.40Ah  FCC=233.60Ah  dV=8mV  cycles=1341
      92.638  0x314  [8]  5B 2C 5B 40 00 08 05 3D 
        0x314  RM=233.40Ah  FCC=233.60Ah  dV=8mV  cycles=1341
      92.649  0x314  [8]  5B 2C 5B 40 00 08 05 3D 
        0x314  RM=233.40Ah  FCC=233.60Ah  dV=8mV  cycles=1341
      92.660  0x314  [8]  5B 2C 5B 40 00 08 05 3D 
        0x314  RM=233.40Ah  FCC=233.60Ah  dV=8mV  cycles=1341
      92.661  0x314  [8]  5B 2C 5B 40 00 08 05 3D 
        0x314  RM=233.40Ah  FCC=233.60Ah  dV=8mV  cycles=1341
      92.672  0x315  [8]  0D 3A 0D 39 0D 38 0D 38 
      92.682  0x315  [8]  0D 3A 0D 39 0D 38 0D 38 
      92.682  0x315  [8]  0D 3A 0D 39 0D 38 0D 38 
      92.693  0x315  [8]  0D 3A 0D 39 0D 38 0D 38 
      92.693  0x315  [8]  0D 3A 0D 39 0D 38 0D 38 
      92.693  0x315  [8]  0D 3A 0D 39 0D 38 0D 38 
      92.704  0x315  [8]  0D 3A 0D 39 0D 38 0D 38 
      92.704  0x315  [8]  0D 3A 0D 39 0D 38 0D 38 
      92.714  0x315  [8]  0D 3A 0D 39 0D 38 0D 38 
      92.715  0x315  [8]  0D 3A 0D 39 0D 38 0D 38 
      92.725  0x315  [8]  0D 3A 0D 39 0D 38 0D 38 
      92.725  0x315  [8]  0D 3A 0D 39 0D 38 0D 38 
      92.726  0x315  [8]  0D 3A 0D 39 0D 38 0D 38 
      92.736  0x315  [8]  0D 3A 0D 39 0D 38 0D 38 
      92.736  0x315  [8]  0D 3A 0D 39 0D 38 0D 38 
      92.747  0x315  [8]  0D 3A 0D 39 0D 38 0D 38 
      92.747  0x315  [8]  0D 3A 0D 39 0D 38 0D 38 
      92.758  0x315  [8]  0D 3A 0D 39 0D 38 0D 38 
      92.758  0x315  [8]  0D 3A 0D 39 0D 38 0D 38 
      92.758  0x315  [8]  0D 3A 0D 39 0D 38 0D 38 
      92.768  0x315  [8]  0D 3A 0D 39 0D 38 0D 38 
      92.769  0x316  [8]  0D 36 0D 36 0D 35 0D 35 
      92.779  0x316  [8]  0D 36 0D 36 0D 35 0D 35 
      92.780  0x316  [8]  0D 36 0D 36 0D 35 0D 35 
      92.780  0x316  [8]  0D 36 0D 36 0D 35 0D 35 
      92.790  0x316  [8]  0D 36 0D 36 0D 35 0D 35 
      92.790  0x316  [8]  0D 36 0D 36 0D 35 0D 35 
      92.801  0x316  [8]  0D 36 0D 36 0D 35 0D 35 
      92.801  0x316  [8]  0D 36 0D 36 0D 35 0D 35 
      92.812  0x317  [8]  0D 3A 0D 39 0D 38 0D 38 
      92.812  0x317  [8]  0D 3A 0D 39 0D 38 0D 38 
      92.812  0x317  [8]  0D 3A 0D 39 0D 38 0D 38 
      92.823  0x317  [8]  0D 3A 0D 39 0D 38 0D 38 
      92.823  0x317  [8]  0D 3A 0D 39 0D 38 0D 38 
      92.833  0x317  [8]  0D 3A 0D 39 0D 38 0D 38 
      92.834  0x317  [8]  0D 3A 0D 39 0D 38 0D 38 
      92.834  0x317  [8]  0D 3A 0D 39 0D 38 0D 38 
      92.844  0x318  [8]  0D 34 0D 33 0D 32 0D 32 
      92.845  0x318  [8]  0D 34 0D 33 0D 32 0D 32 
      92.855  0x318  [8]  0D 34 0D 33 0D 32 0D 32 
      92.855  0x318  [8]  0D 34 0D 33 0D 32 0D 32 
      92.866  0x318  [8]  0D 34 0D 33 0D 32 0D 32 
      92.866  0x318  [8]  0D 34 0D 33 0D 32 0D 32 
      92.866  0x318  [8]  0D 34 0D 33 0D 32 0D 32 
      92.877  0x318  [8]  0D 34 0D 33 0D 32 0D 32 
      92.877  0x319  [8]  C0 0D 3A 0D 32 02 17 00 
        0x319  chem=0  forceI=0 forceII=0  dis_en=0 chg_en=1  (byte0=0xC0)
      92.888  0x319  [8]  C0 0D 3A 0D 32 02 17 00 
        0x319  chem=0  forceI=0 forceII=0  dis_en=0 chg_en=1  (byte0=0xC0)
      92.898  0x319  [8]  C0 0D 3A 0D 32 02 17 00 
        0x319  chem=0  forceI=0 forceII=0  dis_en=0 chg_en=1  (byte0=0xC0)
      92.909  0x319  [8]  C0 0D 3A 0D 32 02 17 00 
        0x319  chem=0  forceI=0 forceII=0  dis_en=0 chg_en=1  (byte0=0xC0)
      92.919  0x319  [8]  C0 0D 3A 0D 32 02 17 00 
        0x319  chem=0  forceI=0 forceII=0  dis_en=0 chg_en=1  (byte0=0xC0)
      92.930  0x319  [8]  C0 0D 3A 0D 32 02 17 00 
        0x319  chem=0  forceI=0 forceII=0  dis_en=0 chg_en=1  (byte0=0xC0)
      92.941  0x319  [8]  C0 0D 3A 0D 32 02 17 00 
        0x319  chem=0  forceI=0 forceII=0  dis_en=0 chg_en=1  (byte0=0xC0)
      92.961  0x319  [8]  C0 0D 3A 0D 32 02 17 00 
        0x319  chem=0  forceI=0 forceII=0  dis_en=0 chg_en=1  (byte0=0xC0)
      92.972  0x319  [8]  C0 0D 3A 0D 32 02 17 00 
        0x319  chem=0  forceI=0 forceII=0  dis_en=0 chg_en=1  (byte0=0xC0)
      92.983  0x319  [8]  C0 0D 3A 0D 32 02 17 00 
        0x319  chem=0  forceI=0 forceII=0  dis_en=0 chg_en=1  (byte0=0xC0)
      92.993  0x320  [8]  50 41 C3 85 85 00 00 00 
        0x320  mfr=PA  hw=195  sw=133
      92.994  0x320  [8]  50 41 C3 85 85 00 00 00 
        0x320  mfr=PA  hw=195  sw=133
      93.004  0x320  [8]  50 41 C3 85 85 00 00 00 
        0x320  mfr=PA  hw=195  sw=133
      93.015  0x320  [8]  50 41 C3 85 85 00 00 00 
        0x320  mfr=PA  hw=195  sw=133
      93.025  0x320  [8]  50 41 C3 85 85 00 00 00 
        0x320  mfr=PA  hw=195  sw=133
      93.026  0x320  [8]  50 41 C3 85 85 00 00 00 
        0x320  mfr=PA  hw=195  sw=133
      93.036  0x320  [8]  50 41 C3 85 85 00 00 00 
        0x320  mfr=PA  hw=195  sw=133
      93.047  0x320  [8]  50 41 C3 85 85 00 00 00 
        0x320  mfr=PA  hw=195  sw=133
      93.058  0x320  [8]  50 41 C3 85 85 00 00 00 
        0x320  mfr=PA  hw=195  sw=133
      93.058  0x320  [8]  50 41 C3 85 85 00 00 00 
        0x320  mfr=PA  hw=195  sw=133
      93.069  0x322  [8]  01 00 00 D4 03 01 63 63 
      93.069  0x322  [8]  01 00 00 D4 03 01 63 63 
      93.079  0x322  [8]  01 00 00 D4 03 01 63 63 
      93.079  0x322  [8]  01 00 00 D4 03 01 63 63 
      93.090  0x322  [8]  01 00 00 D4 03 01 63 63 
      93.090  0x322  [8]  01 00 00 D4 03 01 63 63 
      93.101  0x322  [8]  01 00 00 D4 03 01 63 63 
      93.101  0x322  [8]  01 00 00 D4 03 01 63 63 
      93.101  0x322  [8]  01 00 00 D4 03 01 63 63 
      93.112  0x322  [8]  01 00 00 D4 03 01 63 63 
      93.112  0x322  [8]  01 00 00 D4 03 01 63 63 
      93.122  0x322  [8]  01 00 00 D4 03 01 63 63 
      93.122  0x322  [8]  01 00 00 D4 03 01 63 63 
      93.123  0x322  [8]  01 00 00 D4 03 01 63 63 
      93.133  0x322  [8]  01 00 00 D4 03 01 63 63 
      93.133  0x322  [8]  01 00 00 D4 03 01 63 63 
      93.144  0x322  [8]  01 00 00 D4 03 01 63 63 
      93.144  0x322  [8]  01 00 00 D4 03 01 63 63 
      93.155  0x322  [8]  01 00 00 D4 03 01 63 63 
      93.155  0x322  [8]  01 00 00 D4 03 01 63 63 
      93.155  0x322  [8]  01 00 00 D4 03 01 63 63 
      93.165  0x322  [8]  01 00 00 D4 03 01 63 63 
      93.166  0x322  [8]  01 00 00 D4 03 01 63 63 
      93.176  0x322  [8]  01 00 00 D4 03 01 63 63 
      93.176  0x311  [8]  02 38 08 24 08 24 01 61 
        0x311  CVL=56.8V  CCL=208.4A  DCL=208.4A  status=0x0161 (chg_en=1 dis_en=1 mode=1)
      93.188  0x311  [8]  02 38 08 24 08 24 01 61 
        0x311  CVL=56.8V  CCL=208.4A  DCL=208.4A  status=0x0161 (chg_en=1 dis_en=1 mode=1)
      93.199  0x311  [8]  02 38 08 24 08 24 01 61 
        0x311  CVL=56.8V  CCL=208.4A  DCL=208.4A  status=0x0161 (chg_en=1 dis_en=1 mode=1)
      93.220  0x311  [8]  02 38 08 24 08 24 01 61 
        0x311  CVL=56.8V  CCL=208.4A  DCL=208.4A  status=0x0161 (chg_en=1 dis_en=1 mode=1)
      93.231  0x311  [8]  02 38 08 24 08 24 01 61 
        0x311  CVL=56.8V  CCL=208.4A  DCL=208.4A  status=0x0161 (chg_en=1 dis_en=1 mode=1)
      93.242  0x311  [8]  02 38 08 24 08 24 01 61 
        0x311  CVL=56.8V  CCL=208.4A  DCL=208.4A  status=0x0161 (chg_en=1 dis_en=1 mode=1)
      93.253  0x311  [8]  02 38 08 24 08 24 01 61 
        0x311  CVL=56.8V  CCL=208.4A  DCL=208.4A  status=0x0161 (chg_en=1 dis_en=1 mode=1)
      93.264  0x311  [8]  02 38 08 24 08 24 01 61 
        0x311  CVL=56.8V  CCL=208.4A  DCL=208.4A  status=0x0161 (chg_en=1 dis_en=1 mode=1)
      93.275  0x311  [8]  02 38 08 24 08 24 01 61 
        0x311  CVL=56.8V  CCL=208.4A  DCL=208.4A  status=0x0161 (chg_en=1 dis_en=1 mode=1)
      93.286  0x311  [8]  02 38 08 24 08 24 01 61 
        0x311  CVL=56.8V  CCL=208.4A  DCL=208.4A  status=0x0161 (chg_en=1 dis_en=1 mode=1)
      93.298  0x311  [8]  02 38 08 24 08 24 01 61 
        0x311  CVL=56.8V  CCL=208.4A  DCL=208.4A  status=0x0161 (chg_en=1 dis_en=1 mode=1)
      93.319  0x311  [8]  02 38 08 24 08 24 01 61 
        0x311  CVL=56.8V  CCL=208.4A  DCL=208.4A  status=0x0161 (chg_en=1 dis_en=1 mode=1)
      93.330  0x311  [8]  02 38 08 24 08 24 01 61 
        0x311  CVL=56.8V  CCL=208.4A  DCL=208.4A  status=0x0161 (chg_en=1 dis_en=1 mode=1)
      93.341  0x311  [8]  02 38 08 24 08 24 01 61 
        0x311  CVL=56.8V  CCL=208.4A  DCL=208.4A  status=0x0161 (chg_en=1 dis_en=1 mode=1)
      93.352  0x311  [8]  02 38 08 24 08 24 01 61 
        0x311  CVL=56.8V  CCL=208.4A  DCL=208.4A  status=0x0161 (chg_en=1 dis_en=1 mode=1)
      93.363  0x311  [8]  02 38 08 24 08 24 01 61 
        0x311  CVL=56.8V  CCL=208.4A  DCL=208.4A  status=0x0161 (chg_en=1 dis_en=1 mode=1)
      93.374  0x311  [8]  02 38 08 24 08 24 01 61 
        0x311  CVL=56.8V  CCL=208.4A  DCL=208.4A  status=0x0161 (chg_en=1 dis_en=1 mode=1)
      93.385  0x311  [8]  02 38 08 24 08 24 01 61 
        0x311  CVL=56.8V  CCL=208.4A  DCL=208.4A  status=0x0161 (chg_en=1 dis_en=1 mode=1)
      93.407  0x311  [8]  02 38 08 24 08 24 01 61 
        0x311  CVL=56.8V  CCL=208.4A  DCL=208.4A  status=0x0161 (chg_en=1 dis_en=1 mode=1)
      93.418  0x311  [8]  02 38 08 24 08 24 01 61 
        0x311  CVL=56.8V  CCL=208.4A  DCL=208.4A  status=0x0161 (chg_en=1 dis_en=1 mode=1)
      93.429  0x311  [8]  02 38 08 24 08 24 01 61 
        0x311  CVL=56.8V  CCL=208.4A  DCL=208.4A  status=0x0161 (chg_en=1 dis_en=1 mode=1)
      93.440  0x323  [8]  20 0E 10 00 00 00 00 00 
      93.440  0x323  [8]  20 0E 10 00 00 00 00 00 
      93.451  0x323  [8]  20 0E 10 00 00 00 00 00 
      93.451  0x323  [8]  20 0E 10 00 00 00 00 00 
      93.462  0x323  [8]  20 0E 10 00 00 00 00 00 
      93.462  0x323  [8]  20 0E 10 00 00 00 00 00 
      93.462  0x323  [8]  20 0E 10 00 00 00 00 00 
      93.472  0x323  [8]  20 0E 10 00 00 00 00 00 
      93.473  0x324  [8]  00 02 47 50 4A 30 32 31 
      93.483  0x324  [8]  00 02 47 50 4A 30 32 31 
      93.483  0x324  [8]  00 02 47 50 4A 30 32 31 
      93.494  0x324  [8]  00 02 47 50 4A 30 32 31 
      93.494  0x324  [8]  00 02 47 50 4A 30 32 31 
      93.494  0x324  [8]  00 02 47 50 4A 30 32 31 
      93.505  0x324  [8]  00 02 47 50 4A 30 32 31 
      93.505  0x324  [8]  00 02 47 50 4A 30 32 31 
      93.515  0x324  [8]  00 02 47 50 4A 30 32 31 
      93.516  0x324  [8]  00 02 47 50 4A 30 32 31 
      93.526  0x324  [8]  00 02 47 50 4A 30 32 31 
      93.526  0x324  [8]  00 02 47 50 4A 30 32 31 
      93.527  0x324  [8]  00 02 47 50 4A 30 32 31 
      93.537  0x324  [8]  00 02 47 50 4A 30 32 31 
      93.537  0x324  [8]  00 02 47 50 4A 30 32 31 
      93.548  0x329  [8]  02 00 18 CB 02 00 3F 3B 
      93.548  0x329  [8]  02 00 18 CB 02 00 3F 3B 
      93.548  0x329  [8]  02 00 18 CB 02 00 3F 3B 
      93.559  0x329  [8]  02 00 18 CB 02 00 3F 3B 
      93.559  0x329  [8]  02 00 18 CB 02 00 3F 3B 
      93.569  0x329  [8]  02 00 18 CB 02 00 3F 3B 
      93.570  0x329  [8]  02 00 18 CB 02 00 3F 3B 
      93.580  0x329  [8]  02 00 18 CB 02 00 3F 3B 
      93.580  0x329  [8]  02 00 18 CB 02 00 3F 3B 
      93.580  0x329  [8]  02 00 18 CB 02 00 3F 3B 
      93.591  0x329  [8]  02 00 18 CB 02 00 3F 3B 
      93.591  0x329  [8]  02 00 18 CB 02 00 3F 3B 
      93.601  0x329  [8]  02 00 18 CB 02 00 3F 3B 
      93.602  0x329  [8]  02 00 18 CB 02 00 3F 3B 
      93.602  0x329  [8]  02 00 18 CB 02 00 3F 3B 
      93.612  0x329  [8]  02 00 18 CB 02 00 3F 3B 
      93.613  0x329  [8]  02 00 18 CB 02 00 3F 3B 
      93.623  0x329  [8]  02 00 18 CB 02 00 3F 3B 
      93.624  0x329  [8]  02 00 18 CB 02 00 3F 3B 
      93.634  0x329  [8]  02 00 18 CB 02 00 3F 3B 
      93.634  0x329  [8]  02 00 18 CB 02 00 3F 3B 
      93.634  0x330  [8]  01 02 02 07 0D 3A 0D 32 
      93.645  0x330  [8]  01 02 02 07 0D 3A 0D 32 
      93.645  0x330  [8]  01 02 02 07 0D 3A 0D 32 
      93.656  0x330  [8]  01 02 02 07 0D 3A 0D 32 
      93.656  0x330  [8]  01 02 02 07 0D 3A 0D 32 
      93.656  0x330  [8]  01 02 02 07 0D 3A 0D 32 
      93.666  0x330  [8]  01 02 02 07 0D 3A 0D 32 
      93.667  0x330  [8]  01 02 02 07 0D 3A 0D 32 
      93.677  0x312  [8]  00 00 00 00 02 00 00 00 
        0x312  prot=00 00  warn=00 00  packs=2  mfr=??  cells=0
      93.688  0x312  [8]  00 00 00 00 02 00 00 00 
        0x312  prot=00 00  warn=00 00  packs=2  mfr=??  cells=0
      93.698  0x312  [8]  00 00 00 00 02 00 00 00 
        0x312  prot=00 00  warn=00 00  packs=2  mfr=??  cells=0
      93.709  0x312  [8]  00 00 00 00 02 00 00 00 
        0x312  prot=00 00  warn=00 00  packs=2  mfr=??  cells=0
      93.720  0x312  [8]  00 00 00 00 02 00 00 00 
        0x312  prot=00 00  warn=00 00  packs=2  mfr=??  cells=0
      93.730  0x312  [8]  00 00 00 00 02 00 00 00 
        0x312  prot=00 00  warn=00 00  packs=2  mfr=??  cells=0
      93.731  0x312  [8]  00 00 00 00 02 00 00 00 
        0x312  prot=00 00  warn=00 00  packs=2  mfr=??  cells=0
      93.741  0x312  [8]  00 00 00 00 02 00 00 00 
        0x312  prot=00 00  warn=00 00  packs=2  mfr=??  cells=0
      93.752  0x313  [8]  15 22 00 00 00 EA 63 63 
        0x313  Vraw=5410  -> 54.10V if 0.01V  /  541.0V if 0.1V  |  I=+0.0A  T=23.4C  SOC=99%  SOH=99
      93.773  0x313  [8]  15 22 00 00 00 EA 63 63 
        0x313  Vraw=5410  -> 54.10V if 0.01V  /  541.0V if 0.1V  |  I=+0.0A  T=23.4C  SOC=99%  SOH=99
      93.784  0x313  [8]  15 22 00 00 00 EA 63 63 
        0x313  Vraw=5410  -> 54.10V if 0.01V  /  541.0V if 0.1V  |  I=+0.0A  T=23.4C  SOC=99%  SOH=99
      93.796  0x313  [8]  15 22 00 00 00 EA 63 63 
        0x313  Vraw=5410  -> 54.10V if 0.01V  /  541.0V if 0.1V  |  I=+0.0A  T=23.4C  SOC=99%  SOH=99
      93.807  0x313  [8]  15 22 00 00 00 EA 63 63 
        0x313  Vraw=5410  -> 54.10V if 0.01V  /  541.0V if 0.1V  |  I=+0.0A  T=23.4C  SOC=99%  SOH=99
      93.818  0x313  [8]  15 22 00 00 00 EA 63 63 
        0x313  Vraw=5410  -> 54.10V if 0.01V  /  541.0V if 0.1V  |  I=+0.0A  T=23.4C  SOC=99%  SOH=99
      93.839  0x313  [8]  15 22 00 00 00 EA 63 63 
        0x313  Vraw=5410  -> 54.10V if 0.01V  /  541.0V if 0.1V  |  I=+0.0A  T=23.4C  SOC=99%  SOH=99
      93.850  0x313  [8]  15 22 00 00 00 EA 63 63 
        0x313  Vraw=5410  -> 54.10V if 0.01V  /  541.0V if 0.1V  |  I=+0.0A  T=23.4C  SOC=99%  SOH=99
      93.862  0x313  [8]  15 22 00 00 00 EA 63 63 
        0x313  Vraw=5410  -> 54.10V if 0.01V  /  541.0V if 0.1V  |  I=+0.0A  T=23.4C  SOC=99%  SOH=99
      93.873  0x313  [8]  15 22 00 00 00 EA 63 63 
        0x313  Vraw=5410  -> 54.10V if 0.01V  /  541.0V if 0.1V  |  I=+0.0A  T=23.4C  SOC=99%  SOH=99
      93.894  0x313  [8]  15 22 00 00 00 EA 63 63 
        0x313  Vraw=5410  -> 54.10V if 0.01V  /  541.0V if 0.1V  |  I=+0.0A  T=23.4C  SOC=99%  SOH=99
      93.905  0x313  [8]  15 22 00 00 00 EA 63 63 
        0x313  Vraw=5410  -> 54.10V if 0.01V  /  541.0V if 0.1V  |  I=+0.0A  T=23.4C  SOC=99%  SOH=99
      93.916  0x313  [8]  15 22 00 00 00 EA 63 63 
        0x313  Vraw=5410  -> 54.10V if 0.01V  /  541.0V if 0.1V  |  I=+0.0A  T=23.4C  SOC=99%  SOH=99
      93.928  0x314  [8]  5B 2C 5B 40 00 08 05 3D 
        0x314  RM=233.40Ah  FCC=233.60Ah  dV=8mV  cycles=1341
      93.939  0x314  [8]  5B 2C 5B 40 00 08 05 3D 
        0x314  RM=233.40Ah  FCC=233.60Ah  dV=8mV  cycles=1341
      93.950  0x314  [8]  5B 2C 5B 40 00 08 05 3D 
        0x314  RM=233.40Ah  FCC=233.60Ah  dV=8mV  cycles=1341
      93.961  0x314  [8]  5B 2C 5B 40 00 08 05 3D 
        0x314  RM=233.40Ah  FCC=233.60Ah  dV=8mV  cycles=1341
      93.972  0x314  [8]  5B 2C 5B 40 00 08 05 3D 
        0x314  RM=233.40Ah  FCC=233.60Ah  dV=8mV  cycles=1341
      93.983  0x314  [8]  5B 2C 5B 40 00 08 05 3D 
        0x314  RM=233.40Ah  FCC=233.60Ah  dV=8mV  cycles=1341
      93.994  0x314  [8]  5B 2C 5B 40 00 08 05 3D 
        0x314  RM=233.40Ah  FCC=233.60Ah  dV=8mV  cycles=1341
      94.005  0x314  [8]  5B 2C 5B 40 00 08 05 3D 
        0x314  RM=233.40Ah  FCC=233.60Ah  dV=8mV  cycles=1341
      94.006  0x314  [8]  5B 2C 5B 40 00 08 05 3D 
        0x314  RM=233.40Ah  FCC=233.60Ah  dV=8mV  cycles=1341
      94.017  0x314  [8]  5B 2C 5B 40 00 08 05 3D 
        0x314  RM=233.40Ah  FCC=233.60Ah  dV=8mV  cycles=1341
      94.028  0x314  [8]  5B 2C 5B 40 00 08 05 3D 
        0x314  RM=233.40Ah  FCC=233.60Ah  dV=8mV  cycles=1341
      94.039  0x314  [8]  5B 2C 5B 40 00 08 05 3D 
        0x314  RM=233.40Ah  FCC=233.60Ah  dV=8mV  cycles=1341
      94.050  0x314  [8]  5B 2C 5B 40 00 08 05 3D 
        0x314  RM=233.40Ah  FCC=233.60Ah  dV=8mV  cycles=1341
      94.061  0x314  [8]  5B 2C 5B 40 00 08 05 3D 
        0x314  RM=233.40Ah  FCC=233.60Ah  dV=8mV  cycles=1341
      94.072  0x314  [8]  5B 2C 5B 40 00 08 05 3D 
        0x314  RM=233.40Ah  FCC=233.60Ah  dV=8mV  cycles=1341
      94.084  0x314  [8]  5B 2C 5B 40 00 08 05 3D 
        0x314  RM=233.40Ah  FCC=233.60Ah  dV=8mV  cycles=1341
      94.095  0x314  [8]  5B 2C 5B 40 00 08 05 3D 
        0x314  RM=233.40Ah  FCC=233.60Ah  dV=8mV  cycles=1341
      94.095  0x314  [8]  5B 2C 5B 40 00 08 05 3D 
        0x314  RM=233.40Ah  FCC=233.60Ah  dV=8mV  cycles=1341
      94.106  0x314  [8]  5B 2C 5B 40 00 08 05 3D 
        0x314  RM=233.40Ah  FCC=233.60Ah  dV=8mV  cycles=1341
      94.118  0x314  [8]  5B 2C 5B 40 00 08 05 3D 
        0x314  RM=233.40Ah  FCC=233.60Ah  dV=8mV  cycles=1341
      94.129  0x314  [8]  5B 2C 5B 40 00 08 05 3D 
        0x314  RM=233.40Ah  FCC=233.60Ah  dV=8mV  cycles=1341
      94.140  0x314  [8]  5B 2C 5B 40 00 08 05 3D 
        0x314  RM=233.40Ah  FCC=233.60Ah  dV=8mV  cycles=1341
      94.151  0x315  [8]  0D 3A 0D 39 0D 38 0D 38 
      94.151  0x315  [8]  0D 3A 0D 39 0D 38 0D 38 
      94.162  0x315  [8]  0D 3A 0D 39 0D 38 0D 38 
      94.162  0x315  [8]  0D 3A 0D 39 0D 38 0D 38 
      94.172  0x315  [8]  0D 3A 0D 39 0D 38 0D 38 
      94.172  0x315  [8]  0D 3A 0D 39 0D 38 0D 38 
      94.173  0x315  [8]  0D 3A 0D 39 0D 38 0D 38 
      94.183  0x315  [8]  0D 3A 0D 39 0D 38 0D 38 
      94.183  0x315  [8]  0D 3A 0D 39 0D 38 0D 38 
      94.194  0x315  [8]  0D 3A 0D 39 0D 38 0D 38 
      94.194  0x315  [8]  0D 3A 0D 39 0D 38 0D 38 
      94.204  0x315  [8]  0D 3A 0D 39 0D 38 0D 38 
      94.205  0x315  [8]  0D 3A 0D 39 0D 38 0D 38 
      94.205  0x315  [8]  0D 3A 0D 39 0D 38 0D 38 
      94.215  0x315  [8]  0D 3A 0D 39 0D 38 0D 38 
      94.216  0x315  [8]  0D 3A 0D 39 0D 38 0D 38 
      94.226  0x315  [8]  0D 3A 0D 39 0D 38 0D 38 
      94.226  0x315  [8]  0D 3A 0D 39 0D 38 0D 38 
      94.227  0x315  [8]  0D 3A 0D 39 0D 38 0D 38 
      94.237  0x315  [8]  0D 3A 0D 39 0D 38 0D 38 
      94.237  0x315  [8]  0D 3A 0D 39 0D 38 0D 38 
      94.248  0x315  [8]  0D 3A 0D 39 0D 38 0D 38 
      94.248  0x316  [8]  0D 36 0D 35 0D 35 0D 35 
      94.258  0x316  [8]  0D 36 0D 35 0D 35 0D 35 
      94.259  0x316  [8]  0D 36 0D 35 0D 35 0D 35 
      94.259  0x316  [8]  0D 36 0D 35 0D 35 0D 35 
      94.269  0x316  [8]  0D 36 0D 35 0D 35 0D 35 
      94.270  0x316  [8]  0D 36 0D 35 0D 35 0D 35 
      94.280  0x316  [8]  0D 36 0D 35 0D 35 0D 35 
      94.280  0x316  [8]  0D 36 0D 35 0D 35 0D 35 
      94.291  0x316  [8]  0D 36 0D 35 0D 35 0D 35 
      94.291  0x317  [8]  0D 3A 0D 38 0D 38 0D 38 
      94.291  0x317  [8]  0D 3A 0D 38 0D 38 0D 38 
      94.302  0x317  [8]  0D 3A 0D 38 0D 38 0D 38 
      94.302  0x317  [8]  0D 3A 0D 38 0D 38 0D 38 
      94.312  0x317  [8]  0D 3A 0D 38 0D 38 0D 38 
      94.313  0x317  [8]  0D 3A 0D 38 0D 38 0D 38 
      94.313  0x317  [8]  0D 3A 0D 38 0D 38 0D 38 
      94.323  0x317  [8]  0D 3A 0D 38 0D 38 0D 38 
      94.324  0x318  [8]  0D 33 0D 33 0D 32 0D 32 
      94.334  0x318  [8]  0D 33 0D 33 0D 32 0D 32 
      94.334  0x318  [8]  0D 33 0D 33 0D 32 0D 32 
      94.345  0x318  [8]  0D 33 0D 33 0D 32 0D 32 
      94.345  0x318  [8]  0D 33 0D 33 0D 32 0D 32 
      94.345  0x318  [8]  0D 33 0D 33 0D 32 0D 32 
      94.356  0x318  [8]  0D 33 0D 33 0D 32 0D 32 
      94.356  0x318  [8]  0D 33 0D 33 0D 32 0D 32 
      94.366  0x319  [8]  C0 0D 3A 0D 32 02 17 00 
        0x319  chem=0  forceI=0 forceII=0  dis_en=0 chg_en=1  (byte0=0xC0)
      94.377  0x319  [8]  C0 0D 3A 0D 32 02 17 00 
        0x319  chem=0  forceI=0 forceII=0  dis_en=0 chg_en=1  (byte0=0xC0)
      94.388  0x319  [8]  C0 0D 3A 0D 32 02 17 00 
        0x319  chem=0  forceI=0 forceII=0  dis_en=0 chg_en=1  (byte0=0xC0)
      94.398  0x319  [8]  C0 0D 3A 0D 32 02 17 00 
        0x319  chem=0  forceI=0 forceII=0  dis_en=0 chg_en=1  (byte0=0xC0)
      94.409  0x319  [8]  C0 0D 3A 0D 32 02 17 00 
        0x319  chem=0  forceI=0 forceII=0  dis_en=0 chg_en=1  (byte0=0xC0)
      94.420  0x319  [8]  C0 0D 3A 0D 32 02 17 00 
        0x319  chem=0  forceI=0 forceII=0  dis_en=0 chg_en=1  (byte0=0xC0)
      94.430  0x319  [8]  C0 0D 3A 0D 32 02 17 00 
        0x319  chem=0  forceI=0 forceII=0  dis_en=0 chg_en=1  (byte0=0xC0)
      94.441  0x319  [8]  C0 0D 3A 0D 32 02 17 00 
        0x319  chem=0  forceI=0 forceII=0  dis_en=0 chg_en=1  (byte0=0xC0)
      94.452  0x319  [8]  C0 0D 3A 0D 32 02 17 00 
        0x319  chem=0  forceI=0 forceII=0  dis_en=0 chg_en=1  (byte0=0xC0)
      94.462  0x319  [8]  C0 0D 3A 0D 32 02 17 00 
        0x319  chem=0  forceI=0 forceII=0  dis_en=0 chg_en=1  (byte0=0xC0)
      94.473  0x320  [8]  50 41 C3 85 85 00 00 00 
        0x320  mfr=PA  hw=195  sw=133
      94.483  0x320  [8]  50 41 C3 85 85 00 00 00 
        0x320  mfr=PA  hw=195  sw=133
      94.494  0x320  [8]  50 41 C3 85 85 00 00 00 
        0x320  mfr=PA  hw=195  sw=133
      94.494  0x320  [8]  50 41 C3 85 85 00 00 00 
        0x320  mfr=PA  hw=195  sw=133
      94.505  0x320  [8]  50 41 C3 85 85 00 00 00 
        0x320  mfr=PA  hw=195  sw=133
      94.516  0x320  [8]  50 41 C3 85 85 00 00 00 
        0x320  mfr=PA  hw=195  sw=133
      94.516  0x320  [8]  50 41 C3 85 85 00 00 00 
        0x320  mfr=PA  hw=195  sw=133
      94.527  0x320  [8]  50 41 C3 85 85 00 00 00 
        0x320  mfr=PA  hw=195  sw=133
      94.537  0x320  [8]  50 41 C3 85 85 00 00 00 
        0x320  mfr=PA  hw=195  sw=133
      94.548  0x320  [8]  50 41 C3 85 85 00 00 00 
        0x320  mfr=PA  hw=195  sw=133
      94.548  0x320  [8]  50 41 C3 85 85 00 00 00 
        0x320  mfr=PA  hw=195  sw=133
      94.559  0x320  [8]  50 41 C3 85 85 00 00 00 
        0x320  mfr=PA  hw=195  sw=133
      94.569  0x320  [8]  50 41 C3 85 85 00 00 00 
        0x320  mfr=PA  hw=195  sw=133
      94.580  0x320  [8]  50 41 C3 85 85 00 00 00 
        0x320  mfr=PA  hw=195  sw=133
      94.580  0x322  [8]  01 00 00 D4 03 01 63 63 
      94.591  0x322  [8]  01 00 00 D4 03 01 63 63 
      94.591  0x322  [8]  01 00 00 D4 03 01 63 63 
      94.602  0x322  [8]  01 00 00 D4 03 01 63 63 
      94.602  0x322  [8]  01 00 00 D4 03 01 63 63 
      94.602  0x322  [8]  01 00 00 D4 03 01 63 63 
      94.612  0x322  [8]  01 00 00 D4 03 01 63 63 
      94.613  0x322  [8]  01 00 00 D4 03 01 63 63 
      94.623  0x322  [8]  01 00 00 D4 03 01 63 63 
      94.623  0x322  [8]  01 00 00 D4 03 01 63 63 
      94.634  0x322  [8]  01 00 00 D4 03 01 63 63 
      94.634  0x322  [8]  01 00 00 D4 03 01 63 63 
      94.634  0x322  [8]  01 00 00 D4 03 01 63 63 
      94.645  0x322  [8]  01 00 00 D4 03 01 63 63 
      94.645  0x322  [8]  01 00 00 D4 03 01 63 63 
      94.655  0x322  [8]  01 00 00 D4 03 01 63 63 
      94.656  0x322  [8]  01 00 00 D4 03 01 63 63 
      94.656  0x322  [8]  01 00 00 D4 03 01 63 63 
      94.666  0x322  [8]  01 00 00 D4 03 01 63 63 
      94.667  0x322  [8]  01 00 00 D4 03 01 63 63 
      94.677  0x322  [8]  01 00 00 D4 03 01 63 63 
      94.677  0x311  [8]  02 38 08 24 08 24 01 61 
        0x311  CVL=56.8V  CCL=208.4A  DCL=208.4A  status=0x0161 (chg_en=1 dis_en=1 mode=1)
      94.688  0x311  [8]  02 38 08 24 08 24 01 61 
        0x311  CVL=56.8V  CCL=208.4A  DCL=208.4A  status=0x0161 (chg_en=1 dis_en=1 mode=1)
      94.699  0x311  [8]  02 38 08 24 08 24 01 61 
        0x311  CVL=56.8V  CCL=208.4A  DCL=208.4A  status=0x0161 (chg_en=1 dis_en=1 mode=1)
      94.721  0x311  [8]  02 38 08 24 08 24 01 61 
        0x311  CVL=56.8V  CCL=208.4A  DCL=208.4A  status=0x0161 (chg_en=1 dis_en=1 mode=1)
      94.732  0x311  [8]  02 38 08 24 08 24 01 61 
        0x311  CVL=56.8V  CCL=208.4A  DCL=208.4A  status=0x0161 (chg_en=1 dis_en=1 mode=1)
      94.743  0x311  [8]  02 38 08 24 08 24 01 61 
        0x311  CVL=56.8V  CCL=208.4A  DCL=208.4A  status=0x0161 (chg_en=1 dis_en=1 mode=1)
      94.754  0x311  [8]  02 38 08 24 08 24 01 61 
        0x311  CVL=56.8V  CCL=208.4A  DCL=208.4A  status=0x0161 (chg_en=1 dis_en=1 mode=1)
      94.765  0x311  [8]  02 38 08 24 08 24 01 61 
        0x311  CVL=56.8V  CCL=208.4A  DCL=208.4A  status=0x0161 (chg_en=1 dis_en=1 mode=1)
      94.776  0x311  [8]  02 38 08 24 08 24 01 61 
        0x311  CVL=56.8V  CCL=208.4A  DCL=208.4A  status=0x0161 (chg_en=1 dis_en=1 mode=1)
      94.787  0x311  [8]  02 38 08 24 08 24 01 61 
        0x311  CVL=56.8V  CCL=208.4A  DCL=208.4A  status=0x0161 (chg_en=1 dis_en=1 mode=1)
      94.809  0x311  [8]  02 38 08 24 08 24 01 61 
        0x311  CVL=56.8V  CCL=208.4A  DCL=208.4A  status=0x0161 (chg_en=1 dis_en=1 mode=1)
      94.820  0x311  [8]  02 38 08 24 08 24 01 61 
        0x311  CVL=56.8V  CCL=208.4A  DCL=208.4A  status=0x0161 (chg_en=1 dis_en=1 mode=1)
      94.831  0x311  [8]  02 38 08 24 08 24 01 61 
        0x311  CVL=56.8V  CCL=208.4A  DCL=208.4A  status=0x0161 (chg_en=1 dis_en=1 mode=1)
      94.842  0x311  [8]  02 38 08 24 08 24 01 61 
        0x311  CVL=56.8V  CCL=208.4A  DCL=208.4A  status=0x0161 (chg_en=1 dis_en=1 mode=1)
      94.853  0x311  [8]  02 38 08 24 08 24 01 61 
        0x311  CVL=56.8V  CCL=208.4A  DCL=208.4A  status=0x0161 (chg_en=1 dis_en=1 mode=1)
      94.864  0x311  [8]  02 38 08 24 08 24 01 61 
        0x311  CVL=56.8V  CCL=208.4A  DCL=208.4A  status=0x0161 (chg_en=1 dis_en=1 mode=1)
      94.875  0x311  [8]  02 38 08 24 08 24 01 61 
        0x311  CVL=56.8V  CCL=208.4A  DCL=208.4A  status=0x0161 (chg_en=1 dis_en=1 mode=1)
      94.887  0x311  [8]  02 38 08 24 08 24 01 61 
        0x311  CVL=56.8V  CCL=208.4A  DCL=208.4A  status=0x0161 (chg_en=1 dis_en=1 mode=1)
      94.908  0x311  [8]  02 38 08 24 08 24 01 61 
        0x311  CVL=56.8V  CCL=208.4A  DCL=208.4A  status=0x0161 (chg_en=1 dis_en=1 mode=1)
      94.919  0x311  [8]  02 38 08 24 08 24 01 61 
        0x311  CVL=56.8V  CCL=208.4A  DCL=208.4A  status=0x0161 (chg_en=1 dis_en=1 mode=1)
      94.930  0x311  [8]  02 38 08 24 08 24 01 61 
        0x311  CVL=56.8V  CCL=208.4A  DCL=208.4A  status=0x0161 (chg_en=1 dis_en=1 mode=1)
      94.941  0x323  [8]  20 0E 10 00 00 00 00 00 
      94.941  0x323  [8]  20 0E 10 00 00 00 00 00 
      94.952  0x323  [8]  20 0E 10 00 00 00 00 00 
      94.952  0x323  [8]  20 0E 10 00 00 00 00 00 
      94.963  0x323  [8]  20 0E 10 00 00 00 00 00 
      94.963  0x323  [8]  20 0E 10 00 00 00 00 00 
      94.973  0x323  [8]  20 0E 10 00 00 00 00 00 
      94.973  0x323  [8]  20 0E 10 00 00 00 00 00 
      94.974  0x323  [8]  20 0E 10 00 00 00 00 00 
      94.984  0x324  [8]  01 39 35 32 32 30 36 32 
      94.984  0x324  [8]  01 39 35 32 32 30 36 32 
      94.995  0x324  [8]  01 39 35 32 32 30 36 32 
      94.995  0x324  [8]  01 39 35 32 32 30 36 32 
      94.995  0x324  [8]  01 39 35 32 32 30 36 32 
      95.006  0x324  [8]  01 39 35 32 32 30 36 32 
      95.006  0x324  [8]  01 39 35 32 32 30 36 32 
      95.017  0x324  [8]  01 39 35 32 32 30 36 32 
      95.017  0x324  [8]  01 39 35 32 32 30 36 32 
      95.027  0x324  [8]  01 39 35 32 32 30 36 32 
      95.027  0x324  [8]  01 39 35 32 32 30 36 32 
      95.028  0x324  [8]  01 39 35 32 32 30 36 32 
      95.038  0x329  [8]  01 00 21 38 01 00 3E 9F 
      95.038  0x329  [8]  01 00 21 38 01 00 3E 9F 
      95.049  0x329  [8]  01 00 21 38 01 00 3E 9F 
      95.049  0x329  [8]  01 00 21 38 01 00 3E 9F 
      95.049  0x329  [8]  01 00 21 38 01 00 3E 9F 
      95.060  0x329  [8]  01 00 21 38 01 00 3E 9F 
      95.060  0x329  [8]  01 00 21 38 01 00 3E 9F 
      95.070  0x329  [8]  01 00 21 38 01 00 3E 9F 
      95.071  0x329  [8]  01 00 21 38 01 00 3E 9F 
      95.081  0x329  [8]  01 00 21 38 01 00 3E 9F 
      95.081  0x329  [8]  01 00 21 38 01 00 3E 9F 
      95.082  0x329  [8]  01 00 21 38 01 00 3E 9F 
      95.092  0x329  [8]  01 00 21 38 01 00 3E 9F 
      95.092  0x329  [8]  01 00 21 38 01 00 3E 9F 
      95.103  0x329  [8]  01 00 21 38 01 00 3E 9F 
      95.103  0x329  [8]  01 00 21 38 01 00 3E 9F 
      95.113  0x329  [8]  01 00 21 38 01 00 3E 9F 
      95.114  0x329  [8]  01 00 21 38 01 00 3E 9F 
      95.114  0x329  [8]  01 00 21 38 01 00 3E 9F 
      95.124  0x329  [8]  01 00 21 38 01 00 3E 9F 
      95.125  0x329  [8]  01 00 21 38 01 00 3E 9F 
      95.135  0x329  [8]  01 00 21 38 01 00 3E 9F 
      95.135  0x329  [8]  01 00 21 38 01 00 3E 9F 
      95.135  0x330  [8]  02 01 02 07 0D 3A 0D 32 
      95.146  0x330  [8]  02 01 02 07 0D 3A 0D 32 
      95.146  0x330  [8]  02 01 02 07 0D 3A 0D 32 
      95.157  0x330  [8]  02 01 02 07 0D 3A 0D 32 
      95.157  0x330  [8]  02 01 02 07 0D 3A 0D 32 
      95.167  0x330  [8]  02 01 02 07 0D 3A 0D 32 
      95.168  0x330  [8]  02 01 02 07 0D 3A 0D 32 
      95.168  0x330  [8]  02 01 02 07 0D 3A 0D 32 
      95.178  0x312  [8]  00 00 00 00 02 00 00 00 
        0x312  prot=00 00  warn=00 00  packs=2  mfr=??  cells=0
      95.189  0x312  [8]  00 00 00 00 02 00 00 00 
        0x312  prot=00 00  warn=00 00  packs=2  mfr=??  cells=0
      95.199  0x312  [8]  00 00 00 00 02 00 00 00 
        0x312  prot=00 00  warn=00 00  packs=2  mfr=??  cells=0
      95.210  0x312  [8]  00 00 00 00 02 00 00 00 
        0x312  prot=00 00  warn=00 00  packs=2  mfr=??  cells=0
      95.221  0x312  [8]  00 00 00 00 02 00 00 00 
        0x312  prot=00 00  warn=00 00  packs=2  mfr=??  cells=0
      95.231  0x312  [8]  00 00 00 00 02 00 00 00 
        0x312  prot=00 00  warn=00 00  packs=2  mfr=??  cells=0
      95.242  0x312  [8]  00 00 00 00 02 00 00 00 
        0x312  prot=00 00  warn=00 00  packs=2  mfr=??  cells=0
      95.242  0x312  [8]  00 00 00 00 02 00 00 00 
        0x312  prot=00 00  warn=00 00  packs=2  mfr=??  cells=0
      95.253  0x313  [8]  15 22 00 00 00 EA 63 63 
        0x313  Vraw=5410  -> 54.10V if 0.01V  /  541.0V if 0.1V  |  I=+0.0A  T=23.4C  SOC=99%  SOH=99
      95.274  0x313  [8]  15 22 00 00 00 EA 63 63 
        0x313  Vraw=5410  -> 54.10V if 0.01V  /  541.0V if 0.1V  |  I=+0.0A  T=23.4C  SOC=99%  SOH=99
      95.285  0x313  [8]  15 22 00 00 00 EA 63 63 
        0x313  Vraw=5410  -> 54.10V if 0.01V  /  541.0V if 0.1V  |  I=+0.0A  T=23.4C  SOC=99%  SOH=99
      95.296  0x313  [8]  15 22 00 00 00 EA 63 63 
        0x313  Vraw=5410  -> 54.10V if 0.01V  /  541.0V if 0.1V  |  I=+0.0A  T=23.4C  SOC=99%  SOH=99
      95.308  0x313  [8]  15 22 00 00 00 EA 63 63 
        0x313  Vraw=5410  -> 54.10V if 0.01V  /  541.0V if 0.1V  |  I=+0.0A  T=23.4C  SOC=99%  SOH=99
      95.329  0x313  [8]  15 22 00 00 00 EA 63 63 
        0x313  Vraw=5410  -> 54.10V if 0.01V  /  541.0V if 0.1V  |  I=+0.0A  T=23.4C  SOC=99%  SOH=99
      95.340  0x313  [8]  15 22 00 00 00 EA 63 63 
        0x313  Vraw=5410  -> 54.10V if 0.01V  /  541.0V if 0.1V  |  I=+0.0A  T=23.4C  SOC=99%  SOH=99
      95.351  0x313  [8]  15 22 00 00 00 EA 63 63 
        0x313  Vraw=5410  -> 54.10V if 0.01V  /  541.0V if 0.1V  |  I=+0.0A  T=23.4C  SOC=99%  SOH=99
      95.362  0x313  [8]  15 22 00 00 00 EA 63 63 
        0x313  Vraw=5410  -> 54.10V if 0.01V  /  541.0V if 0.1V  |  I=+0.0A  T=23.4C  SOC=99%  SOH=99
      95.373  0x313  [8]  15 22 00 00 00 EA 63 63 
        0x313  Vraw=5410  -> 54.10V if 0.01V  /  541.0V if 0.1V  |  I=+0.0A  T=23.4C  SOC=99%  SOH=99
      95.395  0x313  [8]  15 22 00 00 00 EA 63 63 
        0x313  Vraw=5410  -> 54.10V if 0.01V  /  541.0V if 0.1V  |  I=+0.0A  T=23.4C  SOC=99%  SOH=99
      95.406  0x313  [8]  15 22 00 00 00 EA 63 63 
        0x313  Vraw=5410  -> 54.10V if 0.01V  /  541.0V if 0.1V  |  I=+0.0A  T=23.4C  SOC=99%  SOH=99
      95.417  0x313  [8]  15 22 00 00 00 EA 63 63 
        0x313  Vraw=5410  -> 54.10V if 0.01V  /  541.0V if 0.1V  |  I=+0.0A  T=23.4C  SOC=99%  SOH=99
      95.428  0x314  [8]  5B 2C 5B 40 00 08 05 3D 
        0x314  RM=233.40Ah  FCC=233.60Ah  dV=8mV  cycles=1341
      95.439  0x314  [8]  5B 2C 5B 40 00 08 05 3D 
        0x314  RM=233.40Ah  FCC=233.60Ah  dV=8mV  cycles=1341
      95.450  0x314  [8]  5B 2C 5B 40 00 08 05 3D 
        0x314  RM=233.40Ah  FCC=233.60Ah  dV=8mV  cycles=1341
      95.462  0x314  [8]  5B 2C 5B 40 00 08 05 3D 
        0x314  RM=233.40Ah  FCC=233.60Ah  dV=8mV  cycles=1341
      95.473  0x314  [8]  5B 2C 5B 40 00 08 05 3D 
        0x314  RM=233.40Ah  FCC=233.60Ah  dV=8mV  cycles=1341
      95.484  0x314  [8]  5B 2C 5B 40 00 08 05 3D 
        0x314  RM=233.40Ah  FCC=233.60Ah  dV=8mV  cycles=1341
      95.495  0x314  [8]  5B 2C 5B 40 00 08 05 3D 
        0x314  RM=233.40Ah  FCC=233.60Ah  dV=8mV  cycles=1341
      95.506  0x314  [8]  5B 2C 5B 40 00 08 05 3D 
        0x314  RM=233.40Ah  FCC=233.60Ah  dV=8mV  cycles=1341
      95.517  0x314  [8]  5B 2C 5B 40 00 08 05 3D 
        0x314  RM=233.40Ah  FCC=233.60Ah  dV=8mV  cycles=1341
      95.518  0x314  [8]  5B 2C 5B 40 00 08 05 3D 
        0x314  RM=233.40Ah  FCC=233.60Ah  dV=8mV  cycles=1341
      95.529  0x314  [8]  5B 2C 5B 40 00 08 05 3D 
        0x314  RM=233.40Ah  FCC=233.60Ah  dV=8mV  cycles=1341
      95.540  0x314  [8]  5B 2C 5B 40 00 08 05 3D 
        0x314  RM=233.40Ah  FCC=233.60Ah  dV=8mV  cycles=1341
      95.551  0x314  [8]  5B 2C 5B 40 00 08 05 3D 
        0x314  RM=233.40Ah  FCC=233.60Ah  dV=8mV  cycles=1341
      95.562  0x314  [8]  5B 2C 5B 40 00 08 05 3D 
        0x314  RM=233.40Ah  FCC=233.60Ah  dV=8mV  cycles=1341
      95.573  0x314  [8]  5B 2C 5B 40 00 08 05 3D 
        0x314  RM=233.40Ah  FCC=233.60Ah  dV=8mV  cycles=1341
      95.584  0x314  [8]  5B 2C 5B 40 00 08 05 3D 
        0x314  RM=233.40Ah  FCC=233.60Ah  dV=8mV  cycles=1341
      95.596  0x314  [8]  5B 2C 5B 40 00 08 05 3D 
        0x314  RM=233.40Ah  FCC=233.60Ah  dV=8mV  cycles=1341
      95.607  0x314  [8]  5B 2C 5B 40 00 08 05 3D 
        0x314  RM=233.40Ah  FCC=233.60Ah  dV=8mV  cycles=1341
      95.608  0x314  [8]  5B 2C 5B 40 00 08 05 3D 
        0x314  RM=233.40Ah  FCC=233.60Ah  dV=8mV  cycles=1341
      95.619  0x314  [8]  5B 2C 5B 40 00 08 05 3D 
        0x314  RM=233.40Ah  FCC=233.60Ah  dV=8mV  cycles=1341
      95.630  0x314  [8]  5B 2C 5B 40 00 08 05 3D 
        0x314  RM=233.40Ah  FCC=233.60Ah  dV=8mV  cycles=1341
      95.641  0x315  [8]  0D 39 0D 39 0D 38 0D 38 
      95.651  0x315  [8]  0D 39 0D 39 0D 38 0D 38 
      95.652  0x315  [8]  0D 39 0D 39 0D 38 0D 38 
      95.652  0x315  [8]  0D 39 0D 39 0D 38 0D 38 
      95.662  0x315  [8]  0D 39 0D 39 0D 38 0D 38 
      95.662  0x315  [8]  0D 39 0D 39 0D 38 0D 38 
      95.673  0x315  [8]  0D 39 0D 39 0D 38 0D 38 
      95.673  0x315  [8]  0D 39 0D 39 0D 38 0D 38 
      95.673  0x315  [8]  0D 39 0D 39 0D 38 0D 38 
      95.684  0x315  [8]  0D 39 0D 39 0D 38 0D 38 
      95.684  0x315  [8]  0D 39 0D 39 0D 38 0D 38 
      95.695  0x315  [8]  0D 39 0D 39 0D 38 0D 38 
      95.695  0x315  [8]  0D 39 0D 39 0D 38 0D 38 
      95.705  0x315  [8]  0D 39 0D 39 0D 38 0D 38 
      95.705  0x315  [8]  0D 39 0D 39 0D 38 0D 38 
      95.706  0x315  [8]  0D 39 0D 39 0D 38 0D 38 
      95.716  0x315  [8]  0D 39 0D 39 0D 38 0D 38 
      95.716  0x315  [8]  0D 39 0D 39 0D 38 0D 38 
      95.727  0x315  [8]  0D 39 0D 39 0D 38 0D 38 
      95.727  0x315  [8]  0D 39 0D 39 0D 38 0D 38 
      95.727  0x315  [8]  0D 39 0D 39 0D 38 0D 38 
      95.738  0x315  [8]  0D 39 0D 39 0D 38 0D 38 
      95.738  0x315  [8]  0D 39 0D 39 0D 38 0D 38 
      95.748  0x319  [8]  C0 0D 3A 0D 32 11 17 00 
        0x319  chem=0  forceI=0 forceII=0  dis_en=0 chg_en=1  (byte0=0xC0)
      95.759  0x319  [8]  C0 0D 3A 0D 32 11 17 00 
        0x319  chem=0  forceI=0 forceII=0  dis_en=0 chg_en=1  (byte0=0xC0)
      95.770  0x319  [8]  C0 0D 3A 0D 32 11 17 00 
        0x319  chem=0  forceI=0 forceII=0  dis_en=0 chg_en=1  (byte0=0xC0)
      95.780  0x319  [8]  C0 0D 3A 0D 32 11 17 00 
        0x319  chem=0  forceI=0 forceII=0  dis_en=0 chg_en=1  (byte0=0xC0)
      95.791  0x319  [8]  C0 0D 3A 0D 32 11 17 00 
        0x319  chem=0  forceI=0 forceII=0  dis_en=0 chg_en=1  (byte0=0xC0)
      95.802  0x319  [8]  C0 0D 3A 0D 32 11 17 00 
        0x319  chem=0  forceI=0 forceII=0  dis_en=0 chg_en=1  (byte0=0xC0)
      95.812  0x319  [8]  C0 0D 3A 0D 32 11 17 00 
        0x319  chem=0  forceI=0 forceII=0  dis_en=0 chg_en=1  (byte0=0xC0)
      95.823  0x319  [8]  C0 0D 3A 0D 32 11 17 00 
        0x319  chem=0  forceI=0 forceII=0  dis_en=0 chg_en=1  (byte0=0xC0)
      95.833  0x319  [8]  C0 0D 3A 0D 32 11 17 00 
        0x319  chem=0  forceI=0 forceII=0  dis_en=0 chg_en=1  (byte0=0xC0)
      95.844  0x320  [8]  50 41 C3 85 85 00 00 00 
        0x320  mfr=PA  hw=195  sw=133
      95.855  0x320  [8]  50 41 C3 85 85 00 00 00 
        0x320  mfr=PA  hw=195  sw=133
      95.865  0x320  [8]  50 41 C3 85 85 00 00 00 
        0x320  mfr=PA  hw=195  sw=133
      95.866  0x320  [8]  50 41 C3 85 85 00 00 00 
        0x320  mfr=PA  hw=195  sw=133
      95.876  0x320  [8]  50 41 C3 85 85 00 00 00 
        0x320  mfr=PA  hw=195  sw=133
      95.887  0x320  [8]  50 41 C3 85 85 00 00 00 
        0x320  mfr=PA  hw=195  sw=133
      95.897  0x320  [8]  50 41 C3 85 85 00 00 00 
        0x320  mfr=PA  hw=195  sw=133
      95.898  0x320  [8]  50 41 C3 85 85 00 00 00 
        0x320  mfr=PA  hw=195  sw=133
      95.908  0x322  [8]  01 00 00 D4 03 01 63 63 
      95.909  0x322  [8]  01 00 00 D4 03 01 63 63 
      95.919  0x322  [8]  01 00 00 D4 03 01 63 63 
      95.919  0x322  [8]  01 00 00 D4 03 01 63 63 
      95.930  0x322  [8]  01 00 00 D4 03 01 63 63 
      95.930  0x322  [8]  01 00 00 D4 03 01 63 63 
      95.941  0x322  [8]  01 00 00 D4 03 01 63 63 
      95.941  0x322  [8]  01 00 00 D4 03 01 63 63 
      95.941  0x311  [8]  02 38 08 24 08 24 01 61 
        0x311  CVL=56.8V  CCL=208.4A  DCL=208.4A  status=0x0161 (chg_en=1 dis_en=1 mode=1)
      95.962  0x311  [8]  02 38 08 24 08 24 01 61 
        0x311  CVL=56.8V  CCL=208.4A  DCL=208.4A  status=0x0161 (chg_en=1 dis_en=1 mode=1)
      95.973  0x311  [8]  02 38 08 24 08 24 01 61 
        0x311  CVL=56.8V  CCL=208.4A  DCL=208.4A  status=0x0161 (chg_en=1 dis_en=1 mode=1)
      95.985  0x311  [8]  02 38 08 24 08 24 01 61 
        0x311  CVL=56.8V  CCL=208.4A  DCL=208.4A  status=0x0161 (chg_en=1 dis_en=1 mode=1)
      95.996  0x311  [8]  02 38 08 24 08 24 01 61 
        0x311  CVL=56.8V  CCL=208.4A  DCL=208.4A  status=0x0161 (chg_en=1 dis_en=1 mode=1)
      96.007  0x311  [8]  02 38 08 24 08 24 01 61 
        0x311  CVL=56.8V  CCL=208.4A  DCL=208.4A  status=0x0161 (chg_en=1 dis_en=1 mode=1)
      96.018  0x311  [8]  02 38 08 24 08 24 01 61 
        0x311  CVL=56.8V  CCL=208.4A  DCL=208.4A  status=0x0161 (chg_en=1 dis_en=1 mode=1)
      96.029  0x311  [8]  02 38 08 24 08 24 01 61 
        0x311  CVL=56.8V  CCL=208.4A  DCL=208.4A  status=0x0161 (chg_en=1 dis_en=1 mode=1)
      96.040  0x311  [8]  02 38 08 24 08 24 01 61 
        0x311  CVL=56.8V  CCL=208.4A  DCL=208.4A  status=0x0161 (chg_en=1 dis_en=1 mode=1)
      96.061  0x311  [8]  02 38 08 24 08 24 01 61 
        0x311  CVL=56.8V  CCL=208.4A  DCL=208.4A  status=0x0161 (chg_en=1 dis_en=1 mode=1)
      96.072  0x311  [8]  02 38 08 24 08 24 01 61 
        0x311  CVL=56.8V  CCL=208.4A  DCL=208.4A  status=0x0161 (chg_en=1 dis_en=1 mode=1)
      96.084  0x311  [8]  02 38 08 24 08 24 01 61 
        0x311  CVL=56.8V  CCL=208.4A  DCL=208.4A  status=0x0161 (chg_en=1 dis_en=1 mode=1)
      96.095  0x311  [8]  02 38 08 24 08 24 01 61 
        0x311  CVL=56.8V  CCL=208.4A  DCL=208.4A  status=0x0161 (chg_en=1 dis_en=1 mode=1)
      96.106  0x311  [8]  02 38 08 24 08 24 01 61 
        0x311  CVL=56.8V  CCL=208.4A  DCL=208.4A  status=0x0161 (chg_en=1 dis_en=1 mode=1)
      96.117  0x311  [8]  02 38 08 24 08 24 01 61 
        0x311  CVL=56.8V  CCL=208.4A  DCL=208.4A  status=0x0161 (chg_en=1 dis_en=1 mode=1)
      96.128  0x311  [8]  02 38 08 24 08 24 01 61 
        0x311  CVL=56.8V  CCL=208.4A  DCL=208.4A  status=0x0161 (chg_en=1 dis_en=1 mode=1)
      96.149  0x311  [8]  02 38 08 24 08 24 01 61 
        0x311  CVL=56.8V  CCL=208.4A  DCL=208.4A  status=0x0161 (chg_en=1 dis_en=1 mode=1)
      96.160  0x311  [8]  02 38 08 24 08 24 01 61 
        0x311  CVL=56.8V  CCL=208.4A  DCL=208.4A  status=0x0161 (chg_en=1 dis_en=1 mode=1)
      96.171  0x311  [8]  02 38 08 24 08 24 01 61 
        0x311  CVL=56.8V  CCL=208.4A  DCL=208.4A  status=0x0161 (chg_en=1 dis_en=1 mode=1)
      96.183  0x311  [8]  02 38 08 24 08 24 01 61 
        0x311  CVL=56.8V  CCL=208.4A  DCL=208.4A  status=0x0161 (chg_en=1 dis_en=1 mode=1)
      96.194  0x311  [8]  02 38 08 24 08 24 01 61 
        0x311  CVL=56.8V  CCL=208.4A  DCL=208.4A  status=0x0161 (chg_en=1 dis_en=1 mode=1)
      96.205  0x311  [8]  02 38 08 24 08 24 01 61 
        0x311  CVL=56.8V  CCL=208.4A  DCL=208.4A  status=0x0161 (chg_en=1 dis_en=1 mode=1)
      96.216  0x311  [8]  02 38 08 24 08 24 01 61 
        0x311  CVL=56.8V  CCL=208.4A  DCL=208.4A  status=0x0161 (chg_en=1 dis_en=1 mode=1)
      96.237  0x311  [8]  02 38 08 24 08 24 01 61 
        0x311  CVL=56.8V  CCL=208.4A  DCL=208.4A  status=0x0161 (chg_en=1 dis_en=1 mode=1)
      96.248  0x311  [8]  02 38 08 24 08 24 01 61 
        0x311  CVL=56.8V  CCL=208.4A  DCL=208.4A  status=0x0161 (chg_en=1 dis_en=1 mode=1)
      96.259  0x311  [8]  02 38 08 24 08 24 01 61 
        0x311  CVL=56.8V  CCL=208.4A  DCL=208.4A  status=0x0161 (chg_en=1 dis_en=1 mode=1)
      96.271  0x311  [8]  02 38 08 24 08 24 01 61 
        0x311  CVL=56.8V  CCL=208.4A  DCL=208.4A  status=0x0161 (chg_en=1 dis_en=1 mode=1)
      96.282  0x311  [8]  02 38 08 24 08 24 01 61 
        0x311  CVL=56.8V  CCL=208.4A  DCL=208.4A  status=0x0161 (chg_en=1 dis_en=1 mode=1)
      96.293  0x311  [8]  02 38 08 24 08 24 01 61 
        0x311  CVL=56.8V  CCL=208.4A  DCL=208.4A  status=0x0161 (chg_en=1 dis_en=1 mode=1)
      96.304  0x311  [8]  02 38 08 24 08 24 01 61 
        0x311  CVL=56.8V  CCL=208.4A  DCL=208.4A  status=0x0161 (chg_en=1 dis_en=1 mode=1)
      96.325  0x311  [8]  02 38 08 24 08 24 01 61 
        0x311  CVL=56.8V  CCL=208.4A  DCL=208.4A  status=0x0161 (chg_en=1 dis_en=1 mode=1)
      96.336  0x311  [8]  02 38 08 24 08 24 01 61 
        0x311  CVL=56.8V  CCL=208.4A  DCL=208.4A  status=0x0161 (chg_en=1 dis_en=1 mode=1)
      96.347  0x311  [8]  02 38 08 24 08 24 01 61 
        0x311  CVL=56.8V  CCL=208.4A  DCL=208.4A  status=0x0161 (chg_en=1 dis_en=1 mode=1)
      96.359  0x311  [8]  02 38 08 24 08 24 01 61 
        0x311  CVL=56.8V  CCL=208.4A  DCL=208.4A  status=0x0161 (chg_en=1 dis_en=1 mode=1)
      96.370  0x311  [8]  02 38 08 24 08 24 01 61 
        0x311  CVL=56.8V  CCL=208.4A  DCL=208.4A  status=0x0161 (chg_en=1 dis_en=1 mode=1)
      96.381  0x311  [8]  02 38 08 24 08 24 01 61 
        0x311  CVL=56.8V  CCL=208.4A  DCL=208.4A  status=0x0161 (chg_en=1 dis_en=1 mode=1)
      96.392  0x311  [8]  02 38 08 24 08 24 01 61 
        0x311  CVL=56.8V  CCL=208.4A  DCL=208.4A  status=0x0161 (chg_en=1 dis_en=1 mode=1)
      96.403  0x311  [8]  02 38 08 24 08 24 01 61 
        0x311  CVL=56.8V  CCL=208.4A  DCL=208.4A  status=0x0161 (chg_en=1 dis_en=1 mode=1)
      96.424  0x311  [8]  02 38 08 24 08 24 01 61 
        0x311  CVL=56.8V  CCL=208.4A  DCL=208.4A  status=0x0161 (chg_en=1 dis_en=1 mode=1)
      96.435  0x311  [8]  02 38 08 24 08 24 01 61 
        0x311  CVL=56.8V  CCL=208.4A  DCL=208.4A  status=0x0161 (chg_en=1 dis_en=1 mode=1)
      96.447  0x311  [8]  02 38 08 24 08 24 01 61 
        0x311  CVL=56.8V  CCL=208.4A  DCL=208.4A  status=0x0161 (chg_en=1 dis_en=1 mode=1)
      96.458  0x311  [8]  02 38 08 24 08 24 01 61 
        0x311  CVL=56.8V  CCL=208.4A  DCL=208.4A  status=0x0161 (chg_en=1 dis_en=1 mode=1)
      96.469  0x311  [8]  02 38 08 24 08 24 01 61 
        0x311  CVL=56.8V  CCL=208.4A  DCL=208.4A  status=0x0161 (chg_en=1 dis_en=1 mode=1)
      96.480  0x311  [8]  02 38 08 24 08 24 01 61 
        0x311  CVL=56.8V  CCL=208.4A  DCL=208.4A  status=0x0161 (chg_en=1 dis_en=1 mode=1)
      96.491  0x311  [8]  02 38 08 24 08 24 01 61 
        0x311  CVL=56.8V  CCL=208.4A  DCL=208.4A  status=0x0161 (chg_en=1 dis_en=1 mode=1)
      96.512  0x311  [8]  02 38 08 24 08 24 01 61 
        0x311  CVL=56.8V  CCL=208.4A  DCL=208.4A  status=0x0161 (chg_en=1 dis_en=1 mode=1)
      96.523  0x311  [8]  02 38 08 24 08 24 01 61 
        0x311  CVL=56.8V  CCL=208.4A  DCL=208.4A  status=0x0161 (chg_en=1 dis_en=1 mode=1)
      96.534  0x311  [8]  02 38 08 24 08 24 01 61 
        0x311  CVL=56.8V  CCL=208.4A  DCL=208.4A  status=0x0161 (chg_en=1 dis_en=1 mode=1)
      96.545  0x311  [8]  02 38 08 24 08 24 01 61 
        0x311  CVL=56.8V  CCL=208.4A  DCL=208.4A  status=0x0161 (chg_en=1 dis_en=1 mode=1)
      96.557  0x311  [8]  02 38 08 24 08 24 01 61 
        0x311  CVL=56.8V  CCL=208.4A  DCL=208.4A  status=0x0161 (chg_en=1 dis_en=1 mode=1)
      96.568  0x311  [8]  02 38 08 24 08 24 01 61 
        0x311  CVL=56.8V  CCL=208.4A  DCL=208.4A  status=0x0161 (chg_en=1 dis_en=1 mode=1)
      96.579  0x311  [8]  02 38 08 24 08 24 01 61 
        0x311  CVL=56.8V  CCL=208.4A  DCL=208.4A  status=0x0161 (chg_en=1 dis_en=1 mode=1)
      96.600  0x311  [8]  02 38 08 24 08 24 01 61 
        0x311  CVL=56.8V  CCL=208.4A  DCL=208.4A  status=0x0161 (chg_en=1 dis_en=1 mode=1)
      96.611  0x311  [8]  02 38 08 24 08 24 01 61 
        0x311  CVL=56.8V  CCL=208.4A  DCL=208.4A  status=0x0161 (chg_en=1 dis_en=1 mode=1)
      96.622  0x311  [8]  02 38 08 24 08 24 01 61 
        0x311  CVL=56.8V  CCL=208.4A  DCL=208.4A  status=0x0161 (chg_en=1 dis_en=1 mode=1)
      96.633  0x311  [8]  02 38 08 24 08 24 01 61 
        0x311  CVL=56.8V  CCL=208.4A  DCL=208.4A  status=0x0161 (chg_en=1 dis_en=1 mode=1)
      96.644  0x311  [8]  02 38 08 24 08 24 01 61 
        0x311  CVL=56.8V  CCL=208.4A  DCL=208.4A  status=0x0161 (chg_en=1 dis_en=1 mode=1)
      96.656  0x311  [8]  02 38 08 24 08 24 01 61 
        0x311  CVL=56.8V  CCL=208.4A  DCL=208.4A  status=0x0161 (chg_en=1 dis_en=1 mode=1)
      96.667  0x311  [8]  02 38 08 24 08 24 01 61 
        0x311  CVL=56.8V  CCL=208.4A  DCL=208.4A  status=0x0161 (chg_en=1 dis_en=1 mode=1)
      96.678  0x311  [8]  02 38 08 24 08 24 01 61 
        0x311  CVL=56.8V  CCL=208.4A  DCL=208.4A  status=0x0161 (chg_en=1 dis_en=1 mode=1)
      96.699  0x311  [8]  02 38 08 24 08 24 01 61 
        0x311  CVL=56.8V  CCL=208.4A  DCL=208.4A  status=0x0161 (chg_en=1 dis_en=1 mode=1)
      96.710  0x311  [8]  02 38 08 24 08 24 01 61 
        0x311  CVL=56.8V  CCL=208.4A  DCL=208.4A  status=0x0161 (chg_en=1 dis_en=1 mode=1)
      96.721  0x311  [8]  02 38 08 24 08 24 01 61 
        0x311  CVL=56.8V  CCL=208.4A  DCL=208.4A  status=0x0161 (chg_en=1 dis_en=1 mode=1)
      96.732  0x311  [8]  02 38 08 24 08 24 01 61 
        0x311  CVL=56.8V  CCL=208.4A  DCL=208.4A  status=0x0161 (chg_en=1 dis_en=1 mode=1)
      96.744  0x311  [8]  02 38 08 24 08 24 01 61 
        0x311  CVL=56.8V  CCL=208.4A  DCL=208.4A  status=0x0161 (chg_en=1 dis_en=1 mode=1)
      96.755  0x311  [8]  02 38 08 24 08 24 01 61 
        0x311  CVL=56.8V  CCL=208.4A  DCL=208.4A  status=0x0161 (chg_en=1 dis_en=1 mode=1)
      96.766  0x311  [8]  02 38 08 24 08 24 01 61 
        0x311  CVL=56.8V  CCL=208.4A  DCL=208.4A  status=0x0161 (chg_en=1 dis_en=1 mode=1)
      96.787  0x311  [8]  02 38 08 24 08 24 01 61 
        0x311  CVL=56.8V  CCL=208.4A  DCL=208.4A  status=0x0161 (chg_en=1 dis_en=1 mode=1)
      96.798  0x311  [8]  02 38 08 24 08 24 01 61 
        0x311  CVL=56.8V  CCL=208.4A  DCL=208.4A  status=0x0161 (chg_en=1 dis_en=1 mode=1)
      96.809  0x311  [8]  02 38 08 24 08 24 01 61 
        0x311  CVL=56.8V  CCL=208.4A  DCL=208.4A  status=0x0161 (chg_en=1 dis_en=1 mode=1)
      96.820  0x311  [8]  02 38 08 24 08 24 01 61 
        0x311  CVL=56.8V  CCL=208.4A  DCL=208.4A  status=0x0161 (chg_en=1 dis_en=1 mode=1)
      96.832  0x311  [8]  02 38 08 24 08 24 01 61 
        0x311  CVL=56.8V  CCL=208.4A  DCL=208.4A  status=0x0161 (chg_en=1 dis_en=1 mode=1)
      96.843  0x311  [8]  02 38 08 24 08 24 01 61 
        0x311  CVL=56.8V  CCL=208.4A  DCL=208.4A  status=0x0161 (chg_en=1 dis_en=1 mode=1)
      96.854  0x330  [8]  02 01 02 08 0D 3A 0D 31 
      96.864  0x329  [8]  01 00 21 38 01 00 3E 9F 
      96.864  0x323  [8]  20 0E 10 00 00 00 00 00 
      96.875  0x323  [8]  20 0E 10 00 00 00 00 00 
      96.875  0x323  [8]  20 0E 10 00 00 00 00 00 
      96.875  0x323  [8]  20 0E 10 00 00 00 00 00 
      96.886  0x323  [8]  20 0E 10 00 00 00 00 00 
      96.886  0x323  [8]  20 0E 10 00 00 00 00 00 
      96.896  0x323  [8]  20 0E 10 00 00 00 00 00 
      96.897  0x323  [8]  20 0E 10 00 00 00 00 00 
      96.907  0x324  [8]  02 43 30 37 00 00 00 00 
      96.907  0x324  [8]  02 43 30 37 00 00 00 00 
      96.908  0x324  [8]  02 43 30 37 00 00 00 00 
      96.918  0x324  [8]  02 43 30 37 00 00 00 00 
      96.918  0x324  [8]  02 43 30 37 00 00 00 00 
      96.929  0x324  [8]  02 43 30 37 00 00 00 00 
      96.929  0x324  [8]  02 43 30 37 00 00 00 00 
      96.929  0x324  [8]  02 43 30 37 00 00 00 00 
      96.940  0x312  [8]  00 00 00 00 02 00 00 00 
        0x312  prot=00 00  warn=00 00  packs=2  mfr=??  cells=0
      96.950  0x312  [8]  00 00 00 00 02 00 00 00 
        0x312  prot=00 00  warn=00 00  packs=2  mfr=??  cells=0
      96.961  0x312  [8]  00 00 00 00 02 00 00 00 
        0x312  prot=00 00  warn=00 00  packs=2  mfr=??  cells=0
      96.972  0x312  [8]  00 00 00 00 02 00 00 00 
        0x312  prot=00 00  warn=00 00  packs=2  mfr=??  cells=0
      96.982  0x312  [8]  00 00 00 00 02 00 00 00 
        0x312  prot=00 00  warn=00 00  packs=2  mfr=??  cells=0
      96.993  0x312  [8]  00 00 00 00 02 00 00 00 
        0x312  prot=00 00  warn=00 00  packs=2  mfr=??  cells=0
      97.004  0x312  [8]  00 00 00 00 02 00 00 00 
        0x312  prot=00 00  warn=00 00  packs=2  mfr=??  cells=0
      97.014  0x312  [8]  00 00 00 00 02 00 00 00 
        0x312  prot=00 00  warn=00 00  packs=2  mfr=??  cells=0
      97.025  0x313  [8]  15 18 00 00 00 EA 63 63 
        0x313  Vraw=5400  -> 54.00V if 0.01V  /  540.0V if 0.1V  |  I=+0.0A  T=23.4C  SOC=99%  SOH=99
      97.036  0x313  [8]  15 18 00 00 00 EA 63 63 
        0x313  Vraw=5400  -> 54.00V if 0.01V  /  540.0V if 0.1V  |  I=+0.0A  T=23.4C  SOC=99%  SOH=99
      97.047  0x313  [8]  15 18 00 00 00 EA 63 63 
        0x313  Vraw=5400  -> 54.00V if 0.01V  /  540.0V if 0.1V  |  I=+0.0A  T=23.4C  SOC=99%  SOH=99
      97.058  0x313  [8]  15 18 00 00 00 EA 63 63 
        0x313  Vraw=5400  -> 54.00V if 0.01V  /  540.0V if 0.1V  |  I=+0.0A  T=23.4C  SOC=99%  SOH=99
      97.069  0x313  [8]  15 18 00 00 00 EA 63 63 
        0x313  Vraw=5400  -> 54.00V if 0.01V  /  540.0V if 0.1V  |  I=+0.0A  T=23.4C  SOC=99%  SOH=99
      97.091  0x313  [8]  15 18 00 00 00 EA 63 63 
        0x313  Vraw=5400  -> 54.00V if 0.01V  /  540.0V if 0.1V  |  I=+0.0A  T=23.4C  SOC=99%  SOH=99
      97.102  0x313  [8]  15 18 00 00 00 EA 63 63 
        0x313  Vraw=5400  -> 54.00V if 0.01V  /  540.0V if 0.1V  |  I=+0.0A  T=23.4C  SOC=99%  SOH=99
      97.113  0x313  [8]  15 18 00 00 00 EA 63 63 
        0x313  Vraw=5400  -> 54.00V if 0.01V  /  540.0V if 0.1V  |  I=+0.0A  T=23.4C  SOC=99%  SOH=99
      97.124  0x314  [8]  5B 2C 5B 40 00 09 05 3D 
        0x314  RM=233.40Ah  FCC=233.60Ah  dV=9mV  cycles=1341
      97.135  0x314  [8]  5B 2C 5B 40 00 09 05 3D 
        0x314  RM=233.40Ah  FCC=233.60Ah  dV=9mV  cycles=1341
      97.146  0x314  [8]  5B 2C 5B 40 00 09 05 3D 
        0x314  RM=233.40Ah  FCC=233.60Ah  dV=9mV  cycles=1341
      97.157  0x314  [8]  5B 2C 5B 40 00 09 05 3D 
        0x314  RM=233.40Ah  FCC=233.60Ah  dV=9mV  cycles=1341
      97.168  0x314  [8]  5B 2C 5B 40 00 09 05 3D 
        0x314  RM=233.40Ah  FCC=233.60Ah  dV=9mV  cycles=1341
      97.180  0x314  [8]  5B 2C 5B 40 00 09 05 3D 
        0x314  RM=233.40Ah  FCC=233.60Ah  dV=9mV  cycles=1341
      97.191  0x314  [8]  5B 2C 5B 40 00 09 05 3D 
        0x314  RM=233.40Ah  FCC=233.60Ah  dV=9mV  cycles=1341
      97.202  0x314  [8]  5B 2C 5B 40 00 09 05 3D 
        0x314  RM=233.40Ah  FCC=233.60Ah  dV=9mV  cycles=1341
      97.203  0x315  [8]  0D 39 0D 38 0D 38 0D 38 
      97.213  0x315  [8]  0D 39 0D 38 0D 38 0D 38 
      97.213  0x315  [8]  0D 39 0D 38 0D 38 0D 38 
      97.224  0x315  [8]  0D 39 0D 38 0D 38 0D 38 
      97.224  0x315  [8]  0D 39 0D 38 0D 38 0D 38 
      97.234  0x315  [8]  0D 39 0D 38 0D 38 0D 38 
      97.235  0x315  [8]  0D 39 0D 38 0D 38 0D 38 
      97.235  0x315  [8]  0D 39 0D 38 0D 38 0D 38 
      97.245  0x316  [8]  0D 35 0D 35 0D 35 0D 34 
      97.246  0x316  [8]  0D 35 0D 35 0D 35 0D 34 
      97.256  0x316  [8]  0D 35 0D 35 0D 35 0D 34 
      97.256  0x316  [8]  0D 35 0D 35 0D 35 0D 34 
      97.267  0x316  [8]  0D 35 0D 35 0D 35 0D 34 
      97.267  0x316  [8]  0D 35 0D 35 0D 35 0D 34 
      97.267  0x316  [8]  0D 35 0D 35 0D 35 0D 34 
      97.278  0x316  [8]  0D 35 0D 35 0D 35 0D 34 
      97.278  0x317  [8]  0D 3A 0D 38 0D 38 0D 37 
      97.288  0x317  [8]  0D 3A 0D 38 0D 38 0D 37 
      97.289  0x317  [8]  0D 3A 0D 38 0D 38 0D 37 
      97.289  0x317  [8]  0D 3A 0D 38 0D 38 0D 37 
      97.299  0x317  [8]  0D 3A 0D 38 0D 38 0D 37 
      97.299  0x317  [8]  0D 3A 0D 38 0D 38 0D 37 
      97.310  0x317  [8]  0D 3A 0D 38 0D 38 0D 37 
      97.310  0x317  [8]  0D 3A 0D 38 0D 38 0D 37 
      97.321  0x317  [8]  0D 3A 0D 38 0D 38 0D 37 
      97.321  0x317  [8]  0D 3A 0D 38 0D 38 0D 37 
      97.321  0x317  [8]  0D 3A 0D 38 0D 38 0D 37 
      97.332  0x317  [8]  0D 3A 0D 38 0D 38 0D 37 
      97.332  0x318  [8]  0D 33 0D 32 0D 32 0D 31 
      97.342  0x318  [8]  0D 33 0D 32 0D 32 0D 31 
      97.342  0x318  [8]  0D 33 0D 32 0D 32 0D 31 
      97.343  0x318  [8]  0D 33 0D 32 0D 32 0D 31 
      97.353  0x318  [8]  0D 33 0D 32 0D 32 0D 31 
      97.353  0x318  [8]  0D 33 0D 32 0D 32 0D 31 
      97.364  0x318  [8]  0D 33 0D 32 0D 32 0D 31 
      97.364  0x318  [8]  0D 33 0D 32 0D 32 0D 31 
      97.375  0x318  [8]  0D 33 0D 32 0D 32 0D 31 
      97.375  0x318  [8]  0D 33 0D 32 0D 32 0D 31 
      97.375  0x318  [8]  0D 33 0D 32 0D 32 0D 31 
      97.385  0x318  [8]  0D 33 0D 32 0D 32 0D 31 
      97.386  0x318  [8]  0D 33 0D 32 0D 32 0D 31 
      97.396  0x318  [8]  0D 33 0D 32 0D 32 0D 31 
      97.396  0x318  [8]  0D 33 0D 32 0D 32 0D 31 
      97.397  0x318  [8]  0D 33 0D 32 0D 32 0D 31 
      97.407  0x319  [8]  C0 0D 3A 0D 31 11 18 00 
        0x319  chem=0  forceI=0 forceII=0  dis_en=0 chg_en=1  (byte0=0xC0)
      97.418  0x319  [8]  C0 0D 3A 0D 31 11 18 00 
        0x319  chem=0  forceI=0 forceII=0  dis_en=0 chg_en=1  (byte0=0xC0)
      97.428  0x319  [8]  C0 0D 3A 0D 31 11 18 00 
        0x319  chem=0  forceI=0 forceII=0  dis_en=0 chg_en=1  (byte0=0xC0)
      97.439  0x319  [8]  C0 0D 3A 0D 31 11 18 00 
        0x319  chem=0  forceI=0 forceII=0  dis_en=0 chg_en=1  (byte0=0xC0)
      97.450  0x319  [8]  C0 0D 3A 0D 31 11 18 00 
        0x319  chem=0  forceI=0 forceII=0  dis_en=0 chg_en=1  (byte0=0xC0)
      97.460  0x319  [8]  C0 0D 3A 0D 31 11 18 00 
        0x319  chem=0  forceI=0 forceII=0  dis_en=0 chg_en=1  (byte0=0xC0)
      97.471  0x319  [8]  C0 0D 3A 0D 31 11 18 00 
        0x319  chem=0  forceI=0 forceII=0  dis_en=0 chg_en=1  (byte0=0xC0)
      97.481  0x319  [8]  C0 0D 3A 0D 31 11 18 00 
        0x319  chem=0  forceI=0 forceII=0  dis_en=0 chg_en=1  (byte0=0xC0)
      97.492  0x319  [8]  C0 0D 3A 0D 31 11 18 00 
        0x319  chem=0  forceI=0 forceII=0  dis_en=0 chg_en=1  (byte0=0xC0)
      97.503  0x320  [8]  50 41 C3 85 85 00 00 00 
        0x320  mfr=PA  hw=195  sw=133
      97.513  0x320  [8]  50 41 C3 85 85 00 00 00 
        0x320  mfr=PA  hw=195  sw=133
      97.524  0x320  [8]  50 41 C3 85 85 00 00 00 
        0x320  mfr=PA  hw=195  sw=133
      97.535  0x320  [8]  50 41 C3 85 85 00 00 00 
        0x320  mfr=PA  hw=195  sw=133
      97.535  0x320  [8]  50 41 C3 85 85 00 00 00 
        0x320  mfr=PA  hw=195  sw=133
      97.546  0x320  [8]  50 41 C3 85 85 00 00 00 
        0x320  mfr=PA  hw=195  sw=133
      97.556  0x320  [8]  50 41 C3 85 85 00 00 00 
        0x320  mfr=PA  hw=195  sw=133
      97.557  0x320  [8]  50 41 C3 85 85 00 00 00 
        0x320  mfr=PA  hw=195  sw=133
      97.567  0x322  [8]  01 00 00 D4 03 01 63 63 
      97.578  0x322  [8]  01 00 00 D4 03 01 63 63 
      97.578  0x322  [8]  01 00 00 D4 03 01 63 63 
      97.578  0x322  [8]  01 00 00 D4 03 01 63 63 
      97.589  0x322  [8]  01 00 00 D4 03 01 63 63 
      97.589  0x322  [8]  01 00 00 D4 03 01 63 63 
      97.599  0x322  [8]  01 00 00 D4 03 01 63 63 
      97.599  0x322  [8]  01 00 00 D4 03 01 63 63 
      97.610  0x322  [8]  01 00 00 D4 03 01 63 63 
      97.610  0x322  [8]  01 00 00 D4 03 01 63 63 
      97.610  0x322  [8]  01 00 00 D4 03 01 63 63 
      97.621  0x322  [8]  01 00 00 D4 03 01 63 63 
      97.621  0x322  [8]  01 00 00 D4 03 01 63 63 
      97.632  0x322  [8]  01 00 00 D4 03 01 63 63 
      97.632  0x322  [8]  01 00 00 D4 03 01 63 63 
      97.632  0x322  [8]  01 00 00 D4 03 01 63 63 
      97.642  0x322  [8]  01 00 00 D4 03 01 63 63 
      97.643  0x322  [8]  01 00 00 D4 03 01 63 63 
      97.653  0x311  [8]  02 38 08 24 08 24 01 61 
        0x311  CVL=56.8V  CCL=208.4A  DCL=208.4A  status=0x0161 (chg_en=1 dis_en=1 mode=1)
      97.664  0x311  [8]  02 38 08 24 08 24 01 61 
        0x311  CVL=56.8V  CCL=208.4A  DCL=208.4A  status=0x0161 (chg_en=1 dis_en=1 mode=1)
      97.675  0x311  [8]  02 38 08 24 08 24 01 61 
        0x311  CVL=56.8V  CCL=208.4A  DCL=208.4A  status=0x0161 (chg_en=1 dis_en=1 mode=1)
      97.686  0x311  [8]  02 38 08 24 08 24 01 61 
        0x311  CVL=56.8V  CCL=208.4A  DCL=208.4A  status=0x0161 (chg_en=1 dis_en=1 mode=1)
      97.698  0x311  [8]  02 38 08 24 08 24 01 61 
        0x311  CVL=56.8V  CCL=208.4A  DCL=208.4A  status=0x0161 (chg_en=1 dis_en=1 mode=1)
      97.709  0x311  [8]  02 38 08 24 08 24 01 61 
        0x311  CVL=56.8V  CCL=208.4A  DCL=208.4A  status=0x0161 (chg_en=1 dis_en=1 mode=1)
      97.730  0x311  [8]  02 38 08 24 08 24 01 61 
        0x311  CVL=56.8V  CCL=208.4A  DCL=208.4A  status=0x0161 (chg_en=1 dis_en=1 mode=1)
      97.741  0x311  [8]  02 38 08 24 08 24 01 61 
        0x311  CVL=56.8V  CCL=208.4A  DCL=208.4A  status=0x0161 (chg_en=1 dis_en=1 mode=1)
      97.752  0x311  [8]  02 38 08 24 08 24 01 61 
        0x311  CVL=56.8V  CCL=208.4A  DCL=208.4A  status=0x0161 (chg_en=1 dis_en=1 mode=1)
      97.763  0x311  [8]  02 38 08 24 08 24 01 61 
        0x311  CVL=56.8V  CCL=208.4A  DCL=208.4A  status=0x0161 (chg_en=1 dis_en=1 mode=1)
      97.774  0x311  [8]  02 38 08 24 08 24 01 61 
        0x311  CVL=56.8V  CCL=208.4A  DCL=208.4A  status=0x0161 (chg_en=1 dis_en=1 mode=1)
      97.785  0x311  [8]  02 38 08 24 08 24 01 61 
        0x311  CVL=56.8V  CCL=208.4A  DCL=208.4A  status=0x0161 (chg_en=1 dis_en=1 mode=1)
      97.797  0x311  [8]  02 38 08 24 08 24 01 61 
        0x311  CVL=56.8V  CCL=208.4A  DCL=208.4A  status=0x0161 (chg_en=1 dis_en=1 mode=1)
      97.818  0x311  [8]  02 38 08 24 08 24 01 61 
        0x311  CVL=56.8V  CCL=208.4A  DCL=208.4A  status=0x0161 (chg_en=1 dis_en=1 mode=1)
      97.829  0x311  [8]  02 38 08 24 08 24 01 61 
        0x311  CVL=56.8V  CCL=208.4A  DCL=208.4A  status=0x0161 (chg_en=1 dis_en=1 mode=1)
      97.840  0x311  [8]  02 38 08 24 08 24 01 61 
        0x311  CVL=56.8V  CCL=208.4A  DCL=208.4A  status=0x0161 (chg_en=1 dis_en=1 mode=1)
      97.851  0x311  [8]  02 38 08 24 08 24 01 61 
        0x311  CVL=56.8V  CCL=208.4A  DCL=208.4A  status=0x0161 (chg_en=1 dis_en=1 mode=1)
      97.862  0x311  [8]  02 38 08 24 08 24 01 61 
        0x311  CVL=56.8V  CCL=208.4A  DCL=208.4A  status=0x0161 (chg_en=1 dis_en=1 mode=1)
      97.873  0x311  [8]  02 38 08 24 08 24 01 61 
        0x311  CVL=56.8V  CCL=208.4A  DCL=208.4A  status=0x0161 (chg_en=1 dis_en=1 mode=1)
      97.884  0x311  [8]  02 38 08 24 08 24 01 61 
        0x311  CVL=56.8V  CCL=208.4A  DCL=208.4A  status=0x0161 (chg_en=1 dis_en=1 mode=1)
      97.906  0x311  [8]  02 38 08 24 08 24 01 61 
        0x311  CVL=56.8V  CCL=208.4A  DCL=208.4A  status=0x0161 (chg_en=1 dis_en=1 mode=1)
      97.917  0x311  [8]  02 38 08 24 08 24 01 61 
        0x311  CVL=56.8V  CCL=208.4A  DCL=208.4A  status=0x0161 (chg_en=1 dis_en=1 mode=1)
      97.928  0x311  [8]  02 38 08 24 08 24 01 61 
        0x311  CVL=56.8V  CCL=208.4A  DCL=208.4A  status=0x0161 (chg_en=1 dis_en=1 mode=1)
      97.939  0x311  [8]  02 38 08 24 08 24 01 61 
        0x311  CVL=56.8V  CCL=208.4A  DCL=208.4A  status=0x0161 (chg_en=1 dis_en=1 mode=1)
      97.950  0x323  [8]  20 0E 10 00 00 00 00 00 
      97.950  0x323  [8]  20 0E 10 00 00 00 00 00 
      97.961  0x323  [8]  20 0E 10 00 00 00 00 00 
      97.961  0x323  [8]  20 0E 10 00 00 00 00 00 
      97.972  0x323  [8]  20 0E 10 00 00 00 00 00 
      97.972  0x323  [8]  20 0E 10 00 00 00 00 00 
      97.982  0x323  [8]  20 0E 10 00 00 00 00 00 
      97.983  0x323  [8]  20 0E 10 00 00 00 00 00 
      97.983  0x323  [8]  20 0E 10 00 00 00 00 00 
      97.993  0x323  [8]  20 0E 10 00 00 00 00 00 
      97.994  0x323  [8]  20 0E 10 00 00 00 00 00 
      98.004  0x323  [8]  20 0E 10 00 00 00 00 00 
      98.004  0x324  [8]  00 02 47 50 4A 30 32 31 
      98.005  0x324  [8]  00 02 47 50 4A 30 32 31 
      98.015  0x324  [8]  00 02 47 50 4A 30 32 31 
      98.015  0x324  [8]  00 02 47 50 4A 30 32 31 
      98.026  0x324  [8]  00 02 47 50 4A 30 32 31 
      98.026  0x324  [8]  00 02 47 50 4A 30 32 31 
      98.036  0x324  [8]  00 02 47 50 4A 30 32 31 
      98.037  0x324  [8]  00 02 47 50 4A 30 32 31 
      98.037  0x324  [8]  00 02 47 50 4A 30 32 31 
      98.047  0x324  [8]  00 02 47 50 4A 30 32 31 
      98.047  0x324  [8]  00 02 47 50 4A 30 32 31 
      98.058  0x329  [8]  02 00 18 CB 02 00 3F 3B 
      98.058  0x329  [8]  02 00 18 CB 02 00 3F 3B 
      98.058  0x329  [8]  02 00 18 CB 02 00 3F 3B 
      98.069  0x329  [8]  02 00 18 CB 02 00 3F 3B 
      98.069  0x329  [8]  02 00 18 CB 02 00 3F 3B 
      98.080  0x329  [8]  02 00 18 CB 02 00 3F 3B 
      98.080  0x329  [8]  02 00 18 CB 02 00 3F 3B 
      98.090  0x329  [8]  02 00 18 CB 02 00 3F 3B 
      98.090  0x329  [8]  02 00 18 CB 02 00 3F 3B 
      98.091  0x329  [8]  02 00 18 CB 02 00 3F 3B 
      98.101  0x329  [8]  02 00 18 CB 02 00 3F 3B 
      98.101  0x329  [8]  02 00 18 CB 02 00 3F 3B 
      98.112  0x329  [8]  02 00 18 CB 02 00 3F 3B 
      98.112  0x329  [8]  02 00 18 CB 02 00 3F 3B 
      98.123  0x329  [8]  02 00 18 CB 02 00 3F 3B 
      98.123  0x329  [8]  02 00 18 CB 02 00 3F 3B 
      98.123  0x329  [8]  02 00 18 CB 02 00 3F 3B 
      98.133  0x329  [8]  02 00 18 CB 02 00 3F 3B 
      98.134  0x329  [8]  02 00 18 CB 02 00 3F 3B 
      98.144  0x329  [8]  02 00 18 CB 02 00 3F 3B 
      98.144  0x330  [8]  02 01 02 08 0D 3A 0D 31 
      98.145  0x330  [8]  02 01 02 08 0D 3A 0D 31 
      98.155  0x330  [8]  02 01 02 08 0D 3A 0D 31 
      98.155  0x330  [8]  02 01 02 08 0D 3A 0D 31 
      98.166  0x330  [8]  02 01 02 08 0D 3A 0D 31 
      98.166  0x330  [8]  02 01 02 08 0D 3A 0D 31 
      98.177  0x330  [8]  02 01 02 08 0D 3A 0D 31 
      98.177  0x330  [8]  02 01 02 08 0D 3A 0D 31 
      98.177  0x312  [8]  00 00 00 00 02 00 00 00 
        0x312  prot=00 00  warn=00 00  packs=2  mfr=??  cells=0
      98.188  0x312  [8]  00 00 00 00 02 00 00 00 
        0x312  prot=00 00  warn=00 00  packs=2  mfr=??  cells=0
      98.198  0x312  [8]  00 00 00 00 02 00 00 00 
        0x312  prot=00 00  warn=00 00  packs=2  mfr=??  cells=0
      98.209  0x312  [8]  00 00 00 00 02 00 00 00 
        0x312  prot=00 00  warn=00 00  packs=2  mfr=??  cells=0
      98.219  0x312  [8]  00 00 00 00 02 00 00 00 
        0x312  prot=00 00  warn=00 00  packs=2  mfr=??  cells=0
      98.230  0x312  [8]  00 00 00 00 02 00 00 00 
        0x312  prot=00 00  warn=00 00  packs=2  mfr=??  cells=0
      98.241  0x312  [8]  00 00 00 00 02 00 00 00 
        0x312  prot=00 00  warn=00 00  packs=2  mfr=??  cells=0
      98.251  0x312  [8]  00 00 00 00 02 00 00 00 
        0x312  prot=00 00  warn=00 00  packs=2  mfr=??  cells=0
      98.262  0x313  [8]  15 18 00 00 00 EA 63 63 
        0x313  Vraw=5400  -> 54.00V if 0.01V  /  540.0V if 0.1V  |  I=+0.0A  T=23.4C  SOC=99%  SOH=99
      98.273  0x313  [8]  15 18 00 00 00 EA 63 63 
        0x313  Vraw=5400  -> 54.00V if 0.01V  /  540.0V if 0.1V  |  I=+0.0A  T=23.4C  SOC=99%  SOH=99
      98.284  0x313  [8]  15 18 00 00 00 EA 63 63 
        0x313  Vraw=5400  -> 54.00V if 0.01V  /  540.0V if 0.1V  |  I=+0.0A  T=23.4C  SOC=99%  SOH=99
      98.306  0x313  [8]  15 18 00 00 00 EA 63 63 
        0x313  Vraw=5400  -> 54.00V if 0.01V  /  540.0V if 0.1V  |  I=+0.0A  T=23.4C  SOC=99%  SOH=99
      98.317  0x313  [8]  15 18 00 00 00 EA 63 63 
        0x313  Vraw=5400  -> 54.00V if 0.01V  /  540.0V if 0.1V  |  I=+0.0A  T=23.4C  SOC=99%  SOH=99
      98.328  0x313  [8]  15 18 00 00 00 EA 63 63 
        0x313  Vraw=5400  -> 54.00V if 0.01V  /  540.0V if 0.1V  |  I=+0.0A  T=23.4C  SOC=99%  SOH=99
      98.339  0x313  [8]  15 18 00 00 00 EA 63 63 
        0x313  Vraw=5400  -> 54.00V if 0.01V  /  540.0V if 0.1V  |  I=+0.0A  T=23.4C  SOC=99%  SOH=99
      98.360  0x313  [8]  15 18 00 00 00 EA 63 63 
        0x313  Vraw=5400  -> 54.00V if 0.01V  /  540.0V if 0.1V  |  I=+0.0A  T=23.4C  SOC=99%  SOH=99
      98.372  0x313  [8]  15 18 00 00 00 EA 63 63 
        0x313  Vraw=5400  -> 54.00V if 0.01V  /  540.0V if 0.1V  |  I=+0.0A  T=23.4C  SOC=99%  SOH=99
      98.383  0x313  [8]  15 18 00 00 00 EA 63 63 
        0x313  Vraw=5400  -> 54.00V if 0.01V  /  540.0V if 0.1V  |  I=+0.0A  T=23.4C  SOC=99%  SOH=99
      98.394  0x313  [8]  15 18 00 00 00 EA 63 63 
        0x313  Vraw=5400  -> 54.00V if 0.01V  /  540.0V if 0.1V  |  I=+0.0A  T=23.4C  SOC=99%  SOH=99
      98.405  0x314  [8]  5B 2C 5B 40 00 09 05 3D 
        0x314  RM=233.40Ah  FCC=233.60Ah  dV=9mV  cycles=1341
      98.416  0x314  [8]  5B 2C 5B 40 00 09 05 3D 
        0x314  RM=233.40Ah  FCC=233.60Ah  dV=9mV  cycles=1341
      98.427  0x314  [8]  5B 2C 5B 40 00 09 05 3D 
        0x314  RM=233.40Ah  FCC=233.60Ah  dV=9mV  cycles=1341
      98.438  0x314  [8]  5B 2C 5B 40 00 09 05 3D 
        0x314  RM=233.40Ah  FCC=233.60Ah  dV=9mV  cycles=1341
      98.450  0x314  [8]  5B 2C 5B 40 00 09 05 3D 
        0x314  RM=233.40Ah  FCC=233.60Ah  dV=9mV  cycles=1341
      98.461  0x314  [8]  5B 2C 5B 40 00 09 05 3D 
        0x314  RM=233.40Ah  FCC=233.60Ah  dV=9mV  cycles=1341
      98.472  0x314  [8]  5B 2C 5B 40 00 09 05 3D 
        0x314  RM=233.40Ah  FCC=233.60Ah  dV=9mV  cycles=1341
      98.483  0x314  [8]  5B 2C 5B 40 00 09 05 3D 
        0x314  RM=233.40Ah  FCC=233.60Ah  dV=9mV  cycles=1341
      98.494  0x314  [8]  5B 2C 5B 40 00 09 05 3D 
        0x314  RM=233.40Ah  FCC=233.60Ah  dV=9mV  cycles=1341
      98.505  0x314  [8]  5B 2C 5B 40 00 09 05 3D 
        0x314  RM=233.40Ah  FCC=233.60Ah  dV=9mV  cycles=1341
      98.506  0x314  [8]  5B 2C 5B 40 00 09 05 3D 
        0x314  RM=233.40Ah  FCC=233.60Ah  dV=9mV  cycles=1341
      98.517  0x314  [8]  5B 2C 5B 40 00 09 05 3D 
        0x314  RM=233.40Ah  FCC=233.60Ah  dV=9mV  cycles=1341
      98.528  0x314  [8]  5B 2C 5B 40 00 09 05 3D 
        0x314  RM=233.40Ah  FCC=233.60Ah  dV=9mV  cycles=1341
      98.539  0x314  [8]  5B 2C 5B 40 00 09 05 3D 
        0x314  RM=233.40Ah  FCC=233.60Ah  dV=9mV  cycles=1341
      98.550  0x314  [8]  5B 2C 5B 40 00 09 05 3D 
        0x314  RM=233.40Ah  FCC=233.60Ah  dV=9mV  cycles=1341
      98.561  0x314  [8]  5B 2C 5B 40 00 09 05 3D 
        0x314  RM=233.40Ah  FCC=233.60Ah  dV=9mV  cycles=1341
      98.572  0x314  [8]  5B 2C 5B 40 00 09 05 3D 
        0x314  RM=233.40Ah  FCC=233.60Ah  dV=9mV  cycles=1341
      98.583  0x314  [8]  5B 2C 5B 40 00 09 05 3D 
        0x314  RM=233.40Ah  FCC=233.60Ah  dV=9mV  cycles=1341
      98.595  0x314  [8]  5B 2C 5B 40 00 09 05 3D 
        0x314  RM=233.40Ah  FCC=233.60Ah  dV=9mV  cycles=1341
      98.595  0x314  [8]  5B 2C 5B 40 00 09 05 3D 
        0x314  RM=233.40Ah  FCC=233.60Ah  dV=9mV  cycles=1341
      98.606  0x314  [8]  5B 2C 5B 40 00 09 05 3D 
        0x314  RM=233.40Ah  FCC=233.60Ah  dV=9mV  cycles=1341
      98.617  0x314  [8]  5B 2C 5B 40 00 09 05 3D 
        0x314  RM=233.40Ah  FCC=233.60Ah  dV=9mV  cycles=1341
      98.629  0x315  [8]  0D 39 0D 38 0D 38 0D 37 
      98.639  0x315  [8]  0D 39 0D 38 0D 38 0D 37 
      98.639  0x315  [8]  0D 39 0D 38 0D 38 0D 37 
      98.640  0x315  [8]  0D 39 0D 38 0D 38 0D 37 
      98.650  0x315  [8]  0D 39 0D 38 0D 38 0D 37 
      98.650  0x315  [8]  0D 39 0D 38 0D 38 0D 37 
      98.661  0x315  [8]  0D 39 0D 38 0D 38 0D 37 
      98.661  0x315  [8]  0D 39 0D 38 0D 38 0D 37 
      98.661  0x315  [8]  0D 39 0D 38 0D 38 0D 37 
      98.672  0x315  [8]  0D 39 0D 38 0D 38 0D 37 
      98.672  0x315  [8]  0D 39 0D 38 0D 38 0D 37 
      98.682  0x315  [8]  0D 39 0D 38 0D 38 0D 37 
      98.683  0x315  [8]  0D 39 0D 38 0D 38 0D 37 
      98.693  0x315  [8]  0D 39 0D 38 0D 38 0D 37 
      98.693  0x315  [8]  0D 39 0D 38 0D 38 0D 37 
      98.693  0x315  [8]  0D 39 0D 38 0D 38 0D 37 
      98.704  0x315  [8]  0D 39 0D 38 0D 38 0D 37 
      98.704  0x315  [8]  0D 39 0D 38 0D 38 0D 37 
      98.715  0x315  [8]  0D 39 0D 38 0D 38 0D 37 
      98.715  0x315  [8]  0D 39 0D 38 0D 38 0D 37 
      98.715  0x315  [8]  0D 39 0D 38 0D 38 0D 37 
      98.726  0x315  [8]  0D 39 0D 38 0D 38 0D 37 
      98.726  0x315  [8]  0D 39 0D 38 0D 38 0D 37 
      98.736  0x315  [8]  0D 39 0D 38 0D 38 0D 37 
      98.736  0x316  [8]  0D 35 0D 35 0D 35 0D 34 
      98.747  0x316  [8]  0D 35 0D 35 0D 35 0D 34 
      98.747  0x316  [8]  0D 35 0D 35 0D 35 0D 34 
      98.747  0x316  [8]  0D 35 0D 35 0D 35 0D 34 
      98.758  0x316  [8]  0D 35 0D 35 0D 35 0D 34 
      98.758  0x316  [8]  0D 35 0D 35 0D 35 0D 34 
      98.769  0x316  [8]  0D 35 0D 35 0D 35 0D 34 
      98.769  0x316  [8]  0D 35 0D 35 0D 35 0D 34 
      98.779  0x316  [8]  0D 35 0D 35 0D 35 0D 34 
      98.779  0x317  [8]  0D 3A 0D 38 0D 37 0D 37 
      98.780  0x317  [8]  0D 3A 0D 38 0D 37 0D 37 
      98.790  0x317  [8]  0D 3A 0D 38 0D 37 0D 37 
      98.790  0x317  [8]  0D 3A 0D 38 0D 37 0D 37 
      98.801  0x317  [8]  0D 3A 0D 38 0D 37 0D 37 
      98.801  0x317  [8]  0D 3A 0D 38 0D 37 0D 37 
      98.801  0x317  [8]  0D 3A 0D 38 0D 37 0D 37 
      98.812  0x318  [8]  0D 32 0D 32 0D 32 0D 31 
      98.812  0x318  [8]  0D 32 0D 32 0D 32 0D 31 
      98.822  0x318  [8]  0D 32 0D 32 0D 32 0D 31 
      98.823  0x318  [8]  0D 32 0D 32 0D 32 0D 31 
      98.833  0x318  [8]  0D 32 0D 32 0D 32 0D 31 
      98.833  0x318  [8]  0D 32 0D 32 0D 32 0D 31 
      98.834  0x318  [8]  0D 32 0D 32 0D 32 0D 31 
      98.844  0x318  [8]  0D 32 0D 32 0D 32 0D 31 
      98.844  0x318  [8]  0D 32 0D 32 0D 32 0D 31 
      98.855  0x319  [8]  C0 0D 3A 0D 31 11 18 00 
        0x319  chem=0  forceI=0 forceII=0  dis_en=0 chg_en=1  (byte0=0xC0)
      98.865  0x319  [8]  C0 0D 3A 0D 31 11 18 00 
        0x319  chem=0  forceI=0 forceII=0  dis_en=0 chg_en=1  (byte0=0xC0)
      98.876  0x319  [8]  C0 0D 3A 0D 31 11 18 00 
        0x319  chem=0  forceI=0 forceII=0  dis_en=0 chg_en=1  (byte0=0xC0)
      98.887  0x319  [8]  C0 0D 3A 0D 31 11 18 00 
        0x319  chem=0  forceI=0 forceII=0  dis_en=0 chg_en=1  (byte0=0xC0)
      98.897  0x319  [8]  C0 0D 3A 0D 31 11 18 00 
        0x319  chem=0  forceI=0 forceII=0  dis_en=0 chg_en=1  (byte0=0xC0)
      98.908  0x319  [8]  C0 0D 3A 0D 31 11 18 00 
        0x319  chem=0  forceI=0 forceII=0  dis_en=0 chg_en=1  (byte0=0xC0)
      98.919  0x319  [8]  C0 0D 3A 0D 31 11 18 00 
        0x319  chem=0  forceI=0 forceII=0  dis_en=0 chg_en=1  (byte0=0xC0)
      98.929  0x319  [8]  C0 0D 3A 0D 31 11 18 00 
        0x319  chem=0  forceI=0 forceII=0  dis_en=0 chg_en=1  (byte0=0xC0)
      98.940  0x319  [8]  C0 0D 3A 0D 31 11 18 00 
        0x319  chem=0  forceI=0 forceII=0  dis_en=0 chg_en=1  (byte0=0xC0)
      98.951  0x319  [8]  C0 0D 3A 0D 31 11 18 00 
        0x319  chem=0  forceI=0 forceII=0  dis_en=0 chg_en=1  (byte0=0xC0)
      98.961  0x320  [8]  50 41 C3 85 85 00 00 00 
        0x320  mfr=PA  hw=195  sw=133
      98.972  0x320  [8]  50 41 C3 85 85 00 00 00 
        0x320  mfr=PA  hw=195  sw=133
      98.982  0x320  [8]  50 41 C3 85 85 00 00 00 
        0x320  mfr=PA  hw=195  sw=133
      98.983  0x320  [8]  50 41 C3 85 85 00 00 00 
        0x320  mfr=PA  hw=195  sw=133
      98.993  0x320  [8]  50 41 C3 85 85 00 00 00 
        0x320  mfr=PA  hw=195  sw=133
      99.004  0x320  [8]  50 41 C3 85 85 00 00 00 
        0x320  mfr=PA  hw=195  sw=133
      99.004  0x320  [8]  50 41 C3 85 85 00 00 00 
        0x320  mfr=PA  hw=195  sw=133
      99.015  0x320  [8]  50 41 C3 85 85 00 00 00 
        0x320  mfr=PA  hw=195  sw=133
      99.026  0x320  [8]  50 41 C3 85 85 00 00 00 
        0x320  mfr=PA  hw=195  sw=133
      99.036  0x320  [8]  50 41 C3 85 85 00 00 00 
        0x320  mfr=PA  hw=195  sw=133
      99.037  0x320  [8]  50 41 C3 85 85 00 00 00 
        0x320  mfr=PA  hw=195  sw=133
      99.047  0x320  [8]  50 41 C3 85 85 00 00 00 
        0x320  mfr=PA  hw=195  sw=133
      99.058  0x320  [8]  50 41 C3 85 85 00 00 00 
        0x320  mfr=PA  hw=195  sw=133
      99.068  0x320  [8]  50 41 C3 85 85 00 00 00 
        0x320  mfr=PA  hw=195  sw=133
      99.069  0x320  [8]  50 41 C3 85 85 00 00 00 
        0x320  mfr=PA  hw=195  sw=133
      99.079  0x320  [8]  50 41 C3 85 85 00 00 00 
        0x320  mfr=PA  hw=195  sw=133
      99.090  0x322  [8]  01 00 00 D4 03 01 63 63 
      99.090  0x322  [8]  01 00 00 D4 03 01 63 63 
      99.101  0x322  [8]  01 00 00 D4 03 01 63 63 
      99.101  0x322  [8]  01 00 00 D4 03 01 63 63 
      99.111  0x322  [8]  01 00 00 D4 03 01 63 63 
      99.112  0x322  [8]  01 00 00 D4 03 01 63 63 
      99.112  0x322  [8]  01 00 00 D4 03 01 63 63 
      99.122  0x322  [8]  01 00 00 D4 03 01 63 63 
      99.123  0x322  [8]  01 00 00 D4 03 01 63 63 
      99.133  0x322  [8]  01 00 00 D4 03 01 63 63 
      99.133  0x322  [8]  01 00 00 D4 03 01 63 63 
      99.133  0x322  [8]  01 00 00 D4 03 01 63 63 
      99.144  0x322  [8]  01 00 00 D4 03 01 63 63 
      99.144  0x322  [8]  01 00 00 D4 03 01 63 63 
      99.155  0x322  [8]  01 00 00 D4 03 01 63 63 
      99.155  0x322  [8]  01 00 00 D4 03 01 63 63 
      99.165  0x322  [8]  01 00 00 D4 03 01 63 63 
      99.165  0x322  [8]  01 00 00 D4 03 01 63 63 
      99.166  0x322  [8]  01 00 00 D4 03 01 63 63 
      99.176  0x322  [8]  01 00 00 D4 03 01 63 63 
      99.176  0x322  [8]  01 00 00 D4 03 01 63 63 
      99.187  0x311  [8]  02 38 08 24 08 24 01 61 
        0x311  CVL=56.8V  CCL=208.4A  DCL=208.4A  status=0x0161 (chg_en=1 dis_en=1 mode=1)
      99.198  0x311  [8]  02 38 08 24 08 24 01 61 
        0x311  CVL=56.8V  CCL=208.4A  DCL=208.4A  status=0x0161 (chg_en=1 dis_en=1 mode=1)
      99.209  0x311  [8]  02 38 08 24 08 24 01 61 
        0x311  CVL=56.8V  CCL=208.4A  DCL=208.4A  status=0x0161 (chg_en=1 dis_en=1 mode=1)
      99.220  0x311  [8]  02 38 08 24 08 24 01 61 
        0x311  CVL=56.8V  CCL=208.4A  DCL=208.4A  status=0x0161 (chg_en=1 dis_en=1 mode=1)
      99.231  0x311  [8]  02 38 08 24 08 24 01 61 
        0x311  CVL=56.8V  CCL=208.4A  DCL=208.4A  status=0x0161 (chg_en=1 dis_en=1 mode=1)
      99.242  0x311  [8]  02 38 08 24 08 24 01 61 
        0x311  CVL=56.8V  CCL=208.4A  DCL=208.4A  status=0x0161 (chg_en=1 dis_en=1 mode=1)
      99.253  0x311  [8]  02 38 08 24 08 24 01 61 
        0x311  CVL=56.8V  CCL=208.4A  DCL=208.4A  status=0x0161 (chg_en=1 dis_en=1 mode=1)
      99.275  0x311  [8]  02 38 08 24 08 24 01 61 
        0x311  CVL=56.8V  CCL=208.4A  DCL=208.4A  status=0x0161 (chg_en=1 dis_en=1 mode=1)
      99.286  0x311  [8]  02 38 08 24 08 24 01 61 
        0x311  CVL=56.8V  CCL=208.4A  DCL=208.4A  status=0x0161 (chg_en=1 dis_en=1 mode=1)
      99.297  0x311  [8]  02 38 08 24 08 24 01 61 
        0x311  CVL=56.8V  CCL=208.4A  DCL=208.4A  status=0x0161 (chg_en=1 dis_en=1 mode=1)
      99.308  0x311  [8]  02 38 08 24 08 24 01 61 
        0x311  CVL=56.8V  CCL=208.4A  DCL=208.4A  status=0x0161 (chg_en=1 dis_en=1 mode=1)
      99.319  0x311  [8]  02 38 08 24 08 24 01 61 
        0x311  CVL=56.8V  CCL=208.4A  DCL=208.4A  status=0x0161 (chg_en=1 dis_en=1 mode=1)
      99.330  0x311  [8]  02 38 08 24 08 24 01 61 
        0x311  CVL=56.8V  CCL=208.4A  DCL=208.4A  status=0x0161 (chg_en=1 dis_en=1 mode=1)
      99.341  0x311  [8]  02 38 08 24 08 24 01 61 
        0x311  CVL=56.8V  CCL=208.4A  DCL=208.4A  status=0x0161 (chg_en=1 dis_en=1 mode=1)
      99.362  0x311  [8]  02 38 08 24 08 24 01 61 
        0x311  CVL=56.8V  CCL=208.4A  DCL=208.4A  status=0x0161 (chg_en=1 dis_en=1 mode=1)
      99.374  0x311  [8]  02 38 08 24 08 24 01 61 
        0x311  CVL=56.8V  CCL=208.4A  DCL=208.4A  status=0x0161 (chg_en=1 dis_en=1 mode=1)
      99.385  0x311  [8]  02 38 08 24 08 24 01 61 
        0x311  CVL=56.8V  CCL=208.4A  DCL=208.4A  status=0x0161 (chg_en=1 dis_en=1 mode=1)
      99.396  0x311  [8]  02 38 08 24 08 24 01 61 
        0x311  CVL=56.8V  CCL=208.4A  DCL=208.4A  status=0x0161 (chg_en=1 dis_en=1 mode=1)
      99.407  0x311  [8]  02 38 08 24 08 24 01 61 
        0x311  CVL=56.8V  CCL=208.4A  DCL=208.4A  status=0x0161 (chg_en=1 dis_en=1 mode=1)
      99.418  0x323  [8]  20 0E 10 00 00 00 00 00 
      99.429  0x323  [8]  20 0E 10 00 00 00 00 00 
      99.429  0x323  [8]  20 0E 10 00 00 00 00 00 
      99.439  0x323  [8]  20 0E 10 00 00 00 00 00 
      99.439  0x323  [8]  20 0E 10 00 00 00 00 00 
      99.440  0x323  [8]  20 0E 10 00 00 00 00 00 
      99.450  0x323  [8]  20 0E 10 00 00 00 00 00 
      99.450  0x323  [8]  20 0E 10 00 00 00 00 00 
      99.461  0x323  [8]  20 0E 10 00 00 00 00 00 
      99.461  0x323  [8]  20 0E 10 00 00 00 00 00 
      99.461  0x324  [8]  01 39 35 32 32 30 36 32 
      99.472  0x324  [8]  01 39 35 32 32 30 36 32 
      99.472  0x324  [8]  01 39 35 32 32 30 36 32 
      99.482  0x324  [8]  01 39 35 32 32 30 36 32 
      99.483  0x324  [8]  01 39 35 32 32 30 36 32 
      99.493  0x324  [8]  01 39 35 32 32 30 36 32 
      99.493  0x324  [8]  01 39 35 32 32 30 36 32 
      99.494  0x324  [8]  01 39 35 32 32 30 36 32 
      99.504  0x324  [8]  01 39 35 32 32 30 36 32 
      99.504  0x324  [8]  01 39 35 32 32 30 36 32 
      99.515  0x324  [8]  01 39 35 32 32 30 36 32 
      99.515  0x324  [8]  01 39 35 32 32 30 36 32 
      99.515  0x324  [8]  01 39 35 32 32 30 36 32 
      99.526  0x329  [8]  01 00 21 38 01 00 3E 9F 
      99.526  0x329  [8]  01 00 21 38 01 00 3E 9F 
      99.536  0x329  [8]  01 00 21 38 01 00 3E 9F 
      99.537  0x329  [8]  01 00 21 38 01 00 3E 9F 
      99.547  0x329  [8]  01 00 21 38 01 00 3E 9F 
      99.547  0x329  [8]  01 00 21 38 01 00 3E 9F 
      99.548  0x329  [8]  01 00 21 38 01 00 3E 9F 
      99.558  0x329  [8]  01 00 21 38 01 00 3E 9F 
      99.558  0x329  [8]  01 00 21 38 01 00 3E 9F 
      99.569  0x329  [8]  01 00 21 38 01 00 3E 9F 
      99.569  0x329  [8]  01 00 21 38 01 00 3E 9F 
      99.569  0x329  [8]  01 00 21 38 01 00 3E 9F 
      99.580  0x329  [8]  01 00 21 38 01 00 3E 9F 
      99.580  0x329  [8]  01 00 21 38 01 00 3E 9F 
      99.590  0x329  [8]  01 00 21 38 01 00 3E 9F 
      99.591  0x329  [8]  01 00 21 38 01 00 3E 9F 
      99.601  0x329  [8]  01 00 21 38 01 00 3E 9F 
      99.601  0x329  [8]  01 00 21 38 01 00 3E 9F 
      99.602  0x329  [8]  01 00 21 38 01 00 3E 9F 
      99.612  0x329  [8]  01 00 21 38 01 00 3E 9F 
      99.612  0x329  [8]  01 00 21 38 01 00 3E 9F 
      99.623  0x329  [8]  01 00 21 38 01 00 3E 9F 
      99.623  0x330  [8]  02 01 02 08 0D 3A 0D 31 
      99.623  0x330  [8]  02 01 02 08 0D 3A 0D 31 
      99.634  0x330  [8]  02 01 02 08 0D 3A 0D 31 
      99.634  0x330  [8]  02 01 02 08 0D 3A 0D 31 
      99.644  0x330  [8]  02 01 02 08 0D 3A 0D 31 
      99.645  0x330  [8]  02 01 02 08 0D 3A 0D 31 
      99.655  0x330  [8]  02 01 02 08 0D 3A 0D 31 
      99.655  0x330  [8]  02 01 02 08 0D 3A 0D 31 
      99.656  0x312  [8]  00 00 00 00 02 00 00 00 
        0x312  prot=00 00  warn=00 00  packs=2  mfr=??  cells=0
      99.666  0x312  [8]  00 00 00 00 02 00 00 00 
        0x312  prot=00 00  warn=00 00  packs=2  mfr=??  cells=0
      99.677  0x312  [8]  00 00 00 00 02 00 00 00 
        0x312  prot=00 00  warn=00 00  packs=2  mfr=??  cells=0
      99.687  0x312  [8]  00 00 00 00 02 00 00 00 
        0x312  prot=00 00  warn=00 00  packs=2  mfr=??  cells=0
      99.698  0x312  [8]  00 00 00 00 02 00 00 00 
        0x312  prot=00 00  warn=00 00  packs=2  mfr=??  cells=0
      99.709  0x312  [8]  00 00 00 00 02 00 00 00 
        0x312  prot=00 00  warn=00 00  packs=2  mfr=??  cells=0
      99.719  0x312  [8]  00 00 00 00 02 00 00 00 
        0x312  prot=00 00  warn=00 00  packs=2  mfr=??  cells=0
      99.730  0x312  [8]  00 00 00 00 02 00 00 00 
        0x312  prot=00 00  warn=00 00  packs=2  mfr=??  cells=0
      99.740  0x313  [8]  15 18 00 00 00 EA 63 63 
        0x313  Vraw=5400  -> 54.00V if 0.01V  /  540.0V if 0.1V  |  I=+0.0A  T=23.4C  SOC=99%  SOH=99
      99.752  0x313  [8]  15 18 00 00 00 EA 63 63 
        0x313  Vraw=5400  -> 54.00V if 0.01V  /  540.0V if 0.1V  |  I=+0.0A  T=23.4C  SOC=99%  SOH=99
      99.773  0x313  [8]  15 18 00 00 00 EA 63 63 
        0x313  Vraw=5400  -> 54.00V if 0.01V  /  540.0V if 0.1V  |  I=+0.0A  T=23.4C  SOC=99%  SOH=99
      99.784  0x313  [8]  15 18 00 00 00 EA 63 63 
        0x313  Vraw=5400  -> 54.00V if 0.01V  /  540.0V if 0.1V  |  I=+0.0A  T=23.4C  SOC=99%  SOH=99
      99.795  0x313  [8]  15 18 00 00 00 EA 63 63 
        0x313  Vraw=5400  -> 54.00V if 0.01V  /  540.0V if 0.1V  |  I=+0.0A  T=23.4C  SOC=99%  SOH=99
      99.806  0x313  [8]  15 18 00 00 00 EA 63 63 
        0x313  Vraw=5400  -> 54.00V if 0.01V  /  540.0V if 0.1V  |  I=+0.0A  T=23.4C  SOC=99%  SOH=99
      99.818  0x313  [8]  15 18 00 00 00 EA 63 63 
        0x313  Vraw=5400  -> 54.00V if 0.01V  /  540.0V if 0.1V  |  I=+0.0A  T=23.4C  SOC=99%  SOH=99
      99.839  0x313  [8]  15 18 00 00 00 EA 63 63 
        0x313  Vraw=5400  -> 54.00V if 0.01V  /  540.0V if 0.1V  |  I=+0.0A  T=23.4C  SOC=99%  SOH=99
      99.850  0x313  [8]  15 18 00 00 00 EA 63 63 
        0x313  Vraw=5400  -> 54.00V if 0.01V  /  540.0V if 0.1V  |  I=+0.0A  T=23.4C  SOC=99%  SOH=99
      99.861  0x313  [8]  15 18 00 00 00 EA 63 63 
        0x313  Vraw=5400  -> 54.00V if 0.01V  /  540.0V if 0.1V  |  I=+0.0A  T=23.4C  SOC=99%  SOH=99
      99.872  0x313  [8]  15 18 00 00 00 EA 63 63 
        0x313  Vraw=5400  -> 54.00V if 0.01V  /  540.0V if 0.1V  |  I=+0.0A  T=23.4C  SOC=99%  SOH=99
      99.894  0x313  [8]  15 18 00 00 00 EA 63 63 
        0x313  Vraw=5400  -> 54.00V if 0.01V  /  540.0V if 0.1V  |  I=+0.0A  T=23.4C  SOC=99%  SOH=99
      99.905  0x313  [8]  15 18 00 00 00 EA 63 63 
        0x313  Vraw=5400  -> 54.00V if 0.01V  /  540.0V if 0.1V  |  I=+0.0A  T=23.4C  SOC=99%  SOH=99
      99.916  0x313  [8]  15 18 00 00 00 EA 63 63 
        0x313  Vraw=5400  -> 54.00V if 0.01V  /  540.0V if 0.1V  |  I=+0.0A  T=23.4C  SOC=99%  SOH=99
      99.927  0x313  [8]  15 18 00 00 00 EA 63 63 
        0x313  Vraw=5400  -> 54.00V if 0.01V  /  540.0V if 0.1V  |  I=+0.0A  T=23.4C  SOC=99%  SOH=99
      99.938  0x313  [8]  15 18 00 00 00 EA 63 63 
        0x313  Vraw=5400  -> 54.00V if 0.01V  /  540.0V if 0.1V  |  I=+0.0A  T=23.4C  SOC=99%  SOH=99
      99.960  0x314  [8]  5B 2C 5B 40 00 09 05 3D 
        0x314  RM=233.40Ah  FCC=233.60Ah  dV=9mV  cycles=1341
      99.971  0x314  [8]  5B 2C 5B 40 00 09 05 3D 
        0x314  RM=233.40Ah  FCC=233.60Ah  dV=9mV  cycles=1341
      99.972  0x314  [8]  5B 2C 5B 40 00 09 05 3D 
        0x314  RM=233.40Ah  FCC=233.60Ah  dV=9mV  cycles=1341
      99.983  0x314  [8]  5B 2C 5B 40 00 09 05 3D 
        0x314  RM=233.40Ah  FCC=233.60Ah  dV=9mV  cycles=1341
      99.994  0x314  [8]  5B 2C 5B 40 00 09 05 3D 
        0x314  RM=233.40Ah  FCC=233.60Ah  dV=9mV  cycles=1341
     100.005  0x314  [8]  5B 2C 5B 40 00 09 05 3D 
        0x314  RM=233.40Ah  FCC=233.60Ah  dV=9mV  cycles=1341
     100.016  0x314  [8]  5B 2C 5B 40 00 09 05 3D 
        0x314  RM=233.40Ah  FCC=233.60Ah  dV=9mV  cycles=1341
     100.027  0x314  [8]  5B 2C 5B 40 00 09 05 3D 
        0x314  RM=233.40Ah  FCC=233.60Ah  dV=9mV  cycles=1341
     100.038  0x314  [8]  5B 2C 5B 40 00 09 05 3D 
        0x314  RM=233.40Ah  FCC=233.60Ah  dV=9mV  cycles=1341
     100.049  0x314  [8]  5B 2C 5B 40 00 09 05 3D 
        0x314  RM=233.40Ah  FCC=233.60Ah  dV=9mV  cycles=1341
     100.060  0x314  [8]  5B 2C 5B 40 00 09 05 3D 
        0x314  RM=233.40Ah  FCC=233.60Ah  dV=9mV  cycles=1341
     100.061  0x314  [8]  5B 2C 5B 40 00 09 05 3D 
        0x314  RM=233.40Ah  FCC=233.60Ah  dV=9mV  cycles=1341
     100.072  0x314  [8]  5B 2C 5B 40 00 09 05 3D 
        0x314  RM=233.40Ah  FCC=233.60Ah  dV=9mV  cycles=1341
     100.083  0x314  [8]  5B 2C 5B 40 00 09 05 3D 
        0x314  RM=233.40Ah  FCC=233.60Ah  dV=9mV  cycles=1341
     100.094  0x314  [8]  5B 2C 5B 40 00 09 05 3D 
        0x314  RM=233.40Ah  FCC=233.60Ah  dV=9mV  cycles=1341
     100.106  0x314  [8]  5B 2C 5B 40 00 09 05 3D 
        0x314  RM=233.40Ah  FCC=233.60Ah  dV=9mV  cycles=1341
     100.117  0x314  [8]  5B 2C 5B 40 00 09 05 3D 
        0x314  RM=233.40Ah  FCC=233.60Ah  dV=9mV  cycles=1341
     100.128  0x314  [8]  5B 2C 5B 40 00 09 05 3D 
        0x314  RM=233.40Ah  FCC=233.60Ah  dV=9mV  cycles=1341
     100.139  0x314  [8]  5B 2C 5B 40 00 09 05 3D 
        0x314  RM=233.40Ah  FCC=233.60Ah  dV=9mV  cycles=1341
     100.150  0x314  [8]  5B 2C 5B 40 00 09 05 3D 
        0x314  RM=233.40Ah  FCC=233.60Ah  dV=9mV  cycles=1341
     100.161  0x314  [8]  5B 2C 5B 40 00 09 05 3D 
        0x314  RM=233.40Ah  FCC=233.60Ah  dV=9mV  cycles=1341
     100.162  0x314  [8]  5B 2C 5B 40 00 09 05 3D 
        0x314  RM=233.40Ah  FCC=233.60Ah  dV=9mV  cycles=1341
     100.173  0x315  [8]  0D 39 0D 38 0D 37 0D 37 
     100.183  0x315  [8]  0D 39 0D 38 0D 37 0D 37 
     100.184  0x315  [8]  0D 39 0D 38 0D 37 0D 37 
     100.194  0x315  [8]  0D 39 0D 38 0D 37 0D 37 
     100.194  0x315  [8]  0D 39 0D 38 0D 37 0D 37 
     100.195  0x315  [8]  0D 39 0D 38 0D 37 0D 37 
     100.205  0x315  [8]  0D 39 0D 38 0D 37 0D 37 
     100.205  0x315  [8]  0D 39 0D 38 0D 37 0D 37 
     100.216  0x315  [8]  0D 39 0D 38 0D 37 0D 37 
     100.216  0x315  [8]  0D 39 0D 38 0D 37 0D 37 
     100.216  0x315  [8]  0D 39 0D 38 0D 37 0D 37 
     100.227  0x315  [8]  0D 39 0D 38 0D 37 0D 37 
     100.227  0x315  [8]  0D 39 0D 38 0D 37 0D 37 
     100.237  0x315  [8]  0D 39 0D 38 0D 37 0D 37 
     100.238  0x315  [8]  0D 39 0D 38 0D 37 0D 37 
     100.248  0x315  [8]  0D 39 0D 38 0D 37 0D 37 
     100.248  0x315  [8]  0D 39 0D 38 0D 37 0D 37 
     100.249  0x315  [8]  0D 39 0D 38 0D 37 0D 37 
     100.259  0x315  [8]  0D 39 0D 38 0D 37 0D 37 
     100.259  0x315  [8]  0D 39 0D 38 0D 37 0D 37 
     100.270  0x316  [8]  0D 35 0D 35 0D 35 0D 34 
     100.270  0x316  [8]  0D 35 0D 35 0D 35 0D 34 
     100.270  0x316  [8]  0D 35 0D 35 0D 35 0D 34 
     100.281  0x316  [8]  0D 35 0D 35 0D 35 0D 34 
     100.281  0x316  [8]  0D 35 0D 35 0D 35 0D 34 
     100.291  0x316  [8]  0D 35 0D 35 0D 35 0D 34 
     100.292  0x316  [8]  0D 35 0D 35 0D 35 0D 34 
     100.302  0x316  [8]  0D 35 0D 35 0D 35 0D 34 
     100.302  0x316  [8]  0D 35 0D 35 0D 35 0D 34 
     100.302  0x317  [8]  0D 3A 0D 38 0D 37 0D 37 
     100.313  0x317  [8]  0D 3A 0D 38 0D 37 0D 37 
     100.313  0x317  [8]  0D 3A 0D 38 0D 37 0D 37 
     100.324  0x317  [8]  0D 3A 0D 38 0D 37 0D 37 
     100.324  0x317  [8]  0D 3A 0D 38 0D 37 0D 37 
     100.334  0x317  [8]  0D 3A 0D 38 0D 37 0D 37 
     100.335  0x317  [8]  0D 3A 0D 38 0D 37 0D 37 
     100.335  0x317  [8]  0D 3A 0D 38 0D 37 0D 37 
     100.345  0x318  [8]  0D 33 0D 32 0D 32 0D 31 
     100.345  0x318  [8]  0D 33 0D 32 0D 32 0D 31 
     100.356  0x318  [8]  0D 33 0D 32 0D 32 0D 31 
     100.356  0x318  [8]  0D 33 0D 32 0D 32 0D 31 
     100.356  0x318  [8]  0D 33 0D 32 0D 32 0D 31 
     100.367  0x318  [8]  0D 33 0D 32 0D 32 0D 31 
     100.367  0x318  [8]  0D 33 0D 32 0D 32 0D 31 
     100.378  0x318  [8]  0D 33 0D 32 0D 32 0D 31 
     100.378  0x319  [8]  C0 0D 3A 0D 31 11 18 00 
        0x319  chem=0  forceI=0 forceII=0  dis_en=0 chg_en=1  (byte0=0xC0)
     100.388  0x319  [8]  C0 0D 3A 0D 31 11 18 00 
        0x319  chem=0  forceI=0 forceII=0  dis_en=0 chg_en=1  (byte0=0xC0)
     100.399  0x319  [8]  C0 0D 3A 0D 31 11 18 00 
        0x319  chem=0  forceI=0 forceII=0  dis_en=0 chg_en=1  (byte0=0xC0)
     100.410  0x319  [8]  C0 0D 3A 0D 31 11 18 00 
        0x319  chem=0  forceI=0 forceII=0  dis_en=0 chg_en=1  (byte0=0xC0)
     100.420  0x319  [8]  C0 0D 3A 0D 31 11 18 00 
        0x319  chem=0  forceI=0 forceII=0  dis_en=0 chg_en=1  (byte0=0xC0)
     100.431  0x319  [8]  C0 0D 3A 0D 31 11 18 00 
        0x319  chem=0  forceI=0 forceII=0  dis_en=0 chg_en=1  (byte0=0xC0)
     100.442  0x319  [8]  C0 0D 3A 0D 31 11 18 00 
        0x319  chem=0  forceI=0 forceII=0  dis_en=0 chg_en=1  (byte0=0xC0)
     100.452  0x319  [8]  C0 0D 3A 0D 31 11 18 00 
        0x319  chem=0  forceI=0 forceII=0  dis_en=0 chg_en=1  (byte0=0xC0)
     100.473  0x319  [8]  C0 0D 3A 0D 31 11 18 00 
        0x319  chem=0  forceI=0 forceII=0  dis_en=0 chg_en=1  (byte0=0xC0)
     100.484  0x319  [8]  C0 0D 3A 0D 31 11 18 00 
        0x319  chem=0  forceI=0 forceII=0  dis_en=0 chg_en=1  (byte0=0xC0)
     100.494  0x320  [8]  50 41 C3 85 85 00 00 00 
        0x320  mfr=PA  hw=195  sw=133
     100.495  0x320  [8]  50 41 C3 85 85 00 00 00 
        0x320  mfr=PA  hw=195  sw=133
     100.505  0x320  [8]  50 41 C3 85 85 00 00 00 
        0x320  mfr=PA  hw=195  sw=133
     100.516  0x320  [8]  50 41 C3 85 85 00 00 00 
        0x320  mfr=PA  hw=195  sw=133
     100.526  0x320  [8]  50 41 C3 85 85 00 00 00 
        0x320  mfr=PA  hw=195  sw=133
     100.527  0x320  [8]  50 41 C3 85 85 00 00 00 
        0x320  mfr=PA  hw=195  sw=133
     100.537  0x320  [8]  50 41 C3 85 85 00 00 00 
        0x320  mfr=PA  hw=195  sw=133
     100.548  0x320  [8]  50 41 C3 85 85 00 00 00 
        0x320  mfr=PA  hw=195  sw=133
     100.548  0x320  [8]  50 41 C3 85 85 00 00 00 
        0x320  mfr=PA  hw=195  sw=133
     100.559  0x320  [8]  50 41 C3 85 85 00 00 00 
        0x320  mfr=PA  hw=195  sw=133
     100.570  0x322  [8]  01 00 00 D4 03 01 63 63 
     100.570  0x322  [8]  01 00 00 D4 03 01 63 63 
     100.580  0x322  [8]  01 00 00 D4 03 01 63 63 
     100.581  0x322  [8]  01 00 00 D4 03 01 63 63 
     100.591  0x322  [8]  01 00 00 D4 03 01 63 63 
     100.591  0x322  [8]  01 00 00 D4 03 01 63 63 
     100.592  0x322  [8]  01 00 00 D4 03 01 63 63 
     100.602  0x322  [8]  01 00 00 D4 03 01 63 63 
     100.602  0x322  [8]  01 00 00 D4 03 01 63 63 
     100.613  0x322  [8]  01 00 00 D4 03 01 63 63 
     100.613  0x322  [8]  01 00 00 D4 03 01 63 63 
     100.623  0x322  [8]  01 00 00 D4 03 01 63 63 
     100.624  0x322  [8]  01 00 00 D4 03 01 63 63 
     100.624  0x322  [8]  01 00 00 D4 03 01 63 63 
     100.634  0x322  [8]  01 00 00 D4 03 01 63 63 
     100.635  0x322  [8]  01 00 00 D4 03 01 63 63 
     100.645  0x322  [8]  01 00 00 D4 03 01 63 63 
     100.645  0x322  [8]  01 00 00 D4 03 01 63 63 
     100.646  0x322  [8]  01 00 00 D4 03 01 63 63 
     100.656  0x322  [8]  01 00 00 D4 03 01 63 63 
     100.656  0x322  [8]  01 00 00 D4 03 01 63 63 
     100.667  0x322  [8]  01 00 00 D4 03 01 63 63 
     100.667  0x311  [8]  02 38 08 24 08 24 01 61 
        0x311  CVL=56.8V  CCL=208.4A  DCL=208.4A  status=0x0161 (chg_en=1 dis_en=1 mode=1)
     100.678  0x311  [8]  02 38 08 24 08 24 01 61 
        0x311  CVL=56.8V  CCL=208.4A  DCL=208.4A  status=0x0161 (chg_en=1 dis_en=1 mode=1)
     100.689  0x311  [8]  02 38 08 24 08 24 01 61 
        0x311  CVL=56.8V  CCL=208.4A  DCL=208.4A  status=0x0161 (chg_en=1 dis_en=1 mode=1)
     100.710  0x311  [8]  02 38 08 24 08 24 01 61 
        0x311  CVL=56.8V  CCL=208.4A  DCL=208.4A  status=0x0161 (chg_en=1 dis_en=1 mode=1)
     100.721  0x311  [8]  02 38 08 24 08 24 01 61 
        0x311  CVL=56.8V  CCL=208.4A  DCL=208.4A  status=0x0161 (chg_en=1 dis_en=1 mode=1)
     100.733  0x311  [8]  02 38 08 24 08 24 01 61 
        0x311  CVL=56.8V  CCL=208.4A  DCL=208.4A  status=0x0161 (chg_en=1 dis_en=1 mode=1)
     100.744  0x311  [8]  02 38 08 24 08 24 01 61 
        0x311  CVL=56.8V  CCL=208.4A  DCL=208.4A  status=0x0161 (chg_en=1 dis_en=1 mode=1)
     100.755  0x311  [8]  02 38 08 24 08 24 01 61 
        0x311  CVL=56.8V  CCL=208.4A  DCL=208.4A  status=0x0161 (chg_en=1 dis_en=1 mode=1)
     100.766  0x311  [8]  02 38 08 24 08 24 01 61 
        0x311  CVL=56.8V  CCL=208.4A  DCL=208.4A  status=0x0161 (chg_en=1 dis_en=1 mode=1)
     100.777  0x311  [8]  02 38 08 24 08 24 01 61 
        0x311  CVL=56.8V  CCL=208.4A  DCL=208.4A  status=0x0161 (chg_en=1 dis_en=1 mode=1)
     100.798  0x311  [8]  02 38 08 24 08 24 01 61 
        0x311  CVL=56.8V  CCL=208.4A  DCL=208.4A  status=0x0161 (chg_en=1 dis_en=1 mode=1)
     100.809  0x311  [8]  02 38 08 24 08 24 01 61 
        0x311  CVL=56.8V  CCL=208.4A  DCL=208.4A  status=0x0161 (chg_en=1 dis_en=1 mode=1)
     100.820  0x311  [8]  02 38 08 24 08 24 01 61 
        0x311  CVL=56.8V  CCL=208.4A  DCL=208.4A  status=0x0161 (chg_en=1 dis_en=1 mode=1)
     100.832  0x311  [8]  02 38 08 24 08 24 01 61 
        0x311  CVL=56.8V  CCL=208.4A  DCL=208.4A  status=0x0161 (chg_en=1 dis_en=1 mode=1)
     100.843  0x311  [8]  02 38 08 24 08 24 01 61 
        0x311  CVL=56.8V  CCL=208.4A  DCL=208.4A  status=0x0161 (chg_en=1 dis_en=1 mode=1)
     100.854  0x311  [8]  02 38 08 24 08 24 01 61 
        0x311  CVL=56.8V  CCL=208.4A  DCL=208.4A  status=0x0161 (chg_en=1 dis_en=1 mode=1)
     100.865  0x311  [8]  02 38 08 24 08 24 01 61 
        0x311  CVL=56.8V  CCL=208.4A  DCL=208.4A  status=0x0161 (chg_en=1 dis_en=1 mode=1)
     100.876  0x311  [8]  02 38 08 24 08 24 01 61 
        0x311  CVL=56.8V  CCL=208.4A  DCL=208.4A  status=0x0161 (chg_en=1 dis_en=1 mode=1)
     100.897  0x311  [8]  02 38 08 24 08 24 01 61 
        0x311  CVL=56.8V  CCL=208.4A  DCL=208.4A  status=0x0161 (chg_en=1 dis_en=1 mode=1)
     100.908  0x311  [8]  02 38 08 24 08 24 01 61 
        0x311  CVL=56.8V  CCL=208.4A  DCL=208.4A  status=0x0161 (chg_en=1 dis_en=1 mode=1)
     100.920  0x311  [8]  02 38 08 24 08 24 01 61 
        0x311  CVL=56.8V  CCL=208.4A  DCL=208.4A  status=0x0161 (chg_en=1 dis_en=1 mode=1)
     100.931  0x323  [8]  20 0E 10 00 00 00 00 00 
     100.931  0x323  [8]  20 0E 10 00 00 00 00 00 
     100.941  0x323  [8]  20 0E 10 00 00 00 00 00 
     100.942  0x323  [8]  20 0E 10 00 00 00 00 00 
     100.952  0x323  [8]  20 0E 10 00 00 00 00 00 
     100.952  0x323  [8]  20 0E 10 00 00 00 00 00 
     100.963  0x323  [8]  20 0E 10 00 00 00 00 00 
     100.963  0x323  [8]  20 0E 10 00 00 00 00 00 
     100.963  0x323  [8]  20 0E 10 00 00 00 00 00 
     100.974  0x323  [8]  20 0E 10 00 00 00 00 00 
     100.974  0x324  [8]  02 42 42 37 00 00 00 00 
     100.984  0x324  [8]  02 42 42 37 00 00 00 00 
     100.985  0x324  [8]  02 42 42 37 00 00 00 00 
     100.985  0x324  [8]  02 42 42 37 00 00 00 00 
     100.995  0x324  [8]  02 42 42 37 00 00 00 00 
     100.996  0x324  [8]  02 42 42 37 00 00 00 00 
     101.006  0x324  [8]  02 42 42 37 00 00 00 00 
     101.006  0x324  [8]  02 42 42 37 00 00 00 00 
     101.017  0x324  [8]  02 42 42 37 00 00 00 00 
     101.017  0x324  [8]  02 42 42 37 00 00 00 00 
     101.017  0x324  [8]  02 42 42 37 00 00 00 00 
     101.028  0x324  [8]  02 42 42 37 00 00 00 00 
     101.028  0x324  [8]  02 42 42 37 00 00 00 00 
     101.038  0x329  [8]  02 00 18 CB 02 00 3F 3B 
     101.039  0x329  [8]  02 00 18 CB 02 00 3F 3B 
     101.039  0x329  [8]  02 00 18 CB 02 00 3F 3B 
     101.049  0x329  [8]  02 00 18 CB 02 00 3F 3B 
     101.050  0x329  [8]  02 00 18 CB 02 00 3F 3B 
     101.060  0x329  [8]  02 00 18 CB 02 00 3F 3B 
     101.060  0x329  [8]  02 00 18 CB 02 00 3F 3B 
     101.071  0x329  [8]  02 00 18 CB 02 00 3F 3B 
     101.071  0x329  [8]  02 00 18 CB 02 00 3F 3B 
     101.071  0x329  [8]  02 00 18 CB 02 00 3F 3B 
     101.082  0x329  [8]  02 00 18 CB 02 00 3F 3B 
     101.082  0x329  [8]  02 00 18 CB 02 00 3F 3B 
     101.092  0x329  [8]  02 00 18 CB 02 00 3F 3B 
     101.093  0x329  [8]  02 00 18 CB 02 00 3F 3B 
     101.103  0x329  [8]  02 00 18 CB 02 00 3F 3B 
     101.103  0x329  [8]  02 00 18 CB 02 00 3F 3B 
     101.104  0x329  [8]  02 00 18 CB 02 00 3F 3B 
     101.114  0x329  [8]  02 00 18 CB 02 00 3F 3B 
     101.114  0x329  [8]  02 00 18 CB 02 00 3F 3B 
     101.125  0x329  [8]  02 00 18 CB 02 00 3F 3B 
     101.125  0x329  [8]  02 00 18 CB 02 00 3F 3B 
     101.125  0x330  [8]  02 01 02 07 0D 3A 0D 31 
     101.136  0x330  [8]  02 01 02 07 0D 3A 0D 31 
     101.136  0x330  [8]  02 01 02 07 0D 3A 0D 31 
     101.146  0x330  [8]  02 01 02 07 0D 3A 0D 31 
     101.147  0x330  [8]  02 01 02 07 0D 3A 0D 31 
     101.157  0x330  [8]  02 01 02 07 0D 3A 0D 31 
     101.157  0x330  [8]  02 01 02 07 0D 3A 0D 31 
     101.158  0x330  [8]  02 01 02 07 0D 3A 0D 31 
     101.168  0x312  [8]  00 00 00 00 02 00 00 00 
        0x312  prot=00 00  warn=00 00  packs=2  mfr=??  cells=0
     101.179  0x312  [8]  00 00 00 00 02 00 00 00 
        0x312  prot=00 00  warn=00 00  packs=2  mfr=??  cells=0
     101.189  0x312  [8]  00 00 00 00 02 00 00 00 
        0x312  prot=00 00  warn=00 00  packs=2  mfr=??  cells=0
     101.200  0x312  [8]  00 00 00 00 02 00 00 00 
        0x312  prot=00 00  warn=00 00  packs=2  mfr=??  cells=0
     101.210  0x312  [8]  00 00 00 00 02 00 00 00 
        0x312  prot=00 00  warn=00 00  packs=2  mfr=??  cells=0
     101.221  0x312  [8]  00 00 00 00 02 00 00 00 
        0x312  prot=00 00  warn=00 00  packs=2  mfr=??  cells=0
     101.232  0x312  [8]  00 00 00 00 02 00 00 00 
        0x312  prot=00 00  warn=00 00  packs=2  mfr=??  cells=0
     101.232  0x312  [8]  00 00 00 00 02 00 00 00 
        0x312  prot=00 00  warn=00 00  packs=2  mfr=??  cells=0
     101.243  0x313  [8]  15 18 00 00 00 EA 63 63 
        0x313  Vraw=5400  -> 54.00V if 0.01V  /  540.0V if 0.1V  |  I=+0.0A  T=23.4C  SOC=99%  SOH=99
     101.264  0x313  [8]  15 18 00 00 00 EA 63 63 
        0x313  Vraw=5400  -> 54.00V if 0.01V  /  540.0V if 0.1V  |  I=+0.0A  T=23.4C  SOC=99%  SOH=99
     101.275  0x313  [8]  15 18 00 00 00 EA 63 63 
        0x313  Vraw=5400  -> 54.00V if 0.01V  /  540.0V if 0.1V  |  I=+0.0A  T=23.4C  SOC=99%  SOH=99
     101.286  0x313  [8]  15 18 00 00 00 EA 63 63 
        0x313  Vraw=5400  -> 54.00V if 0.01V  /  540.0V if 0.1V  |  I=+0.0A  T=23.4C  SOC=99%  SOH=99
     101.297  0x313  [8]  15 18 00 00 00 EA 63 63 
        0x313  Vraw=5400  -> 54.00V if 0.01V  /  540.0V if 0.1V  |  I=+0.0A  T=23.4C  SOC=99%  SOH=99
     101.319  0x313  [8]  15 18 00 00 00 EA 63 63 
        0x313  Vraw=5400  -> 54.00V if 0.01V  /  540.0V if 0.1V  |  I=+0.0A  T=23.4C  SOC=99%  SOH=99
     101.330  0x313  [8]  15 18 00 00 00 EA 63 63 
        0x313  Vraw=5400  -> 54.00V if 0.01V  /  540.0V if 0.1V  |  I=+0.0A  T=23.4C  SOC=99%  SOH=99
     101.341  0x313  [8]  15 18 00 00 00 EA 63 63 
        0x313  Vraw=5400  -> 54.00V if 0.01V  /  540.0V if 0.1V  |  I=+0.0A  T=23.4C  SOC=99%  SOH=99
     101.352  0x313  [8]  15 18 00 00 00 EA 63 63 
        0x313  Vraw=5400  -> 54.00V if 0.01V  /  540.0V if 0.1V  |  I=+0.0A  T=23.4C  SOC=99%  SOH=99
     101.363  0x313  [8]  15 18 00 00 00 EA 63 63 
        0x313  Vraw=5400  -> 54.00V if 0.01V  /  540.0V if 0.1V  |  I=+0.0A  T=23.4C  SOC=99%  SOH=99
     101.385  0x313  [8]  15 18 00 00 00 EA 63 63 
        0x313  Vraw=5400  -> 54.00V if 0.01V  /  540.0V if 0.1V  |  I=+0.0A  T=23.4C  SOC=99%  SOH=99
     101.396  0x313  [8]  15 18 00 00 00 EA 63 63 
        0x313  Vraw=5400  -> 54.00V if 0.01V  /  540.0V if 0.1V  |  I=+0.0A  T=23.4C  SOC=99%  SOH=99
     101.407  0x313  [8]  15 18 00 00 00 EA 63 63 
        0x313  Vraw=5400  -> 54.00V if 0.01V  /  540.0V if 0.1V  |  I=+0.0A  T=23.4C  SOC=99%  SOH=99
     101.418  0x313  [8]  15 18 00 00 00 EA 63 63 
        0x313  Vraw=5400  -> 54.00V if 0.01V  /  540.0V if 0.1V  |  I=+0.0A  T=23.4C  SOC=99%  SOH=99
     101.440  0x313  [8]  15 18 00 00 00 EA 63 63 
        0x313  Vraw=5400  -> 54.00V if 0.01V  /  540.0V if 0.1V  |  I=+0.0A  T=23.4C  SOC=99%  SOH=99
     101.451  0x314  [8]  5B 2C 5B 40 00 09 05 3D 
        0x314  RM=233.40Ah  FCC=233.60Ah  dV=9mV  cycles=1341
     101.462  0x314  [8]  5B 2C 5B 40 00 09 05 3D 
        0x314  RM=233.40Ah  FCC=233.60Ah  dV=9mV  cycles=1341
     101.473  0x314  [8]  5B 2C 5B 40 00 09 05 3D 
        0x314  RM=233.40Ah  FCC=233.60Ah  dV=9mV  cycles=1341
     101.474  0x314  [8]  5B 2C 5B 40 00 09 05 3D 
        0x314  RM=233.40Ah  FCC=233.60Ah  dV=9mV  cycles=1341
     101.485  0x314  [8]  5B 2C 5B 40 00 09 05 3D 
        0x314  RM=233.40Ah  FCC=233.60Ah  dV=9mV  cycles=1341
     101.496  0x314  [8]  5B 2C 5B 40 00 09 05 3D 
        0x314  RM=233.40Ah  FCC=233.60Ah  dV=9mV  cycles=1341
     101.507  0x314  [8]  5B 2C 5B 40 00 09 05 3D 
        0x314  RM=233.40Ah  FCC=233.60Ah  dV=9mV  cycles=1341
     101.518  0x314  [8]  5B 2C 5B 40 00 09 05 3D 
        0x314  RM=233.40Ah  FCC=233.60Ah  dV=9mV  cycles=1341
     101.529  0x314  [8]  5B 2C 5B 40 00 09 05 3D 
        0x314  RM=233.40Ah  FCC=233.60Ah  dV=9mV  cycles=1341
     101.540  0x314  [8]  5B 2C 5B 40 00 09 05 3D 
        0x314  RM=233.40Ah  FCC=233.60Ah  dV=9mV  cycles=1341
     101.551  0x314  [8]  5B 2C 5B 40 00 09 05 3D 
        0x314  RM=233.40Ah  FCC=233.60Ah  dV=9mV  cycles=1341
     101.563  0x314  [8]  5B 2C 5B 40 00 09 05 3D 
        0x314  RM=233.40Ah  FCC=233.60Ah  dV=9mV  cycles=1341
     101.574  0x314  [8]  5B 2C 5B 40 00 09 05 3D 
        0x314  RM=233.40Ah  FCC=233.60Ah  dV=9mV  cycles=1341
     101.575  0x314  [8]  5B 2C 5B 40 00 09 05 3D 
        0x314  RM=233.40Ah  FCC=233.60Ah  dV=9mV  cycles=1341
     101.586  0x314  [8]  5B 2C 5B 40 00 09 05 3D 
        0x314  RM=233.40Ah  FCC=233.60Ah  dV=9mV  cycles=1341
     101.597  0x314  [8]  5B 2C 5B 40 00 09 05 3D 
        0x314  RM=233.40Ah  FCC=233.60Ah  dV=9mV  cycles=1341
     101.608  0x314  [8]  5B 2C 5B 40 00 09 05 3D 
        0x314  RM=233.40Ah  FCC=233.60Ah  dV=9mV  cycles=1341
     101.619  0x314  [8]  5B 2C 5B 40 00 09 05 3D 
        0x314  RM=233.40Ah  FCC=233.60Ah  dV=9mV  cycles=1341
     101.630  0x314  [8]  5B 2C 5B 40 00 09 05 3D 
        0x314  RM=233.40Ah  FCC=233.60Ah  dV=9mV  cycles=1341
     101.641  0x314  [8]  5B 2C 5B 40 00 09 05 3D 
        0x314  RM=233.40Ah  FCC=233.60Ah  dV=9mV  cycles=1341
     101.652  0x314  [8]  5B 2C 5B 40 00 09 05 3D 
        0x314  RM=233.40Ah  FCC=233.60Ah  dV=9mV  cycles=1341
     101.663  0x314  [8]  5B 2C 5B 40 00 09 05 3D 
        0x314  RM=233.40Ah  FCC=233.60Ah  dV=9mV  cycles=1341
     101.664  0x315  [8]  0D 39 0D 38 0D 37 0D 37 
     101.675  0x315  [8]  0D 39 0D 38 0D 37 0D 37 
     101.675  0x315  [8]  0D 39 0D 38 0D 37 0D 37 
     101.685  0x315  [8]  0D 39 0D 38 0D 37 0D 37 
     101.686  0x315  [8]  0D 39 0D 38 0D 37 0D 37 
     101.686  0x315  [8]  0D 39 0D 38 0D 37 0D 37 
     101.696  0x315  [8]  0D 39 0D 38 0D 37 0D 37 
     101.697  0x315  [8]  0D 39 0D 38 0D 37 0D 37 
     101.707  0x315  [8]  0D 39 0D 38 0D 37 0D 37 
     101.707  0x315  [8]  0D 39 0D 38 0D 37 0D 37 
     101.718  0x315  [8]  0D 39 0D 38 0D 37 0D 37 
     101.718  0x315  [8]  0D 39 0D 38 0D 37 0D 37 
     101.718  0x315  [8]  0D 39 0D 38 0D 37 0D 37 
     101.729  0x315  [8]  0D 39 0D 38 0D 37 0D 37 
     101.729  0x315  [8]  0D 39 0D 38 0D 37 0D 37 
     101.739  0x315  [8]  0D 39 0D 38 0D 37 0D 37 
     101.740  0x315  [8]  0D 39 0D 38 0D 37 0D 37 
     101.750  0x315  [8]  0D 39 0D 38 0D 37 0D 37 
     101.750  0x315  [8]  0D 39 0D 38 0D 37 0D 37 
     101.751  0x315  [8]  0D 39 0D 38 0D 37 0D 37 
     101.761  0x316  [8]  0D 35 0D 35 0D 34 0D 34 
     101.761  0x316  [8]  0D 35 0D 35 0D 34 0D 34 
     101.772  0x316  [8]  0D 35 0D 35 0D 34 0D 34 
     101.772  0x316  [8]  0D 35 0D 35 0D 34 0D 34 
     101.772  0x316  [8]  0D 35 0D 35 0D 34 0D 34 
     101.783  0x316  [8]  0D 35 0D 35 0D 34 0D 34 
     101.783  0x316  [8]  0D 35 0D 35 0D 34 0D 34 
     101.793  0x316  [8]  0D 35 0D 35 0D 34 0D 34 
     101.794  0x316  [8]  0D 35 0D 35 0D 34 0D 34 
     101.804  0x317  [8]  0D 3A 0D 37 0D 37 0D 37 
     101.804  0x317  [8]  0D 3A 0D 37 0D 37 0D 37 
     101.804  0x317  [8]  0D 3A 0D 37 0D 37 0D 37 
     101.815  0x317  [8]  0D 3A 0D 37 0D 37 0D 37 
     101.815  0x317  [8]  0D 3A 0D 37 0D 37 0D 37 
     101.826  0x317  [8]  0D 3A 0D 37 0D 37 0D 37 
     101.826  0x317  [8]  0D 3A 0D 37 0D 37 0D 37 
     101.826  0x317  [8]  0D 3A 0D 37 0D 37 0D 37 
     101.837  0x318  [8]  0D 33 0D 32 0D 31 0D 31 
     101.837  0x318  [8]  0D 33 0D 32 0D 31 0D 31 
     101.847  0x318  [8]  0D 33 0D 32 0D 31 0D 31 
     101.848  0x318  [8]  0D 33 0D 32 0D 31 0D 31 
     101.858  0x318  [8]  0D 33 0D 32 0D 31 0D 31 
     101.858  0x318  [8]  0D 33 0D 32 0D 31 0D 31 
     101.859  0x318  [8]  0D 33 0D 32 0D 31 0D 31 
     101.869  0x318  [8]  0D 33 0D 32 0D 31 0D 31 
     101.869  0x319  [8]  C0 0D 3A 0D 31 11 17 00 
        0x319  chem=0  forceI=0 forceII=0  dis_en=0 chg_en=1  (byte0=0xC0)
     101.880  0x319  [8]  C0 0D 3A 0D 31 11 17 00 
        0x319  chem=0  forceI=0 forceII=0  dis_en=0 chg_en=1  (byte0=0xC0)
     101.891  0x319  [8]  C0 0D 3A 0D 31 11 17 00 
        0x319  chem=0  forceI=0 forceII=0  dis_en=0 chg_en=1  (byte0=0xC0)
     101.901  0x319  [8]  C0 0D 3A 0D 31 11 17 00 
        0x319  chem=0  forceI=0 forceII=0  dis_en=0 chg_en=1  (byte0=0xC0)
     101.912  0x319  [8]  C0 0D 3A 0D 31 11 17 00 
        0x319  chem=0  forceI=0 forceII=0  dis_en=0 chg_en=1  (byte0=0xC0)
     101.923  0x319  [8]  C0 0D 3A 0D 31 11 17 00 
        0x319  chem=0  forceI=0 forceII=0  dis_en=0 chg_en=1  (byte0=0xC0)
     101.943  0x319  [8]  C0 0D 3A 0D 31 11 17 00 
        0x319  chem=0  forceI=0 forceII=0  dis_en=0 chg_en=1  (byte0=0xC0)
     101.954  0x319  [8]  C0 0D 3A 0D 31 11 17 00 
        0x319  chem=0  forceI=0 forceII=0  dis_en=0 chg_en=1  (byte0=0xC0)
     101.964  0x319  [8]  C0 0D 3A 0D 31 11 17 00 
        0x319  chem=0  forceI=0 forceII=0  dis_en=0 chg_en=1  (byte0=0xC0)
     101.975  0x320  [8]  50 41 C3 85 85 00 00 00 
        0x320  mfr=PA  hw=195  sw=133
     101.976  0x320  [8]  50 41 C3 85 85 00 00 00 
        0x320  mfr=PA  hw=195  sw=133
     101.986  0x320  [8]  50 41 C3 85 85 00 00 00 
        0x320  mfr=PA  hw=195  sw=133
     101.997  0x320  [8]  50 41 C3 85 85 00 00 00 
        0x320  mfr=PA  hw=195  sw=133
     102.007  0x320  [8]  50 41 C3 85 85 00 00 00 
        0x320  mfr=PA  hw=195  sw=133
     102.008  0x320  [8]  50 41 C3 85 85 00 00 00 
        0x320  mfr=PA  hw=195  sw=133
     102.018  0x320  [8]  50 41 C3 85 85 00 00 00 
        0x320  mfr=PA  hw=195  sw=133
     102.029  0x320  [8]  50 41 C3 85 85 00 00 00 
        0x320  mfr=PA  hw=195  sw=133
     102.039  0x320  [8]  50 41 C3 85 85 00 00 00 
        0x320  mfr=PA  hw=195  sw=133
     102.040  0x320  [8]  50 41 C3 85 85 00 00 00 
        0x320  mfr=PA  hw=195  sw=133
     102.050  0x320  [8]  50 41 C3 85 85 00 00 00 
        0x320  mfr=PA  hw=195  sw=133
     102.061  0x322  [8]  01 00 00 D4 03 01 63 63 
     102.061  0x322  [8]  01 00 00 D4 03 01 63 63 
     102.072  0x322  [8]  01 00 00 D4 03 01 63 63 
     102.072  0x322  [8]  01 00 00 D4 03 01 63 63 
     102.072  0x322  [8]  01 00 00 D4 03 01 63 63 
     102.083  0x322  [8]  01 00 00 D4 03 01 63 63 
     102.083  0x322  [8]  01 00 00 D4 03 01 63 63 
     102.093  0x322  [8]  01 00 00 D4 03 01 63 63 
     102.094  0x322  [8]  01 00 00 D4 03 01 63 63 
     102.094  0x322  [8]  01 00 00 D4 03 01 63 63 
     102.104  0x322  [8]  01 00 00 D4 03 01 63 63 
     102.105  0x322  [8]  01 00 00 D4 03 01 63 63 
     102.115  0x322  [8]  01 00 00 D4 03 01 63 63 
     102.115  0x322  [8]  01 00 00 D4 03 01 63 63 
     102.126  0x322  [8]  01 00 00 D4 03 01 63 63 
     102.126  0x322  [8]  01 00 00 D4 03 01 63 63 
     102.126  0x322  [8]  01 00 00 D4 03 01 63 63 
     102.137  0x322  [8]  01 00 00 D4 03 01 63 63 
     102.137  0x322  [8]  01 00 00 D4 03 01 63 63 
     102.147  0x322  [8]  01 00 00 D4 03 01 63 63 
     102.148  0x322  [8]  01 00 00 D4 03 01 63 63 
     102.158  0x322  [8]  01 00 00 D4 03 01 63 63 
     102.158  0x322  [8]  01 00 00 D4 03 01 63 63 
     102.159  0x322  [8]  01 00 00 D4 03 01 63 63 
     102.169  0x311  [8]  02 38 08 24 08 24 01 61 
        0x311  CVL=56.8V  CCL=208.4A  DCL=208.4A  status=0x0161 (chg_en=1 dis_en=1 mode=1)
     102.180  0x311  [8]  02 38 08 24 08 24 01 61 
        0x311  CVL=56.8V  CCL=208.4A  DCL=208.4A  status=0x0161 (chg_en=1 dis_en=1 mode=1)
     102.191  0x311  [8]  02 38 08 24 08 24 01 61 
        0x311  CVL=56.8V  CCL=208.4A  DCL=208.4A  status=0x0161 (chg_en=1 dis_en=1 mode=1)
     102.202  0x311  [8]  02 38 08 24 08 24 01 61 
        0x311  CVL=56.8V  CCL=208.4A  DCL=208.4A  status=0x0161 (chg_en=1 dis_en=1 mode=1)
     102.213  0x311  [8]  02 38 08 24 08 24 01 61 
        0x311  CVL=56.8V  CCL=208.4A  DCL=208.4A  status=0x0161 (chg_en=1 dis_en=1 mode=1)
     102.225  0x311  [8]  02 38 08 24 08 24 01 61 
        0x311  CVL=56.8V  CCL=208.4A  DCL=208.4A  status=0x0161 (chg_en=1 dis_en=1 mode=1)
     102.246  0x311  [8]  02 38 08 24 08 24 01 61 
        0x311  CVL=56.8V  CCL=208.4A  DCL=208.4A  status=0x0161 (chg_en=1 dis_en=1 mode=1)
     102.257  0x311  [8]  02 38 08 24 08 24 01 61 
        0x311  CVL=56.8V  CCL=208.4A  DCL=208.4A  status=0x0161 (chg_en=1 dis_en=1 mode=1)
     102.268  0x311  [8]  02 38 08 24 08 24 01 61 
        0x311  CVL=56.8V  CCL=208.4A  DCL=208.4A  status=0x0161 (chg_en=1 dis_en=1 mode=1)
     102.279  0x311  [8]  02 38 08 24 08 24 01 61 
        0x311  CVL=56.8V  CCL=208.4A  DCL=208.4A  status=0x0161 (chg_en=1 dis_en=1 mode=1)
     102.290  0x311  [8]  02 38 08 24 08 24 01 61 
        0x311  CVL=56.8V  CCL=208.4A  DCL=208.4A  status=0x0161 (chg_en=1 dis_en=1 mode=1)
     102.301  0x311  [8]  02 38 08 24 08 24 01 61 
        0x311  CVL=56.8V  CCL=208.4A  DCL=208.4A  status=0x0161 (chg_en=1 dis_en=1 mode=1)
     102.313  0x311  [8]  02 38 08 24 08 24 01 61 
        0x311  CVL=56.8V  CCL=208.4A  DCL=208.4A  status=0x0161 (chg_en=1 dis_en=1 mode=1)
     102.334  0x311  [8]  02 38 08 24 08 24 01 61 
        0x311  CVL=56.8V  CCL=208.4A  DCL=208.4A  status=0x0161 (chg_en=1 dis_en=1 mode=1)
     102.345  0x311  [8]  02 38 08 24 08 24 01 61 
        0x311  CVL=56.8V  CCL=208.4A  DCL=208.4A  status=0x0161 (chg_en=1 dis_en=1 mode=1)
     102.356  0x311  [8]  02 38 08 24 08 24 01 61 
        0x311  CVL=56.8V  CCL=208.4A  DCL=208.4A  status=0x0161 (chg_en=1 dis_en=1 mode=1)
     102.367  0x311  [8]  02 38 08 24 08 24 01 61 
        0x311  CVL=56.8V  CCL=208.4A  DCL=208.4A  status=0x0161 (chg_en=1 dis_en=1 mode=1)
     102.378  0x311  [8]  02 38 08 24 08 24 01 61 
        0x311  CVL=56.8V  CCL=208.4A  DCL=208.4A  status=0x0161 (chg_en=1 dis_en=1 mode=1)
     102.389  0x311  [8]  02 38 08 24 08 24 01 61 
        0x311  CVL=56.8V  CCL=208.4A  DCL=208.4A  status=0x0161 (chg_en=1 dis_en=1 mode=1)
     102.401  0x311  [8]  02 38 08 24 08 24 01 61 
        0x311  CVL=56.8V  CCL=208.4A  DCL=208.4A  status=0x0161 (chg_en=1 dis_en=1 mode=1)
     102.422  0x311  [8]  02 38 08 24 08 24 01 61 
        0x311  CVL=56.8V  CCL=208.4A  DCL=208.4A  status=0x0161 (chg_en=1 dis_en=1 mode=1)
     102.433  0x323  [8]  20 0E 10 00 00 00 00 00 
     102.433  0x323  [8]  20 0E 10 00 00 00 00 00 
     102.433  0x323  [8]  20 0E 10 00 00 00 00 00 
     102.444  0x323  [8]  20 0E 10 00 00 00 00 00 
     102.444  0x323  [8]  20 0E 10 00 00 00 00 00 
     102.455  0x323  [8]  20 0E 10 00 00 00 00 00 
     102.455  0x323  [8]  20 0E 10 00 00 00 00 00 
     102.465  0x323  [8]  20 0E 10 00 00 00 00 00 
     102.465  0x324  [8]  00 01 47 50 4A 30 32 31 
     102.466  0x324  [8]  00 01 47 50 4A 30 32 31 
     102.476  0x324  [8]  00 01 47 50 4A 30 32 31 
     102.476  0x324  [8]  00 01 47 50 4A 30 32 31 
     102.487  0x324  [8]  00 01 47 50 4A 30 32 31 
     102.487  0x324  [8]  00 01 47 50 4A 30 32 31 
     102.498  0x324  [8]  00 01 47 50 4A 30 32 31 
     102.498  0x324  [8]  00 01 47 50 4A 30 32 31 
     102.498  0x324  [8]  00 01 47 50 4A 30 32 31 
     102.509  0x324  [8]  00 01 47 50 4A 30 32 31 
     102.509  0x324  [8]  00 01 47 50 4A 30 32 31 
     102.519  0x324  [8]  00 01 47 50 4A 30 32 31 
     102.519  0x324  [8]  00 01 47 50 4A 30 32 31 
     102.520  0x324  [8]  00 01 47 50 4A 30 32 31 
     102.530  0x324  [8]  00 01 47 50 4A 30 32 31 
     102.530  0x324  [8]  00 01 47 50 4A 30 32 31 
     102.541  0x329  [8]  01 00 21 38 01 00 3E 9F 
     102.541  0x329  [8]  01 00 21 38 01 00 3E 9F 
     102.551  0x329  [8]  01 00 21 38 01 00 3E 9F 
     102.552  0x329  [8]  01 00 21 38 01 00 3E 9F 
     102.552  0x329  [8]  01 00 21 38 01 00 3E 9F 
     102.563  0x329  [8]  01 00 21 38 01 00 3E 9F 
     102.563  0x329  [8]  01 00 21 38 01 00 3E 9F 
     102.573  0x329  [8]  01 00 21 38 01 00 3E 9F 
     102.573  0x329  [8]  01 00 21 38 01 00 3E 9F 
     102.574  0x329  [8]  01 00 21 38 01 00 3E 9F 
     102.584  0x329  [8]  01 00 21 38 01 00 3E 9F 
     102.584  0x329  [8]  01 00 21 38 01 00 3E 9F 
     102.595  0x329  [8]  01 00 21 38 01 00 3E 9F 
     102.595  0x329  [8]  01 00 21 38 01 00 3E 9F 
     102.606  0x329  [8]  01 00 21 38 01 00 3E 9F 
     102.606  0x329  [8]  01 00 21 38 01 00 3E 9F 
     102.606  0x329  [8]  01 00 21 38 01 00 3E 9F 
     102.617  0x329  [8]  01 00 21 38 01 00 3E 9F 
     102.617  0x329  [8]  01 00 21 38 01 00 3E 9F 
     102.627  0x329  [8]  01 00 21 38 01 00 3E 9F 
     102.628  0x330  [8]  01 02 02 07 0D 39 0D 31 
     102.628  0x330  [8]  01 02 02 07 0D 39 0D 31 
     102.638  0x330  [8]  01 02 02 07 0D 39 0D 31 
     102.639  0x330  [8]  01 02 02 07 0D 39 0D 31 
     102.649  0x330  [8]  01 02 02 07 0D 39 0D 31 
     102.649  0x330  [8]  01 02 02 07 0D 39 0D 31 
     102.660  0x330  [8]  01 02 02 07 0D 39 0D 31 
     102.660  0x330  [8]  01 02 02 07 0D 39 0D 31 
     102.660  0x312  [8]  00 00 00 00 02 00 00 00 
        0x312  prot=00 00  warn=00 00  packs=2  mfr=??  cells=0
     102.671  0x312  [8]  00 00 00 00 02 00 00 00 
        0x312  prot=00 00  warn=00 00  packs=2  mfr=??  cells=0
     102.681  0x312  [8]  00 00 00 00 02 00 00 00 
        0x312  prot=00 00  warn=00 00  packs=2  mfr=??  cells=0
     102.692  0x312  [8]  00 00 00 00 02 00 00 00 
        0x312  prot=00 00  warn=00 00  packs=2  mfr=??  cells=0
     102.703  0x312  [8]  00 00 00 00 02 00 00 00 
        0x312  prot=00 00  warn=00 00  packs=2  mfr=??  cells=0
     102.713  0x312  [8]  00 00 00 00 02 00 00 00 
        0x312  prot=00 00  warn=00 00  packs=2  mfr=??  cells=0
     102.724  0x312  [8]  00 00 00 00 02 00 00 00 
        0x312  prot=00 00  warn=00 00  packs=2  mfr=??  cells=0
     102.734  0x312  [8]  00 00 00 00 02 00 00 00 
        0x312  prot=00 00  warn=00 00  packs=2  mfr=??  cells=0
     102.745  0x313  [8]  15 18 00 00 00 EA 63 63 
        0x313  Vraw=5400  -> 54.00V if 0.01V  /  540.0V if 0.1V  |  I=+0.0A  T=23.4C  SOC=99%  SOH=99
     102.756  0x313  [8]  15 18 00 00 00 EA 63 63 
        0x313  Vraw=5400  -> 54.00V if 0.01V  /  540.0V if 0.1V  |  I=+0.0A  T=23.4C  SOC=99%  SOH=99
     102.767  0x313  [8]  15 18 00 00 00 EA 63 63 
        0x313  Vraw=5400  -> 54.00V if 0.01V  /  540.0V if 0.1V  |  I=+0.0A  T=23.4C  SOC=99%  SOH=99
     102.789  0x313  [8]  15 18 00 00 00 EA 63 63 
        0x313  Vraw=5400  -> 54.00V if 0.01V  /  540.0V if 0.1V  |  I=+0.0A  T=23.4C  SOC=99%  SOH=99
     102.800  0x313  [8]  15 18 00 00 00 EA 63 63 
        0x313  Vraw=5400  -> 54.00V if 0.01V  /  540.0V if 0.1V  |  I=+0.0A  T=23.4C  SOC=99%  SOH=99
     102.811  0x313  [8]  15 18 00 00 00 EA 63 63 
        0x313  Vraw=5400  -> 54.00V if 0.01V  /  540.0V if 0.1V  |  I=+0.0A  T=23.4C  SOC=99%  SOH=99
     102.822  0x313  [8]  15 18 00 00 00 EA 63 63 
        0x313  Vraw=5400  -> 54.00V if 0.01V  /  540.0V if 0.1V  |  I=+0.0A  T=23.4C  SOC=99%  SOH=99
     102.844  0x313  [8]  15 18 00 00 00 EA 63 63 
        0x313  Vraw=5400  -> 54.00V if 0.01V  /  540.0V if 0.1V  |  I=+0.0A  T=23.4C  SOC=99%  SOH=99
     102.855  0x313  [8]  15 18 00 00 00 EA 63 63 
        0x313  Vraw=5400  -> 54.00V if 0.01V  /  540.0V if 0.1V  |  I=+0.0A  T=23.4C  SOC=99%  SOH=99
     102.866  0x313  [8]  15 18 00 00 00 EA 63 63 
        0x313  Vraw=5400  -> 54.00V if 0.01V  /  540.0V if 0.1V  |  I=+0.0A  T=23.4C  SOC=99%  SOH=99
     102.877  0x313  [8]  15 18 00 00 00 EA 63 63 
        0x313  Vraw=5400  -> 54.00V if 0.01V  /  540.0V if 0.1V  |  I=+0.0A  T=23.4C  SOC=99%  SOH=99
     102.888  0x313  [8]  15 18 00 00 00 EA 63 63 
        0x313  Vraw=5400  -> 54.00V if 0.01V  /  540.0V if 0.1V  |  I=+0.0A  T=23.4C  SOC=99%  SOH=99
     102.910  0x313  [8]  15 18 00 00 00 EA 63 63 
        0x313  Vraw=5400  -> 54.00V if 0.01V  /  540.0V if 0.1V  |  I=+0.0A  T=23.4C  SOC=99%  SOH=99
     102.921  0x313  [8]  15 18 00 00 00 EA 63 63 
        0x313  Vraw=5400  -> 54.00V if 0.01V  /  540.0V if 0.1V  |  I=+0.0A  T=23.4C  SOC=99%  SOH=99
     102.932  0x314  [8]  5B 2C 5B 40 00 08 05 3D 
        0x314  RM=233.40Ah  FCC=233.60Ah  dV=8mV  cycles=1341
     102.943  0x314  [8]  5B 2C 5B 40 00 08 05 3D 
        0x314  RM=233.40Ah  FCC=233.60Ah  dV=8mV  cycles=1341
     102.954  0x314  [8]  5B 2C 5B 40 00 08 05 3D 
        0x314  RM=233.40Ah  FCC=233.60Ah  dV=8mV  cycles=1341
     102.965  0x314  [8]  5B 2C 5B 40 00 08 05 3D 
        0x314  RM=233.40Ah  FCC=233.60Ah  dV=8mV  cycles=1341
     102.976  0x314  [8]  5B 2C 5B 40 00 08 05 3D 
        0x314  RM=233.40Ah  FCC=233.60Ah  dV=8mV  cycles=1341
     102.987  0x314  [8]  5B 2C 5B 40 00 08 05 3D 
        0x314  RM=233.40Ah  FCC=233.60Ah  dV=8mV  cycles=1341
     102.998  0x314  [8]  5B 2C 5B 40 00 08 05 3D 
        0x314  RM=233.40Ah  FCC=233.60Ah  dV=8mV  cycles=1341
     102.999  0x314  [8]  5B 2C 5B 40 00 08 05 3D 
        0x314  RM=233.40Ah  FCC=233.60Ah  dV=8mV  cycles=1341
     103.010  0x314  [8]  5B 2C 5B 40 00 08 05 3D 
        0x314  RM=233.40Ah  FCC=233.60Ah  dV=8mV  cycles=1341
     103.021  0x314  [8]  5B 2C 5B 40 00 08 05 3D 
        0x314  RM=233.40Ah  FCC=233.60Ah  dV=8mV  cycles=1341
     103.033  0x314  [8]  5B 2C 5B 40 00 08 05 3D 
        0x314  RM=233.40Ah  FCC=233.60Ah  dV=8mV  cycles=1341
     103.044  0x314  [8]  5B 2C 5B 40 00 08 05 3D 
        0x314  RM=233.40Ah  FCC=233.60Ah  dV=8mV  cycles=1341
     103.055  0x314  [8]  5B 2C 5B 40 00 08 05 3D 
        0x314  RM=233.40Ah  FCC=233.60Ah  dV=8mV  cycles=1341
     103.066  0x314  [8]  5B 2C 5B 40 00 08 05 3D 
        0x314  RM=233.40Ah  FCC=233.60Ah  dV=8mV  cycles=1341
     103.077  0x314  [8]  5B 2C 5B 40 00 08 05 3D 
        0x314  RM=233.40Ah  FCC=233.60Ah  dV=8mV  cycles=1341
     103.088  0x314  [8]  5B 2C 5B 40 00 08 05 3D 
        0x314  RM=233.40Ah  FCC=233.60Ah  dV=8mV  cycles=1341
     103.089  0x314  [8]  5B 2C 5B 40 00 08 05 3D 
        0x314  RM=233.40Ah  FCC=233.60Ah  dV=8mV  cycles=1341
     103.100  0x314  [8]  5B 2C 5B 40 00 08 05 3D 
        0x314  RM=233.40Ah  FCC=233.60Ah  dV=8mV  cycles=1341
     103.111  0x314  [8]  5B 2C 5B 40 00 08 05 3D 
        0x314  RM=233.40Ah  FCC=233.60Ah  dV=8mV  cycles=1341
     103.122  0x314  [8]  5B 2C 5B 40 00 08 05 3D 
        0x314  RM=233.40Ah  FCC=233.60Ah  dV=8mV  cycles=1341
     103.133  0x314  [8]  5B 2C 5B 40 00 08 05 3D 
        0x314  RM=233.40Ah  FCC=233.60Ah  dV=8mV  cycles=1341
     103.144  0x315  [8]  0D 38 0D 38 0D 37 0D 37 
     103.144  0x315  [8]  0D 38 0D 38 0D 37 0D 37 
     103.155  0x315  [8]  0D 38 0D 38 0D 37 0D 37 
     103.155  0x315  [8]  0D 38 0D 38 0D 37 0D 37 
     103.166  0x315  [8]  0D 38 0D 38 0D 37 0D 37 
     103.166  0x315  [8]  0D 38 0D 38 0D 37 0D 37 
     103.166  0x315  [8]  0D 38 0D 38 0D 37 0D 37 
     103.176  0x315  [8]  0D 38 0D 38 0D 37 0D 37 
     103.177  0x315  [8]  0D 38 0D 38 0D 37 0D 37 
     103.187  0x315  [8]  0D 38 0D 38 0D 37 0D 37 
     103.187  0x315  [8]  0D 38 0D 38 0D 37 0D 37 
     103.198  0x315  [8]  0D 38 0D 38 0D 37 0D 37 
     103.198  0x315  [8]  0D 38 0D 38 0D 37 0D 37 
     103.198  0x315  [8]  0D 38 0D 38 0D 37 0D 37 
     103.209  0x315  [8]  0D 38 0D 38 0D 37 0D 37 
     103.209  0x315  [8]  0D 38 0D 38 0D 37 0D 37 
     103.220  0x315  [8]  0D 38 0D 38 0D 37 0D 37 
     103.220  0x315  [8]  0D 38 0D 38 0D 37 0D 37 
     103.220  0x315  [8]  0D 38 0D 38 0D 37 0D 37 
     103.230  0x315  [8]  0D 38 0D 38 0D 37 0D 37 
     103.231  0x315  [8]  0D 38 0D 38 0D 37 0D 37 
     103.241  0x315  [8]  0D 38 0D 38 0D 37 0D 37 
     103.241  0x315  [8]  0D 38 0D 38 0D 37 0D 37 
     103.252  0x316  [8]  0D 35 0D 35 0D 34 0D 34 
     103.252  0x316  [8]  0D 35 0D 35 0D 34 0D 34 
     103.252  0x316  [8]  0D 35 0D 35 0D 34 0D 34 
     103.263  0x316  [8]  0D 35 0D 35 0D 34 0D 34 
     103.263  0x316  [8]  0D 35 0D 35 0D 34 0D 34 
     103.273  0x316  [8]  0D 35 0D 35 0D 34 0D 34 
     103.274  0x316  [8]  0D 35 0D 35 0D 34 0D 34 
     103.274  0x316  [8]  0D 35 0D 35 0D 34 0D 34 
     103.284  0x316  [8]  0D 35 0D 35 0D 34 0D 34 
     103.285  0x317  [8]  0D 39 0D 38 0D 38 0D 37 
     103.295  0x317  [8]  0D 39 0D 38 0D 38 0D 37 
     103.295  0x317  [8]  0D 39 0D 38 0D 38 0D 37 
     103.306  0x317  [8]  0D 39 0D 38 0D 38 0D 37 
     103.306  0x317  [8]  0D 39 0D 38 0D 38 0D 37 
     103.306  0x317  [8]  0D 39 0D 38 0D 38 0D 37 
     103.317  0x317  [8]  0D 39 0D 38 0D 38 0D 37 
     103.317  0x318  [8]  0D 32 0D 32 0D 31 0D 31 
     103.327  0x318  [8]  0D 32 0D 32 0D 31 0D 31 
     103.328  0x318  [8]  0D 32 0D 32 0D 31 0D 31 
     103.328  0x318  [8]  0D 32 0D 32 0D 31 0D 31 
     103.338  0x318  [8]  0D 32 0D 32 0D 31 0D 31 
     103.339  0x318  [8]  0D 32 0D 32 0D 31 0D 31 
     103.349  0x318  [8]  0D 32 0D 32 0D 31 0D 31 
     103.349  0x318  [8]  0D 32 0D 32 0D 31 0D 31 
     103.360  0x319  [8]  C0 0D 39 0D 31 11 17 00 
        0x319  chem=0  forceI=0 forceII=0  dis_en=0 chg_en=1  (byte0=0xC0)
     103.370  0x319  [8]  C0 0D 39 0D 31 11 17 00 
        0x319  chem=0  forceI=0 forceII=0  dis_en=0 chg_en=1  (byte0=0xC0)
     103.381  0x319  [8]  C0 0D 39 0D 31 11 17 00 
        0x319  chem=0  forceI=0 forceII=0  dis_en=0 chg_en=1  (byte0=0xC0)
     103.392  0x319  [8]  C0 0D 39 0D 31 11 17 00 
        0x319  chem=0  forceI=0 forceII=0  dis_en=0 chg_en=1  (byte0=0xC0)
     103.402  0x319  [8]  C0 0D 39 0D 31 11 17 00 
        0x319  chem=0  forceI=0 forceII=0  dis_en=0 chg_en=1  (byte0=0xC0)
     103.413  0x319  [8]  C0 0D 39 0D 31 11 17 00 
        0x319  chem=0  forceI=0 forceII=0  dis_en=0 chg_en=1  (byte0=0xC0)
     103.424  0x319  [8]  C0 0D 39 0D 31 11 17 00 
        0x319  chem=0  forceI=0 forceII=0  dis_en=0 chg_en=1  (byte0=0xC0)
     103.434  0x319  [8]  C0 0D 39 0D 31 11 17 00 
        0x319  chem=0  forceI=0 forceII=0  dis_en=0 chg_en=1  (byte0=0xC0)
     103.445  0x319  [8]  C0 0D 39 0D 31 11 17 00 
        0x319  chem=0  forceI=0 forceII=0  dis_en=0 chg_en=1  (byte0=0xC0)
     103.456  0x319  [8]  C0 0D 39 0D 31 11 17 00 
        0x319  chem=0  forceI=0 forceII=0  dis_en=0 chg_en=1  (byte0=0xC0)
     103.466  0x320  [8]  50 41 C3 85 85 00 00 00 
        0x320  mfr=PA  hw=195  sw=133
     103.477  0x320  [8]  50 41 C3 85 85 00 00 00 
        0x320  mfr=PA  hw=195  sw=133
     103.487  0x320  [8]  50 41 C3 85 85 00 00 00 
        0x320  mfr=PA  hw=195  sw=133
     103.488  0x320  [8]  50 41 C3 85 85 00 00 00 
        0x320  mfr=PA  hw=195  sw=133
     103.498  0x320  [8]  50 41 C3 85 85 00 00 00 
        0x320  mfr=PA  hw=195  sw=133
     103.509  0x320  [8]  50 41 C3 85 85 00 00 00 
        0x320  mfr=PA  hw=195  sw=133
     103.509  0x320  [8]  50 41 C3 85 85 00 00 00 
        0x320  mfr=PA  hw=195  sw=133
     103.520  0x320  [8]  50 41 C3 85 85 00 00 00 
        0x320  mfr=PA  hw=195  sw=133
     103.531  0x320  [8]  50 41 C3 85 85 00 00 00 
        0x320  mfr=PA  hw=195  sw=133
     103.541  0x320  [8]  50 41 C3 85 85 00 00 00 
        0x320  mfr=PA  hw=195  sw=133
     103.542  0x320  [8]  50 41 C3 85 85 00 00 00 
        0x320  mfr=PA  hw=195  sw=133
     103.552  0x320  [8]  50 41 C3 85 85 00 00 00 
        0x320  mfr=PA  hw=195  sw=133
     103.563  0x320  [8]  50 41 C3 85 85 00 00 00 
        0x320  mfr=PA  hw=195  sw=133
     103.573  0x320  [8]  50 41 C3 85 85 00 00 00 
        0x320  mfr=PA  hw=195  sw=133
     103.574  0x322  [8]  01 00 00 D4 03 01 63 63 
     103.584  0x322  [8]  01 00 00 D4 03 01 63 63 
     103.584  0x322  [8]  01 00 00 D4 03 01 63 63 
     103.595  0x322  [8]  01 00 00 D4 03 01 63 63 
     103.595  0x322  [8]  01 00 00 D4 03 01 63 63 
     103.595  0x322  [8]  01 00 00 D4 03 01 63 63 
     103.606  0x322  [8]  01 00 00 D4 03 01 63 63 
     103.606  0x322  [8]  01 00 00 D4 03 01 63 63 
     103.616  0x322  [8]  01 00 00 D4 03 01 63 63 
     103.617  0x322  [8]  01 00 00 D4 03 01 63 63 
     103.627  0x322  [8]  01 00 00 D4 03 01 63 63 
     103.627  0x322  [8]  01 00 00 D4 03 01 63 63 
     103.628  0x322  [8]  01 00 00 D4 03 01 63 63 
     103.638  0x322  [8]  01 00 00 D4 03 01 63 63 
     103.638  0x322  [8]  01 00 00 D4 03 01 63 63 
     103.649  0x322  [8]  01 00 00 D4 03 01 63 63 
     103.649  0x322  [8]  01 00 00 D4 03 01 63 63 
     103.649  0x322  [8]  01 00 00 D4 03 01 63 63 
     103.660  0x322  [8]  01 00 00 D4 03 01 63 63 
     103.660  0x322  [8]  01 00 00 D4 03 01 63 63 
     103.670  0x322  [8]  01 00 00 D4 03 01 63 63 
     103.671  0x311  [8]  02 38 08 24 08 24 01 61 
        0x311  CVL=56.8V  CCL=208.4A  DCL=208.4A  status=0x0161 (chg_en=1 dis_en=1 mode=1)
     103.682  0x311  [8]  02 38 08 24 08 24 01 61 
        0x311  CVL=56.8V  CCL=208.4A  DCL=208.4A  status=0x0161 (chg_en=1 dis_en=1 mode=1)
     103.693  0x311  [8]  02 38 08 24 08 24 01 61 
        0x311  CVL=56.8V  CCL=208.4A  DCL=208.4A  status=0x0161 (chg_en=1 dis_en=1 mode=1)
     103.714  0x311  [8]  02 38 08 24 08 24 01 61 
        0x311  CVL=56.8V  CCL=208.4A  DCL=208.4A  status=0x0161 (chg_en=1 dis_en=1 mode=1)
     103.725  0x311  [8]  02 38 08 24 08 24 01 61 
        0x311  CVL=56.8V  CCL=208.4A  DCL=208.4A  status=0x0161 (chg_en=1 dis_en=1 mode=1)
     103.736  0x311  [8]  02 38 08 24 08 24 01 61 
        0x311  CVL=56.8V  CCL=208.4A  DCL=208.4A  status=0x0161 (chg_en=1 dis_en=1 mode=1)
     103.747  0x311  [8]  02 38 08 24 08 24 01 61 
        0x311  CVL=56.8V  CCL=208.4A  DCL=208.4A  status=0x0161 (chg_en=1 dis_en=1 mode=1)
     103.758  0x311  [8]  02 38 08 24 08 24 01 61 
        0x311  CVL=56.8V  CCL=208.4A  DCL=208.4A  status=0x0161 (chg_en=1 dis_en=1 mode=1)
     103.769  0x311  [8]  02 38 08 24 08 24 01 61 
        0x311  CVL=56.8V  CCL=208.4A  DCL=208.4A  status=0x0161 (chg_en=1 dis_en=1 mode=1)
     103.781  0x311  [8]  02 38 08 24 08 24 01 61 
        0x311  CVL=56.8V  CCL=208.4A  DCL=208.4A  status=0x0161 (chg_en=1 dis_en=1 mode=1)
     103.802  0x311  [8]  02 38 08 24 08 24 01 61 
        0x311  CVL=56.8V  CCL=208.4A  DCL=208.4A  status=0x0161 (chg_en=1 dis_en=1 mode=1)
     103.813  0x311  [8]  02 38 08 24 08 24 01 61 
        0x311  CVL=56.8V  CCL=208.4A  DCL=208.4A  status=0x0161 (chg_en=1 dis_en=1 mode=1)
     103.824  0x311  [8]  02 38 08 24 08 24 01 61 
        0x311  CVL=56.8V  CCL=208.4A  DCL=208.4A  status=0x0161 (chg_en=1 dis_en=1 mode=1)
     103.835  0x311  [8]  02 38 08 24 08 24 01 61 
        0x311  CVL=56.8V  CCL=208.4A  DCL=208.4A  status=0x0161 (chg_en=1 dis_en=1 mode=1)
     103.846  0x311  [8]  02 38 08 24 08 24 01 61 
        0x311  CVL=56.8V  CCL=208.4A  DCL=208.4A  status=0x0161 (chg_en=1 dis_en=1 mode=1)
     103.857  0x311  [8]  02 38 08 24 08 24 01 61 
        0x311  CVL=56.8V  CCL=208.4A  DCL=208.4A  status=0x0161 (chg_en=1 dis_en=1 mode=1)
     103.868  0x311  [8]  02 38 08 24 08 24 01 61 
        0x311  CVL=56.8V  CCL=208.4A  DCL=208.4A  status=0x0161 (chg_en=1 dis_en=1 mode=1)
     103.879  0x311  [8]  02 38 08 24 08 24 01 61 
        0x311  CVL=56.8V  CCL=208.4A  DCL=208.4A  status=0x0161 (chg_en=1 dis_en=1 mode=1)
     103.901  0x311  [8]  02 38 08 24 08 24 01 61 
        0x311  CVL=56.8V  CCL=208.4A  DCL=208.4A  status=0x0161 (chg_en=1 dis_en=1 mode=1)
     103.912  0x311  [8]  02 38 08 24 08 24 01 61 
        0x311  CVL=56.8V  CCL=208.4A  DCL=208.4A  status=0x0161 (chg_en=1 dis_en=1 mode=1)
     103.923  0x311  [8]  02 38 08 24 08 24 01 61 
        0x311  CVL=56.8V  CCL=208.4A  DCL=208.4A  status=0x0161 (chg_en=1 dis_en=1 mode=1)
     103.934  0x323  [8]  20 0E 10 00 00 00 00 00 
     103.934  0x323  [8]  20 0E 10 00 00 00 00 00 
     103.945  0x323  [8]  20 0E 10 00 00 00 00 00 
     103.945  0x323  [8]  20 0E 10 00 00 00 00 00 
     103.956  0x323  [8]  20 0E 10 00 00 00 00 00 
     103.956  0x323  [8]  20 0E 10 00 00 00 00 00 
     103.966  0x323  [8]  20 0E 10 00 00 00 00 00 
     103.966  0x323  [8]  20 0E 10 00 00 00 00 00 
     103.967  0x323  [8]  20 0E 10 00 00 00 00 00 
     103.977  0x324  [8]  01 39 35 32 32 30 36 32 
     103.977  0x324  [8]  01 39 35 32 32 30 36 32 
     103.988  0x324  [8]  01 39 35 32 32 30 36 32 
     103.988  0x324  [8]  01 39 35 32 32 30 36 32 
     103.988  0x324  [8]  01 39 35 32 32 30 36 32 
     103.999  0x324  [8]  01 39 35 32 32 30 36 32 
     103.999  0x324  [8]  01 39 35 32 32 30 36 32 
     104.009  0x324  [8]  01 39 35 32 32 30 36 32 
     104.010  0x324  [8]  01 39 35 32 32 30 36 32 
     104.020  0x324  [8]  01 39 35 32 32 30 36 32 
     104.020  0x324  [8]  01 39 35 32 32 30 36 32 
     104.021  0x324  [8]  01 39 35 32 32 30 36 32 
     104.031  0x329  [8]  02 00 18 CB 02 00 3F 3B 
     104.031  0x329  [8]  02 00 18 CB 02 00 3F 3B 
     104.042  0x329  [8]  02 00 18 CB 02 00 3F 3B 
     104.042  0x329  [8]  02 00 18 CB 02 00 3F 3B 
     104.042  0x329  [8]  02 00 18 CB 02 00 3F 3B 
     104.053  0x329  [8]  02 00 18 CB 02 00 3F 3B 
     104.053  0x329  [8]  02 00 18 CB 02 00 3F 3B 
     104.063  0x329  [8]  02 00 18 CB 02 00 3F 3B 
     104.064  0x329  [8]  02 00 18 CB 02 00 3F 3B 
     104.074  0x329  [8]  02 00 18 CB 02 00 3F 3B 
     104.074  0x329  [8]  02 00 18 CB 02 00 3F 3B 
     104.075  0x329  [8]  02 00 18 CB 02 00 3F 3B 
     104.085  0x329  [8]  02 00 18 CB 02 00 3F 3B 
     104.085  0x329  [8]  02 00 18 CB 02 00 3F 3B 
     104.096  0x329  [8]  02 00 18 CB 02 00 3F 3B 
     104.096  0x329  [8]  02 00 18 CB 02 00 3F 3B 
     104.096  0x329  [8]  02 00 18 CB 02 00 3F 3B 
     104.107  0x329  [8]  02 00 18 CB 02 00 3F 3B 
     104.107  0x329  [8]  02 00 18 CB 02 00 3F 3B 
     104.117  0x329  [8]  02 00 18 CB 02 00 3F 3B 
     104.118  0x329  [8]  02 00 18 CB 02 00 3F 3B 
     104.128  0x329  [8]  02 00 18 CB 02 00 3F 3B 
     104.128  0x329  [8]  02 00 18 CB 02 00 3F 3B 
     104.129  0x330  [8]  01 02 02 08 0D 39 0D 30 
     104.139  0x330  [8]  01 02 02 08 0D 39 0D 30 
     104.139  0x330  [8]  01 02 02 08 0D 39 0D 30 
     104.150  0x330  [8]  01 02 02 08 0D 39 0D 30 
     104.150  0x330  [8]  01 02 02 08 0D 39 0D 30 
     104.160  0x330  [8]  01 02 02 08 0D 39 0D 30 
     104.161  0x330  [8]  01 02 02 08 0D 39 0D 30 
     104.161  0x330  [8]  01 02 02 08 0D 39 0D 30 
     104.171  0x312  [8]  00 00 00 00 02 00 00 00 
        0x312  prot=00 00  warn=00 00  packs=2  mfr=??  cells=0
     104.182  0x312  [8]  00 00 00 00 02 00 00 00 
        0x312  prot=00 00  warn=00 00  packs=2  mfr=??  cells=0
     104.193  0x312  [8]  00 00 00 00 02 00 00 00 
        0x312  prot=00 00  warn=00 00  packs=2  mfr=??  cells=0
     104.203  0x312  [8]  00 00 00 00 02 00 00 00 
        0x312  prot=00 00  warn=00 00  packs=2  mfr=??  cells=0
     104.214  0x312  [8]  00 00 00 00 02 00 00 00 
        0x312  prot=00 00  warn=00 00  packs=2  mfr=??  cells=0
     104.224  0x312  [8]  00 00 00 00 02 00 00 00 
        0x312  prot=00 00  warn=00 00  packs=2  mfr=??  cells=0
     104.235  0x312  [8]  00 00 00 00 02 00 00 00 
        0x312  prot=00 00  warn=00 00  packs=2  mfr=??  cells=0
     104.235  0x312  [8]  00 00 00 00 02 00 00 00 
        0x312  prot=00 00  warn=00 00  packs=2  mfr=??  cells=0
     104.246  0x313  [8]  15 18 00 00 00 EA 63 63 
        0x313  Vraw=5400  -> 54.00V if 0.01V  /  540.0V if 0.1V  |  I=+0.0A  T=23.4C  SOC=99%  SOH=99
     104.267  0x313  [8]  15 18 00 00 00 EA 63 63 
        0x313  Vraw=5400  -> 54.00V if 0.01V  /  540.0V if 0.1V  |  I=+0.0A  T=23.4C  SOC=99%  SOH=99
     104.279  0x313  [8]  15 18 00 00 00 EA 63 63 
        0x313  Vraw=5400  -> 54.00V if 0.01V  /  540.0V if 0.1V  |  I=+0.0A  T=23.4C  SOC=99%  SOH=99
     104.290  0x313  [8]  15 18 00 00 00 EA 63 63 
        0x313  Vraw=5400  -> 54.00V if 0.01V  /  540.0V if 0.1V  |  I=+0.0A  T=23.4C  SOC=99%  SOH=99
     104.301  0x313  [8]  15 18 00 00 00 EA 63 63 
        0x313  Vraw=5400  -> 54.00V if 0.01V  /  540.0V if 0.1V  |  I=+0.0A  T=23.4C  SOC=99%  SOH=99
     104.322  0x313  [8]  15 18 00 00 00 EA 63 63 
        0x313  Vraw=5400  -> 54.00V if 0.01V  /  540.0V if 0.1V  |  I=+0.0A  T=23.4C  SOC=99%  SOH=99
     104.333  0x313  [8]  15 18 00 00 00 EA 63 63 
        0x313  Vraw=5400  -> 54.00V if 0.01V  /  540.0V if 0.1V  |  I=+0.0A  T=23.4C  SOC=99%  SOH=99
     104.344  0x313  [8]  15 18 00 00 00 EA 63 63 
        0x313  Vraw=5400  -> 54.00V if 0.01V  /  540.0V if 0.1V  |  I=+0.0A  T=23.4C  SOC=99%  SOH=99
     104.355  0x313  [8]  15 18 00 00 00 EA 63 63 
        0x313  Vraw=5400  -> 54.00V if 0.01V  /  540.0V if 0.1V  |  I=+0.0A  T=23.4C  SOC=99%  SOH=99
     104.367  0x313  [8]  15 18 00 00 00 EA 63 63 
        0x313  Vraw=5400  -> 54.00V if 0.01V  /  540.0V if 0.1V  |  I=+0.0A  T=23.4C  SOC=99%  SOH=99
     104.388  0x313  [8]  15 18 00 00 00 EA 63 63 
        0x313  Vraw=5400  -> 54.00V if 0.01V  /  540.0V if 0.1V  |  I=+0.0A  T=23.4C  SOC=99%  SOH=99
     104.399  0x313  [8]  15 18 00 00 00 EA 63 63 
        0x313  Vraw=5400  -> 54.00V if 0.01V  /  540.0V if 0.1V  |  I=+0.0A  T=23.4C  SOC=99%  SOH=99
     104.410  0x313  [8]  15 18 00 00 00 EA 63 63 
        0x313  Vraw=5400  -> 54.00V if 0.01V  /  540.0V if 0.1V  |  I=+0.0A  T=23.4C  SOC=99%  SOH=99
     104.421  0x314  [8]  5B 2C 5B 40 00 09 05 3D 
        0x314  RM=233.40Ah  FCC=233.60Ah  dV=9mV  cycles=1341
     104.432  0x314  [8]  5B 2C 5B 40 00 09 05 3D 
        0x314  RM=233.40Ah  FCC=233.60Ah  dV=9mV  cycles=1341
     104.443  0x314  [8]  5B 2C 5B 40 00 09 05 3D 
        0x314  RM=233.40Ah  FCC=233.60Ah  dV=9mV  cycles=1341
     104.454  0x314  [8]  5B 2C 5B 40 00 09 05 3D 
        0x314  RM=233.40Ah  FCC=233.60Ah  dV=9mV  cycles=1341
     104.466  0x314  [8]  5B 2C 5B 40 00 09 05 3D 
        0x314  RM=233.40Ah  FCC=233.60Ah  dV=9mV  cycles=1341
     104.477  0x314  [8]  5B 2C 5B 40 00 09 05 3D 
        0x314  RM=233.40Ah  FCC=233.60Ah  dV=9mV  cycles=1341
     104.488  0x314  [8]  5B 2C 5B 40 00 09 05 3D 
        0x314  RM=233.40Ah  FCC=233.60Ah  dV=9mV  cycles=1341
     104.499  0x314  [8]  5B 2C 5B 40 00 09 05 3D 
        0x314  RM=233.40Ah  FCC=233.60Ah  dV=9mV  cycles=1341
     104.510  0x314  [8]  5B 2C 5B 40 00 09 05 3D 
        0x314  RM=233.40Ah  FCC=233.60Ah  dV=9mV  cycles=1341
     104.511  0x314  [8]  5B 2C 5B 40 00 09 05 3D 
        0x314  RM=233.40Ah  FCC=233.60Ah  dV=9mV  cycles=1341
     104.522  0x314  [8]  5B 2C 5B 40 00 09 05 3D 
        0x314  RM=233.40Ah  FCC=233.60Ah  dV=9mV  cycles=1341
     104.533  0x314  [8]  5B 2C 5B 40 00 09 05 3D 
        0x314  RM=233.40Ah  FCC=233.60Ah  dV=9mV  cycles=1341
     104.544  0x314  [8]  5B 2C 5B 40 00 09 05 3D 
        0x314  RM=233.40Ah  FCC=233.60Ah  dV=9mV  cycles=1341
     104.555  0x314  [8]  5B 2C 5B 40 00 09 05 3D 
        0x314  RM=233.40Ah  FCC=233.60Ah  dV=9mV  cycles=1341
     104.566  0x314  [8]  5B 2C 5B 40 00 09 05 3D 
        0x314  RM=233.40Ah  FCC=233.60Ah  dV=9mV  cycles=1341
     104.577  0x314  [8]  5B 2C 5B 40 00 09 05 3D 
        0x314  RM=233.40Ah  FCC=233.60Ah  dV=9mV  cycles=1341
     104.588  0x314  [8]  5B 2C 5B 40 00 09 05 3D 
        0x314  RM=233.40Ah  FCC=233.60Ah  dV=9mV  cycles=1341
     104.599  0x314  [8]  5B 2C 5B 40 00 09 05 3D 
        0x314  RM=233.40Ah  FCC=233.60Ah  dV=9mV  cycles=1341
     104.600  0x314  [8]  5B 2C 5B 40 00 09 05 3D 
        0x314  RM=233.40Ah  FCC=233.60Ah  dV=9mV  cycles=1341
     104.611  0x314  [8]  5B 2C 5B 40 00 09 05 3D 
        0x314  RM=233.40Ah  FCC=233.60Ah  dV=9mV  cycles=1341
     104.622  0x314  [8]  5B 2C 5B 40 00 09 05 3D 
        0x314  RM=233.40Ah  FCC=233.60Ah  dV=9mV  cycles=1341
     104.634  0x315  [8]  0D 38 0D 37 0D 37 0D 37 
     104.644  0x315  [8]  0D 38 0D 37 0D 37 0D 37 
     104.644  0x315  [8]  0D 38 0D 37 0D 37 0D 37 
     104.644  0x315  [8]  0D 38 0D 37 0D 37 0D 37 
     104.655  0x315  [8]  0D 38 0D 37 0D 37 0D 37 
     104.655  0x315  [8]  0D 38 0D 37 0D 37 0D 37 
     104.666  0x315  [8]  0D 38 0D 37 0D 37 0D 37 
     104.666  0x315  [8]  0D 38 0D 37 0D 37 0D 37 
     104.666  0x315  [8]  0D 38 0D 37 0D 37 0D 37 
     104.677  0x315  [8]  0D 38 0D 37 0D 37 0D 37 
     104.677  0x315  [8]  0D 38 0D 37 0D 37 0D 37 
     104.687  0x315  [8]  0D 38 0D 37 0D 37 0D 37 
     104.688  0x315  [8]  0D 38 0D 37 0D 37 0D 37 
     104.698  0x315  [8]  0D 38 0D 37 0D 37 0D 37 
     104.698  0x315  [8]  0D 38 0D 37 0D 37 0D 37 
     104.699  0x315  [8]  0D 38 0D 37 0D 37 0D 37 
     104.709  0x315  [8]  0D 38 0D 37 0D 37 0D 37 
     104.709  0x315  [8]  0D 38 0D 37 0D 37 0D 37 
     104.720  0x315  [8]  0D 38 0D 37 0D 37 0D 37 
     104.720  0x315  [8]  0D 38 0D 37 0D 37 0D 37 
     104.720  0x315  [8]  0D 38 0D 37 0D 37 0D 37 
     104.731  0x315  [8]  0D 38 0D 37 0D 37 0D 37 
     104.731  0x315  [8]  0D 38 0D 37 0D 37 0D 37 
     104.741  0x319  [8]  C0 0D 39 0D 31 11 17 00 
        0x319  chem=0  forceI=0 forceII=0  dis_en=0 chg_en=1  (byte0=0xC0)
     104.752  0x319  [8]  C0 0D 39 0D 31 11 17 00 
        0x319  chem=0  forceI=0 forceII=0  dis_en=0 chg_en=1  (byte0=0xC0)
     104.763  0x319  [8]  C0 0D 39 0D 31 11 17 00 
        0x319  chem=0  forceI=0 forceII=0  dis_en=0 chg_en=1  (byte0=0xC0)
     104.773  0x319  [8]  C0 0D 39 0D 31 11 17 00 
        0x319  chem=0  forceI=0 forceII=0  dis_en=0 chg_en=1  (byte0=0xC0)
     104.784  0x319  [8]  C0 0D 39 0D 31 11 17 00 
        0x319  chem=0  forceI=0 forceII=0  dis_en=0 chg_en=1  (byte0=0xC0)
     104.795  0x319  [8]  C0 0D 39 0D 31 11 17 00 
        0x319  chem=0  forceI=0 forceII=0  dis_en=0 chg_en=1  (byte0=0xC0)
     104.805  0x319  [8]  C0 0D 39 0D 31 11 17 00 
        0x319  chem=0  forceI=0 forceII=0  dis_en=0 chg_en=1  (byte0=0xC0)
     104.816  0x319  [8]  C0 0D 39 0D 31 11 17 00 
        0x319  chem=0  forceI=0 forceII=0  dis_en=0 chg_en=1  (byte0=0xC0)
     104.827  0x319  [8]  C0 0D 39 0D 31 11 17 00 
        0x319  chem=0  forceI=0 forceII=0  dis_en=0 chg_en=1  (byte0=0xC0)
     104.837  0x320  [8]  50 41 C3 85 85 00 00 00 
        0x320  mfr=PA  hw=195  sw=133
     104.848  0x320  [8]  50 41 C3 85 85 00 00 00 
        0x320  mfr=PA  hw=195  sw=133
     104.858  0x320  [8]  50 41 C3 85 85 00 00 00 
        0x320  mfr=PA  hw=195  sw=133
     104.859  0x320  [8]  50 41 C3 85 85 00 00 00 
        0x320  mfr=PA  hw=195  sw=133
     104.869  0x320  [8]  50 41 C3 85 85 00 00 00 
        0x320  mfr=PA  hw=195  sw=133
     104.880  0x320  [8]  50 41 C3 85 85 00 00 00 
        0x320  mfr=PA  hw=195  sw=133
     104.891  0x320  [8]  50 41 C3 85 85 00 00 00 
        0x320  mfr=PA  hw=195  sw=133
     104.891  0x320  [8]  50 41 C3 85 85 00 00 00 
        0x320  mfr=PA  hw=195  sw=133
     104.902  0x322  [8]  01 00 00 D4 03 01 63 63 
     104.902  0x322  [8]  01 00 00 D4 03 01 63 63 
     104.912  0x322  [8]  01 00 00 D4 03 01 63 63 
     104.913  0x322  [8]  01 00 00 D4 03 01 63 63 
     104.923  0x322  [8]  01 00 00 D4 03 01 63 63 
     104.923  0x322  [8]  01 00 00 D4 03 01 63 63 
     104.934  0x322  [8]  01 00 00 D4 03 01 63 63 
     104.934  0x322  [8]  01 00 00 D4 03 01 63 63 
     104.934  0x311  [8]  02 38 08 24 08 24 01 61 
        0x311  CVL=56.8V  CCL=208.4A  DCL=208.4A  status=0x0161 (chg_en=1 dis_en=1 mode=1)
     104.955  0x311  [8]  02 38 08 24 08 24 01 61 
        0x311  CVL=56.8V  CCL=208.4A  DCL=208.4A  status=0x0161 (chg_en=1 dis_en=1 mode=1)
     104.967  0x311  [8]  02 38 08 24 08 24 01 61 
        0x311  CVL=56.8V  CCL=208.4A  DCL=208.4A  status=0x0161 (chg_en=1 dis_en=1 mode=1)
     104.978  0x311  [8]  02 38 08 24 08 24 01 61 
        0x311  CVL=56.8V  CCL=208.4A  DCL=208.4A  status=0x0161 (chg_en=1 dis_en=1 mode=1)
     104.989  0x311  [8]  02 38 08 24 08 24 01 61 
        0x311  CVL=56.8V  CCL=208.4A  DCL=208.4A  status=0x0161 (chg_en=1 dis_en=1 mode=1)
     105.000  0x311  [8]  02 38 08 24 08 24 01 61 
        0x311  CVL=56.8V  CCL=208.4A  DCL=208.4A  status=0x0161 (chg_en=1 dis_en=1 mode=1)
     105.011  0x311  [8]  02 38 08 24 08 24 01 61 
        0x311  CVL=56.8V  CCL=208.4A  DCL=208.4A  status=0x0161 (chg_en=1 dis_en=1 mode=1)
     105.022  0x311  [8]  02 38 08 24 08 24 01 61 
        0x311  CVL=56.8V  CCL=208.4A  DCL=208.4A  status=0x0161 (chg_en=1 dis_en=1 mode=1)
     105.033  0x311  [8]  02 38 08 24 08 24 01 61 
        0x311  CVL=56.8V  CCL=208.4A  DCL=208.4A  status=0x0161 (chg_en=1 dis_en=1 mode=1)
     105.055  0x311  [8]  02 38 08 24 08 24 01 61 
        0x311  CVL=56.8V  CCL=208.4A  DCL=208.4A  status=0x0161 (chg_en=1 dis_en=1 mode=1)
     105.066  0x311  [8]  02 38 08 24 08 24 01 61 
        0x311  CVL=56.8V  CCL=208.4A  DCL=208.4A  status=0x0161 (chg_en=1 dis_en=1 mode=1)
     105.077  0x311  [8]  02 38 08 24 08 24 01 61 
        0x311  CVL=56.8V  CCL=208.4A  DCL=208.4A  status=0x0161 (chg_en=1 dis_en=1 mode=1)
     105.088  0x311  [8]  02 38 08 24 08 24 01 61 
        0x311  CVL=56.8V  CCL=208.4A  DCL=208.4A  status=0x0161 (chg_en=1 dis_en=1 mode=1)
     105.099  0x311  [8]  02 38 08 24 08 24 01 61 
        0x311  CVL=56.8V  CCL=208.4A  DCL=208.4A  status=0x0161 (chg_en=1 dis_en=1 mode=1)
     105.110  0x311  [8]  02 38 08 24 08 24 01 61 
        0x311  CVL=56.8V  CCL=208.4A  DCL=208.4A  status=0x0161 (chg_en=1 dis_en=1 mode=1)
     105.121  0x311  [8]  02 38 08 24 08 24 01 61 
        0x311  CVL=56.8V  CCL=208.4A  DCL=208.4A  status=0x0161 (chg_en=1 dis_en=1 mode=1)
     105.143  0x311  [8]  02 38 08 24 08 24 01 61 
        0x311  CVL=56.8V  CCL=208.4A  DCL=208.4A  status=0x0161 (chg_en=1 dis_en=1 mode=1)
     105.154  0x311  [8]  02 38 08 24 08 24 01 61 
        0x311  CVL=56.8V  CCL=208.4A  DCL=208.4A  status=0x0161 (chg_en=1 dis_en=1 mode=1)
     105.165  0x311  [8]  02 38 08 24 08 24 01 61 
        0x311  CVL=56.8V  CCL=208.4A  DCL=208.4A  status=0x0161 (chg_en=1 dis_en=1 mode=1)
     105.176  0x311  [8]  02 38 08 24 08 24 01 61 
        0x311  CVL=56.8V  CCL=208.4A  DCL=208.4A  status=0x0161 (chg_en=1 dis_en=1 mode=1)
     105.187  0x311  [8]  02 38 08 24 08 24 01 61 
        0x311  CVL=56.8V  CCL=208.4A  DCL=208.4A  status=0x0161 (chg_en=1 dis_en=1 mode=1)
     105.198  0x311  [8]  02 38 08 24 08 24 01 61 
        0x311  CVL=56.8V  CCL=208.4A  DCL=208.4A  status=0x0161 (chg_en=1 dis_en=1 mode=1)
     105.209  0x311  [8]  02 38 08 24 08 24 01 61 
        0x311  CVL=56.8V  CCL=208.4A  DCL=208.4A  status=0x0161 (chg_en=1 dis_en=1 mode=1)
     105.220  0x311  [8]  02 38 08 24 08 24 01 61 
        0x311  CVL=56.8V  CCL=208.4A  DCL=208.4A  status=0x0161 (chg_en=1 dis_en=1 mode=1)
     105.242  0x311  [8]  02 38 08 24 08 24 01 61 
        0x311  CVL=56.8V  CCL=208.4A  DCL=208.4A  status=0x0161 (chg_en=1 dis_en=1 mode=1)
     105.253  0x311  [8]  02 38 08 24 08 24 01 61 
        0x311  CVL=56.8V  CCL=208.4A  DCL=208.4A  status=0x0161 (chg_en=1 dis_en=1 mode=1)
     105.264  0x311  [8]  02 38 08 24 08 24 01 61 
        0x311  CVL=56.8V  CCL=208.4A  DCL=208.4A  status=0x0161 (chg_en=1 dis_en=1 mode=1)
     105.275  0x311  [8]  02 38 08 24 08 24 01 61 
        0x311  CVL=56.8V  CCL=208.4A  DCL=208.4A  status=0x0161 (chg_en=1 dis_en=1 mode=1)
     105.286  0x311  [8]  02 38 08 24 08 24 01 61 
        0x311  CVL=56.8V  CCL=208.4A  DCL=208.4A  status=0x0161 (chg_en=1 dis_en=1 mode=1)
     105.297  0x311  [8]  02 38 08 24 08 24 01 61 
        0x311  CVL=56.8V  CCL=208.4A  DCL=208.4A  status=0x0161 (chg_en=1 dis_en=1 mode=1)
     105.308  0x311  [8]  02 38 08 24 08 24 01 61 
        0x311  CVL=56.8V  CCL=208.4A  DCL=208.4A  status=0x0161 (chg_en=1 dis_en=1 mode=1)
     105.329  0x311  [8]  02 38 08 24 08 24 01 61 
        0x311  CVL=56.8V  CCL=208.4A  DCL=208.4A  status=0x0161 (chg_en=1 dis_en=1 mode=1)
     105.341  0x311  [8]  02 38 08 24 08 24 01 61 
        0x311  CVL=56.8V  CCL=208.4A  DCL=208.4A  status=0x0161 (chg_en=1 dis_en=1 mode=1)
     105.352  0x311  [8]  02 38 08 24 08 24 01 61 
        0x311  CVL=56.8V  CCL=208.4A  DCL=208.4A  status=0x0161 (chg_en=1 dis_en=1 mode=1)
     105.363  0x311  [8]  02 38 08 24 08 24 01 61 
        0x311  CVL=56.8V  CCL=208.4A  DCL=208.4A  status=0x0161 (chg_en=1 dis_en=1 mode=1)
     105.374  0x311  [8]  02 38 08 24 08 24 01 61 
        0x311  CVL=56.8V  CCL=208.4A  DCL=208.4A  status=0x0161 (chg_en=1 dis_en=1 mode=1)
     105.385  0x311  [8]  02 38 08 24 08 24 01 61 
        0x311  CVL=56.8V  CCL=208.4A  DCL=208.4A  status=0x0161 (chg_en=1 dis_en=1 mode=1)
     105.396  0x311  [8]  02 38 08 24 08 24 01 61 
        0x311  CVL=56.8V  CCL=208.4A  DCL=208.4A  status=0x0161 (chg_en=1 dis_en=1 mode=1)
     105.417  0x311  [8]  02 38 08 24 08 24 01 61 
        0x311  CVL=56.8V  CCL=208.4A  DCL=208.4A  status=0x0161 (chg_en=1 dis_en=1 mode=1)
     105.428  0x311  [8]  02 38 08 24 08 24 01 61 
        0x311  CVL=56.8V  CCL=208.4A  DCL=208.4A  status=0x0161 (chg_en=1 dis_en=1 mode=1)
     105.440  0x311  [8]  02 38 08 24 08 24 01 61 
        0x311  CVL=56.8V  CCL=208.4A  DCL=208.4A  status=0x0161 (chg_en=1 dis_en=1 mode=1)
     105.451  0x311  [8]  02 38 08 24 08 24 01 61 
        0x311  CVL=56.8V  CCL=208.4A  DCL=208.4A  status=0x0161 (chg_en=1 dis_en=1 mode=1)
     105.462  0x311  [8]  02 38 08 24 08 24 01 61 
        0x311  CVL=56.8V  CCL=208.4A  DCL=208.4A  status=0x0161 (chg_en=1 dis_en=1 mode=1)
     105.473  0x311  [8]  02 38 08 24 08 24 01 61 
        0x311  CVL=56.8V  CCL=208.4A  DCL=208.4A  status=0x0161 (chg_en=1 dis_en=1 mode=1)
     105.484  0x311  [8]  02 38 08 24 08 24 01 61 
        0x311  CVL=56.8V  CCL=208.4A  DCL=208.4A  status=0x0161 (chg_en=1 dis_en=1 mode=1)
     105.505  0x311  [8]  02 38 08 24 08 24 01 61 
        0x311  CVL=56.8V  CCL=208.4A  DCL=208.4A  status=0x0161 (chg_en=1 dis_en=1 mode=1)
     105.516  0x311  [8]  02 38 08 24 08 24 01 61 
        0x311  CVL=56.8V  CCL=208.4A  DCL=208.4A  status=0x0161 (chg_en=1 dis_en=1 mode=1)
     105.528  0x311  [8]  02 38 08 24 08 24 01 61 
        0x311  CVL=56.8V  CCL=208.4A  DCL=208.4A  status=0x0161 (chg_en=1 dis_en=1 mode=1)
     105.539  0x311  [8]  02 38 08 24 08 24 01 61 
        0x311  CVL=56.8V  CCL=208.4A  DCL=208.4A  status=0x0161 (chg_en=1 dis_en=1 mode=1)
     105.550  0x311  [8]  02 38 08 24 08 24 01 61 
        0x311  CVL=56.8V  CCL=208.4A  DCL=208.4A  status=0x0161 (chg_en=1 dis_en=1 mode=1)
     105.561  0x311  [8]  02 38 08 24 08 24 01 61 
        0x311  CVL=56.8V  CCL=208.4A  DCL=208.4A  status=0x0161 (chg_en=1 dis_en=1 mode=1)
     105.572  0x311  [8]  02 38 08 24 08 24 01 61 
        0x311  CVL=56.8V  CCL=208.4A  DCL=208.4A  status=0x0161 (chg_en=1 dis_en=1 mode=1)
     105.583  0x311  [8]  02 38 08 24 08 24 01 61 
        0x311  CVL=56.8V  CCL=208.4A  DCL=208.4A  status=0x0161 (chg_en=1 dis_en=1 mode=1)
     105.605  0x311  [8]  02 38 08 24 08 24 01 61 
        0x311  CVL=56.8V  CCL=208.4A  DCL=208.4A  status=0x0161 (chg_en=1 dis_en=1 mode=1)
     105.616  0x311  [8]  02 38 08 24 08 24 01 61 
        0x311  CVL=56.8V  CCL=208.4A  DCL=208.4A  status=0x0161 (chg_en=1 dis_en=1 mode=1)
     105.627  0x311  [8]  02 38 08 24 08 24 01 61 
        0x311  CVL=56.8V  CCL=208.4A  DCL=208.4A  status=0x0161 (chg_en=1 dis_en=1 mode=1)
     105.638  0x311  [8]  02 38 08 24 08 24 01 61 
        0x311  CVL=56.8V  CCL=208.4A  DCL=208.4A  status=0x0161 (chg_en=1 dis_en=1 mode=1)
     105.649  0x311  [8]  02 38 08 24 08 24 01 61 
        0x311  CVL=56.8V  CCL=208.4A  DCL=208.4A  status=0x0161 (chg_en=1 dis_en=1 mode=1)
     105.660  0x311  [8]  02 38 08 24 08 24 01 61 
        0x311  CVL=56.8V  CCL=208.4A  DCL=208.4A  status=0x0161 (chg_en=1 dis_en=1 mode=1)
     105.671  0x311  [8]  02 38 08 24 08 24 01 61 
        0x311  CVL=56.8V  CCL=208.4A  DCL=208.4A  status=0x0161 (chg_en=1 dis_en=1 mode=1)
     105.693  0x311  [8]  02 38 08 24 08 24 01 61 
        0x311  CVL=56.8V  CCL=208.4A  DCL=208.4A  status=0x0161 (chg_en=1 dis_en=1 mode=1)
     105.704  0x311  [8]  02 38 08 24 08 24 01 61 
        0x311  CVL=56.8V  CCL=208.4A  DCL=208.4A  status=0x0161 (chg_en=1 dis_en=1 mode=1)
     105.715  0x311  [8]  02 38 08 24 08 24 01 61 
        0x311  CVL=56.8V  CCL=208.4A  DCL=208.4A  status=0x0161 (chg_en=1 dis_en=1 mode=1)
     105.726  0x311  [8]  02 38 08 24 08 24 01 61 
        0x311  CVL=56.8V  CCL=208.4A  DCL=208.4A  status=0x0161 (chg_en=1 dis_en=1 mode=1)
     105.737  0x311  [8]  02 38 08 24 08 24 01 61 
        0x311  CVL=56.8V  CCL=208.4A  DCL=208.4A  status=0x0161 (chg_en=1 dis_en=1 mode=1)
     105.748  0x311  [8]  02 38 08 24 08 24 01 61 
        0x311  CVL=56.8V  CCL=208.4A  DCL=208.4A  status=0x0161 (chg_en=1 dis_en=1 mode=1)
     105.759  0x311  [8]  02 38 08 24 08 24 01 61 
        0x311  CVL=56.8V  CCL=208.4A  DCL=208.4A  status=0x0161 (chg_en=1 dis_en=1 mode=1)
     105.781  0x311  [8]  02 38 08 24 08 24 01 61 
        0x311  CVL=56.8V  CCL=208.4A  DCL=208.4A  status=0x0161 (chg_en=1 dis_en=1 mode=1)
     105.792  0x311  [8]  02 38 08 24 08 24 01 61 
        0x311  CVL=56.8V  CCL=208.4A  DCL=208.4A  status=0x0161 (chg_en=1 dis_en=1 mode=1)
     105.803  0x311  [8]  02 38 08 24 08 24 01 61 
        0x311  CVL=56.8V  CCL=208.4A  DCL=208.4A  status=0x0161 (chg_en=1 dis_en=1 mode=1)
     105.814  0x311  [8]  02 38 08 24 08 24 01 61 
        0x311  CVL=56.8V  CCL=208.4A  DCL=208.4A  status=0x0161 (chg_en=1 dis_en=1 mode=1)
     105.825  0x311  [8]  02 38 08 24 08 24 01 61 
        0x311  CVL=56.8V  CCL=208.4A  DCL=208.4A  status=0x0161 (chg_en=1 dis_en=1 mode=1)
     105.836  0x311  [8]  02 38 08 24 08 24 01 61 
        0x311  CVL=56.8V  CCL=208.4A  DCL=208.4A  status=0x0161 (chg_en=1 dis_en=1 mode=1)
     105.847  0x330  [8]  02 01 02 06 0D 39 0D 31 
     105.858  0x329  [8]  02 00 18 CB 02 00 3F 3B 
     105.858  0x323  [8]  20 0E 10 00 00 00 00 00 
     105.868  0x323  [8]  20 0E 10 00 00 00 00 00 
     105.869  0x323  [8]  20 0E 10 00 00 00 00 00 
     105.869  0x323  [8]  20 0E 10 00 00 00 00 00 
     105.879  0x323  [8]  20 0E 10 00 00 00 00 00 
     105.880  0x323  [8]  20 0E 10 00 00 00 00 00 
     105.890  0x323  [8]  20 0E 10 00 00 00 00 00 
     105.890  0x323  [8]  20 0E 10 00 00 00 00 00 
     105.901  0x324  [8]  02 42 42 37 00 00 00 00 
     105.901  0x324  [8]  02 42 42 37 00 00 00 00 
     105.901  0x324  [8]  02 42 42 37 00 00 00 00 
     105.912  0x324  [8]  02 42 42 37 00 00 00 00 
     105.912  0x324  [8]  02 42 42 37 00 00 00 00 
     105.922  0x324  [8]  02 42 42 37 00 00 00 00 
     105.923  0x324  [8]  02 42 42 37 00 00 00 00 
     105.923  0x324  [8]  02 42 42 37 00 00 00 00 
     105.933  0x312  [8]  00 00 00 00 02 00 00 00 
        0x312  prot=00 00  warn=00 00  packs=2  mfr=??  cells=0
     105.944  0x312  [8]  00 00 00 00 02 00 00 00 
        0x312  prot=00 00  warn=00 00  packs=2  mfr=??  cells=0
     105.955  0x312  [8]  00 00 00 00 02 00 00 00 
        0x312  prot=00 00  warn=00 00  packs=2  mfr=??  cells=0
     105.965  0x312  [8]  00 00 00 00 02 00 00 00 
        0x312  prot=00 00  warn=00 00  packs=2  mfr=??  cells=0
     105.976  0x312  [8]  00 00 00 00 02 00 00 00 
        0x312  prot=00 00  warn=00 00  packs=2  mfr=??  cells=0
     105.986  0x312  [8]  00 00 00 00 02 00 00 00 
        0x312  prot=00 00  warn=00 00  packs=2  mfr=??  cells=0
     105.997  0x312  [8]  00 00 00 00 02 00 00 00 
        0x312  prot=00 00  warn=00 00  packs=2  mfr=??  cells=0
     106.008  0x312  [8]  00 00 00 00 02 00 00 00 
        0x312  prot=00 00  warn=00 00  packs=2  mfr=??  cells=0
     106.008  0x313  [8]  15 18 00 00 00 EA 63 63 
        0x313  Vraw=5400  -> 54.00V if 0.01V  /  540.0V if 0.1V  |  I=+0.0A  T=23.4C  SOC=99%  SOH=99
     106.029  0x313  [8]  15 18 00 00 00 EA 63 63 
        0x313  Vraw=5400  -> 54.00V if 0.01V  /  540.0V if 0.1V  |  I=+0.0A  T=23.4C  SOC=99%  SOH=99
     106.040  0x313  [8]  15 18 00 00 00 EA 63 63 
        0x313  Vraw=5400  -> 54.00V if 0.01V  /  540.0V if 0.1V  |  I=+0.0A  T=23.4C  SOC=99%  SOH=99
     106.052  0x313  [8]  15 18 00 00 00 EA 63 63 
        0x313  Vraw=5400  -> 54.00V if 0.01V  /  540.0V if 0.1V  |  I=+0.0A  T=23.4C  SOC=99%  SOH=99
     106.063  0x313  [8]  15 18 00 00 00 EA 63 63 
        0x313  Vraw=5400  -> 54.00V if 0.01V  /  540.0V if 0.1V  |  I=+0.0A  T=23.4C  SOC=99%  SOH=99
     106.084  0x313  [8]  15 18 00 00 00 EA 63 63 
        0x313  Vraw=5400  -> 54.00V if 0.01V  /  540.0V if 0.1V  |  I=+0.0A  T=23.4C  SOC=99%  SOH=99
     106.095  0x313  [8]  15 18 00 00 00 EA 63 63 
        0x313  Vraw=5400  -> 54.00V if 0.01V  /  540.0V if 0.1V  |  I=+0.0A  T=23.4C  SOC=99%  SOH=99
     106.106  0x313  [8]  15 18 00 00 00 EA 63 63 
        0x313  Vraw=5400  -> 54.00V if 0.01V  /  540.0V if 0.1V  |  I=+0.0A  T=23.4C  SOC=99%  SOH=99
     106.117  0x314  [8]  5B 2C 5B 40 00 08 05 3D 
        0x314  RM=233.40Ah  FCC=233.60Ah  dV=8mV  cycles=1341
     106.128  0x314  [8]  5B 2C 5B 40 00 08 05 3D 
        0x314  RM=233.40Ah  FCC=233.60Ah  dV=8mV  cycles=1341
     106.139  0x314  [8]  5B 2C 5B 40 00 08 05 3D 
        0x314  RM=233.40Ah  FCC=233.60Ah  dV=8mV  cycles=1341
     106.151  0x314  [8]  5B 2C 5B 40 00 08 05 3D 
        0x314  RM=233.40Ah  FCC=233.60Ah  dV=8mV  cycles=1341
     106.162  0x314  [8]  5B 2C 5B 40 00 08 05 3D 
        0x314  RM=233.40Ah  FCC=233.60Ah  dV=8mV  cycles=1341
     106.173  0x314  [8]  5B 2C 5B 40 00 08 05 3D 
        0x314  RM=233.40Ah  FCC=233.60Ah  dV=8mV  cycles=1341
     106.184  0x314  [8]  5B 2C 5B 40 00 08 05 3D 
        0x314  RM=233.40Ah  FCC=233.60Ah  dV=8mV  cycles=1341
     106.195  0x314  [8]  5B 2C 5B 40 00 08 05 3D 
        0x314  RM=233.40Ah  FCC=233.60Ah  dV=8mV  cycles=1341
     106.196  0x315  [8]  0D 38 0D 37 0D 37 0D 36 
     106.206  0x315  [8]  0D 38 0D 37 0D 37 0D 36 
     106.206  0x315  [8]  0D 38 0D 37 0D 37 0D 36 
     106.217  0x315  [8]  0D 38 0D 37 0D 37 0D 36 
     106.217  0x315  [8]  0D 38 0D 37 0D 37 0D 36 
     106.228  0x315  [8]  0D 38 0D 37 0D 37 0D 36 
     106.228  0x315  [8]  0D 38 0D 37 0D 37 0D 36 
     106.228  0x315  [8]  0D 38 0D 37 0D 37 0D 36 
     106.239  0x316  [8]  0D 34 0D 34 0D 34 0D 34 
     106.239  0x316  [8]  0D 34 0D 34 0D 34 0D 34 
     106.249  0x316  [8]  0D 34 0D 34 0D 34 0D 34 
     106.249  0x316  [8]  0D 34 0D 34 0D 34 0D 34 
     106.250  0x316  [8]  0D 34 0D 34 0D 34 0D 34 
     106.260  0x316  [8]  0D 34 0D 34 0D 34 0D 34 
     106.260  0x316  [8]  0D 34 0D 34 0D 34 0D 34 
     106.271  0x316  [8]  0D 34 0D 34 0D 34 0D 34 
     106.271  0x317  [8]  0D 39 0D 37 0D 37 0D 37 
     106.282  0x317  [8]  0D 39 0D 37 0D 37 0D 37 
     106.282  0x317  [8]  0D 39 0D 37 0D 37 0D 37 
     106.282  0x317  [8]  0D 39 0D 37 0D 37 0D 37 
     106.293  0x317  [8]  0D 39 0D 37 0D 37 0D 37 
     106.293  0x317  [8]  0D 39 0D 37 0D 37 0D 37 
     106.303  0x317  [8]  0D 39 0D 37 0D 37 0D 37 
     106.304  0x317  [8]  0D 39 0D 37 0D 37 0D 37 
     106.304  0x317  [8]  0D 39 0D 37 0D 37 0D 37 
     106.314  0x317  [8]  0D 39 0D 37 0D 37 0D 37 
     106.315  0x317  [8]  0D 39 0D 37 0D 37 0D 37 
     106.325  0x317  [8]  0D 39 0D 37 0D 37 0D 37 
     106.325  0x318  [8]  0D 32 0D 31 0D 31 0D 31 
     106.336  0x318  [8]  0D 32 0D 31 0D 31 0D 31 
     106.336  0x318  [8]  0D 32 0D 31 0D 31 0D 31 
     106.336  0x318  [8]  0D 32 0D 31 0D 31 0D 31 
     106.347  0x318  [8]  0D 32 0D 31 0D 31 0D 31 
     106.347  0x318  [8]  0D 32 0D 31 0D 31 0D 31 
     106.357  0x318  [8]  0D 32 0D 31 0D 31 0D 31 
     106.358  0x318  [8]  0D 32 0D 31 0D 31 0D 31 
     106.368  0x318  [8]  0D 32 0D 31 0D 31 0D 31 
     106.368  0x318  [8]  0D 32 0D 31 0D 31 0D 31 
     106.369  0x318  [8]  0D 32 0D 31 0D 31 0D 31 
     106.379  0x318  [8]  0D 32 0D 31 0D 31 0D 31 
     106.379  0x318  [8]  0D 32 0D 31 0D 31 0D 31 
     106.390  0x318  [8]  0D 32 0D 31 0D 31 0D 31 
     106.390  0x318  [8]  0D 32 0D 31 0D 31 0D 31 
     106.390  0x318  [8]  0D 32 0D 31 0D 31 0D 31 
     106.401  0x319  [8]  C0 0D 39 0D 31 11 16 00 
        0x319  chem=0  forceI=0 forceII=0  dis_en=0 chg_en=1  (byte0=0xC0)
     106.411  0x319  [8]  C0 0D 39 0D 31 11 16 00 
        0x319  chem=0  forceI=0 forceII=0  dis_en=0 chg_en=1  (byte0=0xC0)
     106.422  0x319  [8]  C0 0D 39 0D 31 11 16 00 
        0x319  chem=0  forceI=0 forceII=0  dis_en=0 chg_en=1  (byte0=0xC0)
     106.433  0x319  [8]  C0 0D 39 0D 31 11 16 00 
        0x319  chem=0  forceI=0 forceII=0  dis_en=0 chg_en=1  (byte0=0xC0)
     106.443  0x319  [8]  C0 0D 39 0D 31 11 16 00 
        0x319  chem=0  forceI=0 forceII=0  dis_en=0 chg_en=1  (byte0=0xC0)
     106.454  0x319  [8]  C0 0D 39 0D 31 11 16 00 
        0x319  chem=0  forceI=0 forceII=0  dis_en=0 chg_en=1  (byte0=0xC0)
     106.465  0x319  [8]  C0 0D 39 0D 31 11 16 00 
        0x319  chem=0  forceI=0 forceII=0  dis_en=0 chg_en=1  (byte0=0xC0)
     106.475  0x319  [8]  C0 0D 39 0D 31 11 16 00 
        0x319  chem=0  forceI=0 forceII=0  dis_en=0 chg_en=1  (byte0=0xC0)
     106.486  0x319  [8]  C0 0D 39 0D 31 11 16 00 
        0x319  chem=0  forceI=0 forceII=0  dis_en=0 chg_en=1  (byte0=0xC0)
     106.496  0x320  [8]  50 41 C3 85 85 00 00 00 
        0x320  mfr=PA  hw=195  sw=133
     106.507  0x320  [8]  50 41 C3 85 85 00 00 00 
        0x320  mfr=PA  hw=195  sw=133
     106.518  0x320  [8]  50 41 C3 85 85 00 00 00 
        0x320  mfr=PA  hw=195  sw=133
     106.518  0x320  [8]  50 41 C3 85 85 00 00 00 
        0x320  mfr=PA  hw=195  sw=133
     106.529  0x320  [8]  50 41 C3 85 85 00 00 00 
        0x320  mfr=PA  hw=195  sw=133
     106.539  0x320  [8]  50 41 C3 85 85 00 00 00 
        0x320  mfr=PA  hw=195  sw=133
     106.550  0x320  [8]  50 41 C3 85 85 00 00 00 
        0x320  mfr=PA  hw=195  sw=133
     106.550  0x320  [8]  50 41 C3 85 85 00 00 00 
        0x320  mfr=PA  hw=195  sw=133
     106.561  0x322  [8]  01 00 00 D4 03 01 63 63 
     106.571  0x322  [8]  01 00 00 D4 03 01 63 63 
     106.571  0x322  [8]  01 00 00 D4 03 01 63 63 
     106.572  0x322  [8]  01 00 00 D4 03 01 63 63 
     106.582  0x322  [8]  01 00 00 D4 03 01 63 63 
     106.582  0x322  [8]  01 00 00 D4 03 01 63 63 
     106.593  0x322  [8]  01 00 00 D4 03 01 63 63 
     106.593  0x322  [8]  01 00 00 D4 03 01 63 63 
     106.603  0x322  [8]  01 00 00 D4 03 01 63 63 
     106.604  0x322  [8]  01 00 00 D4 03 01 63 63 
     106.604  0x322  [8]  01 00 00 D4 03 01 63 63 
     106.614  0x322  [8]  01 00 00 D4 03 01 63 63 
     106.615  0x322  [8]  01 00 00 D4 03 01 63 63 
     106.625  0x322  [8]  01 00 00 D4 03 01 63 63 
     106.625  0x322  [8]  01 00 00 D4 03 01 63 63 
     106.626  0x322  [8]  01 00 00 D4 03 01 63 63 
     106.636  0x322  [8]  01 00 00 D4 03 01 63 63 
     106.636  0x322  [8]  01 00 00 D4 03 01 63 63 
     106.647  0x311  [8]  02 38 08 24 08 24 01 61 
        0x311  CVL=56.8V  CCL=208.4A  DCL=208.4A  status=0x0161 (chg_en=1 dis_en=1 mode=1)
     106.658  0x311  [8]  02 38 08 24 08 24 01 61 
        0x311  CVL=56.8V  CCL=208.4A  DCL=208.4A  status=0x0161 (chg_en=1 dis_en=1 mode=1)
     106.669  0x311  [8]  02 38 08 24 08 24 01 61 
        0x311  CVL=56.8V  CCL=208.4A  DCL=208.4A  status=0x0161 (chg_en=1 dis_en=1 mode=1)
     106.680  0x311  [8]  02 38 08 24 08 24 01 61 
        0x311  CVL=56.8V  CCL=208.4A  DCL=208.4A  status=0x0161 (chg_en=1 dis_en=1 mode=1)
     106.691  0x311  [8]  02 38 08 24 08 24 01 61 
        0x311  CVL=56.8V  CCL=208.4A  DCL=208.4A  status=0x0161 (chg_en=1 dis_en=1 mode=1)
     106.702  0x311  [8]  02 38 08 24 08 24 01 61 
        0x311  CVL=56.8V  CCL=208.4A  DCL=208.4A  status=0x0161 (chg_en=1 dis_en=1 mode=1)
     106.723  0x311  [8]  02 38 08 24 08 24 01 61 
        0x311  CVL=56.8V  CCL=208.4A  DCL=208.4A  status=0x0161 (chg_en=1 dis_en=1 mode=1)
     106.735  0x311  [8]  02 38 08 24 08 24 01 61 
        0x311  CVL=56.8V  CCL=208.4A  DCL=208.4A  status=0x0161 (chg_en=1 dis_en=1 mode=1)
     106.746  0x311  [8]  02 38 08 24 08 24 01 61 
        0x311  CVL=56.8V  CCL=208.4A  DCL=208.4A  status=0x0161 (chg_en=1 dis_en=1 mode=1)
     106.757  0x311  [8]  02 38 08 24 08 24 01 61 
        0x311  CVL=56.8V  CCL=208.4A  DCL=208.4A  status=0x0161 (chg_en=1 dis_en=1 mode=1)
     106.768  0x311  [8]  02 38 08 24 08 24 01 61 
        0x311  CVL=56.8V  CCL=208.4A  DCL=208.4A  status=0x0161 (chg_en=1 dis_en=1 mode=1)
     106.779  0x311  [8]  02 38 08 24 08 24 01 61 
        0x311  CVL=56.8V  CCL=208.4A  DCL=208.4A  status=0x0161 (chg_en=1 dis_en=1 mode=1)
     106.790  0x311  [8]  02 38 08 24 08 24 01 61 
        0x311  CVL=56.8V  CCL=208.4A  DCL=208.4A  status=0x0161 (chg_en=1 dis_en=1 mode=1)
     106.801  0x311  [8]  02 38 08 24 08 24 01 61 
        0x311  CVL=56.8V  CCL=208.4A  DCL=208.4A  status=0x0161 (chg_en=1 dis_en=1 mode=1)
     106.823  0x311  [8]  02 38 08 24 08 24 01 61 
        0x311  CVL=56.8V  CCL=208.4A  DCL=208.4A  status=0x0161 (chg_en=1 dis_en=1 mode=1)
     106.834  0x311  [8]  02 38 08 24 08 24 01 61 
        0x311  CVL=56.8V  CCL=208.4A  DCL=208.4A  status=0x0161 (chg_en=1 dis_en=1 mode=1)
     106.845  0x311  [8]  02 38 08 24 08 24 01 61 
        0x311  CVL=56.8V  CCL=208.4A  DCL=208.4A  status=0x0161 (chg_en=1 dis_en=1 mode=1)
     106.856  0x311  [8]  02 38 08 24 08 24 01 61 
        0x311  CVL=56.8V  CCL=208.4A  DCL=208.4A  status=0x0161 (chg_en=1 dis_en=1 mode=1)
     106.867  0x311  [8]  02 38 08 24 08 24 01 61 
        0x311  CVL=56.8V  CCL=208.4A  DCL=208.4A  status=0x0161 (chg_en=1 dis_en=1 mode=1)
     106.878  0x311  [8]  02 38 08 24 08 24 01 61 
        0x311  CVL=56.8V  CCL=208.4A  DCL=208.4A  status=0x0161 (chg_en=1 dis_en=1 mode=1)
     106.889  0x311  [8]  02 38 08 24 08 24 01 61 
        0x311  CVL=56.8V  CCL=208.4A  DCL=208.4A  status=0x0161 (chg_en=1 dis_en=1 mode=1)
     106.910  0x311  [8]  02 38 08 24 08 24 01 61 
        0x311  CVL=56.8V  CCL=208.4A  DCL=208.4A  status=0x0161 (chg_en=1 dis_en=1 mode=1)
     106.922  0x311  [8]  02 38 08 24 08 24 01 61 
        0x311  CVL=56.8V  CCL=208.4A  DCL=208.4A  status=0x0161 (chg_en=1 dis_en=1 mode=1)
     106.933  0x311  [8]  02 38 08 24 08 24 01 61 
        0x311  CVL=56.8V  CCL=208.4A  DCL=208.4A  status=0x0161 (chg_en=1 dis_en=1 mode=1)
     106.944  0x323  [8]  20 0E 10 00 00 00 00 00 
     106.944  0x323  [8]  20 0E 10 00 00 00 00 00 
     106.955  0x323  [8]  20 0E 10 00 00 00 00 00 
     106.955  0x323  [8]  20 0E 10 00 00 00 00 00 
     106.965  0x323  [8]  20 0E 10 00 00 00 00 00 
     106.965  0x323  [8]  20 0E 10 00 00 00 00 00 
     106.976  0x323  [8]  20 0E 10 00 00 00 00 00 
     106.976  0x323  [8]  20 0E 10 00 00 00 00 00 
     106.976  0x323  [8]  20 0E 10 00 00 00 00 00 
     106.986  0x323  [8]  20 0E 10 00 00 00 00 00 
     106.986  0x323  [8]  20 0E 10 00 00 00 00 00 
     106.997  0x323  [8]  20 0E 10 00 00 00 00 00 
     106.997  0x324  [8]  00 01 47 50 4A 30 32 31 
     107.007  0x324  [8]  00 01 47 50 4A 30 32 31 
     107.007  0x324  [8]  00 01 47 50 4A 30 32 31 
     107.008  0x324  [8]  00 01 47 50 4A 30 32 31 
     107.018  0x324  [8]  00 01 47 50 4A 30 32 31 
     107.018  0x324  [8]  00 01 47 50 4A 30 32 31 
     107.028  0x324  [8]  00 01 47 50 4A 30 32 31 
     107.029  0x324  [8]  00 01 47 50 4A 30 32 31 
     107.029  0x324  [8]  00 01 47 50 4A 30 32 31 
     107.039  0x324  [8]  00 01 47 50 4A 30 32 31 
     107.039  0x324  [8]  00 01 47 50 4A 30 32 31 
     107.050  0x329  [8]  01 00 21 38 01 00 3E 9F 
     107.050  0x329  [8]  01 00 21 38 01 00 3E 9F 
     107.060  0x329  [8]  01 00 21 38 01 00 3E 9F 
     107.060  0x329  [8]  01 00 21 38 01 00 3E 9F 
     107.061  0x329  [8]  01 00 21 38 01 00 3E 9F 
     107.071  0x329  [8]  01 00 21 38 01 00 3E 9F 
     107.071  0x329  [8]  01 00 21 38 01 00 3E 9F 
     107.082  0x329  [8]  01 00 21 38 01 00 3E 9F 
     107.082  0x329  [8]  01 00 21 38 01 00 3E 9F 
     107.092  0x329  [8]  01 00 21 38 01 00 3E 9F 
     107.092  0x329  [8]  01 00 21 38 01 00 3E 9F 
     107.092  0x329  [8]  01 00 21 38 01 00 3E 9F 
     107.103  0x329  [8]  01 00 21 38 01 00 3E 9F 
     107.103  0x329  [8]  01 00 21 38 01 00 3E 9F 
     107.113  0x329  [8]  01 00 21 38 01 00 3E 9F 
     107.114  0x329  [8]  01 00 21 38 01 00 3E 9F 
     107.124  0x329  [8]  01 00 21 38 01 00 3E 9F 
     107.124  0x329  [8]  01 00 21 38 01 00 3E 9F 
     107.124  0x329  [8]  01 00 21 38 01 00 3E 9F 
     107.135  0x329  [8]  01 00 21 38 01 00 3E 9F 
     107.135  0x330  [8]  02 01 02 06 0D 38 0D 31 
     107.145  0x330  [8]  02 01 02 06 0D 38 0D 31 
     107.146  0x330  [8]  02 01 02 06 0D 38 0D 31 
     107.156  0x330  [8]  02 01 02 06 0D 38 0D 31 
     107.156  0x330  [8]  02 01 02 06 0D 38 0D 31 
     107.156  0x330  [8]  02 01 02 06 0D 38 0D 31 
     107.167  0x330  [8]  02 01 02 06 0D 38 0D 31 
     107.167  0x330  [8]  02 01 02 06 0D 38 0D 31 
     107.177  0x312  [8]  00 00 00 00 02 00 00 00 
        0x312  prot=00 00  warn=00 00  packs=2  mfr=??  cells=0
     107.188  0x312  [8]  00 00 00 00 02 00 00 00 
        0x312  prot=00 00  warn=00 00  packs=2  mfr=??  cells=0
     107.198  0x312  [8]  00 00 00 00 02 00 00 00 
        0x312  prot=00 00  warn=00 00  packs=2  mfr=??  cells=0
     107.209  0x312  [8]  00 00 00 00 02 00 00 00 
        0x312  prot=00 00  warn=00 00  packs=2  mfr=??  cells=0
     107.219  0x312  [8]  00 00 00 00 02 00 00 00 
        0x312  prot=00 00  warn=00 00  packs=2  mfr=??  cells=0
     107.220  0x312  [8]  00 00 00 00 02 00 00 00 
        0x312  prot=00 00  warn=00 00  packs=2  mfr=??  cells=0
     107.230  0x312  [8]  00 00 00 00 02 00 00 00 
        0x312  prot=00 00  warn=00 00  packs=2  mfr=??  cells=0
     107.241  0x312  [8]  00 00 00 00 02 00 00 00 
        0x312  prot=00 00  warn=00 00  packs=2  mfr=??  cells=0
     107.251  0x313  [8]  15 18 FF F9 00 EA 63 63 
        0x313  Vraw=5400  -> 54.00V if 0.01V  /  540.0V if 0.1V  |  I=-0.7A  T=23.4C  SOC=99%  SOH=99
     107.272  0x313  [8]  15 18 FF F9 00 EA 63 63 
        0x313  Vraw=5400  -> 54.00V if 0.01V  /  540.0V if 0.1V  |  I=-0.7A  T=23.4C  SOC=99%  SOH=99
     107.283  0x313  [8]  15 18 FF F9 00 EA 63 63 
        0x313  Vraw=5400  -> 54.00V if 0.01V  /  540.0V if 0.1V  |  I=-0.7A  T=23.4C  SOC=99%  SOH=99
     107.294  0x313  [8]  15 18 FF F9 00 EA 63 63 
        0x313  Vraw=5400  -> 54.00V if 0.01V  /  540.0V if 0.1V  |  I=-0.7A  T=23.4C  SOC=99%  SOH=99
     107.305  0x313  [8]  15 18 FF F9 00 EA 63 63 
        0x313  Vraw=5400  -> 54.00V if 0.01V  /  540.0V if 0.1V  |  I=-0.7A  T=23.4C  SOC=99%  SOH=99
     107.326  0x313  [8]  15 18 FF F9 00 EA 63 63 
        0x313  Vraw=5400  -> 54.00V if 0.01V  /  540.0V if 0.1V  |  I=-0.7A  T=23.4C  SOC=99%  SOH=99
     107.337  0x313  [8]  15 18 FF F9 00 EA 63 63 
        0x313  Vraw=5400  -> 54.00V if 0.01V  /  540.0V if 0.1V  |  I=-0.7A  T=23.4C  SOC=99%  SOH=99
     107.347  0x330  [8]  02 01 02 07 0D 39 0D 31 
     107.358  0x329  [8]  02 00 18 CB 02 00 3F 3B 
     107.358  0x323  [8]  20 0E 10 00 00 00 00 00 
     107.358  0x324  [8]  01 39 35 32 32 30 36 32 
     107.369  0x322  [8]  01 00 00 D4 03 01 63 63 
     107.369  0x320  [8]  50 41 C3 85 85 00 00 00 
        0x320  mfr=PA  hw=195  sw=133
     107.379  0x319  [8]  C0 0D 39 0D 31 11 17 00 
        0x319  chem=0  forceI=0 forceII=0  dis_en=0 chg_en=1  (byte0=0xC0)
     107.390  0x318  [8]  0D 32 0D 32 0D 31 0D 31 
     107.400  0x317  [8]  0D 39 0D 37 0D 37 0D 37 
     107.400  0x316  [8]  0D 33 0D 33 0D 33 0D 33 
     107.400  0x315  [8]  0D 37 0D 36 0D 36 0D 36 
     107.411  0x314  [8]  5B 2C 5B 40 00 08 05 3D 
        0x314  RM=233.40Ah  FCC=233.60Ah  dV=8mV  cycles=1341
     107.421  0x313  [8]  15 18 00 02 00 EA 63 63 
        0x313  Vraw=5400  -> 54.00V if 0.01V  /  540.0V if 0.1V  |  I=+0.2A  T=23.4C  SOC=99%  SOH=99
     107.432  0x312  [8]  00 00 00 00 02 00 00 00 
        0x312  prot=00 00  warn=00 00  packs=2  mfr=??  cells=0
     107.443  0x311  [8]  02 38 08 24 08 24 01 61 
        0x311  CVL=56.8V  CCL=208.4A  DCL=208.4A  status=0x0161 (chg_en=1 dis_en=1 mode=1)

======================================================================
  7261 frames, 107 s elapsed
  ID     count   period(ms)  DLC  last payload             changing
  ----------------------------------------------------------------------
  0x301     118    499 (499-504)  8   0B 16 21 2C 37 42 4D 58  ........
  0x330     299    356 (0-2958)  8   02 01 02 07 0D 39 0D 31  ****.*.*
  0x329     645    164 (0-1740)  8   02 00 18 CB 02 00 3F 3B  *.***.**
  0x323     389    273 (0-1892)  8   20 0E 10 00 00 00 00 00  ........
  0x324     445    239 (0-1881)  8   01 39 35 32 32 30 36 32  ********
  0x322     636    167 (0-2522)  8   01 00 00 D4 03 01 63 63  ........
  0x320     396    268 (0-2440)  8   50 41 C3 85 85 00 00 00  ........
  0x319     355    299 (10-2346)  8   C0 0D 39 0D 31 11 17 00  ..*.***.
  0x318     315    338 (0-2976)  8   0D 32 0D 32 0D 31 0D 31  .*.*.*.*
  0x317     273    390 (0-2957)  8   0D 39 0D 37 0D 37 0D 37  .*.*.*.*
  0x316     291    366 (0-2955)  8   0D 33 0D 33 0D 33 0D 33  .*.*.*.*
  0x315     647    164 (0-2143)  8   0D 37 0D 36 0D 36 0D 36  .*.*.*.*
  0x314     663    160 (0-1942)  8   5B 2C 5B 40 00 08 05 3D  .....*..
  0x313     485    219 (11-1634)  8   15 18 00 02 00 EA 63 63  .***....
  0x312     330    322 (0-1698)  8   00 00 00 00 02 00 00 00  ........
  0x311     974    109 (11-2465)  8   02 38 08 24 08 24 01 61  .......*
  ----------------------------------------------------------------------
  Auto-scaled pack voltage: 54.00 V  (SOC 99%)
  Cross-check this against the Growatt app before trusting it.
======================================================================

     108.048  0x330  [8]  02 01 02 08 0D 39 0D 30 
     108.059  0x329  [8]  01 00 21 38 01 00 3E 9F 
     108.068  0x323  [8]  20 0E 10 00 00 00 00 00 
     108.069  0x324  [8]  02 43 30 37 00 00 00 00 
     108.082  0x322  [8]  01 00 00 D4 03 01 63 63 
     108.089  0x320  [8]  50 41 C3 85 85 00 00 00 
        0x320  mfr=PA  hw=195  sw=133
     108.098  0x319  [8]  C0 0D 39 0D 30 11 18 00 
        0x319  chem=0  forceI=0 forceII=0  dis_en=0 chg_en=1  (byte0=0xC0)
     108.109  0x318  [8]  0D 32 0D 32 0D 31 0D 30 
     108.119  0x317  [8]  0D 39 0D 37 0D 37 0D 37 
     108.129  0x316  [8]  0D 33 0D 33 0D 33 0D 33 
     108.139  0x315  [8]  0D 37 0D 36 0D 36 0D 36 
     108.148  0x314  [8]  5B 2C 5B 40 00 09 05 3D 
        0x314  RM=233.40Ah  FCC=233.60Ah  dV=9mV  cycles=1341
     108.159  0x313  [8]  15 18 00 02 00 EA 63 63 
        0x313  Vraw=5400  -> 54.00V if 0.01V  /  540.0V if 0.1V  |  I=+0.2A  T=23.4C  SOC=99%  SOH=99
     108.170  0x312  [8]  00 00 00 00 02 00 00 00 
        0x312  prot=00 00  warn=00 00  packs=2  mfr=??  cells=0
     108.182  0x311  [8]  02 38 08 24 08 24 01 61 
        0x311  CVL=56.8V  CCL=208.4A  DCL=208.4A  status=0x0161 (chg_en=1 dis_en=1 mode=1)
     109.047  0x330  [8]  02 01 02 07 0D 39 0D 31 
     109.058  0x329  [8]  02 00 18 CB 02 00 3F 3B 
     109.067  0x323  [8]  20 0E 10 00 00 00 00 00 
     109.068  0x324  [8]  00 02 47 50 4A 30 32 31 
     109.081  0x322  [8]  01 00 00 D4 03 01 63 63 
     109.088  0x320  [8]  50 41 C3 85 85 00 00 00 
        0x320  mfr=PA  hw=195  sw=133
     109.097  0x319  [8]  C0 0D 39 0D 31 11 17 00 
        0x319  chem=0  forceI=0 forceII=0  dis_en=0 chg_en=1  (byte0=0xC0)
     109.108  0x318  [8]  0D 32 0D 32 0D 31 0D 31 
     109.118  0x317  [8]  0D 39 0D 37 0D 37 0D 37 
     109.128  0x316  [8]  0D 33 0D 33 0D 33 0D 33 
     109.138  0x315  [8]  0D 37 0D 36 0D 36 0D 36 
     109.148  0x314  [8]  5B 2C 5B 40 00 08 05 3D 
        0x314  RM=233.40Ah  FCC=233.60Ah  dV=8mV  cycles=1341
     109.158  0x313  [8]  15 18 00 03 00 EA 63 63 
        0x313  Vraw=5400  -> 54.00V if 0.01V  /  540.0V if 0.1V  |  I=+0.3A  T=23.4C  SOC=99%  SOH=99
     109.169  0x312  [8]  00 00 00 00 02 00 00 00 
        0x312  prot=00 00  warn=00 00  packs=2  mfr=??  cells=0
     109.181  0x311  [8]  02 38 08 24 08 24 01 61 
        0x311  CVL=56.8V  CCL=208.4A  DCL=208.4A  status=0x0161 (chg_en=1 dis_en=1 mode=1)
     110.046  0x330  [8]  02 01 02 07 0D 39 0D 31 
     110.057  0x329  [8]  01 00 21 38 01 00 3E 9F 
     110.067  0x323  [8]  20 0E 10 00 00 00 00 00 
     110.067  0x324  [8]  01 39 35 32 32 30 36 32 
     110.080  0x322  [8]  01 00 00 D4 03 01 63 63 
     110.087  0x320  [8]  50 41 C3 85 85 00 00 00 
        0x320  mfr=PA  hw=195  sw=133
     110.096  0x319  [8]  C0 0D 39 0D 31 11 17 00 
        0x319  chem=0  forceI=0 forceII=0  dis_en=0 chg_en=1  (byte0=0xC0)
     110.107  0x318  [8]  0D 32 0D 32 0D 31 0D 31 
     110.117  0x317  [8]  0D 39 0D 37 0D 37 0D 37 
     110.127  0x316  [8]  0D 33 0D 33 0D 33 0D 33 
     110.137  0x315  [8]  0D 37 0D 36 0D 35 0D 35 
     110.147  0x314  [8]  5B 2C 5B 40 00 08 05 3D 
        0x314  RM=233.40Ah  FCC=233.60Ah  dV=8mV  cycles=1341
     110.158  0x313  [8]  15 18 00 02 00 EA 63 63 
        0x313  Vraw=5400  -> 54.00V if 0.01V  /  540.0V if 0.1V  |  I=+0.2A  T=23.4C  SOC=99%  SOH=99
     110.169  0x312  [8]  00 00 00 00 02 00 00 00 
        0x312  prot=00 00  warn=00 00  packs=2  mfr=??  cells=0
     110.180  0x311  [8]  02 38 08 24 08 24 01 61 
        0x311  CVL=56.8V  CCL=208.4A  DCL=208.4A  status=0x0161 (chg_en=1 dis_en=1 mode=1)
     111.046  0x330  [8]  02 01 02 07 0D 38 0D 31 
     111.056  0x329  [8]  02 00 18 CB 02 00 3F 3B 
     111.066  0x323  [8]  20 0E 10 00 00 00 00 00 
     111.066  0x324  [8]  02 42 42 37 00 00 00 00 
     111.080  0x322  [8]  01 00 00 D4 03 01 63 63 
     111.086  0x320  [8]  50 41 C3 85 85 00 00 00 
        0x320  mfr=PA  hw=195  sw=133
     111.095  0x319  [8]  C0 0D 38 0D 31 11 17 00 
        0x319  chem=0  forceI=0 forceII=0  dis_en=0 chg_en=1  (byte0=0xC0)
     111.106  0x318  [8]  0D 32 0D 31 0D 31 0D 31 
     111.116  0x317  [8]  0D 38 0D 37 0D 37 0D 37 
     111.126  0x316  [8]  0D 33 0D 33 0D 33 0D 33 
     111.136  0x315  [8]  0D 37 0D 36 0D 35 0D 35 
     111.146  0x314  [8]  5B 2C 5B 40 00 07 05 3D 
        0x314  RM=233.40Ah  FCC=233.60Ah  dV=7mV  cycles=1341
     111.157  0x313  [8]  15 18 00 03 00 EA 63 63 
        0x313  Vraw=5400  -> 54.00V if 0.01V  /  540.0V if 0.1V  |  I=+0.3A  T=23.4C  SOC=99%  SOH=99
     111.168  0x312  [8]  00 00 00 00 02 00 00 00 
        0x312  prot=00 00  warn=00 00  packs=2  mfr=??  cells=0
     111.180  0x311  [8]  02 38 08 24 08 24 01 61 
        0x311  CVL=56.8V  CCL=208.4A  DCL=208.4A  status=0x0161 (chg_en=1 dis_en=1 mode=1)
     112.045  0x330  [8]  02 01 02 06 0D 39 0D 31 
     112.056  0x329  [8]  01 00 21 38 01 00 3E 9F 
     112.065  0x323  [8]  20 0E 10 00 00 00 00 00 
     112.065  0x324  [8]  00 01 47 50 4A 30 32 31 
     112.079  0x322  [8]  01 00 00 D4 03 01 63 63 
     112.086  0x320  [8]  50 41 C3 85 85 00 00 00 
        0x320  mfr=PA  hw=195  sw=133
     112.095  0x319  [8]  C0 0D 39 0D 31 11 16 00 
        0x319  chem=0  forceI=0 forceII=0  dis_en=0 chg_en=1  (byte0=0xC0)
     112.105  0x318  [8]  0D 32 0D 31 0D 31 0D 31 
     112.115  0x317  [8]  0D 39 0D 38 0D 37 0D 36 
     112.125  0x316  [8]  0D 33 0D 33 0D 33 0D 33 
     112.135  0x315  [8]  0D 37 0D 36 0D 36 0D 35 
     112.145  0x314  [8]  5B 2C 5B 40 00 08 05 3D 
        0x314  RM=233.40Ah  FCC=233.60Ah  dV=8mV  cycles=1341
     112.156  0x313  [8]  15 18 00 03 00 EA 63 63 
        0x313  Vraw=5400  -> 54.00V if 0.01V  /  540.0V if 0.1V  |  I=+0.3A  T=23.4C  SOC=99%  SOH=99
     112.167  0x312  [8]  00 00 00 00 02 00 00 00 
        0x312  prot=00 00  warn=00 00  packs=2  mfr=??  cells=0
     112.179  0x311  [8]  02 38 08 24 08 24 01 61 
        0x311  CVL=56.8V  CCL=208.4A  DCL=208.4A  status=0x0161 (chg_en=1 dis_en=1 mode=1)
     113.044  0x330  [8]  02 01 02 07 0D 38 0D 30 
     113.055  0x329  [8]  02 00 18 CB 02 00 3F 3B 
     113.065  0x323  [8]  20 0E 10 00 00 00 00 00 
     113.065  0x324  [8]  01 39 35 32 32 30 36 32 
     113.078  0x322  [8]  01 00 00 D4 03 01 63 63 
     113.085  0x320  [8]  50 41 C3 85 85 00 00 00 
        0x320  mfr=PA  hw=195  sw=133
     113.094  0x319  [8]  C0 0D 38 0D 30 11 17 00 
        0x319  chem=0  forceI=0 forceII=0  dis_en=0 chg_en=1  (byte0=0xC0)
     113.105  0x318  [8]  0D 32 0D 32 0D 30 0D 30 
     113.115  0x317  [8]  0D 38 0D 37 0D 37 0D 36 
     113.125  0x316  [8]  0D 33 0D 33 0D 33 0D 33 
     113.135  0x315  [8]  0D 37 0D 36 0D 35 0D 35 
     113.144  0x314  [8]  5B 2C 5B 40 00 08 05 3D 
        0x314  RM=233.40Ah  FCC=233.60Ah  dV=8mV  cycles=1341
     113.155  0x313  [8]  15 18 00 02 00 EA 63 63 
        0x313  Vraw=5400  -> 54.00V if 0.01V  /  540.0V if 0.1V  |  I=+0.2A  T=23.4C  SOC=99%  SOH=99
     113.166  0x312  [8]  00 00 00 00 02 00 00 00 
        0x312  prot=00 00  warn=00 00  packs=2  mfr=??  cells=0
     113.178  0x311  [8]  02 38 08 24 08 24 01 61 
        0x311  CVL=56.8V  CCL=208.4A  DCL=208.4A  status=0x0161 (chg_en=1 dis_en=1 mode=1)
     114.043  0x330  [8]  02 01 02 07 0D 39 0D 30 
     114.054  0x329  [8]  01 00 21 38 01 00 3E 9F 
     114.063  0x323  [8]  20 0E 10 00 00 00 00 00 
     114.064  0x324  [8]  02 43 30 37 00 00 00 00 
     114.077  0x322  [8]  01 00 00 D4 03 01 63 63 
     114.084  0x320  [8]  50 41 C3 85 85 00 00 00 
        0x320  mfr=PA  hw=195  sw=133
     114.093  0x319  [8]  C0 0D 39 0D 30 11 17 00 
        0x319  chem=0  forceI=0 forceII=0  dis_en=0 chg_en=1  (byte0=0xC0)
     114.104  0x318  [8]  0D 32 0D 31 0D 31 0D 30 
     114.114  0x317  [8]  0D 39 0D 37 0D 37 0D 37 
     114.124  0x316  [8]  0D 33 0D 33 0D 32 0D 32 
     114.134  0x315  [8]  0D 37 0D 36 0D 35 0D 35 
     114.143  0x314  [8]  5B 2C 5B 40 00 09 05 3D 
        0x314  RM=233.40Ah  FCC=233.60Ah  dV=9mV  cycles=1341
     114.154  0x313  [8]  15 18 00 06 00 EA 63 63 
        0x313  Vraw=5400  -> 54.00V if 0.01V  /  540.0V if 0.1V  |  I=+0.6A  T=23.4C  SOC=99%  SOH=99
     114.165  0x312  [8]  00 00 00 00 02 00 00 00 
        0x312  prot=00 00  warn=00 00  packs=2  mfr=??  cells=0
     114.177  0x311  [8]  02 38 08 24 08 24 01 61 
        0x311  CVL=56.8V  CCL=208.4A  DCL=208.4A  status=0x0161 (chg_en=1 dis_en=1 mode=1)
     115.042  0x330  [8]  02 01 02 07 0D 38 0D 30 
     115.053  0x329  [8]  02 00 18 CB 02 00 3F 3B 
     115.062  0x323  [8]  20 0E 10 00 00 00 00 00 
     115.063  0x324  [8]  00 02 47 50 4A 30 32 31 
     115.076  0x322  [8]  01 00 00 D4 03 01 63 63 
     115.083  0x320  [8]  50 41 C3 85 85 00 00 00 
        0x320  mfr=PA  hw=195  sw=133
     115.092  0x319  [8]  C0 0D 38 0D 30 11 17 00 
        0x319  chem=0  forceI=0 forceII=0  dis_en=0 chg_en=1  (byte0=0xC0)
     115.103  0x318  [8]  0D 32 0D 31 0D 30 0D 30 
     115.113  0x317  [8]  0D 38 0D 37 0D 36 0D 36 
     115.123  0x316  [8]  0D 33 0D 33 0D 32 0D 32 
     115.133  0x315  [8]  0D 36 0D 35 0D 35 0D 35 
     115.143  0x314  [8]  5B 2C 5B 40 00 08 05 3D 
        0x314  RM=233.40Ah  FCC=233.60Ah  dV=8mV  cycles=1341
     115.153  0x313  [8]  15 18 00 05 00 EA 63 63 
        0x313  Vraw=5400  -> 54.00V if 0.01V  /  540.0V if 0.1V  |  I=+0.5A  T=23.4C  SOC=99%  SOH=99
     115.164  0x312  [8]  00 00 00 00 02 00 00 00 
        0x312  prot=00 00  warn=00 00  packs=2  mfr=??  cells=0
     115.176  0x311  [8]  02 38 08 24 08 24 01 61 
        0x311  CVL=56.8V  CCL=208.4A  DCL=208.4A  status=0x0161 (chg_en=1 dis_en=1 mode=1)
     116.041  0x330  [8]  02 01 02 08 0D 38 0D 30 
     116.052  0x329  [8]  01 00 21 38 01 00 3E 9F 
     116.062  0x323  [8]  20 0E 10 00 00 00 00 00 
     116.062  0x324  [8]  01 39 35 32 32 30 36 32 
     116.075  0x322  [8]  01 00 00 D4 03 01 63 63 
     116.082  0x320  [8]  50 41 C3 85 85 00 00 00 
        0x320  mfr=PA  hw=195  sw=133
     116.091  0x319  [8]  C0 0D 38 0D 30 11 18 00 
        0x319  chem=0  forceI=0 forceII=0  dis_en=0 chg_en=1  (byte0=0xC0)
     116.102  0x318  [8]  0D 32 0D 31 0D 31 0D 30 
     116.112  0x317  [8]  0D 38 0D 37 0D 36 0D 36 
     116.122  0x316  [8]  0D 33 0D 32 0D 32 0D 32 
     116.132  0x315  [8]  0D 36 0D 36 0D 35 0D 35 
     116.142  0x314  [8]  5B 2C 5B 40 00 08 05 3D 
        0x314  RM=233.40Ah  FCC=233.60Ah  dV=8mV  cycles=1341
     116.153  0x313  [8]  15 18 00 05 00 EA 63 63 
        0x313  Vraw=5400  -> 54.00V if 0.01V  /  540.0V if 0.1V  |  I=+0.5A  T=23.4C  SOC=99%  SOH=99
     116.164  0x312  [8]  00 00 00 00 02 00 00 00 
        0x312  prot=00 00  warn=00 00  packs=2  mfr=??  cells=0
     116.175  0x311  [8]  02 38 08 24 08 24 01 61 
        0x311  CVL=56.8V  CCL=208.4A  DCL=208.4A  status=0x0161 (chg_en=1 dis_en=1 mode=1)
     117.041  0x330  [8]  02 01 02 07 0D 38 0D 30 
     117.051  0x329  [8]  02 00 18 CB 02 00 3F 3B 
     117.061  0x323  [8]  20 0E 10 00 00 00 00 00 
     117.061  0x324  [8]  02 42 42 37 00 00 00 00 
     117.075  0x322  [8]  01 00 00 D4 03 01 63 63 
     117.081  0x320  [8]  50 41 C3 85 85 00 00 00 
        0x320  mfr=PA  hw=195  sw=133
     117.090  0x319  [8]  C0 0D 38 0D 30 11 17 00 
        0x319  chem=0  forceI=0 forceII=0  dis_en=0 chg_en=1  (byte0=0xC0)
     117.101  0x318  [8]  0D 32 0D 31 0D 31 0D 30 
     117.111  0x317  [8]  0D 38 0D 37 0D 36 0D 36 
     117.121  0x316  [8]  0D 33 0D 32 0D 32 0D 32 
     117.131  0x315  [8]  0D 36 0D 36 0D 35 0D 35 
     117.141  0x314  [8]  5B 2C 5B 40 00 08 05 3D 
        0x314  RM=233.40Ah  FCC=233.60Ah  dV=8mV  cycles=1341
     117.152  0x313  [8]  15 18 00 04 00 EA 63 63 
        0x313  Vraw=5400  -> 54.00V if 0.01V  /  540.0V if 0.1V  |  I=+0.4A  T=23.4C  SOC=99%  SOH=99
     117.163  0x312  [8]  00 00 00 00 02 00 00 00 
        0x312  prot=00 00  warn=00 00  packs=2  mfr=??  cells=0
     117.175  0x311  [8]  02 38 08 24 08 24 01 61 
        0x311  CVL=56.8V  CCL=208.4A  DCL=208.4A  status=0x0161 (chg_en=1 dis_en=1 mode=1)
     118.040  0x330  [8]  02 01 02 07 0D 38 0D 30 
     118.051  0x329  [8]  01 00 21 38 01 00 3E 9F 
     118.060  0x323  [8]  20 0E 10 00 00 00 00 00 
     118.060  0x324  [8]  00 01 47 50 4A 30 32 31 
     118.074  0x322  [8]  01 00 00 D4 03 01 63 63 
     118.081  0x320  [8]  50 41 C3 85 85 00 00 00 
        0x320  mfr=PA  hw=195  sw=133
     118.090  0x319  [8]  C0 0D 38 0D 30 11 17 00 
        0x319  chem=0  forceI=0 forceII=0  dis_en=0 chg_en=1  (byte0=0xC0)
     118.100  0x318  [8]  0D 31 0D 31 0D 30 0D 30 
     118.110  0x317  [8]  0D 38 0D 36 0D 36 0D 36 
     118.120  0x316  [8]  0D 32 0D 32 0D 32 0D 32 
     118.130  0x315  [8]  0D 36 0D 35 0D 35 0D 35 
     118.140  0x314  [8]  5B 2C 5B 40 00 08 05 3D 
        0x314  RM=233.40Ah  FCC=233.60Ah  dV=8mV  cycles=1341
     118.151  0x313  [8]  15 18 00 04 00 EA 63 63 
        0x313  Vraw=5400  -> 54.00V if 0.01V  /  540.0V if 0.1V  |  I=+0.4A  T=23.4C  SOC=99%  SOH=99
     118.162  0x312  [8]  00 00 00 00 02 00 00 00 
        0x312  prot=00 00  warn=00 00  packs=2  mfr=??  cells=0
     118.174  0x311  [8]  02 38 08 24 08 24 01 61 
        0x311  CVL=56.8V  CCL=208.4A  DCL=208.4A  status=0x0161 (chg_en=1 dis_en=1 mode=1)
     118.227  0x301  [8]  0B 16 21 2C 37 42 4D 58 
        0x301  <-- KEEPALIVE FROM THE GROWATT INVERTER.
               This payload is undocumented. Write it down.
     118.727  0x301  [8]  0B 16 21 2C 37 42 4D 58 
        0x301  <-- KEEPALIVE FROM THE GROWATT INVERTER.
               This payload is undocumented. Write it down.
     119.039  0x330  [8]  02 01 02 07 0D 38 0D 30 
     119.050  0x329  [8]  02 00 18 CB 02 00 3F 3B 
     119.060  0x323  [8]  20 0E 10 00 00 00 00 00 
     119.060  0x324  [8]  01 39 35 32 32 30 36 32 
     119.073  0x322  [8]  01 00 00 D4 03 01 63 63 
     119.080  0x320  [8]  50 41 C3 85 85 00 00 00 
        0x320  mfr=PA  hw=195  sw=133
     119.089  0x319  [8]  C0 0D 38 0D 30 11 17 00 
        0x319  chem=0  forceI=0 forceII=0  dis_en=0 chg_en=1  (byte0=0xC0)
     119.100  0x318  [8]  0D 32 0D 31 0D 30 0D 30 
     119.110  0x317  [8]  0D 38 0D 37 0D 36 0D 36 
     119.120  0x316  [8]  0D 32 0D 32 0D 32 0D 32 
     119.130  0x315  [8]  0D 36 0D 35 0D 35 0D 35 
     119.139  0x314  [8]  5B 2C 5B 40 00 08 05 3D 
        0x314  RM=233.40Ah  FCC=233.60Ah  dV=8mV  cycles=1341
     119.150  0x313  [8]  15 18 00 04 00 EA 63 63 
        0x313  Vraw=5400  -> 54.00V if 0.01V  /  540.0V if 0.1V  |  I=+0.4A  T=23.4C  SOC=99%  SOH=99
     119.161  0x312  [8]  00 00 00 00 02 00 00 00 
        0x312  prot=00 00  warn=00 00  packs=2  mfr=??  cells=0
     119.173  0x311  [8]  02 38 08 24 08 24 01 61 
        0x311  CVL=56.8V  CCL=208.4A  DCL=208.4A  status=0x0161 (chg_en=1 dis_en=1 mode=1)
     119.227  0x301  [8]  0B 16 21 2C 37 42 4D 58 
        0x301  <-- KEEPALIVE FROM THE GROWATT INVERTER.
               This payload is undocumented. Write it down.
     119.727  0x301  [8]  0B 16 21 2C 37 42 4D 58 
        0x301  <-- KEEPALIVE FROM THE GROWATT INVERTER.
               This payload is undocumented. Write it down.
     120.038  0x330  [8]  02 01 02 07 0D 38 0D 30 
     120.049  0x329  [8]  01 00 21 38 01 00 3E 9F 
     120.058  0x323  [8]  20 0E 10 00 00 00 00 00 
     120.059  0x324  [8]  02 43 30 37 00 00 00 00 
     120.072  0x322  [8]  01 00 00 D4 03 01 63 63 
     120.079  0x320  [8]  50 41 C3 85 85 00 00 00 
        0x320  mfr=PA  hw=195  sw=133
     120.088  0x319  [8]  C0 0D 38 0D 30 11 17 00 
        0x319  chem=0  forceI=0 forceII=0  dis_en=0 chg_en=1  (byte0=0xC0)
     120.099  0x318  [8]  0D 31 0D 31 0D 30 0D 30 
     120.109  0x317  [8]  0D 38 0D 37 0D 36 0D 36 
     120.119  0x316  [8]  0D 32 0D 32 0D 32 0D 32 
     120.129  0x315  [8]  0D 36 0D 35 0D 35 0D 34 
     120.138  0x314  [8]  5B 2C 5B 40 00 08 05 3D 
        0x314  RM=233.40Ah  FCC=233.60Ah  dV=8mV  cycles=1341
     120.149  0x313  [8]  15 18 00 04 00 EA 63 63 
        0x313  Vraw=5400  -> 54.00V if 0.01V  /  540.0V if 0.1V  |  I=+0.4A  T=23.4C  SOC=99%  SOH=99
     120.160  0x312  [8]  00 00 00 00 02 00 00 00 
        0x312  prot=00 00  warn=00 00  packs=2  mfr=??  cells=0
     120.172  0x311  [8]  02 38 08 24 08 24 01 61 
        0x311  CVL=56.8V  CCL=208.4A  DCL=208.4A  status=0x0161 (chg_en=1 dis_en=1 mode=1)
     120.227  0x301  [8]  0B 16 21 2C 37 42 4D 58 
        0x301  <-- KEEPALIVE FROM THE GROWATT INVERTER.
               This payload is undocumented. Write it down.
     120.727  0x301  [8]  0B 16 21 2C 37 42 4D 58 
        0x301  <-- KEEPALIVE FROM THE GROWATT INVERTER.
               This payload is undocumented. Write it down.
     121.038  0x330  [8]  02 01 02 08 0D 38 0D 30 
     121.048  0x329  [8]  02 00 18 CB 02 00 3F 3B 
     121.057  0x323  [8]  20 0E 10 00 00 00 00 00 
     121.058  0x324  [8]  00 02 47 50 4A 30 32 31 
     121.071  0x322  [8]  01 00 00 D4 03 01 63 63 
     121.078  0x320  [8]  50 41 C3 85 85 00 00 00 
        0x320  mfr=PA  hw=195  sw=133
     121.087  0x319  [8]  C0 0D 38 0D 30 11 18 00 
        0x319  chem=0  forceI=0 forceII=0  dis_en=0 chg_en=1  (byte0=0xC0)
     121.098  0x318  [8]  0D 31 0D 31 0D 31 0D 30 
     121.108  0x317  [8]  0D 38 0D 36 0D 36 0D 36 
     121.118  0x316  [8]  0D 32 0D 32 0D 32 0D 32 
     121.128  0x315  [8]  0D 36 0D 35 0D 35 0D 34 
     121.138  0x314  [8]  5B 2C 5B 40 00 08 05 3D 
        0x314  RM=233.40Ah  FCC=233.60Ah  dV=8mV  cycles=1341
     121.148  0x313  [8]  15 18 00 05 00 EA 63 63 
        0x313  Vraw=5400  -> 54.00V if 0.01V  /  540.0V if 0.1V  |  I=+0.5A  T=23.4C  SOC=99%  SOH=99
     121.159  0x312  [8]  00 00 00 00 02 00 00 00 
        0x312  prot=00 00  warn=00 00  packs=2  mfr=??  cells=0
     121.171  0x311  [8]  02 38 08 24 08 24 01 61 
        0x311  CVL=56.8V  CCL=208.4A  DCL=208.4A  status=0x0161 (chg_en=1 dis_en=1 mode=1)
     121.227  0x301  [8]  0B 16 21 2C 37 42 4D 58 
        0x301  <-- KEEPALIVE FROM THE GROWATT INVERTER.
               This payload is undocumented. Write it down.
     121.727  0x301  [8]  0B 16 21 2C 37 42 4D 58 
        0x301  <-- KEEPALIVE FROM THE GROWATT INVERTER.
               This payload is undocumented. Write it down.
     122.036  0x330  [8]  02 01 02 07 0D 38 0D 30 
     122.047  0x329  [8]  01 00 21 38 01 00 3E 9F 
     122.057  0x323  [8]  20 0E 10 00 00 00 00 00 
     122.057  0x324  [8]  01 39 35 32 32 30 36 32 
     122.070  0x322  [8]  01 00 00 D4 03 01 63 63 
     122.077  0x320  [8]  50 41 C3 85 85 00 00 00 
        0x320  mfr=PA  hw=195  sw=133
     122.086  0x319  [8]  C0 0D 38 0D 30 11 17 00 
        0x319  chem=0  forceI=0 forceII=0  dis_en=0 chg_en=1  (byte0=0xC0)
     122.097  0x318  [8]  0D 31 0D 31 0D 30 0D 30 
     122.107  0x317  [8]  0D 38 0D 36 0D 36 0D 36 
     122.117  0x316  [8]  0D 32 0D 32 0D 32 0D 32 
     122.127  0x315  [8]  0D 36 0D 35 0D 35 0D 34 
     122.137  0x314  [8]  5B 2C 5B 40 00 08 05 3D 
        0x314  RM=233.40Ah  FCC=233.60Ah  dV=8mV  cycles=1341
     122.148  0x313  [8]  15 18 00 04 00 EA 63 63 
        0x313  Vraw=5400  -> 54.00V if 0.01V  /  540.0V if 0.1V  |  I=+0.4A  T=23.4C  SOC=99%  SOH=99
     122.159  0x312  [8]  00 00 00 00 02 00 00 00 
        0x312  prot=00 00  warn=00 00  packs=2  mfr=??  cells=0
     122.170  0x311  [8]  02 38 08 24 08 24 01 61 
        0x311  CVL=56.8V  CCL=208.4A  DCL=208.4A  status=0x0161 (chg_en=1 dis_en=1 mode=1)
     122.227  0x301  [8]  0B 16 21 2C 37 42 4D 58 
        0x301  <-- KEEPALIVE FROM THE GROWATT INVERTER.
               This payload is undocumented. Write it down.

======================================================================
  7495 frames, 122 s elapsed
  ID     count   period(ms)  DLC  last payload             changing
  ----------------------------------------------------------------------
  0x301     127    963 (499-58847)  8   0B 16 21 2C 37 42 4D 58  ........
  0x330     314    386 (0-2958)  8   02 01 02 07 0D 38 0D 30  ****.*.*
  0x329     660    183 (0-1740)  8   01 00 21 38 01 00 3E 9F  *.***.**
  0x323     404    299 (0-1892)  8   20 0E 10 00 00 00 00 00  ........
  0x324     460    263 (0-1881)  8   01 39 35 32 32 30 36 32  ********
  0x322     651    185 (0-2522)  8   01 00 00 D4 03 01 63 63  ........
  0x320     411    294 (0-2440)  8   50 41 C3 85 85 00 00 00  ........
  0x319     370    327 (10-2346)  8   C0 0D 38 0D 30 11 17 00  ..*.***.
  0x318     330    367 (0-2976)  8   0D 31 0D 31 0D 30 0D 30  .*.*.*.*
  0x317     288    421 (0-2957)  8   0D 38 0D 36 0D 36 0D 36  .*.*.*.*
  0x316     306    396 (0-2955)  8   0D 32 0D 32 0D 32 0D 32  .*.*.*.*
  0x315     662    182 (0-2143)  8   0D 36 0D 35 0D 35 0D 34  .*.*.*.*
  0x314     678    178 (0-1942)  8   5B 2C 5B 40 00 08 05 3D  .....*..
  0x313     500    242 (11-1634)  8   15 18 00 04 00 EA 63 63  .***....
  0x312     345    351 (0-1698)  8   00 00 00 00 02 00 00 00  ........
  0x311     989    122 (11-2465)  8   02 38 08 24 08 24 01 61  .......*
  ----------------------------------------------------------------------
  Auto-scaled pack voltage: 54.00 V  (SOC 99%)
  Cross-check this against the Growatt app before trusting it.
======================================================================

     122.727  0x301  [8]  0B 16 21 2C 37 42 4D 58 
        0x301  <-- KEEPALIVE FROM THE GROWATT INVERTER.
               This payload is undocumented. Write it down.
     123.035  0x330  [8]  02 01 02 07 0D 38 0D 30 
     123.046  0x329  [8]  02 00 18 CB 02 00 3F 3B 
     123.056  0x323  [8]  20 0E 10 00 00 00 00 00 
     123.056  0x324  [8]  02 42 42 37 00 00 00 00 
     123.070  0x322  [8]  01 00 00 D4 03 01 63 63 
     123.076  0x320  [8]  50 41 C3 85 85 00 00 00 
        0x320  mfr=PA  hw=195  sw=133
     123.085  0x319  [8]  C0 0D 38 0D 30 11 17 00 
        0x319  chem=0  forceI=0 forceII=0  dis_en=0 chg_en=1  (byte0=0xC0)
     123.096  0x318  [8]  0D 31 0D 31 0D 30 0D 30 
     123.106  0x317  [8]  0D 38 0D 36 0D 36 0D 35 
     123.116  0x316  [8]  0D 32 0D 32 0D 32 0D 32 
     123.126  0x315  [8]  0D 36 0D 35 0D 34 0D 34 
     123.136  0x314  [8]  5B 2C 5B 40 00 08 05 3D 
        0x314  RM=233.40Ah  FCC=233.60Ah  dV=8mV  cycles=1341
     123.147  0x313  [8]  15 18 00 03 00 EA 63 63 
        0x313  Vraw=5400  -> 54.00V if 0.01V  /  540.0V if 0.1V  |  I=+0.3A  T=23.4C  SOC=99%  SOH=99
     123.158  0x312  [8]  00 00 00 00 02 00 00 00 
        0x312  prot=00 00  warn=00 00  packs=2  mfr=??  cells=0
     123.170  0x311  [8]  02 38 08 24 08 24 01 61 
        0x311  CVL=56.8V  CCL=208.4A  DCL=208.4A  status=0x0161 (chg_en=1 dis_en=1 mode=1)
     123.226  0x301  [8]  0B 16 21 2C 37 42 4D 58 
        0x301  <-- KEEPALIVE FROM THE GROWATT INVERTER.
               This payload is undocumented. Write it down.
     123.726  0x301  [8]  0B 16 21 2C 37 42 4D 58 
        0x301  <-- KEEPALIVE FROM THE GROWATT INVERTER.
               This payload is undocumented. Write it down.
     124.035  0x330  [8]  02 01 02 07 0D 38 0D 30 
     124.045  0x329  [8]  01 00 21 38 01 00 3E 9F 
     124.055  0x323  [8]  20 0E 10 00 00 00 00 00 
     124.055  0x324  [8]  00 01 47 50 4A 30 32 31 
     124.069  0x322  [8]  01 00 00 D4 03 01 63 63 
     124.076  0x320  [8]  50 41 C3 85 85 00 00 00 
        0x320  mfr=PA  hw=195  sw=133
     124.085  0x319  [8]  C0 0D 38 0D 30 11 17 00 
        0x319  chem=0  forceI=0 forceII=0  dis_en=0 chg_en=1  (byte0=0xC0)
     124.095  0x318  [8]  0D 31 0D 31 0D 30 0D 30 
     124.105  0x317  [8]  0D 38 0D 36 0D 36 0D 36 
     124.115  0x316  [8]  0D 32 0D 32 0D 32 0D 31 
     124.125  0x315  [8]  0D 35 0D 35 0D 34 0D 34 
     124.135  0x314  [8]  5B 2C 5B 40 00 08 05 3D 
        0x314  RM=233.40Ah  FCC=233.60Ah  dV=8mV  cycles=1341
     124.146  0x313  [8]  15 18 00 03 00 EA 63 63 
        0x313  Vraw=5400  -> 54.00V if 0.01V  /  540.0V if 0.1V  |  I=+0.3A  T=23.4C  SOC=99%  SOH=99
     124.157  0x312  [8]  00 00 00 00 02 00 00 00 
        0x312  prot=00 00  warn=00 00  packs=2  mfr=??  cells=0
     124.169  0x311  [8]  02 38 08 24 08 24 01 61 
        0x311  CVL=56.8V  CCL=208.4A  DCL=208.4A  status=0x0161 (chg_en=1 dis_en=1 mode=1)
     124.226  0x301  [8]  0B 16 21 2C 37 42 4D 58 
        0x301  <-- KEEPALIVE FROM THE GROWATT INVERTER.
               This payload is undocumented. Write it down.
     124.727  0x301  [8]  0B 16 21 2C 37 42 4D 58 
        0x301  <-- KEEPALIVE FROM THE GROWATT INVERTER.
               This payload is undocumented. Write it down.
     125.034  0x330  [8]  02 01 02 08 0D 37 0D 2F 
     125.045  0x329  [8]  02 00 18 CB 02 00 3F 3B 
     125.055  0x323  [8]  20 0E 10 00 00 00 00 00 
     125.055  0x324  [8]  01 39 35 32 32 30 36 32 
     125.068  0x322  [8]  01 00 00 D4 03 01 63 63 
     125.075  0x320  [8]  50 41 C3 85 85 00 00 00 
        0x320  mfr=PA  hw=195  sw=133
     125.084  0x319  [8]  C0 0D 37 0D 2F 11 18 00 
        0x319  chem=0  forceI=0 forceII=0  dis_en=0 chg_en=1  (byte0=0xC0)
     125.095  0x318  [8]  0D 31 0D 31 0D 30 0D 2F 
     125.105  0x317  [8]  0D 37 0D 36 0D 36 0D 36 
     125.115  0x316  [8]  0D 32 0D 32 0D 32 0D 31 
     125.125  0x315  [8]  0D 36 0D 34 0D 34 0D 34 
     125.134  0x314  [8]  5B 2C 5B 40 00 08 05 3D 
        0x314  RM=233.40Ah  FCC=233.60Ah  dV=8mV  cycles=1341
     125.145  0x313  [8]  15 18 00 04 00 EA 63 63 
        0x313  Vraw=5400  -> 54.00V if 0.01V  /  540.0V if 0.1V  |  I=+0.4A  T=23.4C  SOC=99%  SOH=99
     125.156  0x312  [8]  00 00 00 00 02 00 00 00 
        0x312  prot=00 00  warn=00 00  packs=2  mfr=??  cells=0
     125.168  0x311  [8]  02 38 08 24 08 24 01 61 
        0x311  CVL=56.8V  CCL=208.4A  DCL=208.4A  status=0x0161 (chg_en=1 dis_en=1 mode=1)
     125.226  0x301  [8]  0B 16 21 2C 37 42 4D 58 
        0x301  <-- KEEPALIVE FROM THE GROWATT INVERTER.
               This payload is undocumented. Write it down.
     125.727  0x301  [8]  0B 16 21 2C 37 42 4D 58 
        0x301  <-- KEEPALIVE FROM THE GROWATT INVERTER.
               This payload is undocumented. Write it down.
     126.033  0x330  [8]  02 01 02 07 0D 37 0D 30 
     126.044  0x329  [8]  01 00 21 38 01 00 3E 9F 
     126.053  0x323  [8]  20 0E 10 00 00 00 00 00 
     126.054  0x324  [8]  02 43 30 37 00 00 00 00 
     126.067  0x322  [8]  01 00 00 D4 03 01 63 63 
     126.074  0x320  [8]  50 41 C3 85 85 00 00 00 
        0x320  mfr=PA  hw=195  sw=133
     126.083  0x319  [8]  C0 0D 37 0D 30 11 17 00 
        0x319  chem=0  forceI=0 forceII=0  dis_en=0 chg_en=1  (byte0=0xC0)
     126.094  0x318  [8]  0D 31 0D 31 0D 30 0D 30 
     126.104  0x317  [8]  0D 37 0D 36 0D 36 0D 36 
     126.114  0x316  [8]  0D 32 0D 32 0D 32 0D 31 
     126.124  0x315  [8]  0D 35 0D 34 0D 34 0D 34 
     126.133  0x314  [8]  5B 2C 5B 40 00 07 05 3D 
        0x314  RM=233.40Ah  FCC=233.60Ah  dV=7mV  cycles=1341
     126.144  0x313  [8]  15 18 00 04 00 EA 63 63 
        0x313  Vraw=5400  -> 54.00V if 0.01V  /  540.0V if 0.1V  |  I=+0.4A  T=23.4C  SOC=99%  SOH=99
     126.155  0x312  [8]  00 00 00 00 02 00 00 00 
        0x312  prot=00 00  warn=00 00  packs=2  mfr=??  cells=0
     126.167  0x311  [8]  02 38 08 24 08 24 01 61 
        0x311  CVL=56.8V  CCL=208.4A  DCL=208.4A  status=0x0161 (chg_en=1 dis_en=1 mode=1)
     126.226  0x301  [8]  0B 16 21 2C 37 42 4D 58 
        0x301  <-- KEEPALIVE FROM THE GROWATT INVERTER.
               This payload is undocumented. Write it down.
     126.727  0x301  [8]  0B 16 21 2C 37 42 4D 58 
        0x301  <-- KEEPALIVE FROM THE GROWATT INVERTER.
               This payload is undocumented. Write it down.
     127.032  0x330  [8]  02 01 02 06 0D 37 0D 30 
     127.043  0x329  [8]  02 00 18 CB 02 00 3F 3B 
     127.052  0x323  [8]  20 0E 10 00 00 00 00 00 
     127.053  0x324  [8]  00 02 47 50 4A 30 32 31 
     127.066  0x322  [8]  01 00 00 D4 03 01 63 63 
     127.073  0x320  [8]  50 41 C3 85 85 00 00 00 
        0x320  mfr=PA  hw=195  sw=133
     127.082  0x319  [8]  C0 0D 37 0D 30 11 16 00 
        0x319  chem=0  forceI=0 forceII=0  dis_en=0 chg_en=1  (byte0=0xC0)
     127.093  0x318  [8]  0D 31 0D 30 0D 30 0D 30 
     127.103  0x317  [8]  0D 37 0D 36 0D 36 0D 36 
     127.113  0x316  [8]  0D 32 0D 32 0D 31 0D 31 
     127.123  0x315  [8]  0D 35 0D 35 0D 34 0D 34 
     127.133  0x314  [8]  5B 2C 5B 40 00 07 05 3D 
        0x314  RM=233.40Ah  FCC=233.60Ah  dV=7mV  cycles=1341
     127.143  0x313  [8]  15 18 00 04 00 EA 63 63 
        0x313  Vraw=5400  -> 54.00V if 0.01V  /  540.0V if 0.1V  |  I=+0.4A  T=23.4C  SOC=99%  SOH=99
     127.154  0x312  [8]  00 00 00 00 02 00 00 00 
        0x312  prot=00 00  warn=00 00  packs=2  mfr=??  cells=0
     127.166  0x311  [8]  02 38 08 24 08 24 01 61 
        0x311  CVL=56.8V  CCL=208.4A  DCL=208.4A  status=0x0161 (chg_en=1 dis_en=1 mode=1)
     127.226  0x301  [8]  0B 16 21 2C 37 42 4D 58 
        0x301  <-- KEEPALIVE FROM THE GROWATT INVERTER.
               This payload is undocumented. Write it down.
     127.727  0x301  [8]  0B 16 21 2C 37 42 4D 58 
        0x301  <-- KEEPALIVE FROM THE GROWATT INVERTER.
               This payload is undocumented. Write it down.
     128.031  0x330  [8]  02 01 02 06 0D 37 0D 30 
     128.042  0x329  [8]  01 00 21 38 01 00 3E 9F 
     128.052  0x323  [8]  20 0E 10 00 00 00 00 00 
     128.052  0x324  [8]  01 39 35 32 32 30 36 32 
     128.065  0x322  [8]  01 00 00 D4 03 01 63 63 
     128.072  0x320  [8]  50 41 C3 85 85 00 00 00 
        0x320  mfr=PA  hw=195  sw=133
     128.081  0x319  [8]  C0 0D 37 0D 30 11 16 00 
        0x319  chem=0  forceI=0 forceII=0  dis_en=0 chg_en=1  (byte0=0xC0)
     128.092  0x318  [8]  0D 31 0D 30 0D 30 0D 30 
     128.102  0x317  [8]  0D 37 0D 36 0D 35 0D 35 
     128.112  0x316  [8]  0D 32 0D 32 0D 31 0D 31 
     128.122  0x315  [8]  0D 35 0D 35 0D 34 0D 34 
     128.132  0x314  [8]  5B 2C 5B 40 00 07 05 3D 
        0x314  RM=233.40Ah  FCC=233.60Ah  dV=7mV  cycles=1341
     128.143  0x313  [8]  15 18 00 04 00 EA 63 63 
        0x313  Vraw=5400  -> 54.00V if 0.01V  /  540.0V if 0.1V  |  I=+0.4A  T=23.4C  SOC=99%  SOH=99
     128.154  0x312  [8]  00 00 00 00 02 00 00 00 
        0x312  prot=00 00  warn=00 00  packs=2  mfr=??  cells=0
     128.165  0x311  [8]  02 38 08 24 08 24 01 61 
        0x311  CVL=56.8V  CCL=208.4A  DCL=208.4A  status=0x0161 (chg_en=1 dis_en=1 mode=1)
     128.227  0x301  [8]  0B 16 21 2C 37 42 4D 58 
        0x301  <-- KEEPALIVE FROM THE GROWATT INVERTER.
               This payload is undocumented. Write it down.
     128.726  0x301  [8]  0B 16 21 2C 37 42 4D 58 
        0x301  <-- KEEPALIVE FROM THE GROWATT INVERTER.
               This payload is undocumented. Write it down.
     129.030  0x330  [8]  02 01 02 07 0D 37 0D 2F 
     129.041  0x329  [8]  02 00 18 CB 02 00 3F 3B 
     129.051  0x323  [8]  20 0E 10 00 00 00 00 00 
     129.051  0x324  [8]  02 42 42 37 00 00 00 00 
     129.065  0x322  [8]  01 00 00 D4 03 01 63 63 
     129.071  0x320  [8]  50 41 C3 85 85 00 00 00 
        0x320  mfr=PA  hw=195  sw=133
     129.080  0x319  [8]  C0 0D 37 0D 2F 11 17 00 
        0x319  chem=0  forceI=0 forceII=0  dis_en=0 chg_en=1  (byte0=0xC0)
     129.091  0x318  [8]  0D 31 0D 30 0D 2F 0D 2F 
     129.101  0x317  [8]  0D 37 0D 36 0D 35 0D 35 
     129.111  0x316  [8]  0D 31 0D 31 0D 31 0D 31 
     129.121  0x315  [8]  0D 35 0D 34 0D 34 0D 33 
     129.131  0x314  [8]  5B 2C 5B 40 00 08 05 3D 
        0x314  RM=233.40Ah  FCC=233.60Ah  dV=8mV  cycles=1341
     129.142  0x313  [8]  15 18 00 04 00 EA 63 63 
        0x313  Vraw=5400  -> 54.00V if 0.01V  /  540.0V if 0.1V  |  I=+0.4A  T=23.4C  SOC=99%  SOH=99
     129.153  0x312  [8]  00 00 00 00 02 00 00 00 
        0x312  prot=00 00  warn=00 00  packs=2  mfr=??  cells=0
     129.165  0x311  [8]  02 38 08 24 08 24 01 61 
        0x311  CVL=56.8V  CCL=208.4A  DCL=208.4A  status=0x0161 (chg_en=1 dis_en=1 mode=1)
     129.226  0x301  [8]  0B 16 21 2C 37 42 4D 58 
        0x301  <-- KEEPALIVE FROM THE GROWATT INVERTER.
               This payload is undocumented. Write it down.
     129.726  0x301  [8]  0B 16 21 2C 37 42 4D 58 
        0x301  <-- KEEPALIVE FROM THE GROWATT INVERTER.
               This payload is undocumented. Write it down.
     130.030  0x330  [8]  02 01 02 08 0D 37 0D 2F 
     130.040  0x329  [8]  01 00 21 38 01 00 3E 9F 
     130.050  0x323  [8]  20 0E 10 00 00 00 00 00 
     130.050  0x324  [8]  00 01 47 50 4A 30 32 31 
     130.064  0x322  [8]  01 00 00 D4 03 01 63 63 
     130.070  0x320  [8]  50 41 C3 85 85 00 00 00 
        0x320  mfr=PA  hw=195  sw=133
     130.080  0x319  [8]  C0 0D 37 0D 2F 11 18 00 
        0x319  chem=0  forceI=0 forceII=0  dis_en=0 chg_en=1  (byte0=0xC0)
     130.090  0x318  [8]  0D 31 0D 31 0D 30 0D 2F 
     130.100  0x317  [8]  0D 37 0D 36 0D 35 0D 35 
     130.110  0x316  [8]  0D 31 0D 31 0D 31 0D 31 
     130.120  0x315  [8]  0D 35 0D 35 0D 34 0D 34 
     130.130  0x314  [8]  5B 2C 5B 40 00 08 05 3D 
        0x314  RM=233.40Ah  FCC=233.60Ah  dV=8mV  cycles=1341
     130.141  0x313  [8]  15 18 00 04 00 EA 63 63 
        0x313  Vraw=5400  -> 54.00V if 0.01V  /  540.0V if 0.1V  |  I=+0.4A  T=23.4C  SOC=99%  SOH=99
     130.152  0x312  [8]  00 00 00 00 02 00 00 00 
        0x312  prot=00 00  warn=00 00  packs=2  mfr=??  cells=0
     130.164  0x311  [8]  02 38 08 24 08 24 01 61 
        0x311  CVL=56.8V  CCL=208.4A  DCL=208.4A  status=0x0161 (chg_en=1 dis_en=1 mode=1)
     130.226  0x301  [8]  0B 16 21 2C 37 42 4D 58 
        0x301  <-- KEEPALIVE FROM THE GROWATT INVERTER.
               This payload is undocumented. Write it down.
     130.726  0x301  [8]  0B 16 21 2C 37 42 4D 58 
        0x301  <-- KEEPALIVE FROM THE GROWATT INVERTER.
               This payload is undocumented. Write it down.
     131.029  0x330  [8]  02 01 02 07 0D 37 0D 2F 
     131.040  0x329  [8]  02 00 18 CB 02 00 3F 3B 
     131.050  0x323  [8]  20 0E 10 00 00 00 00 00 
     131.050  0x324  [8]  01 39 35 32 32 30 36 32 
     131.063  0x322  [8]  01 00 00 D4 03 01 63 63 
     131.070  0x320  [8]  50 41 C3 85 85 00 00 00 
        0x320  mfr=PA  hw=195  sw=133
     131.079  0x319  [8]  C0 0D 37 0D 2F 11 17 00 
        0x319  chem=0  forceI=0 forceII=0  dis_en=0 chg_en=1  (byte0=0xC0)
     131.090  0x318  [8]  0D 31 0D 30 0D 30 0D 2F 
     131.100  0x317  [8]  0D 37 0D 36 0D 35 0D 35 
     131.110  0x316  [8]  0D 32 0D 32 0D 31 0D 31 
     131.119  0x315  [8]  0D 35 0D 34 0D 34 0D 34 
     131.129  0x314  [8]  5B 2C 5B 40 00 08 05 3D 
        0x314  RM=233.40Ah  FCC=233.60Ah  dV=8mV  cycles=1341
     131.140  0x313  [8]  15 18 00 03 00 EA 63 63 
        0x313  Vraw=5400  -> 54.00V if 0.01V  /  540.0V if 0.1V  |  I=+0.3A  T=23.4C  SOC=99%  SOH=99
     131.151  0x312  [8]  00 00 00 00 02 00 00 00 
        0x312  prot=00 00  warn=00 00  packs=2  mfr=??  cells=0
     131.163  0x311  [8]  02 38 08 24 08 24 01 61 
        0x311  CVL=56.8V  CCL=208.4A  DCL=208.4A  status=0x0161 (chg_en=1 dis_en=1 mode=1)
     131.226  0x301  [8]  0B 16 21 2C 37 42 4D 58 
        0x301  <-- KEEPALIVE FROM THE GROWATT INVERTER.
               This payload is undocumented. Write it down.
     131.726  0x301  [8]  0B 16 21 2C 37 42 4D 58 
        0x301  <-- KEEPALIVE FROM THE GROWATT INVERTER.
               This payload is undocumented. Write it down.
     132.028  0x330  [8]  02 01 02 08 0D 37 0D 2F 
     132.039  0x329  [8]  01 00 21 38 01 00 3E 9F 
     132.048  0x323  [8]  20 0E 10 00 00 00 00 00 
     132.048  0x324  [8]  02 43 30 37 00 00 00 00 
     132.062  0x322  [8]  01 00 00 D4 03 01 63 63 
     132.069  0x320  [8]  50 41 C3 85 85 00 00 00 
        0x320  mfr=PA  hw=195  sw=133
     132.078  0x319  [8]  C0 0D 37 0D 2F 11 18 00 
        0x319  chem=0  forceI=0 forceII=0  dis_en=0 chg_en=1  (byte0=0xC0)
     132.089  0x318  [8]  0D 31 0D 30 0D 30 0D 2F 
     132.099  0x317  [8]  0D 37 0D 36 0D 35 0D 35 
     132.109  0x316  [8]  0D 31 0D 31 0D 31 0D 31 
     132.119  0x315  [8]  0D 35 0D 34 0D 34 0D 34 
     132.128  0x314  [8]  5B 2C 5B 40 00 08 05 3D 
        0x314  RM=233.40Ah  FCC=233.60Ah  dV=8mV  cycles=1341
     132.139  0x313  [8]  15 18 00 03 00 EA 63 63 
        0x313  Vraw=5400  -> 54.00V if 0.01V  /  540.0V if 0.1V  |  I=+0.3A  T=23.4C  SOC=99%  SOH=99
     132.150  0x312  [8]  00 00 00 00 02 00 00 00 
        0x312  prot=00 00  warn=00 00  packs=2  mfr=??  cells=0
     132.162  0x311  [8]  02 38 08 24 08 24 01 61 
        0x311  CVL=56.8V  CCL=208.4A  DCL=208.4A  status=0x0161 (chg_en=1 dis_en=1 mode=1)
     132.226  0x301  [8]  0B 16 21 2C 37 42 4D 58 
        0x301  <-- KEEPALIVE FROM THE GROWATT INVERTER.
               This payload is undocumented. Write it down.
     132.726  0x301  [8]  0B 16 21 2C 37 42 4D 58 
        0x301  <-- KEEPALIVE FROM THE GROWATT INVERTER.
               This payload is undocumented. Write it down.
     133.027  0x330  [8]  02 01 02 07 0D 37 0D 2F 
     133.038  0x329  [8]  02 00 18 CB 02 00 3F 3B 
     133.047  0x323  [8]  20 0E 10 00 00 00 00 00 
     133.048  0x324  [8]  00 02 47 50 4A 30 32 31 
     133.061  0x322  [8]  01 00 00 D4 03 01 63 63 
     133.068  0x320  [8]  50 41 C3 85 85 00 00 00 
        0x320  mfr=PA  hw=195  sw=133
     133.077  0x319  [8]  C0 0D 37 0D 2F 11 17 00 
        0x319  chem=0  forceI=0 forceII=0  dis_en=0 chg_en=1  (byte0=0xC0)
     133.088  0x318  [8]  0D 30 0D 30 0D 2F 0D 2F 
     133.098  0x317  [8]  0D 37 0D 36 0D 35 0D 35 
     133.108  0x316  [8]  0D 31 0D 31 0D 31 0D 31 
     133.118  0x315  [8]  0D 35 0D 34 0D 33 0D 33 
     133.128  0x314  [8]  5B 2C 5B 40 00 08 05 3D 
        0x314  RM=233.40Ah  FCC=233.60Ah  dV=8mV  cycles=1341
     133.138  0x313  [8]  15 18 00 03 00 EA 63 63 
        0x313  Vraw=5400  -> 54.00V if 0.01V  /  540.0V if 0.1V  |  I=+0.3A  T=23.4C  SOC=99%  SOH=99
     133.149  0x312  [8]  00 00 00 00 02 00 00 00 
        0x312  prot=00 00  warn=00 00  packs=2  mfr=??  cells=0
     133.161  0x311  [8]  02 38 08 24 08 24 01 61 
        0x311  CVL=56.8V  CCL=208.4A  DCL=208.4A  status=0x0161 (chg_en=1 dis_en=1 mode=1)
     133.226  0x301  [8]  0B 16 21 2C 37 42 4D 58 
        0x301  <-- KEEPALIVE FROM THE GROWATT INVERTER.
               This payload is undocumented. Write it down.
     133.726  0x301  [8]  0B 16 21 2C 37 42 4D 58 
        0x301  <-- KEEPALIVE FROM THE GROWATT INVERTER.
               This payload is undocumented. Write it down.
     134.027  0x330  [8]  02 01 02 08 0D 37 0D 2F 
     134.037  0x329  [8]  01 00 21 38 01 00 3E 9F 
     134.047  0x323  [8]  20 0E 10 00 00 00 00 00 
     134.047  0x324  [8]  01 39 35 32 32 30 36 32 
     134.060  0x322  [8]  01 00 00 D4 03 01 63 63 
     134.067  0x320  [8]  50 41 C3 85 85 00 00 00 
        0x320  mfr=PA  hw=195  sw=133
     134.076  0x319  [8]  C0 0D 37 0D 2F 11 18 00 
        0x319  chem=0  forceI=0 forceII=0  dis_en=0 chg_en=1  (byte0=0xC0)
     134.087  0x318  [8]  0D 30 0D 30 0D 30 0D 2F 
     134.097  0x317  [8]  0D 37 0D 35 0D 35 0D 35 
     134.107  0x316  [8]  0D 31 0D 31 0D 31 0D 31 
     134.117  0x315  [8]  0D 35 0D 34 0D 34 0D 33 
     134.127  0x314  [8]  5B 2C 5B 40 00 08 05 3D 
        0x314  RM=233.40Ah  FCC=233.60Ah  dV=8mV  cycles=1341
     134.138  0x313  [8]  15 18 00 03 00 EA 63 63 
        0x313  Vraw=5400  -> 54.00V if 0.01V  /  540.0V if 0.1V  |  I=+0.3A  T=23.4C  SOC=99%  SOH=99
     134.149  0x312  [8]  00 00 00 00 02 00 00 00 
        0x312  prot=00 00  warn=00 00  packs=2  mfr=??  cells=0
     134.160  0x311  [8]  02 38 08 24 08 24 01 61 
        0x311  CVL=56.8V  CCL=208.4A  DCL=208.4A  status=0x0161 (chg_en=1 dis_en=1 mode=1)
     134.226  0x301  [8]  0B 16 21 2C 37 42 4D 58 
        0x301  <-- KEEPALIVE FROM THE GROWATT INVERTER.
               This payload is undocumented. Write it down.
     134.726  0x301  [8]  0B 16 21 2C 37 42 4D 58 
        0x301  <-- KEEPALIVE FROM THE GROWATT INVERTER.
               This payload is undocumented. Write it down.
     135.026  0x330  [8]  02 01 02 08 0D 36 0D 2F 
     135.036  0x329  [8]  02 00 18 CB 02 00 3F 3B 
     135.046  0x323  [8]  20 0E 10 00 00 00 00 00 
     135.046  0x324  [8]  02 42 42 37 00 00 00 00 
     135.060  0x322  [8]  01 00 00 D4 03 01 63 63 
     135.066  0x320  [8]  50 41 C3 85 85 00 00 00 
        0x320  mfr=PA  hw=195  sw=133
     135.075  0x319  [8]  C0 0D 36 0D 2F 11 18 00 
        0x319  chem=0  forceI=0 forceII=0  dis_en=0 chg_en=1  (byte0=0xC0)
     135.086  0x318  [8]  0D 30 0D 30 0D 30 0D 2F 
     135.096  0x317  [8]  0D 36 0D 35 0D 35 0D 35 
     135.106  0x316  [8]  0D 31 0D 31 0D 31 0D 31 
     135.116  0x315  [8]  0D 34 0D 34 0D 34 0D 33 
     135.126  0x314  [8]  5B 2C 5B 40 00 07 05 3D 
        0x314  RM=233.40Ah  FCC=233.60Ah  dV=7mV  cycles=1341
     135.137  0x313  [8]  15 18 00 03 00 EA 63 63 
        0x313  Vraw=5400  -> 54.00V if 0.01V  /  540.0V if 0.1V  |  I=+0.3A  T=23.4C  SOC=99%  SOH=99
     135.148  0x312  [8]  00 00 00 00 02 00 00 00 
        0x312  prot=00 00  warn=00 00  packs=2  mfr=??  cells=0
     135.160  0x311  [8]  02 38 08 24 08 24 01 61 
        0x311  CVL=56.8V  CCL=208.4A  DCL=208.4A  status=0x0161 (chg_en=1 dis_en=1 mode=1)
     135.226  0x301  [8]  0B 16 21 2C 37 42 4D 58 
        0x301  <-- KEEPALIVE FROM THE GROWATT INVERTER.
               This payload is undocumented. Write it down.
     135.725  0x301  [8]  0B 16 21 2C 37 42 4D 58 
        0x301  <-- KEEPALIVE FROM THE GROWATT INVERTER.
               This payload is undocumented. Write it down.
     136.025  0x330  [8]  02 01 02 07 0D 36 0D 2F 
     136.035  0x329  [8]  01 00 21 38 01 00 3E 9F 
     136.045  0x323  [8]  20 0E 10 00 00 00 00 00 
     136.045  0x324  [8]  00 01 47 50 4A 30 32 31 
     136.059  0x322  [8]  01 00 00 D4 03 01 63 63 
     136.065  0x320  [8]  50 41 C3 85 85 00 00 00 
        0x320  mfr=PA  hw=195  sw=133
     136.075  0x319  [8]  C0 0D 36 0D 2F 11 17 00 
        0x319  chem=0  forceI=0 forceII=0  dis_en=0 chg_en=1  (byte0=0xC0)
     136.085  0x318  [8]  0D 30 0D 30 0D 2F 0D 2F 
     136.095  0x317  [8]  0D 36 0D 35 0D 35 0D 35 
     136.105  0x316  [8]  0D 31 0D 31 0D 31 0D 31 
     136.115  0x315  [8]  0D 35 0D 34 0D 33 0D 33 
     136.125  0x314  [8]  5B 2C 5B 40 00 07 05 3D 
        0x314  RM=233.40Ah  FCC=233.60Ah  dV=7mV  cycles=1341
     136.136  0x313  [8]  15 18 00 00 00 EA 63 63 
        0x313  Vraw=5400  -> 54.00V if 0.01V  /  540.0V if 0.1V  |  I=+0.0A  T=23.4C  SOC=99%  SOH=99
     136.147  0x312  [8]  00 00 00 00 02 00 00 00 
        0x312  prot=00 00  warn=00 00  packs=2  mfr=??  cells=0
     136.159  0x311  [8]  02 38 08 24 08 24 01 61 
        0x311  CVL=56.8V  CCL=208.4A  DCL=208.4A  status=0x0161 (chg_en=1 dis_en=1 mode=1)
     136.225  0x301  [8]  0B 16 21 2C 37 42 4D 58 
        0x301  <-- KEEPALIVE FROM THE GROWATT INVERTER.
               This payload is undocumented. Write it down.
     136.726  0x301  [8]  0B 16 21 2C 37 42 4D 58 
        0x301  <-- KEEPALIVE FROM THE GROWATT INVERTER.
               This payload is undocumented. Write it down.
     137.024  0x330  [8]  02 01 02 07 0D 36 0D 2F 
     137.035  0x329  [8]  02 00 18 CB 02 00 3F 3B 
     137.045  0x323  [8]  20 0E 10 00 00 00 00 00 
     137.045  0x324  [8]  01 39 35 32 32 30 36 32 
     137.058  0x322  [8]  01 00 00 D4 03 01 63 63 
     137.065  0x320  [8]  50 41 C3 85 85 00 00 00 
        0x320  mfr=PA  hw=195  sw=133
     137.074  0x319  [8]  C0 0D 36 0D 2F 11 17 00 
        0x319  chem=0  forceI=0 forceII=0  dis_en=0 chg_en=1  (byte0=0xC0)
     137.085  0x318  [8]  0D 30 0D 30 0D 2F 0D 2F 
     137.094  0x317  [8]  0D 36 0D 35 0D 35 0D 35 
     137.104  0x316  [8]  0D 31 0D 31 0D 31 0D 31 
     137.114  0x315  [8]  0D 35 0D 34 0D 33 0D 33 
     137.124  0x314  [8]  5B 2C 5B 40 00 07 05 3D 
        0x314  RM=233.40Ah  FCC=233.60Ah  dV=7mV  cycles=1341
     137.135  0x313  [8]  15 18 FF FD 00 EA 63 63 
        0x313  Vraw=5400  -> 54.00V if 0.01V  /  540.0V if 0.1V  |  I=-0.3A  T=23.4C  SOC=99%  SOH=99
     137.146  0x312  [8]  00 00 00 00 02 00 00 00 
        0x312  prot=00 00  warn=00 00  packs=2  mfr=??  cells=0
     137.158  0x311  [8]  02 38 08 24 08 24 01 61 
        0x311  CVL=56.8V  CCL=208.4A  DCL=208.4A  status=0x0161 (chg_en=1 dis_en=1 mode=1)
     137.225  0x301  [8]  0B 16 21 2C 37 42 4D 58 
        0x301  <-- KEEPALIVE FROM THE GROWATT INVERTER.
               This payload is undocumented. Write it down.

======================================================================
  7750 frames, 137 s elapsed
  ID     count   period(ms)  DLC  last payload             changing
  ----------------------------------------------------------------------
  0x301     157    874 (499-58847)  8   0B 16 21 2C 37 42 4D 58  ........
  0x330     329    414 (0-2958)  8   02 01 02 07 0D 36 0D 2F  ****.*.*
  0x329     675    201 (0-1740)  8   02 00 18 CB 02 00 3F 3B  *.***.**
  0x323     419    325 (0-1892)  8   20 0E 10 00 00 00 00 00  ........
  0x324     475    286 (0-1881)  8   01 39 35 32 32 30 36 32  ********
  0x322     666    204 (0-2522)  8   01 00 00 D4 03 01 63 63  ........
  0x320     426    319 (0-2440)  8   50 41 C3 85 85 00 00 00  ........
  0x319     385    353 (10-2346)  8   C0 0D 36 0D 2F 11 17 00  ..*.***.
  0x318     345    395 (0-2976)  8   0D 30 0D 30 0D 2F 0D 2F  .*.*.*.*
  0x317     303    449 (0-2957)  8   0D 36 0D 35 0D 35 0D 35  .*.*.*.*
  0x316     321    424 (0-2955)  8   0D 31 0D 31 0D 31 0D 31  .*.*.*.*
  0x315     677    201 (0-2143)  8   0D 35 0D 34 0D 33 0D 33  .*.*.*.*
  0x314     693    196 (0-1942)  8   5B 2C 5B 40 00 07 05 3D  .....*..
  0x313     515    264 (11-1634)  8   15 18 FF FD 00 EA 63 63  .***....
  0x312     360    378 (0-1698)  8   00 00 00 00 02 00 00 00  ........
  0x311    1004    135 (11-2465)  8   02 38 08 24 08 24 01 61  .......*
  ----------------------------------------------------------------------
  Auto-scaled pack voltage: 54.00 V  (SOC 99%)
  Cross-check this against the Growatt app before trusting it.
======================================================================

     137.725  0x301  [8]  0B 16 21 2C 37 42 4D 58 
        0x301  <-- KEEPALIVE FROM THE GROWATT INVERTER.
               This payload is undocumented. Write it down.
     138.023  0x330  [8]  02 01 02 08 0D 36 0D 2E 
     138.034  0x329  [8]  01 00 21 38 01 00 3E 9F 
     138.043  0x323  [8]  20 0E 10 00 00 00 00 00 
     138.043  0x324  [8]  02 43 30 37 00 00 00 00 
     138.057  0x322  [8]  01 00 00 D4 03 01 63 63 
     138.064  0x320  [8]  50 41 C3 85 85 00 00 00 
        0x320  mfr=PA  hw=195  sw=133
     138.073  0x319  [8]  C0 0D 36 0D 2E 11 18 00 
        0x319  chem=0  forceI=0 forceII=0  dis_en=0 chg_en=1  (byte0=0xC0)
     138.084  0x318  [8]  0D 30 0D 30 0D 2F 0D 2E 
     138.094  0x317  [8]  0D 36 0D 35 0D 35 0D 34 
     138.104  0x316  [8]  0D 31 0D 30 0D 30 0D 30 
     138.114  0x315  [8]  0D 34 0D 33 0D 33 0D 32 
     138.123  0x314  [8]  5B 2C 5B 40 00 08 05 3D 
        0x314  RM=233.40Ah  FCC=233.60Ah  dV=8mV  cycles=1341
     138.134  0x313  [8]  15 18 FF FA 00 EA 63 63 
        0x313  Vraw=5400  -> 54.00V if 0.01V  /  540.0V if 0.1V  |  I=-0.6A  T=23.4C  SOC=99%  SOH=99
     138.145  0x312  [8]  00 00 00 00 02 00 00 00 
        0x312  prot=00 00  warn=00 00  packs=2  mfr=??  cells=0
     138.157  0x311  [8]  02 38 08 24 08 24 01 61 
        0x311  CVL=56.8V  CCL=208.4A  DCL=208.4A  status=0x0161 (chg_en=1 dis_en=1 mode=1)
     138.225  0x301  [8]  0B 16 21 2C 37 42 4D 58 
        0x301  <-- KEEPALIVE FROM THE GROWATT INVERTER.
               This payload is undocumented. Write it down.
     138.726  0x301  [8]  0B 16 21 2C 37 42 4D 58 
        0x301  <-- KEEPALIVE FROM THE GROWATT INVERTER.
               This payload is undocumented. Write it down.
     139.022  0x330  [8]  02 01 02 07 0D 36 0D 2E 
     139.033  0x329  [8]  02 00 18 CB 02 00 3F 3B 
     139.042  0x323  [8]  20 0E 10 00 00 00 00 00 
     139.043  0x324  [8]  00 02 47 50 4A 30 32 31 
     139.056  0x322  [8]  01 00 00 D4 03 01 63 63 
     139.063  0x320  [8]  50 41 C3 85 85 00 00 00 
        0x320  mfr=PA  hw=195  sw=133
     139.072  0x319  [8]  C0 0D 36 0D 2E 11 17 00 
        0x319  chem=0  forceI=0 forceII=0  dis_en=0 chg_en=1  (byte0=0xC0)
     139.083  0x318  [8]  0D 30 0D 2F 0D 2E 0D 2E 
     139.093  0x317  [8]  0D 36 0D 35 0D 34 0D 34 
     139.103  0x316  [8]  0D 31 0D 30 0D 30 0D 30 
     139.113  0x315  [8]  0D 34 0D 33 0D 33 0D 33 
     139.122  0x314  [8]  5B 2C 5B 40 00 08 05 3D 
        0x314  RM=233.40Ah  FCC=233.60Ah  dV=8mV  cycles=1341
     139.133  0x313  [8]  15 18 FF FB 00 EA 63 63 
        0x313  Vraw=5400  -> 54.00V if 0.01V  /  540.0V if 0.1V  |  I=-0.5A  T=23.4C  SOC=99%  SOH=99
     139.144  0x312  [8]  00 00 00 00 02 00 00 00 
        0x312  prot=00 00  warn=00 00  packs=2  mfr=??  cells=0
     139.156  0x311  [8]  02 38 08 24 08 24 01 61 
        0x311  CVL=56.8V  CCL=208.4A  DCL=208.4A  status=0x0161 (chg_en=1 dis_en=1 mode=1)
     139.225  0x301  [8]  0B 16 21 2C 37 42 4D 58 
        0x301  <-- KEEPALIVE FROM THE GROWATT INVERTER.
               This payload is undocumented. Write it down.
     139.726  0x301  [8]  0B 16 21 2C 37 42 4D 58 
        0x301  <-- KEEPALIVE FROM THE GROWATT INVERTER.
               This payload is undocumented. Write it down.
     140.021  0x330  [8]  02 01 02 07 0D 36 0D 2E 
     140.032  0x329  [8]  01 00 21 38 01 00 3E 9F 
     140.042  0x323  [8]  20 0E 10 00 00 00 00 00 
     140.042  0x324  [8]  01 39 35 32 32 30 36 32 
     140.055  0x322  [8]  01 00 00 D4 03 01 63 63 
     140.062  0x320  [8]  50 41 C3 85 85 00 00 00 
        0x320  mfr=PA  hw=195  sw=133
     140.071  0x319  [8]  C0 0D 36 0D 2E 11 17 00 
        0x319  chem=0  forceI=0 forceII=0  dis_en=0 chg_en=1  (byte0=0xC0)
     140.082  0x318  [8]  0D 30 0D 2F 0D 2E 0D 2E 
     140.092  0x317  [8]  0D 36 0D 35 0D 34 0D 34 
     140.102  0x316  [8]  0D 31 0D 30 0D 30 0D 30 
     140.112  0x315  [8]  0D 34 0D 33 0D 33 0D 33 
     140.122  0x314  [8]  5B 2C 5B 40 00 08 05 3D 
        0x314  RM=233.40Ah  FCC=233.60Ah  dV=8mV  cycles=1341
     140.133  0x313  [8]  15 18 00 00 00 EA 63 63 
        0x313  Vraw=5400  -> 54.00V if 0.01V  /  540.0V if 0.1V  |  I=+0.0A  T=23.4C  SOC=99%  SOH=99
     140.144  0x312  [8]  00 00 00 00 02 00 00 00 
        0x312  prot=00 00  warn=00 00  packs=2  mfr=??  cells=0
     140.155  0x311  [8]  02 38 08 24 08 24 01 61 
        0x311  CVL=56.8V  CCL=208.4A  DCL=208.4A  status=0x0161 (chg_en=1 dis_en=1 mode=1)
     140.225  0x301  [8]  0B 16 21 2C 37 42 4D 58 
        0x301  <-- KEEPALIVE FROM THE GROWATT INVERTER.
               This payload is undocumented. Write it down.
     140.725  0x301  [8]  0B 16 21 2C 37 42 4D 58 
        0x301  <-- KEEPALIVE FROM THE GROWATT INVERTER.
               This payload is undocumented. Write it down.
     141.020  0x330  [8]  02 01 02 06 0D 36 0D 2F 
     141.031  0x329  [8]  02 00 18 CB 02 00 3F 3B 
     141.041  0x323  [8]  20 0E 10 00 00 00 00 00 
     141.041  0x324  [8]  02 42 42 37 00 00 00 00 
     141.055  0x322  [8]  01 00 00 D4 03 01 63 63 
     141.061  0x320  [8]  50 41 C3 85 85 00 00 00 
        0x320  mfr=PA  hw=195  sw=133
     141.070  0x319  [8]  C0 0D 36 0D 2F 11 16 00 
        0x319  chem=0  forceI=0 forceII=0  dis_en=0 chg_en=1  (byte0=0xC0)
     141.081  0x318  [8]  0D 30 0D 2F 0D 2F 0D 2F 
     141.091  0x317  [8]  0D 36 0D 35 0D 34 0D 34 
     141.101  0x316  [8]  0D 31 0D 30 0D 30 0D 30 
     141.111  0x315  [8]  0D 34 0D 33 0D 33 0D 33 
     141.121  0x314  [8]  5B 2C 5B 40 00 07 05 3D 
        0x314  RM=233.40Ah  FCC=233.60Ah  dV=7mV  cycles=1341
     141.132  0x313  [8]  15 18 FF FD 00 EA 63 63 
        0x313  Vraw=5400  -> 54.00V if 0.01V  /  540.0V if 0.1V  |  I=-0.3A  T=23.4C  SOC=99%  SOH=99
     141.143  0x312  [8]  00 00 00 00 02 00 00 00 
        0x312  prot=00 00  warn=00 00  packs=2  mfr=??  cells=0
     141.155  0x311  [8]  02 38 08 24 08 24 01 61 
        0x311  CVL=56.8V  CCL=208.4A  DCL=208.4A  status=0x0161 (chg_en=1 dis_en=1 mode=1)
     141.225  0x301  [8]  0B 16 21 2C 37 42 4D 58 
        0x301  <-- KEEPALIVE FROM THE GROWATT INVERTER.
               This payload is undocumented. Write it down.
     141.725  0x301  [8]  0B 16 21 2C 37 42 4D 58 
        0x301  <-- KEEPALIVE FROM THE GROWATT INVERTER.
               This payload is undocumented. Write it down.
     142.020  0x330  [8]  02 01 02 08 0D 36 0D 2E 
     142.030  0x329  [8]  01 00 21 38 01 00 3E 9F 
     142.040  0x323  [8]  20 0E 10 00 00 00 00 00 
     142.040  0x324  [8]  00 01 47 50 4A 30 32 31 
     142.054  0x322  [8]  01 00 00 D4 03 01 63 63 
     142.060  0x320  [8]  50 41 C3 85 85 00 00 00 
        0x320  mfr=PA  hw=195  sw=133
     142.070  0x319  [8]  C0 0D 36 0D 2E 11 18 00 
        0x319  chem=0  forceI=0 forceII=0  dis_en=0 chg_en=1  (byte0=0xC0)
     142.080  0x318  [8]  0D 2F 0D 2F 0D 2F 0D 2E 
     142.090  0x317  [8]  0D 36 0D 35 0D 34 0D 34 
     142.100  0x316  [8]  0D 30 0D 30 0D 30 0D 30 
     142.110  0x315  [8]  0D 33 0D 32 0D 32 0D 32 
     142.120  0x314  [8]  5B 2C 5B 40 00 08 05 3D 
        0x314  RM=233.40Ah  FCC=233.60Ah  dV=8mV  cycles=1341
     142.131  0x313  [8]  15 18 FF F7 00 EA 63 63 
        0x313  Vraw=5400  -> 54.00V if 0.01V  /  540.0V if 0.1V  |  I=-0.9A  T=23.4C  SOC=99%  SOH=99
     142.142  0x312  [8]  00 00 00 00 02 00 00 00 
        0x312  prot=00 00  warn=00 00  packs=2  mfr=??  cells=0
     142.154  0x311  [8]  02 38 08 24 08 24 01 61 
        0x311  CVL=56.8V  CCL=208.4A  DCL=208.4A  status=0x0161 (chg_en=1 dis_en=1 mode=1)
     142.225  0x301  [8]  0B 16 21 2C 37 42 4D 58 
        0x301  <-- KEEPALIVE FROM THE GROWATT INVERTER.
               This payload is undocumented. Write it down.
     142.725  0x301  [8]  0B 16 21 2C 37 42 4D 58 
        0x301  <-- KEEPALIVE FROM THE GROWATT INVERTER.
               This payload is undocumented. Write it down.
     143.019  0x330  [8]  02 01 02 06 0D 35 0D 2E 
     143.030  0x329  [8]  02 00 18 CB 02 00 3F 3B 
     143.040  0x323  [8]  20 0E 10 00 00 00 00 00 
     143.040  0x324  [8]  01 39 35 32 32 30 36 32 
     143.053  0x322  [8]  01 00 00 D4 03 01 63 63 
     143.060  0x320  [8]  50 41 C3 85 85 00 00 00 
        0x320  mfr=PA  hw=195  sw=133
     143.069  0x319  [8]  C0 0D 35 0D 2E 11 16 00 
        0x319  chem=0  forceI=0 forceII=0  dis_en=0 chg_en=1  (byte0=0xC0)
     143.080  0x318  [8]  0D 2F 0D 2E 0D 2E 0D 2E 
     143.089  0x317  [8]  0D 35 0D 33 0D 33 0D 33 
     143.099  0x316  [8]  0D 30 0D 30 0D 30 0D 30 
     143.109  0x315  [8]  0D 34 0D 32 0D 32 0D 32 
     143.119  0x314  [8]  5B 2C 5B 40 00 07 05 3D 
        0x314  RM=233.40Ah  FCC=233.60Ah  dV=7mV  cycles=1341
     143.130  0x313  [8]  15 18 FF F7 00 EA 63 63 
        0x313  Vraw=5400  -> 54.00V if 0.01V  /  540.0V if 0.1V  |  I=-0.9A  T=23.4C  SOC=99%  SOH=99
     143.141  0x312  [8]  00 00 00 00 02 00 00 00 
        0x312  prot=00 00  warn=00 00  packs=2  mfr=??  cells=0
     143.153  0x311  [8]  02 38 08 24 08 24 01 61 
        0x311  CVL=56.8V  CCL=208.4A  DCL=208.4A  status=0x0161 (chg_en=1 dis_en=1 mode=1)
     143.225  0x301  [8]  0B 16 21 2C 37 42 4D 58 
        0x301  <-- KEEPALIVE FROM THE GROWATT INVERTER.
               This payload is undocumented. Write it down.
     143.725  0x301  [8]  0B 16 21 2C 37 42 4D 58 
        0x301  <-- KEEPALIVE FROM THE GROWATT INVERTER.
               This payload is undocumented. Write it down.
     144.018  0x330  [8]  02 01 02 07 0D 36 0D 2E 
     144.029  0x329  [8]  01 00 21 38 01 00 3E 9F 
     144.038  0x323  [8]  20 0E 10 00 00 00 00 00 
     144.038  0x324  [8]  02 43 30 37 00 00 00 00 
     144.052  0x322  [8]  01 00 00 D4 03 01 63 63 
     144.059  0x320  [8]  50 41 C3 85 85 00 00 00 
        0x320  mfr=PA  hw=195  sw=133
     144.068  0x319  [8]  C0 0D 36 0D 2E 11 17 00 
        0x319  chem=0  forceI=0 forceII=0  dis_en=0 chg_en=1  (byte0=0xC0)
     144.079  0x318  [8]  0D 2F 0D 2F 0D 2E 0D 2E 
     144.089  0x317  [8]  0D 36 0D 34 0D 34 0D 34 
     144.099  0x316  [8]  0D 30 0D 30 0D 30 0D 30 
     144.109  0x315  [8]  0D 33 0D 33 0D 33 0D 32 
     144.118  0x314  [8]  5B 2C 5B 40 00 08 05 3D 
        0x314  RM=233.40Ah  FCC=233.60Ah  dV=8mV  cycles=1341
     144.129  0x313  [8]  15 18 00 00 00 EA 63 63 
        0x313  Vraw=5400  -> 54.00V if 0.01V  /  540.0V if 0.1V  |  I=+0.0A  T=23.4C  SOC=99%  SOH=99
     144.140  0x312  [8]  00 00 00 00 02 00 00 00 
        0x312  prot=00 00  warn=00 00  packs=2  mfr=??  cells=0
     144.152  0x311  [8]  02 38 08 24 08 24 01 61 
        0x311  CVL=56.8V  CCL=208.4A  DCL=208.4A  status=0x0161 (chg_en=1 dis_en=1 mode=1)
     144.225  0x301  [8]  0B 16 21 2C 37 42 4D 58 
        0x301  <-- KEEPALIVE FROM THE GROWATT INVERTER.
               This payload is undocumented. Write it down.
     144.725  0x301  [8]  0B 16 21 2C 37 42 4D 58 
        0x301  <-- KEEPALIVE FROM THE GROWATT INVERTER.
               This payload is undocumented. Write it down.
     145.017  0x330  [8]  02 01 02 07 0D 35 0D 2E 
     145.028  0x329  [8]  02 00 18 CB 02 00 3F 3B 
     145.037  0x323  [8]  20 0E 10 00 00 00 00 00 
     145.038  0x324  [8]  00 02 47 50 4A 30 32 31 
     145.051  0x322  [8]  01 00 00 D4 03 01 63 63 
     145.058  0x320  [8]  50 41 C3 85 85 00 00 00 
        0x320  mfr=PA  hw=195  sw=133
     145.067  0x319  [8]  C0 0D 35 0D 2E 11 17 00 
        0x319  chem=0  forceI=0 forceII=0  dis_en=0 chg_en=1  (byte0=0xC0)
     145.078  0x318  [8]  0D 2F 0D 2F 0D 2E 0D 2E 
     145.088  0x317  [8]  0D 35 0D 34 0D 34 0D 34 
     145.098  0x316  [8]  0D 30 0D 30 0D 30 0D 30 
     145.108  0x315  [8]  0D 33 0D 33 0D 32 0D 32 
     145.117  0x314  [8]  5B 2C 5B 40 00 07 05 3D 
        0x314  RM=233.40Ah  FCC=233.60Ah  dV=7mV  cycles=1341
     145.128  0x313  [8]  15 18 00 00 00 EA 63 63 
        0x313  Vraw=5400  -> 54.00V if 0.01V  /  540.0V if 0.1V  |  I=+0.0A  T=23.4C  SOC=99%  SOH=99
     145.139  0x312  [8]  00 00 00 00 02 00 00 00 
        0x312  prot=00 00  warn=00 00  packs=2  mfr=??  cells=0
     145.151  0x311  [8]  02 38 08 24 08 24 01 61 
        0x311  CVL=56.8V  CCL=208.4A  DCL=208.4A  status=0x0161 (chg_en=1 dis_en=1 mode=1)
     145.225  0x301  [8]  0B 16 21 2C 37 42 4D 58 
        0x301  <-- KEEPALIVE FROM THE GROWATT INVERTER.
               This payload is undocumented. Write it down.
     145.725  0x301  [8]  0B 16 21 2C 37 42 4D 58 
        0x301  <-- KEEPALIVE FROM THE GROWATT INVERTER.
               This payload is undocumented. Write it down.
     146.016  0x330  [8]  02 01 02 07 0D 35 0D 2E 
     146.027  0x329  [8]  01 00 21 38 01 00 3E 9F 
     146.037  0x323  [8]  20 0E 10 00 00 00 00 00 
     146.037  0x324  [8]  01 39 35 32 32 30 36 32 
     146.050  0x322  [8]  01 00 00 D4 03 01 63 63 
     146.057  0x320  [8]  50 41 C3 85 85 00 00 00 
        0x320  mfr=PA  hw=195  sw=133
     146.066  0x319  [8]  C0 0D 35 0D 2E 11 17 00 
        0x319  chem=0  forceI=0 forceII=0  dis_en=0 chg_en=1  (byte0=0xC0)
     146.077  0x318  [8]  0D 2F 0D 2F 0D 2E 0D 2E 
     146.087  0x317  [8]  0D 35 0D 34 0D 34 0D 34 
     146.097  0x316  [8]  0D 30 0D 30 0D 30 0D 2F 
     146.107  0x315  [8]  0D 34 0D 32 0D 32 0D 32 
     146.117  0x314  [8]  5B 2C 5B 40 00 07 05 3D 
        0x314  RM=233.40Ah  FCC=233.60Ah  dV=7mV  cycles=1341
     146.128  0x313  [8]  15 18 00 00 00 EA 63 63 
        0x313  Vraw=5400  -> 54.00V if 0.01V  /  540.0V if 0.1V  |  I=+0.0A  T=23.4C  SOC=99%  SOH=99
     146.139  0x312  [8]  00 00 00 00 02 00 00 00 
        0x312  prot=00 00  warn=00 00  packs=2  mfr=??  cells=0
     146.150  0x311  [8]  02 38 08 24 08 24 01 61 
        0x311  CVL=56.8V  CCL=208.4A  DCL=208.4A  status=0x0161 (chg_en=1 dis_en=1 mode=1)
     146.225  0x301  [8]  0B 16 21 2C 37 42 4D 58 
        0x301  <-- KEEPALIVE FROM THE GROWATT INVERTER.
               This payload is undocumented. Write it down.
     146.725  0x301  [8]  0B 16 21 2C 37 42 4D 58 
        0x301  <-- KEEPALIVE FROM THE GROWATT INVERTER.
               This payload is undocumented. Write it down.
     147.016  0x330  [8]  02 01 02 07 0D 35 0D 2E 
     147.026  0x329  [8]  02 00 18 CB 02 00 3F 3B 
     147.036  0x323  [8]  20 0E 10 00 00 00 00 00 
     147.036  0x324  [8]  02 42 42 37 00 00 00 00 
     147.050  0x322  [8]  01 00 00 D4 03 01 63 63 
     147.056  0x320  [8]  50 41 C3 85 85 00 00 00 
        0x320  mfr=PA  hw=195  sw=133
     147.065  0x319  [8]  C0 0D 35 0D 2E 11 17 00 
        0x319  chem=0  forceI=0 forceII=0  dis_en=0 chg_en=1  (byte0=0xC0)
     147.076  0x318  [8]  0D 2F 0D 2F 0D 2E 0D 2E 
     147.086  0x317  [8]  0D 35 0D 34 0D 33 0D 33 
     147.096  0x316  [8]  0D 30 0D 30 0D 30 0D 30 
     147.106  0x315  [8]  0D 33 0D 33 0D 32 0D 32 
     147.116  0x314  [8]  5B 2C 5B 40 00 07 05 3D 
        0x314  RM=233.40Ah  FCC=233.60Ah  dV=7mV  cycles=1341
     147.127  0x313  [8]  15 18 00 00 00 EA 63 63 
        0x313  Vraw=5400  -> 54.00V if 0.01V  /  540.0V if 0.1V  |  I=+0.0A  T=23.4C  SOC=99%  SOH=99
     147.138  0x312  [8]  00 00 00 00 02 00 00 00 
        0x312  prot=00 00  warn=00 00  packs=2  mfr=??  cells=0
     147.150  0x311  [8]  02 38 08 24 08 24 01 61 
        0x311  CVL=56.8V  CCL=208.4A  DCL=208.4A  status=0x0161 (chg_en=1 dis_en=1 mode=1)
     147.225  0x301  [8]  0B 16 21 2C 37 42 4D 58 
        0x301  <-- KEEPALIVE FROM THE GROWATT INVERTER.
               This payload is undocumented. Write it down.
     147.724  0x301  [8]  0B 16 21 2C 37 42 4D 58 
        0x301  <-- KEEPALIVE FROM THE GROWATT INVERTER.
               This payload is undocumented. Write it down.
     148.015  0x330  [8]  02 01 02 07 0D 35 0D 2E 
     148.025  0x329  [8]  01 00 21 38 01 00 3E 9F 
     148.035  0x323  [8]  20 0E 10 00 00 00 00 00 
     148.035  0x324  [8]  00 01 47 50 4A 30 32 31 
     148.049  0x322  [8]  01 00 00 D4 03 01 63 63 
     148.055  0x320  [8]  50 41 C3 85 85 00 00 00 
        0x320  mfr=PA  hw=195  sw=133
     148.065  0x319  [8]  C0 0D 35 0D 2E 11 17 00 
        0x319  chem=0  forceI=0 forceII=0  dis_en=0 chg_en=1  (byte0=0xC0)
     148.075  0x318  [8]  0D 2F 0D 2F 0D 2E 0D 2E 
     148.085  0x317  [8]  0D 35 0D 34 0D 34 0D 34 
     148.095  0x316  [8]  0D 30 0D 30 0D 30 0D 30 
     148.105  0x315  [8]  0D 33 0D 32 0D 32 0D 32 
     148.115  0x314  [8]  5B 2C 5B 40 00 07 05 3D 
        0x314  RM=233.40Ah  FCC=233.60Ah  dV=7mV  cycles=1341
     148.126  0x313  [8]  15 18 00 00 00 EA 63 63 
        0x313  Vraw=5400  -> 54.00V if 0.01V  /  540.0V if 0.1V  |  I=+0.0A  T=23.4C  SOC=99%  SOH=99
     148.137  0x312  [8]  00 00 00 00 02 00 00 00 
        0x312  prot=00 00  warn=00 00  packs=2  mfr=??  cells=0
     148.149  0x311  [8]  02 38 08 24 08 24 01 61 
        0x311  CVL=56.8V  CCL=208.4A  DCL=208.4A  status=0x0161 (chg_en=1 dis_en=1 mode=1)
     148.225  0x301  [8]  0B 16 21 2C 37 42 4D 58 
        0x301  <-- KEEPALIVE FROM THE GROWATT INVERTER.
               This payload is undocumented. Write it down.
     148.724  0x301  [8]  0B 16 21 2C 37 42 4D 58 
        0x301  <-- KEEPALIVE FROM THE GROWATT INVERTER.
               This payload is undocumented. Write it down.
     149.014  0x330  [8]  02 01 02 07 0D 35 0D 2E 
     149.025  0x329  [8]  02 00 18 CB 02 00 3F 3B 
     149.035  0x323  [8]  20 0E 10 00 00 00 00 00 
     149.035  0x324  [8]  01 39 35 32 32 30 36 32 
     149.048  0x322  [8]  01 00 00 D4 03 01 63 63 
     149.055  0x320  [8]  50 41 C3 85 85 00 00 00 
        0x320  mfr=PA  hw=195  sw=133
     149.064  0x319  [8]  C0 0D 35 0D 2E 11 17 00 
        0x319  chem=0  forceI=0 forceII=0  dis_en=0 chg_en=1  (byte0=0xC0)
     149.075  0x318  [8]  0D 2F 0D 2F 0D 2E 0D 2E 
     149.084  0x317  [8]  0D 35 0D 34 0D 34 0D 33 
     149.094  0x316  [8]  0D 30 0D 30 0D 30 0D 2F 
     149.104  0x315  [8]  0D 33 0D 32 0D 32 0D 32 
     149.114  0x314  [8]  5B 2C 5B 40 00 07 05 3D 
        0x314  RM=233.40Ah  FCC=233.60Ah  dV=7mV  cycles=1341
     149.125  0x313  [8]  15 18 00 00 00 EA 63 63 
        0x313  Vraw=5400  -> 54.00V if 0.01V  /  540.0V if 0.1V  |  I=+0.0A  T=23.4C  SOC=99%  SOH=99
     149.136  0x312  [8]  00 00 00 00 02 00 00 00 
        0x312  prot=00 00  warn=00 00  packs=2  mfr=??  cells=0
     149.148  0x311  [8]  02 38 08 24 08 24 01 61 
        0x311  CVL=56.8V  CCL=208.4A  DCL=208.4A  status=0x0161 (chg_en=1 dis_en=1 mode=1)
     149.224  0x301  [8]  0B 16 21 2C 37 42 4D 58 
        0x301  <-- KEEPALIVE FROM THE GROWATT INVERTER.
               This payload is undocumented. Write it down.
     149.725  0x301  [8]  0B 16 21 2C 37 42 4D 58 
        0x301  <-- KEEPALIVE FROM THE GROWATT INVERTER.
               This payload is undocumented. Write it down.
     150.013  0x330  [8]  02 01 02 07 0D 35 0D 2D 
     150.024  0x329  [8]  01 00 21 38 01 00 3E 9F 
     150.034  0x323  [8]  20 0E 10 00 00 00 00 00 
     150.034  0x324  [8]  02 43 30 37 00 00 00 00 
     150.047  0x322  [8]  01 00 00 D4 03 01 63 63 
     150.054  0x320  [8]  50 41 C3 85 85 00 00 00 
        0x320  mfr=PA  hw=195  sw=133
     150.063  0x319  [8]  C0 0D 35 0D 2D 11 17 00 
        0x319  chem=0  forceI=0 forceII=0  dis_en=0 chg_en=1  (byte0=0xC0)
     150.074  0x318  [8]  0D 2F 0D 2E 0D 2E 0D 2D 
     150.084  0x317  [8]  0D 35 0D 34 0D 33 0D 33 
     150.094  0x316  [8]  0D 30 0D 30 0D 30 0D 2F 
     150.104  0x315  [8]  0D 33 0D 32 0D 32 0D 32 
     150.113  0x314  [8]  5B 2C 5B 40 00 08 05 3D 
        0x314  RM=233.40Ah  FCC=233.60Ah  dV=8mV  cycles=1341
     150.124  0x313  [8]  15 18 00 00 00 EA 63 63 
        0x313  Vraw=5400  -> 54.00V if 0.01V  /  540.0V if 0.1V  |  I=+0.0A  T=23.4C  SOC=99%  SOH=99
     150.135  0x312  [8]  00 00 00 00 02 00 00 00 
        0x312  prot=00 00  warn=00 00  packs=2  mfr=??  cells=0
     150.147  0x311  [8]  02 38 08 24 08 24 01 61 
        0x311  CVL=56.8V  CCL=208.4A  DCL=208.4A  status=0x0161 (chg_en=1 dis_en=1 mode=1)
     150.224  0x301  [8]  0B 16 21 2C 37 42 4D 58 
        0x301  <-- KEEPALIVE FROM THE GROWATT INVERTER.
               This payload is undocumented. Write it down.
     150.725  0x301  [8]  0B 16 21 2C 37 42 4D 58 
        0x301  <-- KEEPALIVE FROM THE GROWATT INVERTER.
               This payload is undocumented. Write it down.
     151.012  0x330  [8]  02 01 02 07 0D 35 0D 2D 
     151.023  0x329  [8]  02 00 18 CB 02 00 3F 3B 
     151.032  0x323  [8]  20 0E 10 00 00 00 00 00 
     151.033  0x324  [8]  00 02 47 50 4A 30 32 31 
     151.046  0x322  [8]  01 00 00 D4 03 01 63 63 
     151.053  0x320  [8]  50 41 C3 85 85 00 00 00 
        0x320  mfr=PA  hw=195  sw=133
     151.062  0x319  [8]  C0 0D 35 0D 2D 11 17 00 
        0x319  chem=0  forceI=0 forceII=0  dis_en=0 chg_en=1  (byte0=0xC0)
     151.073  0x318  [8]  0D 2F 0D 2E 0D 2E 0D 2D 
     151.083  0x317  [8]  0D 35 0D 33 0D 33 0D 33 
     151.093  0x316  [8]  0D 30 0D 30 0D 2F 0D 2F 
     151.103  0x315  [8]  0D 33 0D 32 0D 32 0D 32 
     151.112  0x314  [8]  5B 2C 5B 40 00 08 05 3D 
        0x314  RM=233.40Ah  FCC=233.60Ah  dV=8mV  cycles=1341
     151.123  0x313  [8]  15 18 00 00 00 EA 63 63 
        0x313  Vraw=5400  -> 54.00V if 0.01V  /  540.0V if 0.1V  |  I=+0.0A  T=23.4C  SOC=99%  SOH=99
     151.134  0x312  [8]  00 00 00 00 02 00 00 00 
        0x312  prot=00 00  warn=00 00  packs=2  mfr=??  cells=0
     151.146  0x311  [8]  02 38 08 24 08 24 01 61 
        0x311  CVL=56.8V  CCL=208.4A  DCL=208.4A  status=0x0161 (chg_en=1 dis_en=1 mode=1)
     151.224  0x301  [8]  0B 16 21 2C 37 42 4D 58 
        0x301  <-- KEEPALIVE FROM THE GROWATT INVERTER.
               This payload is undocumented. Write it down.
     151.725  0x301  [8]  0B 16 21 2C 37 42 4D 58 
        0x301  <-- KEEPALIVE FROM THE GROWATT INVERTER.
               This payload is undocumented. Write it down.
     152.011  0x330  [8]  02 01 02 06 0D 35 0D 2E 
     152.022  0x329  [8]  01 00 21 38 01 00 3E 9F 
     152.032  0x323  [8]  20 0E 10 00 00 00 00 00 
     152.032  0x324  [8]  01 39 35 32 32 30 36 32 
     152.045  0x322  [8]  01 00 00 D4 03 01 63 63 
     152.052  0x320  [8]  50 41 C3 85 85 00 00 00 
        0x320  mfr=PA  hw=195  sw=133
     152.061  0x319  [8]  C0 0D 35 0D 2E 11 16 00 
        0x319  chem=0  forceI=0 forceII=0  dis_en=0 chg_en=1  (byte0=0xC0)
     152.072  0x318  [8]  0D 2F 0D 2E 0D 2E 0D 2E 
     152.082  0x317  [8]  0D 35 0D 34 0D 33 0D 33 
     152.092  0x316  [8]  0D 30 0D 30 0D 2F 0D 2F 
     152.102  0x315  [8]  0D 33 0D 32 0D 32 0D 32 
     152.112  0x314  [8]  5B 2C 5B 40 00 07 05 3D 
        0x314  RM=233.40Ah  FCC=233.60Ah  dV=7mV  cycles=1341
     152.123  0x313  [8]  15 18 00 00 00 EA 63 63 
        0x313  Vraw=5400  -> 54.00V if 0.01V  /  540.0V if 0.1V  |  I=+0.0A  T=23.4C  SOC=99%  SOH=99
     152.134  0x312  [8]  00 00 00 00 02 00 00 00 
        0x312  prot=00 00  warn=00 00  packs=2  mfr=??  cells=0
     152.145  0x311  [8]  02 38 08 24 08 24 01 61 
        0x311  CVL=56.8V  CCL=208.4A  DCL=208.4A  status=0x0161 (chg_en=1 dis_en=1 mode=1)
     152.224  0x301  [8]  0B 16 21 2C 37 42 4D 58 
        0x301  <-- KEEPALIVE FROM THE GROWATT INVERTER.
               This payload is undocumented. Write it down.

======================================================================
  8005 frames, 152 s elapsed
  ID     count   period(ms)  DLC  last payload             changing
  ----------------------------------------------------------------------
  0x301     187    813 (499-58847)  8   0B 16 21 2C 37 42 4D 58  ........
  0x330     344    439 (0-2958)  8   02 01 02 06 0D 35 0D 2E  ****.*.*
  0x329     690    218 (0-1740)  8   01 00 21 38 01 00 3E 9F  *.***.**
  0x323     434    348 (0-1892)  8   20 0E 10 00 00 00 00 00  ........
  0x324     490    308 (0-1881)  8   01 39 35 32 32 30 36 32  ********
  0x322     681    221 (0-2522)  8   01 00 00 D4 03 01 63 63  ........
  0x320     441    342 (0-2440)  8   50 41 C3 85 85 00 00 00  ........
  0x319     400    378 (10-2346)  8   C0 0D 35 0D 2E 11 16 00  ..*.***.
  0x318     360    420 (0-2976)  8   0D 2F 0D 2E 0D 2E 0D 2E  .*.*.*.*
  0x317     318    475 (0-2957)  8   0D 35 0D 34 0D 33 0D 33  .*.*.*.*
  0x316     336    450 (0-2955)  8   0D 30 0D 30 0D 2F 0D 2F  .*.*.*.*
  0x315     692    218 (0-2143)  8   0D 33 0D 32 0D 32 0D 32  .*.*.*.*
  0x314     708    213 (0-1942)  8   5B 2C 5B 40 00 07 05 3D  .....*..
  0x313     530    285 (11-1634)  8   15 18 00 00 00 EA 63 63  .***....
  0x312     375    403 (0-1698)  8   00 00 00 00 02 00 00 00  ........
  0x311    1019    148 (11-2465)  8   02 38 08 24 08 24 01 61  .......*
  ----------------------------------------------------------------------
  Auto-scaled pack voltage: 54.00 V  (SOC 99%)
  Cross-check this against the Growatt app before trusting it.
======================================================================

     152.724  0x301  [8]  0B 16 21 2C 37 42 4D 58 
        0x301  <-- KEEPALIVE FROM THE GROWATT INVERTER.
               This payload is undocumented. Write it down.
     153.010  0x330  [8]  02 01 02 06 0D 35 0D 2E 
     153.021  0x329  [8]  02 00 18 CB 02 00 3F 3B 
     153.031  0x323  [8]  20 0E 10 00 00 00 00 00 
     153.031  0x324  [8]  02 42 42 37 00 00 00 00 
     153.045  0x322  [8]  01 00 00 D4 03 01 63 63 
     153.051  0x320  [8]  50 41 C3 85 85 00 00 00 
        0x320  mfr=PA  hw=195  sw=133
     153.060  0x319  [8]  C0 0D 35 0D 2E 11 16 00 
        0x319  chem=0  forceI=0 forceII=0  dis_en=0 chg_en=1  (byte0=0xC0)
     153.071  0x318  [8]  0D 2F 0D 2E 0D 2E 0D 2E 
     153.081  0x317  [8]  0D 35 0D 33 0D 33 0D 33 
     153.091  0x316  [8]  0D 30 0D 30 0D 30 0D 2F 
     153.101  0x315  [8]  0D 33 0D 32 0D 32 0D 32 
     153.111  0x314  [8]  5B 2C 5B 40 00 07 05 3D 
        0x314  RM=233.40Ah  FCC=233.60Ah  dV=7mV  cycles=1341
     153.122  0x313  [8]  15 18 00 00 00 EA 63 63 
        0x313  Vraw=5400  -> 54.00V if 0.01V  /  540.0V if 0.1V  |  I=+0.0A  T=23.4C  SOC=99%  SOH=99
     153.133  0x312  [8]  00 00 00 00 02 00 00 00 
        0x312  prot=00 00  warn=00 00  packs=2  mfr=??  cells=0
     153.145  0x311  [8]  02 38 08 24 08 24 01 61 
        0x311  CVL=56.8V  CCL=208.4A  DCL=208.4A  status=0x0161 (chg_en=1 dis_en=1 mode=1)
     153.226  0x301  [8]  0B 16 21 2C 37 42 4D 58 
        0x301  <-- KEEPALIVE FROM THE GROWATT INVERTER.
               This payload is undocumented. Write it down.
     153.730  0x301  [8]  0B 16 21 2C 37 42 4D 58 
        0x301  <-- KEEPALIVE FROM THE GROWATT INVERTER.
               This payload is undocumented. Write it down.
     154.010  0x330  [8]  02 01 02 07 0D 34 0D 2D 
     154.020  0x329  [8]  01 00 21 38 01 00 3E 9F 
     154.030  0x323  [8]  20 0E 10 00 00 00 00 00 
     154.030  0x324  [8]  00 01 47 50 4A 30 32 31 
     154.044  0x322  [8]  01 00 00 D4 03 01 63 63 
     154.050  0x320  [8]  50 41 C3 85 85 00 00 00 
        0x320  mfr=PA  hw=195  sw=133
     154.060  0x319  [8]  C0 0D 34 0D 2D 11 17 00 
        0x319  chem=0  forceI=0 forceII=0  dis_en=0 chg_en=1  (byte0=0xC0)
     154.070  0x318  [8]  0D 2F 0D 2E 0D 2E 0D 2D 
     154.080  0x317  [8]  0D 34 0D 33 0D 33 0D 33 
     154.090  0x316  [8]  0D 30 0D 30 0D 30 0D 2F 
     154.100  0x315  [8]  0D 33 0D 32 0D 32 0D 31 
     154.110  0x314  [8]  5B 2C 5B 40 00 07 05 3D 
        0x314  RM=233.40Ah  FCC=233.60Ah  dV=7mV  cycles=1341
     154.121  0x313  [8]  15 18 00 00 00 EA 63 63 
        0x313  Vraw=5400  -> 54.00V if 0.01V  /  540.0V if 0.1V  |  I=+0.0A  T=23.4C  SOC=99%  SOH=99
     154.132  0x312  [8]  00 00 00 00 02 00 00 00 
        0x312  prot=00 00  warn=00 00  packs=2  mfr=??  cells=0
     154.144  0x311  [8]  02 38 08 24 08 24 01 61 
        0x311  CVL=56.8V  CCL=208.4A  DCL=208.4A  status=0x0161 (chg_en=1 dis_en=1 mode=1)
     154.229  0x301  [8]  0B 16 21 2C 37 42 4D 58 
        0x301  <-- KEEPALIVE FROM THE GROWATT INVERTER.
               This payload is undocumented. Write it down.
     154.729  0x301  [8]  0B 16 21 2C 37 42 4D 58 
        0x301  <-- KEEPALIVE FROM THE GROWATT INVERTER.
               This payload is undocumented. Write it down.
     155.009  0x330  [8]  02 01 02 06 0D 35 0D 2E 
     155.020  0x329  [8]  02 00 18 CB 02 00 3F 3B 
     155.029  0x323  [8]  20 0E 10 00 00 00 00 00 
     155.029  0x324  [8]  01 39 35 32 32 30 36 32 
     155.043  0x322  [8]  01 00 00 D4 03 01 63 63 
     155.050  0x320  [8]  50 41 C3 85 85 00 00 00 
        0x320  mfr=PA  hw=195  sw=133
     155.059  0x319  [8]  C0 0D 35 0D 2E 11 16 00 
        0x319  chem=0  forceI=0 forceII=0  dis_en=0 chg_en=1  (byte0=0xC0)
     155.070  0x318  [8]  0D 2E 0D 2E 0D 2E 0D 2E 
     155.079  0x317  [8]  0D 35 0D 33 0D 33 0D 33 
     155.089  0x316  [8]  0D 30 0D 2F 0D 2F 0D 2F 
     155.099  0x315  [8]  0D 32 0D 32 0D 32 0D 31 
     155.109  0x314  [8]  5B 2C 5B 40 00 07 05 3D 
        0x314  RM=233.40Ah  FCC=233.60Ah  dV=7mV  cycles=1341
     155.120  0x313  [8]  15 18 00 00 00 EA 63 63 
        0x313  Vraw=5400  -> 54.00V if 0.01V  /  540.0V if 0.1V  |  I=+0.0A  T=23.4C  SOC=99%  SOH=99
     155.131  0x312  [8]  00 00 00 00 02 00 00 00 
        0x312  prot=00 00  warn=00 00  packs=2  mfr=??  cells=0
     155.143  0x311  [8]  02 38 08 24 08 24 01 61 
        0x311  CVL=56.8V  CCL=208.4A  DCL=208.4A  status=0x0161 (chg_en=1 dis_en=1 mode=1)
     155.229  0x301  [8]  0B 16 21 2C 37 42 4D 58 
        0x301  <-- KEEPALIVE FROM THE GROWATT INVERTER.
               This payload is undocumented. Write it down.
     155.729  0x301  [8]  0B 16 21 2C 37 42 4D 58 
        0x301  <-- KEEPALIVE FROM THE GROWATT INVERTER.
               This payload is undocumented. Write it down.
     156.008  0x330  [8]  02 01 02 06 0D 35 0D 2E 
     156.019  0x329  [8]  01 00 21 38 01 00 3E 9F 
     156.029  0x323  [8]  20 0E 10 00 00 00 00 00 
     156.029  0x324  [8]  02 43 30 37 00 00 00 00 
     156.042  0x322  [8]  01 00 00 D4 03 01 63 63 
     156.049  0x320  [8]  50 41 C3 85 85 00 00 00 
        0x320  mfr=PA  hw=195  sw=133
     156.058  0x319  [8]  C0 0D 35 0D 2E 11 16 00 
        0x319  chem=0  forceI=0 forceII=0  dis_en=0 chg_en=1  (byte0=0xC0)
     156.069  0x318  [8]  0D 2E 0D 2E 0D 2E 0D 2E 
     156.079  0x317  [8]  0D 35 0D 33 0D 33 0D 33 
     156.089  0x316  [8]  0D 2F 0D 2F 0D 2F 0D 2F 
     156.099  0x315  [8]  0D 32 0D 32 0D 31 0D 31 
     156.108  0x314  [8]  5B 2C 5B 40 00 07 05 3D 
        0x314  RM=233.40Ah  FCC=233.60Ah  dV=7mV  cycles=1341
     156.119  0x313  [8]  15 18 00 00 00 EA 63 63 
        0x313  Vraw=5400  -> 54.00V if 0.01V  /  540.0V if 0.1V  |  I=+0.0A  T=23.4C  SOC=99%  SOH=99
     156.130  0x312  [8]  00 00 00 00 02 00 00 00 
        0x312  prot=00 00  warn=00 00  packs=2  mfr=??  cells=0
     156.142  0x311  [8]  02 38 08 24 08 24 01 61 
        0x311  CVL=56.8V  CCL=208.4A  DCL=208.4A  status=0x0161 (chg_en=1 dis_en=1 mode=1)
     156.229  0x301  [8]  0B 16 21 2C 37 42 4D 58 
        0x301  <-- KEEPALIVE FROM THE GROWATT INVERTER.
               This payload is undocumented. Write it down.
     156.729  0x301  [8]  0B 16 21 2C 37 42 4D 58 
        0x301  <-- KEEPALIVE FROM THE GROWATT INVERTER.
               This payload is undocumented. Write it down.
     157.007  0x330  [8]  02 01 02 08 0D 34 0D 2D 
     157.018  0x329  [8]  02 00 18 CB 02 00 3F 3B 
     157.027  0x323  [8]  20 0E 10 00 00 00 00 00 
     157.028  0x324  [8]  00 02 47 50 4A 30 32 31 
     157.041  0x322  [8]  01 00 00 D4 03 01 63 63 
     157.048  0x320  [8]  50 41 C3 85 85 00 00 00 
        0x320  mfr=PA  hw=195  sw=133
     157.057  0x319  [8]  C0 0D 34 0D 2D 11 18 00 
        0x319  chem=0  forceI=0 forceII=0  dis_en=0 chg_en=1  (byte0=0xC0)
     157.068  0x318  [8]  0D 2E 0D 2E 0D 2E 0D 2D 
     157.078  0x317  [8]  0D 34 0D 33 0D 33 0D 33 
     157.088  0x316  [8]  0D 2F 0D 2F 0D 2F 0D 2F 
     157.098  0x315  [8]  0D 32 0D 32 0D 32 0D 32 
     157.107  0x314  [8]  5B 2C 5B 40 00 07 05 3D 
        0x314  RM=233.40Ah  FCC=233.60Ah  dV=7mV  cycles=1341
     157.118  0x313  [8]  15 18 00 00 00 EA 63 63 
        0x313  Vraw=5400  -> 54.00V if 0.01V  /  540.0V if 0.1V  |  I=+0.0A  T=23.4C  SOC=99%  SOH=99
     157.129  0x312  [8]  00 00 00 00 02 00 00 00 
        0x312  prot=00 00  warn=00 00  packs=2  mfr=??  cells=0
     157.141  0x311  [8]  02 38 08 24 08 24 01 61 
        0x311  CVL=56.8V  CCL=208.4A  DCL=208.4A  status=0x0161 (chg_en=1 dis_en=1 mode=1)
     157.229  0x301  [8]  0B 16 21 2C 37 42 4D 58 
        0x301  <-- KEEPALIVE FROM THE GROWATT INVERTER.
               This payload is undocumented. Write it down.
     157.729  0x301  [8]  0B 16 21 2C 37 42 4D 58 
        0x301  <-- KEEPALIVE FROM THE GROWATT INVERTER.
               This payload is undocumented. Write it down.
     158.006  0x330  [8]  02 01 02 08 0D 34 0D 2D 
     158.017  0x329  [8]  01 00 21 38 01 00 3E 9F 
     158.027  0x323  [8]  20 0E 10 00 00 00 00 00 
     158.027  0x324  [8]  01 39 35 32 32 30 36 32 
     158.040  0x322  [8]  01 00 00 D4 03 01 63 63 
     158.047  0x320  [8]  50 41 C3 85 85 00 00 00 
        0x320  mfr=PA  hw=195  sw=133
     158.056  0x319  [8]  C0 0D 34 0D 2D 11 18 00 
        0x319  chem=0  forceI=0 forceII=0  dis_en=0 chg_en=1  (byte0=0xC0)
     158.067  0x318  [8]  0D 2F 0D 2E 0D 2E 0D 2D 
     158.077  0x317  [8]  0D 34 0D 33 0D 33 0D 33 
     158.087  0x316  [8]  0D 2F 0D 2F 0D 2F 0D 2F 
     158.097  0x315  [8]  0D 32 0D 32 0D 31 0D 31 
     158.107  0x314  [8]  5B 2C 5B 40 00 07 05 3D 
        0x314  RM=233.40Ah  FCC=233.60Ah  dV=7mV  cycles=1341
     158.117  0x313  [8]  15 18 00 00 00 EA 63 63 
        0x313  Vraw=5400  -> 54.00V if 0.01V  /  540.0V if 0.1V  |  I=+0.0A  T=23.4C  SOC=99%  SOH=99
     158.128  0x312  [8]  00 00 00 00 02 00 00 00 
        0x312  prot=00 00  warn=00 00  packs=2  mfr=??  cells=0
     158.140  0x311  [8]  02 38 08 24 08 24 01 61 
        0x311  CVL=56.8V  CCL=208.4A  DCL=208.4A  status=0x0161 (chg_en=1 dis_en=1 mode=1)
     158.229  0x301  [8]  0B 16 21 2C 37 42 4D 58 
        0x301  <-- KEEPALIVE FROM THE GROWATT INVERTER.
               This payload is undocumented. Write it down.
     158.729  0x301  [8]  0B 16 21 2C 37 42 4D 58 
        0x301  <-- KEEPALIVE FROM THE GROWATT INVERTER.
               This payload is undocumented. Write it down.
     159.005  0x330  [8]  02 01 02 07 0D 34 0D 2D 
     159.016  0x329  [8]  02 00 18 CB 02 00 3F 3B 
     159.026  0x323  [8]  20 0E 10 00 00 00 00 00 
     159.026  0x324  [8]  02 42 42 37 00 00 00 00 
     159.040  0x322  [8]  01 00 00 D4 03 01 63 63 
     159.046  0x320  [8]  50 41 C3 85 85 00 00 00 
        0x320  mfr=PA  hw=195  sw=133
     159.055  0x319  [8]  C0 0D 34 0D 2D 11 17 00 
        0x319  chem=0  forceI=0 forceII=0  dis_en=0 chg_en=1  (byte0=0xC0)
     159.066  0x318  [8]  0D 2E 0D 2E 0D 2D 0D 2D 
     159.076  0x317  [8]  0D 34 0D 33 0D 33 0D 33 
     159.086  0x316  [8]  0D 2F 0D 2F 0D 2F 0D 2F 
     159.096  0x315  [8]  0D 32 0D 31 0D 31 0D 31 
     159.106  0x314  [8]  5B 2C 5B 40 00 07 05 3D 
        0x314  RM=233.40Ah  FCC=233.60Ah  dV=7mV  cycles=1341
     159.117  0x313  [8]  15 18 00 00 00 EA 63 63 
        0x313  Vraw=5400  -> 54.00V if 0.01V  /  540.0V if 0.1V  |  I=+0.0A  T=23.4C  SOC=99%  SOH=99
     159.128  0x312  [8]  00 00 00 00 02 00 00 00 
        0x312  prot=00 00  warn=00 00  packs=2  mfr=??  cells=0
     159.140  0x311  [8]  02 38 08 24 08 24 01 61 
        0x311  CVL=56.8V  CCL=208.4A  DCL=208.4A  status=0x0161 (chg_en=1 dis_en=1 mode=1)
     159.229  0x301  [8]  0B 16 21 2C 37 42 4D 58 
        0x301  <-- KEEPALIVE FROM THE GROWATT INVERTER.
               This payload is undocumented. Write it down.
     159.729  0x301  [8]  0B 16 21 2C 37 42 4D 58 
        0x301  <-- KEEPALIVE FROM THE GROWATT INVERTER.
               This payload is undocumented. Write it down.
     160.005  0x330  [8]  02 01 02 07 0D 34 0D 2D 
     160.015  0x329  [8]  01 00 21 38 01 00 3E 9F 
     160.025  0x323  [8]  20 0E 10 00 00 00 00 00 
     160.025  0x324  [8]  00 01 47 50 4A 30 32 31 
     160.039  0x322  [8]  01 00 00 D4 03 01 63 63 
     160.045  0x320  [8]  50 41 C3 85 85 00 00 00 
        0x320  mfr=PA  hw=195  sw=133
     160.055  0x319  [8]  C0 0D 34 0D 2D 11 17 00 
        0x319  chem=0  forceI=0 forceII=0  dis_en=0 chg_en=1  (byte0=0xC0)
     160.065  0x318  [8]  0D 2E 0D 2E 0D 2D 0D 2D 
     160.075  0x317  [8]  0D 34 0D 33 0D 33 0D 33 
     160.085  0x316  [8]  0D 2F 0D 2F 0D 2F 0D 2F 
     160.095  0x315  [8]  0D 32 0D 32 0D 31 0D 31 
     160.105  0x314  [8]  5B 2C 5B 40 00 07 05 3D 
        0x314  RM=233.40Ah  FCC=233.60Ah  dV=7mV  cycles=1341
     160.116  0x313  [8]  15 18 00 00 00 EA 63 63 
        0x313  Vraw=5400  -> 54.00V if 0.01V  /  540.0V if 0.1V  |  I=+0.0A  T=23.4C  SOC=99%  SOH=99
     160.127  0x312  [8]  00 00 00 00 02 00 00 00 
        0x312  prot=00 00  warn=00 00  packs=2  mfr=??  cells=0
     160.139  0x311  [8]  02 38 08 24 08 24 01 61 
        0x311  CVL=56.8V  CCL=208.4A  DCL=208.4A  status=0x0161 (chg_en=1 dis_en=1 mode=1)
     160.229  0x301  [8]  0B 16 21 2C 37 42 4D 58 
        0x301  <-- KEEPALIVE FROM THE GROWATT INVERTER.
               This payload is undocumented. Write it down.
     160.728  0x301  [8]  0B 16 21 2C 37 42 4D 58 
        0x301  <-- KEEPALIVE FROM THE GROWATT INVERTER.
               This payload is undocumented. Write it down.
     161.004  0x330  [8]  02 01 02 07 0D 34 0D 2D 
     161.015  0x329  [8]  02 00 18 CB 02 00 3F 3B 
     161.024  0x323  [8]  20 0E 10 00 00 00 00 00 
     161.024  0x324  [8]  01 39 35 32 32 30 36 32 
     161.038  0x322  [8]  01 00 00 D4 03 01 63 63 
     161.045  0x320  [8]  50 41 C3 85 85 00 00 00 
        0x320  mfr=PA  hw=195  sw=133
     161.054  0x319  [8]  C0 0D 34 0D 2D 11 17 00 
        0x319  chem=0  forceI=0 forceII=0  dis_en=0 chg_en=1  (byte0=0xC0)
     161.064  0x318  [8]  0D 2F 0D 2E 0D 2D 0D 2D 
     161.074  0x317  [8]  0D 34 0D 33 0D 32 0D 32 
     161.084  0x316  [8]  0D 2F 0D 2F 0D 2F 0D 2F 
     161.094  0x315  [8]  0D 32 0D 32 0D 31 0D 31 
     161.104  0x314  [8]  5B 2C 5B 40 00 07 05 3D 
        0x314  RM=233.40Ah  FCC=233.60Ah  dV=7mV  cycles=1341
     161.115  0x313  [8]  15 18 00 00 00 EA 63 63 
        0x313  Vraw=5400  -> 54.00V if 0.01V  /  540.0V if 0.1V  |  I=+0.0A  T=23.4C  SOC=99%  SOH=99
     161.126  0x312  [8]  00 00 00 00 02 00 00 00 
        0x312  prot=00 00  warn=00 00  packs=2  mfr=??  cells=0
     161.138  0x311  [8]  02 38 08 24 08 24 01 61 
        0x311  CVL=56.8V  CCL=208.4A  DCL=208.4A  status=0x0161 (chg_en=1 dis_en=1 mode=1)
     161.229  0x301  [8]  0B 16 21 2C 37 42 4D 58 
        0x301  <-- KEEPALIVE FROM THE GROWATT INVERTER.
               This payload is undocumented. Write it down.
     161.728  0x301  [8]  0B 16 21 2C 37 42 4D 58 
        0x301  <-- KEEPALIVE FROM THE GROWATT INVERTER.
               This payload is undocumented. Write it down.
     162.003  0x330  [8]  02 01 02 07 0D 34 0D 2D 
     162.014  0x329  [8]  01 00 21 38 01 00 3E 9F 
     162.024  0x323  [8]  20 0E 10 00 00 00 00 00 
     162.024  0x324  [8]  02 43 30 37 00 00 00 00 
     162.037  0x322  [8]  01 00 00 D4 03 01 63 63 
     162.044  0x320  [8]  50 41 C3 85 85 00 00 00 
        0x320  mfr=PA  hw=195  sw=133
     162.053  0x319  [8]  C0 0D 34 0D 2D 11 17 00 
        0x319  chem=0  forceI=0 forceII=0  dis_en=0 chg_en=1  (byte0=0xC0)
     162.064  0x318  [8]  0D 2E 0D 2E 0D 2D 0D 2D 
     162.074  0x317  [8]  0D 34 0D 33 0D 32 0D 32 
     162.084  0x316  [8]  0D 2F 0D 2F 0D 2F 0D 2E 
     162.094  0x315  [8]  0D 32 0D 31 0D 31 0D 31 
     162.103  0x314  [8]  5B 2C 5B 40 00 07 05 3D 
        0x314  RM=233.40Ah  FCC=233.60Ah  dV=7mV  cycles=1341
     162.114  0x313  [8]  15 18 00 00 00 EA 63 63 
        0x313  Vraw=5400  -> 54.00V if 0.01V  /  540.0V if 0.1V  |  I=+0.0A  T=23.4C  SOC=99%  SOH=99
     162.125  0x312  [8]  00 00 00 00 02 00 00 00 
        0x312  prot=00 00  warn=00 00  packs=2  mfr=??  cells=0
     162.137  0x311  [8]  02 38 08 24 08 24 01 61 
        0x311  CVL=56.8V  CCL=208.4A  DCL=208.4A  status=0x0161 (chg_en=1 dis_en=1 mode=1)
     162.228  0x301  [8]  0B 16 21 2C 37 42 4D 58 
        0x301  <-- KEEPALIVE FROM THE GROWATT INVERTER.
               This payload is undocumented. Write it down.
     162.729  0x301  [8]  0B 16 21 2C 37 42 4D 58 
        0x301  <-- KEEPALIVE FROM THE GROWATT INVERTER.
               This payload is undocumented. Write it down.
     163.002  0x330  [8]  02 01 02 07 0D 34 0D 2D 
     163.013  0x329  [8]  02 00 18 CB 02 00 3F 3B 
     163.022  0x323  [8]  20 0E 10 00 00 00 00 00 
     163.023  0x324  [8]  00 02 47 50 4A 30 32 31 
     163.036  0x322  [8]  01 00 00 D4 03 01 63 63 
     163.043  0x320  [8]  50 41 C3 85 85 00 00 00 
        0x320  mfr=PA  hw=195  sw=133
     163.052  0x319  [8]  C0 0D 34 0D 2D 11 17 00 
        0x319  chem=0  forceI=0 forceII=0  dis_en=0 chg_en=1  (byte0=0xC0)
     163.063  0x318  [8]  0D 2E 0D 2E 0D 2D 0D 2D 
     163.073  0x317  [8]  0D 34 0D 33 0D 32 0D 32 
     163.083  0x316  [8]  0D 2F 0D 2F 0D 2F 0D 2F 
     163.093  0x315  [8]  0D 32 0D 31 0D 31 0D 31 
     163.102  0x314  [8]  5B 2C 5B 40 00 07 05 3D 
        0x314  RM=233.40Ah  FCC=233.60Ah  dV=7mV  cycles=1341
     163.113  0x313  [8]  15 18 00 00 00 EA 63 63 
        0x313  Vraw=5400  -> 54.00V if 0.01V  /  540.0V if 0.1V  |  I=+0.0A  T=23.4C  SOC=99%  SOH=99
     163.124  0x312  [8]  00 00 00 00 02 00 00 00 
        0x312  prot=00 00  warn=00 00  packs=2  mfr=??  cells=0
     163.136  0x311  [8]  02 38 08 24 08 24 01 61 
        0x311  CVL=56.8V  CCL=208.4A  DCL=208.4A  status=0x0161 (chg_en=1 dis_en=1 mode=1)
     163.228  0x301  [8]  0B 16 21 2C 37 42 4D 58 
        0x301  <-- KEEPALIVE FROM THE GROWATT INVERTER.
               This payload is undocumented. Write it down.
     163.729  0x301  [8]  0B 16 21 2C 37 42 4D 58 
        0x301  <-- KEEPALIVE FROM THE GROWATT INVERTER.
               This payload is undocumented. Write it down.
     164.001  0x330  [8]  02 01 02 07 0D 34 0D 2D 
     164.012  0x329  [8]  01 00 21 38 01 00 3E 9F 
     164.022  0x323  [8]  20 0E 10 00 00 00 00 00 
     164.022  0x324  [8]  01 39 35 32 32 30 36 32 
     164.035  0x322  [8]  01 00 00 D4 03 01 63 63 
     164.042  0x320  [8]  50 41 C3 85 85 00 00 00 
        0x320  mfr=PA  hw=195  sw=133
     164.051  0x319  [8]  C0 0D 34 0D 2D 11 17 00 
        0x319  chem=0  forceI=0 forceII=0  dis_en=0 chg_en=1  (byte0=0xC0)
     164.062  0x318  [8]  0D 2E 0D 2E 0D 2D 0D 2D 
     164.072  0x317  [8]  0D 34 0D 33 0D 32 0D 32 
     164.082  0x316  [8]  0D 2F 0D 2F 0D 2F 0D 2E 
     164.092  0x315  [8]  0D 32 0D 31 0D 31 0D 30 
     164.102  0x314  [8]  5B 2C 5B 40 00 07 05 3D 
        0x314  RM=233.40Ah  FCC=233.60Ah  dV=7mV  cycles=1341
     164.112  0x313  [8]  15 18 00 00 00 EA 63 63 
        0x313  Vraw=5400  -> 54.00V if 0.01V  /  540.0V if 0.1V  |  I=+0.0A  T=23.4C  SOC=99%  SOH=99
     164.123  0x312  [8]  00 00 00 00 02 00 00 00 
        0x312  prot=00 00  warn=00 00  packs=2  mfr=??  cells=0
     164.135  0x311  [8]  02 38 08 24 08 24 01 61 
        0x311  CVL=56.8V  CCL=208.4A  DCL=208.4A  status=0x0161 (chg_en=1 dis_en=1 mode=1)
     164.228  0x301  [8]  0B 16 21 2C 37 42 4D 58 
        0x301  <-- KEEPALIVE FROM THE GROWATT INVERTER.
               This payload is undocumented. Write it down.
     164.729  0x301  [8]  0B 16 21 2C 37 42 4D 58 
        0x301  <-- KEEPALIVE FROM THE GROWATT INVERTER.
               This payload is undocumented. Write it down.
     165.000  0x330  [8]  02 01 02 07 0D 33 0D 2D 
     165.011  0x329  [8]  02 00 18 CB 02 00 3F 3B 
     165.021  0x323  [8]  20 0E 10 00 00 00 00 00 
     165.021  0x324  [8]  02 42 42 37 00 00 00 00 
     165.035  0x322  [8]  01 00 00 D4 03 01 63 63 
     165.041  0x320  [8]  50 41 C3 85 85 00 00 00 
        0x320  mfr=PA  hw=195  sw=133
     165.050  0x319  [8]  C0 0D 33 0D 2D 11 17 00 
        0x319  chem=0  forceI=0 forceII=0  dis_en=0 chg_en=1  (byte0=0xC0)
     165.061  0x318  [8]  0D 2E 0D 2E 0D 2D 0D 2D 
     165.071  0x317  [8]  0D 33 0D 33 0D 33 0D 32 
     165.081  0x316  [8]  0D 2F 0D 2F 0D 2E 0D 2E 
     165.091  0x315  [8]  0D 31 0D 31 0D 31 0D 31 
     165.101  0x314  [8]  5B 2C 5B 40 00 06 05 3D 
        0x314  RM=233.40Ah  FCC=233.60Ah  dV=6mV  cycles=1341
     165.112  0x313  [8]  15 18 00 00 00 EA 63 63 
        0x313  Vraw=5400  -> 54.00V if 0.01V  /  540.0V if 0.1V  |  I=+0.0A  T=23.4C  SOC=99%  SOH=99
     165.123  0x312  [8]  00 00 00 00 02 00 00 00 
        0x312  prot=00 00  warn=00 00  packs=2  mfr=??  cells=0
     165.135  0x311  [8]  02 38 08 24 08 24 01 61 
        0x311  CVL=56.8V  CCL=208.4A  DCL=208.4A  status=0x0161 (chg_en=1 dis_en=1 mode=1)
     165.228  0x301  [8]  0B 16 21 2C 37 42 4D 58 
        0x301  <-- KEEPALIVE FROM THE GROWATT INVERTER.
               This payload is undocumented. Write it down.
     165.729  0x301  [8]  0B 16 21 2C 37 42 4D 58 
        0x301  <-- KEEPALIVE FROM THE GROWATT INVERTER.
               This payload is undocumented. Write it down.
     166.000  0x330  [8]  02 01 02 06 0D 34 0D 2D 
     166.010  0x329  [8]  01 00 21 38 01 00 3E 9F 
     166.020  0x323  [8]  20 0E 10 00 00 00 00 00 
     166.020  0x324  [8]  00 01 47 50 4A 30 32 31 
     166.034  0x322  [8]  01 00 00 D4 03 01 63 63 
     166.040  0x320  [8]  50 41 C3 85 85 00 00 00 
        0x320  mfr=PA  hw=195  sw=133
     166.050  0x319  [8]  C0 0D 34 0D 2D 11 16 00 
        0x319  chem=0  forceI=0 forceII=0  dis_en=0 chg_en=1  (byte0=0xC0)
     166.060  0x318  [8]  0D 2E 0D 2D 0D 2D 0D 2D 
     166.070  0x317  [8]  0D 34 0D 33 0D 32 0D 32 
     166.080  0x316  [8]  0D 2F 0D 2F 0D 2F 0D 2F 
     166.090  0x315  [8]  0D 32 0D 31 0D 31 0D 31 
     166.099  0x314  [8]  5B 2C 5B 40 00 07 05 3D 
        0x314  RM=233.40Ah  FCC=233.60Ah  dV=7mV  cycles=1341
     166.111  0x313  [8]  15 18 00 00 00 EA 63 63 
        0x313  Vraw=5400  -> 54.00V if 0.01V  /  540.0V if 0.1V  |  I=+0.0A  T=23.4C  SOC=99%  SOH=99
     166.122  0x312  [8]  00 00 00 00 02 00 00 00 
        0x312  prot=00 00  warn=00 00  packs=2  mfr=??  cells=0
     166.134  0x311  [8]  02 38 08 24 08 24 01 61 
        0x311  CVL=56.8V  CCL=208.4A  DCL=208.4A  status=0x0161 (chg_en=1 dis_en=1 mode=1)
     166.228  0x301  [8]  0B 16 21 2C 37 42 4D 58 
        0x301  <-- KEEPALIVE FROM THE GROWATT INVERTER.
               This payload is undocumented. Write it down.
     166.728  0x301  [8]  0B 16 21 2C 37 42 4D 58 
        0x301  <-- KEEPALIVE FROM THE GROWATT INVERTER.
               This payload is undocumented. Write it down.
     166.999  0x330  [8]  02 01 02 08 0D 34 0D 2C 
     167.010  0x329  [8]  02 00 18 CB 02 00 3F 3B 
     167.019  0x323  [8]  20 0E 10 00 00 00 00 00 
     167.019  0x324  [8]  01 39 35 32 32 30 36 32 
     167.033  0x322  [8]  01 00 00 D4 03 01 63 63 
     167.040  0x320  [8]  50 41 C3 85 85 00 00 00 
        0x320  mfr=PA  hw=195  sw=133
     167.049  0x319  [8]  C0 0D 34 0D 2C 11 18 00 
        0x319  chem=0  forceI=0 forceII=0  dis_en=0 chg_en=1  (byte0=0xC0)
     167.059  0x318  [8]  0D 2E 0D 2E 0D 2D 0D 2C 
     167.069  0x317  [8]  0D 34 0D 32 0D 32 0D 32 
     167.079  0x316  [8]  0D 2F 0D 2F 0D 2F 0D 2F 
     167.089  0x315  [8]  0D 32 0D 31 0D 31 0D 30 
     167.099  0x314  [8]  5B 2C 5B 40 00 08 05 3D 
        0x314  RM=233.40Ah  FCC=233.60Ah  dV=8mV  cycles=1341
     167.110  0x313  [8]  15 18 00 00 00 EA 63 63 
        0x313  Vraw=5400  -> 54.00V if 0.01V  /  540.0V if 0.1V  |  I=+0.0A  T=23.4C  SOC=99%  SOH=99
     167.121  0x312  [8]  00 00 00 00 02 00 00 00 
        0x312  prot=00 00  warn=00 00  packs=2  mfr=??  cells=0
     167.133  0x311  [8]  02 38 08 24 08 24 01 61 
        0x311  CVL=56.8V  CCL=208.4A  DCL=208.4A  status=0x0161 (chg_en=1 dis_en=1 mode=1)
     167.228  0x301  [8]  0B 16 21 2C 37 42 4D 58 
        0x301  <-- KEEPALIVE FROM THE GROWATT INVERTER.
               This payload is undocumented. Write it down.

======================================================================
  8260 frames, 167 s elapsed
  ID     count   period(ms)  DLC  last payload             changing
  ----------------------------------------------------------------------
  0x301     217    770 (499-58847)  8   0B 16 21 2C 37 42 4D 58  ........
  0x330     359    463 (0-2958)  8   02 01 02 08 0D 34 0D 2C  ****.*.*
  0x329     705    235 (0-1740)  8   02 00 18 CB 02 00 3F 3B  *.***.**
  0x323     449    370 (0-1892)  8   20 0E 10 00 00 00 00 00  ........
  0x324     505    329 (0-1881)  8   01 39 35 32 32 30 36 32  ********
  0x322     696    238 (0-2522)  8   01 00 00 D4 03 01 63 63  ........
  0x320     456    364 (0-2440)  8   50 41 C3 85 85 00 00 00  ........
  0x319     415    400 (10-2346)  8   C0 0D 34 0D 2C 11 18 00  ..*.***.
  0x318     375    443 (0-2976)  8   0D 2E 0D 2E 0D 2D 0D 2C  .*.*.*.*
  0x317     333    499 (0-2957)  8   0D 34 0D 32 0D 32 0D 32  .*.*.*.*
  0x316     351    473 (0-2955)  8   0D 2F 0D 2F 0D 2F 0D 2F  .*.*.*.*
  0x315     707    234 (0-2143)  8   0D 32 0D 31 0D 31 0D 30  .*.*.*.*
  0x314     723    229 (0-1942)  8   5B 2C 5B 40 00 08 05 3D  .....*..
  0x313     545    304 (11-1634)  8   15 18 00 00 00 EA 63 63  .***....
  0x312     390    426 (0-1698)  8   00 00 00 00 02 00 00 00  ........
  0x311    1034    160 (11-2465)  8   02 38 08 24 08 24 01 61  .......*
  ----------------------------------------------------------------------
  Auto-scaled pack voltage: 54.00 V  (SOC 99%)
  Cross-check this against the Growatt app before trusting it.
======================================================================

     167.728  0x301  [8]  0B 16 21 2C 37 42 4D 58 
        0x301  <-- KEEPALIVE FROM THE GROWATT INVERTER.
               This payload is undocumented. Write it down.
     167.998  0x330  [8]  02 01 02 08 0D 34 0D 2C 
     168.009  0x329  [8]  01 00 21 38 01 00 3E 9F 
     168.019  0x323  [8]  20 0E 10 00 00 00 00 00 
     168.019  0x324  [8]  02 43 30 37 00 00 00 00 
     168.032  0x322  [8]  01 00 00 D4 03 01 63 63 
     168.039  0x320  [8]  50 41 C3 85 85 00 00 00 
        0x320  mfr=PA  hw=195  sw=133
     168.048  0x319  [8]  C0 0D 34 0D 2C 11 18 00 
        0x319  chem=0  forceI=0 forceII=0  dis_en=0 chg_en=1  (byte0=0xC0)
     168.059  0x318  [8]  0D 2E 0D 2E 0D 2D 0D 2C 
     168.069  0x317  [8]  0D 34 0D 32 0D 32 0D 32 
     168.079  0x316  [8]  0D 2F 0D 2E 0D 2E 0D 2E 
     168.089  0x315  [8]  0D 32 0D 31 0D 31 0D 31 
     168.098  0x314  [8]  5B 2C 5B 40 00 08 05 3D 
        0x314  RM=233.40Ah  FCC=233.60Ah  dV=8mV  cycles=1341
     168.109  0x313  [8]  15 18 00 00 00 EA 63 63 
        0x313  Vraw=5400  -> 54.00V if 0.01V  /  540.0V if 0.1V  |  I=+0.0A  T=23.4C  SOC=99%  SOH=99
     168.120  0x312  [8]  00 00 00 00 02 00 00 00 
        0x312  prot=00 00  warn=00 00  packs=2  mfr=??  cells=0
     168.132  0x311  [8]  02 38 08 24 08 24 01 61 
        0x311  CVL=56.8V  CCL=208.4A  DCL=208.4A  status=0x0161 (chg_en=1 dis_en=1 mode=1)
     168.228  0x301  [8]  0B 16 21 2C 37 42 4D 58 
        0x301  <-- KEEPALIVE FROM THE GROWATT INVERTER.
               This payload is undocumented. Write it down.
     168.728  0x301  [8]  0B 16 21 2C 37 42 4D 58 
        0x301  <-- KEEPALIVE FROM THE GROWATT INVERTER.
               This payload is undocumented. Write it down.
     168.997  0x330  [8]  02 01 02 06 0D 33 0D 2D 
     169.008  0x329  [8]  02 00 18 CB 02 00 3F 3B 
     169.017  0x323  [8]  20 0E 10 00 00 00 00 00 
     169.018  0x324  [8]  00 02 47 50 4A 30 32 31 
     169.031  0x322  [8]  01 00 00 D4 03 01 63 63 
     169.038  0x320  [8]  50 41 C3 85 85 00 00 00 
        0x320  mfr=PA  hw=195  sw=133
     169.047  0x319  [8]  C0 0D 33 0D 2D 11 16 00 
        0x319  chem=0  forceI=0 forceII=0  dis_en=0 chg_en=1  (byte0=0xC0)
     169.058  0x318  [8]  0D 2E 0D 2D 0D 2D 0D 2D 
     169.068  0x317  [8]  0D 33 0D 32 0D 32 0D 32 
     169.078  0x316  [8]  0D 2E 0D 2E 0D 2E 0D 2E 
     169.088  0x315  [8]  0D 32 0D 31 0D 31 0D 30 
     169.097  0x314  [8]  5B 2C 5B 40 00 06 05 3D 
        0x314  RM=233.40Ah  FCC=233.60Ah  dV=6mV  cycles=1341
     169.108  0x313  [8]  15 18 00 00 00 EA 63 63 
        0x313  Vraw=5400  -> 54.00V if 0.01V  /  540.0V if 0.1V  |  I=+0.0A  T=23.4C  SOC=99%  SOH=99
     169.119  0x312  [8]  00 00 00 00 02 00 00 00 
        0x312  prot=00 00  warn=00 00  packs=2  mfr=??  cells=0
     169.131  0x311  [8]  02 38 08 24 08 24 01 61 
        0x311  CVL=56.8V  CCL=208.4A  DCL=208.4A  status=0x0161 (chg_en=1 dis_en=1 mode=1)
     169.228  0x301  [8]  0B 16 21 2C 37 42 4D 58 
        0x301  <-- KEEPALIVE FROM THE GROWATT INVERTER.
               This payload is undocumented. Write it down.
     169.728  0x301  [8]  0B 16 21 2C 37 42 4D 58 
        0x301  <-- KEEPALIVE FROM THE GROWATT INVERTER.
               This payload is undocumented. Write it down.
     169.996  0x330  [8]  02 01 02 07 0D 33 0D 2C 
     170.007  0x329  [8]  01 00 21 38 01 00 3E 9F 
     170.017  0x323  [8]  20 0E 10 00 00 00 00 00 
     170.017  0x324  [8]  01 39 35 32 32 30 36 32 
     170.030  0x322  [8]  01 00 00 D4 03 01 63 63 
     170.037  0x320  [8]  50 41 C3 85 85 00 00 00 
        0x320  mfr=PA  hw=195  sw=133
     170.046  0x319  [8]  C0 0D 33 0D 2C 11 17 00 
        0x319  chem=0  forceI=0 forceII=0  dis_en=0 chg_en=1  (byte0=0xC0)
     170.057  0x318  [8]  0D 2E 0D 2E 0D 2C 0D 2C 
     170.067  0x317  [8]  0D 33 0D 32 0D 32 0D 32 
     170.077  0x316  [8]  0D 2E 0D 2E 0D 2E 0D 2E 
     170.087  0x315  [8]  0D 32 0D 31 0D 30 0D 30 
     170.097  0x314  [8]  5B 2C 5B 40 00 07 05 3D 
        0x314  RM=233.40Ah  FCC=233.60Ah  dV=7mV  cycles=1341
     170.107  0x313  [8]  15 18 00 00 00 EA 63 63 
        0x313  Vraw=5400  -> 54.00V if 0.01V  /  540.0V if 0.1V  |  I=+0.0A  T=23.4C  SOC=99%  SOH=99
     170.118  0x312  [8]  00 00 00 00 02 00 00 00 
        0x312  prot=00 00  warn=00 00  packs=2  mfr=??  cells=0
     170.130  0x311  [8]  02 38 08 24 08 24 01 61 
        0x311  CVL=56.8V  CCL=208.4A  DCL=208.4A  status=0x0161 (chg_en=1 dis_en=1 mode=1)
     170.228  0x301  [8]  0B 16 21 2C 37 42 4D 58 
        0x301  <-- KEEPALIVE FROM THE GROWATT INVERTER.
               This payload is undocumented. Write it down.
     170.728  0x301  [8]  0B 16 21 2C 37 42 4D 58 
        0x301  <-- KEEPALIVE FROM THE GROWATT INVERTER.
               This payload is undocumented. Write it down.
     170.995  0x330  [8]  02 01 02 07 0D 33 0D 2C 
     171.006  0x329  [8]  02 00 18 CB 02 00 3F 3B 
     171.016  0x323  [8]  20 0E 10 00 00 00 00 00 
     171.016  0x324  [8]  02 42 42 37 00 00 00 00 
     171.030  0x322  [8]  01 00 00 D4 03 01 63 63 
     171.036  0x320  [8]  50 41 C3 85 85 00 00 00 
        0x320  mfr=PA  hw=195  sw=133
     171.045  0x319  [8]  C0 0D 33 0D 2C 11 17 00 
        0x319  chem=0  forceI=0 forceII=0  dis_en=0 chg_en=1  (byte0=0xC0)
     171.056  0x318  [8]  0D 2D 0D 2D 0D 2D 0D 2C 
     171.066  0x317  [8]  0D 33 0D 32 0D 32 0D 32 
     171.076  0x316  [8]  0D 2F 0D 2F 0D 2E 0D 2E 
     171.086  0x315  [8]  0D 32 0D 31 0D 31 0D 30 
     171.096  0x314  [8]  5B 2C 5B 40 00 07 05 3D 
        0x314  RM=233.40Ah  FCC=233.60Ah  dV=7mV  cycles=1341
     171.107  0x313  [8]  15 18 00 00 00 EA 63 63 
        0x313  Vraw=5400  -> 54.00V if 0.01V  /  540.0V if 0.1V  |  I=+0.0A  T=23.4C  SOC=99%  SOH=99
     171.118  0x312  [8]  00 00 00 00 02 00 00 00 
        0x312  prot=00 00  warn=00 00  packs=2  mfr=??  cells=0
     171.130  0x311  [8]  02 38 08 24 08 24 01 61 
        0x311  CVL=56.8V  CCL=208.4A  DCL=208.4A  status=0x0161 (chg_en=1 dis_en=1 mode=1)
     171.228  0x301  [8]  0B 16 21 2C 37 42 4D 58 
        0x301  <-- KEEPALIVE FROM THE GROWATT INVERTER.
               This payload is undocumented. Write it down.
     171.728  0x301  [8]  0B 16 21 2C 37 42 4D 58 
        0x301  <-- KEEPALIVE FROM THE GROWATT INVERTER.
               This payload is undocumented. Write it down.
     171.995  0x330  [8]  02 01 02 07 0D 33 0D 2C 
     172.005  0x329  [8]  01 00 21 38 01 00 3E 9F 
     172.015  0x323  [8]  20 0E 10 00 00 00 00 00 
     172.015  0x324  [8]  00 01 47 50 4A 30 32 31 
     172.029  0x322  [8]  01 00 00 D4 03 01 63 63 
     172.035  0x320  [8]  50 41 C3 85 85 00 00 00 
        0x320  mfr=PA  hw=195  sw=133
     172.045  0x319  [8]  C0 0D 33 0D 2C 11 17 00 
        0x319  chem=0  forceI=0 forceII=0  dis_en=0 chg_en=1  (byte0=0xC0)
     172.055  0x318  [8]  0D 2D 0D 2D 0D 2C 0D 2C 
     172.065  0x317  [8]  0D 33 0D 32 0D 32 0D 32 
     172.075  0x316  [8]  0D 2E 0D 2E 0D 2E 0D 2E 
     172.085  0x315  [8]  0D 31 0D 31 0D 31 0D 30 
     172.094  0x314  [8]  5B 2C 5B 40 00 07 05 3D 
        0x314  RM=233.40Ah  FCC=233.60Ah  dV=7mV  cycles=1341
     172.106  0x313  [8]  15 18 00 00 00 EA 63 63 
        0x313  Vraw=5400  -> 54.00V if 0.01V  /  540.0V if 0.1V  |  I=+0.0A  T=23.4C  SOC=99%  SOH=99
     172.117  0x312  [8]  00 00 00 00 02 00 00 00 
        0x312  prot=00 00  warn=00 00  packs=2  mfr=??  cells=0
     172.129  0x311  [8]  02 38 08 24 08 24 01 61 
        0x311  CVL=56.8V  CCL=208.4A  DCL=208.4A  status=0x0161 (chg_en=1 dis_en=1 mode=1)
     172.228  0x301  [8]  0B 16 21 2C 37 42 4D 58 
        0x301  <-- KEEPALIVE FROM THE GROWATT INVERTER.
               This payload is undocumented. Write it down.
     172.728  0x301  [8]  0B 16 21 2C 37 42 4D 58 
        0x301  <-- KEEPALIVE FROM THE GROWATT INVERTER.
               This payload is undocumented. Write it down.
     172.994  0x330  [8]  02 01 02 07 0D 33 0D 2C 
     173.005  0x329  [8]  02 00 18 CB 02 00 3F 3B 
     173.014  0x323  [8]  20 0E 10 00 00 00 00 00 
     173.014  0x324  [8]  01 39 35 32 32 30 36 32 
     173.028  0x322  [8]  01 00 00 D4 03 01 63 63 
     173.035  0x320  [8]  50 41 C3 85 85 00 00 00 
        0x320  mfr=PA  hw=195  sw=133
     173.044  0x319  [8]  C0 0D 33 0D 2C 11 17 00 
        0x319  chem=0  forceI=0 forceII=0  dis_en=0 chg_en=1  (byte0=0xC0)
     173.054  0x318  [8]  0D 2E 0D 2D 0D 2C 0D 2C 
     173.064  0x317  [8]  0D 33 0D 32 0D 32 0D 32 
     173.074  0x316  [8]  0D 2E 0D 2E 0D 2E 0D 2E 
     173.084  0x315  [8]  0D 31 0D 31 0D 30 0D 30 
     173.094  0x314  [8]  5B 2C 5B 40 00 07 05 3D 
        0x314  RM=233.40Ah  FCC=233.60Ah  dV=7mV  cycles=1341
     173.105  0x313  [8]  15 18 00 00 00 EA 63 63 
        0x313  Vraw=5400  -> 54.00V if 0.01V  /  540.0V if 0.1V  |  I=+0.0A  T=23.4C  SOC=99%  SOH=99
     173.116  0x312  [8]  00 00 00 00 02 00 00 00 
        0x312  prot=00 00  warn=00 00  packs=2  mfr=??  cells=0
     173.128  0x311  [8]  02 38 08 24 08 24 01 61 
        0x311  CVL=56.8V  CCL=208.4A  DCL=208.4A  status=0x0161 (chg_en=1 dis_en=1 mode=1)
     173.228  0x301  [8]  0B 16 21 2C 37 42 4D 58 
        0x301  <-- KEEPALIVE FROM THE GROWATT INVERTER.
               This payload is undocumented. Write it down.
     173.727  0x301  [8]  0B 16 21 2C 37 42 4D 58 
        0x301  <-- KEEPALIVE FROM THE GROWATT INVERTER.
               This payload is undocumented. Write it down.
     173.993  0x330  [8]  02 01 02 07 0D 33 0D 2C 
     174.004  0x329  [8]  01 00 21 38 01 00 3E 9F 
     174.014  0x323  [8]  20 0E 10 00 00 00 00 00 
     174.014  0x324  [8]  02 43 30 37 00 00 00 00 
     174.027  0x322  [8]  01 00 00 D4 03 01 63 63 
     174.034  0x320  [8]  50 41 C3 85 85 00 00 00 
        0x320  mfr=PA  hw=195  sw=133
     174.043  0x319  [8]  C0 0D 33 0D 2C 11 17 00 
        0x319  chem=0  forceI=0 forceII=0  dis_en=0 chg_en=1  (byte0=0xC0)
     174.054  0x318  [8]  0D 2D 0D 2D 0D 2C 0D 2C 
     174.064  0x317  [8]  0D 33 0D 32 0D 32 0D 32 
     174.074  0x316  [8]  0D 2E 0D 2E 0D 2E 0D 2E 
     174.084  0x315  [8]  0D 32 0D 31 0D 31 0D 30 
     174.093  0x314  [8]  5B 2C 5B 40 00 07 05 3D 
        0x314  RM=233.40Ah  FCC=233.60Ah  dV=7mV  cycles=1341
     174.104  0x313  [8]  15 18 00 00 00 EA 63 63 
        0x313  Vraw=5400  -> 54.00V if 0.01V  /  540.0V if 0.1V  |  I=+0.0A  T=23.4C  SOC=99%  SOH=99
     174.115  0x312  [8]  00 00 00 00 02 00 00 00 
        0x312  prot=00 00  warn=00 00  packs=2  mfr=??  cells=0
     174.127  0x311  [8]  02 38 08 24 08 24 01 61 
        0x311  CVL=56.8V  CCL=208.4A  DCL=208.4A  status=0x0161 (chg_en=1 dis_en=1 mode=1)
     174.228  0x301  [8]  0B 16 21 2C 37 42 4D 58 
        0x301  <-- KEEPALIVE FROM THE GROWATT INVERTER.
               This payload is undocumented. Write it down.
     174.727  0x301  [8]  0B 16 21 2C 37 42 4D 58 
        0x301  <-- KEEPALIVE FROM THE GROWATT INVERTER.
               This payload is undocumented. Write it down.
     174.992  0x330  [8]  02 01 02 07 0D 33 0D 2C 
     175.003  0x329  [8]  02 00 18 CB 02 00 3F 3B 
     175.012  0x323  [8]  20 0E 10 00 00 00 00 00 
     175.013  0x324  [8]  00 02 47 50 4A 30 32 31 
     175.026  0x322  [8]  01 00 00 D4 03 01 63 63 
     175.033  0x320  [8]  50 41 C3 85 85 00 00 00 
        0x320  mfr=PA  hw=195  sw=133
     175.042  0x319  [8]  C0 0D 33 0D 2C 11 17 00 
        0x319  chem=0  forceI=0 forceII=0  dis_en=0 chg_en=1  (byte0=0xC0)
     175.053  0x318  [8]  0D 2E 0D 2D 0D 2C 0D 2C 
     175.063  0x317  [8]  0D 33 0D 32 0D 32 0D 32 
     175.073  0x316  [8]  0D 2E 0D 2E 0D 2E 0D 2E 
     175.083  0x315  [8]  0D 31 0D 31 0D 30 0D 30 
     175.092  0x314  [8]  5B 2C 5B 40 00 07 05 3D 
        0x314  RM=233.40Ah  FCC=233.60Ah  dV=7mV  cycles=1341
     175.103  0x313  [8]  15 18 00 00 00 EA 63 63 
        0x313  Vraw=5400  -> 54.00V if 0.01V  /  540.0V if 0.1V  |  I=+0.0A  T=23.4C  SOC=99%  SOH=99
     175.114  0x312  [8]  00 00 00 00 02 00 00 00 
        0x312  prot=00 00  warn=00 00  packs=2  mfr=??  cells=0
     175.126  0x311  [8]  02 38 08 24 08 24 01 61 
        0x311  CVL=56.8V  CCL=208.4A  DCL=208.4A  status=0x0161 (chg_en=1 dis_en=1 mode=1)
     175.227  0x301  [8]  0B 16 21 2C 37 42 4D 58 
        0x301  <-- KEEPALIVE FROM THE GROWATT INVERTER.
               This payload is undocumented. Write it down.
     175.728  0x301  [8]  0B 16 21 2C 37 42 4D 58 
        0x301  <-- KEEPALIVE FROM THE GROWATT INVERTER.
               This payload is undocumented. Write it down.
     175.991  0x330  [8]  02 01 02 07 0D 33 0D 2C 
     176.002  0x329  [8]  01 00 21 38 01 00 3E 9F 
     176.012  0x323  [8]  20 0E 10 00 00 00 00 00 
     176.012  0x324  [8]  01 39 35 32 32 30 36 32 
     176.025  0x322  [8]  01 00 00 D4 03 01 63 63 
     176.032  0x320  [8]  50 41 C3 85 85 00 00 00 
        0x320  mfr=PA  hw=195  sw=133
     176.041  0x319  [8]  C0 0D 33 0D 2C 11 17 00 
        0x319  chem=0  forceI=0 forceII=0  dis_en=0 chg_en=1  (byte0=0xC0)
     176.052  0x318  [8]  0D 2D 0D 2D 0D 2C 0D 2C 
     176.062  0x317  [8]  0D 33 0D 32 0D 32 0D 31 
     176.072  0x316  [8]  0D 2E 0D 2E 0D 2E 0D 2D 
     176.082  0x315  [8]  0D 31 0D 31 0D 30 0D 30 
     176.092  0x314  [8]  5B 2C 5B 40 00 07 05 3D 
        0x314  RM=233.40Ah  FCC=233.60Ah  dV=7mV  cycles=1341
     176.102  0x313  [8]  15 18 00 00 00 EA 63 63 
        0x313  Vraw=5400  -> 54.00V if 0.01V  /  540.0V if 0.1V  |  I=+0.0A  T=23.4C  SOC=99%  SOH=99
     176.113  0x312  [8]  00 00 00 00 02 00 00 00 
        0x312  prot=00 00  warn=00 00  packs=2  mfr=??  cells=0
     176.125  0x311  [8]  02 38 08 24 08 24 01 61 
        0x311  CVL=56.8V  CCL=208.4A  DCL=208.4A  status=0x0161 (chg_en=1 dis_en=1 mode=1)
     176.227  0x301  [8]  0B 16 21 2C 37 42 4D 58 
        0x301  <-- KEEPALIVE FROM THE GROWATT INVERTER.
               This payload is undocumented. Write it down.
     176.728  0x301  [8]  0B 16 21 2C 37 42 4D 58 
        0x301  <-- KEEPALIVE FROM THE GROWATT INVERTER.
               This payload is undocumented. Write it down.
     176.990  0x330  [8]  02 01 02 08 0D 32 0D 2B 
     177.001  0x329  [8]  02 00 18 CB 02 00 3F 3B 
     177.011  0x323  [8]  20 0E 10 00 00 00 00 00 
     177.011  0x324  [8]  02 42 42 37 00 00 00 00 
     177.025  0x322  [8]  01 00 00 D4 03 01 63 63 
     177.031  0x320  [8]  50 41 C3 85 85 00 00 00 
        0x320  mfr=PA  hw=195  sw=133
     177.040  0x319  [8]  C0 0D 32 0D 2B 11 18 00 
        0x319  chem=0  forceI=0 forceII=0  dis_en=0 chg_en=1  (byte0=0xC0)
     177.051  0x318  [8]  0D 2D 0D 2D 0D 2C 0D 2B 
     177.061  0x317  [8]  0D 32 0D 32 0D 31 0D 31 
     177.071  0x316  [8]  0D 2E 0D 2E 0D 2E 0D 2E 
     177.081  0x315  [8]  0D 31 0D 30 0D 30 0D 30 
     177.091  0x314  [8]  5B 2C 5B 40 00 07 05 3D 
        0x314  RM=233.40Ah  FCC=233.60Ah  dV=7mV  cycles=1341
     177.102  0x313  [8]  15 18 00 00 00 EA 63 63 
        0x313  Vraw=5400  -> 54.00V if 0.01V  /  540.0V if 0.1V  |  I=+0.0A  T=23.4C  SOC=99%  SOH=99
     177.113  0x312  [8]  00 00 00 00 02 00 00 00 
        0x312  prot=00 00  warn=00 00  packs=2  mfr=??  cells=0
     177.125  0x311  [8]  02 38 08 24 08 24 01 61 
        0x311  CVL=56.8V  CCL=208.4A  DCL=208.4A  status=0x0161 (chg_en=1 dis_en=1 mode=1)
     177.227  0x301  [8]  0B 16 21 2C 37 42 4D 58 
        0x301  <-- KEEPALIVE FROM THE GROWATT INVERTER.
               This payload is undocumented. Write it down.
     177.728  0x301  [8]  0B 16 21 2C 37 42 4D 58 
        0x301  <-- KEEPALIVE FROM THE GROWATT INVERTER.
               This payload is undocumented. Write it down.
     177.990  0x330  [8]  02 01 02 06 0D 32 0D 2C 
     178.000  0x329  [8]  01 00 21 38 01 00 3E 9F 
     178.010  0x323  [8]  20 0E 10 00 00 00 00 00 
     178.010  0x324  [8]  00 01 47 50 4A 30 32 31 
     178.024  0x322  [8]  01 00 00 D4 03 01 63 63 
     178.030  0x320  [8]  50 41 C3 85 85 00 00 00 
        0x320  mfr=PA  hw=195  sw=133
     178.040  0x319  [8]  C0 0D 32 0D 2C 11 16 00 
        0x319  chem=0  forceI=0 forceII=0  dis_en=0 chg_en=1  (byte0=0xC0)
     178.050  0x318  [8]  0D 2D 0D 2C 0D 2C 0D 2C 
     178.060  0x317  [8]  0D 32 0D 32 0D 31 0D 31 
     178.070  0x316  [8]  0D 2E 0D 2E 0D 2E 0D 2D 
     178.080  0x315  [8]  0D 31 0D 31 0D 30 0D 30 
     178.090  0x314  [8]  5B 2C 5B 40 00 06 05 3D 
        0x314  RM=233.40Ah  FCC=233.60Ah  dV=6mV  cycles=1341
     178.101  0x313  [8]  15 18 00 00 00 EA 63 63 
        0x313  Vraw=5400  -> 54.00V if 0.01V  /  540.0V if 0.1V  |  I=+0.0A  T=23.4C  SOC=99%  SOH=99
     178.112  0x312  [8]  00 00 00 00 02 00 00 00 
        0x312  prot=00 00  warn=00 00  packs=2  mfr=??  cells=0
     178.124  0x311  [8]  02 38 08 24 08 24 01 61 
        0x311  CVL=56.8V  CCL=208.4A  DCL=208.4A  status=0x0161 (chg_en=1 dis_en=1 mode=1)
     178.227  0x301  [8]  0B 16 21 2C 37 42 4D 58 
        0x301  <-- KEEPALIVE FROM THE GROWATT INVERTER.
               This payload is undocumented. Write it down.
     178.728  0x301  [8]  0B 16 21 2C 37 42 4D 58 
        0x301  <-- KEEPALIVE FROM THE GROWATT INVERTER.
               This payload is undocumented. Write it down.
     178.989  0x330  [8]  02 01 02 06 0D 33 0D 2C 
     179.000  0x329  [8]  02 00 18 CB 02 00 3F 3B 
     179.009  0x323  [8]  20 0E 10 00 00 00 00 00 
     179.009  0x324  [8]  01 39 35 32 32 30 36 32 
     179.023  0x322  [8]  01 00 00 D4 03 01 63 63 
     179.030  0x320  [8]  50 41 C3 85 85 00 00 00 
        0x320  mfr=PA  hw=195  sw=133
     179.039  0x319  [8]  C0 0D 33 0D 2C 11 16 00 
        0x319  chem=0  forceI=0 forceII=0  dis_en=0 chg_en=1  (byte0=0xC0)
     179.049  0x318  [8]  0D 2D 0D 2C 0D 2C 0D 2C 
     179.059  0x317  [8]  0D 33 0D 31 0D 31 0D 31 
     179.069  0x316  [8]  0D 2E 0D 2E 0D 2E 0D 2E 
     179.079  0x315  [8]  0D 31 0D 30 0D 30 0D 30 
     179.089  0x314  [8]  5B 2C 5B 40 00 07 05 3D 
        0x314  RM=233.40Ah  FCC=233.60Ah  dV=7mV  cycles=1341
     179.100  0x313  [8]  15 0E 00 00 00 EA 63 63 
        0x313  Vraw=5390  -> 53.90V if 0.01V  /  539.0V if 0.1V  |  I=+0.0A  T=23.4C  SOC=99%  SOH=99
     179.111  0x312  [8]  00 00 00 00 02 00 00 00 
        0x312  prot=00 00  warn=00 00  packs=2  mfr=??  cells=0
     179.123  0x311  [8]  02 38 08 24 08 24 01 61 
        0x311  CVL=56.8V  CCL=208.4A  DCL=208.4A  status=0x0161 (chg_en=1 dis_en=1 mode=1)
     179.227  0x301  [8]  0B 16 21 2C 37 42 4D 58 
        0x301  <-- KEEPALIVE FROM THE GROWATT INVERTER.
               This payload is undocumented. Write it down.
     179.727  0x301  [8]  0B 16 21 2C 37 42 4D 58 
        0x301  <-- KEEPALIVE FROM THE GROWATT INVERTER.
               This payload is undocumented. Write it down.
     179.988  0x330  [8]  02 01 02 08 0D 32 0D 2B 
     179.999  0x329  [8]  01 00 21 38 01 00 3E 9F 
     180.009  0x323  [8]  20 0E 10 00 00 00 00 00 
     180.009  0x324  [8]  02 43 30 37 00 00 00 00 
     180.022  0x322  [8]  01 00 00 D4 03 01 63 63 
     180.029  0x320  [8]  50 41 C3 85 85 00 00 00 
        0x320  mfr=PA  hw=195  sw=133
     180.038  0x319  [8]  C0 0D 32 0D 2B 11 18 00 
        0x319  chem=0  forceI=0 forceII=0  dis_en=0 chg_en=1  (byte0=0xC0)
     180.049  0x318  [8]  0D 2D 0D 2D 0D 2C 0D 2B 
     180.059  0x317  [8]  0D 32 0D 32 0D 31 0D 31 
     180.069  0x316  [8]  0D 2E 0D 2E 0D 2E 0D 2D 
     180.079  0x315  [8]  0D 31 0D 30 0D 30 0D 30 
     180.088  0x314  [8]  5B 2C 5B 40 00 07 05 3D 
        0x314  RM=233.40Ah  FCC=233.60Ah  dV=7mV  cycles=1341
     180.099  0x313  [8]  15 18 00 00 00 EA 63 63 
        0x313  Vraw=5400  -> 54.00V if 0.01V  /  540.0V if 0.1V  |  I=+0.0A  T=23.4C  SOC=99%  SOH=99
     180.110  0x312  [8]  00 00 00 00 02 00 00 00 
        0x312  prot=00 00  warn=00 00  packs=2  mfr=??  cells=0
     180.122  0x311  [8]  02 38 08 24 08 24 01 61 
        0x311  CVL=56.8V  CCL=208.4A  DCL=208.4A  status=0x0161 (chg_en=1 dis_en=1 mode=1)
     180.227  0x301  [8]  0B 16 21 2C 37 42 4D 58 
        0x301  <-- KEEPALIVE FROM THE GROWATT INVERTER.
               This payload is undocumented. Write it down.
     180.727  0x301  [8]  0B 16 21 2C 37 42 4D 58 
        0x301  <-- KEEPALIVE FROM THE GROWATT INVERTER.
               This payload is undocumented. Write it down.
     180.988  0x330  [8]  02 01 02 06 0D 32 0D 2C 
     180.998  0x329  [8]  02 00 18 CB 02 00 3F 3B 
     181.007  0x323  [8]  20 0E 10 00 00 00 00 00 
     181.008  0x324  [8]  00 02 47 50 4A 30 32 31 
     181.021  0x322  [8]  01 00 00 D4 03 01 63 63 
     181.028  0x320  [8]  50 41 C3 85 85 00 00 00 
        0x320  mfr=PA  hw=195  sw=133
     181.037  0x319  [8]  C0 0D 32 0D 2C 11 16 00 
        0x319  chem=0  forceI=0 forceII=0  dis_en=0 chg_en=1  (byte0=0xC0)
     181.048  0x318  [8]  0D 2D 0D 2C 0D 2C 0D 2C 
     181.058  0x317  [8]  0D 32 0D 31 0D 31 0D 31 
     181.068  0x316  [8]  0D 2E 0D 2E 0D 2E 0D 2E 
     181.078  0x315  [8]  0D 31 0D 30 0D 30 0D 30 
     181.087  0x314  [8]  5B 2C 5B 40 00 06 05 3D 
        0x314  RM=233.40Ah  FCC=233.60Ah  dV=6mV  cycles=1341
     181.098  0x313  [8]  15 0E 00 00 00 EA 63 63 
        0x313  Vraw=5390  -> 53.90V if 0.01V  /  539.0V if 0.1V  |  I=+0.0A  T=23.4C  SOC=99%  SOH=99
     181.109  0x312  [8]  00 00 00 00 02 00 00 00 
        0x312  prot=00 00  warn=00 00  packs=2  mfr=??  cells=0
     181.121  0x311  [8]  02 38 08 24 08 24 01 61 
        0x311  CVL=56.8V  CCL=208.4A  DCL=208.4A  status=0x0161 (chg_en=1 dis_en=1 mode=1)
     181.227  0x301  [8]  0B 16 21 2C 37 42 4D 58 
        0x301  <-- KEEPALIVE FROM THE GROWATT INVERTER.
               This payload is undocumented. Write it down.
     181.727  0x301  [8]  0B 16 21 2C 37 42 4D 58 
        0x301  <-- KEEPALIVE FROM THE GROWATT INVERTER.
               This payload is undocumented. Write it down.
     181.986  0x330  [8]  02 01 02 08 0D 32 0D 2B 
     181.997  0x329  [8]  01 00 21 38 01 00 3E 9F 
     182.007  0x323  [8]  20 0E 10 00 00 00 00 00 
     182.007  0x324  [8]  01 39 35 32 32 30 36 32 
     182.020  0x322  [8]  01 00 00 D4 03 01 63 63 
     182.027  0x320  [8]  50 41 C3 85 85 00 00 00 
        0x320  mfr=PA  hw=195  sw=133
     182.036  0x319  [8]  C0 0D 32 0D 2B 11 18 00 
        0x319  chem=0  forceI=0 forceII=0  dis_en=0 chg_en=1  (byte0=0xC0)
     182.047  0x318  [8]  0D 2D 0D 2D 0D 2C 0D 2B 
     182.057  0x317  [8]  0D 32 0D 31 0D 31 0D 31 
     182.067  0x316  [8]  0D 2E 0D 2E 0D 2E 0D 2D 
     182.077  0x315  [8]  0D 31 0D 30 0D 30 0D 30 
     182.087  0x314  [8]  5B 2C 5B 40 00 07 05 3D 
        0x314  RM=233.40Ah  FCC=233.60Ah  dV=7mV  cycles=1341
     182.097  0x313  [8]  15 0E 00 00 00 EA 63 63 
        0x313  Vraw=5390  -> 53.90V if 0.01V  /  539.0V if 0.1V  |  I=+0.0A  T=23.4C  SOC=99%  SOH=99
     182.108  0x312  [8]  00 00 00 00 02 00 00 00 
        0x312  prot=00 00  warn=00 00  packs=2  mfr=??  cells=0
     182.120  0x311  [8]  02 38 08 24 08 24 01 61 
        0x311  CVL=56.8V  CCL=208.4A  DCL=208.4A  status=0x0161 (chg_en=1 dis_en=1 mode=1)
     182.227  0x301  [8]  0B 16 21 2C 37 42 4D 58 
        0x301  <-- KEEPALIVE FROM THE GROWATT INVERTER.
               This payload is undocumented. Write it down.

======================================================================
  8515 frames, 182 s elapsed
  ID     count   period(ms)  DLC  last payload             changing
  ----------------------------------------------------------------------
  0x301     247    737 (499-58847)  8   0B 16 21 2C 37 42 4D 58  ........
  0x330     374    484 (0-2958)  8   02 01 02 08 0D 32 0D 2B  ****.*.*
  0x329     720    251 (0-1740)  8   01 00 21 38 01 00 3E 9F  *.***.**
  0x323     464    390 (0-1892)  8   20 0E 10 00 00 00 00 00  ........
  0x324     520    348 (0-1881)  8   01 39 35 32 32 30 36 32  ********
  0x322     711    254 (0-2522)  8   01 00 00 D4 03 01 63 63  ........
  0x320     471    384 (0-2440)  8   50 41 C3 85 85 00 00 00  ........
  0x319     430    421 (10-2346)  8   C0 0D 32 0D 2B 11 18 00  ..*.***.
  0x318     390    464 (0-2976)  8   0D 2D 0D 2D 0D 2C 0D 2B  .*.*.*.*
  0x317     348    521 (0-2957)  8   0D 32 0D 31 0D 31 0D 31  .*.*.*.*
  0x316     366    495 (0-2955)  8   0D 2E 0D 2E 0D 2E 0D 2D  .*.*.*.*
  0x315     722    250 (0-2143)  8   0D 31 0D 30 0D 30 0D 30  .*.*.*.*
  0x314     738    245 (0-1942)  8   5B 2C 5B 40 00 07 05 3D  .....*..
  0x313     560    323 (11-1634)  8   15 0E 00 00 00 EA 63 63  .***....
  0x312     405    447 (0-1698)  8   00 00 00 00 02 00 00 00  ........
  0x311    1049    172 (11-2465)  8   02 38 08 24 08 24 01 61  .......*
  ----------------------------------------------------------------------
  Auto-scaled pack voltage: 53.90 V  (SOC 99%)
  Cross-check this against the Growatt app before trusting it.
======================================================================

     182.727  0x301  [8]  0B 16 21 2C 37 42 4D 58 
        0x301  <-- KEEPALIVE FROM THE GROWATT INVERTER.
               This payload is undocumented. Write it down.
     182.985  0x330  [8]  02 01 02 06 0D 32 0D 2C 
     182.996  0x329  [8]  02 00 18 CB 02 00 3F 3B 
     183.006  0x323  [8]  20 0E 10 00 00 00 00 00 
     183.006  0x324  [8]  02 42 42 37 00 00 00 00 
     183.020  0x322  [8]  01 00 00 D4 03 01 63 63 
     183.026  0x320  [8]  50 41 C3 85 85 00 00 00 
        0x320  mfr=PA  hw=195  sw=133
     183.035  0x319  [8]  C0 0D 32 0D 2C 11 16 00 
        0x319  chem=0  forceI=0 forceII=0  dis_en=0 chg_en=1  (byte0=0xC0)
     183.046  0x318  [8]  0D 2D 0D 2C 0D 2C 0D 2C 
     183.056  0x317  [8]  0D 32 0D 31 0D 31 0D 31 
     183.066  0x316  [8]  0D 2E 0D 2D 0D 2D 0D 2D 
     183.076  0x315  [8]  0D 31 0D 30 0D 30 0D 2F 
     183.086  0x314  [8]  5B 2C 5B 40 00 06 05 3D 
        0x314  RM=233.40Ah  FCC=233.60Ah  dV=6mV  cycles=1341
     183.097  0x313  [8]  15 0E 00 00 00 EA 63 63 
        0x313  Vraw=5390  -> 53.90V if 0.01V  /  539.0V if 0.1V  |  I=+0.0A  T=23.4C  SOC=99%  SOH=99
     183.108  0x312  [8]  00 00 00 00 02 00 00 00 
        0x312  prot=00 00  warn=00 00  packs=2  mfr=??  cells=0
     183.119  0x311  [8]  02 38 08 24 08 24 01 61 
        0x311  CVL=56.8V  CCL=208.4A  DCL=208.4A  status=0x0161 (chg_en=1 dis_en=1 mode=1)
     183.227  0x301  [8]  0B 16 21 2C 37 42 4D 58 
        0x301  <-- KEEPALIVE FROM THE GROWATT INVERTER.
               This payload is undocumented. Write it down.
     183.727  0x301  [8]  0B 16 21 2C 37 42 4D 58 
        0x301  <-- KEEPALIVE FROM THE GROWATT INVERTER.
               This payload is undocumented. Write it down.
     183.985  0x330  [8]  02 01 02 07 0D 32 0D 2B 
     183.995  0x329  [8]  01 00 21 38 01 00 3E 9F 
     184.005  0x323  [8]  20 0E 10 00 00 00 00 00 
     184.005  0x324  [8]  00 01 47 50 4A 30 32 31 
     184.019  0x322  [8]  01 00 00 D4 03 01 63 63 
     184.025  0x320  [8]  50 41 C3 85 85 00 00 00 
        0x320  mfr=PA  hw=195  sw=133
     184.035  0x319  [8]  C0 0D 32 0D 2B 11 17 00 
        0x319  chem=0  forceI=0 forceII=0  dis_en=0 chg_en=1  (byte0=0xC0)
     184.045  0x318  [8]  0D 2D 0D 2D 0D 2B 0D 2B 
     184.055  0x317  [8]  0D 32 0D 32 0D 31 0D 31 
     184.065  0x316  [8]  0D 2E 0D 2E 0D 2E 0D 2D 
     184.075  0x315  [8]  0D 31 0D 30 0D 30 0D 2F 
     184.085  0x314  [8]  5B 2C 5B 40 00 07 05 3D 
        0x314  RM=233.40Ah  FCC=233.60Ah  dV=7mV  cycles=1341
     184.096  0x313  [8]  15 0E 00 00 00 EA 63 63 
        0x313  Vraw=5390  -> 53.90V if 0.01V  /  539.0V if 0.1V  |  I=+0.0A  T=23.4C  SOC=99%  SOH=99
     184.107  0x312  [8]  00 00 00 00 02 00 00 00 
        0x312  prot=00 00  warn=00 00  packs=2  mfr=??  cells=0
     184.119  0x311  [8]  02 38 08 24 08 24 01 61 
        0x311  CVL=56.8V  CCL=208.4A  DCL=208.4A  status=0x0161 (chg_en=1 dis_en=1 mode=1)
     184.227  0x301  [8]  0B 16 21 2C 37 42 4D 58 
        0x301  <-- KEEPALIVE FROM THE GROWATT INVERTER.
               This payload is undocumented. Write it down.
     184.727  0x301  [8]  0B 16 21 2C 37 42 4D 58 
        0x301  <-- KEEPALIVE FROM THE GROWATT INVERTER.
               This payload is undocumented. Write it down.
     184.984  0x330  [8]  02 01 02 07 0D 32 0D 2C 
     184.995  0x329  [8]  02 00 18 CB 02 00 3F 3B 
     185.004  0x323  [8]  20 0E 10 00 00 00 00 00 
     185.004  0x324  [8]  01 39 35 32 32 30 36 32 
     185.018  0x322  [8]  01 00 00 D4 03 01 63 63 
     185.025  0x320  [8]  50 41 C3 85 85 00 00 00 
        0x320  mfr=PA  hw=195  sw=133
     185.034  0x319  [8]  C0 0D 32 0D 2C 11 17 00 
        0x319  chem=0  forceI=0 forceII=0  dis_en=0 chg_en=1  (byte0=0xC0)
     185.044  0x318  [8]  0D 2D 0D 2D 0D 2C 0D 2C 
     185.054  0x317  [8]  0D 32 0D 31 0D 31 0D 31 
     185.064  0x316  [8]  0D 2D 0D 2D 0D 2D 0D 2D 
     185.074  0x315  [8]  0D 30 0D 30 0D 30 0D 2F 
     185.084  0x314  [8]  5B 2C 5B 40 00 06 05 3D 
        0x314  RM=233.40Ah  FCC=233.60Ah  dV=6mV  cycles=1341
     185.095  0x313  [8]  15 0E 00 00 00 EA 63 63 
        0x313  Vraw=5390  -> 53.90V if 0.01V  /  539.0V if 0.1V  |  I=+0.0A  T=23.4C  SOC=99%  SOH=99
     185.106  0x312  [8]  00 00 00 00 02 00 00 00 
        0x312  prot=00 00  warn=00 00  packs=2  mfr=??  cells=0
     185.118  0x311  [8]  02 38 08 24 08 24 01 61 
        0x311  CVL=56.8V  CCL=208.4A  DCL=208.4A  status=0x0161 (chg_en=1 dis_en=1 mode=1)
     185.227  0x301  [8]  0B 16 21 2C 37 42 4D 58 
        0x301  <-- KEEPALIVE FROM THE GROWATT INVERTER.
               This payload is undocumented. Write it down.
     185.727  0x301  [8]  0B 16 21 2C 37 42 4D 58 
        0x301  <-- KEEPALIVE FROM THE GROWATT INVERTER.
               This payload is undocumented. Write it down.
     185.983  0x330  [8]  02 01 02 08 0D 32 0D 2B 
     185.994  0x329  [8]  01 00 21 38 01 00 3E 9F 
     186.004  0x323  [8]  20 0E 10 00 00 00 00 00 
     186.004  0x324  [8]  02 43 30 37 00 00 00 00 
     186.017  0x322  [8]  01 00 00 D4 03 01 63 63 
     186.024  0x320  [8]  50 41 C3 85 85 00 00 00 
        0x320  mfr=PA  hw=195  sw=133
     186.033  0x319  [8]  C0 0D 32 0D 2B 11 18 00 
        0x319  chem=0  forceI=0 forceII=0  dis_en=0 chg_en=1  (byte0=0xC0)
     186.044  0x318  [8]  0D 2D 0D 2C 0D 2C 0D 2B 
     186.054  0x317  [8]  0D 32 0D 31 0D 31 0D 31 
     186.064  0x316  [8]  0D 2E 0D 2D 0D 2D 0D 2D 
     186.074  0x315  [8]  0D 30 0D 30 0D 2F 0D 2F 
     186.083  0x314  [8]  5B 2C 5B 40 00 07 05 3D 
        0x314  RM=233.40Ah  FCC=233.60Ah  dV=7mV  cycles=1341
     186.094  0x313  [8]  15 0E 00 00 00 EA 63 63 
        0x313  Vraw=5390  -> 53.90V if 0.01V  /  539.0V if 0.1V  |  I=+0.0A  T=23.4C  SOC=99%  SOH=99
     186.105  0x312  [8]  00 00 00 00 02 00 00 00 
        0x312  prot=00 00  warn=00 00  packs=2  mfr=??  cells=0
     186.117  0x311  [8]  02 38 08 24 08 24 01 61 
        0x311  CVL=56.8V  CCL=208.4A  DCL=208.4A  status=0x0161 (chg_en=1 dis_en=1 mode=1)
     186.227  0x301  [8]  0B 16 21 2C 37 42 4D 58 
        0x301  <-- KEEPALIVE FROM THE GROWATT INVERTER.
               This payload is undocumented. Write it down.
     186.726  0x301  [8]  0B 16 21 2C 37 42 4D 58 
        0x301  <-- KEEPALIVE FROM THE GROWATT INVERTER.
               This payload is undocumented. Write it down.
     186.982  0x330  [8]  02 01 02 08 0D 32 0D 2B 
     186.993  0x329  [8]  02 00 18 CB 02 00 3F 3B 
     187.002  0x323  [8]  20 0E 10 00 00 00 00 00 
     187.003  0x324  [8]  00 02 47 50 4A 30 32 31 
     187.016  0x322  [8]  01 00 00 D4 03 01 63 63 
     187.023  0x320  [8]  50 41 C3 85 85 00 00 00 
        0x320  mfr=PA  hw=195  sw=133
     187.032  0x319  [8]  C0 0D 32 0D 2B 11 18 00 
        0x319  chem=0  forceI=0 forceII=0  dis_en=0 chg_en=1  (byte0=0xC0)
     187.043  0x318  [8]  0D 2D 0D 2D 0D 2C 0D 2B 
     187.053  0x317  [8]  0D 32 0D 31 0D 31 0D 31 
     187.063  0x316  [8]  0D 2D 0D 2D 0D 2D 0D 2D 
     187.073  0x315  [8]  0D 30 0D 30 0D 2F 0D 2F 
     187.082  0x314  [8]  5B 2C 5B 40 00 07 05 3D 
        0x314  RM=233.40Ah  FCC=233.60Ah  dV=7mV  cycles=1341
     187.093  0x313  [8]  15 0E 00 00 00 EA 63 63 
        0x313  Vraw=5390  -> 53.90V if 0.01V  /  539.0V if 0.1V  |  I=+0.0A  T=23.4C  SOC=99%  SOH=99
     187.104  0x312  [8]  00 00 00 00 02 00 00 00 
        0x312  prot=00 00  warn=00 00  packs=2  mfr=??  cells=0
     187.116  0x311  [8]  02 38 08 24 08 24 01 61 
        0x311  CVL=56.8V  CCL=208.4A  DCL=208.4A  status=0x0161 (chg_en=1 dis_en=1 mode=1)
     187.227  0x301  [8]  0B 16 21 2C 37 42 4D 58 
        0x301  <-- KEEPALIVE FROM THE GROWATT INVERTER.
               This payload is undocumented. Write it down.
     187.726  0x301  [8]  0B 16 21 2C 37 42 4D 58 
        0x301  <-- KEEPALIVE FROM THE GROWATT INVERTER.
               This payload is undocumented. Write it down.
     187.981  0x330  [8]  02 01 02 08 0D 32 0D 2B 
     187.992  0x329  [8]  01 00 21 38 01 00 3E 9F 
     188.001  0x323  [8]  20 0E 10 00 00 00 00 00 
     188.002  0x324  [8]  01 39 35 32 32 30 36 32 
     188.015  0x322  [8]  01 00 00 D4 03 01 63 63 
     188.022  0x320  [8]  50 41 C3 85 85 00 00 00 
        0x320  mfr=PA  hw=195  sw=133
     188.031  0x319  [8]  C0 0D 32 0D 2B 11 18 00 
        0x319  chem=0  forceI=0 forceII=0  dis_en=0 chg_en=1  (byte0=0xC0)
     188.042  0x318  [8]  0D 2D 0D 2C 0D 2C 0D 2B 
     188.052  0x317  [8]  0D 32 0D 31 0D 31 0D 31 
     188.062  0x316  [8]  0D 2D 0D 2D 0D 2D 0D 2D 
     188.072  0x315  [8]  0D 30 0D 30 0D 30 0D 2F 
     188.082  0x314  [8]  5B 2C 5B 40 00 07 05 3D 
        0x314  RM=233.40Ah  FCC=233.60Ah  dV=7mV  cycles=1341
     188.092  0x313  [8]  15 0E 00 00 00 EA 63 63 
        0x313  Vraw=5390  -> 53.90V if 0.01V  /  539.0V if 0.1V  |  I=+0.0A  T=23.4C  SOC=99%  SOH=99
     188.103  0x312  [8]  00 00 00 00 02 00 00 00 
        0x312  prot=00 00  warn=00 00  packs=2  mfr=??  cells=0
     188.115  0x311  [8]  02 38 08 24 08 24 01 61 
        0x311  CVL=56.8V  CCL=208.4A  DCL=208.4A  status=0x0161 (chg_en=1 dis_en=1 mode=1)
     188.227  0x301  [8]  0B 16 21 2C 37 42 4D 58 
        0x301  <-- KEEPALIVE FROM THE GROWATT INVERTER.
               This payload is undocumented. Write it down.
     188.726  0x301  [8]  0B 16 21 2C 37 42 4D 58 
        0x301  <-- KEEPALIVE FROM THE GROWATT INVERTER.
               This payload is undocumented. Write it down.
     188.980  0x330  [8]  02 01 02 07 0D 32 0D 2B 
     188.991  0x329  [8]  02 00 18 CB 02 00 3F 3B 
     189.001  0x323  [8]  20 0E 10 00 00 00 00 00 
     189.001  0x324  [8]  02 42 42 37 00 00 00 00 
     189.015  0x322  [8]  01 00 00 D4 03 01 63 63 
     189.021  0x320  [8]  50 41 C3 85 85 00 00 00 
        0x320  mfr=PA  hw=195  sw=133
     189.030  0x319  [8]  C0 0D 32 0D 2B 11 17 00 
        0x319  chem=0  forceI=0 forceII=0  dis_en=0 chg_en=1  (byte0=0xC0)
     189.041  0x318  [8]  0D 2D 0D 2C 0D 2B 0D 2B 
     189.051  0x317  [8]  0D 32 0D 31 0D 31 0D 31 
     189.061  0x316  [8]  0D 2E 0D 2D 0D 2D 0D 2D 
     189.071  0x315  [8]  0D 30 0D 30 0D 30 0D 30 
     189.081  0x314  [8]  5B 2C 5B 40 00 07 05 3D 
        0x314  RM=233.40Ah  FCC=233.60Ah  dV=7mV  cycles=1341
     189.092  0x313  [8]  15 0E 00 00 00 EA 63 63 
        0x313  Vraw=5390  -> 53.90V if 0.01V  /  539.0V if 0.1V  |  I=+0.0A  T=23.4C  SOC=99%  SOH=99
     189.103  0x312  [8]  00 00 00 00 02 00 00 00 
        0x312  prot=00 00  warn=00 00  packs=2  mfr=??  cells=0
     189.115  0x311  [8]  02 38 08 24 08 24 01 61 
        0x311  CVL=56.8V  CCL=208.4A  DCL=208.4A  status=0x0161 (chg_en=1 dis_en=1 mode=1)
     189.226  0x301  [8]  0B 16 21 2C 37 42 4D 58 
        0x301  <-- KEEPALIVE FROM THE GROWATT INVERTER.
               This payload is undocumented. Write it down.
     189.727  0x301  [8]  0B 16 21 2C 37 42 4D 58 
        0x301  <-- KEEPALIVE FROM THE GROWATT INVERTER.
               This payload is undocumented. Write it down.
     189.980  0x330  [8]  02 01 02 07 0D 32 0D 2C 
     189.990  0x329  [8]  01 00 21 38 01 00 3E 9F 
     190.000  0x323  [8]  20 0E 10 00 00 00 00 00 
     190.000  0x324  [8]  00 01 47 50 4A 30 32 31 
     190.014  0x322  [8]  01 00 00 D4 03 01 63 63 
     190.020  0x320  [8]  50 41 C3 85 85 00 00 00 
        0x320  mfr=PA  hw=195  sw=133
     190.029  0x319  [8]  C0 0D 32 0D 2C 11 17 00 
        0x319  chem=0  forceI=0 forceII=0  dis_en=0 chg_en=1  (byte0=0xC0)
     190.040  0x318  [8]  0D 2D 0D 2D 0D 2C 0D 2C 
     190.050  0x317  [8]  0D 32 0D 31 0D 31 0D 31 
     190.060  0x316  [8]  0D 2E 0D 2E 0D 2E 0D 2D 
     190.070  0x315  [8]  0D 31 0D 30 0D 30 0D 30 
     190.080  0x314  [8]  5B 2C 5B 40 00 06 05 3D 
        0x314  RM=233.40Ah  FCC=233.60Ah  dV=6mV  cycles=1341
     190.091  0x313  [8]  15 0E 00 12 00 EA 63 63 
        0x313  Vraw=5390  -> 53.90V if 0.01V  /  539.0V if 0.1V  |  I=+1.8A  T=23.4C  SOC=99%  SOH=99
     190.102  0x312  [8]  00 00 00 00 02 00 00 00 
        0x312  prot=00 00  warn=00 00  packs=2  mfr=??  cells=0
     190.114  0x311  [8]  02 38 08 24 08 24 01 61 
        0x311  CVL=56.8V  CCL=208.4A  DCL=208.4A  status=0x0161 (chg_en=1 dis_en=1 mode=1)
     190.226  0x301  [8]  0B 16 21 2C 37 42 4D 58 
        0x301  <-- KEEPALIVE FROM THE GROWATT INVERTER.
               This payload is undocumented. Write it down.
     190.727  0x301  [8]  0B 16 21 2C 37 42 4D 58 
        0x301  <-- KEEPALIVE FROM THE GROWATT INVERTER.
               This payload is undocumented. Write it down.
     190.979  0x330  [8]  02 01 02 06 0D 32 0D 2C 
     190.990  0x329  [8]  02 00 18 CB 02 00 3F 3B 
     190.999  0x323  [8]  20 0E 10 00 00 00 00 00 
     190.999  0x324  [8]  01 39 35 32 32 30 36 32 
     191.013  0x322  [8]  01 00 00 D4 03 01 63 63 
     191.020  0x320  [8]  50 41 C3 85 85 00 00 00 
        0x320  mfr=PA  hw=195  sw=133
     191.029  0x319  [8]  C0 0D 32 0D 2C 11 16 00 
        0x319  chem=0  forceI=0 forceII=0  dis_en=0 chg_en=1  (byte0=0xC0)
     191.039  0x318  [8]  0D 2D 0D 2C 0D 2C 0D 2C 
     191.049  0x317  [8]  0D 32 0D 31 0D 31 0D 31 
     191.059  0x316  [8]  0D 2E 0D 2E 0D 2E 0D 2D 
     191.069  0x315  [8]  0D 31 0D 30 0D 30 0D 30 
     191.079  0x314  [8]  5B 2C 5B 40 00 06 05 3D 
        0x314  RM=233.40Ah  FCC=233.60Ah  dV=6mV  cycles=1341
     191.090  0x313  [8]  15 0E 00 0F 00 EA 63 63 
        0x313  Vraw=5390  -> 53.90V if 0.01V  /  539.0V if 0.1V  |  I=+1.5A  T=23.4C  SOC=99%  SOH=99
     191.101  0x312  [8]  00 00 00 00 02 00 00 00 
        0x312  prot=00 00  warn=00 00  packs=2  mfr=??  cells=0
     191.113  0x311  [8]  02 38 08 24 08 24 01 61 
        0x311  CVL=56.8V  CCL=208.4A  DCL=208.4A  status=0x0161 (chg_en=1 dis_en=1 mode=1)
     191.226  0x301  [8]  0B 16 21 2C 37 42 4D 58 
        0x301  <-- KEEPALIVE FROM THE GROWATT INVERTER.
               This payload is undocumented. Write it down.
     191.727  0x301  [8]  0B 16 21 2C 37 42 4D 58 
        0x301  <-- KEEPALIVE FROM THE GROWATT INVERTER.
               This payload is undocumented. Write it down.
     191.978  0x330  [8]  02 01 02 07 0D 32 0D 2B 
     191.989  0x329  [8]  01 00 21 38 01 00 3E 9F 
     191.999  0x323  [8]  20 0E 10 00 00 00 00 00 
     191.999  0x324  [8]  02 43 30 37 00 00 00 00 
     192.012  0x322  [8]  01 00 00 D4 03 01 63 63 
     192.019  0x320  [8]  50 41 C3 85 85 00 00 00 
        0x320  mfr=PA  hw=195  sw=133
     192.028  0x319  [8]  C0 0D 32 0D 2B 11 17 00 
        0x319  chem=0  forceI=0 forceII=0  dis_en=0 chg_en=1  (byte0=0xC0)
     192.039  0x318  [8]  0D 2D 0D 2D 0D 2C 0D 2B 
     192.049  0x317  [8]  0D 32 0D 31 0D 31 0D 31 
     192.059  0x316  [8]  0D 2E 0D 2E 0D 2E 0D 2E 
     192.069  0x315  [8]  0D 31 0D 30 0D 30 0D 30 
     192.078  0x314  [8]  5B 2C 5B 40 00 07 05 3D 
        0x314  RM=233.40Ah  FCC=233.60Ah  dV=7mV  cycles=1341
     192.089  0x313  [8]  15 0E 00 0F 00 EA 63 63 
        0x313  Vraw=5390  -> 53.90V if 0.01V  /  539.0V if 0.1V  |  I=+1.5A  T=23.4C  SOC=99%  SOH=99
     192.100  0x312  [8]  00 00 00 00 02 00 00 00 
        0x312  prot=00 00  warn=00 00  packs=2  mfr=??  cells=0
     192.112  0x311  [8]  02 38 08 24 08 24 01 62 
        0x311  CVL=56.8V  CCL=208.4A  DCL=208.4A  status=0x0162 (chg_en=1 dis_en=1 mode=2)
     192.226  0x301  [8]  0B 16 21 2C 37 42 4D 58 
        0x301  <-- KEEPALIVE FROM THE GROWATT INVERTER.
               This payload is undocumented. Write it down.
     192.726  0x301  [8]  0B 16 21 2C 37 42 4D 58 
        0x301  <-- KEEPALIVE FROM THE GROWATT INVERTER.
               This payload is undocumented. Write it down.
     192.977  0x330  [8]  02 01 02 08 0D 32 0D 2B 
     192.988  0x329  [8]  02 00 18 CB 02 00 3F 3B 
     192.997  0x323  [8]  20 0E 10 00 00 00 00 00 
     192.998  0x324  [8]  00 02 47 50 4A 30 32 31 
     193.011  0x322  [8]  01 00 00 D4 03 01 63 63 
     193.018  0x320  [8]  50 41 C3 85 85 00 00 00 
        0x320  mfr=PA  hw=195  sw=133
     193.027  0x319  [8]  C0 0D 32 0D 2B 11 18 00 
        0x319  chem=0  forceI=0 forceII=0  dis_en=0 chg_en=1  (byte0=0xC0)
     193.038  0x318  [8]  0D 2D 0D 2D 0D 2C 0D 2B 
     193.048  0x317  [8]  0D 32 0D 31 0D 31 0D 31 
     193.058  0x316  [8]  0D 2E 0D 2E 0D 2E 0D 2E 
     193.068  0x315  [8]  0D 31 0D 30 0D 30 0D 2F 
     193.077  0x314  [8]  5B 2C 5B 40 00 07 05 3D 
        0x314  RM=233.40Ah  FCC=233.60Ah  dV=7mV  cycles=1341
     193.088  0x313  [8]  15 18 00 0F 00 EA 63 63 
        0x313  Vraw=5400  -> 54.00V if 0.01V  /  540.0V if 0.1V  |  I=+1.5A  T=23.4C  SOC=99%  SOH=99
     193.099  0x312  [8]  00 00 00 00 02 00 00 00 
        0x312  prot=00 00  warn=00 00  packs=2  mfr=??  cells=0
     193.111  0x311  [8]  02 38 08 24 08 24 01 62 
        0x311  CVL=56.8V  CCL=208.4A  DCL=208.4A  status=0x0162 (chg_en=1 dis_en=1 mode=2)
     193.226  0x301  [8]  0B 16 21 2C 37 42 4D 58 
        0x301  <-- KEEPALIVE FROM THE GROWATT INVERTER.
               This payload is undocumented. Write it down.
     193.726  0x301  [8]  0B 16 21 2C 37 42 4D 58 
        0x301  <-- KEEPALIVE FROM THE GROWATT INVERTER.
               This payload is undocumented. Write it down.
     193.977  0x330  [8]  02 01 02 06 0D 32 0D 2C 
     193.987  0x329  [8]  01 00 21 38 01 00 3E 9F 
     193.996  0x323  [8]  20 0E 10 00 00 00 00 00 
     193.997  0x324  [8]  01 39 35 32 32 30 36 32 
     194.010  0x322  [8]  01 00 00 D4 03 01 63 63 
     194.017  0x320  [8]  50 41 C3 85 85 00 00 00 
        0x320  mfr=PA  hw=195  sw=133
     194.026  0x319  [8]  C0 0D 32 0D 2C 11 16 00 
        0x319  chem=0  forceI=0 forceII=0  dis_en=0 chg_en=1  (byte0=0xC0)
     194.037  0x318  [8]  0D 2D 0D 2C 0D 2C 0D 2C 
     194.047  0x317  [8]  0D 32 0D 32 0D 31 0D 31 
     194.057  0x316  [8]  0D 2E 0D 2E 0D 2E 0D 2D 
     194.067  0x315  [8]  0D 30 0D 30 0D 30 0D 30 
     194.077  0x314  [8]  5B 2C 5B 40 00 06 05 3D 
        0x314  RM=233.40Ah  FCC=233.60Ah  dV=6mV  cycles=1341
     194.087  0x313  [8]  15 0E 00 0F 00 EA 63 63 
        0x313  Vraw=5390  -> 53.90V if 0.01V  /  539.0V if 0.1V  |  I=+1.5A  T=23.4C  SOC=99%  SOH=99
     194.098  0x312  [8]  00 00 00 00 02 00 00 00 
        0x312  prot=00 00  warn=00 00  packs=2  mfr=??  cells=0
     194.110  0x311  [8]  02 38 08 24 08 24 01 62 
        0x311  CVL=56.8V  CCL=208.4A  DCL=208.4A  status=0x0162 (chg_en=1 dis_en=1 mode=2)
     194.226  0x301  [8]  0B 16 21 2C 37 42 4D 58 
        0x301  <-- KEEPALIVE FROM THE GROWATT INVERTER.
               This payload is undocumented. Write it down.
     194.726  0x301  [8]  0B 16 21 2C 37 42 4D 58 
        0x301  <-- KEEPALIVE FROM THE GROWATT INVERTER.
               This payload is undocumented. Write it down.
     194.975  0x330  [8]  02 01 02 08 0D 33 0D 2B 
     194.986  0x329  [8]  02 00 18 CB 02 00 3F 3B 
     194.996  0x323  [8]  20 0E 10 00 00 00 00 00 
     194.996  0x324  [8]  02 42 42 37 00 00 00 00 
     195.010  0x322  [8]  01 00 00 D4 03 01 63 63 
     195.016  0x320  [8]  50 41 C3 85 85 00 00 00 
        0x320  mfr=PA  hw=195  sw=133
     195.025  0x319  [8]  C0 0D 33 0D 2B 11 18 00 
        0x319  chem=0  forceI=0 forceII=0  dis_en=0 chg_en=1  (byte0=0xC0)
     195.036  0x318  [8]  0D 2D 0D 2D 0D 2C 0D 2B 
     195.046  0x317  [8]  0D 33 0D 31 0D 31 0D 31 
     195.056  0x316  [8]  0D 2E 0D 2D 0D 2D 0D 2D 
     195.066  0x315  [8]  0D 31 0D 30 0D 30 0D 30 
     195.076  0x314  [8]  5B 2C 5B 40 00 08 05 3D 
        0x314  RM=233.40Ah  FCC=233.60Ah  dV=8mV  cycles=1341
     195.087  0x313  [8]  15 0E 00 0E 00 EA 63 63 
        0x313  Vraw=5390  -> 53.90V if 0.01V  /  539.0V if 0.1V  |  I=+1.4A  T=23.4C  SOC=99%  SOH=99
     195.098  0x312  [8]  00 00 00 00 02 00 00 00 
        0x312  prot=00 00  warn=00 00  packs=2  mfr=??  cells=0
     195.109  0x311  [8]  02 38 08 24 08 24 01 62 
        0x311  CVL=56.8V  CCL=208.4A  DCL=208.4A  status=0x0162 (chg_en=1 dis_en=1 mode=2)
     195.226  0x301  [8]  0B 16 21 2C 37 42 4D 58 
        0x301  <-- KEEPALIVE FROM THE GROWATT INVERTER.
               This payload is undocumented. Write it down.
     195.726  0x301  [8]  0B 16 21 2C 37 42 4D 58 
        0x301  <-- KEEPALIVE FROM THE GROWATT INVERTER.
               This payload is undocumented. Write it down.
     195.975  0x330  [8]  02 01 02 07 0D 32 0D 2C 
     195.985  0x329  [8]  01 00 21 38 01 00 3E 9F 
     195.995  0x323  [8]  20 0E 10 00 00 00 00 00 
     195.995  0x324  [8]  00 01 47 50 4A 30 32 31 
     196.009  0x322  [8]  01 00 00 D4 03 01 63 63 
     196.015  0x320  [8]  50 41 C3 85 85 00 00 00 
        0x320  mfr=PA  hw=195  sw=133
     196.024  0x319  [8]  C0 0D 32 0D 2C 11 17 00 
        0x319  chem=0  forceI=0 forceII=0  dis_en=0 chg_en=1  (byte0=0xC0)
     196.035  0x318  [8]  0D 2D 0D 2D 0D 2C 0D 2C 
     196.045  0x317  [8]  0D 32 0D 31 0D 31 0D 31 
     196.055  0x316  [8]  0D 2E 0D 2E 0D 2D 0D 2D 
     196.065  0x315  [8]  0D 31 0D 30 0D 30 0D 30 
     196.075  0x314  [8]  5B 2C 5B 40 00 06 05 3D 
        0x314  RM=233.40Ah  FCC=233.60Ah  dV=6mV  cycles=1341
     196.086  0x313  [8]  15 0E 00 0E 00 EA 63 63 
        0x313  Vraw=5390  -> 53.90V if 0.01V  /  539.0V if 0.1V  |  I=+1.4A  T=23.4C  SOC=99%  SOH=99
     196.097  0x312  [8]  00 00 00 00 02 00 00 00 
        0x312  prot=00 00  warn=00 00  packs=2  mfr=??  cells=0
     196.109  0x311  [8]  02 38 08 24 08 24 01 62 
        0x311  CVL=56.8V  CCL=208.4A  DCL=208.4A  status=0x0162 (chg_en=1 dis_en=1 mode=2)
     196.226  0x301  [8]  0B 16 21 2C 37 42 4D 58 
        0x301  <-- KEEPALIVE FROM THE GROWATT INVERTER.
               This payload is undocumented. Write it down.
     196.726  0x301  [8]  0B 16 21 2C 37 42 4D 58 
        0x301  <-- KEEPALIVE FROM THE GROWATT INVERTER.
               This payload is undocumented. Write it down.
     196.974  0x330  [8]  02 01 02 06 0D 32 0D 2C 
     196.985  0x329  [8]  02 00 18 CB 02 00 3F 3B 
     196.994  0x323  [8]  20 0E 10 00 00 00 00 00 
     196.994  0x324  [8]  01 39 35 32 32 30 36 32 
     197.008  0x322  [8]  01 00 00 D4 03 01 63 63 
     197.015  0x320  [8]  50 41 C3 85 85 00 00 00 
        0x320  mfr=PA  hw=195  sw=133
     197.024  0x319  [8]  C0 0D 32 0D 2C 11 16 00 
        0x319  chem=0  forceI=0 forceII=0  dis_en=0 chg_en=1  (byte0=0xC0)
     197.034  0x318  [8]  0D 2D 0D 2C 0D 2C 0D 2C 
     197.044  0x317  [8]  0D 32 0D 31 0D 31 0D 31 
     197.054  0x316  [8]  0D 2E 0D 2E 0D 2E 0D 2E 
     197.064  0x315  [8]  0D 31 0D 30 0D 30 0D 30 
     197.074  0x314  [8]  5B 2C 5B 40 00 06 05 3D 
        0x314  RM=233.40Ah  FCC=233.60Ah  dV=6mV  cycles=1341
     197.085  0x313  [8]  15 18 00 0E 00 EA 63 63 
        0x313  Vraw=5400  -> 54.00V if 0.01V  /  540.0V if 0.1V  |  I=+1.4A  T=23.4C  SOC=99%  SOH=99
     197.096  0x312  [8]  00 00 00 00 02 00 00 00 
        0x312  prot=00 00  warn=00 00  packs=2  mfr=??  cells=0
     197.108  0x311  [8]  02 38 08 24 08 24 01 62 
        0x311  CVL=56.8V  CCL=208.4A  DCL=208.4A  status=0x0162 (chg_en=1 dis_en=1 mode=2)
     197.226  0x301  [8]  0B 16 21 2C 37 42 4D 58 
        0x301  <-- KEEPALIVE FROM THE GROWATT INVERTER.
               This payload is undocumented. Write it down.

======================================================================
  8770 frames, 197 s elapsed
  ID     count   period(ms)  DLC  last payload             changing
  ----------------------------------------------------------------------
  0x301     277    711 (499-58847)  8   0B 16 21 2C 37 42 4D 58  ........
  0x330     389    504 (0-2958)  8   02 01 02 06 0D 32 0D 2C  ****.*.*
  0x329     735    266 (0-1740)  8   02 00 18 CB 02 00 3F 3B  *.***.**
  0x323     479    409 (0-1892)  8   20 0E 10 00 00 00 00 00  ........
  0x324     535    366 (0-1881)  8   01 39 35 32 32 30 36 32  ********
  0x322     726    270 (0-2522)  8   01 00 00 D4 03 01 63 63  ........
  0x320     486    403 (0-2440)  8   50 41 C3 85 85 00 00 00  ........
  0x319     445    441 (10-2346)  8   C0 0D 32 0D 2C 11 16 00  ..*.***.
  0x318     405    484 (0-2976)  8   0D 2D 0D 2C 0D 2C 0D 2C  .*.*.*.*
  0x317     363    540 (0-2957)  8   0D 32 0D 31 0D 31 0D 31  .*.*.*.*
  0x316     381    515 (0-2955)  8   0D 2E 0D 2E 0D 2E 0D 2E  .*.*.*.*
  0x315     737    266 (0-2143)  8   0D 31 0D 30 0D 30 0D 30  .*.*.*.*
  0x314     753    260 (0-1942)  8   5B 2C 5B 40 00 06 05 3D  .....*..
  0x313     575    341 (11-1634)  8   15 18 00 0E 00 EA 63 63  .***....
  0x312     420    467 (0-1698)  8   00 00 00 00 02 00 00 00  ........
  0x311    1064    184 (11-2465)  8   02 38 08 24 08 24 01 62  .......*
  ----------------------------------------------------------------------
  Auto-scaled pack voltage: 54.00 V  (SOC 99%)
  Cross-check this against the Growatt app before trusting it.
======================================================================

     197.726  0x301  [8]  0B 16 21 2C 37 42 4D 58 
        0x301  <-- KEEPALIVE FROM THE GROWATT INVERTER.
               This payload is undocumented. Write it down.
     197.973  0x330  [8]  02 01 02 08 0D 33 0D 2B 
     197.984  0x329  [8]  01 00 21 38 01 00 3E 9F 
     197.994  0x323  [8]  20 0E 10 00 00 00 00 00 
     197.994  0x324  [8]  02 43 30 37 00 00 00 00 
     198.007  0x322  [8]  01 00 00 D4 03 01 63 63 
     198.014  0x320  [8]  50 41 C3 85 85 00 00 00 
        0x320  mfr=PA  hw=195  sw=133
     198.023  0x319  [8]  C0 0D 33 0D 2B 11 18 00 
        0x319  chem=0  forceI=0 forceII=0  dis_en=0 chg_en=1  (byte0=0xC0)
     198.034  0x318  [8]  0D 2D 0D 2D 0D 2C 0D 2B 
     198.044  0x317  [8]  0D 33 0D 31 0D 31 0D 31 
     198.054  0x316  [8]  0D 2E 0D 2E 0D 2E 0D 2E 
     198.064  0x315  [8]  0D 31 0D 30 0D 30 0D 30 
     198.073  0x314  [8]  5B 2C 5B 40 00 08 05 3D 
        0x314  RM=233.40Ah  FCC=233.60Ah  dV=8mV  cycles=1341
     198.084  0x313  [8]  15 0E 00 0F 00 EA 63 63 
        0x313  Vraw=5390  -> 53.90V if 0.01V  /  539.0V if 0.1V  |  I=+1.5A  T=23.4C  SOC=99%  SOH=99
     198.095  0x312  [8]  00 00 00 00 02 00 00 00 
        0x312  prot=00 00  warn=00 00  packs=2  mfr=??  cells=0
     198.107  0x311  [8]  02 38 08 24 08 24 01 62 
        0x311  CVL=56.8V  CCL=208.4A  DCL=208.4A  status=0x0162 (chg_en=1 dis_en=1 mode=2)
     198.226  0x301  [8]  0B 16 21 2C 37 42 4D 58 
        0x301  <-- KEEPALIVE FROM THE GROWATT INVERTER.
               This payload is undocumented. Write it down.
     198.726  0x301  [8]  0B 16 21 2C 37 42 4D 58 
        0x301  <-- KEEPALIVE FROM THE GROWATT INVERTER.
               This payload is undocumented. Write it down.
     198.972  0x330  [8]  02 01 02 06 0D 32 0D 2C 
     198.983  0x329  [8]  02 00 18 CB 02 00 3F 3B 
     198.992  0x323  [8]  20 0E 10 00 00 00 00 00 
     198.993  0x324  [8]  00 02 47 50 4A 30 32 31 
     199.006  0x322  [8]  01 00 00 D4 03 01 63 63 
     199.013  0x320  [8]  50 41 C3 85 85 00 00 00 
        0x320  mfr=PA  hw=195  sw=133
     199.022  0x319  [8]  C0 0D 32 0D 2C 11 16 00 
        0x319  chem=0  forceI=0 forceII=0  dis_en=0 chg_en=1  (byte0=0xC0)
     199.033  0x318  [8]  0D 2D 0D 2C 0D 2C 0D 2C 
     199.043  0x317  [8]  0D 32 0D 31 0D 31 0D 31 
     199.053  0x316  [8]  0D 2E 0D 2E 0D 2E 0D 2D 
     199.063  0x315  [8]  0D 31 0D 30 0D 30 0D 30 
     199.072  0x314  [8]  5B 2C 5B 40 00 06 05 3D 
        0x314  RM=233.40Ah  FCC=233.60Ah  dV=6mV  cycles=1341
     199.083  0x313  [8]  15 0E 00 0E 00 EA 63 63 
        0x313  Vraw=5390  -> 53.90V if 0.01V  /  539.0V if 0.1V  |  I=+1.4A  T=23.4C  SOC=99%  SOH=99
     199.094  0x312  [8]  00 00 00 00 02 00 00 00 
        0x312  prot=00 00  warn=00 00  packs=2  mfr=??  cells=0
     199.106  0x311  [8]  02 38 08 24 08 24 01 62 
        0x311  CVL=56.8V  CCL=208.4A  DCL=208.4A  status=0x0162 (chg_en=1 dis_en=1 mode=2)
     199.226  0x301  [8]  0B 16 21 2C 37 42 4D 58 
        0x301  <-- KEEPALIVE FROM THE GROWATT INVERTER.
               This payload is undocumented. Write it down.
     199.725  0x301  [8]  0B 16 21 2C 37 42 4D 58 
        0x301  <-- KEEPALIVE FROM THE GROWATT INVERTER.
               This payload is undocumented. Write it down.
     199.971  0x330  [8]  02 01 02 07 0D 32 0D 2C 
     199.982  0x329  [8]  01 00 21 38 01 00 3E 9F 
     199.991  0x323  [8]  20 0E 10 00 00 00 00 00 
     199.992  0x324  [8]  01 39 35 32 32 30 36 32 
     200.005  0x322  [8]  01 00 00 D4 03 01 63 63 
     200.012  0x320  [8]  50 41 C3 85 85 00 00 00 
        0x320  mfr=PA  hw=195  sw=133
     200.021  0x319  [8]  C0 0D 32 0D 2C 11 17 00 
        0x319  chem=0  forceI=0 forceII=0  dis_en=0 chg_en=1  (byte0=0xC0)
     200.032  0x318  [8]  0D 2D 0D 2D 0D 2C 0D 2C 
     200.042  0x317  [8]  0D 32 0D 31 0D 31 0D 31 
     200.052  0x316  [8]  0D 2E 0D 2E 0D 2E 0D 2D 
     200.062  0x315  [8]  0D 31 0D 30 0D 30 0D 30 
     200.072  0x314  [8]  5B 2C 5B 40 00 06 05 3D 
        0x314  RM=233.40Ah  FCC=233.60Ah  dV=6mV  cycles=1341
     200.082  0x313  [8]  15 0E 00 0E 00 EA 63 63 
        0x313  Vraw=5390  -> 53.90V if 0.01V  /  539.0V if 0.1V  |  I=+1.4A  T=23.4C  SOC=99%  SOH=99
     200.093  0x312  [8]  00 00 00 00 02 00 00 00 
        0x312  prot=00 00  warn=00 00  packs=2  mfr=??  cells=0
     200.105  0x311  [8]  02 38 08 24 08 24 01 62 
        0x311  CVL=56.8V  CCL=208.4A  DCL=208.4A  status=0x0162 (chg_en=1 dis_en=1 mode=2)
     200.225  0x301  [8]  0B 16 21 2C 37 42 4D 58 
        0x301  <-- KEEPALIVE FROM THE GROWATT INVERTER.
               This payload is undocumented. Write it down.
     200.726  0x301  [8]  0B 16 21 2C 37 42 4D 58 
        0x301  <-- KEEPALIVE FROM THE GROWATT INVERTER.
               This payload is undocumented. Write it down.
     200.970  0x330  [8]  02 01 02 06 0D 32 0D 2C 
     200.981  0x329  [8]  02 00 18 CB 02 00 3F 3B 
     200.991  0x323  [8]  20 0E 10 00 00 00 00 00 
     200.991  0x324  [8]  02 42 42 37 00 00 00 00 
     201.004  0x322  [8]  01 00 00 D4 03 01 63 63 
     201.011  0x320  [8]  50 41 C3 85 85 00 00 00 
        0x320  mfr=PA  hw=195  sw=133
     201.020  0x319  [8]  C0 0D 32 0D 2C 11 16 00 
        0x319  chem=0  forceI=0 forceII=0  dis_en=0 chg_en=1  (byte0=0xC0)
     201.031  0x318  [8]  0D 2D 0D 2C 0D 2C 0D 2C 
     201.041  0x317  [8]  0D 32 0D 31 0D 31 0D 31 
     201.051  0x316  [8]  0D 2E 0D 2E 0D 2E 0D 2E 
     201.061  0x315  [8]  0D 31 0D 30 0D 30 0D 30 
     201.071  0x314  [8]  5B 2C 5B 40 00 06 05 3D 
        0x314  RM=233.40Ah  FCC=233.60Ah  dV=6mV  cycles=1341
     201.082  0x313  [8]  15 18 00 0F 00 EA 63 63 
        0x313  Vraw=5400  -> 54.00V if 0.01V  /  540.0V if 0.1V  |  I=+1.5A  T=23.4C  SOC=99%  SOH=99
     201.093  0x312  [8]  00 00 00 00 02 00 00 00 
        0x312  prot=00 00  warn=00 00  packs=2  mfr=??  cells=0
     201.104  0x311  [8]  02 38 08 24 08 24 01 62 
        0x311  CVL=56.8V  CCL=208.4A  DCL=208.4A  status=0x0162 (chg_en=1 dis_en=1 mode=2)
     201.226  0x301  [8]  0B 16 21 2C 37 42 4D 58 
        0x301  <-- KEEPALIVE FROM THE GROWATT INVERTER.
               This payload is undocumented. Write it down.
     201.725  0x301  [8]  0B 16 21 2C 37 42 4D 58 
        0x301  <-- KEEPALIVE FROM THE GROWATT INVERTER.
               This payload is undocumented. Write it down.
     201.970  0x330  [8]  02 01 02 07 0D 32 0D 2C 
     201.980  0x329  [8]  01 00 21 38 01 00 3E 9F 
     201.990  0x323  [8]  20 0E 10 00 00 00 00 00 
     201.990  0x324  [8]  00 01 47 50 4A 30 32 31 
     202.004  0x322  [8]  01 00 00 D4 03 01 63 63 
     202.010  0x320  [8]  50 41 C3 85 85 00 00 00 
        0x320  mfr=PA  hw=195  sw=133
     202.019  0x319  [8]  C0 0D 32 0D 2C 11 17 00 
        0x319  chem=0  forceI=0 forceII=0  dis_en=0 chg_en=1  (byte0=0xC0)
     202.030  0x318  [8]  0D 2D 0D 2D 0D 2C 0D 2C 
     202.040  0x317  [8]  0D 32 0D 31 0D 31 0D 31 
     202.050  0x316  [8]  0D 2E 0D 2E 0D 2D 0D 2D 
     202.060  0x315  [8]  0D 31 0D 30 0D 30 0D 30 
     202.070  0x314  [8]  5B 2C 5B 40 00 06 05 3D 
        0x314  RM=233.40Ah  FCC=233.60Ah  dV=6mV  cycles=1341
     202.081  0x313  [8]  15 0E 00 0F 00 EA 63 63 
        0x313  Vraw=5390  -> 53.90V if 0.01V  /  539.0V if 0.1V  |  I=+1.5A  T=23.4C  SOC=99%  SOH=99
     202.092  0x312  [8]  00 00 00 00 02 00 00 00 
        0x312  prot=00 00  warn=00 00  packs=2  mfr=??  cells=0
     202.104  0x311  [8]  02 38 08 24 08 24 01 62 
        0x311  CVL=56.8V  CCL=208.4A  DCL=208.4A  status=0x0162 (chg_en=1 dis_en=1 mode=2)
     202.225  0x301  [8]  0B 16 21 2C 37 42 4D 58 
        0x301  <-- KEEPALIVE FROM THE GROWATT INVERTER.
               This payload is undocumented. Write it down.
     202.726  0x301  [8]  0B 16 21 2C 37 42 4D 58 
        0x301  <-- KEEPALIVE FROM THE GROWATT INVERTER.
               This payload is undocumented. Write it down.
     202.969  0x330  [8]  02 01 02 08 0D 32 0D 2B 
     202.980  0x329  [8]  02 00 18 CB 02 00 3F 3B 
     202.989  0x323  [8]  20 0E 10 00 00 00 00 00 
     202.989  0x324  [8]  01 39 35 32 32 30 36 32 
     203.003  0x322  [8]  01 00 00 D4 03 01 63 63 
     203.009  0x320  [8]  50 41 C3 85 85 00 00 00 
        0x320  mfr=PA  hw=195  sw=133
     203.019  0x319  [8]  C0 0D 32 0D 2B 11 18 00 
        0x319  chem=0  forceI=0 forceII=0  dis_en=0 chg_en=1  (byte0=0xC0)
     203.029  0x318  [8]  0D 2D 0D 2D 0D 2C 0D 2B 
     203.039  0x317  [8]  0D 32 0D 31 0D 31 0D 31 
     203.049  0x316  [8]  0D 2E 0D 2E 0D 2E 0D 2E 
     203.059  0x315  [8]  0D 31 0D 30 0D 30 0D 30 
     203.069  0x314  [8]  5B 2C 5B 40 00 07 05 3D 
        0x314  RM=233.40Ah  FCC=233.60Ah  dV=7mV  cycles=1341
     203.080  0x313  [8]  15 18 00 0F 00 EA 63 63 
        0x313  Vraw=5400  -> 54.00V if 0.01V  /  540.0V if 0.1V  |  I=+1.5A  T=23.4C  SOC=99%  SOH=99
     203.091  0x312  [8]  00 00 00 00 02 00 00 00 
        0x312  prot=00 00  warn=00 00  packs=2  mfr=??  cells=0
     203.103  0x311  [8]  02 38 08 24 08 24 01 62 
        0x311  CVL=56.8V  CCL=208.4A  DCL=208.4A  status=0x0162 (chg_en=1 dis_en=1 mode=2)
     203.225  0x301  [8]  0B 16 21 2C 37 42 4D 58 
        0x301  <-- KEEPALIVE FROM THE GROWATT INVERTER.
               This payload is undocumented. Write it down.
     203.726  0x301  [8]  0B 16 21 2C 37 42 4D 58 
        0x301  <-- KEEPALIVE FROM THE GROWATT INVERTER.
               This payload is undocumented. Write it down.
     203.968  0x330  [8]  02 01 02 06 0D 32 0D 2C 
     203.979  0x329  [8]  01 00 21 38 01 00 3E 9F 
     203.989  0x323  [8]  20 0E 10 00 00 00 00 00 
     203.989  0x324  [8]  02 43 30 37 00 00 00 00 
     204.002  0x322  [8]  01 00 00 D4 03 01 63 63 
     204.009  0x320  [8]  50 41 C3 85 85 00 00 00 
        0x320  mfr=PA  hw=195  sw=133
     204.018  0x319  [8]  C0 0D 32 0D 2C 11 16 00 
        0x319  chem=0  forceI=0 forceII=0  dis_en=0 chg_en=1  (byte0=0xC0)
     204.029  0x318  [8]  0D 2D 0D 2C 0D 2C 0D 2C 
     204.039  0x317  [8]  0D 32 0D 31 0D 31 0D 31 
     204.049  0x316  [8]  0D 2E 0D 2E 0D 2E 0D 2D 
     204.059  0x315  [8]  0D 31 0D 30 0D 30 0D 30 
     204.068  0x314  [8]  5B 2C 5B 40 00 06 05 3D 
        0x314  RM=233.40Ah  FCC=233.60Ah  dV=6mV  cycles=1341
     204.079  0x313  [8]  15 18 00 0E 00 EA 63 63 
        0x313  Vraw=5400  -> 54.00V if 0.01V  /  540.0V if 0.1V  |  I=+1.4A  T=23.4C  SOC=99%  SOH=99
     204.090  0x312  [8]  00 00 00 00 02 00 00 00 
        0x312  prot=00 00  warn=00 00  packs=2  mfr=??  cells=0
     204.102  0x311  [8]  02 38 08 24 08 24 01 62 
        0x311  CVL=56.8V  CCL=208.4A  DCL=208.4A  status=0x0162 (chg_en=1 dis_en=1 mode=2)
     204.225  0x301  [8]  0B 16 21 2C 37 42 4D 58 
        0x301  <-- KEEPALIVE FROM THE GROWATT INVERTER.
               This payload is undocumented. Write it down.
     204.725  0x301  [8]  0B 16 21 2C 37 42 4D 58 
        0x301  <-- KEEPALIVE FROM THE GROWATT INVERTER.
               This payload is undocumented. Write it down.
     204.967  0x330  [8]  02 01 02 07 0D 32 0D 2C 
     204.978  0x329  [8]  02 00 18 CB 02 00 3F 3B 
     204.987  0x323  [8]  20 0E 10 00 00 00 00 00 
     204.988  0x324  [8]  00 02 47 50 4A 30 32 31 
     205.001  0x322  [8]  01 00 00 D4 03 01 63 63 
     205.008  0x320  [8]  50 41 C3 85 85 00 00 00 
        0x320  mfr=PA  hw=195  sw=133
     205.017  0x319  [8]  C0 0D 32 0D 2C 11 17 00 
        0x319  chem=0  forceI=0 forceII=0  dis_en=0 chg_en=1  (byte0=0xC0)
     205.028  0x318  [8]  0D 2D 0D 2D 0D 2C 0D 2C 
     205.038  0x317  [8]  0D 32 0D 31 0D 31 0D 31 
     205.048  0x316  [8]  0D 2E 0D 2E 0D 2E 0D 2D 
     205.058  0x315  [8]  0D 31 0D 30 0D 30 0D 30 
     205.067  0x314  [8]  5B 2C 5B 40 00 06 05 3D 
        0x314  RM=233.40Ah  FCC=233.60Ah  dV=6mV  cycles=1341
     205.078  0x313  [8]  15 0E 00 0F 00 EA 63 63 
        0x313  Vraw=5390  -> 53.90V if 0.01V  /  539.0V if 0.1V  |  I=+1.5A  T=23.4C  SOC=99%  SOH=99
     205.089  0x312  [8]  00 00 00 00 02 00 00 00 
        0x312  prot=00 00  warn=00 00  packs=2  mfr=??  cells=0
     205.101  0x311  [8]  02 38 08 24 08 24 01 62 
        0x311  CVL=56.8V  CCL=208.4A  DCL=208.4A  status=0x0162 (chg_en=1 dis_en=1 mode=2)
     205.225  0x301  [8]  0B 16 21 2C 37 42 4D 58 
        0x301  <-- KEEPALIVE FROM THE GROWATT INVERTER.
               This payload is undocumented. Write it down.
     205.725  0x301  [8]  0B 16 21 2C 37 42 4D 58 
        0x301  <-- KEEPALIVE FROM THE GROWATT INVERTER.
               This payload is undocumented. Write it down.
     205.966  0x330  [8]  02 01 02 07 0D 32 0D 2C 
     205.977  0x329  [8]  01 00 21 38 01 00 3E 9F 
     205.986  0x323  [8]  20 0E 10 00 00 00 00 00 
     205.987  0x324  [8]  01 39 35 32 32 30 36 32 
     206.000  0x322  [8]  01 00 00 D4 03 01 63 63 
     206.007  0x320  [8]  50 41 C3 85 85 00 00 00 
        0x320  mfr=PA  hw=195  sw=133
     206.016  0x319  [8]  C0 0D 32 0D 2C 11 17 00 
        0x319  chem=0  forceI=0 forceII=0  dis_en=0 chg_en=1  (byte0=0xC0)
     206.027  0x318  [8]  0D 2D 0D 2D 0D 2C 0D 2C 
     206.037  0x317  [8]  0D 32 0D 31 0D 31 0D 31 
     206.047  0x316  [8]  0D 2E 0D 2D 0D 2D 0D 2D 
     206.057  0x315  [8]  0D 31 0D 30 0D 30 0D 30 
     206.067  0x314  [8]  5B 2C 5B 40 00 06 05 3D 
        0x314  RM=233.40Ah  FCC=233.60Ah  dV=6mV  cycles=1341
     206.077  0x313  [8]  15 0E 00 0E 00 EA 63 63 
        0x313  Vraw=5390  -> 53.90V if 0.01V  /  539.0V if 0.1V  |  I=+1.4A  T=23.4C  SOC=99%  SOH=99
     206.088  0x312  [8]  00 00 00 00 02 00 00 00 
        0x312  prot=00 00  warn=00 00  packs=2  mfr=??  cells=0
     206.100  0x311  [8]  02 38 08 24 08 24 01 62 
        0x311  CVL=56.8V  CCL=208.4A  DCL=208.4A  status=0x0162 (chg_en=1 dis_en=1 mode=2)
     206.225  0x301  [8]  0B 16 21 2C 37 42 4D 58 
        0x301  <-- KEEPALIVE FROM THE GROWATT INVERTER.
               This payload is undocumented. Write it down.
     206.725  0x301  [8]  0B 16 21 2C 37 42 4D 58 
        0x301  <-- KEEPALIVE FROM THE GROWATT INVERTER.
               This payload is undocumented. Write it down.
     206.966  0x330  [8]  02 01 02 08 0D 33 0D 2B 
     206.976  0x329  [8]  02 00 18 CB 02 00 3F 3B 
     206.986  0x323  [8]  20 0E 10 00 00 00 00 00 
     206.986  0x324  [8]  02 42 42 37 00 00 00 00 
     206.999  0x322  [8]  01 00 00 D4 03 01 63 63 
     207.006  0x320  [8]  50 41 C3 85 85 00 00 00 
        0x320  mfr=PA  hw=195  sw=133
     207.015  0x319  [8]  C0 0D 33 0D 2B 11 18 00 
        0x319  chem=0  forceI=0 forceII=0  dis_en=0 chg_en=1  (byte0=0xC0)
     207.026  0x318  [8]  0D 2D 0D 2D 0D 2C 0D 2B 
     207.036  0x317  [8]  0D 33 0D 32 0D 31 0D 31 
     207.046  0x316  [8]  0D 2E 0D 2E 0D 2E 0D 2E 
     207.056  0x315  [8]  0D 31 0D 30 0D 30 0D 30 
     207.066  0x314  [8]  5B 2C 5B 40 00 08 05 3D 
        0x314  RM=233.40Ah  FCC=233.60Ah  dV=8mV  cycles=1341
     207.077  0x313  [8]  15 18 00 0F 00 EA 63 63 
        0x313  Vraw=5400  -> 54.00V if 0.01V  /  540.0V if 0.1V  |  I=+1.5A  T=23.4C  SOC=99%  SOH=99
     207.088  0x312  [8]  00 00 00 00 02 00 00 00 
        0x312  prot=00 00  warn=00 00  packs=2  mfr=??  cells=0
     207.099  0x311  [8]  02 38 08 24 08 24 01 62 
        0x311  CVL=56.8V  CCL=208.4A  DCL=208.4A  status=0x0162 (chg_en=1 dis_en=1 mode=2)
     207.225  0x301  [8]  0B 16 21 2C 37 42 4D 58 
        0x301  <-- KEEPALIVE FROM THE GROWATT INVERTER.
               This payload is undocumented. Write it down.
     207.725  0x301  [8]  0B 16 21 2C 37 42 4D 58 
        0x301  <-- KEEPALIVE FROM THE GROWATT INVERTER.
               This payload is undocumented. Write it down.
     207.965  0x330  [8]  02 01 02 07 0D 32 0D 2C 
     207.975  0x329  [8]  01 00 21 38 01 00 3E 9F 
     207.985  0x323  [8]  20 0E 10 00 00 00 00 00 
     207.985  0x324  [8]  00 01 47 50 4A 30 32 31 
     207.999  0x322  [8]  01 00 00 D4 03 01 63 63 
     208.005  0x320  [8]  50 41 C3 85 85 00 00 00 
        0x320  mfr=PA  hw=195  sw=133
     208.014  0x319  [8]  C0 0D 32 0D 2C 11 17 00 
        0x319  chem=0  forceI=0 forceII=0  dis_en=0 chg_en=1  (byte0=0xC0)
     208.025  0x318  [8]  0D 2D 0D 2D 0D 2C 0D 2C 
     208.035  0x317  [8]  0D 32 0D 32 0D 31 0D 31 
     208.045  0x316  [8]  0D 2E 0D 2E 0D 2E 0D 2E 
     208.055  0x315  [8]  0D 31 0D 30 0D 30 0D 30 
     208.065  0x314  [8]  5B 2C 5B 40 00 06 05 3D 
        0x314  RM=233.40Ah  FCC=233.60Ah  dV=6mV  cycles=1341
     208.076  0x313  [8]  15 18 00 10 00 EA 63 63 
        0x313  Vraw=5400  -> 54.00V if 0.01V  /  540.0V if 0.1V  |  I=+1.6A  T=23.4C  SOC=99%  SOH=99
     208.087  0x312  [8]  00 00 00 00 02 00 00 00 
        0x312  prot=00 00  warn=00 00  packs=2  mfr=??  cells=0
     208.099  0x311  [8]  02 38 08 24 08 24 01 62 
        0x311  CVL=56.8V  CCL=208.4A  DCL=208.4A  status=0x0162 (chg_en=1 dis_en=1 mode=2)
     208.225  0x301  [8]  0B 16 21 2C 37 42 4D 58 
        0x301  <-- KEEPALIVE FROM THE GROWATT INVERTER.
               This payload is undocumented. Write it down.
     208.725  0x301  [8]  0B 16 21 2C 37 42 4D 58 
        0x301  <-- KEEPALIVE FROM THE GROWATT INVERTER.
               This payload is undocumented. Write it down.
     208.964  0x330  [8]  02 01 02 07 0D 32 0D 2C 
     208.975  0x329  [8]  02 00 18 CB 02 00 3F 3B 
     208.984  0x323  [8]  20 0E 10 00 00 00 00 00 
     208.984  0x324  [8]  01 39 35 32 32 30 36 32 
     208.998  0x322  [8]  01 00 00 D4 03 01 63 63 
     209.004  0x320  [8]  50 41 C3 85 85 00 00 00 
        0x320  mfr=PA  hw=195  sw=133
     209.014  0x319  [8]  C0 0D 32 0D 2C 11 17 00 
        0x319  chem=0  forceI=0 forceII=0  dis_en=0 chg_en=1  (byte0=0xC0)
     209.024  0x318  [8]  0D 2D 0D 2D 0D 2C 0D 2C 
     209.034  0x317  [8]  0D 32 0D 31 0D 31 0D 31 
     209.044  0x316  [8]  0D 2E 0D 2D 0D 2D 0D 2D 
     209.054  0x315  [8]  0D 31 0D 30 0D 2F 0D 2F 
     209.064  0x314  [8]  5B 2C 5B 40 00 06 05 3D 
        0x314  RM=233.40Ah  FCC=233.60Ah  dV=6mV  cycles=1341
     209.075  0x313  [8]  15 0E 00 06 00 EA 63 63 
        0x313  Vraw=5390  -> 53.90V if 0.01V  /  539.0V if 0.1V  |  I=+0.6A  T=23.4C  SOC=99%  SOH=99
     209.086  0x312  [8]  00 00 00 00 02 00 00 00 
        0x312  prot=00 00  warn=00 00  packs=2  mfr=??  cells=0
     209.098  0x311  [8]  02 38 08 24 08 24 01 62 
        0x311  CVL=56.8V  CCL=208.4A  DCL=208.4A  status=0x0162 (chg_en=1 dis_en=1 mode=2)
     209.225  0x301  [8]  0B 16 21 2C 37 42 4D 58 
        0x301  <-- KEEPALIVE FROM THE GROWATT INVERTER.
               This payload is undocumented. Write it down.
     209.725  0x301  [8]  0B 16 21 2C 37 42 4D 58 
        0x301  <-- KEEPALIVE FROM THE GROWATT INVERTER.
               This payload is undocumented. Write it down.
     209.963  0x330  [8]  02 01 02 07 0D 32 0D 2B 
     209.974  0x329  [8]  01 00 21 38 01 00 3E 9F 
     209.984  0x323  [8]  20 0E 10 00 00 00 00 00 
     209.984  0x324  [8]  02 43 30 37 00 00 00 00 
     209.997  0x322  [8]  01 00 00 D4 03 01 63 63 
     210.004  0x320  [8]  50 41 C3 85 85 00 00 00 
        0x320  mfr=PA  hw=195  sw=133
     210.013  0x319  [8]  C0 0D 32 0D 2B 11 17 00 
        0x319  chem=0  forceI=0 forceII=0  dis_en=0 chg_en=1  (byte0=0xC0)
     210.024  0x318  [8]  0D 2D 0D 2C 0D 2C 0D 2B 
     210.034  0x317  [8]  0D 32 0D 31 0D 31 0D 30 
     210.044  0x316  [8]  0D 2D 0D 2D 0D 2D 0D 2D 
     210.054  0x315  [8]  0D 30 0D 2F 0D 2F 0D 2F 
     210.063  0x314  [8]  5B 2C 5B 40 00 07 05 3D 
        0x314  RM=233.40Ah  FCC=233.60Ah  dV=7mV  cycles=1341
     210.074  0x313  [8]  15 0E FF FD 00 EA 63 63 
        0x313  Vraw=5390  -> 53.90V if 0.01V  /  539.0V if 0.1V  |  I=-0.3A  T=23.4C  SOC=99%  SOH=99
     210.085  0x312  [8]  00 00 00 00 02 00 00 00 
        0x312  prot=00 00  warn=00 00  packs=2  mfr=??  cells=0
     210.097  0x311  [8]  02 38 08 24 08 24 01 62 
        0x311  CVL=56.8V  CCL=208.4A  DCL=208.4A  status=0x0162 (chg_en=1 dis_en=1 mode=2)
     210.225  0x301  [8]  0B 16 21 2C 37 42 4D 58 
        0x301  <-- KEEPALIVE FROM THE GROWATT INVERTER.
               This payload is undocumented. Write it down.
     210.725  0x301  [8]  0B 16 21 2C 37 42 4D 58 
        0x301  <-- KEEPALIVE FROM THE GROWATT INVERTER.
               This payload is undocumented. Write it down.
     210.962  0x330  [8]  02 01 02 07 0D 31 0D 2B 
     210.973  0x329  [8]  02 00 18 CB 02 00 3F 3B 
     210.982  0x323  [8]  20 0E 10 00 00 00 00 00 
     210.983  0x324  [8]  00 02 47 50 4A 30 32 31 
     210.996  0x322  [8]  01 00 00 D4 03 01 63 63 
     211.003  0x320  [8]  50 41 C3 85 85 00 00 00 
        0x320  mfr=PA  hw=195  sw=133
     211.012  0x319  [8]  C0 0D 31 0D 2B 11 17 00 
        0x319  chem=0  forceI=0 forceII=0  dis_en=0 chg_en=1  (byte0=0xC0)
     211.023  0x318  [8]  0D 2C 0D 2C 0D 2B 0D 2B 
     211.033  0x317  [8]  0D 31 0D 30 0D 30 0D 30 
     211.043  0x316  [8]  0D 2D 0D 2D 0D 2C 0D 2C 
     211.053  0x315  [8]  0D 30 0D 2F 0D 2E 0D 2E 
     211.062  0x314  [8]  5B 2C 5B 40 00 06 05 3D 
        0x314  RM=233.40Ah  FCC=233.60Ah  dV=6mV  cycles=1341
     211.073  0x313  [8]  15 0E FF F6 00 EA 63 63 
        0x313  Vraw=5390  -> 53.90V if 0.01V  /  539.0V if 0.1V  |  I=-1.0A  T=23.4C  SOC=99%  SOH=99
     211.084  0x312  [8]  00 00 00 00 02 00 00 00 
        0x312  prot=00 00  warn=00 00  packs=2  mfr=??  cells=0
     211.096  0x311  [8]  02 38 08 24 08 24 01 61 
        0x311  CVL=56.8V  CCL=208.4A  DCL=208.4A  status=0x0161 (chg_en=1 dis_en=1 mode=1)
     211.225  0x301  [8]  0B 16 21 2C 37 42 4D 58 
        0x301  <-- KEEPALIVE FROM THE GROWATT INVERTER.
               This payload is undocumented. Write it down.
     211.724  0x301  [8]  0B 16 21 2C 37 42 4D 58 
        0x301  <-- KEEPALIVE FROM THE GROWATT INVERTER.
               This payload is undocumented. Write it down.
     211.961  0x330  [8]  02 01 02 08 0D 31 0D 2A 
     211.972  0x329  [8]  01 00 21 38 01 00 3E 9F 
     211.981  0x323  [8]  20 0E 10 00 00 00 00 00 
     211.982  0x324  [8]  01 39 35 32 32 30 36 32 
     211.995  0x322  [8]  01 00 00 D4 03 01 63 63 
     212.002  0x320  [8]  50 41 C3 85 85 00 00 00 
        0x320  mfr=PA  hw=195  sw=133
     212.011  0x319  [8]  C0 0D 31 0D 2A 11 18 00 
        0x319  chem=0  forceI=0 forceII=0  dis_en=0 chg_en=1  (byte0=0xC0)
     212.022  0x318  [8]  0D 2C 0D 2B 0D 2B 0D 2A 
     212.032  0x317  [8]  0D 31 0D 30 0D 30 0D 30 
     212.042  0x316  [8]  0D 2C 0D 2C 0D 2C 0D 2C 
     212.052  0x315  [8]  0D 30 0D 2F 0D 2E 0D 2E 
     212.062  0x314  [8]  5B 2C 5B 40 00 07 05 3D 
        0x314  RM=233.40Ah  FCC=233.60Ah  dV=7mV  cycles=1341
     212.072  0x313  [8]  15 0E FF EA 00 EA 63 63 
        0x313  Vraw=5390  -> 53.90V if 0.01V  /  539.0V if 0.1V  |  I=-2.2A  T=23.4C  SOC=99%  SOH=99
     212.083  0x312  [8]  00 00 00 00 02 00 00 00 
        0x312  prot=00 00  warn=00 00  packs=2  mfr=??  cells=0
     212.095  0x311  [8]  02 38 08 24 08 24 01 61 
        0x311  CVL=56.8V  CCL=208.4A  DCL=208.4A  status=0x0161 (chg_en=1 dis_en=1 mode=1)
     212.225  0x301  [8]  0B 16 21 2C 37 42 4D 58 
        0x301  <-- KEEPALIVE FROM THE GROWATT INVERTER.
               This payload is undocumented. Write it down.

======================================================================
  9025 frames, 212 s elapsed
  ID     count   period(ms)  DLC  last payload             changing
  ----------------------------------------------------------------------
  0x301     307    690 (499-58847)  8   0B 16 21 2C 37 42 4D 58  ........
  0x330     404    523 (0-2958)  8   02 01 02 08 0D 31 0D 2A  ****.*.*
  0x329     750    281 (0-1740)  8   01 00 21 38 01 00 3E 9F  *.***.**
  0x323     494    427 (0-1892)  8   20 0E 10 00 00 00 00 00  ........
  0x324     550    384 (0-1881)  8   01 39 35 32 32 30 36 32  ********
  0x322     741    284 (0-2522)  8   01 00 00 D4 03 01 63 63  ........
  0x320     501    421 (0-2440)  8   50 41 C3 85 85 00 00 00  ........
  0x319     460    459 (10-2346)  8   C0 0D 31 0D 2A 11 18 00  ..*.***.
  0x318     420    503 (0-2976)  8   0D 2C 0D 2B 0D 2B 0D 2A  .*.*.*.*
  0x317     378    559 (0-2957)  8   0D 31 0D 30 0D 30 0D 30  .*.*.*.*
  0x316     396    533 (0-2955)  8   0D 2C 0D 2C 0D 2C 0D 2C  .*.*.*.*
  0x315     752    280 (0-2143)  8   0D 30 0D 2F 0D 2E 0D 2E  .*.*.*.*
  0x314     768    274 (0-1942)  8   5B 2C 5B 40 00 07 05 3D  .....*..
  0x313     590    357 (11-1634)  8   15 0E FF EA 00 EA 63 63  .***....
  0x312     435    485 (0-1698)  8   00 00 00 00 02 00 00 00  ........
  0x311    1079    195 (11-2465)  8   02 38 08 24 08 24 01 61  .......*
  ----------------------------------------------------------------------
  Auto-scaled pack voltage: 53.90 V  (SOC 99%)
  Cross-check this against the Growatt app before trusting it.
======================================================================

     212.724  0x301  [8]  0B 16 21 2C 37 42 4D 58 
        0x301  <-- KEEPALIVE FROM THE GROWATT INVERTER.
               This payload is undocumented. Write it down.
     212.960  0x330  [8]  02 01 02 07 0D 31 0D 2A 
     212.971  0x329  [8]  02 00 18 CB 02 00 3F 3B 
     212.981  0x323  [8]  20 0E 10 00 00 00 00 00 
     212.981  0x324  [8]  02 42 42 37 00 00 00 00 
     212.994  0x322  [8]  01 00 00 D4 03 01 63 63 
     213.001  0x320  [8]  50 41 C3 85 85 00 00 00 
        0x320  mfr=PA  hw=195  sw=133
     213.010  0x319  [8]  C0 0D 31 0D 2A 11 17 00 
        0x319  chem=0  forceI=0 forceII=0  dis_en=0 chg_en=1  (byte0=0xC0)
     213.021  0x318  [8]  0D 2C 0D 2C 0D 2A 0D 2A 
     213.031  0x317  [8]  0D 31 0D 30 0D 2F 0D 2F 
     213.041  0x316  [8]  0D 2C 0D 2C 0D 2C 0D 2B 
     213.051  0x315  [8]  0D 2F 0D 2E 0D 2E 0D 2E 
     213.061  0x314  [8]  5B 2C 5B 40 00 07 05 3D 
        0x314  RM=233.40Ah  FCC=233.60Ah  dV=7mV  cycles=1341
     213.072  0x313  [8]  15 0E FF E6 00 EA 63 63 
        0x313  Vraw=5390  -> 53.90V if 0.01V  /  539.0V if 0.1V  |  I=-2.6A  T=23.4C  SOC=99%  SOH=99
     213.083  0x312  [8]  00 00 00 00 02 00 00 00 
        0x312  prot=00 00  warn=00 00  packs=2  mfr=??  cells=0
     213.094  0x311  [8]  02 38 08 24 08 24 01 61 
        0x311  CVL=56.8V  CCL=208.4A  DCL=208.4A  status=0x0161 (chg_en=1 dis_en=1 mode=1)
     213.224  0x301  [8]  0B 16 21 2C 37 42 4D 58 
        0x301  <-- KEEPALIVE FROM THE GROWATT INVERTER.
               This payload is undocumented. Write it down.
     213.725  0x301  [8]  0B 16 21 2C 37 42 4D 58 
        0x301  <-- KEEPALIVE FROM THE GROWATT INVERTER.
               This payload is undocumented. Write it down.
     213.960  0x330  [8]  02 01 02 07 0D 30 0D 2A 
     213.970  0x329  [8]  01 00 21 38 01 00 3E 9F 
     213.980  0x323  [8]  20 0E 10 00 00 00 00 00 
     213.980  0x324  [8]  00 01 47 50 4A 30 32 31 
     213.994  0x322  [8]  01 00 00 D4 03 01 63 63 
     214.000  0x320  [8]  50 41 C3 85 85 00 00 00 
        0x320  mfr=PA  hw=195  sw=133
     214.009  0x319  [8]  C0 0D 30 0D 2A 11 17 00 
        0x319  chem=0  forceI=0 forceII=0  dis_en=0 chg_en=1  (byte0=0xC0)
     214.020  0x318  [8]  0D 2B 0D 2B 0D 2A 0D 2A 
     214.030  0x317  [8]  0D 30 0D 2F 0D 2F 0D 2F 
     214.040  0x316  [8]  0D 2B 0D 2B 0D 2B 0D 2B 
     214.050  0x315  [8]  0D 2E 0D 2D 0D 2D 0D 2D 
     214.060  0x314  [8]  5B 2C 5B 40 00 06 05 3D 
        0x314  RM=233.40Ah  FCC=233.60Ah  dV=6mV  cycles=1341
     214.071  0x313  [8]  15 0E FF DA 00 EA 63 63 
        0x313  Vraw=5390  -> 53.90V if 0.01V  /  539.0V if 0.1V  |  I=-3.8A  T=23.4C  SOC=99%  SOH=99
     214.082  0x312  [8]  00 00 00 00 02 00 00 00 
        0x312  prot=00 00  warn=00 00  packs=2  mfr=??  cells=0
     214.094  0x311  [8]  02 38 08 24 08 24 01 61 
        0x311  CVL=56.8V  CCL=208.4A  DCL=208.4A  status=0x0161 (chg_en=1 dis_en=1 mode=1)
     214.225  0x301  [8]  0B 16 21 2C 37 42 4D 58 
        0x301  <-- KEEPALIVE FROM THE GROWATT INVERTER.
               This payload is undocumented. Write it down.
     214.724  0x301  [8]  0B 16 21 2C 37 42 4D 58 
        0x301  <-- KEEPALIVE FROM THE GROWATT INVERTER.
               This payload is undocumented. Write it down.
     214.959  0x330  [8]  02 01 02 07 0D 2F 0D 29 
     214.970  0x329  [8]  02 00 18 CB 02 00 3F 3B 
     214.979  0x323  [8]  20 0E 10 00 00 00 00 00 
     214.979  0x324  [8]  01 39 35 32 32 30 36 32 
     214.993  0x322  [8]  01 00 00 D4 03 01 63 63 
     214.999  0x320  [8]  50 41 C3 85 85 00 00 00 
        0x320  mfr=PA  hw=195  sw=133
     215.009  0x319  [8]  C0 0D 2F 0D 29 11 17 00 
        0x319  chem=0  forceI=0 forceII=0  dis_en=0 chg_en=1  (byte0=0xC0)
     215.019  0x318  [8]  0D 2A 0D 2A 0D 29 0D 29 
     215.029  0x317  [8]  0D 2F 0D 2E 0D 2E 0D 2E 
     215.039  0x316  [8]  0D 2B 0D 2B 0D 2B 0D 2B 
     215.049  0x315  [8]  0D 2E 0D 2D 0D 2D 0D 2D 
     215.059  0x314  [8]  5B 2C 5B 40 00 06 05 3D 
        0x314  RM=233.40Ah  FCC=233.60Ah  dV=6mV  cycles=1341
     215.070  0x313  [8]  15 0E FF D2 00 EA 63 63 
        0x313  Vraw=5390  -> 53.90V if 0.01V  /  539.0V if 0.1V  |  I=-4.6A  T=23.4C  SOC=99%  SOH=99
     215.081  0x312  [8]  00 00 00 00 02 00 00 00 
        0x312  prot=00 00  warn=00 00  packs=2  mfr=??  cells=0
     215.093  0x311  [8]  02 38 08 24 08 24 01 61 
        0x311  CVL=56.8V  CCL=208.4A  DCL=208.4A  status=0x0161 (chg_en=1 dis_en=1 mode=1)
     215.224  0x301  [8]  0B 16 21 2C 37 42 4D 58 
        0x301  <-- KEEPALIVE FROM THE GROWATT INVERTER.
               This payload is undocumented. Write it down.
     215.725  0x301  [8]  0B 16 21 2C 37 42 4D 58 
        0x301  <-- KEEPALIVE FROM THE GROWATT INVERTER.
               This payload is undocumented. Write it down.
     215.958  0x330  [8]  02 01 02 08 0D 2F 0D 28 
     215.969  0x329  [8]  01 00 21 38 01 00 3E 9F 
     215.979  0x323  [8]  20 0E 10 00 00 00 00 00 
     215.979  0x324  [8]  02 43 30 37 00 00 00 00 
     215.992  0x322  [8]  01 00 00 D4 03 01 63 63 
     215.999  0x320  [8]  50 41 C3 85 85 00 00 00 
        0x320  mfr=PA  hw=195  sw=133
     216.008  0x319  [8]  C0 0D 2F 0D 28 11 18 00 
        0x319  chem=0  forceI=0 forceII=0  dis_en=0 chg_en=1  (byte0=0xC0)
     216.019  0x318  [8]  0D 2A 0D 2A 0D 29 0D 28 
     216.029  0x317  [8]  0D 2F 0D 2E 0D 2E 0D 2E 
     216.039  0x316  [8]  0D 2A 0D 2A 0D 2A 0D 2A 
     216.049  0x315  [8]  0D 2D 0D 2C 0D 2C 0D 2C 
     216.058  0x314  [8]  5B 2C 5B 40 00 07 05 3D 
        0x314  RM=233.40Ah  FCC=233.60Ah  dV=7mV  cycles=1341
     216.069  0x313  [8]  15 0E FF CC 00 EA 63 63 
        0x313  Vraw=5390  -> 53.90V if 0.01V  /  539.0V if 0.1V  |  I=-5.2A  T=23.4C  SOC=99%  SOH=99
     216.080  0x312  [8]  00 00 00 00 02 00 00 00 
        0x312  prot=00 00  warn=00 00  packs=2  mfr=??  cells=0
     216.092  0x311  [8]  02 38 08 24 08 24 01 63 
        0x311  CVL=56.8V  CCL=208.4A  DCL=208.4A  status=0x0163 (chg_en=1 dis_en=1 mode=3)
     216.224  0x301  [8]  0B 16 21 2C 37 42 4D 58 
        0x301  <-- KEEPALIVE FROM THE GROWATT INVERTER.
               This payload is undocumented. Write it down.
     216.725  0x301  [8]  0B 16 21 2C 37 42 4D 58 
        0x301  <-- KEEPALIVE FROM THE GROWATT INVERTER.
               This payload is undocumented. Write it down.
     216.957  0x330  [8]  02 01 02 07 0D 2E 0D 28 
     216.968  0x329  [8]  02 00 18 CB 02 00 3F 3B 
     216.977  0x323  [8]  20 0E 10 00 00 00 00 00 
     216.978  0x324  [8]  00 02 47 50 4A 30 32 31 
     216.991  0x322  [8]  01 00 00 D4 03 01 63 63 
     216.998  0x320  [8]  50 41 C3 85 85 00 00 00 
        0x320  mfr=PA  hw=195  sw=133
     217.007  0x319  [8]  C0 0D 2E 0D 28 11 17 00 
        0x319  chem=0  forceI=0 forceII=0  dis_en=0 chg_en=1  (byte0=0xC0)
     217.018  0x318  [8]  0D 29 0D 29 0D 28 0D 28 
     217.028  0x317  [8]  0D 2E 0D 2E 0D 2D 0D 2D 
     217.038  0x316  [8]  0D 2A 0D 2A 0D 2A 0D 2A 
     217.048  0x315  [8]  0D 2D 0D 2C 0D 2C 0D 2C 
     217.057  0x314  [8]  5B 2C 5B 40 00 06 05 3D 
        0x314  RM=233.40Ah  FCC=233.60Ah  dV=6mV  cycles=1341
     217.068  0x313  [8]  15 0E FF CA 00 EA 63 63 
        0x313  Vraw=5390  -> 53.90V if 0.01V  /  539.0V if 0.1V  |  I=-5.4A  T=23.4C  SOC=99%  SOH=99
     217.079  0x312  [8]  00 00 00 00 02 00 00 00 
        0x312  prot=00 00  warn=00 00  packs=2  mfr=??  cells=0
     217.091  0x311  [8]  02 38 08 24 08 24 01 63 
        0x311  CVL=56.8V  CCL=208.4A  DCL=208.4A  status=0x0163 (chg_en=1 dis_en=1 mode=3)
     217.224  0x301  [8]  0B 16 21 2C 37 42 4D 58 
        0x301  <-- KEEPALIVE FROM THE GROWATT INVERTER.
               This payload is undocumented. Write it down.
     217.724  0x301  [8]  0B 16 21 2C 37 42 4D 58 
        0x301  <-- KEEPALIVE FROM THE GROWATT INVERTER.
               This payload is undocumented. Write it down.
     217.956  0x330  [8]  02 01 02 06 0D 2E 0D 28 
     217.967  0x329  [8]  01 00 21 38 01 00 3E 9F 
     217.976  0x323  [8]  20 0E 10 00 00 00 00 00 
     217.977  0x324  [8]  01 39 35 32 32 30 36 32 
     217.990  0x322  [8]  01 00 00 D4 03 01 63 63 
     217.997  0x320  [8]  50 41 C3 85 85 00 00 00 
        0x320  mfr=PA  hw=195  sw=133
     218.006  0x319  [8]  C0 0D 2E 0D 28 11 16 00 
        0x319  chem=0  forceI=0 forceII=0  dis_en=0 chg_en=1  (byte0=0xC0)
     218.017  0x318  [8]  0D 29 0D 29 0D 28 0D 28 
     218.027  0x317  [8]  0D 2E 0D 2D 0D 2D 0D 2D 
     218.037  0x316  [8]  0D 2A 0D 2A 0D 2A 0D 29 
     218.047  0x315  [8]  0D 2C 0D 2B 0D 2B 0D 2B 
     218.057  0x314  [8]  5B 2C 5B 40 00 06 05 3D 
        0x314  RM=233.40Ah  FCC=233.60Ah  dV=6mV  cycles=1341
     218.067  0x313  [8]  15 0E FF C6 00 EA 63 63 
        0x313  Vraw=5390  -> 53.90V if 0.01V  /  539.0V if 0.1V  |  I=-5.8A  T=23.4C  SOC=99%  SOH=99
     218.078  0x312  [8]  00 00 00 00 02 00 00 00 
        0x312  prot=00 00  warn=00 00  packs=2  mfr=??  cells=0
     218.090  0x311  [8]  02 38 08 24 08 24 01 63 
        0x311  CVL=56.8V  CCL=208.4A  DCL=208.4A  status=0x0163 (chg_en=1 dis_en=1 mode=3)
     218.224  0x301  [8]  0B 16 21 2C 37 42 4D 58 
        0x301  <-- KEEPALIVE FROM THE GROWATT INVERTER.
               This payload is undocumented. Write it down.
     218.724  0x301  [8]  0B 16 21 2C 37 42 4D 58 
        0x301  <-- KEEPALIVE FROM THE GROWATT INVERTER.
               This payload is undocumented. Write it down.
     218.955  0x330  [8]  02 01 02 06 0D 2D 0D 28 
     218.966  0x329  [8]  02 00 18 CB 02 00 3F 3B 
     218.976  0x323  [8]  20 0E 10 00 00 00 00 00 
     218.976  0x324  [8]  02 42 42 37 00 00 00 00 
     218.989  0x322  [8]  01 00 00 D4 03 01 63 63 
     218.996  0x320  [8]  50 41 C3 85 85 00 00 00 
        0x320  mfr=PA  hw=195  sw=133
     219.005  0x319  [8]  C0 0D 2D 0D 28 11 16 00 
        0x319  chem=0  forceI=0 forceII=0  dis_en=0 chg_en=1  (byte0=0xC0)
     219.016  0x318  [8]  0D 29 0D 28 0D 28 0D 28 
     219.026  0x317  [8]  0D 2D 0D 2D 0D 2C 0D 2C 
     219.036  0x316  [8]  0D 29 0D 29 0D 29 0D 29 
     219.046  0x315  [8]  0D 2C 0D 2B 0D 2B 0D 2B 
     219.056  0x314  [8]  5B 2C 5B 40 00 05 05 3D 
        0x314  RM=233.40Ah  FCC=233.60Ah  dV=5mV  cycles=1341
     219.067  0x313  [8]  15 0E FF C5 00 EA 63 63 
        0x313  Vraw=5390  -> 53.90V if 0.01V  /  539.0V if 0.1V  |  I=-5.9A  T=23.4C  SOC=99%  SOH=99
     219.078  0x312  [8]  00 00 00 00 02 00 00 00 
        0x312  prot=00 00  warn=00 00  packs=2  mfr=??  cells=0
     219.089  0x311  [8]  02 38 08 24 08 24 01 63 
        0x311  CVL=56.8V  CCL=208.4A  DCL=208.4A  status=0x0163 (chg_en=1 dis_en=1 mode=3)
     219.224  0x301  [8]  0B 16 21 2C 37 42 4D 58 
        0x301  <-- KEEPALIVE FROM THE GROWATT INVERTER.
               This payload is undocumented. Write it down.
     219.724  0x301  [8]  0B 16 21 2C 37 42 4D 58 
        0x301  <-- KEEPALIVE FROM THE GROWATT INVERTER.
               This payload is undocumented. Write it down.
     219.955  0x330  [8]  02 01 02 08 0D 2D 0D 27 
     219.965  0x329  [8]  01 00 21 38 01 00 3E 9F 
     219.975  0x323  [8]  20 0E 10 00 00 00 00 00 
     219.975  0x324  [8]  00 01 47 50 4A 30 32 31 
     219.989  0x322  [8]  01 00 00 D4 03 01 63 63 
     219.995  0x320  [8]  50 41 C3 85 85 00 00 00 
        0x320  mfr=PA  hw=195  sw=133
     220.004  0x319  [8]  C0 0D 2D 0D 27 11 18 00 
        0x319  chem=0  forceI=0 forceII=0  dis_en=0 chg_en=1  (byte0=0xC0)
     220.015  0x318  [8]  0D 28 0D 28 0D 28 0D 27 
     220.025  0x317  [8]  0D 2D 0D 2D 0D 2C 0D 2C 
     220.035  0x316  [8]  0D 29 0D 29 0D 28 0D 28 
     220.045  0x315  [8]  0D 2C 0D 2B 0D 2B 0D 2A 
     220.055  0x314  [8]  5B 2C 5B 40 00 06 05 3D 
        0x314  RM=233.40Ah  FCC=233.60Ah  dV=6mV  cycles=1341
     220.066  0x313  [8]  15 0E FF C3 00 EA 63 63 
        0x313  Vraw=5390  -> 53.90V if 0.01V  /  539.0V if 0.1V  |  I=-6.1A  T=23.4C  SOC=99%  SOH=99
     220.077  0x312  [8]  00 00 00 00 02 00 00 00 
        0x312  prot=00 00  warn=00 00  packs=2  mfr=??  cells=0
     220.089  0x311  [8]  02 38 08 24 08 24 01 63 
        0x311  CVL=56.8V  CCL=208.4A  DCL=208.4A  status=0x0163 (chg_en=1 dis_en=1 mode=3)
     220.224  0x301  [8]  0B 16 21 2C 37 42 4D 58 
        0x301  <-- KEEPALIVE FROM THE GROWATT INVERTER.
               This payload is undocumented. Write it down.
     220.724  0x301  [8]  0B 16 21 2C 37 42 4D 58 
        0x301  <-- KEEPALIVE FROM THE GROWATT INVERTER.
               This payload is undocumented. Write it down.
     220.954  0x330  [8]  02 01 02 07 0D 2D 0D 27 
     220.965  0x329  [8]  02 00 18 CB 02 00 3F 3B 
     220.974  0x323  [8]  20 0E 10 00 00 00 00 00 
     220.974  0x324  [8]  01 39 35 32 32 30 36 32 
     220.988  0x322  [8]  01 00 00 D4 03 01 63 63 
     220.994  0x320  [8]  50 41 C3 85 85 00 00 00 
        0x320  mfr=PA  hw=195  sw=133
     221.004  0x319  [8]  C0 0D 2D 0D 27 11 17 00 
        0x319  chem=0  forceI=0 forceII=0  dis_en=0 chg_en=1  (byte0=0xC0)
     221.014  0x318  [8]  0D 28 0D 28 0D 27 0D 27 
     221.024  0x317  [8]  0D 2D 0D 2C 0D 2C 0D 2C 
     221.034  0x316  [8]  0D 29 0D 28 0D 28 0D 28 
     221.044  0x315  [8]  0D 2B 0D 2A 0D 2A 0D 2A 
     221.054  0x314  [8]  5B 2C 5B 40 00 06 05 3D 
        0x314  RM=233.40Ah  FCC=233.60Ah  dV=6mV  cycles=1341
     221.065  0x313  [8]  15 0E FF C3 00 EA 63 63 
        0x313  Vraw=5390  -> 53.90V if 0.01V  /  539.0V if 0.1V  |  I=-6.1A  T=23.4C  SOC=99%  SOH=99
     221.076  0x312  [8]  00 00 00 00 02 00 00 00 
        0x312  prot=00 00  warn=00 00  packs=2  mfr=??  cells=0
     221.088  0x311  [8]  02 38 08 24 08 24 01 63 
        0x311  CVL=56.8V  CCL=208.4A  DCL=208.4A  status=0x0163 (chg_en=1 dis_en=1 mode=3)
     221.224  0x301  [8]  0B 16 21 2C 37 42 4D 58 
        0x301  <-- KEEPALIVE FROM THE GROWATT INVERTER.
               This payload is undocumented. Write it down.
     221.724  0x301  [8]  0B 16 21 2C 37 42 4D 58 
        0x301  <-- KEEPALIVE FROM THE GROWATT INVERTER.
               This payload is undocumented. Write it down.
     221.953  0x330  [8]  02 01 02 06 0D 2C 0D 27 
     221.964  0x329  [8]  01 00 21 38 01 00 3E 9F 
     221.974  0x323  [8]  20 0E 10 00 00 00 00 00 
     221.974  0x324  [8]  02 43 30 37 00 00 00 00 
     221.987  0x322  [8]  01 00 00 D4 03 01 63 63 
     221.994  0x320  [8]  50 41 C3 85 85 00 00 00 
        0x320  mfr=PA  hw=195  sw=133
     222.003  0x319  [8]  C0 0D 2C 0D 27 11 16 00 
        0x319  chem=0  forceI=0 forceII=0  dis_en=0 chg_en=1  (byte0=0xC0)
     222.014  0x318  [8]  0D 28 0D 27 0D 27 0D 27 
     222.024  0x317  [8]  0D 2C 0D 2B 0D 2B 0D 2B 
     222.034  0x316  [8]  0D 28 0D 28 0D 28 0D 28 
     222.044  0x315  [8]  0D 2B 0D 2A 0D 2A 0D 2A 
     222.053  0x314  [8]  5B 2C 5B 40 00 05 05 3D 
        0x314  RM=233.40Ah  FCC=233.60Ah  dV=5mV  cycles=1341
     222.064  0x313  [8]  15 0E FF C0 00 EA 63 63 
        0x313  Vraw=5390  -> 53.90V if 0.01V  /  539.0V if 0.1V  |  I=-6.4A  T=23.4C  SOC=99%  SOH=99
     222.075  0x312  [8]  00 00 00 00 02 00 00 00 
        0x312  prot=00 00  warn=00 00  packs=2  mfr=??  cells=0
     222.087  0x311  [8]  02 38 08 24 08 24 01 63 
        0x311  CVL=56.8V  CCL=208.4A  DCL=208.4A  status=0x0163 (chg_en=1 dis_en=1 mode=3)
     222.224  0x301  [8]  0B 16 21 2C 37 42 4D 58 
        0x301  <-- KEEPALIVE FROM THE GROWATT INVERTER.
               This payload is undocumented. Write it down.
     222.724  0x301  [8]  0B 16 21 2C 37 42 4D 58 
        0x301  <-- KEEPALIVE FROM THE GROWATT INVERTER.
               This payload is undocumented. Write it down.
     222.952  0x330  [8]  02 01 02 05 0D 2C 0D 27 
     222.963  0x329  [8]  02 00 18 CB 02 00 3F 3B 
     222.972  0x323  [8]  20 0E 10 00 00 00 00 00 
     222.973  0x324  [8]  00 02 47 50 4A 30 32 31 
     222.986  0x322  [8]  01 00 00 D4 03 01 63 63 
     222.993  0x320  [8]  50 41 C3 85 85 00 00 00 
        0x320  mfr=PA  hw=195  sw=133
     223.002  0x319  [8]  C0 0D 2C 0D 27 11 15 00 
        0x319  chem=0  forceI=0 forceII=0  dis_en=0 chg_en=1  (byte0=0xC0)
     223.013  0x318  [8]  0D 27 0D 27 0D 27 0D 27 
     223.023  0x317  [8]  0D 2C 0D 2B 0D 2B 0D 2B 
     223.033  0x316  [8]  0D 28 0D 28 0D 28 0D 28 
     223.043  0x315  [8]  0D 2A 0D 29 0D 29 0D 29 
     223.052  0x314  [8]  5B 2C 5B 40 00 05 05 3D 
        0x314  RM=233.40Ah  FCC=233.60Ah  dV=5mV  cycles=1341
     223.063  0x313  [8]  15 0E FF BF 00 EA 63 63 
        0x313  Vraw=5390  -> 53.90V if 0.01V  /  539.0V if 0.1V  |  I=-6.5A  T=23.4C  SOC=99%  SOH=99
     223.074  0x312  [8]  00 00 00 00 02 00 00 00 
        0x312  prot=00 00  warn=00 00  packs=2  mfr=??  cells=0
     223.086  0x311  [8]  02 38 08 24 08 24 01 63 
        0x311  CVL=56.8V  CCL=208.4A  DCL=208.4A  status=0x0163 (chg_en=1 dis_en=1 mode=3)
     223.224  0x301  [8]  0B 16 21 2C 37 42 4D 58 
        0x301  <-- KEEPALIVE FROM THE GROWATT INVERTER.
               This payload is undocumented. Write it down.
     223.724  0x301  [8]  0B 16 21 2C 37 42 4D 58 
        0x301  <-- KEEPALIVE FROM THE GROWATT INVERTER.
               This payload is undocumented. Write it down.
     223.951  0x330  [8]  02 01 02 06 0D 2B 0D 26 
     223.962  0x329  [8]  01 00 21 38 01 00 3E 9F 
     223.971  0x323  [8]  20 0E 10 00 00 00 00 00 
     223.972  0x324  [8]  01 39 35 32 32 30 36 32 
     223.985  0x322  [8]  01 00 00 D4 03 01 63 63 
     223.992  0x320  [8]  50 41 C3 85 85 00 00 00 
        0x320  mfr=PA  hw=195  sw=133
     224.001  0x319  [8]  C0 0D 2B 0D 26 11 16 00 
        0x319  chem=0  forceI=0 forceII=0  dis_en=0 chg_en=1  (byte0=0xC0)
     224.012  0x318  [8]  0D 27 0D 26 0D 26 0D 26 
     224.022  0x317  [8]  0D 2B 0D 2B 0D 2B 0D 2B 
     224.032  0x316  [8]  0D 27 0D 27 0D 27 0D 27 
     224.042  0x315  [8]  0D 2A 0D 29 0D 29 0D 29 
     224.052  0x314  [8]  5B 2C 5B 40 00 05 05 3D 
        0x314  RM=233.40Ah  FCC=233.60Ah  dV=5mV  cycles=1341
     224.062  0x313  [8]  15 04 FF BC 00 EA 63 63 
        0x313  Vraw=5380  -> 53.80V if 0.01V  /  538.0V if 0.1V  |  I=-6.8A  T=23.4C  SOC=99%  SOH=99
     224.073  0x312  [8]  00 00 00 00 02 00 00 00 
        0x312  prot=00 00  warn=00 00  packs=2  mfr=??  cells=0
     224.085  0x311  [8]  02 38 08 24 08 24 01 63 
        0x311  CVL=56.8V  CCL=208.4A  DCL=208.4A  status=0x0163 (chg_en=1 dis_en=1 mode=3)
     224.224  0x301  [8]  0B 16 21 2C 37 42 4D 58 
        0x301  <-- KEEPALIVE FROM THE GROWATT INVERTER.
               This payload is undocumented. Write it down.
     224.723  0x301  [8]  0B 16 21 2C 37 42 4D 58 
        0x301  <-- KEEPALIVE FROM THE GROWATT INVERTER.
               This payload is undocumented. Write it down.
     224.950  0x330  [8]  02 01 02 07 0D 2B 0D 26 
     224.961  0x329  [8]  02 00 18 CB 02 00 3F 3B 
     224.971  0x323  [8]  20 0E 10 00 00 00 00 00 
     224.971  0x324  [8]  02 42 42 37 00 00 00 00 
     224.984  0x322  [8]  01 00 00 D4 03 01 63 63 
     224.991  0x320  [8]  50 41 C3 85 85 00 00 00 
        0x320  mfr=PA  hw=195  sw=133
     225.000  0x319  [8]  C0 0D 2B 0D 26 11 17 00 
        0x319  chem=0  forceI=0 forceII=0  dis_en=0 chg_en=1  (byte0=0xC0)
     225.011  0x318  [8]  0D 27 0D 26 0D 26 0D 26 
     225.021  0x317  [8]  0D 2B 0D 2A 0D 2A 0D 2A 
     225.031  0x316  [8]  0D 27 0D 27 0D 27 0D 27 
     225.041  0x315  [8]  0D 2A 0D 29 0D 29 0D 28 
     225.051  0x314  [8]  5B 2C 5B 40 00 05 05 3D 
        0x314  RM=233.40Ah  FCC=233.60Ah  dV=5mV  cycles=1341
     225.062  0x313  [8]  15 04 FF BB 00 EA 63 63 
        0x313  Vraw=5380  -> 53.80V if 0.01V  /  538.0V if 0.1V  |  I=-6.9A  T=23.4C  SOC=99%  SOH=99
     225.073  0x312  [8]  00 00 00 00 02 00 00 00 
        0x312  prot=00 00  warn=00 00  packs=2  mfr=??  cells=0
     225.084  0x311  [8]  02 38 08 24 08 24 01 63 
        0x311  CVL=56.8V  CCL=208.4A  DCL=208.4A  status=0x0163 (chg_en=1 dis_en=1 mode=3)
     225.223  0x301  [8]  0B 16 21 2C 37 42 4D 58 
        0x301  <-- KEEPALIVE FROM THE GROWATT INVERTER.
               This payload is undocumented. Write it down.
     225.723  0x301  [8]  0B 16 21 2C 37 42 4D 58 
        0x301  <-- KEEPALIVE FROM THE GROWATT INVERTER.
               This payload is undocumented. Write it down.
     225.949  0x330  [8]  02 01 02 08 0D 2A 0D 25 
     225.960  0x329  [8]  01 00 21 38 01 00 3E 9F 
     225.970  0x323  [8]  20 0E 10 00 00 00 00 00 
     225.970  0x324  [8]  00 01 47 50 4A 30 32 31 
     225.984  0x322  [8]  01 00 00 D4 03 01 63 63 
     225.990  0x320  [8]  50 41 C3 85 85 00 00 00 
        0x320  mfr=PA  hw=195  sw=133
     225.999  0x319  [8]  C0 0D 2A 0D 25 11 18 00 
        0x319  chem=0  forceI=0 forceII=0  dis_en=0 chg_en=1  (byte0=0xC0)
     226.010  0x318  [8]  0D 26 0D 26 0D 26 0D 25 
     226.020  0x317  [8]  0D 2A 0D 2A 0D 2A 0D 2A 
     226.030  0x316  [8]  0D 27 0D 26 0D 26 0D 26 
     226.040  0x315  [8]  0D 29 0D 28 0D 28 0D 28 
     226.050  0x314  [8]  5B 2C 5B 40 00 05 05 3D 
        0x314  RM=233.40Ah  FCC=233.60Ah  dV=5mV  cycles=1341
     226.061  0x313  [8]  15 04 FF B9 00 EA 63 63 
        0x313  Vraw=5380  -> 53.80V if 0.01V  /  538.0V if 0.1V  |  I=-7.1A  T=23.4C  SOC=99%  SOH=99
     226.072  0x312  [8]  00 00 00 00 02 00 00 00 
        0x312  prot=00 00  warn=00 00  packs=2  mfr=??  cells=0
     226.084  0x311  [8]  02 38 08 24 08 24 01 63 
        0x311  CVL=56.8V  CCL=208.4A  DCL=208.4A  status=0x0163 (chg_en=1 dis_en=1 mode=3)
     226.223  0x301  [8]  0B 16 21 2C 37 42 4D 58 
        0x301  <-- KEEPALIVE FROM THE GROWATT INVERTER.
               This payload is undocumented. Write it down.
     226.724  0x301  [8]  0B 16 21 2C 37 42 4D 58 
        0x301  <-- KEEPALIVE FROM THE GROWATT INVERTER.
               This payload is undocumented. Write it down.
     226.949  0x330  [8]  02 01 02 06 0D 2A 0D 25 
     226.960  0x329  [8]  02 00 18 CB 02 00 3F 3B 
     226.969  0x323  [8]  20 0E 10 00 00 00 00 00 
     226.969  0x324  [8]  01 39 35 32 32 30 36 32 
     226.983  0x322  [8]  01 00 00 D4 03 01 63 63 
     226.989  0x320  [8]  50 41 C3 85 85 00 00 00 
        0x320  mfr=PA  hw=195  sw=133
     226.999  0x319  [8]  C0 0D 2A 0D 25 11 16 00 
        0x319  chem=0  forceI=0 forceII=0  dis_en=0 chg_en=1  (byte0=0xC0)
     227.009  0x318  [8]  0D 26 0D 25 0D 25 0D 25 
     227.019  0x317  [8]  0D 2A 0D 29 0D 29 0D 29 
     227.029  0x316  [8]  0D 26 0D 26 0D 26 0D 26 
     227.039  0x315  [8]  0D 29 0D 28 0D 28 0D 28 
     227.049  0x314  [8]  5B 2C 5B 40 00 05 05 3D 
        0x314  RM=233.40Ah  FCC=233.60Ah  dV=5mV  cycles=1341
     227.060  0x313  [8]  15 04 FF B6 00 EA 63 63 
        0x313  Vraw=5380  -> 53.80V if 0.01V  /  538.0V if 0.1V  |  I=-7.4A  T=23.4C  SOC=99%  SOH=99
     227.071  0x312  [8]  00 00 00 00 02 00 00 00 
        0x312  prot=00 00  warn=00 00  packs=2  mfr=??  cells=0
     227.083  0x311  [8]  02 38 08 24 08 24 01 63 
        0x311  CVL=56.8V  CCL=208.4A  DCL=208.4A  status=0x0163 (chg_en=1 dis_en=1 mode=3)
     227.224  0x301  [8]  0B 16 21 2C 37 42 4D 58 
        0x301  <-- KEEPALIVE FROM THE GROWATT INVERTER.
               This payload is undocumented. Write it down.

======================================================================
  9280 frames, 227 s elapsed
  ID     count   period(ms)  DLC  last payload             changing
  ----------------------------------------------------------------------
  0x301     337    673 (499-58847)  8   0B 16 21 2C 37 42 4D 58  ........
  0x330     419    540 (0-2958)  8   02 01 02 06 0D 2A 0D 25  ****.*.*
  0x329     765    295 (0-1740)  8   02 00 18 CB 02 00 3F 3B  *.***.**
  0x323     509    444 (0-1892)  8   20 0E 10 00 00 00 00 00  ........
  0x324     565    400 (0-1881)  8   01 39 35 32 32 30 36 32  ********
  0x322     756    299 (0-2522)  8   01 00 00 D4 03 01 63 63  ........
  0x320     516    438 (0-2440)  8   50 41 C3 85 85 00 00 00  ........
  0x319     475    476 (10-2346)  8   C0 0D 2A 0D 25 11 16 00  ..*.***.
  0x318     435    520 (0-2976)  8   0D 26 0D 25 0D 25 0D 25  .*.*.*.*
  0x317     393    576 (0-2957)  8   0D 2A 0D 29 0D 29 0D 29  .*.*.*.*
  0x316     411    550 (0-2955)  8   0D 26 0D 26 0D 26 0D 26  .*.*.*.*
  0x315     767    294 (0-2143)  8   0D 29 0D 28 0D 28 0D 28  .*.*.*.*
  0x314     783    288 (0-1942)  8   5B 2C 5B 40 00 05 05 3D  .....*..
  0x313     605    373 (11-1634)  8   15 04 FF B6 00 EA 63 63  .***....
  0x312     450    502 (0-1698)  8   00 00 00 00 02 00 00 00  ........
  0x311    1094    206 (11-2465)  8   02 38 08 24 08 24 01 63  .......*
  ----------------------------------------------------------------------
  Auto-scaled pack voltage: 53.80 V  (SOC 99%)
  Cross-check this against the Growatt app before trusting it.
======================================================================

     227.723  0x301  [8]  0B 16 21 2C 37 42 4D 58 
        0x301  <-- KEEPALIVE FROM THE GROWATT INVERTER.
               This payload is undocumented. Write it down.
     227.948  0x330  [8]  01 02 02 08 0D 29 0D 24 
     227.959  0x329  [8]  01 00 21 38 01 00 3E 9F 
     227.969  0x323  [8]  20 0E 10 00 00 00 00 00 
     227.969  0x324  [8]  02 43 30 37 00 00 00 00 
     227.982  0x322  [8]  01 00 00 D4 03 01 63 63 
     227.989  0x320  [8]  50 41 C3 85 85 00 00 00 
        0x320  mfr=PA  hw=195  sw=133
     227.998  0x319  [8]  C0 0D 29 0D 24 02 18 00 
        0x319  chem=0  forceI=0 forceII=0  dis_en=0 chg_en=1  (byte0=0xC0)
     228.009  0x318  [8]  0D 25 0D 25 0D 25 0D 24 
     228.019  0x317  [8]  0D 29 0D 29 0D 29 0D 29 
     228.029  0x316  [8]  0D 26 0D 26 0D 26 0D 26 
     228.039  0x315  [8]  0D 29 0D 28 0D 28 0D 28 
     228.048  0x314  [8]  5B 2C 5B 40 00 05 05 3D 
        0x314  RM=233.40Ah  FCC=233.60Ah  dV=5mV  cycles=1341
     228.059  0x313  [8]  15 04 FF BA 00 EA 63 63 
        0x313  Vraw=5380  -> 53.80V if 0.01V  /  538.0V if 0.1V  |  I=-7.0A  T=23.4C  SOC=99%  SOH=99
     228.070  0x312  [8]  00 00 00 00 02 00 00 00 
        0x312  prot=00 00  warn=00 00  packs=2  mfr=??  cells=0
     228.082  0x311  [8]  02 38 08 24 08 24 01 63 
        0x311  CVL=56.8V  CCL=208.4A  DCL=208.4A  status=0x0163 (chg_en=1 dis_en=1 mode=3)
     228.223  0x301  [8]  0B 16 21 2C 37 42 4D 58 
        0x301  <-- KEEPALIVE FROM THE GROWATT INVERTER.
               This payload is undocumented. Write it down.
     228.724  0x301  [8]  0B 16 21 2C 37 42 4D 58 
        0x301  <-- KEEPALIVE FROM THE GROWATT INVERTER.
               This payload is undocumented. Write it down.
     228.947  0x330  [8]  02 01 01 0B 0D 2A 0D 25 
     228.958  0x329  [8]  02 00 18 CB 02 00 3F 3B 
     228.967  0x323  [8]  20 0E 10 00 00 00 00 00 
     228.968  0x324  [8]  00 02 47 50 4A 30 32 31 
     228.981  0x322  [8]  01 00 00 D4 03 01 63 63 
     228.988  0x320  [8]  50 41 C3 85 85 00 00 00 
        0x320  mfr=PA  hw=195  sw=133
     228.997  0x319  [8]  C0 0D 2A 0D 25 11 0B 00 
        0x319  chem=0  forceI=0 forceII=0  dis_en=0 chg_en=1  (byte0=0xC0)
     229.008  0x318  [8]  0D 25 0D 25 0D 25 0D 25 
     229.018  0x317  [8]  0D 2A 0D 29 0D 29 0D 29 
     229.028  0x316  [8]  0D 26 0D 26 0D 26 0D 25 
     229.038  0x315  [8]  0D 28 0D 27 0D 27 0D 27 
     229.047  0x314  [8]  5B 2C 5B 40 00 05 05 3D 
        0x314  RM=233.40Ah  FCC=233.60Ah  dV=5mV  cycles=1341
     229.058  0x313  [8]  15 04 FF BE 00 EA 63 63 
        0x313  Vraw=5380  -> 53.80V if 0.01V  /  538.0V if 0.1V  |  I=-6.6A  T=23.4C  SOC=99%  SOH=99
     229.069  0x312  [8]  00 00 00 00 02 00 00 00 
        0x312  prot=00 00  warn=00 00  packs=2  mfr=??  cells=0
     229.081  0x311  [8]  02 38 08 24 08 24 01 63 
        0x311  CVL=56.8V  CCL=208.4A  DCL=208.4A  status=0x0163 (chg_en=1 dis_en=1 mode=3)
     229.223  0x301  [8]  0B 16 21 2C 37 42 4D 58 
        0x301  <-- KEEPALIVE FROM THE GROWATT INVERTER.
               This payload is undocumented. Write it down.
     229.724  0x301  [8]  0B 16 21 2C 37 42 4D 58 
        0x301  <-- KEEPALIVE FROM THE GROWATT INVERTER.
               This payload is undocumented. Write it down.
     229.946  0x330  [8]  02 01 02 07 0D 29 0D 24 
     229.957  0x329  [8]  01 00 21 38 01 00 3E 9F 
     229.966  0x323  [8]  20 0E 10 00 00 00 00 00 
     229.967  0x324  [8]  01 39 35 32 32 30 36 32 
     229.980  0x322  [8]  01 00 00 D4 03 01 63 63 
     229.987  0x320  [8]  50 41 C3 85 85 00 00 00 
        0x320  mfr=PA  hw=195  sw=133
     229.996  0x319  [8]  C0 0D 29 0D 24 11 17 00 
        0x319  chem=0  forceI=0 forceII=0  dis_en=0 chg_en=1  (byte0=0xC0)
     230.007  0x318  [8]  0D 25 0D 25 0D 24 0D 24 
     230.017  0x317  [8]  0D 29 0D 29 0D 28 0D 28 
     230.027  0x316  [8]  0D 25 0D 25 0D 25 0D 25 
     230.037  0x315  [8]  0D 28 0D 27 0D 27 0D 27 
     230.047  0x314  [8]  5B 2C 5B 40 00 05 05 3D 
        0x314  RM=233.40Ah  FCC=233.60Ah  dV=5mV  cycles=1341
     230.057  0x313  [8]  15 04 FF BD 00 EA 63 63 
        0x313  Vraw=5380  -> 53.80V if 0.01V  /  538.0V if 0.1V  |  I=-6.7A  T=23.4C  SOC=99%  SOH=99
     230.068  0x312  [8]  00 00 00 00 02 00 00 00 
        0x312  prot=00 00  warn=00 00  packs=2  mfr=??  cells=0
     230.080  0x311  [8]  02 38 08 24 08 24 01 63 
        0x311  CVL=56.8V  CCL=208.4A  DCL=208.4A  status=0x0163 (chg_en=1 dis_en=1 mode=3)
     230.223  0x301  [8]  0B 16 21 2C 37 42 4D 58 
        0x301  <-- KEEPALIVE FROM THE GROWATT INVERTER.
               This payload is undocumented. Write it down.
     230.723  0x301  [8]  0B 16 21 2C 37 42 4D 58 
        0x301  <-- KEEPALIVE FROM THE GROWATT INVERTER.
               This payload is undocumented. Write it down.
     230.945  0x330  [8]  02 09 02 08 0D 29 0D 23 
     230.956  0x329  [8]  02 00 18 CB 02 00 3F 3B 
     230.966  0x323  [8]  20 0E 10 00 00 00 00 00 
     230.966  0x324  [8]  02 42 42 37 00 00 00 00 
     230.979  0x322  [8]  01 00 00 D4 03 01 63 63 
     230.986  0x320  [8]  50 41 C3 85 85 00 00 00 
        0x320  mfr=PA  hw=195  sw=133
     230.995  0x319  [8]  C0 0D 29 0D 23 19 18 00 
        0x319  chem=0  forceI=0 forceII=0  dis_en=0 chg_en=1  (byte0=0xC0)
     231.006  0x318  [8]  0D 25 0D 24 0D 24 0D 23 
     231.016  0x317  [8]  0D 29 0D 28 0D 28 0D 28 
     231.026  0x316  [8]  0D 25 0D 25 0D 25 0D 25 
     231.036  0x315  [8]  0D 28 0D 27 0D 27 0D 27 
     231.046  0x314  [8]  5B 2C 5B 40 00 06 05 3D 
        0x314  RM=233.40Ah  FCC=233.60Ah  dV=6mV  cycles=1341
     231.057  0x313  [8]  15 04 FF BC 00 EA 63 63 
        0x313  Vraw=5380  -> 53.80V if 0.01V  /  538.0V if 0.1V  |  I=-6.8A  T=23.4C  SOC=99%  SOH=99
     231.068  0x312  [8]  00 00 00 00 02 00 00 00 
        0x312  prot=00 00  warn=00 00  packs=2  mfr=??  cells=0
     231.079  0x311  [8]  02 38 08 24 08 24 01 63 
        0x311  CVL=56.8V  CCL=208.4A  DCL=208.4A  status=0x0163 (chg_en=1 dis_en=1 mode=3)
     231.223  0x301  [8]  0B 16 21 2C 37 42 4D 58 
        0x301  <-- KEEPALIVE FROM THE GROWATT INVERTER.
               This payload is undocumented. Write it down.
     231.723  0x301  [8]  0B 16 21 2C 37 42 4D 58 
        0x301  <-- KEEPALIVE FROM THE GROWATT INVERTER.
               This payload is undocumented. Write it down.
     231.944  0x330  [8]  02 01 02 08 0D 29 0D 23 
     231.955  0x329  [8]  01 00 21 38 01 00 3E 9F 
     231.965  0x323  [8]  20 0E 10 00 00 00 00 00 
     231.965  0x324  [8]  00 01 47 50 4A 30 32 31 
     231.979  0x322  [8]  01 00 00 D4 03 01 63 63 
     231.985  0x320  [8]  50 41 C3 85 85 00 00 00 
        0x320  mfr=PA  hw=195  sw=133
     231.994  0x319  [8]  C0 0D 29 0D 23 11 18 00 
        0x319  chem=0  forceI=0 forceII=0  dis_en=0 chg_en=1  (byte0=0xC0)
     232.005  0x318  [8]  0D 25 0D 24 0D 24 0D 23 
     232.015  0x317  [8]  0D 29 0D 28 0D 28 0D 28 
     232.025  0x316  [8]  0D 25 0D 25 0D 25 0D 24 
     232.035  0x315  [8]  0D 27 0D 27 0D 26 0D 26 
     232.045  0x314  [8]  5B 2C 5B 40 00 06 05 3D 
        0x314  RM=233.40Ah  FCC=233.60Ah  dV=6mV  cycles=1341
     232.056  0x313  [8]  15 04 FF BE 00 EA 63 63 
        0x313  Vraw=5380  -> 53.80V if 0.01V  /  538.0V if 0.1V  |  I=-6.6A  T=23.4C  SOC=99%  SOH=99
     232.067  0x312  [8]  00 00 00 00 02 00 00 00 
        0x312  prot=00 00  warn=00 00  packs=2  mfr=??  cells=0
     232.079  0x311  [8]  02 38 08 24 08 24 01 63 
        0x311  CVL=56.8V  CCL=208.4A  DCL=208.4A  status=0x0163 (chg_en=1 dis_en=1 mode=3)
     232.223  0x301  [8]  0B 16 21 2C 37 42 4D 58 
        0x301  <-- KEEPALIVE FROM THE GROWATT INVERTER.
               This payload is undocumented. Write it down.
     232.723  0x301  [8]  0B 16 21 2C 37 42 4D 58 
        0x301  <-- KEEPALIVE FROM THE GROWATT INVERTER.
               This payload is undocumented. Write it down.
     232.944  0x330  [8]  02 01 02 07 0D 28 0D 23 
     232.954  0x329  [8]  02 00 18 CB 02 00 3F 3B 
     232.964  0x323  [8]  20 0E 10 00 00 00 00 00 
     232.964  0x324  [8]  01 39 35 32 32 30 36 32 
     232.978  0x322  [8]  01 00 00 D4 03 01 63 63 
     232.984  0x320  [8]  50 41 C3 85 85 00 00 00 
        0x320  mfr=PA  hw=195  sw=133
     232.994  0x319  [8]  C0 0D 28 0D 23 11 17 00 
        0x319  chem=0  forceI=0 forceII=0  dis_en=0 chg_en=1  (byte0=0xC0)
     233.004  0x318  [8]  0D 24 0D 24 0D 23 0D 23 
     233.014  0x317  [8]  0D 28 0D 28 0D 27 0D 27 
     233.024  0x316  [8]  0D 25 0D 24 0D 24 0D 24 
     233.034  0x315  [8]  0D 27 0D 26 0D 26 0D 26 
     233.044  0x314  [8]  5B 2C 5B 40 00 05 05 3D 
        0x314  RM=233.40Ah  FCC=233.60Ah  dV=5mV  cycles=1341
     233.055  0x313  [8]  15 04 FF B6 00 EA 63 63 
        0x313  Vraw=5380  -> 53.80V if 0.01V  /  538.0V if 0.1V  |  I=-7.4A  T=23.4C  SOC=99%  SOH=99
     233.066  0x312  [8]  00 00 00 00 02 00 00 00 
        0x312  prot=00 00  warn=00 00  packs=2  mfr=??  cells=0
     233.078  0x311  [8]  02 38 08 24 08 24 01 63 
        0x311  CVL=56.8V  CCL=208.4A  DCL=208.4A  status=0x0163 (chg_en=1 dis_en=1 mode=3)
     233.223  0x301  [8]  0B 16 21 2C 37 42 4D 58 
        0x301  <-- KEEPALIVE FROM THE GROWATT INVERTER.
               This payload is undocumented. Write it down.
     233.723  0x301  [8]  0B 16 21 2C 37 42 4D 58 
        0x301  <-- KEEPALIVE FROM THE GROWATT INVERTER.
               This payload is undocumented. Write it down.
     233.943  0x330  [8]  02 01 02 07 0D 28 0D 23 
     233.954  0x329  [8]  01 00 21 38 01 00 3E 9F 
     233.964  0x323  [8]  20 0E 10 00 00 00 00 00 
     233.964  0x324  [8]  02 43 30 37 00 00 00 00 
     233.977  0x322  [8]  01 00 00 D4 03 01 63 63 
     233.984  0x320  [8]  50 41 C3 85 85 00 00 00 
        0x320  mfr=PA  hw=195  sw=133
     233.993  0x319  [8]  C0 0D 28 0D 23 11 17 00 
        0x319  chem=0  forceI=0 forceII=0  dis_en=0 chg_en=1  (byte0=0xC0)
     234.004  0x318  [8]  0D 24 0D 24 0D 23 0D 23 
     234.014  0x317  [8]  0D 28 0D 27 0D 27 0D 27 
     234.024  0x316  [8]  0D 24 0D 24 0D 24 0D 24 
     234.034  0x315  [8]  0D 27 0D 26 0D 26 0D 26 
     234.043  0x314  [8]  5B 2C 5B 40 00 05 05 3D 
        0x314  RM=233.40Ah  FCC=233.60Ah  dV=5mV  cycles=1341
     234.054  0x313  [8]  15 04 FF B6 00 EA 63 63 
        0x313  Vraw=5380  -> 53.80V if 0.01V  /  538.0V if 0.1V  |  I=-7.4A  T=23.4C  SOC=99%  SOH=99
     234.065  0x312  [8]  00 00 00 00 02 00 00 00 
        0x312  prot=00 00  warn=00 00  packs=2  mfr=??  cells=0
     234.077  0x311  [8]  02 38 08 24 08 24 01 63 
        0x311  CVL=56.8V  CCL=208.4A  DCL=208.4A  status=0x0163 (chg_en=1 dis_en=1 mode=3)
     234.223  0x301  [8]  0B 16 21 2C 37 42 4D 58 
        0x301  <-- KEEPALIVE FROM THE GROWATT INVERTER.
               This payload is undocumented. Write it down.
     234.723  0x301  [8]  0B 16 21 2C 37 42 4D 58 
        0x301  <-- KEEPALIVE FROM THE GROWATT INVERTER.
               This payload is undocumented. Write it down.
     234.942  0x330  [8]  02 01 02 08 0D 27 0D 22 
     234.953  0x329  [8]  02 00 18 CB 02 00 3F 3B 
     234.962  0x323  [8]  20 0E 10 00 00 00 00 00 
     234.963  0x324  [8]  00 02 47 50 4A 30 32 31 
     234.976  0x322  [8]  01 00 00 D4 03 01 63 63 
     234.983  0x320  [8]  50 41 C3 85 85 00 00 00 
        0x320  mfr=PA  hw=195  sw=133
     234.992  0x319  [8]  C0 0D 27 0D 22 11 18 00 
        0x319  chem=0  forceI=0 forceII=0  dis_en=0 chg_en=1  (byte0=0xC0)
     235.003  0x318  [8]  0D 23 0D 23 0D 23 0D 22 
     235.013  0x317  [8]  0D 27 0D 27 0D 27 0D 27 
     235.023  0x316  [8]  0D 24 0D 24 0D 23 0D 23 
     235.033  0x315  [8]  0D 26 0D 25 0D 25 0D 25 
     235.042  0x314  [8]  5B 2C 5B 40 00 05 05 3D 
        0x314  RM=233.40Ah  FCC=233.60Ah  dV=5mV  cycles=1341
     235.053  0x313  [8]  15 04 FF B5 00 EA 63 63 
        0x313  Vraw=5380  -> 53.80V if 0.01V  /  538.0V if 0.1V  |  I=-7.5A  T=23.4C  SOC=99%  SOH=99
     235.064  0x312  [8]  00 00 00 00 02 00 00 00 
        0x312  prot=00 00  warn=00 00  packs=2  mfr=??  cells=0
     235.076  0x311  [8]  02 38 08 24 08 24 01 63 
        0x311  CVL=56.8V  CCL=208.4A  DCL=208.4A  status=0x0163 (chg_en=1 dis_en=1 mode=3)
     235.223  0x301  [8]  0B 16 21 2C 37 42 4D 58 
        0x301  <-- KEEPALIVE FROM THE GROWATT INVERTER.
               This payload is undocumented. Write it down.
     235.723  0x301  [8]  0B 16 21 2C 37 42 4D 58 
        0x301  <-- KEEPALIVE FROM THE GROWATT INVERTER.
               This payload is undocumented. Write it down.
     235.941  0x330  [8]  02 01 02 07 0D 27 0D 22 
     235.952  0x329  [8]  01 00 21 38 01 00 3E 9F 
     235.961  0x323  [8]  20 0E 10 00 00 00 00 00 
     235.962  0x324  [8]  01 39 35 32 32 30 36 32 
     235.975  0x322  [8]  01 00 00 D4 03 01 63 63 
     235.982  0x320  [8]  50 41 C3 85 85 00 00 00 
        0x320  mfr=PA  hw=195  sw=133
     235.991  0x319  [8]  C0 0D 27 0D 22 11 17 00 
        0x319  chem=0  forceI=0 forceII=0  dis_en=0 chg_en=1  (byte0=0xC0)
     236.002  0x318  [8]  0D 23 0D 23 0D 22 0D 22 
     236.012  0x317  [8]  0D 27 0D 27 0D 27 0D 26 
     236.022  0x316  [8]  0D 23 0D 23 0D 23 0D 23 
     236.032  0x315  [8]  0D 26 0D 25 0D 25 0D 25 
     236.041  0x314  [8]  5B 2C 5B 40 00 05 05 3D 
        0x314  RM=233.40Ah  FCC=233.60Ah  dV=5mV  cycles=1341
     236.052  0x313  [8]  15 04 FF B5 00 EA 63 63 
        0x313  Vraw=5380  -> 53.80V if 0.01V  /  538.0V if 0.1V  |  I=-7.5A  T=23.4C  SOC=99%  SOH=99
     236.063  0x312  [8]  00 00 00 00 02 00 00 00 
        0x312  prot=00 00  warn=00 00  packs=2  mfr=??  cells=0
     236.075  0x311  [8]  02 38 08 24 08 24 01 63 
        0x311  CVL=56.8V  CCL=208.4A  DCL=208.4A  status=0x0163 (chg_en=1 dis_en=1 mode=3)
     236.223  0x301  [8]  0B 16 21 2C 37 42 4D 58 
        0x301  <-- KEEPALIVE FROM THE GROWATT INVERTER.
               This payload is undocumented. Write it down.
     236.723  0x301  [8]  0B 16 21 2C 37 42 4D 58 
        0x301  <-- KEEPALIVE FROM THE GROWATT INVERTER.
               This payload is undocumented. Write it down.
     236.940  0x330  [8]  02 01 02 06 0D 27 0D 22 
     236.951  0x329  [8]  02 00 18 CB 02 00 3F 3B 
     236.961  0x323  [8]  20 0E 10 00 00 00 00 00 
     236.961  0x324  [8]  02 42 42 37 00 00 00 00 
     236.974  0x322  [8]  01 00 00 D4 03 01 63 63 
     236.981  0x320  [8]  50 41 C3 85 85 00 00 00 
        0x320  mfr=PA  hw=195  sw=133
     236.990  0x319  [8]  C0 0D 27 0D 22 11 16 00 
        0x319  chem=0  forceI=0 forceII=0  dis_en=0 chg_en=1  (byte0=0xC0)
     237.001  0x318  [8]  0D 22 0D 22 0D 22 0D 22 
     237.011  0x317  [8]  0D 27 0D 26 0D 26 0D 26 
     237.021  0x316  [8]  0D 23 0D 23 0D 23 0D 23 
     237.031  0x315  [8]  0D 25 0D 25 0D 25 0D 25 
     237.041  0x314  [8]  5B 2C 5B 40 00 05 05 3D 
        0x314  RM=233.40Ah  FCC=233.60Ah  dV=5mV  cycles=1341
     237.052  0x313  [8]  15 04 FF B6 00 EA 63 63 
        0x313  Vraw=5380  -> 53.80V if 0.01V  /  538.0V if 0.1V  |  I=-7.4A  T=23.4C  SOC=99%  SOH=99
     237.063  0x312  [8]  00 00 00 00 02 00 00 00 
        0x312  prot=00 00  warn=00 00  packs=2  mfr=??  cells=0
     237.074  0x311  [8]  02 38 08 24 08 24 01 63 
        0x311  CVL=56.8V  CCL=208.4A  DCL=208.4A  status=0x0163 (chg_en=1 dis_en=1 mode=3)
     237.223  0x301  [8]  0B 16 21 2C 37 42 4D 58 
        0x301  <-- KEEPALIVE FROM THE GROWATT INVERTER.
               This payload is undocumented. Write it down.
     237.722  0x301  [8]  0B 16 21 2C 37 42 4D 58 
        0x301  <-- KEEPALIVE FROM THE GROWATT INVERTER.
               This payload is undocumented. Write it down.
     237.939  0x330  [8]  02 01 02 07 0D 26 0D 21 
     237.950  0x329  [8]  01 00 21 38 01 00 3E 9F 
     237.960  0x323  [8]  20 0E 10 00 00 00 00 00 
     237.960  0x324  [8]  00 01 47 50 4A 30 32 31 
     237.974  0x322  [8]  01 00 00 D4 03 01 63 63 
     237.980  0x320  [8]  50 41 C3 85 85 00 00 00 
        0x320  mfr=PA  hw=195  sw=133
     237.989  0x319  [8]  C0 0D 26 0D 21 11 17 00 
        0x319  chem=0  forceI=0 forceII=0  dis_en=0 chg_en=1  (byte0=0xC0)
     238.000  0x318  [8]  0D 22 0D 22 0D 21 0D 21 
     238.010  0x317  [8]  0D 26 0D 26 0D 26 0D 26 
     238.020  0x316  [8]  0D 23 0D 23 0D 23 0D 23 
     238.030  0x315  [8]  0D 25 0D 24 0D 24 0D 24 
     238.040  0x314  [8]  5B 2C 5B 40 00 05 05 3D 
        0x314  RM=233.40Ah  FCC=233.60Ah  dV=5mV  cycles=1341
     238.051  0x313  [8]  15 04 FF B6 00 EA 63 63 
        0x313  Vraw=5380  -> 53.80V if 0.01V  /  538.0V if 0.1V  |  I=-7.4A  T=23.4C  SOC=99%  SOH=99
     238.062  0x312  [8]  00 00 00 00 02 00 00 00 
        0x312  prot=00 00  warn=00 00  packs=2  mfr=??  cells=0
     238.074  0x311  [8]  02 38 08 24 08 24 01 63 
        0x311  CVL=56.8V  CCL=208.4A  DCL=208.4A  status=0x0163 (chg_en=1 dis_en=1 mode=3)
     238.222  0x301  [8]  0B 16 21 2C 37 42 4D 58 
        0x301  <-- KEEPALIVE FROM THE GROWATT INVERTER.
               This payload is undocumented. Write it down.
     238.722  0x301  [8]  0B 16 21 2C 37 42 4D 58 
        0x301  <-- KEEPALIVE FROM THE GROWATT INVERTER.
               This payload is undocumented. Write it down.
     238.939  0x330  [8]  02 01 02 08 0D 26 0D 20 
     238.950  0x329  [8]  02 00 18 CB 02 00 3F 3B 
     238.959  0x323  [8]  20 0E 10 00 00 00 00 00 
     238.959  0x324  [8]  01 39 35 32 32 30 36 32 
     238.973  0x322  [8]  01 00 00 D4 03 01 63 63 
     238.979  0x320  [8]  50 41 C3 85 85 00 00 00 
        0x320  mfr=PA  hw=195  sw=133
     238.989  0x319  [8]  C0 0D 26 0D 20 11 18 00 
        0x319  chem=0  forceI=0 forceII=0  dis_en=0 chg_en=1  (byte0=0xC0)
     238.999  0x318  [8]  0D 22 0D 22 0D 21 0D 20 
     239.009  0x317  [8]  0D 26 0D 26 0D 26 0D 26 
     239.019  0x316  [8]  0D 22 0D 22 0D 22 0D 22 
     239.029  0x315  [8]  0D 25 0D 24 0D 24 0D 24 
     239.039  0x314  [8]  5B 2C 5B 40 00 06 05 3D 
        0x314  RM=233.40Ah  FCC=233.60Ah  dV=6mV  cycles=1341
     239.050  0x313  [8]  15 04 FF B6 00 EA 63 63 
        0x313  Vraw=5380  -> 53.80V if 0.01V  /  538.0V if 0.1V  |  I=-7.4A  T=23.4C  SOC=99%  SOH=99
     239.061  0x312  [8]  00 00 00 00 02 00 00 00 
        0x312  prot=00 00  warn=00 00  packs=2  mfr=??  cells=0
     239.073  0x311  [8]  02 38 08 24 08 24 01 63 
        0x311  CVL=56.8V  CCL=208.4A  DCL=208.4A  status=0x0163 (chg_en=1 dis_en=1 mode=3)
     239.222  0x301  [8]  0B 16 21 2C 37 42 4D 58 
        0x301  <-- KEEPALIVE FROM THE GROWATT INVERTER.
               This payload is undocumented. Write it down.
     239.723  0x301  [8]  0B 16 21 2C 37 42 4D 58 
        0x301  <-- KEEPALIVE FROM THE GROWATT INVERTER.
               This payload is undocumented. Write it down.
     239.938  0x330  [8]  02 01 02 06 0D 26 0D 21 
     239.949  0x329  [8]  01 00 21 38 01 00 3E 9F 
     239.959  0x323  [8]  20 0E 10 00 00 00 00 00 
     239.959  0x324  [8]  02 43 30 37 00 00 00 00 
     239.972  0x322  [8]  01 00 00 D4 03 01 63 63 
     239.979  0x320  [8]  50 41 C3 85 85 00 00 00 
        0x320  mfr=PA  hw=195  sw=133
     239.988  0x319  [8]  C0 0D 26 0D 21 11 16 00 
        0x319  chem=0  forceI=0 forceII=0  dis_en=0 chg_en=1  (byte0=0xC0)
     239.999  0x318  [8]  0D 22 0D 21 0D 21 0D 21 
     240.009  0x317  [8]  0D 26 0D 26 0D 25 0D 25 
     240.018  0x316  [8]  0D 23 0D 22 0D 22 0D 22 
     240.028  0x315  [8]  0D 24 0D 24 0D 24 0D 23 
     240.038  0x314  [8]  5B 2C 5B 40 00 05 05 3D 
        0x314  RM=233.40Ah  FCC=233.60Ah  dV=5mV  cycles=1341
     240.049  0x313  [8]  15 04 FF B6 00 EA 63 63 
        0x313  Vraw=5380  -> 53.80V if 0.01V  /  538.0V if 0.1V  |  I=-7.4A  T=23.4C  SOC=99%  SOH=99
     240.060  0x312  [8]  00 00 00 00 02 00 00 00 
        0x312  prot=00 00  warn=00 00  packs=2  mfr=??  cells=0
     240.072  0x311  [8]  02 38 08 24 08 24 01 63 
        0x311  CVL=56.8V  CCL=208.4A  DCL=208.4A  status=0x0163 (chg_en=1 dis_en=1 mode=3)
     240.223  0x301  [8]  0B 16 21 2C 37 42 4D 58 
        0x301  <-- KEEPALIVE FROM THE GROWATT INVERTER.
               This payload is undocumented. Write it down.
     240.722  0x301  [8]  0B 16 21 2C 37 42 4D 58 
        0x301  <-- KEEPALIVE FROM THE GROWATT INVERTER.
               This payload is undocumented. Write it down.
     240.937  0x330  [8]  02 01 02 05 0D 25 0D 21 
     240.948  0x329  [8]  02 00 18 CB 02 00 3F 3B 
     240.957  0x323  [8]  20 0E 10 00 00 00 00 00 
     240.958  0x324  [8]  00 02 47 50 4A 30 32 31 
     240.971  0x322  [8]  01 00 00 D4 03 01 63 63 
     240.978  0x320  [8]  50 41 C3 85 85 00 00 00 
        0x320  mfr=PA  hw=195  sw=133
     240.987  0x319  [8]  C0 0D 25 0D 21 11 15 00 
        0x319  chem=0  forceI=0 forceII=0  dis_en=0 chg_en=1  (byte0=0xC0)
     240.998  0x318  [8]  0D 21 0D 21 0D 21 0D 21 
     241.008  0x317  [8]  0D 25 0D 25 0D 25 0D 25 
     241.018  0x316  [8]  0D 22 0D 22 0D 22 0D 21 
     241.028  0x315  [8]  0D 24 0D 23 0D 23 0D 23 
     241.037  0x314  [8]  5B 2C 5B 40 00 04 05 3D 
        0x314  RM=233.40Ah  FCC=233.60Ah  dV=4mV  cycles=1341
     241.048  0x313  [8]  15 04 FF B7 00 EA 63 63 
        0x313  Vraw=5380  -> 53.80V if 0.01V  /  538.0V if 0.1V  |  I=-7.3A  T=23.4C  SOC=99%  SOH=99
     241.059  0x312  [8]  00 00 00 00 02 00 00 00 
        0x312  prot=00 00  warn=00 00  packs=2  mfr=??  cells=0
     241.071  0x311  [8]  02 38 08 24 08 24 01 63 
        0x311  CVL=56.8V  CCL=208.4A  DCL=208.4A  status=0x0163 (chg_en=1 dis_en=1 mode=3)
     241.222  0x301  [8]  0B 16 21 2C 37 42 4D 58 
        0x301  <-- KEEPALIVE FROM THE GROWATT INVERTER.
               This payload is undocumented. Write it down.
     241.723  0x301  [8]  0B 16 21 2C 37 42 4D 58 
        0x301  <-- KEEPALIVE FROM THE GROWATT INVERTER.
               This payload is undocumented. Write it down.
     241.936  0x330  [8]  02 01 02 07 0D 25 0D 20 
     241.947  0x329  [8]  01 00 21 38 01 00 3E 9F 
     241.956  0x323  [8]  20 0E 10 00 00 00 00 00 
     241.957  0x324  [8]  01 39 35 32 32 30 36 32 
     241.970  0x322  [8]  01 00 00 D4 03 01 63 63 
     241.977  0x320  [8]  50 41 C3 85 85 00 00 00 
        0x320  mfr=PA  hw=195  sw=133
     241.986  0x319  [8]  C0 0D 25 0D 20 11 17 00 
        0x319  chem=0  forceI=0 forceII=0  dis_en=0 chg_en=1  (byte0=0xC0)
     241.997  0x318  [8]  0D 21 0D 21 0D 20 0D 20 
     242.007  0x317  [8]  0D 25 0D 25 0D 25 0D 24 
     242.017  0x316  [8]  0D 22 0D 22 0D 21 0D 21 
     242.027  0x315  [8]  0D 24 0D 23 0D 23 0D 23 
     242.036  0x314  [8]  5B 2C 5B 40 00 05 05 3D 
        0x314  RM=233.40Ah  FCC=233.60Ah  dV=5mV  cycles=1341
     242.047  0x313  [8]  14 FA FF B5 00 EA 63 63 
        0x313  Vraw=5370  -> 53.70V if 0.01V  /  537.0V if 0.1V  |  I=-7.5A  T=23.4C  SOC=99%  SOH=99
     242.058  0x312  [8]  00 00 00 00 02 00 00 00 
        0x312  prot=00 00  warn=00 00  packs=2  mfr=??  cells=0
     242.070  0x311  [8]  02 38 08 24 08 24 01 63 
        0x311  CVL=56.8V  CCL=208.4A  DCL=208.4A  status=0x0163 (chg_en=1 dis_en=1 mode=3)
     242.222  0x301  [8]  0B 16 21 2C 37 42 4D 58 
        0x301  <-- KEEPALIVE FROM THE GROWATT INVERTER.
               This payload is undocumented. Write it down.

======================================================================
  9535 frames, 242 s elapsed
  ID     count   period(ms)  DLC  last payload             changing
  ----------------------------------------------------------------------
  0x301     367    659 (499-58847)  8   0B 16 21 2C 37 42 4D 58  ........
  0x330     434    556 (0-2958)  8   02 01 02 07 0D 25 0D 20  ****.*.*
  0x329     780    309 (0-1740)  8   01 00 21 38 01 00 3E 9F  *.***.**
  0x323     524    460 (0-1892)  8   20 0E 10 00 00 00 00 00  ........
  0x324     580    415 (0-1881)  8   01 39 35 32 32 30 36 32  ********
  0x322     771    312 (0-2522)  8   01 00 00 D4 03 01 63 63  ........
  0x320     531    454 (0-2440)  8   50 41 C3 85 85 00 00 00  ........
  0x319     490    492 (10-2346)  8   C0 0D 25 0D 20 11 17 00  ..*.***.
  0x318     450    536 (0-2976)  8   0D 21 0D 21 0D 20 0D 20  .*.*.*.*
  0x317     408    591 (0-2957)  8   0D 25 0D 25 0D 25 0D 24  .*.*.*.*
  0x316     426    566 (0-2955)  8   0D 22 0D 22 0D 21 0D 21  .*.*.*.*
  0x315     782    308 (0-2143)  8   0D 24 0D 23 0D 23 0D 23  .*.*.*.*
  0x314     798    302 (0-1942)  8   5B 2C 5B 40 00 05 05 3D  .....*..
  0x313     620    389 (11-1634)  8   14 FA FF B5 00 EA 63 63  ****....
  0x312     465    518 (0-1698)  8   00 00 00 00 02 00 00 00  ........
  0x311    1109    217 (11-2465)  8   02 38 08 24 08 24 01 63  .......*
  ----------------------------------------------------------------------
  Auto-scaled pack voltage: 53.70 V  (SOC 99%)
  Cross-check this against the Growatt app before trusting it.
======================================================================

     242.722  0x301  [8]  0B 16 21 2C 37 42 4D 58 
        0x301  <-- KEEPALIVE FROM THE GROWATT INVERTER.
               This payload is undocumented. Write it down.
     242.935  0x330  [8]  02 01 02 06 0D 25 0D 20 
     242.946  0x329  [8]  02 00 18 CB 02 00 3F 3B 
     242.956  0x323  [8]  20 0E 10 00 00 00 00 00 
     242.956  0x324  [8]  02 42 42 37 00 00 00 00 
     242.969  0x322  [8]  01 00 00 D4 03 01 63 63 
     242.976  0x320  [8]  50 41 C3 85 85 00 00 00 
        0x320  mfr=PA  hw=195  sw=133
     242.985  0x319  [8]  C0 0D 25 0D 20 11 16 00 
        0x319  chem=0  forceI=0 forceII=0  dis_en=0 chg_en=1  (byte0=0xC0)
     242.996  0x318  [8]  0D 21 0D 20 0D 20 0D 20 
     243.006  0x317  [8]  0D 25 0D 25 0D 25 0D 24 
     243.016  0x316  [8]  0D 22 0D 21 0D 21 0D 21 
     243.026  0x315  [8]  0D 24 0D 23 0D 23 0D 23 
     243.036  0x314  [8]  5B 2C 5B 40 00 05 05 3D 
        0x314  RM=233.40Ah  FCC=233.60Ah  dV=5mV  cycles=1341
     243.047  0x313  [8]  14 FA FF B7 00 EA 63 63 
        0x313  Vraw=5370  -> 53.70V if 0.01V  /  537.0V if 0.1V  |  I=-7.3A  T=23.4C  SOC=99%  SOH=99
     243.058  0x312  [8]  00 00 00 00 02 00 00 00 
        0x312  prot=00 00  warn=00 00  packs=2  mfr=??  cells=0
     243.069  0x311  [8]  02 38 08 24 08 24 01 63 
        0x311  CVL=56.8V  CCL=208.4A  DCL=208.4A  status=0x0163 (chg_en=1 dis_en=1 mode=3)
     243.222  0x301  [8]  0B 16 21 2C 37 42 4D 58 
        0x301  <-- KEEPALIVE FROM THE GROWATT INVERTER.
               This payload is undocumented. Write it down.
     243.722  0x301  [8]  0B 16 21 2C 37 42 4D 58 
        0x301  <-- KEEPALIVE FROM THE GROWATT INVERTER.
               This payload is undocumented. Write it down.
     243.934  0x330  [8]  01 02 02 06 0D 24 0D 20 
     243.945  0x329  [8]  01 00 21 38 01 00 3E 9F 
     243.955  0x323  [8]  20 0E 10 00 00 00 00 00 
     243.955  0x324  [8]  00 01 47 50 4A 30 32 31 
     243.969  0x322  [8]  01 00 00 D4 03 01 63 63 
     243.975  0x320  [8]  50 41 C3 85 85 00 00 00 
        0x320  mfr=PA  hw=195  sw=133
     243.984  0x319  [8]  C0 0D 24 0D 20 02 16 00 
        0x319  chem=0  forceI=0 forceII=0  dis_en=0 chg_en=1  (byte0=0xC0)
     243.995  0x318  [8]  0D 21 0D 20 0D 20 0D 20 
     244.005  0x317  [8]  0D 24 0D 24 0D 24 0D 24 
     244.015  0x316  [8]  0D 21 0D 21 0D 21 0D 21 
     244.025  0x315  [8]  0D 23 0D 22 0D 22 0D 22 
     244.035  0x314  [8]  5B 2C 5B 40 00 04 05 3D 
        0x314  RM=233.40Ah  FCC=233.60Ah  dV=4mV  cycles=1341
     244.046  0x313  [8]  14 FA FF B7 00 EA 63 63 
        0x313  Vraw=5370  -> 53.70V if 0.01V  /  537.0V if 0.1V  |  I=-7.3A  T=23.4C  SOC=99%  SOH=99
     244.057  0x312  [8]  00 00 00 00 02 00 00 00 
        0x312  prot=00 00  warn=00 00  packs=2  mfr=??  cells=0
     244.069  0x311  [8]  02 38 08 24 08 24 01 63 
        0x311  CVL=56.8V  CCL=208.4A  DCL=208.4A  status=0x0163 (chg_en=1 dis_en=1 mode=3)
     244.222  0x301  [8]  0B 16 21 2C 37 42 4D 58 
        0x301  <-- KEEPALIVE FROM THE GROWATT INVERTER.
               This payload is undocumented. Write it down.
     244.722  0x301  [8]  0B 16 21 2C 37 42 4D 58 
        0x301  <-- KEEPALIVE FROM THE GROWATT INVERTER.
               This payload is undocumented. Write it down.
     244.934  0x330  [8]  02 01 02 08 0D 24 0D 1F 
     244.944  0x329  [8]  02 00 18 CB 02 00 3F 3B 
     244.954  0x323  [8]  20 0E 10 00 00 00 00 00 
     244.954  0x324  [8]  01 39 35 32 32 30 36 32 
     244.968  0x322  [8]  01 00 00 D4 03 01 63 63 
     244.974  0x320  [8]  50 41 C3 85 85 00 00 00 
        0x320  mfr=PA  hw=195  sw=133
     244.984  0x319  [8]  C0 0D 24 0D 1F 11 18 00 
        0x319  chem=0  forceI=0 forceII=0  dis_en=0 chg_en=1  (byte0=0xC0)
     244.994  0x318  [8]  0D 20 0D 20 0D 20 0D 1F 
     245.004  0x317  [8]  0D 24 0D 24 0D 24 0D 24 
     245.014  0x316  [8]  0D 21 0D 21 0D 21 0D 21 
     245.024  0x315  [8]  0D 23 0D 22 0D 22 0D 22 
     245.034  0x314  [8]  5B 2C 5B 40 00 05 05 3D 
        0x314  RM=233.40Ah  FCC=233.60Ah  dV=5mV  cycles=1341
     245.045  0x313  [8]  14 FA FF B5 00 EA 63 63 
        0x313  Vraw=5370  -> 53.70V if 0.01V  /  537.0V if 0.1V  |  I=-7.5A  T=23.4C  SOC=99%  SOH=99
     245.056  0x312  [8]  00 00 00 00 02 00 00 00 
        0x312  prot=00 00  warn=00 00  packs=2  mfr=??  cells=0
     245.068  0x311  [8]  02 38 08 24 08 24 01 63 
        0x311  CVL=56.8V  CCL=208.4A  DCL=208.4A  status=0x0163 (chg_en=1 dis_en=1 mode=3)
     245.222  0x301  [8]  0B 16 21 2C 37 42 4D 58 
        0x301  <-- KEEPALIVE FROM THE GROWATT INVERTER.
               This payload is undocumented. Write it down.
     245.722  0x301  [8]  0B 16 21 2C 37 42 4D 58 
        0x301  <-- KEEPALIVE FROM THE GROWATT INVERTER.
               This payload is undocumented. Write it down.
     245.933  0x330  [8]  02 01 02 07 0D 24 0D 1F 
     245.944  0x329  [8]  01 00 21 38 01 00 3E 9F 
     245.954  0x323  [8]  20 0E 10 00 00 00 00 00 
     245.954  0x324  [8]  02 43 30 37 00 00 00 00 
     245.967  0x322  [8]  01 00 00 D4 03 01 63 63 
     245.974  0x320  [8]  50 41 C3 85 85 00 00 00 
        0x320  mfr=PA  hw=195  sw=133
     245.983  0x319  [8]  C0 0D 24 0D 1F 11 17 00 
        0x319  chem=0  forceI=0 forceII=0  dis_en=0 chg_en=1  (byte0=0xC0)
     245.994  0x318  [8]  0D 20 0D 20 0D 1F 0D 1F 
     246.004  0x317  [8]  0D 24 0D 24 0D 23 0D 23 
     246.013  0x316  [8]  0D 20 0D 20 0D 20 0D 20 
     246.023  0x315  [8]  0D 23 0D 22 0D 22 0D 22 
     246.033  0x314  [8]  5B 2C 5B 40 00 05 05 3D 
        0x314  RM=233.40Ah  FCC=233.60Ah  dV=5mV  cycles=1341
     246.044  0x313  [8]  14 FA FF B5 00 EA 63 63 
        0x313  Vraw=5370  -> 53.70V if 0.01V  /  537.0V if 0.1V  |  I=-7.5A  T=23.4C  SOC=99%  SOH=99
     246.055  0x312  [8]  00 00 00 00 02 00 00 00 
        0x312  prot=00 00  warn=00 00  packs=2  mfr=??  cells=0
     246.067  0x311  [8]  02 38 08 24 08 24 01 63 
        0x311  CVL=56.8V  CCL=208.4A  DCL=208.4A  status=0x0163 (chg_en=1 dis_en=1 mode=3)
     246.222  0x301  [8]  0B 16 21 2C 37 42 4D 58 
        0x301  <-- KEEPALIVE FROM THE GROWATT INVERTER.
               This payload is undocumented. Write it down.
     246.722  0x301  [8]  0B 16 21 2C 37 42 4D 58 
        0x301  <-- KEEPALIVE FROM THE GROWATT INVERTER.
               This payload is undocumented. Write it down.
     246.932  0x330  [8]  02 01 02 07 0D 23 0D 1F 
     246.943  0x329  [8]  02 00 18 CB 02 00 3F 3B 
     246.952  0x323  [8]  20 0E 10 00 00 00 00 00 
     246.952  0x324  [8]  00 02 47 50 4A 30 32 31 
     246.966  0x322  [8]  01 00 00 D4 03 01 63 63 
     246.973  0x320  [8]  50 41 C3 85 85 00 00 00 
        0x320  mfr=PA  hw=195  sw=133
     246.982  0x319  [8]  C0 0D 23 0D 1F 11 17 00 
        0x319  chem=0  forceI=0 forceII=0  dis_en=0 chg_en=1  (byte0=0xC0)
     246.993  0x318  [8]  0D 20 0D 20 0D 1F 0D 1F 
     247.003  0x317  [8]  0D 23 0D 23 0D 23 0D 23 
     247.013  0x316  [8]  0D 20 0D 20 0D 20 0D 20 
     247.023  0x315  [8]  0D 22 0D 22 0D 21 0D 21 
     247.032  0x314  [8]  5B 2C 5B 40 00 04 05 3D 
        0x314  RM=233.40Ah  FCC=233.60Ah  dV=4mV  cycles=1341
     247.043  0x313  [8]  14 FA FF B6 00 EA 63 63 
        0x313  Vraw=5370  -> 53.70V if 0.01V  /  537.0V if 0.1V  |  I=-7.4A  T=23.4C  SOC=99%  SOH=99
     247.054  0x312  [8]  00 00 00 00 02 00 00 00 
        0x312  prot=00 00  warn=00 00  packs=2  mfr=??  cells=0
     247.066  0x311  [8]  02 38 08 24 08 24 01 63 
        0x311  CVL=56.8V  CCL=208.4A  DCL=208.4A  status=0x0163 (chg_en=1 dis_en=1 mode=3)
     247.222  0x301  [8]  0B 16 21 2C 37 42 4D 58 
        0x301  <-- KEEPALIVE FROM THE GROWATT INVERTER.
               This payload is undocumented. Write it down.
     247.722  0x301  [8]  0B 16 21 2C 37 42 4D 58 
        0x301  <-- KEEPALIVE FROM THE GROWATT INVERTER.
               This payload is undocumented. Write it down.
     247.931  0x330  [8]  02 01 02 07 0D 23 0D 1F 
     247.942  0x329  [8]  01 00 21 38 01 00 3E 9F 
     247.951  0x323  [8]  20 0E 10 00 00 00 00 00 
     247.952  0x324  [8]  01 39 35 32 32 30 36 32 
     247.965  0x322  [8]  01 00 00 D4 03 01 63 63 
     247.972  0x320  [8]  50 41 C3 85 85 00 00 00 
        0x320  mfr=PA  hw=195  sw=133
     247.981  0x319  [8]  C0 0D 23 0D 1F 11 17 00 
        0x319  chem=0  forceI=0 forceII=0  dis_en=0 chg_en=1  (byte0=0xC0)
     247.992  0x318  [8]  0D 20 0D 20 0D 1F 0D 1F 
     248.002  0x317  [8]  0D 23 0D 23 0D 23 0D 23 
     248.012  0x316  [8]  0D 20 0D 20 0D 20 0D 20 
     248.022  0x315  [8]  0D 22 0D 21 0D 21 0D 21 
     248.031  0x314  [8]  5B 2C 5B 40 00 04 05 3D 
        0x314  RM=233.40Ah  FCC=233.60Ah  dV=4mV  cycles=1341
     248.042  0x313  [8]  14 FA FF B5 00 EA 63 63 
        0x313  Vraw=5370  -> 53.70V if 0.01V  /  537.0V if 0.1V  |  I=-7.5A  T=23.4C  SOC=99%  SOH=99
     248.053  0x312  [8]  00 00 00 00 02 00 00 00 
        0x312  prot=00 00  warn=00 00  packs=2  mfr=??  cells=0
     248.065  0x311  [8]  02 38 08 24 08 24 01 63 
        0x311  CVL=56.8V  CCL=208.4A  DCL=208.4A  status=0x0163 (chg_en=1 dis_en=1 mode=3)
     248.222  0x301  [8]  0B 16 21 2C 37 42 4D 58 
        0x301  <-- KEEPALIVE FROM THE GROWATT INVERTER.
               This payload is undocumented. Write it down.
     248.722  0x301  [8]  0B 16 21 2C 37 42 4D 58 
        0x301  <-- KEEPALIVE FROM THE GROWATT INVERTER.
               This payload is undocumented. Write it down.
     248.930  0x330  [8]  02 01 02 08 0D 23 0D 1E 
     248.941  0x329  [8]  02 00 18 CB 02 00 3F 3B 
     248.951  0x323  [8]  20 0E 10 00 00 00 00 00 
     248.951  0x324  [8]  02 42 42 37 00 00 00 00 
     248.964  0x322  [8]  01 00 00 D4 03 01 63 63 
     248.971  0x320  [8]  50 41 C3 85 85 00 00 00 
        0x320  mfr=PA  hw=195  sw=133
     248.980  0x319  [8]  C0 0D 23 0D 1E 11 18 00 
        0x319  chem=0  forceI=0 forceII=0  dis_en=0 chg_en=1  (byte0=0xC0)
     248.991  0x318  [8]  0D 1F 0D 1F 0D 1F 0D 1E 
     249.001  0x317  [8]  0D 23 0D 23 0D 22 0D 22 
     249.011  0x316  [8]  0D 20 0D 20 0D 1F 0D 1F 
     249.021  0x315  [8]  0D 21 0D 21 0D 21 0D 21 
     249.031  0x314  [8]  5B 2C 5B 40 00 05 05 3D 
        0x314  RM=233.40Ah  FCC=233.60Ah  dV=5mV  cycles=1341
     249.042  0x313  [8]  14 FA FF B7 00 EA 63 63 
        0x313  Vraw=5370  -> 53.70V if 0.01V  /  537.0V if 0.1V  |  I=-7.3A  T=23.4C  SOC=99%  SOH=99
     249.053  0x312  [8]  00 00 00 00 02 00 00 00 
        0x312  prot=00 00  warn=00 00  packs=2  mfr=??  cells=0
     249.064  0x311  [8]  02 38 08 24 08 24 01 63 
        0x311  CVL=56.8V  CCL=208.4A  DCL=208.4A  status=0x0163 (chg_en=1 dis_en=1 mode=3)
     249.222  0x301  [8]  0B 16 21 2C 37 42 4D 58 
        0x301  <-- KEEPALIVE FROM THE GROWATT INVERTER.
               This payload is undocumented. Write it down.
     249.722  0x301  [8]  0B 16 21 2C 37 42 4D 58 
        0x301  <-- KEEPALIVE FROM THE GROWATT INVERTER.
               This payload is undocumented. Write it down.
     249.929  0x330  [8]  01 02 02 08 0D 22 0D 1E 
     249.940  0x329  [8]  01 00 21 38 01 00 3E 9F 
     249.950  0x323  [8]  20 0E 10 00 00 00 00 00 
     249.950  0x324  [8]  00 01 47 50 4A 30 32 31 
     249.964  0x322  [8]  01 00 00 D4 03 01 63 63 
     249.970  0x320  [8]  50 41 C3 85 85 00 00 00 
        0x320  mfr=PA  hw=195  sw=133
     249.979  0x319  [8]  C0 0D 22 0D 1E 02 18 00 
        0x319  chem=0  forceI=0 forceII=0  dis_en=0 chg_en=1  (byte0=0xC0)
     249.990  0x318  [8]  0D 1F 0D 1F 0D 1F 0D 1E 
     250.000  0x317  [8]  0D 22 0D 22 0D 22 0D 22 
     250.010  0x316  [8]  0D 20 0D 20 0D 20 0D 1F 
     250.020  0x315  [8]  0D 22 0D 21 0D 21 0D 20 
     250.030  0x314  [8]  5B 2C 5B 40 00 04 05 3D 
        0x314  RM=233.40Ah  FCC=233.60Ah  dV=4mV  cycles=1341
     250.041  0x313  [8]  14 FA FF B5 00 EA 63 63 
        0x313  Vraw=5370  -> 53.70V if 0.01V  /  537.0V if 0.1V  |  I=-7.5A  T=23.4C  SOC=99%  SOH=99
     250.052  0x312  [8]  00 00 00 00 02 00 00 00 
        0x312  prot=00 00  warn=00 00  packs=2  mfr=??  cells=0
     250.064  0x311  [8]  02 38 08 24 08 24 01 63 
        0x311  CVL=56.8V  CCL=208.4A  DCL=208.4A  status=0x0163 (chg_en=1 dis_en=1 mode=3)
     250.222  0x301  [8]  0B 16 21 2C 37 42 4D 58 
        0x301  <-- KEEPALIVE FROM THE GROWATT INVERTER.
               This payload is undocumented. Write it down.
     250.721  0x301  [8]  0B 16 21 2C 37 42 4D 58 
        0x301  <-- KEEPALIVE FROM THE GROWATT INVERTER.
               This payload is undocumented. Write it down.
     250.929  0x330  [8]  02 01 02 08 0D 23 0D 1D 
     250.939  0x329  [8]  02 00 18 CB 02 00 3F 3B 
     250.949  0x323  [8]  20 0E 10 00 00 00 00 00 
     250.949  0x324  [8]  01 39 35 32 32 30 36 32 
     250.963  0x322  [8]  01 00 00 D4 03 01 63 63 
     250.969  0x320  [8]  50 41 C3 85 85 00 00 00 
        0x320  mfr=PA  hw=195  sw=133
     250.979  0x319  [8]  C0 0D 23 0D 1D 11 18 00 
        0x319  chem=0  forceI=0 forceII=0  dis_en=0 chg_en=1  (byte0=0xC0)
     250.989  0x318  [8]  0D 1F 0D 1F 0D 1E 0D 1D 
     250.999  0x317  [8]  0D 23 0D 23 0D 22 0D 22 
     251.009  0x316  [8]  0D 1F 0D 1F 0D 1F 0D 1F 
     251.019  0x315  [8]  0D 22 0D 21 0D 21 0D 20 
     251.029  0x314  [8]  5B 2C 5B 40 00 06 05 3D 
        0x314  RM=233.40Ah  FCC=233.60Ah  dV=6mV  cycles=1341
     251.040  0x313  [8]  14 FA FF B6 00 EA 63 63 
        0x313  Vraw=5370  -> 53.70V if 0.01V  /  537.0V if 0.1V  |  I=-7.4A  T=23.4C  SOC=99%  SOH=99
     251.051  0x312  [8]  00 00 00 00 02 00 00 00 
        0x312  prot=00 00  warn=00 00  packs=2  mfr=??  cells=0
     251.063  0x311  [8]  02 38 08 24 08 24 01 63 
        0x311  CVL=56.8V  CCL=208.4A  DCL=208.4A  status=0x0163 (chg_en=1 dis_en=1 mode=3)
     251.221  0x301  [8]  0B 16 21 2C 37 42 4D 58 
        0x301  <-- KEEPALIVE FROM THE GROWATT INVERTER.
               This payload is undocumented. Write it down.
     251.722  0x301  [8]  0B 16 21 2C 37 42 4D 58 
        0x301  <-- KEEPALIVE FROM THE GROWATT INVERTER.
               This payload is undocumented. Write it down.
     251.928  0x330  [8]  02 01 02 08 0D 22 0D 1D 
     251.939  0x329  [8]  01 00 21 38 01 00 3E 9F 
     251.948  0x323  [8]  20 0E 10 00 00 00 00 00 
     251.948  0x324  [8]  02 43 30 37 00 00 00 00 
     251.962  0x322  [8]  01 00 00 D4 03 01 63 63 
     251.969  0x320  [8]  50 41 C3 85 85 00 00 00 
        0x320  mfr=PA  hw=195  sw=133
     251.978  0x319  [8]  C0 0D 22 0D 1D 11 18 00 
        0x319  chem=0  forceI=0 forceII=0  dis_en=0 chg_en=1  (byte0=0xC0)
     251.989  0x318  [8]  0D 1E 0D 1E 0D 1E 0D 1D 
     251.998  0x317  [8]  0D 22 0D 22 0D 22 0D 22 
     252.009  0x316  [8]  0D 1F 0D 1F 0D 1F 0D 1F 
     252.018  0x315  [8]  0D 21 0D 20 0D 20 0D 20 
     252.028  0x314  [8]  5B 2C 5B 40 00 05 05 3D 
        0x314  RM=233.40Ah  FCC=233.60Ah  dV=5mV  cycles=1341
     252.039  0x313  [8]  14 FA FF B8 00 EA 63 63 
        0x313  Vraw=5370  -> 53.70V if 0.01V  /  537.0V if 0.1V  |  I=-7.2A  T=23.4C  SOC=99%  SOH=99
     252.050  0x312  [8]  00 00 00 00 02 00 00 00 
        0x312  prot=00 00  warn=00 00  packs=2  mfr=??  cells=0
     252.062  0x311  [8]  02 38 08 24 08 24 01 63 
        0x311  CVL=56.8V  CCL=208.4A  DCL=208.4A  status=0x0163 (chg_en=1 dis_en=1 mode=3)
     252.221  0x301  [8]  0B 16 21 2C 37 42 4D 58 
        0x301  <-- KEEPALIVE FROM THE GROWATT INVERTER.
               This payload is undocumented. Write it down.
     252.722  0x301  [8]  0B 16 21 2C 37 42 4D 58 
        0x301  <-- KEEPALIVE FROM THE GROWATT INVERTER.
               This payload is undocumented. Write it down.
     252.927  0x330  [8]  02 01 02 07 0D 22 0D 1D 
     252.938  0x329  [8]  02 00 18 CB 02 00 3F 3B 
     252.947  0x323  [8]  20 0E 10 00 00 00 00 00 
     252.947  0x324  [8]  00 02 47 50 4A 30 32 31 
     252.961  0x322  [8]  01 00 00 D4 03 01 63 63 
     252.968  0x320  [8]  50 41 C3 85 85 00 00 00 
        0x320  mfr=PA  hw=195  sw=133
     252.977  0x319  [8]  C0 0D 22 0D 1D 11 17 00 
        0x319  chem=0  forceI=0 forceII=0  dis_en=0 chg_en=1  (byte0=0xC0)
     252.988  0x318  [8]  0D 1E 0D 1E 0D 1D 0D 1D 
     252.998  0x317  [8]  0D 22 0D 22 0D 22 0D 21 
     253.008  0x316  [8]  0D 1F 0D 1F 0D 1F 0D 1E 
     253.018  0x315  [8]  0D 21 0D 20 0D 20 0D 20 
     253.027  0x314  [8]  5B 2C 5B 40 00 05 05 3D 
        0x314  RM=233.40Ah  FCC=233.60Ah  dV=5mV  cycles=1341
     253.038  0x313  [8]  14 FA FF B6 00 EA 63 63 
        0x313  Vraw=5370  -> 53.70V if 0.01V  /  537.0V if 0.1V  |  I=-7.4A  T=23.4C  SOC=99%  SOH=99
     253.049  0x312  [8]  00 00 00 00 02 00 00 00 
        0x312  prot=00 00  warn=00 00  packs=2  mfr=??  cells=0
     253.061  0x311  [8]  02 38 08 24 08 24 01 63 
        0x311  CVL=56.8V  CCL=208.4A  DCL=208.4A  status=0x0163 (chg_en=1 dis_en=1 mode=3)
     253.222  0x301  [8]  0B 16 21 2C 37 42 4D 58 
        0x301  <-- KEEPALIVE FROM THE GROWATT INVERTER.
               This payload is undocumented. Write it down.
     253.721  0x301  [8]  0B 16 21 2C 37 42 4D 58 
        0x301  <-- KEEPALIVE FROM THE GROWATT INVERTER.
               This payload is undocumented. Write it down.
     253.926  0x330  [8]  02 09 02 07 0D 22 0D 1D 
     253.937  0x329  [8]  01 00 21 38 01 00 3E 9F 
     253.946  0x323  [8]  20 0E 10 00 00 00 00 00 
     253.947  0x324  [8]  01 39 35 32 32 30 36 32 
     253.960  0x322  [8]  01 00 00 D4 03 01 63 63 
     253.967  0x320  [8]  50 41 C3 85 85 00 00 00 
        0x320  mfr=PA  hw=195  sw=133
     253.976  0x319  [8]  C0 0D 22 0D 1D 19 17 00 
        0x319  chem=0  forceI=0 forceII=0  dis_en=0 chg_en=1  (byte0=0xC0)
     253.987  0x318  [8]  0D 1E 0D 1E 0D 1D 0D 1D 
     253.997  0x317  [8]  0D 22 0D 22 0D 21 0D 21 
     254.007  0x316  [8]  0D 1E 0D 1E 0D 1E 0D 1E 
     254.017  0x315  [8]  0D 20 0D 20 0D 20 0D 20 
     254.026  0x314  [8]  5B 2C 5B 40 00 05 05 3D 
        0x314  RM=233.40Ah  FCC=233.60Ah  dV=5mV  cycles=1341
     254.037  0x313  [8]  14 FA FF B6 00 EA 63 63 
        0x313  Vraw=5370  -> 53.70V if 0.01V  /  537.0V if 0.1V  |  I=-7.4A  T=23.4C  SOC=99%  SOH=99
     254.048  0x312  [8]  00 00 00 00 02 00 00 00 
        0x312  prot=00 00  warn=00 00  packs=2  mfr=??  cells=0
     254.060  0x311  [8]  02 38 08 24 08 24 01 63 
        0x311  CVL=56.8V  CCL=208.4A  DCL=208.4A  status=0x0163 (chg_en=1 dis_en=1 mode=3)
     254.221  0x301  [8]  0B 16 21 2C 37 42 4D 58 
        0x301  <-- KEEPALIVE FROM THE GROWATT INVERTER.
               This payload is undocumented. Write it down.
     254.722  0x301  [8]  0B 16 21 2C 37 42 4D 58 
        0x301  <-- KEEPALIVE FROM THE GROWATT INVERTER.
               This payload is undocumented. Write it down.
     254.925  0x330  [8]  02 01 02 06 0D 21 0D 1D 
     254.936  0x329  [8]  02 00 18 CB 02 00 3F 3B 
     254.946  0x323  [8]  20 0E 10 00 00 00 00 00 
     254.946  0x324  [8]  02 42 42 37 00 00 00 00 
     254.959  0x322  [8]  01 00 00 D4 03 01 63 63 
     254.966  0x320  [8]  50 41 C3 85 85 00 00 00 
        0x320  mfr=PA  hw=195  sw=133
     254.975  0x319  [8]  C0 0D 21 0D 1D 11 16 00 
        0x319  chem=0  forceI=0 forceII=0  dis_en=0 chg_en=1  (byte0=0xC0)
     254.986  0x318  [8]  0D 1E 0D 1E 0D 1D 0D 1D 
     254.996  0x317  [8]  0D 21 0D 21 0D 21 0D 21 
     255.006  0x316  [8]  0D 1E 0D 1E 0D 1E 0D 1E 
     255.016  0x315  [8]  0D 20 0D 20 0D 1F 0D 1F 
     255.026  0x314  [8]  5B 2C 5B 40 00 04 05 3D 
        0x314  RM=233.40Ah  FCC=233.60Ah  dV=4mV  cycles=1341
     255.037  0x313  [8]  14 FA FF B5 00 EA 63 63 
        0x313  Vraw=5370  -> 53.70V if 0.01V  /  537.0V if 0.1V  |  I=-7.5A  T=23.4C  SOC=99%  SOH=99
     255.048  0x312  [8]  00 00 00 00 02 00 00 00 
        0x312  prot=00 00  warn=00 00  packs=2  mfr=??  cells=0
     255.059  0x311  [8]  02 38 08 24 08 24 01 63 
        0x311  CVL=56.8V  CCL=208.4A  DCL=208.4A  status=0x0163 (chg_en=1 dis_en=1 mode=3)
     255.221  0x301  [8]  0B 16 21 2C 37 42 4D 58 
        0x301  <-- KEEPALIVE FROM THE GROWATT INVERTER.
               This payload is undocumented. Write it down.
     255.721  0x301  [8]  0B 16 21 2C 37 42 4D 58 
        0x301  <-- KEEPALIVE FROM THE GROWATT INVERTER.
               This payload is undocumented. Write it down.
     255.924  0x330  [8]  02 01 02 04 0D 21 0D 1D 
     255.935  0x329  [8]  01 00 21 38 01 00 3E 9F 
     255.945  0x323  [8]  20 0E 10 00 00 00 00 00 
     255.945  0x324  [8]  00 01 47 50 4A 30 32 31 
     255.959  0x322  [8]  01 00 00 D4 03 01 63 63 
     255.965  0x320  [8]  50 41 C3 85 85 00 00 00 
        0x320  mfr=PA  hw=195  sw=133
     255.974  0x319  [8]  C0 0D 21 0D 1D 11 14 00 
        0x319  chem=0  forceI=0 forceII=0  dis_en=0 chg_en=1  (byte0=0xC0)
     255.985  0x318  [8]  0D 1D 0D 1D 0D 1D 0D 1D 
     255.995  0x317  [8]  0D 21 0D 21 0D 21 0D 21 
     256.005  0x316  [8]  0D 1E 0D 1E 0D 1E 0D 1E 
     256.015  0x315  [8]  0D 20 0D 1F 0D 1F 0D 1F 
     256.025  0x314  [8]  5B 2C 5B 40 00 04 05 3D 
        0x314  RM=233.40Ah  FCC=233.60Ah  dV=4mV  cycles=1341
     256.036  0x313  [8]  14 FA FF B5 00 EA 63 63 
        0x313  Vraw=5370  -> 53.70V if 0.01V  /  537.0V if 0.1V  |  I=-7.5A  T=23.4C  SOC=99%  SOH=99
     256.047  0x312  [8]  00 00 00 00 02 00 00 00 
        0x312  prot=00 00  warn=00 00  packs=2  mfr=??  cells=0
     256.059  0x311  [8]  02 38 08 24 08 24 01 63 
        0x311  CVL=56.8V  CCL=208.4A  DCL=208.4A  status=0x0163 (chg_en=1 dis_en=1 mode=3)
     256.221  0x301  [8]  0B 16 21 2C 37 42 4D 58 
        0x301  <-- KEEPALIVE FROM THE GROWATT INVERTER.
               This payload is undocumented. Write it down.
     256.721  0x301  [8]  0B 16 21 2C 37 42 4D 58 
        0x301  <-- KEEPALIVE FROM THE GROWATT INVERTER.
               This payload is undocumented. Write it down.
     256.924  0x330  [8]  02 09 02 07 0D 21 0D 1C 
     256.934  0x329  [8]  02 00 18 CB 02 00 3F 3B 
     256.944  0x323  [8]  20 0E 10 00 00 00 00 00 
     256.944  0x324  [8]  01 39 35 32 32 30 36 32 
     256.958  0x322  [8]  01 00 00 D4 03 01 63 63 
     256.964  0x320  [8]  50 41 C3 85 85 00 00 00 
        0x320  mfr=PA  hw=195  sw=133
     256.974  0x319  [8]  C0 0D 21 0D 1C 19 17 00 
        0x319  chem=0  forceI=0 forceII=0  dis_en=0 chg_en=1  (byte0=0xC0)
     256.984  0x318  [8]  0D 1E 0D 1D 0D 1C 0D 1C 
     256.994  0x317  [8]  0D 21 0D 21 0D 20 0D 20 
     257.004  0x316  [8]  0D 1E 0D 1E 0D 1E 0D 1E 
     257.014  0x315  [8]  0D 20 0D 1F 0D 1F 0D 1F 
     257.024  0x314  [8]  5B 2C 5B 40 00 05 05 3D 
        0x314  RM=233.40Ah  FCC=233.60Ah  dV=5mV  cycles=1341
     257.035  0x313  [8]  14 FA FF B5 00 EA 63 63 
        0x313  Vraw=5370  -> 53.70V if 0.01V  /  537.0V if 0.1V  |  I=-7.5A  T=23.4C  SOC=99%  SOH=99
     257.046  0x312  [8]  00 00 00 00 02 00 00 00 
        0x312  prot=00 00  warn=00 00  packs=2  mfr=??  cells=0
     257.058  0x311  [8]  02 38 08 24 08 24 01 63 
        0x311  CVL=56.8V  CCL=208.4A  DCL=208.4A  status=0x0163 (chg_en=1 dis_en=1 mode=3)
     257.224  0x301  [8]  0B 16 21 2C 37 42 4D 58 
        0x301  <-- KEEPALIVE FROM THE GROWATT INVERTER.
               This payload is undocumented. Write it down.

======================================================================
  9790 frames, 257 s elapsed
  ID     count   period(ms)  DLC  last payload             changing
  ----------------------------------------------------------------------
  0x301     397    647 (499-58847)  8   0B 16 21 2C 37 42 4D 58  ........
  0x330     449    570 (0-2958)  8   02 09 02 07 0D 21 0D 1C  ****.*.*
  0x329     795    322 (0-1740)  8   02 00 18 CB 02 00 3F 3B  *.***.**
  0x323     539    475 (0-1892)  8   20 0E 10 00 00 00 00 00  ........
  0x324     595    430 (0-1881)  8   01 39 35 32 32 30 36 32  ********
  0x322     786    325 (0-2522)  8   01 00 00 D4 03 01 63 63  ........
  0x320     546    469 (0-2440)  8   50 41 C3 85 85 00 00 00  ........
  0x319     505    507 (10-2346)  8   C0 0D 21 0D 1C 19 17 00  ..*.***.
  0x318     465    551 (0-2976)  8   0D 1E 0D 1D 0D 1C 0D 1C  .*.*.*.*
  0x317     423    606 (0-2957)  8   0D 21 0D 21 0D 20 0D 20  .*.*.*.*
  0x316     441    581 (0-2955)  8   0D 1E 0D 1E 0D 1E 0D 1E  .*.*.*.*
  0x315     797    321 (0-2143)  8   0D 20 0D 1F 0D 1F 0D 1F  .*.*.*.*
  0x314     813    315 (0-1942)  8   5B 2C 5B 40 00 05 05 3D  .....*..
  0x313     635    403 (11-1634)  8   14 FA FF B5 00 EA 63 63  ****....
  0x312     480    534 (0-1698)  8   00 00 00 00 02 00 00 00  ........
  0x311    1124    227 (11-2465)  8   02 38 08 24 08 24 01 63  .......*
  ----------------------------------------------------------------------
  Auto-scaled pack voltage: 53.70 V  (SOC 99%)
  Cross-check this against the Growatt app before trusting it.
======================================================================

     257.728  0x301  [8]  0B 16 21 2C 37 42 4D 58 
        0x301  <-- KEEPALIVE FROM THE GROWATT INVERTER.
               This payload is undocumented. Write it down.
     257.923  0x330  [8]  02 01 02 07 0D 20 0D 1C 
     257.934  0x329  [8]  01 00 21 38 01 00 3E 9F 
     257.943  0x323  [8]  20 0E 10 00 00 00 00 00 
     257.943  0x324  [8]  02 43 30 37 00 00 00 00 
     257.957  0x322  [8]  01 00 00 D4 03 01 63 63 
     257.964  0x320  [8]  50 41 C3 85 85 00 00 00 
        0x320  mfr=PA  hw=195  sw=133
     257.973  0x319  [8]  C0 0D 20 0D 1C 11 17 00 
        0x319  chem=0  forceI=0 forceII=0  dis_en=0 chg_en=1  (byte0=0xC0)
     257.984  0x318  [8]  0D 1D 0D 1D 0D 1C 0D 1C 
     257.993  0x317  [8]  0D 20 0D 20 0D 20 0D 20 
     258.003  0x316  [8]  0D 1D 0D 1D 0D 1D 0D 1D 
     258.013  0x315  [8]  0D 1F 0D 1F 0D 1E 0D 1E 
     258.023  0x314  [8]  5B 2C 5B 40 00 04 05 3D 
        0x314  RM=233.40Ah  FCC=233.60Ah  dV=4mV  cycles=1341
     258.034  0x313  [8]  14 FA FF B2 00 EA 63 63 
        0x313  Vraw=5370  -> 53.70V if 0.01V  /  537.0V if 0.1V  |  I=-7.8A  T=23.4C  SOC=99%  SOH=99
     258.045  0x312  [8]  00 00 00 00 02 00 00 00 
        0x312  prot=00 00  warn=00 00  packs=2  mfr=??  cells=0
     258.057  0x311  [8]  02 38 08 24 08 24 01 63 
        0x311  CVL=56.8V  CCL=208.4A  DCL=208.4A  status=0x0163 (chg_en=1 dis_en=1 mode=3)
     258.227  0x301  [8]  0B 16 21 2C 37 42 4D 58 
        0x301  <-- KEEPALIVE FROM THE GROWATT INVERTER.
               This payload is undocumented. Write it down.
     258.727  0x301  [8]  0B 16 21 2C 37 42 4D 58 
        0x301  <-- KEEPALIVE FROM THE GROWATT INVERTER.
               This payload is undocumented. Write it down.
     258.922  0x330  [8]  02 01 02 06 0D 20 0D 1C 
     258.933  0x329  [8]  02 00 18 CB 02 00 3F 3B 
     258.943  0x323  [8]  20 0E 10 00 00 00 00 00 
     258.943  0x324  [8]  00 02 47 50 4A 30 32 31 
     258.956  0x322  [8]  01 00 00 D4 03 01 63 63 
     258.963  0x320  [8]  50 41 C3 85 85 00 00 00 
        0x320  mfr=PA  hw=195  sw=133
     258.972  0x319  [8]  C0 0D 20 0D 1C 11 16 00 
        0x319  chem=0  forceI=0 forceII=0  dis_en=0 chg_en=1  (byte0=0xC0)
     258.983  0x318  [8]  0D 1D 0D 1C 0D 1C 0D 1C 
     258.993  0x317  [8]  0D 20 0D 20 0D 1F 0D 1F 
     259.003  0x316  [8]  0D 1D 0D 1D 0D 1D 0D 1D 
     259.013  0x315  [8]  0D 1F 0D 1E 0D 1E 0D 1E 
     259.022  0x314  [8]  5B 2C 5B 40 00 04 05 3D 
        0x314  RM=233.40Ah  FCC=233.60Ah  dV=4mV  cycles=1341
     259.033  0x313  [8]  14 FA FF AD 00 EA 63 63 
        0x313  Vraw=5370  -> 53.70V if 0.01V  /  537.0V if 0.1V  |  I=-8.3A  T=23.4C  SOC=99%  SOH=99
     259.044  0x312  [8]  00 00 00 00 02 00 00 00 
        0x312  prot=00 00  warn=00 00  packs=2  mfr=??  cells=0
     259.056  0x311  [8]  02 38 08 24 08 24 01 63 
        0x311  CVL=56.8V  CCL=208.4A  DCL=208.4A  status=0x0163 (chg_en=1 dis_en=1 mode=3)
     259.227  0x301  [8]  0B 16 21 2C 37 42 4D 58 
        0x301  <-- KEEPALIVE FROM THE GROWATT INVERTER.
               This payload is undocumented. Write it down.
     259.727  0x301  [8]  0B 16 21 2C 37 42 4D 58 
        0x301  <-- KEEPALIVE FROM THE GROWATT INVERTER.
               This payload is undocumented. Write it down.
     259.921  0x330  [8]  02 01 02 08 0D 20 0D 1B 
     259.932  0x329  [8]  01 00 21 38 01 00 3E 9F 
     259.941  0x323  [8]  20 0E 10 00 00 00 00 00 
     259.942  0x324  [8]  01 39 35 32 32 30 36 32 
     259.955  0x322  [8]  01 00 00 D4 03 01 63 63 
     259.962  0x320  [8]  50 41 C3 85 85 00 00 00 
        0x320  mfr=PA  hw=195  sw=133
     259.971  0x319  [8]  C0 0D 20 0D 1B 11 18 00 
        0x319  chem=0  forceI=0 forceII=0  dis_en=0 chg_en=1  (byte0=0xC0)
     259.982  0x318  [8]  0D 1C 0D 1C 0D 1C 0D 1B 
     259.992  0x317  [8]  0D 20 0D 1F 0D 1F 0D 1F 
     260.002  0x316  [8]  0D 1C 0D 1C 0D 1C 0D 1C 
     260.012  0x315  [8]  0D 1E 0D 1E 0D 1E 0D 1E 
     260.021  0x314  [8]  5B 2C 5B 40 00 05 05 3D 
        0x314  RM=233.40Ah  FCC=233.60Ah  dV=5mV  cycles=1341
     260.032  0x313  [8]  14 FA FF A6 00 EA 63 63 
        0x313  Vraw=5370  -> 53.70V if 0.01V  /  537.0V if 0.1V  |  I=-9.0A  T=23.4C  SOC=99%  SOH=99
     260.043  0x312  [8]  00 00 00 00 02 00 00 00 
        0x312  prot=00 00  warn=00 00  packs=2  mfr=??  cells=0
     260.055  0x311  [8]  02 38 08 24 08 24 01 63 
        0x311  CVL=56.8V  CCL=208.4A  DCL=208.4A  status=0x0163 (chg_en=1 dis_en=1 mode=3)
     260.227  0x301  [8]  0B 16 21 2C 37 42 4D 58 
        0x301  <-- KEEPALIVE FROM THE GROWATT INVERTER.
               This payload is undocumented. Write it down.
     260.727  0x301  [8]  0B 16 21 2C 37 42 4D 58 
        0x301  <-- KEEPALIVE FROM THE GROWATT INVERTER.
               This payload is undocumented. Write it down.
     260.920  0x330  [8]  02 01 02 07 0D 1F 0D 1B 
     260.931  0x329  [8]  02 00 18 CB 02 00 3F 3B 
     260.941  0x323  [8]  20 0E 10 00 00 00 00 00 
     260.941  0x324  [8]  02 42 42 37 00 00 00 00 
     260.954  0x322  [8]  01 00 00 D4 03 01 63 63 
     260.961  0x320  [8]  50 41 C3 85 85 00 00 00 
        0x320  mfr=PA  hw=195  sw=133
     260.970  0x319  [8]  C0 0D 1F 0D 1B 11 17 00 
        0x319  chem=0  forceI=0 forceII=0  dis_en=0 chg_en=1  (byte0=0xC0)
     260.981  0x318  [8]  0D 1C 0D 1C 0D 1B 0D 1B 
     260.991  0x317  [8]  0D 1F 0D 1F 0D 1F 0D 1F 
     261.001  0x316  [8]  0D 1C 0D 1C 0D 1C 0D 1C 
     261.011  0x315  [8]  0D 1E 0D 1E 0D 1E 0D 1D 
     261.021  0x314  [8]  5B 2C 5B 40 00 04 05 3D 
        0x314  RM=233.40Ah  FCC=233.60Ah  dV=4mV  cycles=1341
     261.031  0x313  [8]  14 FA FF A5 00 EA 63 63 
        0x313  Vraw=5370  -> 53.70V if 0.01V  /  537.0V if 0.1V  |  I=-9.1A  T=23.4C  SOC=99%  SOH=99
     261.042  0x312  [8]  00 00 00 00 02 00 00 00 
        0x312  prot=00 00  warn=00 00  packs=2  mfr=??  cells=0
     261.054  0x311  [8]  02 38 08 24 08 24 01 63 
        0x311  CVL=56.8V  CCL=208.4A  DCL=208.4A  status=0x0163 (chg_en=1 dis_en=1 mode=3)
     261.227  0x301  [8]  0B 16 21 2C 37 42 4D 58 
        0x301  <-- KEEPALIVE FROM THE GROWATT INVERTER.
               This payload is undocumented. Write it down.
     261.727  0x301  [8]  0B 16 21 2C 37 42 4D 58 
        0x301  <-- KEEPALIVE FROM THE GROWATT INVERTER.
               This payload is undocumented. Write it down.
     261.919  0x330  [8]  02 01 02 04 0D 1F 0D 1B 
     261.930  0x329  [8]  01 00 21 38 01 00 3E 9F 
     261.940  0x323  [8]  20 0E 10 00 00 00 00 00 
     261.940  0x324  [8]  00 01 47 50 4A 30 32 31 
     261.954  0x322  [8]  01 00 00 D4 03 01 63 63 
     261.960  0x320  [8]  50 41 C3 85 85 00 00 00 
        0x320  mfr=PA  hw=195  sw=133
     261.969  0x319  [8]  C0 0D 1F 0D 1B 11 14 00 
        0x319  chem=0  forceI=0 forceII=0  dis_en=0 chg_en=1  (byte0=0xC0)
     261.980  0x318  [8]  0D 1B 0D 1B 0D 1B 0D 1B 
     261.990  0x317  [8]  0D 1F 0D 1E 0D 1E 0D 1E 
     262.000  0x316  [8]  0D 1C 0D 1C 0D 1C 0D 1C 
     262.010  0x315  [8]  0D 1D 0D 1D 0D 1D 0D 1D 
     262.020  0x314  [8]  5B 2C 5B 40 00 04 05 3D 
        0x314  RM=233.40Ah  FCC=233.60Ah  dV=4mV  cycles=1341
     262.031  0x313  [8]  14 FA FF A5 00 EA 63 63 
        0x313  Vraw=5370  -> 53.70V if 0.01V  /  537.0V if 0.1V  |  I=-9.1A  T=23.4C  SOC=99%  SOH=99
     262.042  0x312  [8]  00 00 00 00 02 00 00 00 
        0x312  prot=00 00  warn=00 00  packs=2  mfr=??  cells=0
     262.054  0x311  [8]  02 38 08 24 08 24 01 63 
        0x311  CVL=56.8V  CCL=208.4A  DCL=208.4A  status=0x0163 (chg_en=1 dis_en=1 mode=3)
     262.227  0x301  [8]  0B 16 21 2C 37 42 4D 58 
        0x301  <-- KEEPALIVE FROM THE GROWATT INVERTER.
               This payload is undocumented. Write it down.
     262.726  0x301  [8]  0B 16 21 2C 37 42 4D 58 
        0x301  <-- KEEPALIVE FROM THE GROWATT INVERTER.
               This payload is undocumented. Write it down.
     262.919  0x330  [8]  02 01 02 07 0D 1E 0D 1A 
     262.929  0x329  [8]  02 00 18 CB 02 00 3F 3B 
     262.939  0x323  [8]  20 0E 10 00 00 00 00 00 
     262.939  0x324  [8]  01 39 35 32 32 30 36 32 
     262.953  0x322  [8]  01 00 00 D4 03 01 63 63 
     262.959  0x320  [8]  50 41 C3 85 85 00 00 00 
        0x320  mfr=PA  hw=195  sw=133
     262.969  0x319  [8]  C0 0D 1E 0D 1A 11 17 00 
        0x319  chem=0  forceI=0 forceII=0  dis_en=0 chg_en=1  (byte0=0xC0)
     262.979  0x318  [8]  0D 1B 0D 1B 0D 1A 0D 1A 
     262.989  0x317  [8]  0D 1E 0D 1E 0D 1E 0D 1E 
     262.999  0x316  [8]  0D 1B 0D 1B 0D 1B 0D 1B 
     263.009  0x315  [8]  0D 1D 0D 1D 0D 1C 0D 1C 
     263.019  0x314  [8]  5B 2C 5B 40 00 04 05 3D 
        0x314  RM=233.40Ah  FCC=233.60Ah  dV=4mV  cycles=1341
     263.030  0x313  [8]  14 F0 FF 9F 00 EA 63 63 
        0x313  Vraw=5360  -> 53.60V if 0.01V  /  536.0V if 0.1V  |  I=-9.7A  T=23.4C  SOC=99%  SOH=99
     263.041  0x312  [8]  00 00 00 00 02 00 00 00 
        0x312  prot=00 00  warn=00 00  packs=2  mfr=??  cells=0
     263.053  0x311  [8]  02 38 08 24 08 24 01 63 
        0x311  CVL=56.8V  CCL=208.4A  DCL=208.4A  status=0x0163 (chg_en=1 dis_en=1 mode=3)
     263.227  0x301  [8]  0B 16 21 2C 37 42 4D 58 
        0x301  <-- KEEPALIVE FROM THE GROWATT INVERTER.
               This payload is undocumented. Write it down.
     263.726  0x301  [8]  0B 16 21 2C 37 42 4D 58 
        0x301  <-- KEEPALIVE FROM THE GROWATT INVERTER.
               This payload is undocumented. Write it down.
     263.918  0x330  [8]  02 09 02 04 0D 1E 0D 1A 
     263.929  0x329  [8]  01 00 21 38 01 00 3E 9F 
     263.938  0x323  [8]  20 0E 10 00 00 00 00 00 
     263.938  0x324  [8]  02 43 30 37 00 00 00 00 
     263.952  0x322  [8]  01 00 00 D4 03 01 63 63 
     263.959  0x320  [8]  50 41 C3 85 85 00 00 00 
        0x320  mfr=PA  hw=195  sw=133
     263.968  0x319  [8]  C0 0D 1E 0D 1A 19 14 00 
        0x319  chem=0  forceI=0 forceII=0  dis_en=0 chg_en=1  (byte0=0xC0)
     263.978  0x318  [8]  0D 1A 0D 1A 0D 1A 0D 1A 
     263.988  0x317  [8]  0D 1E 0D 1E 0D 1E 0D 1D 
     263.998  0x316  [8]  0D 1B 0D 1B 0D 1B 0D 1B 
     264.008  0x315  [8]  0D 1C 0D 1C 0D 1C 0D 1C 
     264.018  0x314  [8]  5B 2C 5B 40 00 04 05 3D 
        0x314  RM=233.40Ah  FCC=233.60Ah  dV=4mV  cycles=1341
     264.029  0x313  [8]  14 F0 FF 9E 00 EA 63 63 
        0x313  Vraw=5360  -> 53.60V if 0.01V  /  536.0V if 0.1V  |  I=-9.8A  T=23.4C  SOC=99%  SOH=99
     264.040  0x312  [8]  00 00 00 00 02 00 00 00 
        0x312  prot=00 00  warn=00 00  packs=2  mfr=??  cells=0
     264.052  0x311  [8]  02 38 08 24 08 24 01 63 
        0x311  CVL=56.8V  CCL=208.4A  DCL=208.4A  status=0x0163 (chg_en=1 dis_en=1 mode=3)
     264.226  0x301  [8]  0B 16 21 2C 37 42 4D 58 
        0x301  <-- KEEPALIVE FROM THE GROWATT INVERTER.
               This payload is undocumented. Write it down.
     264.727  0x301  [8]  0B 16 21 2C 37 42 4D 58 
        0x301  <-- KEEPALIVE FROM THE GROWATT INVERTER.
               This payload is undocumented. Write it down.
     264.917  0x330  [8]  02 01 02 04 0D 1E 0D 1A 
     264.928  0x329  [8]  02 00 18 CB 02 00 3F 3B 
     264.938  0x323  [8]  20 0E 10 00 00 00 00 00 
     264.938  0x324  [8]  00 02 47 50 4A 30 32 31 
     264.951  0x322  [8]  01 00 00 D4 03 01 63 63 
     264.958  0x320  [8]  50 41 C3 85 85 00 00 00 
        0x320  mfr=PA  hw=195  sw=133
     264.967  0x319  [8]  C0 0D 1E 0D 1A 11 14 00 
        0x319  chem=0  forceI=0 forceII=0  dis_en=0 chg_en=1  (byte0=0xC0)
     264.978  0x318  [8]  0D 1A 0D 1A 0D 1A 0D 1A 
     264.988  0x317  [8]  0D 1E 0D 1E 0D 1E 0D 1E 
     264.998  0x316  [8]  0D 1B 0D 1B 0D 1B 0D 1B 
     265.008  0x315  [8]  0D 1D 0D 1C 0D 1C 0D 1C 
     265.017  0x314  [8]  5B 2C 5B 40 00 04 05 3D 
        0x314  RM=233.40Ah  FCC=233.60Ah  dV=4mV  cycles=1341
     265.028  0x313  [8]  14 F0 FF A4 00 EA 63 63 
        0x313  Vraw=5360  -> 53.60V if 0.01V  /  536.0V if 0.1V  |  I=-9.2A  T=23.4C  SOC=99%  SOH=99
     265.039  0x312  [8]  00 00 00 00 02 00 00 00 
        0x312  prot=00 00  warn=00 00  packs=2  mfr=??  cells=0
     265.051  0x311  [8]  02 38 08 24 08 24 01 63 
        0x311  CVL=56.8V  CCL=208.4A  DCL=208.4A  status=0x0163 (chg_en=1 dis_en=1 mode=3)
     265.226  0x301  [8]  0B 16 21 2C 37 42 4D 58 
        0x301  <-- KEEPALIVE FROM THE GROWATT INVERTER.
               This payload is undocumented. Write it down.
     265.727  0x301  [8]  0B 16 21 2C 37 42 4D 58 
        0x301  <-- KEEPALIVE FROM THE GROWATT INVERTER.
               This payload is undocumented. Write it down.
     265.916  0x330  [8]  02 09 02 07 0D 1E 0D 19 
     265.927  0x329  [8]  01 00 21 38 01 00 3E 9F 
     265.936  0x323  [8]  20 0E 10 00 00 00 00 00 
     265.937  0x324  [8]  01 39 35 32 32 30 36 32 
     265.950  0x322  [8]  01 00 00 D4 03 01 63 63 
     265.957  0x320  [8]  50 41 C3 85 85 00 00 00 
        0x320  mfr=PA  hw=195  sw=133
     265.966  0x319  [8]  C0 0D 1E 0D 19 19 17 00 
        0x319  chem=0  forceI=0 forceII=0  dis_en=0 chg_en=1  (byte0=0xC0)
     265.977  0x318  [8]  0D 1A 0D 1A 0D 1A 0D 19 
     265.987  0x317  [8]  0D 1E 0D 1E 0D 1D 0D 1D 
     265.997  0x316  [8]  0D 1B 0D 1B 0D 1B 0D 1B 
     266.007  0x315  [8]  0D 1D 0D 1C 0D 1C 0D 1C 
     266.016  0x314  [8]  5B 2C 5B 40 00 05 05 3D 
        0x314  RM=233.40Ah  FCC=233.60Ah  dV=5mV  cycles=1341
     266.027  0x313  [8]  14 F0 FF B0 00 EA 63 63 
        0x313  Vraw=5360  -> 53.60V if 0.01V  /  536.0V if 0.1V  |  I=-8.0A  T=23.4C  SOC=99%  SOH=99
     266.038  0x312  [8]  00 00 00 00 02 00 00 00 
        0x312  prot=00 00  warn=00 00  packs=2  mfr=??  cells=0
     266.050  0x311  [8]  02 38 08 24 08 24 01 63 
        0x311  CVL=56.8V  CCL=208.4A  DCL=208.4A  status=0x0163 (chg_en=1 dis_en=1 mode=3)
     266.226  0x301  [8]  0B 16 21 2C 37 42 4D 58 
        0x301  <-- KEEPALIVE FROM THE GROWATT INVERTER.
               This payload is undocumented. Write it down.
     266.727  0x301  [8]  0B 16 21 2C 37 42 4D 58 
        0x301  <-- KEEPALIVE FROM THE GROWATT INVERTER.
               This payload is undocumented. Write it down.
     266.915  0x330  [8]  02 01 02 07 0D 1D 0D 19 
     266.926  0x329  [8]  02 00 18 CB 02 00 3F 3B 
     266.936  0x323  [8]  20 0E 10 00 00 00 00 00 
     266.936  0x324  [8]  02 42 42 37 00 00 00 00 
     266.949  0x322  [8]  01 00 00 D4 03 01 63 63 
     266.956  0x320  [8]  50 41 C3 85 85 00 00 00 
        0x320  mfr=PA  hw=195  sw=133
     266.965  0x319  [8]  C0 0D 1D 0D 19 11 17 00 
        0x319  chem=0  forceI=0 forceII=0  dis_en=0 chg_en=1  (byte0=0xC0)
     266.976  0x318  [8]  0D 1A 0D 1A 0D 19 0D 19 
     266.986  0x317  [8]  0D 1D 0D 1D 0D 1D 0D 1D 
     266.996  0x316  [8]  0D 1B 0D 1B 0D 1B 0D 1B 
     267.006  0x315  [8]  0D 1C 0D 1C 0D 1C 0D 1C 
     267.016  0x314  [8]  5B 2C 5B 40 00 04 05 3D 
        0x314  RM=233.40Ah  FCC=233.60Ah  dV=4mV  cycles=1341
     267.026  0x313  [8]  14 F0 FF B3 00 EA 63 63 
        0x313  Vraw=5360  -> 53.60V if 0.01V  /  536.0V if 0.1V  |  I=-7.7A  T=23.4C  SOC=99%  SOH=99
     267.037  0x312  [8]  00 00 00 00 02 00 00 00 
        0x312  prot=00 00  warn=00 00  packs=2  mfr=??  cells=0
     267.049  0x311  [8]  02 38 08 24 08 24 01 63 
        0x311  CVL=56.8V  CCL=208.4A  DCL=208.4A  status=0x0163 (chg_en=1 dis_en=1 mode=3)
     267.226  0x301  [8]  0B 16 21 2C 37 42 4D 58 
        0x301  <-- KEEPALIVE FROM THE GROWATT INVERTER.
               This payload is undocumented. Write it down.
     267.727  0x301  [8]  0B 16 21 2C 37 42 4D 58 
        0x301  <-- KEEPALIVE FROM THE GROWATT INVERTER.
               This payload is undocumented. Write it down.
     267.914  0x330  [8]  02 09 02 07 0D 1E 0D 19 
     267.925  0x329  [8]  01 00 21 38 01 00 3E 9F 
     267.935  0x323  [8]  20 0E 10 00 00 00 00 00 
     267.935  0x324  [8]  00 01 47 50 4A 30 32 31 
     267.949  0x322  [8]  01 00 00 D4 03 01 63 63 
     267.955  0x320  [8]  50 41 C3 85 85 00 00 00 
        0x320  mfr=PA  hw=195  sw=133
     267.964  0x319  [8]  C0 0D 1E 0D 19 19 17 00 
        0x319  chem=0  forceI=0 forceII=0  dis_en=0 chg_en=1  (byte0=0xC0)
     267.975  0x318  [8]  0D 1A 0D 1A 0D 1A 0D 19 
     267.985  0x317  [8]  0D 1E 0D 1D 0D 1D 0D 1D 
     267.995  0x316  [8]  0D 1B 0D 1A 0D 1A 0D 1A 
     268.005  0x315  [8]  0D 1C 0D 1C 0D 1B 0D 1B 
     268.015  0x314  [8]  5B 2C 5B 40 00 05 05 3D 
        0x314  RM=233.40Ah  FCC=233.60Ah  dV=5mV  cycles=1341
     268.026  0x313  [8]  14 F0 FF B4 00 EA 63 63 
        0x313  Vraw=5360  -> 53.60V if 0.01V  /  536.0V if 0.1V  |  I=-7.6A  T=23.4C  SOC=99%  SOH=99
     268.037  0x312  [8]  00 00 00 00 02 00 00 00 
        0x312  prot=00 00  warn=00 00  packs=2  mfr=??  cells=0
     268.049  0x311  [8]  02 38 08 24 08 24 01 63 
        0x311  CVL=56.8V  CCL=208.4A  DCL=208.4A  status=0x0163 (chg_en=1 dis_en=1 mode=3)
     268.226  0x301  [8]  0B 16 21 2C 37 42 4D 58 
        0x301  <-- KEEPALIVE FROM THE GROWATT INVERTER.
               This payload is undocumented. Write it down.
     268.726  0x301  [8]  0B 16 21 2C 37 42 4D 58 
        0x301  <-- KEEPALIVE FROM THE GROWATT INVERTER.
               This payload is undocumented. Write it down.
     268.914  0x330  [8]  02 01 02 06 0D 1D 0D 19 
     268.924  0x329  [8]  02 00 18 CB 02 00 3F 3B 
     268.934  0x323  [8]  20 0E 10 00 00 00 00 00 
     268.934  0x324  [8]  01 39 35 32 32 30 36 32 
     268.948  0x322  [8]  01 00 00 D4 03 01 63 63 
     268.954  0x320  [8]  50 41 C3 85 85 00 00 00 
        0x320  mfr=PA  hw=195  sw=133
     268.964  0x319  [8]  C0 0D 1D 0D 19 11 16 00 
        0x319  chem=0  forceI=0 forceII=0  dis_en=0 chg_en=1  (byte0=0xC0)
     268.974  0x318  [8]  0D 1A 0D 19 0D 19 0D 19 
     268.984  0x317  [8]  0D 1D 0D 1D 0D 1D 0D 1D 
     268.994  0x316  [8]  0D 1A 0D 1A 0D 1A 0D 1A 
     269.004  0x315  [8]  0D 1C 0D 1B 0D 1B 0D 1B 
     269.014  0x314  [8]  5B 2C 5B 40 00 04 05 3D 
        0x314  RM=233.40Ah  FCC=233.60Ah  dV=4mV  cycles=1341
     269.025  0x313  [8]  14 F0 FF B3 00 EA 63 63 
        0x313  Vraw=5360  -> 53.60V if 0.01V  /  536.0V if 0.1V  |  I=-7.7A  T=23.4C  SOC=99%  SOH=99
     269.036  0x312  [8]  00 00 00 00 02 00 00 00 
        0x312  prot=00 00  warn=00 00  packs=2  mfr=??  cells=0
     269.048  0x311  [8]  02 38 08 24 08 24 01 63 
        0x311  CVL=56.8V  CCL=208.4A  DCL=208.4A  status=0x0163 (chg_en=1 dis_en=1 mode=3)
     269.226  0x301  [8]  0B 16 21 2C 37 42 4D 58 
        0x301  <-- KEEPALIVE FROM THE GROWATT INVERTER.
               This payload is undocumented. Write it down.
     269.726  0x301  [8]  0B 16 21 2C 37 42 4D 58 
        0x301  <-- KEEPALIVE FROM THE GROWATT INVERTER.
               This payload is undocumented. Write it down.
     269.913  0x330  [8]  02 01 02 06 0D 1D 0D 19 
     269.924  0x329  [8]  01 00 21 38 01 00 3E 9F 
     269.933  0x323  [8]  20 0E 10 00 00 00 00 00 
     269.933  0x324  [8]  02 43 30 37 00 00 00 00 
     269.947  0x322  [8]  01 00 00 D4 03 01 63 63 
     269.954  0x320  [8]  50 41 C3 85 85 00 00 00 
        0x320  mfr=PA  hw=195  sw=133
     269.963  0x319  [8]  C0 0D 1D 0D 19 11 16 00 
        0x319  chem=0  forceI=0 forceII=0  dis_en=0 chg_en=1  (byte0=0xC0)
     269.973  0x318  [8]  0D 1A 0D 19 0D 19 0D 19 
     269.983  0x317  [8]  0D 1D 0D 1D 0D 1D 0D 1D 
     269.993  0x316  [8]  0D 1A 0D 1A 0D 1A 0D 1A 
     270.003  0x315  [8]  0D 1C 0D 1B 0D 1B 0D 1B 
     270.013  0x314  [8]  5B 2C 5B 40 00 04 05 3D 
        0x314  RM=233.40Ah  FCC=233.60Ah  dV=4mV  cycles=1341
     270.024  0x313  [8]  14 F0 FF B4 00 EA 63 63 
        0x313  Vraw=5360  -> 53.60V if 0.01V  /  536.0V if 0.1V  |  I=-7.6A  T=23.4C  SOC=99%  SOH=99
     270.035  0x312  [8]  00 00 00 00 02 00 00 00 
        0x312  prot=00 00  warn=00 00  packs=2  mfr=??  cells=0
     270.047  0x311  [8]  02 38 08 24 08 24 01 63 
        0x311  CVL=56.8V  CCL=208.4A  DCL=208.4A  status=0x0163 (chg_en=1 dis_en=1 mode=3)
     270.226  0x301  [8]  0B 16 21 2C 37 42 4D 58 
        0x301  <-- KEEPALIVE FROM THE GROWATT INVERTER.
               This payload is undocumented. Write it down.
     270.726  0x301  [8]  0B 16 21 2C 37 42 4D 58 
        0x301  <-- KEEPALIVE FROM THE GROWATT INVERTER.
               This payload is undocumented. Write it down.
     270.912  0x330  [8]  02 01 02 08 0D 1D 0D 18 
     270.923  0x329  [8]  02 00 18 CB 02 00 3F 3B 
     270.933  0x323  [8]  20 0E 10 00 00 00 00 00 
     270.933  0x324  [8]  00 02 47 50 4A 30 32 31 
     270.946  0x322  [8]  01 00 00 D4 03 01 63 63 
     270.953  0x320  [8]  50 41 C3 85 85 00 00 00 
        0x320  mfr=PA  hw=195  sw=133
     270.962  0x319  [8]  C0 0D 1D 0D 18 11 18 00 
        0x319  chem=0  forceI=0 forceII=0  dis_en=0 chg_en=1  (byte0=0xC0)
     270.973  0x318  [8]  0D 1A 0D 19 0D 19 0D 18 
     270.983  0x317  [8]  0D 1D 0D 1D 0D 1C 0D 1C 
     270.993  0x316  [8]  0D 1A 0D 1A 0D 1A 0D 1A 
     271.003  0x315  [8]  0D 1B 0D 1B 0D 1B 0D 1A 
     271.012  0x314  [8]  5B 2C 5B 40 00 05 05 3D 
        0x314  RM=233.40Ah  FCC=233.60Ah  dV=5mV  cycles=1341
     271.023  0x313  [8]  14 F0 FF B3 00 EA 63 63 
        0x313  Vraw=5360  -> 53.60V if 0.01V  /  536.0V if 0.1V  |  I=-7.7A  T=23.4C  SOC=99%  SOH=99
     271.034  0x312  [8]  00 00 00 00 02 00 00 00 
        0x312  prot=00 00  warn=00 00  packs=2  mfr=??  cells=0
     271.046  0x311  [8]  02 38 08 24 08 24 01 63 
        0x311  CVL=56.8V  CCL=208.4A  DCL=208.4A  status=0x0163 (chg_en=1 dis_en=1 mode=3)
     271.226  0x301  [8]  0B 16 21 2C 37 42 4D 58 
        0x301  <-- KEEPALIVE FROM THE GROWATT INVERTER.
               This payload is undocumented. Write it down.
     271.726  0x301  [8]  0B 16 21 2C 37 42 4D 58 
        0x301  <-- KEEPALIVE FROM THE GROWATT INVERTER.
               This payload is undocumented. Write it down.
     271.911  0x330  [8]  02 01 02 07 0D 1C 0D 18 
     271.922  0x329  [8]  01 00 21 38 01 00 3E 9F 
     271.931  0x323  [8]  20 0E 10 00 00 00 00 00 
     271.932  0x324  [8]  01 39 35 32 32 30 36 32 
     271.945  0x322  [8]  01 00 00 D4 03 01 63 63 
     271.952  0x320  [8]  50 41 C3 85 85 00 00 00 
        0x320  mfr=PA  hw=195  sw=133
     271.961  0x319  [8]  C0 0D 1C 0D 18 11 17 00 
        0x319  chem=0  forceI=0 forceII=0  dis_en=0 chg_en=1  (byte0=0xC0)
     271.972  0x318  [8]  0D 19 0D 19 0D 18 0D 18 
     271.982  0x317  [8]  0D 1C 0D 1C 0D 1C 0D 1C 
     271.992  0x316  [8]  0D 1A 0D 1A 0D 19 0D 19 
     272.002  0x315  [8]  0D 1B 0D 1B 0D 1B 0D 1B 
     272.011  0x314  [8]  5B 2C 5B 40 00 04 05 3D 
        0x314  RM=233.40Ah  FCC=233.60Ah  dV=4mV  cycles=1341
     272.022  0x313  [8]  14 F0 FF B5 00 EA 63 63 
        0x313  Vraw=5360  -> 53.60V if 0.01V  /  536.0V if 0.1V  |  I=-7.5A  T=23.4C  SOC=99%  SOH=99
     272.033  0x312  [8]  00 00 00 00 02 00 00 00 
        0x312  prot=00 00  warn=00 00  packs=2  mfr=??  cells=0
     272.045  0x311  [8]  02 38 08 24 08 24 01 63 
        0x311  CVL=56.8V  CCL=208.4A  DCL=208.4A  status=0x0163 (chg_en=1 dis_en=1 mode=3)
     272.226  0x301  [8]  0B 16 21 2C 37 42 4D 58 
        0x301  <-- KEEPALIVE FROM THE GROWATT INVERTER.
               This payload is undocumented. Write it down.

======================================================================
  10045 frames, 272 s elapsed
  ID     count   period(ms)  DLC  last payload             changing
  ----------------------------------------------------------------------
  0x301     427    636 (499-58847)  8   0B 16 21 2C 37 42 4D 58  ........
  0x330     464    584 (0-2958)  8   02 01 02 07 0D 1C 0D 18  ****.*.*
  0x329     810    334 (0-1740)  8   01 00 21 38 01 00 3E 9F  *.***.**
  0x323     554    489 (0-1892)  8   20 0E 10 00 00 00 00 00  ........
  0x324     610    444 (0-1881)  8   01 39 35 32 32 30 36 32  ********
  0x322     801    338 (0-2522)  8   01 00 00 D4 03 01 63 63  ........
  0x320     561    483 (0-2440)  8   50 41 C3 85 85 00 00 00  ........
  0x319     520    521 (10-2346)  8   C0 0D 1C 0D 18 11 17 00  ..*.***.
  0x318     480    565 (0-2976)  8   0D 19 0D 19 0D 18 0D 18  .*.*.*.*
  0x317     438    619 (0-2957)  8   0D 1C 0D 1C 0D 1C 0D 1C  .*.*.*.*
  0x316     456    595 (0-2955)  8   0D 1A 0D 1A 0D 19 0D 19  .*.*.*.*
  0x315     812    333 (0-2143)  8   0D 1B 0D 1B 0D 1B 0D 1B  .*.*.*.*
  0x314     828    327 (0-1942)  8   5B 2C 5B 40 00 04 05 3D  .....*..
  0x313     650    417 (11-1634)  8   14 F0 FF B5 00 EA 63 63  ****....
  0x312     495    548 (0-1698)  8   00 00 00 00 02 00 00 00  ........
  0x311    1139    237 (11-2465)  8   02 38 08 24 08 24 01 63  .......*
  ----------------------------------------------------------------------
  Auto-scaled pack voltage: 53.60 V  (SOC 99%)
  Cross-check this against the Growatt app before trusting it.
======================================================================

     272.726  0x301  [8]  0B 16 21 2C 37 42 4D 58 
        0x301  <-- KEEPALIVE FROM THE GROWATT INVERTER.
               This payload is undocumented. Write it down.
     272.910  0x330  [8]  02 01 02 08 0D 1C 0D 18 
     272.921  0x329  [8]  02 00 18 CB 02 00 3F 3B 
     272.931  0x323  [8]  20 0E 10 00 00 00 00 00 
     272.931  0x324  [8]  02 42 42 37 00 00 00 00 
     272.944  0x322  [8]  01 00 00 D4 03 01 63 63 
     272.951  0x320  [8]  50 41 C3 85 85 00 00 00 
        0x320  mfr=PA  hw=195  sw=133
     272.960  0x319  [8]  C0 0D 1C 0D 18 11 18 00 
        0x319  chem=0  forceI=0 forceII=0  dis_en=0 chg_en=1  (byte0=0xC0)
     272.971  0x318  [8]  0D 19 0D 19 0D 19 0D 18 
     272.981  0x317  [8]  0D 1C 0D 1C 0D 1C 0D 1C 
     272.991  0x316  [8]  0D 1A 0D 1A 0D 1A 0D 19 
     273.001  0x315  [8]  0D 1C 0D 1B 0D 1A 0D 1A 
     273.011  0x314  [8]  5B 2C 5B 40 00 04 05 3D 
        0x314  RM=233.40Ah  FCC=233.60Ah  dV=4mV  cycles=1341
     273.021  0x313  [8]  14 F0 FF B3 00 EA 63 63 
        0x313  Vraw=5360  -> 53.60V if 0.01V  /  536.0V if 0.1V  |  I=-7.7A  T=23.4C  SOC=99%  SOH=99
     273.032  0x312  [8]  00 00 00 00 02 00 00 00 
        0x312  prot=00 00  warn=00 00  packs=2  mfr=??  cells=0
     273.044  0x311  [8]  02 38 08 24 08 24 01 63 
        0x311  CVL=56.8V  CCL=208.4A  DCL=208.4A  status=0x0163 (chg_en=1 dis_en=1 mode=3)
     273.226  0x301  [8]  0B 16 21 2C 37 42 4D 58 
        0x301  <-- KEEPALIVE FROM THE GROWATT INVERTER.
               This payload is undocumented. Write it down.
     273.726  0x301  [8]  0B 16 21 2C 37 42 4D 58 
        0x301  <-- KEEPALIVE FROM THE GROWATT INVERTER.
               This payload is undocumented. Write it down.
     273.909  0x330  [8]  02 01 02 08 0D 1C 0D 18 
     273.920  0x329  [8]  01 00 21 38 01 00 3E 9F 
     273.930  0x323  [8]  20 0E 10 00 00 00 00 00 
     273.930  0x324  [8]  00 01 47 50 4A 30 32 31 
     273.944  0x322  [8]  01 00 00 D4 03 01 63 63 
     273.950  0x320  [8]  50 41 C3 85 85 00 00 00 
        0x320  mfr=PA  hw=195  sw=133
     273.959  0x319  [8]  C0 0D 1C 0D 18 11 18 00 
        0x319  chem=0  forceI=0 forceII=0  dis_en=0 chg_en=1  (byte0=0xC0)
     273.970  0x318  [8]  0D 19 0D 19 0D 19 0D 18 
     273.980  0x317  [8]  0D 1C 0D 1C 0D 1C 0D 1C 
     273.990  0x316  [8]  0D 19 0D 19 0D 19 0D 19 
     274.000  0x315  [8]  0D 1B 0D 1A 0D 1A 0D 1A 
     274.010  0x314  [8]  5B 2C 5B 40 00 04 05 3D 
        0x314  RM=233.40Ah  FCC=233.60Ah  dV=4mV  cycles=1341
     274.021  0x313  [8]  14 F0 FF B8 00 EA 63 63 
        0x313  Vraw=5360  -> 53.60V if 0.01V  /  536.0V if 0.1V  |  I=-7.2A  T=23.4C  SOC=99%  SOH=99
     274.032  0x312  [8]  00 00 00 00 02 00 00 00 
        0x312  prot=00 00  warn=00 00  packs=2  mfr=??  cells=0
     274.044  0x311  [8]  02 38 08 24 08 24 01 63 
        0x311  CVL=56.8V  CCL=208.4A  DCL=208.4A  status=0x0163 (chg_en=1 dis_en=1 mode=3)
     274.226  0x301  [8]  0B 16 21 2C 37 42 4D 58 
        0x301  <-- KEEPALIVE FROM THE GROWATT INVERTER.
               This payload is undocumented. Write it down.
     274.726  0x301  [8]  0B 16 21 2C 37 42 4D 58 
        0x301  <-- KEEPALIVE FROM THE GROWATT INVERTER.
               This payload is undocumented. Write it down.
     274.909  0x330  [8]  02 01 01 0F 0D 1E 0D 1A 
     274.919  0x329  [8]  02 00 18 CB 02 00 3F 3B 
     274.929  0x323  [8]  20 0E 10 00 00 00 00 00 
     274.929  0x324  [8]  01 39 35 32 32 30 36 32 
     274.943  0x322  [8]  01 00 00 D4 03 01 63 63 
     274.949  0x320  [8]  50 41 C3 85 85 00 00 00 
        0x320  mfr=PA  hw=195  sw=133
     274.959  0x319  [8]  C0 0D 1E 0D 1A 11 0F 00 
        0x319  chem=0  forceI=0 forceII=0  dis_en=0 chg_en=1  (byte0=0xC0)
     274.969  0x318  [8]  0D 1A 0D 1A 0D 1A 0D 1A 
     274.979  0x317  [8]  0D 1E 0D 1E 0D 1E 0D 1E 
     274.989  0x316  [8]  0D 1A 0D 1A 0D 1A 0D 1A 
     274.999  0x315  [8]  0D 1C 0D 1C 0D 1C 0D 1B 
     275.008  0x314  [8]  5B 2C 5B 40 00 04 05 3D 
        0x314  RM=233.40Ah  FCC=233.60Ah  dV=4mV  cycles=1341
     275.020  0x313  [8]  14 F0 FF E5 00 EA 63 63 
        0x313  Vraw=5360  -> 53.60V if 0.01V  /  536.0V if 0.1V  |  I=-2.7A  T=23.4C  SOC=99%  SOH=99
     275.031  0x312  [8]  00 00 00 00 02 00 00 00 
        0x312  prot=00 00  warn=00 00  packs=2  mfr=??  cells=0
     275.043  0x311  [8]  02 38 08 24 08 24 01 63 
        0x311  CVL=56.8V  CCL=208.4A  DCL=208.4A  status=0x0163 (chg_en=1 dis_en=1 mode=3)
     275.226  0x301  [8]  0B 16 21 2C 37 42 4D 58 
        0x301  <-- KEEPALIVE FROM THE GROWATT INVERTER.
               This payload is undocumented. Write it down.
     275.725  0x301  [8]  0B 16 21 2C 37 42 4D 58 
        0x301  <-- KEEPALIVE FROM THE GROWATT INVERTER.
               This payload is undocumented. Write it down.
     275.908  0x330  [8]  02 09 01 0B 0D 1D 0D 19 
     275.919  0x329  [8]  01 00 21 38 01 00 3E 9F 
     275.928  0x323  [8]  20 0E 10 00 00 00 00 00 
     275.928  0x324  [8]  02 43 30 37 00 00 00 00 
     275.942  0x322  [8]  01 00 00 D4 03 01 63 63 
     275.949  0x320  [8]  50 41 C3 85 85 00 00 00 
        0x320  mfr=PA  hw=195  sw=133
     275.958  0x319  [8]  C0 0D 1D 0D 19 19 0B 00 
        0x319  chem=0  forceI=0 forceII=0  dis_en=0 chg_en=1  (byte0=0xC0)
     275.968  0x318  [8]  0D 1A 0D 19 0D 19 0D 19 
     275.978  0x317  [8]  0D 1D 0D 1D 0D 1D 0D 1C 
     275.988  0x316  [8]  0D 19 0D 19 0D 19 0D 19 
     275.998  0x315  [8]  0D 1B 0D 1B 0D 1A 0D 1A 
     276.008  0x314  [8]  5B 2C 5B 40 00 04 05 3D 
        0x314  RM=233.40Ah  FCC=233.60Ah  dV=4mV  cycles=1341
     276.019  0x313  [8]  14 F0 FF C0 00 EA 63 63 
        0x313  Vraw=5360  -> 53.60V if 0.01V  /  536.0V if 0.1V  |  I=-6.4A  T=23.4C  SOC=99%  SOH=99
     276.030  0x312  [8]  00 00 00 00 02 00 00 00 
        0x312  prot=00 00  warn=00 00  packs=2  mfr=??  cells=0
     276.042  0x311  [8]  02 38 08 24 08 24 01 63 
        0x311  CVL=56.8V  CCL=208.4A  DCL=208.4A  status=0x0163 (chg_en=1 dis_en=1 mode=3)
     276.226  0x301  [8]  0B 16 21 2C 37 42 4D 58 
        0x301  <-- KEEPALIVE FROM THE GROWATT INVERTER.
               This payload is undocumented. Write it down.
     276.725  0x301  [8]  0B 16 21 2C 37 42 4D 58 
        0x301  <-- KEEPALIVE FROM THE GROWATT INVERTER.
               This payload is undocumented. Write it down.
     276.907  0x330  [8]  02 09 02 07 0D 1C 0D 18 
     276.918  0x329  [8]  02 00 18 CB 02 00 3F 3B 
     276.928  0x323  [8]  20 0E 10 00 00 00 00 00 
     276.928  0x324  [8]  00 02 47 50 4A 30 32 31 
     276.941  0x322  [8]  01 00 00 D4 03 01 63 63 
     276.948  0x320  [8]  50 41 C3 85 85 00 00 00 
        0x320  mfr=PA  hw=195  sw=133
     276.957  0x319  [8]  C0 0D 1C 0D 18 19 17 00 
        0x319  chem=0  forceI=0 forceII=0  dis_en=0 chg_en=1  (byte0=0xC0)
     276.968  0x318  [8]  0D 19 0D 19 0D 18 0D 18 
     276.978  0x317  [8]  0D 1C 0D 1C 0D 1B 0D 1B 
     276.988  0x316  [8]  0D 19 0D 19 0D 19 0D 19 
     276.998  0x315  [8]  0D 1A 0D 1A 0D 1A 0D 1A 
     277.007  0x314  [8]  5B 2C 5B 40 00 04 05 3D 
        0x314  RM=233.40Ah  FCC=233.60Ah  dV=4mV  cycles=1341
     277.018  0x313  [8]  14 F0 FF BA 00 EA 63 63 
        0x313  Vraw=5360  -> 53.60V if 0.01V  /  536.0V if 0.1V  |  I=-7.0A  T=23.4C  SOC=99%  SOH=99
     277.029  0x312  [8]  00 00 00 00 02 00 00 00 
        0x312  prot=00 00  warn=00 00  packs=2  mfr=??  cells=0
     277.041  0x311  [8]  02 38 08 24 08 24 01 63 
        0x311  CVL=56.8V  CCL=208.4A  DCL=208.4A  status=0x0163 (chg_en=1 dis_en=1 mode=3)
     277.225  0x301  [8]  0B 16 21 2C 37 42 4D 58 
        0x301  <-- KEEPALIVE FROM THE GROWATT INVERTER.
               This payload is undocumented. Write it down.
     277.726  0x301  [8]  0B 16 21 2C 37 42 4D 58 
        0x301  <-- KEEPALIVE FROM THE GROWATT INVERTER.
               This payload is undocumented. Write it down.
     277.907  0x330  [8]  02 01 02 08 0D 1B 0D 17 
     277.917  0x329  [8]  01 00 21 38 01 00 3E 9F 
     277.926  0x323  [8]  20 0E 10 00 00 00 00 00 
     277.927  0x324  [8]  01 39 35 32 32 30 36 32 
     277.940  0x322  [8]  01 00 00 D4 03 01 63 63 
     277.947  0x320  [8]  50 41 C3 85 85 00 00 00 
        0x320  mfr=PA  hw=195  sw=133
     277.956  0x319  [8]  C0 0D 1B 0D 17 11 18 00 
        0x319  chem=0  forceI=0 forceII=0  dis_en=0 chg_en=1  (byte0=0xC0)
     277.967  0x318  [8]  0D 19 0D 18 0D 18 0D 17 
     277.977  0x317  [8]  0D 1B 0D 1B 0D 1B 0D 1B 
     277.987  0x316  [8]  0D 19 0D 19 0D 18 0D 18 
     277.997  0x315  [8]  0D 1B 0D 1A 0D 1A 0D 1A 
     278.006  0x314  [8]  5B 2C 5B 40 00 04 05 3D 
        0x314  RM=233.40Ah  FCC=233.60Ah  dV=4mV  cycles=1341
     278.017  0x313  [8]  14 F0 FF B4 00 EA 63 63 
        0x313  Vraw=5360  -> 53.60V if 0.01V  /  536.0V if 0.1V  |  I=-7.6A  T=23.4C  SOC=99%  SOH=99
     278.028  0x312  [8]  00 00 00 00 02 00 00 00 
        0x312  prot=00 00  warn=00 00  packs=2  mfr=??  cells=0
     278.040  0x311  [8]  02 38 08 24 08 24 01 63 
        0x311  CVL=56.8V  CCL=208.4A  DCL=208.4A  status=0x0163 (chg_en=1 dis_en=1 mode=3)
     278.225  0x301  [8]  0B 16 21 2C 37 42 4D 58 
        0x301  <-- KEEPALIVE FROM THE GROWATT INVERTER.
               This payload is undocumented. Write it down.
     278.726  0x301  [8]  0B 16 21 2C 37 42 4D 58 
        0x301  <-- KEEPALIVE FROM THE GROWATT INVERTER.
               This payload is undocumented. Write it down.
     278.905  0x330  [8]  02 01 02 07 0D 1B 0D 17 
     278.916  0x329  [8]  02 00 18 CB 02 00 3F 3B 
     278.926  0x323  [8]  20 0E 10 00 00 00 00 00 
     278.926  0x324  [8]  02 42 42 37 00 00 00 00 
     278.939  0x322  [8]  01 00 00 D4 03 01 63 63 
     278.946  0x320  [8]  50 41 C3 85 85 00 00 00 
        0x320  mfr=PA  hw=195  sw=133
     278.955  0x319  [8]  C0 0D 1B 0D 17 11 17 00 
        0x319  chem=0  forceI=0 forceII=0  dis_en=0 chg_en=1  (byte0=0xC0)
     278.966  0x318  [8]  0D 18 0D 18 0D 17 0D 17 
     278.976  0x317  [8]  0D 1B 0D 1B 0D 1B 0D 1B 
     278.986  0x316  [8]  0D 19 0D 18 0D 18 0D 18 
     278.996  0x315  [8]  0D 1A 0D 1A 0D 19 0D 19 
     279.006  0x314  [8]  5B 2C 5B 40 00 04 05 3D 
        0x314  RM=233.40Ah  FCC=233.60Ah  dV=4mV  cycles=1341
     279.016  0x313  [8]  14 F0 FF B5 00 EA 63 63 
        0x313  Vraw=5360  -> 53.60V if 0.01V  /  536.0V if 0.1V  |  I=-7.5A  T=23.4C  SOC=99%  SOH=99
     279.027  0x312  [8]  00 00 00 00 02 00 00 00 
        0x312  prot=00 00  warn=00 00  packs=2  mfr=??  cells=0
     279.039  0x311  [8]  02 38 08 24 08 24 01 63 
        0x311  CVL=56.8V  CCL=208.4A  DCL=208.4A  status=0x0163 (chg_en=1 dis_en=1 mode=3)
     279.225  0x301  [8]  0B 16 21 2C 37 42 4D 58 
        0x301  <-- KEEPALIVE FROM THE GROWATT INVERTER.
               This payload is undocumented. Write it down.
     279.726  0x301  [8]  0B 16 21 2C 37 42 4D 58 
        0x301  <-- KEEPALIVE FROM THE GROWATT INVERTER.
               This payload is undocumented. Write it down.
     279.904  0x330  [8]  02 01 02 06 0D 1B 0D 17 
     279.915  0x329  [8]  01 00 21 38 01 00 3E 9F 
     279.925  0x323  [8]  20 0E 10 00 00 00 00 00 
     279.925  0x324  [8]  00 01 47 50 4A 30 32 31 
     279.939  0x322  [8]  01 00 00 D4 03 01 63 63 
     279.945  0x320  [8]  50 41 C3 85 85 00 00 00 
        0x320  mfr=PA  hw=195  sw=133
     279.954  0x319  [8]  C0 0D 1B 0D 17 11 16 00 
        0x319  chem=0  forceI=0 forceII=0  dis_en=0 chg_en=1  (byte0=0xC0)
     279.965  0x318  [8]  0D 18 0D 17 0D 17 0D 17 
     279.975  0x317  [8]  0D 1B 0D 1B 0D 1B 0D 1B 
     279.985  0x316  [8]  0D 18 0D 18 0D 18 0D 18 
     279.995  0x315  [8]  0D 1A 0D 19 0D 19 0D 19 
     280.005  0x314  [8]  5B 2C 5B 40 00 04 05 3D 
        0x314  RM=233.40Ah  FCC=233.60Ah  dV=4mV  cycles=1341
     280.016  0x313  [8]  14 F0 FF B4 00 EA 63 63 
        0x313  Vraw=5360  -> 53.60V if 0.01V  /  536.0V if 0.1V  |  I=-7.6A  T=23.4C  SOC=99%  SOH=99
     280.027  0x312  [8]  00 00 00 00 02 00 00 00 
        0x312  prot=00 00  warn=00 00  packs=2  mfr=??  cells=0
     280.039  0x311  [8]  02 38 08 24 08 24 01 63 
        0x311  CVL=56.8V  CCL=208.4A  DCL=208.4A  status=0x0163 (chg_en=1 dis_en=1 mode=3)
     280.225  0x301  [8]  0B 16 21 2C 37 42 4D 58 
        0x301  <-- KEEPALIVE FROM THE GROWATT INVERTER.
               This payload is undocumented. Write it down.
     280.726  0x301  [8]  0B 16 21 2C 37 42 4D 58 
        0x301  <-- KEEPALIVE FROM THE GROWATT INVERTER.
               This payload is undocumented. Write it down.
     280.904  0x330  [8]  02 01 02 06 0D 1B 0D 17 
     280.914  0x329  [8]  02 00 18 CB 02 00 3F 3B 
     280.924  0x323  [8]  20 0E 10 00 00 00 00 00 
     280.924  0x324  [8]  01 39 35 32 32 30 36 32 
     280.938  0x322  [8]  01 00 00 D4 03 01 63 63 
     280.944  0x320  [8]  50 41 C3 85 85 00 00 00 
        0x320  mfr=PA  hw=195  sw=133
     280.954  0x319  [8]  C0 0D 1B 0D 17 11 16 00 
        0x319  chem=0  forceI=0 forceII=0  dis_en=0 chg_en=1  (byte0=0xC0)
     280.964  0x318  [8]  0D 18 0D 17 0D 17 0D 17 
     280.974  0x317  [8]  0D 1B 0D 1B 0D 1B 0D 1A 
     280.984  0x316  [8]  0D 18 0D 18 0D 18 0D 18 
     280.994  0x315  [8]  0D 1A 0D 19 0D 19 0D 19 
     281.003  0x314  [8]  5B 2C 5B 40 00 04 05 3D 
        0x314  RM=233.40Ah  FCC=233.60Ah  dV=4mV  cycles=1341
     281.015  0x313  [8]  14 F0 FF BD 00 EA 63 63 
        0x313  Vraw=5360  -> 53.60V if 0.01V  /  536.0V if 0.1V  |  I=-6.7A  T=23.4C  SOC=99%  SOH=99
     281.026  0x312  [8]  00 00 00 00 02 00 00 00 
        0x312  prot=00 00  warn=00 00  packs=2  mfr=??  cells=0
     281.038  0x311  [8]  02 38 08 24 08 24 01 63 
        0x311  CVL=56.8V  CCL=208.4A  DCL=208.4A  status=0x0163 (chg_en=1 dis_en=1 mode=3)
     281.225  0x301  [8]  0B 16 21 2C 37 42 4D 58 
        0x301  <-- KEEPALIVE FROM THE GROWATT INVERTER.
               This payload is undocumented. Write it down.
     281.725  0x301  [8]  0B 16 21 2C 37 42 4D 58 
        0x301  <-- KEEPALIVE FROM THE GROWATT INVERTER.
               This payload is undocumented. Write it down.
     281.903  0x330  [8]  02 01 02 07 0D 1B 0D 17 
     281.914  0x329  [8]  01 00 21 38 01 00 3E 9F 
     281.923  0x323  [8]  20 0E 10 00 00 00 00 00 
     281.923  0x324  [8]  02 43 30 37 00 00 00 00 
     281.937  0x322  [8]  01 00 00 D4 03 01 63 63 
     281.944  0x320  [8]  50 41 C3 85 85 00 00 00 
        0x320  mfr=PA  hw=195  sw=133
     281.953  0x319  [8]  C0 0D 1B 0D 17 11 17 00 
        0x319  chem=0  forceI=0 forceII=0  dis_en=0 chg_en=1  (byte0=0xC0)
     281.963  0x318  [8]  0D 18 0D 18 0D 17 0D 17 
     281.973  0x317  [8]  0D 1B 0D 1B 0D 1B 0D 1A 
     281.983  0x316  [8]  0D 18 0D 18 0D 18 0D 18 
     281.993  0x315  [8]  0D 1A 0D 19 0D 19 0D 19 
     282.003  0x314  [8]  5B 2C 5B 40 00 04 05 3D 
        0x314  RM=233.40Ah  FCC=233.60Ah  dV=4mV  cycles=1341
     282.014  0x313  [8]  14 F0 FF BD 00 EA 63 63 
        0x313  Vraw=5360  -> 53.60V if 0.01V  /  536.0V if 0.1V  |  I=-6.7A  T=23.4C  SOC=99%  SOH=99
     282.025  0x312  [8]  00 00 00 00 02 00 00 00 
        0x312  prot=00 00  warn=00 00  packs=2  mfr=??  cells=0
     282.037  0x311  [8]  02 38 08 24 08 24 01 63 
        0x311  CVL=56.8V  CCL=208.4A  DCL=208.4A  status=0x0163 (chg_en=1 dis_en=1 mode=3)
     282.225  0x301  [8]  0B 16 21 2C 37 42 4D 58 
        0x301  <-- KEEPALIVE FROM THE GROWATT INVERTER.
               This payload is undocumented. Write it down.
     282.725  0x301  [8]  0B 16 21 2C 37 42 4D 58 
        0x301  <-- KEEPALIVE FROM THE GROWATT INVERTER.
               This payload is undocumented. Write it down.
     282.902  0x330  [8]  02 09 02 05 0D 1B 0D 17 
     282.913  0x329  [8]  02 00 18 CB 02 00 3F 3B 
     282.923  0x323  [8]  20 0E 10 00 00 00 00 00 
     282.923  0x324  [8]  00 02 47 50 4A 30 32 31 
     282.936  0x322  [8]  01 00 00 D4 03 01 63 63 
     282.943  0x320  [8]  50 41 C3 85 85 00 00 00 
        0x320  mfr=PA  hw=195  sw=133
     282.952  0x319  [8]  C0 0D 1B 0D 17 19 15 00 
        0x319  chem=0  forceI=0 forceII=0  dis_en=0 chg_en=1  (byte0=0xC0)
     282.963  0x318  [8]  0D 17 0D 17 0D 17 0D 17 
     282.973  0x317  [8]  0D 1B 0D 1A 0D 1A 0D 1A 
     282.983  0x316  [8]  0D 18 0D 18 0D 18 0D 18 
     282.993  0x315  [8]  0D 1A 0D 19 0D 19 0D 19 
     283.002  0x314  [8]  5B 2C 5B 40 00 04 05 3D 
        0x314  RM=233.40Ah  FCC=233.60Ah  dV=4mV  cycles=1341
     283.013  0x313  [8]  14 F0 FF BE 00 EA 63 63 
        0x313  Vraw=5360  -> 53.60V if 0.01V  /  536.0V if 0.1V  |  I=-6.6A  T=23.4C  SOC=99%  SOH=99
     283.024  0x312  [8]  00 00 00 00 02 00 00 00 
        0x312  prot=00 00  warn=00 00  packs=2  mfr=??  cells=0
     283.036  0x311  [8]  02 38 08 24 08 24 01 63 
        0x311  CVL=56.8V  CCL=208.4A  DCL=208.4A  status=0x0163 (chg_en=1 dis_en=1 mode=3)
     283.225  0x301  [8]  0B 16 21 2C 37 42 4D 58 
        0x301  <-- KEEPALIVE FROM THE GROWATT INVERTER.
               This payload is undocumented. Write it down.
     283.725  0x301  [8]  0B 16 21 2C 37 42 4D 58 
        0x301  <-- KEEPALIVE FROM THE GROWATT INVERTER.
               This payload is undocumented. Write it down.
     283.901  0x330  [8]  01 02 02 04 0D 1A 0D 17 
     283.912  0x329  [8]  01 00 21 38 01 00 3E 9F 
     283.921  0x323  [8]  20 0E 10 00 00 00 00 00 
     283.922  0x324  [8]  01 39 35 32 32 30 36 32 
     283.935  0x322  [8]  01 00 00 D4 03 01 63 63 
     283.942  0x320  [8]  50 41 C3 85 85 00 00 00 
        0x320  mfr=PA  hw=195  sw=133
     283.951  0x319  [8]  C0 0D 1A 0D 17 02 14 00 
        0x319  chem=0  forceI=0 forceII=0  dis_en=0 chg_en=1  (byte0=0xC0)
     283.962  0x318  [8]  0D 17 0D 17 0D 17 0D 17 
     283.972  0x317  [8]  0D 1A 0D 1A 0D 1A 0D 1A 
     283.982  0x316  [8]  0D 18 0D 18 0D 18 0D 18 
     283.992  0x315  [8]  0D 1A 0D 19 0D 19 0D 19 
     284.001  0x314  [8]  5B 2C 5B 40 00 03 05 3D 
        0x314  RM=233.40Ah  FCC=233.60Ah  dV=3mV  cycles=1341
     284.012  0x313  [8]  14 F0 FF C3 00 EA 63 63 
        0x313  Vraw=5360  -> 53.60V if 0.01V  /  536.0V if 0.1V  |  I=-6.1A  T=23.4C  SOC=99%  SOH=99
     284.023  0x312  [8]  00 00 00 00 02 00 00 00 
        0x312  prot=00 00  warn=00 00  packs=2  mfr=??  cells=0
     284.035  0x311  [8]  02 38 08 24 08 24 01 63 
        0x311  CVL=56.8V  CCL=208.4A  DCL=208.4A  status=0x0163 (chg_en=1 dis_en=1 mode=3)
     284.225  0x301  [8]  0B 16 21 2C 37 42 4D 58 
        0x301  <-- KEEPALIVE FROM THE GROWATT INVERTER.
               This payload is undocumented. Write it down.
     284.725  0x301  [8]  0B 16 21 2C 37 42 4D 58 
        0x301  <-- KEEPALIVE FROM THE GROWATT INVERTER.
               This payload is undocumented. Write it down.
     284.900  0x330  [8]  02 01 02 07 0D 1A 0D 16 
     284.911  0x329  [8]  02 00 18 CB 02 00 3F 3B 
     284.920  0x323  [8]  20 0E 10 00 00 00 00 00 
     284.921  0x324  [8]  02 42 42 37 00 00 00 00 
     284.934  0x322  [8]  01 00 00 D4 03 01 63 63 
     284.941  0x320  [8]  50 41 C3 85 85 00 00 00 
        0x320  mfr=PA  hw=195  sw=133
     284.950  0x319  [8]  C0 0D 1A 0D 16 11 17 00 
        0x319  chem=0  forceI=0 forceII=0  dis_en=0 chg_en=1  (byte0=0xC0)
     284.961  0x318  [8]  0D 18 0D 17 0D 17 0D 16 
     284.971  0x317  [8]  0D 1A 0D 1A 0D 1A 0D 1A 
     284.981  0x316  [8]  0D 18 0D 18 0D 18 0D 18 
     284.991  0x315  [8]  0D 19 0D 19 0D 19 0D 19 
     285.001  0x314  [8]  5B 2C 5B 40 00 04 05 3D 
        0x314  RM=233.40Ah  FCC=233.60Ah  dV=4mV  cycles=1341
     285.011  0x313  [8]  14 F0 FF C6 00 EA 63 63 
        0x313  Vraw=5360  -> 53.60V if 0.01V  /  536.0V if 0.1V  |  I=-5.8A  T=23.4C  SOC=99%  SOH=99
     285.022  0x312  [8]  00 00 00 00 02 00 00 00 
        0x312  prot=00 00  warn=00 00  packs=2  mfr=??  cells=0
     285.034  0x311  [8]  02 38 08 24 08 24 01 63 
        0x311  CVL=56.8V  CCL=208.4A  DCL=208.4A  status=0x0163 (chg_en=1 dis_en=1 mode=3)
     285.225  0x301  [8]  0B 16 21 2C 37 42 4D 58 
        0x301  <-- KEEPALIVE FROM THE GROWATT INVERTER.
               This payload is undocumented. Write it down.
     285.725  0x301  [8]  0B 16 21 2C 37 42 4D 58 
        0x301  <-- KEEPALIVE FROM THE GROWATT INVERTER.
               This payload is undocumented. Write it down.
     285.899  0x330  [8]  02 01 02 08 0D 1A 0D 16 
     285.910  0x329  [8]  01 00 21 38 01 00 3E 9F 
     285.920  0x323  [8]  20 0E 10 00 00 00 00 00 
     285.920  0x324  [8]  00 01 47 50 4A 30 32 31 
     285.934  0x322  [8]  01 00 00 D4 03 01 63 63 
     285.940  0x320  [8]  50 41 C3 85 85 00 00 00 
        0x320  mfr=PA  hw=195  sw=133
     285.949  0x319  [8]  C0 0D 1A 0D 16 11 18 00 
        0x319  chem=0  forceI=0 forceII=0  dis_en=0 chg_en=1  (byte0=0xC0)
     285.960  0x318  [8]  0D 17 0D 17 0D 17 0D 16 
     285.970  0x317  [8]  0D 1A 0D 1A 0D 1A 0D 1A 
     285.980  0x316  [8]  0D 18 0D 18 0D 18 0D 18 
     285.990  0x315  [8]  0D 19 0D 19 0D 19 0D 18 
     286.000  0x314  [8]  5B 2C 5B 40 00 04 05 3D 
        0x314  RM=233.40Ah  FCC=233.60Ah  dV=4mV  cycles=1341
     286.011  0x313  [8]  14 F0 FF C5 00 EA 63 63 
        0x313  Vraw=5360  -> 53.60V if 0.01V  /  536.0V if 0.1V  |  I=-5.9A  T=23.4C  SOC=99%  SOH=99
     286.022  0x312  [8]  00 00 00 00 02 00 00 00 
        0x312  prot=00 00  warn=00 00  packs=2  mfr=??  cells=0
     286.034  0x311  [8]  02 38 08 24 08 24 01 63 
        0x311  CVL=56.8V  CCL=208.4A  DCL=208.4A  status=0x0163 (chg_en=1 dis_en=1 mode=3)
     286.225  0x301  [8]  0B 16 21 2C 37 42 4D 58 
        0x301  <-- KEEPALIVE FROM THE GROWATT INVERTER.
               This payload is undocumented. Write it down.
     286.725  0x301  [8]  0B 16 21 2C 37 42 4D 58 
        0x301  <-- KEEPALIVE FROM THE GROWATT INVERTER.
               This payload is undocumented. Write it down.
     286.899  0x330  [8]  02 0F 02 08 0D 1B 0D 16 
     286.909  0x329  [8]  02 00 18 CB 02 00 3F 3B 
     286.919  0x323  [8]  20 0E 10 00 00 00 00 00 
     286.919  0x324  [8]  01 39 35 32 32 30 36 32 
     286.933  0x322  [8]  01 00 00 D4 03 01 63 63 
     286.939  0x320  [8]  50 41 C3 85 85 00 00 00 
        0x320  mfr=PA  hw=195  sw=133
     286.949  0x319  [8]  C0 0D 1B 0D 16 1F 18 00 
        0x319  chem=0  forceI=0 forceII=0  dis_en=0 chg_en=1  (byte0=0xC0)
     286.959  0x318  [8]  0D 17 0D 17 0D 17 0D 16 
     286.969  0x317  [8]  0D 1B 0D 1A 0D 1A 0D 1A 
     286.979  0x316  [8]  0D 18 0D 17 0D 17 0D 17 
     286.989  0x315  [8]  0D 19 0D 19 0D 18 0D 18 
     286.998  0x314  [8]  5B 2C 5B 40 00 05 05 3D 
        0x314  RM=233.40Ah  FCC=233.60Ah  dV=5mV  cycles=1341
     287.010  0x313  [8]  14 F0 FF C5 00 EA 63 63 
        0x313  Vraw=5360  -> 53.60V if 0.01V  /  536.0V if 0.1V  |  I=-5.9A  T=23.4C  SOC=99%  SOH=99
     287.021  0x312  [8]  00 00 00 00 02 00 00 00 
        0x312  prot=00 00  warn=00 00  packs=2  mfr=??  cells=0
     287.033  0x311  [8]  02 38 08 24 08 24 01 63 
        0x311  CVL=56.8V  CCL=208.4A  DCL=208.4A  status=0x0163 (chg_en=1 dis_en=1 mode=3)
     287.225  0x301  [8]  0B 16 21 2C 37 42 4D 58 
        0x301  <-- KEEPALIVE FROM THE GROWATT INVERTER.
               This payload is undocumented. Write it down.

======================================================================
  10300 frames, 287 s elapsed
  ID     count   period(ms)  DLC  last payload             changing
  ----------------------------------------------------------------------
  0x301     457    627 (499-58847)  8   0B 16 21 2C 37 42 4D 58  ........
  0x330     479    597 (0-2958)  8   02 0F 02 08 0D 1B 0D 16  ****.*.*
  0x329     825    346 (0-1740)  8   02 00 18 CB 02 00 3F 3B  *.***.**
  0x323     569    503 (0-1892)  8   20 0E 10 00 00 00 00 00  ........
  0x324     625    457 (0-1881)  8   01 39 35 32 32 30 36 32  ********
  0x322     816    350 (0-2522)  8   01 00 00 D4 03 01 63 63  ........
  0x320     576    496 (0-2440)  8   50 41 C3 85 85 00 00 00  ........
  0x319     535    535 (10-2346)  8   C0 0D 1B 0D 16 1F 18 00  ..*.***.
  0x318     495    578 (0-2976)  8   0D 17 0D 17 0D 17 0D 16  .*.*.*.*
  0x317     453    632 (0-2957)  8   0D 1B 0D 1A 0D 1A 0D 1A  .*.*.*.*
  0x316     471    608 (0-2955)  8   0D 18 0D 17 0D 17 0D 17  .*.*.*.*
  0x315     827    345 (0-2143)  8   0D 19 0D 19 0D 18 0D 18  .*.*.*.*
  0x314     843    339 (0-1942)  8   5B 2C 5B 40 00 05 05 3D  .....*..
  0x313     665    430 (11-1634)  8   14 F0 FF C5 00 EA 63 63  ****....
  0x312     510    561 (0-1698)  8   00 00 00 00 02 00 00 00  ........
  0x311    1154    247 (11-2465)  8   02 38 08 24 08 24 01 63  .......*
  ----------------------------------------------------------------------
  Auto-scaled pack voltage: 53.60 V  (SOC 99%)
  Cross-check this against the Growatt app before trusting it.
======================================================================

     287.725  0x301  [8]  0B 16 21 2C 37 42 4D 58 
        0x301  <-- KEEPALIVE FROM THE GROWATT INVERTER.
               This payload is undocumented. Write it down.
     287.898  0x330  [8]  01 02 02 07 0D 1A 0D 16 
     287.909  0x329  [8]  01 00 21 38 01 00 3E 9F 
     287.918  0x323  [8]  20 0E 10 00 00 00 00 00 
     287.918  0x324  [8]  02 43 30 37 00 00 00 00 
     287.932  0x322  [8]  01 00 00 D4 03 01 63 63 
     287.939  0x320  [8]  50 41 C3 85 85 00 00 00 
        0x320  mfr=PA  hw=195  sw=133
     287.948  0x319  [8]  C0 0D 1A 0D 16 02 17 00 
        0x319  chem=0  forceI=0 forceII=0  dis_en=0 chg_en=1  (byte0=0xC0)
     287.958  0x318  [8]  0D 17 0D 17 0D 17 0D 16 
     287.968  0x317  [8]  0D 1A 0D 1A 0D 1A 0D 1A 
     287.978  0x316  [8]  0D 18 0D 18 0D 18 0D 17 
     287.988  0x315  [8]  0D 19 0D 19 0D 19 0D 18 
     287.998  0x314  [8]  5B 2C 5B 40 00 04 05 3D 
        0x314  RM=233.40Ah  FCC=233.60Ah  dV=4mV  cycles=1341
     288.009  0x313  [8]  14 F0 FF CA 00 EA 63 63 
        0x313  Vraw=5360  -> 53.60V if 0.01V  /  536.0V if 0.1V  |  I=-5.4A  T=23.4C  SOC=99%  SOH=99
     288.020  0x312  [8]  00 00 00 00 02 00 00 00 
        0x312  prot=00 00  warn=00 00  packs=2  mfr=??  cells=0
     288.032  0x311  [8]  02 38 08 24 08 24 01 63 
        0x311  CVL=56.8V  CCL=208.4A  DCL=208.4A  status=0x0163 (chg_en=1 dis_en=1 mode=3)
     288.225  0x301  [8]  0B 16 21 2C 37 42 4D 58 
        0x301  <-- KEEPALIVE FROM THE GROWATT INVERTER.
               This payload is undocumented. Write it down.
     288.724  0x301  [8]  0B 16 21 2C 37 42 4D 58 
        0x301  <-- KEEPALIVE FROM THE GROWATT INVERTER.
               This payload is undocumented. Write it down.
     288.897  0x330  [8]  01 02 02 07 0D 1A 0D 16 
     288.908  0x329  [8]  02 00 18 CB 02 00 3F 3B 
     288.918  0x323  [8]  20 0E 10 00 00 00 00 00 
     288.918  0x324  [8]  00 02 47 50 4A 30 32 31 
     288.931  0x322  [8]  01 00 00 D4 03 01 63 63 
     288.938  0x320  [8]  50 41 C3 85 85 00 00 00 
        0x320  mfr=PA  hw=195  sw=133
     288.947  0x319  [8]  C0 0D 1A 0D 16 02 17 00 
        0x319  chem=0  forceI=0 forceII=0  dis_en=0 chg_en=1  (byte0=0xC0)
     288.958  0x318  [8]  0D 17 0D 17 0D 17 0D 16 
     288.968  0x317  [8]  0D 1A 0D 1A 0D 1A 0D 1A 
     288.978  0x316  [8]  0D 18 0D 18 0D 18 0D 18 
     288.988  0x315  [8]  0D 19 0D 19 0D 19 0D 19 
     288.997  0x314  [8]  5B 2C 5B 40 00 04 05 3D 
        0x314  RM=233.40Ah  FCC=233.60Ah  dV=4mV  cycles=1341
     289.008  0x313  [8]  14 F0 FF CE 00 EA 63 63 
        0x313  Vraw=5360  -> 53.60V if 0.01V  /  536.0V if 0.1V  |  I=-5.0A  T=23.4C  SOC=99%  SOH=99
     289.019  0x312  [8]  00 00 00 00 02 00 00 00 
        0x312  prot=00 00  warn=00 00  packs=2  mfr=??  cells=0
     289.031  0x311  [8]  02 38 08 24 08 24 01 63 
        0x311  CVL=56.8V  CCL=208.4A  DCL=208.4A  status=0x0163 (chg_en=1 dis_en=1 mode=3)
     289.224  0x301  [8]  0B 16 21 2C 37 42 4D 58 
        0x301  <-- KEEPALIVE FROM THE GROWATT INVERTER.
               This payload is undocumented. Write it down.
     289.724  0x301  [8]  0B 16 21 2C 37 42 4D 58 
        0x301  <-- KEEPALIVE FROM THE GROWATT INVERTER.
               This payload is undocumented. Write it down.
     289.896  0x330  [8]  02 01 02 07 0D 1A 0D 16 
     289.907  0x329  [8]  01 00 21 38 01 00 3E 9F 
     289.916  0x323  [8]  20 0E 10 00 00 00 00 00 
     289.917  0x324  [8]  01 39 35 32 32 30 36 32 
     289.930  0x322  [8]  01 00 00 D4 03 01 63 63 
     289.937  0x320  [8]  50 41 C3 85 85 00 00 00 
        0x320  mfr=PA  hw=195  sw=133
     289.946  0x319  [8]  C0 0D 1A 0D 16 11 17 00 
        0x319  chem=0  forceI=0 forceII=0  dis_en=0 chg_en=1  (byte0=0xC0)
     289.957  0x318  [8]  0D 17 0D 17 0D 16 0D 16 
     289.967  0x317  [8]  0D 1A 0D 1A 0D 1A 0D 1A 
     289.977  0x316  [8]  0D 17 0D 17 0D 17 0D 17 
     289.987  0x315  [8]  0D 19 0D 18 0D 18 0D 18 
     289.996  0x314  [8]  5B 2C 5B 40 00 04 05 3D 
        0x314  RM=233.40Ah  FCC=233.60Ah  dV=4mV  cycles=1341
     290.007  0x313  [8]  14 F0 FF CD 00 EA 63 63 
        0x313  Vraw=5360  -> 53.60V if 0.01V  /  536.0V if 0.1V  |  I=-5.1A  T=23.4C  SOC=99%  SOH=99
     290.018  0x312  [8]  00 00 00 00 02 00 00 00 
        0x312  prot=00 00  warn=00 00  packs=2  mfr=??  cells=0
     290.030  0x311  [8]  02 38 08 24 08 24 01 63 
        0x311  CVL=56.8V  CCL=208.4A  DCL=208.4A  status=0x0163 (chg_en=1 dis_en=1 mode=3)
     290.224  0x301  [8]  0B 16 21 2C 37 42 4D 58 
        0x301  <-- KEEPALIVE FROM THE GROWATT INVERTER.
               This payload is undocumented. Write it down.
     290.725  0x301  [8]  0B 16 21 2C 37 42 4D 58 
        0x301  <-- KEEPALIVE FROM THE GROWATT INVERTER.
               This payload is undocumented. Write it down.
     290.896  0x330  [8]  02 01 02 04 0D 1A 0D 16 
     290.906  0x329  [8]  02 00 18 CB 02 00 3F 3B 
     290.915  0x323  [8]  20 0E 10 00 00 00 00 00 
     290.916  0x324  [8]  02 42 42 37 00 00 00 00 
     290.929  0x322  [8]  01 00 00 D4 03 01 63 63 
     290.936  0x320  [8]  50 41 C3 85 85 00 00 00 
        0x320  mfr=PA  hw=195  sw=133
     290.945  0x319  [8]  C0 0D 1A 0D 16 11 14 00 
        0x319  chem=0  forceI=0 forceII=0  dis_en=0 chg_en=1  (byte0=0xC0)
     290.956  0x318  [8]  0D 17 0D 16 0D 16 0D 16 
     290.966  0x317  [8]  0D 1A 0D 1A 0D 1A 0D 19 
     290.976  0x316  [8]  0D 17 0D 17 0D 17 0D 17 
     290.986  0x315  [8]  0D 19 0D 18 0D 18 0D 18 
     290.996  0x314  [8]  5B 2C 5B 40 00 04 05 3D 
        0x314  RM=233.40Ah  FCC=233.60Ah  dV=4mV  cycles=1341
     291.006  0x313  [8]  14 F0 FF CE 00 EA 63 63 
        0x313  Vraw=5360  -> 53.60V if 0.01V  /  536.0V if 0.1V  |  I=-5.0A  T=23.4C  SOC=99%  SOH=99
     291.017  0x312  [8]  00 00 00 00 02 00 00 00 
        0x312  prot=00 00  warn=00 00  packs=2  mfr=??  cells=0
     291.029  0x311  [8]  02 38 08 24 08 24 01 63 
        0x311  CVL=56.8V  CCL=208.4A  DCL=208.4A  status=0x0163 (chg_en=1 dis_en=1 mode=3)
     291.224  0x301  [8]  0B 16 21 2C 37 42 4D 58 
        0x301  <-- KEEPALIVE FROM THE GROWATT INVERTER.
               This payload is undocumented. Write it down.
     291.725  0x301  [8]  0B 16 21 2C 37 42 4D 58 
        0x301  <-- KEEPALIVE FROM THE GROWATT INVERTER.
               This payload is undocumented. Write it down.
     291.894  0x330  [8]  02 0E 02 06 0D 1A 0D 16 
     291.905  0x329  [8]  01 00 21 38 01 00 3E 9F 
     291.915  0x323  [8]  20 0E 10 00 00 00 00 00 
     291.915  0x324  [8]  00 01 47 50 4A 30 32 31 
     291.929  0x322  [8]  01 00 00 D4 03 01 63 63 
     291.935  0x320  [8]  50 41 C3 85 85 00 00 00 
        0x320  mfr=PA  hw=195  sw=133
     291.944  0x319  [8]  C0 0D 1A 0D 16 1E 16 00 
        0x319  chem=0  forceI=0 forceII=0  dis_en=0 chg_en=1  (byte0=0xC0)
     291.955  0x318  [8]  0D 17 0D 16 0D 16 0D 16 
     291.965  0x317  [8]  0D 1A 0D 1A 0D 19 0D 19 
     291.975  0x316  [8]  0D 17 0D 17 0D 17 0D 17 
     291.985  0x315  [8]  0D 19 0D 19 0D 18 0D 18 
     291.995  0x314  [8]  5B 2C 5B 40 00 04 05 3D 
        0x314  RM=233.40Ah  FCC=233.60Ah  dV=4mV  cycles=1341
     292.006  0x313  [8]  14 F0 FF D1 00 EA 63 63 
        0x313  Vraw=5360  -> 53.60V if 0.01V  /  536.0V if 0.1V  |  I=-4.7A  T=23.4C  SOC=99%  SOH=99
     292.017  0x312  [8]  00 00 00 00 02 00 00 00 
        0x312  prot=00 00  warn=00 00  packs=2  mfr=??  cells=0
     292.028  0x311  [8]  02 38 08 24 08 24 01 63 
        0x311  CVL=56.8V  CCL=208.4A  DCL=208.4A  status=0x0163 (chg_en=1 dis_en=1 mode=3)
     292.224  0x301  [8]  0B 16 21 2C 37 42 4D 58 
        0x301  <-- KEEPALIVE FROM THE GROWATT INVERTER.
               This payload is undocumented. Write it down.
     292.725  0x301  [8]  0B 16 21 2C 37 42 4D 58 
        0x301  <-- KEEPALIVE FROM THE GROWATT INVERTER.
               This payload is undocumented. Write it down.
     292.894  0x330  [8]  02 09 02 07 0D 1A 0D 16 
     292.904  0x329  [8]  02 00 18 CB 02 00 3F 3B 
     292.914  0x323  [8]  20 0E 10 00 00 00 00 00 
     292.914  0x324  [8]  01 39 35 32 32 30 36 32 
     292.928  0x322  [8]  01 00 00 D4 03 01 63 63 
     292.934  0x320  [8]  50 41 C3 85 85 00 00 00 
        0x320  mfr=PA  hw=195  sw=133
     292.944  0x319  [8]  C0 0D 1A 0D 16 19 17 00 
        0x319  chem=0  forceI=0 forceII=0  dis_en=0 chg_en=1  (byte0=0xC0)
     292.954  0x318  [8]  0D 17 0D 17 0D 16 0D 16 
     292.964  0x317  [8]  0D 1A 0D 1A 0D 1A 0D 1A 
     292.974  0x316  [8]  0D 17 0D 17 0D 17 0D 17 
     292.984  0x315  [8]  0D 19 0D 19 0D 18 0D 18 
     292.994  0x314  [8]  5B 2C 5B 40 00 04 05 3D 
        0x314  RM=233.40Ah  FCC=233.60Ah  dV=4mV  cycles=1341
     293.005  0x313  [8]  14 F0 FF D3 00 EA 63 63 
        0x313  Vraw=5360  -> 53.60V if 0.01V  /  536.0V if 0.1V  |  I=-4.5A  T=23.4C  SOC=99%  SOH=99
     293.016  0x312  [8]  00 00 00 00 02 00 00 00 
        0x312  prot=00 00  warn=00 00  packs=2  mfr=??  cells=0
     293.028  0x311  [8]  02 38 08 24 08 24 01 63 
        0x311  CVL=56.8V  CCL=208.4A  DCL=208.4A  status=0x0163 (chg_en=1 dis_en=1 mode=3)
     293.224  0x301  [8]  0B 16 21 2C 37 42 4D 58 
        0x301  <-- KEEPALIVE FROM THE GROWATT INVERTER.
               This payload is undocumented. Write it down.
     293.725  0x301  [8]  0B 16 21 2C 37 42 4D 58 
        0x301  <-- KEEPALIVE FROM THE GROWATT INVERTER.
               This payload is undocumented. Write it down.
     293.893  0x330  [8]  02 01 02 04 0D 1A 0D 16 
     293.904  0x329  [8]  01 00 21 38 01 00 3E 9F 
     293.913  0x323  [8]  20 0E 10 00 00 00 00 00 
     293.913  0x324  [8]  02 43 30 37 00 00 00 00 
     293.927  0x322  [8]  01 00 00 D4 03 01 63 63 
     293.934  0x320  [8]  50 41 C3 85 85 00 00 00 
        0x320  mfr=PA  hw=195  sw=133
     293.943  0x319  [8]  C0 0D 1A 0D 16 11 14 00 
        0x319  chem=0  forceI=0 forceII=0  dis_en=0 chg_en=1  (byte0=0xC0)
     293.953  0x318  [8]  0D 16 0D 16 0D 16 0D 16 
     293.963  0x317  [8]  0D 1A 0D 1A 0D 19 0D 19 
     293.973  0x316  [8]  0D 17 0D 17 0D 17 0D 17 
     293.983  0x315  [8]  0D 19 0D 18 0D 18 0D 18 
     293.993  0x314  [8]  5B 2C 5B 40 00 04 05 3D 
        0x314  RM=233.40Ah  FCC=233.60Ah  dV=4mV  cycles=1341
     294.004  0x313  [8]  14 F0 FF D9 00 EA 63 63 
        0x313  Vraw=5360  -> 53.60V if 0.01V  /  536.0V if 0.1V  |  I=-3.9A  T=23.4C  SOC=99%  SOH=99
     294.015  0x312  [8]  00 00 00 00 02 00 00 00 
        0x312  prot=00 00  warn=00 00  packs=2  mfr=??  cells=0
     294.027  0x311  [8]  02 38 08 24 08 24 01 63 
        0x311  CVL=56.8V  CCL=208.4A  DCL=208.4A  status=0x0163 (chg_en=1 dis_en=1 mode=3)
     294.224  0x301  [8]  0B 16 21 2C 37 42 4D 58 
        0x301  <-- KEEPALIVE FROM THE GROWATT INVERTER.
               This payload is undocumented. Write it down.
     294.724  0x301  [8]  0B 16 21 2C 37 42 4D 58 
        0x301  <-- KEEPALIVE FROM THE GROWATT INVERTER.
               This payload is undocumented. Write it down.
     294.892  0x330  [8]  02 01 02 04 0D 1A 0D 16 
     294.903  0x329  [8]  02 00 18 CB 02 00 3F 3B 
     294.913  0x323  [8]  20 0E 10 00 00 00 00 00 
     294.913  0x324  [8]  00 02 47 50 4A 30 32 31 
     294.926  0x322  [8]  01 00 00 D4 03 01 63 63 
     294.933  0x320  [8]  50 41 C3 85 85 00 00 00 
        0x320  mfr=PA  hw=195  sw=133
     294.942  0x319  [8]  C0 0D 1A 0D 16 11 14 00 
        0x319  chem=0  forceI=0 forceII=0  dis_en=0 chg_en=1  (byte0=0xC0)
     294.953  0x318  [8]  0D 17 0D 16 0D 16 0D 16 
     294.963  0x317  [8]  0D 1A 0D 1A 0D 1A 0D 1A 
     294.973  0x316  [8]  0D 18 0D 18 0D 17 0D 17 
     294.983  0x315  [8]  0D 19 0D 19 0D 18 0D 18 
     294.992  0x314  [8]  5B 2C 5B 40 00 04 05 3D 
        0x314  RM=233.40Ah  FCC=233.60Ah  dV=4mV  cycles=1341
     295.003  0x313  [8]  14 F0 FF DF 00 EA 63 63 
        0x313  Vraw=5360  -> 53.60V if 0.01V  /  536.0V if 0.1V  |  I=-3.3A  T=23.4C  SOC=99%  SOH=99
     295.014  0x312  [8]  00 00 00 00 02 00 00 00 
        0x312  prot=00 00  warn=00 00  packs=2  mfr=??  cells=0
     295.026  0x311  [8]  02 38 08 24 08 24 01 63 
        0x311  CVL=56.8V  CCL=208.4A  DCL=208.4A  status=0x0163 (chg_en=1 dis_en=1 mode=3)
     295.224  0x301  [8]  0B 16 21 2C 37 42 4D 58 
        0x301  <-- KEEPALIVE FROM THE GROWATT INVERTER.
               This payload is undocumented. Write it down.
     295.724  0x301  [8]  0B 16 21 2C 37 42 4D 58 
        0x301  <-- KEEPALIVE FROM THE GROWATT INVERTER.
               This payload is undocumented. Write it down.
     295.891  0x330  [8]  02 01 02 07 0D 1A 0D 16 
     295.902  0x329  [8]  01 00 21 38 01 00 3E 9F 
     295.911  0x323  [8]  20 0E 10 00 00 00 00 00 
     295.912  0x324  [8]  01 39 35 32 32 30 36 32 
     295.925  0x322  [8]  01 00 00 D4 03 01 63 63 
     295.932  0x320  [8]  50 41 C3 85 85 00 00 00 
        0x320  mfr=PA  hw=195  sw=133
     295.941  0x319  [8]  C0 0D 1A 0D 16 11 17 00 
        0x319  chem=0  forceI=0 forceII=0  dis_en=0 chg_en=1  (byte0=0xC0)
     295.952  0x318  [8]  0D 17 0D 17 0D 16 0D 16 
     295.962  0x317  [8]  0D 1A 0D 1A 0D 1A 0D 19 
     295.972  0x316  [8]  0D 17 0D 17 0D 17 0D 17 
     295.982  0x315  [8]  0D 19 0D 18 0D 18 0D 18 
     295.991  0x314  [8]  5B 2C 5B 40 00 04 05 3D 
        0x314  RM=233.40Ah  FCC=233.60Ah  dV=4mV  cycles=1341
     296.002  0x313  [8]  14 F0 FF DF 00 EA 63 63 
        0x313  Vraw=5360  -> 53.60V if 0.01V  /  536.0V if 0.1V  |  I=-3.3A  T=23.4C  SOC=99%  SOH=99
     296.013  0x312  [8]  00 00 00 00 02 00 00 00 
        0x312  prot=00 00  warn=00 00  packs=2  mfr=??  cells=0
     296.025  0x311  [8]  02 38 08 24 08 24 01 63 
        0x311  CVL=56.8V  CCL=208.4A  DCL=208.4A  status=0x0163 (chg_en=1 dis_en=1 mode=3)
     296.224  0x301  [8]  0B 16 21 2C 37 42 4D 58 
        0x301  <-- KEEPALIVE FROM THE GROWATT INVERTER.
               This payload is undocumented. Write it down.
     296.724  0x301  [8]  0B 16 21 2C 37 42 4D 58 
        0x301  <-- KEEPALIVE FROM THE GROWATT INVERTER.
               This payload is undocumented. Write it down.
     296.890  0x330  [8]  02 01 02 06 0D 1A 0D 16 
     296.901  0x329  [8]  02 00 18 CB 02 00 3F 3B 
     296.910  0x323  [8]  20 0E 10 00 00 00 00 00 
     296.911  0x324  [8]  02 42 42 37 00 00 00 00 
     296.924  0x322  [8]  01 00 00 D4 03 01 63 63 
     296.931  0x320  [8]  50 41 C3 85 85 00 00 00 
        0x320  mfr=PA  hw=195  sw=133
     296.940  0x319  [8]  C0 0D 1A 0D 16 11 16 00 
        0x319  chem=0  forceI=0 forceII=0  dis_en=0 chg_en=1  (byte0=0xC0)
     296.951  0x318  [8]  0D 17 0D 16 0D 16 0D 16 
     296.961  0x317  [8]  0D 1A 0D 1A 0D 1A 0D 1A 
     296.971  0x316  [8]  0D 17 0D 17 0D 17 0D 17 
     296.981  0x315  [8]  0D 19 0D 19 0D 18 0D 18 
     296.991  0x314  [8]  5B 2C 5B 40 00 04 05 3D 
        0x314  RM=233.40Ah  FCC=233.60Ah  dV=4mV  cycles=1341
     297.001  0x313  [8]  14 F0 FF E0 00 EA 63 63 
        0x313  Vraw=5360  -> 53.60V if 0.01V  /  536.0V if 0.1V  |  I=-3.2A  T=23.4C  SOC=99%  SOH=99
     297.012  0x312  [8]  00 00 00 00 02 00 00 00 
        0x312  prot=00 00  warn=00 00  packs=2  mfr=??  cells=0
     297.024  0x311  [8]  02 38 08 24 08 24 01 63 
        0x311  CVL=56.8V  CCL=208.4A  DCL=208.4A  status=0x0163 (chg_en=1 dis_en=1 mode=3)
     297.224  0x301  [8]  0B 16 21 2C 37 42 4D 58 
        0x301  <-- KEEPALIVE FROM THE GROWATT INVERTER.
               This payload is undocumented. Write it down.
     297.724  0x301  [8]  0B 16 21 2C 37 42 4D 58 
        0x301  <-- KEEPALIVE FROM THE GROWATT INVERTER.
               This payload is undocumented. Write it down.
     297.889  0x330  [8]  02 09 02 04 0D 1A 0D 16 
     297.900  0x329  [8]  01 00 21 38 01 00 3E 9F 
     297.910  0x323  [8]  20 0E 10 00 00 00 00 00 
     297.910  0x324  [8]  00 01 47 50 4A 30 32 31 
     297.924  0x322  [8]  01 00 00 D4 03 01 63 63 
     297.930  0x320  [8]  50 41 C3 85 85 00 00 00 
        0x320  mfr=PA  hw=195  sw=133
     297.939  0x319  [8]  C0 0D 1A 0D 16 19 14 00 
        0x319  chem=0  forceI=0 forceII=0  dis_en=0 chg_en=1  (byte0=0xC0)
     297.950  0x318  [8]  0D 16 0D 16 0D 16 0D 16 
     297.960  0x317  [8]  0D 1A 0D 1A 0D 19 0D 19 
     297.970  0x316  [8]  0D 17 0D 17 0D 17 0D 17 
     297.980  0x315  [8]  0D 19 0D 18 0D 18 0D 18 
     297.990  0x314  [8]  5B 2C 5B 40 00 04 05 3D 
        0x314  RM=233.40Ah  FCC=233.60Ah  dV=4mV  cycles=1341
     298.001  0x313  [8]  14 F0 FF DD 00 EA 63 63 
        0x313  Vraw=5360  -> 53.60V if 0.01V  /  536.0V if 0.1V  |  I=-3.5A  T=23.4C  SOC=99%  SOH=99
     298.012  0x312  [8]  00 00 00 00 02 00 00 00 
        0x312  prot=00 00  warn=00 00  packs=2  mfr=??  cells=0
     298.023  0x311  [8]  02 38 08 24 08 24 01 63 
        0x311  CVL=56.8V  CCL=208.4A  DCL=208.4A  status=0x0163 (chg_en=1 dis_en=1 mode=3)
     298.224  0x301  [8]  0B 16 21 2C 37 42 4D 58 
        0x301  <-- KEEPALIVE FROM THE GROWATT INVERTER.
               This payload is undocumented. Write it down.
     298.724  0x301  [8]  0B 16 21 2C 37 42 4D 58 
        0x301  <-- KEEPALIVE FROM THE GROWATT INVERTER.
               This payload is undocumented. Write it down.
     298.889  0x330  [8]  02 01 02 06 0D 1A 0D 16 
     298.899  0x329  [8]  02 00 18 CB 02 00 3F 3B 
     298.909  0x323  [8]  20 0E 10 00 00 00 00 00 
     298.909  0x324  [8]  01 39 35 32 32 30 36 32 
     298.923  0x322  [8]  01 00 00 D4 03 01 63 63 
     298.929  0x320  [8]  50 41 C3 85 85 00 00 00 
        0x320  mfr=PA  hw=195  sw=133
     298.938  0x319  [8]  C0 0D 1A 0D 16 11 16 00 
        0x319  chem=0  forceI=0 forceII=0  dis_en=0 chg_en=1  (byte0=0xC0)
     298.949  0x318  [8]  0D 17 0D 16 0D 16 0D 16 
     298.959  0x317  [8]  0D 1A 0D 1A 0D 1A 0D 1A 
     298.969  0x316  [8]  0D 17 0D 17 0D 17 0D 17 
     298.979  0x315  [8]  0D 19 0D 18 0D 18 0D 18 
     298.988  0x314  [8]  5B 2C 5B 40 00 04 05 3D 
        0x314  RM=233.40Ah  FCC=233.60Ah  dV=4mV  cycles=1341
     299.000  0x313  [8]  14 F0 FF E3 00 EA 63 63 
        0x313  Vraw=5360  -> 53.60V if 0.01V  /  536.0V if 0.1V  |  I=-2.9A  T=23.4C  SOC=99%  SOH=99
     299.011  0x312  [8]  00 00 00 00 02 00 00 00 
        0x312  prot=00 00  warn=00 00  packs=2  mfr=??  cells=0
     299.023  0x311  [8]  02 38 08 24 08 24 01 63 
        0x311  CVL=56.8V  CCL=208.4A  DCL=208.4A  status=0x0163 (chg_en=1 dis_en=1 mode=3)
     299.224  0x301  [8]  0B 16 21 2C 37 42 4D 58 
        0x301  <-- KEEPALIVE FROM THE GROWATT INVERTER.
               This payload is undocumented. Write it down.
     299.724  0x301  [8]  0B 16 21 2C 37 42 4D 58 
        0x301  <-- KEEPALIVE FROM THE GROWATT INVERTER.
               This payload is undocumented. Write it down.
     299.888  0x330  [8]  02 01 02 06 0D 1A 0D 16 
     299.899  0x329  [8]  01 00 21 38 01 00 3E 9F 
     299.908  0x323  [8]  20 0E 10 00 00 00 00 00 
     299.908  0x324  [8]  02 43 30 37 00 00 00 00 
     299.922  0x322  [8]  01 00 00 D4 03 01 63 63 
     299.929  0x320  [8]  50 41 C3 85 85 00 00 00 
        0x320  mfr=PA  hw=195  sw=133
     299.938  0x319  [8]  C0 0D 1A 0D 16 11 16 00 
        0x319  chem=0  forceI=0 forceII=0  dis_en=0 chg_en=1  (byte0=0xC0)
     299.948  0x318  [8]  0D 17 0D 16 0D 16 0D 16 
     299.958  0x317  [8]  0D 1A 0D 1A 0D 19 0D 19 
     299.968  0x316  [8]  0D 18 0D 17 0D 17 0D 17 
     299.978  0x315  [8]  0D 19 0D 18 0D 18 0D 18 
     299.988  0x314  [8]  5B 2C 5B 40 00 04 05 3D 
        0x314  RM=233.40Ah  FCC=233.60Ah  dV=4mV  cycles=1341
     299.999  0x313  [8]  14 F0 FF E9 00 EA 63 63 
        0x313  Vraw=5360  -> 53.60V if 0.01V  /  536.0V if 0.1V  |  I=-2.3A  T=23.4C  SOC=99%  SOH=99
     300.010  0x312  [8]  00 00 00 00 02 00 00 00 
        0x312  prot=00 00  warn=00 00  packs=2  mfr=??  cells=0
     300.022  0x311  [8]  02 38 08 24 08 24 01 63 
        0x311  CVL=56.8V  CCL=208.4A  DCL=208.4A  status=0x0163 (chg_en=1 dis_en=1 mode=3)
     300.224  0x301  [8]  0B 16 21 2C 37 42 4D 58 
        0x301  <-- KEEPALIVE FROM THE GROWATT INVERTER.
               This payload is undocumented. Write it down.
     300.724  0x301  [8]  0B 16 21 2C 37 42 4D 58 
        0x301  <-- KEEPALIVE FROM THE GROWATT INVERTER.
               This payload is undocumented. Write it down.
     300.887  0x330  [8]  02 01 02 07 0D 1A 0D 16 
     300.898  0x329  [8]  02 00 18 CB 02 00 3F 3B 
     300.908  0x323  [8]  20 0E 10 00 00 00 00 00 
     300.908  0x324  [8]  00 02 47 50 4A 30 32 31 
     300.921  0x322  [8]  01 00 00 D4 03 01 63 63 
     300.928  0x320  [8]  50 41 C3 85 85 00 00 00 
        0x320  mfr=PA  hw=195  sw=133
     300.937  0x319  [8]  C0 0D 1A 0D 16 11 17 00 
        0x319  chem=0  forceI=0 forceII=0  dis_en=0 chg_en=1  (byte0=0xC0)
     300.948  0x318  [8]  0D 17 0D 17 0D 16 0D 16 
     300.958  0x317  [8]  0D 1A 0D 1A 0D 1A 0D 1A 
     300.968  0x316  [8]  0D 18 0D 18 0D 17 0D 17 
     300.978  0x315  [8]  0D 19 0D 19 0D 18 0D 18 
     300.987  0x314  [8]  5B 2C 5B 40 00 04 05 3D 
        0x314  RM=233.40Ah  FCC=233.60Ah  dV=4mV  cycles=1341
     300.998  0x313  [8]  14 F0 FF EC 00 EA 63 63 
        0x313  Vraw=5360  -> 53.60V if 0.01V  /  536.0V if 0.1V  |  I=-2.0A  T=23.4C  SOC=99%  SOH=99
     301.009  0x312  [8]  00 00 00 00 02 00 00 00 
        0x312  prot=00 00  warn=00 00  packs=2  mfr=??  cells=0
     301.021  0x311  [8]  02 38 08 24 08 24 01 61 
        0x311  CVL=56.8V  CCL=208.4A  DCL=208.4A  status=0x0161 (chg_en=1 dis_en=1 mode=1)
     301.224  0x301  [8]  0B 16 21 2C 37 42 4D 58 
        0x301  <-- KEEPALIVE FROM THE GROWATT INVERTER.
               This payload is undocumented. Write it down.
     301.723  0x301  [8]  0B 16 21 2C 37 42 4D 58 
        0x301  <-- KEEPALIVE FROM THE GROWATT INVERTER.
               This payload is undocumented. Write it down.
     301.886  0x330  [8]  02 01 02 04 0D 1A 0D 16 
     301.897  0x329  [8]  01 00 21 38 01 00 3E 9F 
     301.906  0x323  [8]  20 0E 10 00 00 00 00 00 
     301.907  0x324  [8]  01 39 35 32 32 30 36 32 
     301.920  0x322  [8]  01 00 00 D4 03 01 63 63 
     301.927  0x320  [8]  50 41 C3 85 85 00 00 00 
        0x320  mfr=PA  hw=195  sw=133
     301.936  0x319  [8]  C0 0D 1A 0D 16 11 14 00 
        0x319  chem=0  forceI=0 forceII=0  dis_en=0 chg_en=1  (byte0=0xC0)
     301.947  0x318  [8]  0D 16 0D 16 0D 16 0D 16 
     301.957  0x317  [8]  0D 1A 0D 1A 0D 1A 0D 1A 
     301.967  0x316  [8]  0D 18 0D 17 0D 17 0D 17 
     301.977  0x315  [8]  0D 19 0D 18 0D 18 0D 18 
     301.986  0x314  [8]  5B 2C 5B 40 00 04 05 3D 
        0x314  RM=233.40Ah  FCC=233.60Ah  dV=4mV  cycles=1341
     301.997  0x313  [8]  14 F0 FF E8 00 EA 63 63 
        0x313  Vraw=5360  -> 53.60V if 0.01V  /  536.0V if 0.1V  |  I=-2.4A  T=23.4C  SOC=99%  SOH=99
     302.008  0x312  [8]  00 00 00 00 02 00 00 00 
        0x312  prot=00 00  warn=00 00  packs=2  mfr=??  cells=0
     302.020  0x311  [8]  02 38 08 24 08 24 01 61 
        0x311  CVL=56.8V  CCL=208.4A  DCL=208.4A  status=0x0161 (chg_en=1 dis_en=1 mode=1)
     302.223  0x301  [8]  0B 16 21 2C 37 42 4D 58 
        0x301  <-- KEEPALIVE FROM THE GROWATT INVERTER.
               This payload is undocumented. Write it down.

======================================================================
  10555 frames, 302 s elapsed
  ID     count   period(ms)  DLC  last payload             changing
  ----------------------------------------------------------------------
  0x301     487    620 (499-58847)  8   0B 16 21 2C 37 42 4D 58  ........
  0x330     494    610 (0-2958)  8   02 01 02 04 0D 1A 0D 16  ****.*.*
  0x329     840    358 (0-1740)  8   01 00 21 38 01 00 3E 9F  *.***.**
  0x323     584    515 (0-1892)  8   20 0E 10 00 00 00 00 00  ........
  0x324     640    470 (0-1881)  8   01 39 35 32 32 30 36 32  ********
  0x322     831    362 (0-2522)  8   01 00 00 D4 03 01 63 63  ........
  0x320     591    509 (0-2440)  8   50 41 C3 85 85 00 00 00  ........
  0x319     550    547 (10-2346)  8   C0 0D 1A 0D 16 11 14 00  ..*.***.
  0x318     510    590 (0-2976)  8   0D 16 0D 16 0D 16 0D 16  .*.*.*.*
  0x317     468    644 (0-2957)  8   0D 1A 0D 1A 0D 1A 0D 1A  .*.*.*.*
  0x316     486    620 (0-2955)  8   0D 18 0D 17 0D 17 0D 17  .*.*.*.*
  0x315     842    357 (0-2143)  8   0D 19 0D 18 0D 18 0D 18  .*.*.*.*
  0x314     858    350 (0-1942)  8   5B 2C 5B 40 00 04 05 3D  .....*..
  0x313     680    442 (11-1634)  8   14 F0 FF E8 00 EA 63 63  ****....
  0x312     525    573 (0-1698)  8   00 00 00 00 02 00 00 00  ........
  0x311    1169    257 (11-2465)  8   02 38 08 24 08 24 01 61  .......*
  ----------------------------------------------------------------------
  Auto-scaled pack voltage: 53.60 V  (SOC 99%)
  Cross-check this against the Growatt app before trusting it.
======================================================================

     302.723  0x301  [8]  0B 16 21 2C 37 42 4D 58 
        0x301  <-- KEEPALIVE FROM THE GROWATT INVERTER.
               This payload is undocumented. Write it down.
     302.885  0x330  [8]  02 01 02 07 0D 1A 0D 16 
     302.896  0x329  [8]  02 00 18 CB 02 00 3F 3B 
     302.905  0x323  [8]  20 0E 10 00 00 00 00 00 
     302.906  0x324  [8]  02 42 42 37 00 00 00 00 
     302.919  0x322  [8]  01 00 00 D4 03 01 63 63 
     302.926  0x320  [8]  50 41 C3 85 85 00 00 00 
        0x320  mfr=PA  hw=195  sw=133
     302.935  0x319  [8]  C0 0D 1A 0D 16 11 17 00 
        0x319  chem=0  forceI=0 forceII=0  dis_en=0 chg_en=1  (byte0=0xC0)
     302.946  0x318  [8]  0D 17 0D 17 0D 16 0D 16 
     302.956  0x317  [8]  0D 1A 0D 1A 0D 1A 0D 1A 
     302.966  0x316  [8]  0D 18 0D 18 0D 17 0D 17 
     302.976  0x315  [8]  0D 19 0D 19 0D 19 0D 18 
     302.986  0x314  [8]  5B 2C 5B 40 00 04 05 3D 
        0x314  RM=233.40Ah  FCC=233.60Ah  dV=4mV  cycles=1341
     302.996  0x313  [8]  14 F0 FF F1 00 EA 63 63 
        0x313  Vraw=5360  -> 53.60V if 0.01V  /  536.0V if 0.1V  |  I=-1.5A  T=23.4C  SOC=99%  SOH=99
     303.007  0x312  [8]  00 00 00 00 02 00 00 00 
        0x312  prot=00 00  warn=00 00  packs=2  mfr=??  cells=0
     303.019  0x311  [8]  02 38 08 24 08 24 01 61 
        0x311  CVL=56.8V  CCL=208.4A  DCL=208.4A  status=0x0161 (chg_en=1 dis_en=1 mode=1)
     303.223  0x301  [8]  0B 16 21 2C 37 42 4D 58 
        0x301  <-- KEEPALIVE FROM THE GROWATT INVERTER.
               This payload is undocumented. Write it down.
     303.724  0x301  [8]  0B 16 21 2C 37 42 4D 58 
        0x301  <-- KEEPALIVE FROM THE GROWATT INVERTER.
               This payload is undocumented. Write it down.
     303.885  0x330  [8]  02 01 02 07 0D 1B 0D 16 
     303.895  0x329  [8]  01 00 21 38 01 00 3E 9F 
     303.905  0x323  [8]  20 0E 10 00 00 00 00 00 
     303.905  0x324  [8]  00 01 47 50 4A 30 32 31 
     303.918  0x322  [8]  01 00 00 D4 03 01 63 63 
     303.925  0x320  [8]  50 41 C3 85 85 00 00 00 
        0x320  mfr=PA  hw=195  sw=133
     303.934  0x319  [8]  C0 0D 1B 0D 16 11 17 00 
        0x319  chem=0  forceI=0 forceII=0  dis_en=0 chg_en=1  (byte0=0xC0)
     303.945  0x318  [8]  0D 17 0D 17 0D 16 0D 16 
     303.955  0x317  [8]  0D 1B 0D 1A 0D 1A 0D 1A 
     303.965  0x316  [8]  0D 18 0D 18 0D 18 0D 18 
     303.975  0x315  [8]  0D 19 0D 19 0D 19 0D 19 
     303.985  0x314  [8]  5B 2C 5B 40 00 05 05 3D 
        0x314  RM=233.40Ah  FCC=233.60Ah  dV=5mV  cycles=1341
     303.996  0x313  [8]  14 F0 FF FB 00 EA 63 63 
        0x313  Vraw=5360  -> 53.60V if 0.01V  /  536.0V if 0.1V  |  I=-0.5A  T=23.4C  SOC=99%  SOH=99
     304.007  0x312  [8]  00 00 00 00 02 00 00 00 
        0x312  prot=00 00  warn=00 00  packs=2  mfr=??  cells=0
     304.018  0x311  [8]  02 38 08 24 08 24 01 61 
        0x311  CVL=56.8V  CCL=208.4A  DCL=208.4A  status=0x0161 (chg_en=1 dis_en=1 mode=1)
     304.223  0x301  [8]  0B 16 21 2C 37 42 4D 58 
        0x301  <-- KEEPALIVE FROM THE GROWATT INVERTER.
               This payload is undocumented. Write it down.
     304.724  0x301  [8]  0B 16 21 2C 37 42 4D 58 
        0x301  <-- KEEPALIVE FROM THE GROWATT INVERTER.
               This payload is undocumented. Write it down.
     304.884  0x330  [8]  01 02 02 08 0D 1A 0D 16 
     304.894  0x329  [8]  02 00 18 CB 02 00 3F 3B 
     304.904  0x323  [8]  20 0E 10 00 00 00 00 00 
     304.904  0x324  [8]  01 39 35 32 32 30 36 32 
     304.918  0x322  [8]  01 00 00 D4 03 01 63 63 
     304.924  0x320  [8]  50 41 C3 85 85 00 00 00 
        0x320  mfr=PA  hw=195  sw=133
     304.933  0x319  [8]  C0 0D 1A 0D 16 02 18 00 
        0x319  chem=0  forceI=0 forceII=0  dis_en=0 chg_en=1  (byte0=0xC0)
     304.944  0x318  [8]  0D 17 0D 17 0D 17 0D 16 
     304.954  0x317  [8]  0D 1A 0D 1A 0D 1A 0D 1A 
     304.964  0x316  [8]  0D 18 0D 18 0D 18 0D 18 
     304.974  0x315  [8]  0D 1A 0D 19 0D 19 0D 19 
     304.984  0x314  [8]  5B 2C 5B 40 00 04 05 3D 
        0x314  RM=233.40Ah  FCC=233.60Ah  dV=4mV  cycles=1341
     304.995  0x313  [8]  14 F0 00 00 00 EA 63 63 
        0x313  Vraw=5360  -> 53.60V if 0.01V  /  536.0V if 0.1V  |  I=+0.0A  T=23.4C  SOC=99%  SOH=99
     305.006  0x312  [8]  00 00 00 00 02 00 00 00 
        0x312  prot=00 00  warn=00 00  packs=2  mfr=??  cells=0
     305.018  0x311  [8]  02 38 08 24 08 24 01 61 
        0x311  CVL=56.8V  CCL=208.4A  DCL=208.4A  status=0x0161 (chg_en=1 dis_en=1 mode=1)
     305.223  0x301  [8]  0B 16 21 2C 37 42 4D 58 
        0x301  <-- KEEPALIVE FROM THE GROWATT INVERTER.
               This payload is undocumented. Write it down.
     305.724  0x301  [8]  0B 16 21 2C 37 42 4D 58 
        0x301  <-- KEEPALIVE FROM THE GROWATT INVERTER.
               This payload is undocumented. Write it down.
     305.883  0x330  [8]  02 0E 02 04 0D 1B 0D 17 
     305.894  0x329  [8]  01 00 21 38 01 00 3E 9F 
     305.903  0x323  [8]  20 0E 10 00 00 00 00 00 
     305.903  0x324  [8]  02 43 30 37 00 00 00 00 
     305.917  0x322  [8]  01 00 00 D4 03 01 63 63 
     305.923  0x320  [8]  50 41 C3 85 85 00 00 00 
        0x320  mfr=PA  hw=195  sw=133
     305.933  0x319  [8]  C0 0D 1B 0D 17 1E 14 00 
        0x319  chem=0  forceI=0 forceII=0  dis_en=0 chg_en=1  (byte0=0xC0)
     305.943  0x318  [8]  0D 17 0D 17 0D 17 0D 17 
     305.953  0x317  [8]  0D 1B 0D 1B 0D 1A 0D 1A 
     305.963  0x316  [8]  0D 18 0D 18 0D 18 0D 18 
     305.973  0x315  [8]  0D 19 0D 19 0D 19 0D 19 
     305.983  0x314  [8]  5B 2C 5B 40 00 04 05 3D 
        0x314  RM=233.40Ah  FCC=233.60Ah  dV=4mV  cycles=1341
     305.994  0x313  [8]  14 F0 00 00 00 EA 63 63 
        0x313  Vraw=5360  -> 53.60V if 0.01V  /  536.0V if 0.1V  |  I=+0.0A  T=23.4C  SOC=99%  SOH=99
     306.005  0x312  [8]  00 00 00 00 02 00 00 00 
        0x312  prot=00 00  warn=00 00  packs=2  mfr=??  cells=0
     306.017  0x311  [8]  02 38 08 24 08 24 01 61 
        0x311  CVL=56.8V  CCL=208.4A  DCL=208.4A  status=0x0161 (chg_en=1 dis_en=1 mode=1)
     306.223  0x301  [8]  0B 16 21 2C 37 42 4D 58 
        0x301  <-- KEEPALIVE FROM THE GROWATT INVERTER.
               This payload is undocumented. Write it down.
     306.723  0x301  [8]  0B 16 21 2C 37 42 4D 58 
        0x301  <-- KEEPALIVE FROM THE GROWATT INVERTER.
               This payload is undocumented. Write it down.
     306.882  0x330  [8]  02 09 02 08 0D 1B 0D 16 
     306.893  0x329  [8]  02 00 18 CB 02 00 3F 3B 
     306.903  0x323  [8]  20 0E 10 00 00 00 00 00 
     306.903  0x324  [8]  00 02 47 50 4A 30 32 31 
     306.916  0x322  [8]  01 00 00 D4 03 01 63 63 
     306.923  0x320  [8]  50 41 C3 85 85 00 00 00 
        0x320  mfr=PA  hw=195  sw=133
     306.932  0x319  [8]  C0 0D 1B 0D 16 19 18 00 
        0x319  chem=0  forceI=0 forceII=0  dis_en=0 chg_en=1  (byte0=0xC0)
     306.943  0x318  [8]  0D 18 0D 18 0D 17 0D 16 
     306.953  0x317  [8]  0D 1B 0D 1B 0D 1B 0D 1A 
     306.963  0x316  [8]  0D 18 0D 18 0D 18 0D 18 
     306.973  0x315  [8]  0D 1A 0D 19 0D 19 0D 19 
     306.982  0x314  [8]  5B 2C 5B 40 00 05 05 3D 
        0x314  RM=233.40Ah  FCC=233.60Ah  dV=5mV  cycles=1341
     306.993  0x313  [8]  14 F0 00 00 00 EA 63 63 
        0x313  Vraw=5360  -> 53.60V if 0.01V  /  536.0V if 0.1V  |  I=+0.0A  T=23.4C  SOC=99%  SOH=99
     307.004  0x312  [8]  00 00 00 00 02 00 00 00 
        0x312  prot=00 00  warn=00 00  packs=2  mfr=??  cells=0
     307.016  0x311  [8]  02 38 08 24 08 24 01 61 
        0x311  CVL=56.8V  CCL=208.4A  DCL=208.4A  status=0x0161 (chg_en=1 dis_en=1 mode=1)
     307.223  0x301  [8]  0B 16 21 2C 37 42 4D 58 
        0x301  <-- KEEPALIVE FROM THE GROWATT INVERTER.
               This payload is undocumented. Write it down.
     307.723  0x301  [8]  0B 16 21 2C 37 42 4D 58 
        0x301  <-- KEEPALIVE FROM THE GROWATT INVERTER.
               This payload is undocumented. Write it down.
     307.881  0x330  [8]  02 09 02 06 0D 1B 0D 17 
     307.892  0x329  [8]  01 00 21 38 01 00 3E 9F 
     307.901  0x323  [8]  20 0E 10 00 00 00 00 00 
     307.902  0x324  [8]  01 39 35 32 32 30 36 32 
     307.915  0x322  [8]  01 00 00 D4 03 01 63 63 
     307.922  0x320  [8]  50 41 C3 85 85 00 00 00 
        0x320  mfr=PA  hw=195  sw=133
     307.931  0x319  [8]  C0 0D 1B 0D 17 19 16 00 
        0x319  chem=0  forceI=0 forceII=0  dis_en=0 chg_en=1  (byte0=0xC0)
     307.942  0x318  [8]  0D 18 0D 17 0D 17 0D 17 
     307.952  0x317  [8]  0D 1B 0D 1B 0D 1A 0D 1A 
     307.962  0x316  [8]  0D 19 0D 18 0D 18 0D 18 
     307.972  0x315  [8]  0D 1A 0D 1A 0D 19 0D 19 
     307.981  0x314  [8]  5B 2C 5B 40 00 04 05 3D 
        0x314  RM=233.40Ah  FCC=233.60Ah  dV=4mV  cycles=1341
     307.992  0x313  [8]  14 F0 00 03 00 EA 63 63 
        0x313  Vraw=5360  -> 53.60V if 0.01V  /  536.0V if 0.1V  |  I=+0.3A  T=23.4C  SOC=99%  SOH=99
     308.003  0x312  [8]  00 00 00 00 02 00 00 00 
        0x312  prot=00 00  warn=00 00  packs=2  mfr=??  cells=0
     308.015  0x311  [8]  02 38 08 24 08 24 01 61 
        0x311  CVL=56.8V  CCL=208.4A  DCL=208.4A  status=0x0161 (chg_en=1 dis_en=1 mode=1)
     308.223  0x301  [8]  0B 16 21 2C 37 42 4D 58 
        0x301  <-- KEEPALIVE FROM THE GROWATT INVERTER.
               This payload is undocumented. Write it down.
     308.723  0x301  [8]  0B 16 21 2C 37 42 4D 58 
        0x301  <-- KEEPALIVE FROM THE GROWATT INVERTER.
               This payload is undocumented. Write it down.
     308.880  0x330  [8]  02 01 02 07 0D 1B 0D 17 
     308.891  0x329  [8]  02 00 18 CB 02 00 3F 3B 
     308.900  0x323  [8]  20 0E 10 00 00 00 00 00 
     308.901  0x324  [8]  02 42 42 37 00 00 00 00 
     308.914  0x322  [8]  01 00 00 D4 03 01 63 63 
     308.921  0x320  [8]  50 41 C3 85 85 00 00 00 
        0x320  mfr=PA  hw=195  sw=133
     308.930  0x319  [8]  C0 0D 1B 0D 17 11 17 00 
        0x319  chem=0  forceI=0 forceII=0  dis_en=0 chg_en=1  (byte0=0xC0)
     308.941  0x318  [8]  0D 18 0D 18 0D 17 0D 17 
     308.951  0x317  [8]  0D 1B 0D 1B 0D 1B 0D 1B 
     308.961  0x316  [8]  0D 19 0D 18 0D 18 0D 18 
     308.971  0x315  [8]  0D 1A 0D 19 0D 19 0D 19 
     308.981  0x314  [8]  5B 2C 5B 40 00 04 05 3D 
        0x314  RM=233.40Ah  FCC=233.60Ah  dV=4mV  cycles=1341
     308.991  0x313  [8]  14 F0 00 08 00 EA 63 63 
        0x313  Vraw=5360  -> 53.60V if 0.01V  /  536.0V if 0.1V  |  I=+0.8A  T=23.4C  SOC=99%  SOH=99
     309.002  0x312  [8]  00 00 00 00 02 00 00 00 
        0x312  prot=00 00  warn=00 00  packs=2  mfr=??  cells=0
     309.014  0x311  [8]  02 38 08 24 08 24 01 61 
        0x311  CVL=56.8V  CCL=208.4A  DCL=208.4A  status=0x0161 (chg_en=1 dis_en=1 mode=1)
     309.223  0x301  [8]  0B 16 21 2C 37 42 4D 58 
        0x301  <-- KEEPALIVE FROM THE GROWATT INVERTER.
               This payload is undocumented. Write it down.
     309.723  0x301  [8]  0B 16 21 2C 37 42 4D 58 
        0x301  <-- KEEPALIVE FROM THE GROWATT INVERTER.
               This payload is undocumented. Write it down.
     309.879  0x330  [8]  02 01 02 07 0D 1B 0D 17 
     309.890  0x329  [8]  01 00 21 38 01 00 3E 9F 
     309.900  0x323  [8]  20 0E 10 00 00 00 00 00 
     309.900  0x324  [8]  00 01 47 50 4A 30 32 31 
     309.913  0x322  [8]  01 00 00 D4 03 01 63 63 
     309.920  0x320  [8]  50 41 C3 85 85 00 00 00 
        0x320  mfr=PA  hw=195  sw=133
     309.929  0x319  [8]  C0 0D 1B 0D 17 11 17 00 
        0x319  chem=0  forceI=0 forceII=0  dis_en=0 chg_en=1  (byte0=0xC0)
     309.940  0x318  [8]  0D 18 0D 18 0D 17 0D 17 
     309.950  0x317  [8]  0D 1B 0D 1B 0D 1B 0D 1B 
     309.960  0x316  [8]  0D 19 0D 19 0D 18 0D 18 
     309.970  0x315  [8]  0D 1A 0D 1A 0D 1A 0D 1A 
     309.980  0x314  [8]  5B 2C 5B 40 00 04 05 3D 
        0x314  RM=233.40Ah  FCC=233.60Ah  dV=4mV  cycles=1341
     309.991  0x313  [8]  14 F0 00 07 00 EA 63 63 
        0x313  Vraw=5360  -> 53.60V if 0.01V  /  536.0V if 0.1V  |  I=+0.7A  T=23.4C  SOC=99%  SOH=99
     310.002  0x312  [8]  00 00 00 00 02 00 00 00 
        0x312  prot=00 00  warn=00 00  packs=2  mfr=??  cells=0
     310.013  0x311  [8]  02 38 08 24 08 24 01 61 
        0x311  CVL=56.8V  CCL=208.4A  DCL=208.4A  status=0x0161 (chg_en=1 dis_en=1 mode=1)
     310.223  0x301  [8]  0B 16 21 2C 37 42 4D 58 
        0x301  <-- KEEPALIVE FROM THE GROWATT INVERTER.
               This payload is undocumented. Write it down.
     310.723  0x301  [8]  0B 16 21 2C 37 42 4D 58 
        0x301  <-- KEEPALIVE FROM THE GROWATT INVERTER.
               This payload is undocumented. Write it down.
     310.879  0x330  [8]  01 02 02 07 0D 1B 0D 17 
     310.889  0x329  [8]  02 00 18 CB 02 00 3F 3B 
     310.899  0x323  [8]  20 0E 10 00 00 00 00 00 
     310.899  0x324  [8]  01 39 35 32 32 30 36 32 
     310.913  0x322  [8]  01 00 00 D4 03 01 63 63 
     310.919  0x320  [8]  50 41 C3 85 85 00 00 00 
        0x320  mfr=PA  hw=195  sw=133
     310.928  0x319  [8]  C0 0D 1B 0D 17 02 17 00 
        0x319  chem=0  forceI=0 forceII=0  dis_en=0 chg_en=1  (byte0=0xC0)
     310.939  0x318  [8]  0D 18 0D 18 0D 17 0D 17 
     310.949  0x317  [8]  0D 1B 0D 1B 0D 1B 0D 1B 
     310.959  0x316  [8]  0D 19 0D 19 0D 19 0D 18 
     310.969  0x315  [8]  0D 1A 0D 1A 0D 1A 0D 19 
     310.979  0x314  [8]  5B 2C 5B 40 00 04 05 3D 
        0x314  RM=233.40Ah  FCC=233.60Ah  dV=4mV  cycles=1341
     310.990  0x313  [8]  14 F0 00 0A 00 EA 63 63 
        0x313  Vraw=5360  -> 53.60V if 0.01V  /  536.0V if 0.1V  |  I=+1.0A  T=23.4C  SOC=99%  SOH=99
     311.001  0x312  [8]  00 00 00 00 02 00 00 00 
        0x312  prot=00 00  warn=00 00  packs=2  mfr=??  cells=0
     311.013  0x311  [8]  02 38 08 24 08 24 01 61 
        0x311  CVL=56.8V  CCL=208.4A  DCL=208.4A  status=0x0161 (chg_en=1 dis_en=1 mode=1)
     311.223  0x301  [8]  0B 16 21 2C 37 42 4D 58 
        0x301  <-- KEEPALIVE FROM THE GROWATT INVERTER.
               This payload is undocumented. Write it down.
     311.723  0x301  [8]  0B 16 21 2C 37 42 4D 58 
        0x301  <-- KEEPALIVE FROM THE GROWATT INVERTER.
               This payload is undocumented. Write it down.
     311.878  0x330  [8]  01 02 02 04 0D 1B 0D 18 
     311.889  0x329  [8]  01 00 21 38 01 00 3E 9F 
     311.898  0x323  [8]  20 0E 10 00 00 00 00 00 
     311.898  0x324  [8]  02 43 30 37 00 00 00 00 
     311.912  0x322  [8]  01 00 00 D4 03 01 63 63 
     311.918  0x320  [8]  50 41 C3 85 85 00 00 00 
        0x320  mfr=PA  hw=195  sw=133
     311.928  0x319  [8]  C0 0D 1B 0D 18 02 14 00 
        0x319  chem=0  forceI=0 forceII=0  dis_en=0 chg_en=1  (byte0=0xC0)
     311.938  0x318  [8]  0D 18 0D 18 0D 18 0D 18 
     311.948  0x317  [8]  0D 1B 0D 1B 0D 1B 0D 1B 
     311.958  0x316  [8]  0D 19 0D 19 0D 19 0D 18 
     311.968  0x315  [8]  0D 1B 0D 1A 0D 1A 0D 1A 
     311.978  0x314  [8]  5B 2C 5B 40 00 03 05 3D 
        0x314  RM=233.40Ah  FCC=233.60Ah  dV=3mV  cycles=1341
     311.989  0x313  [8]  14 F0 00 0B 00 EA 63 63 
        0x313  Vraw=5360  -> 53.60V if 0.01V  /  536.0V if 0.1V  |  I=+1.1A  T=23.4C  SOC=99%  SOH=99
     312.000  0x312  [8]  00 00 00 00 02 00 00 00 
        0x312  prot=00 00  warn=00 00  packs=2  mfr=??  cells=0
     312.012  0x311  [8]  02 38 08 24 08 24 01 61 
        0x311  CVL=56.8V  CCL=208.4A  DCL=208.4A  status=0x0161 (chg_en=1 dis_en=1 mode=1)
     312.223  0x301  [8]  0B 16 21 2C 37 42 4D 58 
        0x301  <-- KEEPALIVE FROM THE GROWATT INVERTER.
               This payload is undocumented. Write it down.
     312.723  0x301  [8]  0B 16 21 2C 37 42 4D 58 
        0x301  <-- KEEPALIVE FROM THE GROWATT INVERTER.
               This payload is undocumented. Write it down.
     312.877  0x330  [8]  02 01 02 07 0D 1B 0D 17 
     312.888  0x329  [8]  02 00 18 CB 02 00 3F 3B 
     312.898  0x323  [8]  20 0E 10 00 00 00 00 00 
     312.898  0x324  [8]  00 02 47 50 4A 30 32 31 
     312.911  0x322  [8]  01 00 00 D4 03 01 63 63 
     312.918  0x320  [8]  50 41 C3 85 85 00 00 00 
        0x320  mfr=PA  hw=195  sw=133
     312.927  0x319  [8]  C0 0D 1B 0D 17 11 17 00 
        0x319  chem=0  forceI=0 forceII=0  dis_en=0 chg_en=1  (byte0=0xC0)
     312.938  0x318  [8]  0D 18 0D 18 0D 18 0D 17 
     312.948  0x317  [8]  0D 1B 0D 1B 0D 1B 0D 1B 
     312.958  0x316  [8]  0D 19 0D 19 0D 19 0D 19 
     312.968  0x315  [8]  0D 1B 0D 1A 0D 1A 0D 1A 
     312.977  0x314  [8]  5B 2C 5B 40 00 04 05 3D 
        0x314  RM=233.40Ah  FCC=233.60Ah  dV=4mV  cycles=1341
     312.988  0x313  [8]  14 F0 00 0A 00 EA 63 63 
        0x313  Vraw=5360  -> 53.60V if 0.01V  /  536.0V if 0.1V  |  I=+1.0A  T=23.4C  SOC=99%  SOH=99
     312.999  0x312  [8]  00 00 00 00 02 00 00 00 
        0x312  prot=00 00  warn=00 00  packs=2  mfr=??  cells=0
     313.011  0x311  [8]  02 38 08 24 08 24 01 62 
        0x311  CVL=56.8V  CCL=208.4A  DCL=208.4A  status=0x0162 (chg_en=1 dis_en=1 mode=2)
     313.223  0x301  [8]  0B 16 21 2C 37 42 4D 58 
        0x301  <-- KEEPALIVE FROM THE GROWATT INVERTER.
               This payload is undocumented. Write it down.
     313.722  0x301  [8]  0B 16 21 2C 37 42 4D 58 
        0x301  <-- KEEPALIVE FROM THE GROWATT INVERTER.
               This payload is undocumented. Write it down.
     313.876  0x330  [8]  02 09 02 07 0D 1C 0D 17 
     313.887  0x329  [8]  01 00 21 38 01 00 3E 9F 
     313.896  0x323  [8]  20 0E 10 00 00 00 00 00 
     313.897  0x324  [8]  01 39 35 32 32 30 36 32 
     313.910  0x322  [8]  01 00 00 D4 03 01 63 63 
     313.917  0x320  [8]  50 41 C3 85 85 00 00 00 
        0x320  mfr=PA  hw=195  sw=133
     313.926  0x319  [8]  C0 0D 1C 0D 17 19 17 00 
        0x319  chem=0  forceI=0 forceII=0  dis_en=0 chg_en=1  (byte0=0xC0)
     313.937  0x318  [8]  0D 18 0D 18 0D 18 0D 17 
     313.947  0x317  [8]  0D 1C 0D 1B 0D 1B 0D 1B 
     313.957  0x316  [8]  0D 19 0D 19 0D 19 0D 19 
     313.967  0x315  [8]  0D 1B 0D 1A 0D 1A 0D 1A 
     313.976  0x314  [8]  5B 2C 5B 40 00 05 05 3D 
        0x314  RM=233.40Ah  FCC=233.60Ah  dV=5mV  cycles=1341
     313.987  0x313  [8]  14 F0 00 0B 00 EA 63 63 
        0x313  Vraw=5360  -> 53.60V if 0.01V  /  536.0V if 0.1V  |  I=+1.1A  T=23.4C  SOC=99%  SOH=99
     313.998  0x312  [8]  00 00 00 00 02 00 00 00 
        0x312  prot=00 00  warn=00 00  packs=2  mfr=??  cells=0
     314.010  0x311  [8]  02 38 08 24 08 24 01 62 
        0x311  CVL=56.8V  CCL=208.4A  DCL=208.4A  status=0x0162 (chg_en=1 dis_en=1 mode=2)
     314.223  0x301  [8]  0B 16 21 2C 37 42 4D 58 
        0x301  <-- KEEPALIVE FROM THE GROWATT INVERTER.
               This payload is undocumented. Write it down.
     314.722  0x301  [8]  0B 16 21 2C 37 42 4D 58 
        0x301  <-- KEEPALIVE FROM THE GROWATT INVERTER.
               This payload is undocumented. Write it down.
     314.875  0x330  [8]  01 01 02 05 0D 1B 0D 18 
     314.886  0x329  [8]  02 00 18 CB 02 00 3F 3B 
     314.895  0x323  [8]  20 0E 10 00 00 00 00 00 
     314.896  0x324  [8]  02 42 42 37 00 00 00 00 
     314.909  0x322  [8]  01 00 00 D4 03 01 63 63 
     314.916  0x320  [8]  50 41 C3 85 85 00 00 00 
        0x320  mfr=PA  hw=195  sw=133
     314.925  0x319  [8]  C0 0D 1B 0D 18 01 15 00 
        0x319  chem=0  forceI=0 forceII=0  dis_en=0 chg_en=1  (byte0=0xC0)
     314.936  0x318  [8]  0D 18 0D 18 0D 18 0D 18 
     314.946  0x317  [8]  0D 1B 0D 1B 0D 1B 0D 1B 
     314.956  0x316  [8]  0D 19 0D 19 0D 19 0D 19 
     314.966  0x315  [8]  0D 1B 0D 1A 0D 1A 0D 1A 
     314.976  0x314  [8]  5B 2C 5B 40 00 03 05 3D 
        0x314  RM=233.40Ah  FCC=233.60Ah  dV=3mV  cycles=1341
     314.986  0x313  [8]  14 F0 00 0C 00 EA 63 63 
        0x313  Vraw=5360  -> 53.60V if 0.01V  /  536.0V if 0.1V  |  I=+1.2A  T=23.4C  SOC=99%  SOH=99
     314.997  0x312  [8]  00 00 00 00 02 00 00 00 
        0x312  prot=00 00  warn=00 00  packs=2  mfr=??  cells=0
     315.009  0x311  [8]  02 38 08 24 08 24 01 62 
        0x311  CVL=56.8V  CCL=208.4A  DCL=208.4A  status=0x0162 (chg_en=1 dis_en=1 mode=2)
     315.222  0x301  [8]  0B 16 21 2C 37 42 4D 58 
        0x301  <-- KEEPALIVE FROM THE GROWATT INVERTER.
               This payload is undocumented. Write it down.
     315.723  0x301  [8]  0B 16 21 2C 37 42 4D 58 
        0x301  <-- KEEPALIVE FROM THE GROWATT INVERTER.
               This payload is undocumented. Write it down.
     315.874  0x330  [8]  02 01 02 06 0D 1C 0D 18 
     315.885  0x329  [8]  01 00 21 38 01 00 3E 9F 
     315.895  0x323  [8]  20 0E 10 00 00 00 00 00 
     315.895  0x324  [8]  00 01 47 50 4A 30 32 31 
     315.908  0x322  [8]  01 00 00 D4 03 01 63 63 
     315.915  0x320  [8]  50 41 C3 85 85 00 00 00 
        0x320  mfr=PA  hw=195  sw=133
     315.924  0x319  [8]  C0 0D 1C 0D 18 11 16 00 
        0x319  chem=0  forceI=0 forceII=0  dis_en=0 chg_en=1  (byte0=0xC0)
     315.935  0x318  [8]  0D 19 0D 18 0D 18 0D 18 
     315.945  0x317  [8]  0D 1C 0D 1C 0D 1B 0D 1B 
     315.955  0x316  [8]  0D 19 0D 19 0D 19 0D 19 
     315.965  0x315  [8]  0D 1B 0D 1A 0D 1A 0D 1A 
     315.975  0x314  [8]  5B 2C 5B 40 00 04 05 3D 
        0x314  RM=233.40Ah  FCC=233.60Ah  dV=4mV  cycles=1341
     315.986  0x313  [8]  14 F0 00 0A 00 EA 63 63 
        0x313  Vraw=5360  -> 53.60V if 0.01V  /  536.0V if 0.1V  |  I=+1.0A  T=23.4C  SOC=99%  SOH=99
     315.997  0x312  [8]  00 00 00 00 02 00 00 00 
        0x312  prot=00 00  warn=00 00  packs=2  mfr=??  cells=0
     316.008  0x311  [8]  02 38 08 24 08 24 01 62 
        0x311  CVL=56.8V  CCL=208.4A  DCL=208.4A  status=0x0162 (chg_en=1 dis_en=1 mode=2)
     316.222  0x301  [8]  0B 16 21 2C 37 42 4D 58 
        0x301  <-- KEEPALIVE FROM THE GROWATT INVERTER.
               This payload is undocumented. Write it down.
     316.723  0x301  [8]  0B 16 21 2C 37 42 4D 58 
        0x301  <-- KEEPALIVE FROM THE GROWATT INVERTER.
               This payload is undocumented. Write it down.
     316.874  0x330  [8]  02 09 02 04 0D 1C 0D 18 
     316.884  0x329  [8]  02 00 18 CB 02 00 3F 3B 
     316.894  0x323  [8]  20 0E 10 00 00 00 00 00 
     316.894  0x324  [8]  01 39 35 32 32 30 36 32 
     316.908  0x322  [8]  01 00 00 D4 03 01 63 63 
     316.914  0x320  [8]  50 41 C3 85 85 00 00 00 
        0x320  mfr=PA  hw=195  sw=133
     316.923  0x319  [8]  C0 0D 1C 0D 18 19 14 00 
        0x319  chem=0  forceI=0 forceII=0  dis_en=0 chg_en=1  (byte0=0xC0)
     316.934  0x318  [8]  0D 18 0D 18 0D 18 0D 18 
     316.944  0x317  [8]  0D 1C 0D 1B 0D 1B 0D 1B 
     316.954  0x316  [8]  0D 19 0D 19 0D 19 0D 19 
     316.964  0x315  [8]  0D 1B 0D 1A 0D 1A 0D 1A 
     316.974  0x314  [8]  5B 2C 5B 40 00 04 05 3D 
        0x314  RM=233.40Ah  FCC=233.60Ah  dV=4mV  cycles=1341
     316.985  0x313  [8]  14 F0 00 0C 00 EA 63 63 
        0x313  Vraw=5360  -> 53.60V if 0.01V  /  536.0V if 0.1V  |  I=+1.2A  T=23.4C  SOC=99%  SOH=99
     316.996  0x312  [8]  00 00 00 00 02 00 00 00 
        0x312  prot=00 00  warn=00 00  packs=2  mfr=??  cells=0
     317.008  0x311  [8]  02 38 08 24 08 24 01 62 
        0x311  CVL=56.8V  CCL=208.4A  DCL=208.4A  status=0x0162 (chg_en=1 dis_en=1 mode=2)
     317.222  0x301  [8]  0B 16 21 2C 37 42 4D 58 
        0x301  <-- KEEPALIVE FROM THE GROWATT INVERTER.
               This payload is undocumented. Write it down.

======================================================================
  10810 frames, 317 s elapsed
  ID     count   period(ms)  DLC  last payload             changing
  ----------------------------------------------------------------------
  0x301     517    613 (499-58847)  8   0B 16 21 2C 37 42 4D 58  ........
  0x330     509    621 (0-2958)  8   02 09 02 04 0D 1C 0D 18  ****.*.*
  0x329     855    369 (0-1740)  8   02 00 18 CB 02 00 3F 3B  *.***.**
  0x323     599    527 (0-1892)  8   20 0E 10 00 00 00 00 00  ........
  0x324     655    482 (0-1881)  8   01 39 35 32 32 30 36 32  ********
  0x322     846    373 (0-2522)  8   01 00 00 D4 03 01 63 63  ........
  0x320     606    521 (0-2440)  8   50 41 C3 85 85 00 00 00  ........
  0x319     565    559 (10-2346)  8   C0 0D 1C 0D 18 19 14 00  ..*.***.
  0x318     525    602 (0-2976)  8   0D 18 0D 18 0D 18 0D 18  .*.*.*.*
  0x317     483    655 (0-2957)  8   0D 1C 0D 1B 0D 1B 0D 1B  .*.*.*.*
  0x316     501    631 (0-2955)  8   0D 19 0D 19 0D 19 0D 19  .*.*.*.*
  0x315     857    368 (0-2143)  8   0D 1B 0D 1A 0D 1A 0D 1A  .*.*.*.*
  0x314     873    362 (0-1942)  8   5B 2C 5B 40 00 04 05 3D  .....*..
  0x313     695    454 (11-1634)  8   14 F0 00 0C 00 EA 63 63  ****....
  0x312     540    585 (0-1698)  8   00 00 00 00 02 00 00 00  ........
  0x311    1184    266 (11-2465)  8   02 38 08 24 08 24 01 62  .......*
  ----------------------------------------------------------------------
  Auto-scaled pack voltage: 53.60 V  (SOC 99%)
  Cross-check this against the Growatt app before trusting it.
======================================================================

     317.722  0x301  [8]  0B 16 21 2C 37 42 4D 58 
        0x301  <-- KEEPALIVE FROM THE GROWATT INVERTER.
               This payload is undocumented. Write it down.
     317.873  0x330  [8]  01 02 02 06 0D 1B 0D 18 
     317.884  0x329  [8]  01 00 21 38 01 00 3E 9F 
     317.893  0x323  [8]  20 0E 10 00 00 00 00 00 
     317.893  0x324  [8]  02 43 30 37 00 00 00 00 
     317.907  0x322  [8]  01 00 00 D4 03 01 63 63 
     317.913  0x320  [8]  50 41 C3 85 85 00 00 00 
        0x320  mfr=PA  hw=195  sw=133
     317.923  0x319  [8]  C0 0D 1B 0D 18 02 16 00 
        0x319  chem=0  forceI=0 forceII=0  dis_en=0 chg_en=1  (byte0=0xC0)
     317.933  0x318  [8]  0D 19 0D 18 0D 18 0D 18 
     317.943  0x317  [8]  0D 1B 0D 1B 0D 1B 0D 1B 
     317.953  0x316  [8]  0D 19 0D 19 0D 19 0D 19 
     317.963  0x315  [8]  0D 1B 0D 1B 0D 1A 0D 1A 
     317.973  0x314  [8]  5B 2C 5B 40 00 03 05 3D 
        0x314  RM=233.40Ah  FCC=233.60Ah  dV=3mV  cycles=1341
     317.984  0x313  [8]  14 F0 00 0E 00 EA 63 63 
        0x313  Vraw=5360  -> 53.60V if 0.01V  /  536.0V if 0.1V  |  I=+1.4A  T=23.4C  SOC=99%  SOH=99
     317.995  0x312  [8]  00 00 00 00 02 00 00 00 
        0x312  prot=00 00  warn=00 00  packs=2  mfr=??  cells=0
     318.007  0x311  [8]  02 38 08 24 08 24 01 62 
        0x311  CVL=56.8V  CCL=208.4A  DCL=208.4A  status=0x0162 (chg_en=1 dis_en=1 mode=2)
     318.222  0x301  [8]  0B 16 21 2C 37 42 4D 58 
        0x301  <-- KEEPALIVE FROM THE GROWATT INVERTER.
               This payload is undocumented. Write it down.
     318.723  0x301  [8]  0B 16 21 2C 37 42 4D 58 
        0x301  <-- KEEPALIVE FROM THE GROWATT INVERTER.
               This payload is undocumented. Write it down.
     318.872  0x330  [8]  02 01 02 07 0D 1C 0D 18 
     318.883  0x329  [8]  02 00 18 CB 02 00 3F 3B 
     318.893  0x323  [8]  20 0E 10 00 00 00 00 00 
     318.893  0x324  [8]  00 02 47 50 4A 30 32 31 
     318.906  0x322  [8]  01 00 00 D4 03 01 63 63 
     318.913  0x320  [8]  50 41 C3 85 85 00 00 00 
        0x320  mfr=PA  hw=195  sw=133
     318.922  0x319  [8]  C0 0D 1C 0D 18 11 17 00 
        0x319  chem=0  forceI=0 forceII=0  dis_en=0 chg_en=1  (byte0=0xC0)
     318.933  0x318  [8]  0D 19 0D 19 0D 18 0D 18 
     318.943  0x317  [8]  0D 1C 0D 1C 0D 1C 0D 1C 
     318.953  0x316  [8]  0D 19 0D 19 0D 19 0D 19 
     318.963  0x315  [8]  0D 1B 0D 1B 0D 1A 0D 1A 
     318.972  0x314  [8]  5B 2C 5B 40 00 04 05 3D 
        0x314  RM=233.40Ah  FCC=233.60Ah  dV=4mV  cycles=1341
     318.983  0x313  [8]  14 F0 00 0F 00 EA 63 63 
        0x313  Vraw=5360  -> 53.60V if 0.01V  /  536.0V if 0.1V  |  I=+1.5A  T=23.4C  SOC=99%  SOH=99
     318.994  0x312  [8]  00 00 00 00 02 00 00 00 
        0x312  prot=00 00  warn=00 00  packs=2  mfr=??  cells=0
     319.006  0x311  [8]  02 38 08 24 08 24 01 62 
        0x311  CVL=56.8V  CCL=208.4A  DCL=208.4A  status=0x0162 (chg_en=1 dis_en=1 mode=2)
     319.222  0x301  [8]  0B 16 21 2C 37 42 4D 58 
        0x301  <-- KEEPALIVE FROM THE GROWATT INVERTER.
               This payload is undocumented. Write it down.
     319.723  0x301  [8]  0B 16 21 2C 37 42 4D 58 
        0x301  <-- KEEPALIVE FROM THE GROWATT INVERTER.
               This payload is undocumented. Write it down.
     319.871  0x330  [8]  02 01 02 08 0D 1C 0D 18 
     319.882  0x329  [8]  01 00 21 38 01 00 3E 9F 
     319.891  0x323  [8]  20 0E 10 00 00 00 00 00 
     319.892  0x324  [8]  01 39 35 32 32 30 36 32 
     319.905  0x322  [8]  01 00 00 D4 03 01 63 63 
     319.912  0x320  [8]  50 41 C3 85 85 00 00 00 
        0x320  mfr=PA  hw=195  sw=133
     319.921  0x319  [8]  C0 0D 1C 0D 18 11 18 00 
        0x319  chem=0  forceI=0 forceII=0  dis_en=0 chg_en=1  (byte0=0xC0)
     319.932  0x318  [8]  0D 19 0D 19 0D 19 0D 18 
     319.942  0x317  [8]  0D 1C 0D 1C 0D 1C 0D 1C 
     319.952  0x316  [8]  0D 1A 0D 1A 0D 19 0D 19 
     319.962  0x315  [8]  0D 1B 0D 1B 0D 1A 0D 1A 
     319.971  0x314  [8]  5B 2C 5B 40 00 04 05 3D 
        0x314  RM=233.40Ah  FCC=233.60Ah  dV=4mV  cycles=1341
     319.982  0x313  [8]  14 F0 00 10 00 EA 63 63 
        0x313  Vraw=5360  -> 53.60V if 0.01V  /  536.0V if 0.1V  |  I=+1.6A  T=23.4C  SOC=99%  SOH=99
     319.993  0x312  [8]  00 00 00 00 02 00 00 00 
        0x312  prot=00 00  warn=00 00  packs=2  mfr=??  cells=0
     320.005  0x311  [8]  02 38 08 24 08 24 01 62 
        0x311  CVL=56.8V  CCL=208.4A  DCL=208.4A  status=0x0162 (chg_en=1 dis_en=1 mode=2)
     320.222  0x301  [8]  0B 16 21 2C 37 42 4D 58 
        0x301  <-- KEEPALIVE FROM THE GROWATT INVERTER.
               This payload is undocumented. Write it down.
     320.722  0x301  [8]  0B 16 21 2C 37 42 4D 58 
        0x301  <-- KEEPALIVE FROM THE GROWATT INVERTER.
               This payload is undocumented. Write it down.
     320.870  0x330  [8]  02 01 02 06 0D 1C 0D 18 
     320.881  0x329  [8]  02 00 18 CB 02 00 3F 3B 
     320.890  0x323  [8]  20 0E 10 00 00 00 00 00 
     320.891  0x324  [8]  02 42 42 37 00 00 00 00 
     320.904  0x322  [8]  01 00 00 D4 03 01 63 63 
     320.911  0x320  [8]  50 41 C3 85 85 00 00 00 
        0x320  mfr=PA  hw=195  sw=133
     320.920  0x319  [8]  C0 0D 1C 0D 18 11 16 00 
        0x319  chem=0  forceI=0 forceII=0  dis_en=0 chg_en=1  (byte0=0xC0)
     320.931  0x318  [8]  0D 19 0D 19 0D 18 0D 18 
     320.941  0x317  [8]  0D 1C 0D 1C 0D 1C 0D 1C 
     320.951  0x316  [8]  0D 1A 0D 1A 0D 1A 0D 19 
     320.961  0x315  [8]  0D 1B 0D 1B 0D 1B 0D 1B 
     320.971  0x314  [8]  5B 2C 5B 40 00 04 05 3D 
        0x314  RM=233.40Ah  FCC=233.60Ah  dV=4mV  cycles=1341
     320.981  0x313  [8]  14 F0 00 12 00 EA 63 63 
        0x313  Vraw=5360  -> 53.60V if 0.01V  /  536.0V if 0.1V  |  I=+1.8A  T=23.4C  SOC=99%  SOH=99
     320.992  0x312  [8]  00 00 00 00 02 00 00 00 
        0x312  prot=00 00  warn=00 00  packs=2  mfr=??  cells=0
     321.004  0x311  [8]  02 38 08 24 08 24 01 62 
        0x311  CVL=56.8V  CCL=208.4A  DCL=208.4A  status=0x0162 (chg_en=1 dis_en=1 mode=2)
     321.222  0x301  [8]  0B 16 21 2C 37 42 4D 58 
        0x301  <-- KEEPALIVE FROM THE GROWATT INVERTER.
               This payload is undocumented. Write it down.
     321.722  0x301  [8]  0B 16 21 2C 37 42 4D 58 
        0x301  <-- KEEPALIVE FROM THE GROWATT INVERTER.
               This payload is undocumented. Write it down.
     321.869  0x330  [8]  01 02 02 08 0D 1C 0D 18 
     321.880  0x329  [8]  01 00 21 38 01 00 3E 9F 
     321.890  0x323  [8]  20 0E 10 00 00 00 00 00 
     321.890  0x324  [8]  00 01 47 50 4A 30 32 31 
     321.903  0x322  [8]  01 00 00 D4 03 01 63 63 
     321.910  0x320  [8]  50 41 C3 85 85 00 00 00 
        0x320  mfr=PA  hw=195  sw=133
     321.919  0x319  [8]  C0 0D 1C 0D 18 02 18 00 
        0x319  chem=0  forceI=0 forceII=0  dis_en=0 chg_en=1  (byte0=0xC0)
     321.930  0x318  [8]  0D 19 0D 19 0D 19 0D 18 
     321.940  0x317  [8]  0D 1C 0D 1C 0D 1C 0D 1C 
     321.950  0x316  [8]  0D 1A 0D 1A 0D 1A 0D 19 
     321.960  0x315  [8]  0D 1B 0D 1B 0D 1B 0D 1B 
     321.970  0x314  [8]  5B 2C 5B 40 00 04 05 3D 
        0x314  RM=233.40Ah  FCC=233.60Ah  dV=4mV  cycles=1341
     321.981  0x313  [8]  14 F0 00 15 00 EA 63 63 
        0x313  Vraw=5360  -> 53.60V if 0.01V  /  536.0V if 0.1V  |  I=+2.1A  T=23.4C  SOC=99%  SOH=99
     321.992  0x312  [8]  00 00 00 00 02 00 00 00 
        0x312  prot=00 00  warn=00 00  packs=2  mfr=??  cells=0
     322.003  0x311  [8]  02 38 08 24 08 24 01 62 
        0x311  CVL=56.8V  CCL=208.4A  DCL=208.4A  status=0x0162 (chg_en=1 dis_en=1 mode=2)
     322.222  0x301  [8]  0B 16 21 2C 37 42 4D 58 
        0x301  <-- KEEPALIVE FROM THE GROWATT INVERTER.
               This payload is undocumented. Write it down.
     322.722  0x301  [8]  0B 16 21 2C 37 42 4D 58 
        0x301  <-- KEEPALIVE FROM THE GROWATT INVERTER.
               This payload is undocumented. Write it down.
     322.868  0x330  [8]  02 09 02 08 0D 1D 0D 18 
     322.879  0x329  [8]  02 00 18 CB 02 00 3F 3B 
     322.889  0x323  [8]  20 0E 10 00 00 00 00 00 
     322.889  0x324  [8]  01 39 35 32 32 30 36 32 
     322.903  0x322  [8]  01 00 00 D4 03 01 63 63 
     322.909  0x320  [8]  50 41 C3 85 85 00 00 00 
        0x320  mfr=PA  hw=195  sw=133
     322.918  0x319  [8]  C0 0D 1D 0D 18 19 18 00 
        0x319  chem=0  forceI=0 forceII=0  dis_en=0 chg_en=1  (byte0=0xC0)
     322.929  0x318  [8]  0D 19 0D 19 0D 19 0D 18 
     322.939  0x317  [8]  0D 1D 0D 1C 0D 1C 0D 1C 
     322.949  0x316  [8]  0D 1A 0D 1A 0D 1A 0D 1A 
     322.959  0x315  [8]  0D 1B 0D 1B 0D 1B 0D 1B 
     322.969  0x314  [8]  5B 2C 5B 40 00 05 05 3D 
        0x314  RM=233.40Ah  FCC=233.60Ah  dV=5mV  cycles=1341
     322.980  0x313  [8]  14 F0 00 17 00 EA 63 63 
        0x313  Vraw=5360  -> 53.60V if 0.01V  /  536.0V if 0.1V  |  I=+2.3A  T=23.4C  SOC=99%  SOH=99
     322.991  0x312  [8]  00 00 00 00 02 00 00 00 
        0x312  prot=00 00  warn=00 00  packs=2  mfr=??  cells=0
     323.003  0x311  [8]  02 38 08 24 08 24 01 62 
        0x311  CVL=56.8V  CCL=208.4A  DCL=208.4A  status=0x0162 (chg_en=1 dis_en=1 mode=2)
     323.222  0x301  [8]  0B 16 21 2C 37 42 4D 58 
        0x301  <-- KEEPALIVE FROM THE GROWATT INVERTER.
               This payload is undocumented. Write it down.
     323.722  0x301  [8]  0B 16 21 2C 37 42 4D 58 
        0x301  <-- KEEPALIVE FROM THE GROWATT INVERTER.
               This payload is undocumented. Write it down.
     323.868  0x330  [8]  02 01 02 05 0D 1D 0D 19 
     323.879  0x329  [8]  01 00 21 38 01 00 3E 9F 
     323.888  0x323  [8]  20 0E 10 00 00 00 00 00 
     323.888  0x324  [8]  02 43 30 37 00 00 00 00 
     323.902  0x322  [8]  01 00 00 D4 03 01 63 63 
     323.908  0x320  [8]  50 41 C3 85 85 00 00 00 
        0x320  mfr=PA  hw=195  sw=133
     323.918  0x319  [8]  C0 0D 1D 0D 19 11 15 00 
        0x319  chem=0  forceI=0 forceII=0  dis_en=0 chg_en=1  (byte0=0xC0)
     323.928  0x318  [8]  0D 19 0D 19 0D 19 0D 19 
     323.938  0x317  [8]  0D 1D 0D 1D 0D 1C 0D 1C 
     323.948  0x316  [8]  0D 1A 0D 1A 0D 1A 0D 1A 
     323.958  0x315  [8]  0D 1C 0D 1C 0D 1B 0D 1B 
     323.968  0x314  [8]  5B 2C 5B 40 00 04 05 3D 
        0x314  RM=233.40Ah  FCC=233.60Ah  dV=4mV  cycles=1341
     323.979  0x313  [8]  14 F0 00 1B 00 EA 63 63 
        0x313  Vraw=5360  -> 53.60V if 0.01V  /  536.0V if 0.1V  |  I=+2.7A  T=23.4C  SOC=99%  SOH=99
     323.990  0x312  [8]  00 00 00 00 02 00 00 00 
        0x312  prot=00 00  warn=00 00  packs=2  mfr=??  cells=0
     324.002  0x311  [8]  02 38 08 24 08 24 01 62 
        0x311  CVL=56.8V  CCL=208.4A  DCL=208.4A  status=0x0162 (chg_en=1 dis_en=1 mode=2)
     324.222  0x301  [8]  0B 16 21 2C 37 42 4D 58 
        0x301  <-- KEEPALIVE FROM THE GROWATT INVERTER.
               This payload is undocumented. Write it down.
     324.722  0x301  [8]  0B 16 21 2C 37 42 4D 58 
        0x301  <-- KEEPALIVE FROM THE GROWATT INVERTER.
               This payload is undocumented. Write it down.
     324.867  0x330  [8]  02 01 02 04 0D 1D 0D 19 
     324.878  0x329  [8]  02 00 18 CB 02 00 3F 3B 
     324.888  0x323  [8]  20 0E 10 00 00 00 00 00 
     324.888  0x324  [8]  00 02 47 50 4A 30 32 31 
     324.901  0x322  [8]  01 00 00 D4 03 01 63 63 
     324.908  0x320  [8]  50 41 C3 85 85 00 00 00 
        0x320  mfr=PA  hw=195  sw=133
     324.917  0x319  [8]  C0 0D 1D 0D 19 11 14 00 
        0x319  chem=0  forceI=0 forceII=0  dis_en=0 chg_en=1  (byte0=0xC0)
     324.928  0x318  [8]  0D 19 0D 19 0D 19 0D 19 
     324.938  0x317  [8]  0D 1D 0D 1D 0D 1D 0D 1C 
     324.948  0x316  [8]  0D 1B 0D 1B 0D 1A 0D 1A 
     324.958  0x315  [8]  0D 1C 0D 1C 0D 1B 0D 1B 
     324.967  0x314  [8]  5B 2C 5B 40 00 04 05 3D 
        0x314  RM=233.40Ah  FCC=233.60Ah  dV=4mV  cycles=1341
     324.978  0x313  [8]  14 F0 00 1E 00 EA 63 63 
        0x313  Vraw=5360  -> 53.60V if 0.01V  /  536.0V if 0.1V  |  I=+3.0A  T=23.4C  SOC=99%  SOH=99
     324.989  0x312  [8]  00 00 00 00 02 00 00 00 
        0x312  prot=00 00  warn=00 00  packs=2  mfr=??  cells=0
     325.001  0x311  [8]  02 38 08 24 08 24 01 62 
        0x311  CVL=56.8V  CCL=208.4A  DCL=208.4A  status=0x0162 (chg_en=1 dis_en=1 mode=2)
     325.222  0x301  [8]  0B 16 21 2C 37 42 4D 58 
        0x301  <-- KEEPALIVE FROM THE GROWATT INVERTER.
               This payload is undocumented. Write it down.
     325.722  0x301  [8]  0B 16 21 2C 37 42 4D 58 
        0x301  <-- KEEPALIVE FROM THE GROWATT INVERTER.
               This payload is undocumented. Write it down.
     325.866  0x330  [8]  02 01 02 06 0D 1D 0D 19 
     325.877  0x329  [8]  01 00 21 38 01 00 3E 9F 
     325.886  0x323  [8]  20 0E 10 00 00 00 00 00 
     325.887  0x324  [8]  01 39 35 32 32 30 36 32 
     325.900  0x322  [8]  01 00 00 D4 03 01 63 63 
     325.907  0x320  [8]  50 41 C3 85 85 00 00 00 
        0x320  mfr=PA  hw=195  sw=133
     325.916  0x319  [8]  C0 0D 1D 0D 19 11 16 00 
        0x319  chem=0  forceI=0 forceII=0  dis_en=0 chg_en=1  (byte0=0xC0)
     325.927  0x318  [8]  0D 1A 0D 19 0D 19 0D 19 
     325.937  0x317  [8]  0D 1D 0D 1D 0D 1D 0D 1D 
     325.947  0x316  [8]  0D 1B 0D 1A 0D 1A 0D 1A 
     325.957  0x315  [8]  0D 1C 0D 1C 0D 1C 0D 1B 
     325.966  0x314  [8]  5B 2C 5B 40 00 04 05 3D 
        0x314  RM=233.40Ah  FCC=233.60Ah  dV=4mV  cycles=1341
     325.977  0x313  [8]  14 F0 00 1F 00 EA 63 63 
        0x313  Vraw=5360  -> 53.60V if 0.01V  /  536.0V if 0.1V  |  I=+3.1A  T=23.4C  SOC=99%  SOH=99
     325.988  0x312  [8]  00 00 00 00 02 00 00 00 
        0x312  prot=00 00  warn=00 00  packs=2  mfr=??  cells=0
     326.000  0x311  [8]  02 38 08 24 08 24 01 62 
        0x311  CVL=56.8V  CCL=208.4A  DCL=208.4A  status=0x0162 (chg_en=1 dis_en=1 mode=2)
     326.222  0x301  [8]  0B 16 21 2C 37 42 4D 58 
        0x301  <-- KEEPALIVE FROM THE GROWATT INVERTER.
               This payload is undocumented. Write it down.
     326.721  0x301  [8]  0B 16 21 2C 37 42 4D 58 
        0x301  <-- KEEPALIVE FROM THE GROWATT INVERTER.
               This payload is undocumented. Write it down.
     326.865  0x330  [8]  02 01 02 06 0D 1D 0D 19 
     326.876  0x329  [8]  02 00 18 CB 02 00 3F 3B 
     326.885  0x323  [8]  20 0E 10 00 00 00 00 00 
     326.886  0x324  [8]  02 42 42 37 00 00 00 00 
     326.899  0x322  [8]  01 00 00 D4 03 01 63 63 
     326.906  0x320  [8]  50 41 C3 85 85 00 00 00 
        0x320  mfr=PA  hw=195  sw=133
     326.915  0x319  [8]  C0 0D 1D 0D 19 11 16 00 
        0x319  chem=0  forceI=0 forceII=0  dis_en=0 chg_en=1  (byte0=0xC0)
     326.926  0x318  [8]  0D 1A 0D 19 0D 19 0D 19 
     326.936  0x317  [8]  0D 1D 0D 1D 0D 1D 0D 1D 
     326.946  0x316  [8]  0D 1B 0D 1B 0D 1B 0D 1A 
     326.956  0x315  [8]  0D 1C 0D 1C 0D 1C 0D 1C 
     326.966  0x314  [8]  5B 2C 5B 40 00 04 05 3D 
        0x314  RM=233.40Ah  FCC=233.60Ah  dV=4mV  cycles=1341
     326.976  0x313  [8]  14 F0 00 22 00 EA 63 63 
        0x313  Vraw=5360  -> 53.60V if 0.01V  /  536.0V if 0.1V  |  I=+3.4A  T=23.4C  SOC=99%  SOH=99
     326.987  0x312  [8]  00 00 00 00 02 00 00 00 
        0x312  prot=00 00  warn=00 00  packs=2  mfr=??  cells=0
     326.999  0x311  [8]  02 38 08 24 08 24 01 62 
        0x311  CVL=56.8V  CCL=208.4A  DCL=208.4A  status=0x0162 (chg_en=1 dis_en=1 mode=2)
     327.222  0x301  [8]  0B 16 21 2C 37 42 4D 58 
        0x301  <-- KEEPALIVE FROM THE GROWATT INVERTER.
               This payload is undocumented. Write it down.
     327.721  0x301  [8]  0B 16 21 2C 37 42 4D 58 
        0x301  <-- KEEPALIVE FROM THE GROWATT INVERTER.
               This payload is undocumented. Write it down.
     327.864  0x330  [8]  02 01 02 07 0D 1E 0D 19 
     327.875  0x329  [8]  01 00 21 38 01 00 3E 9F 
     327.885  0x323  [8]  20 0E 10 00 00 00 00 00 
     327.885  0x324  [8]  00 01 47 50 4A 30 32 31 
     327.898  0x322  [8]  01 00 00 D4 03 01 63 63 
     327.905  0x320  [8]  50 41 C3 85 85 00 00 00 
        0x320  mfr=PA  hw=195  sw=133
     327.914  0x319  [8]  C0 0D 1E 0D 19 11 17 00 
        0x319  chem=0  forceI=0 forceII=0  dis_en=0 chg_en=1  (byte0=0xC0)
     327.925  0x318  [8]  0D 1A 0D 1A 0D 19 0D 19 
     327.935  0x317  [8]  0D 1E 0D 1D 0D 1D 0D 1D 
     327.945  0x316  [8]  0D 1B 0D 1B 0D 1B 0D 1B 
     327.955  0x315  [8]  0D 1D 0D 1C 0D 1C 0D 1C 
     327.965  0x314  [8]  5B 2C 5B 40 00 05 05 3D 
        0x314  RM=233.40Ah  FCC=233.60Ah  dV=5mV  cycles=1341
     327.976  0x313  [8]  14 F0 00 24 00 EA 63 63 
        0x313  Vraw=5360  -> 53.60V if 0.01V  /  536.0V if 0.1V  |  I=+3.6A  T=23.4C  SOC=99%  SOH=99
     327.987  0x312  [8]  00 00 00 00 02 00 00 00 
        0x312  prot=00 00  warn=00 00  packs=2  mfr=??  cells=0
     327.998  0x311  [8]  02 38 08 24 08 24 01 62 
        0x311  CVL=56.8V  CCL=208.4A  DCL=208.4A  status=0x0162 (chg_en=1 dis_en=1 mode=2)
     328.221  0x301  [8]  0B 16 21 2C 37 42 4D 58 
        0x301  <-- KEEPALIVE FROM THE GROWATT INVERTER.
               This payload is undocumented. Write it down.
     328.722  0x301  [8]  0B 16 21 2C 37 42 4D 58 
        0x301  <-- KEEPALIVE FROM THE GROWATT INVERTER.
               This payload is undocumented. Write it down.
     328.863  0x330  [8]  02 01 02 04 0D 1E 0D 1A 
     328.874  0x329  [8]  02 00 18 CB 02 00 3F 3B 
     328.884  0x323  [8]  20 0E 10 00 00 00 00 00 
     328.884  0x324  [8]  01 39 35 32 32 30 36 32 
     328.898  0x322  [8]  01 00 00 D4 03 01 63 63 
     328.904  0x320  [8]  50 41 C3 85 85 00 00 00 
        0x320  mfr=PA  hw=195  sw=133
     328.913  0x319  [8]  C0 0D 1E 0D 1A 11 14 00 
        0x319  chem=0  forceI=0 forceII=0  dis_en=0 chg_en=1  (byte0=0xC0)
     328.924  0x318  [8]  0D 1A 0D 1A 0D 1A 0D 1A 
     328.934  0x317  [8]  0D 1E 0D 1D 0D 1D 0D 1D 
     328.944  0x316  [8]  0D 1B 0D 1B 0D 1B 0D 1B 
     328.954  0x315  [8]  0D 1D 0D 1C 0D 1C 0D 1C 
     328.964  0x314  [8]  5B 2C 5B 40 00 04 05 3D 
        0x314  RM=233.40Ah  FCC=233.60Ah  dV=4mV  cycles=1341
     328.975  0x313  [8]  14 F0 00 24 00 EA 63 63 
        0x313  Vraw=5360  -> 53.60V if 0.01V  /  536.0V if 0.1V  |  I=+3.6A  T=23.4C  SOC=99%  SOH=99
     328.986  0x312  [8]  00 00 00 00 02 00 00 00 
        0x312  prot=00 00  warn=00 00  packs=2  mfr=??  cells=0
     328.998  0x311  [8]  02 38 08 24 08 24 01 62 
        0x311  CVL=56.8V  CCL=208.4A  DCL=208.4A  status=0x0162 (chg_en=1 dis_en=1 mode=2)
     329.221  0x301  [8]  0B 16 21 2C 37 42 4D 58 
        0x301  <-- KEEPALIVE FROM THE GROWATT INVERTER.
               This payload is undocumented. Write it down.
     329.722  0x301  [8]  0B 16 21 2C 37 42 4D 58 
        0x301  <-- KEEPALIVE FROM THE GROWATT INVERTER.
               This payload is undocumented. Write it down.
     329.863  0x330  [8]  02 09 02 04 0D 1E 0D 1A 
     329.873  0x329  [8]  01 00 21 38 01 00 3E 9F 
     329.883  0x323  [8]  20 0E 10 00 00 00 00 00 
     329.883  0x324  [8]  02 43 30 37 00 00 00 00 
     329.897  0x322  [8]  01 00 00 D4 03 01 63 63 
     329.903  0x320  [8]  50 41 C3 85 85 00 00 00 
        0x320  mfr=PA  hw=195  sw=133
     329.913  0x319  [8]  C0 0D 1E 0D 1A 19 14 00 
        0x319  chem=0  forceI=0 forceII=0  dis_en=0 chg_en=1  (byte0=0xC0)
     329.923  0x318  [8]  0D 1A 0D 1A 0D 1A 0D 1A 
     329.933  0x317  [8]  0D 1E 0D 1D 0D 1D 0D 1D 
     329.943  0x316  [8]  0D 1B 0D 1B 0D 1B 0D 1B 
     329.953  0x315  [8]  0D 1D 0D 1C 0D 1C 0D 1C 
     329.963  0x314  [8]  5B 2C 5B 40 00 04 05 3D 
        0x314  RM=233.40Ah  FCC=233.60Ah  dV=4mV  cycles=1341
     329.974  0x313  [8]  14 F0 00 24 00 EA 63 63 
        0x313  Vraw=5360  -> 53.60V if 0.01V  /  536.0V if 0.1V  |  I=+3.6A  T=23.4C  SOC=99%  SOH=99
     329.985  0x312  [8]  00 00 00 00 02 00 00 00 
        0x312  prot=00 00  warn=00 00  packs=2  mfr=??  cells=0
     329.997  0x311  [8]  02 38 08 24 08 24 01 62 
        0x311  CVL=56.8V  CCL=208.4A  DCL=208.4A  status=0x0162 (chg_en=1 dis_en=1 mode=2)
     330.221  0x301  [8]  0B 16 21 2C 37 42 4D 58 
        0x301  <-- KEEPALIVE FROM THE GROWATT INVERTER.
               This payload is undocumented. Write it down.
     330.722  0x301  [8]  0B 16 21 2C 37 42 4D 58 
        0x301  <-- KEEPALIVE FROM THE GROWATT INVERTER.
               This payload is undocumented. Write it down.
     330.862  0x330  [8]  02 02 02 06 0D 1E 0D 1A 
     330.873  0x329  [8]  02 00 18 CB 02 00 3F 3B 
     330.883  0x323  [8]  20 0E 10 00 00 00 00 00 
     330.883  0x324  [8]  00 02 47 50 4A 30 32 31 
     330.896  0x322  [8]  01 00 00 D4 03 01 63 63 
     330.903  0x320  [8]  50 41 C3 85 85 00 00 00 
        0x320  mfr=PA  hw=195  sw=133
     330.912  0x319  [8]  C0 0D 1E 0D 1A 12 16 00 
        0x319  chem=0  forceI=0 forceII=0  dis_en=0 chg_en=1  (byte0=0xC0)
     330.923  0x318  [8]  0D 1B 0D 1A 0D 1A 0D 1A 
     330.933  0x317  [8]  0D 1E 0D 1E 0D 1D 0D 1D 
     330.943  0x316  [8]  0D 1B 0D 1B 0D 1B 0D 1B 
     330.953  0x315  [8]  0D 1D 0D 1C 0D 1C 0D 1C 
     330.962  0x314  [8]  5B 2C 5B 40 00 04 05 3D 
        0x314  RM=233.40Ah  FCC=233.60Ah  dV=4mV  cycles=1341
     330.973  0x313  [8]  14 FA 00 23 00 EA 63 63 
        0x313  Vraw=5370  -> 53.70V if 0.01V  /  537.0V if 0.1V  |  I=+3.5A  T=23.4C  SOC=99%  SOH=99
     330.984  0x312  [8]  00 00 00 00 02 00 00 00 
        0x312  prot=00 00  warn=00 00  packs=2  mfr=??  cells=0
     330.996  0x311  [8]  02 38 08 24 08 24 01 62 
        0x311  CVL=56.8V  CCL=208.4A  DCL=208.4A  status=0x0162 (chg_en=1 dis_en=1 mode=2)
     331.221  0x301  [8]  0B 16 21 2C 37 42 4D 58 
        0x301  <-- KEEPALIVE FROM THE GROWATT INVERTER.
               This payload is undocumented. Write it down.
     331.722  0x301  [8]  0B 16 21 2C 37 42 4D 58 
        0x301  <-- KEEPALIVE FROM THE GROWATT INVERTER.
               This payload is undocumented. Write it down.
     331.861  0x330  [8]  02 01 02 06 0D 1E 0D 1A 
     331.872  0x329  [8]  01 00 21 38 01 00 3E 9F 
     331.881  0x323  [8]  20 0E 10 00 00 00 00 00 
     331.881  0x324  [8]  01 39 35 32 32 30 36 32 
     331.895  0x322  [8]  01 00 00 D4 03 01 63 63 
     331.902  0x320  [8]  50 41 C3 85 85 00 00 00 
        0x320  mfr=PA  hw=195  sw=133
     331.911  0x319  [8]  C0 0D 1E 0D 1A 11 16 00 
        0x319  chem=0  forceI=0 forceII=0  dis_en=0 chg_en=1  (byte0=0xC0)
     331.922  0x318  [8]  0D 1B 0D 1A 0D 1A 0D 1A 
     331.932  0x317  [8]  0D 1E 0D 1E 0D 1D 0D 1D 
     331.942  0x316  [8]  0D 1B 0D 1B 0D 1B 0D 1B 
     331.952  0x315  [8]  0D 1D 0D 1C 0D 1C 0D 1C 
     331.961  0x314  [8]  5B 2C 5B 40 00 04 05 3D 
        0x314  RM=233.40Ah  FCC=233.60Ah  dV=4mV  cycles=1341
     331.972  0x313  [8]  14 F0 00 23 00 EA 63 63 
        0x313  Vraw=5360  -> 53.60V if 0.01V  /  536.0V if 0.1V  |  I=+3.5A  T=23.4C  SOC=99%  SOH=99
     331.983  0x312  [8]  00 00 00 00 02 00 00 00 
        0x312  prot=00 00  warn=00 00  packs=2  mfr=??  cells=0
     331.995  0x311  [8]  02 38 08 24 08 24 01 62 
        0x311  CVL=56.8V  CCL=208.4A  DCL=208.4A  status=0x0162 (chg_en=1 dis_en=1 mode=2)
     332.221  0x301  [8]  0B 16 21 2C 37 42 4D 58 
        0x301  <-- KEEPALIVE FROM THE GROWATT INVERTER.
               This payload is undocumented. Write it down.

======================================================================
  11065 frames, 332 s elapsed
  ID     count   period(ms)  DLC  last payload             changing
  ----------------------------------------------------------------------
  0x301     547    606 (499-58847)  8   0B 16 21 2C 37 42 4D 58  ........
  0x330     524    632 (0-2958)  8   02 01 02 06 0D 1E 0D 1A  ****.*.*
  0x329     870    380 (0-1740)  8   01 00 21 38 01 00 3E 9F  *.***.**
  0x323     614    539 (0-1892)  8   20 0E 10 00 00 00 00 00  ........
  0x324     670    494 (0-1881)  8   01 39 35 32 32 30 36 32  ********
  0x322     861    384 (0-2522)  8   01 00 00 D4 03 01 63 63  ........
  0x320     621    533 (0-2440)  8   50 41 C3 85 85 00 00 00  ........
  0x319     580    571 (10-2346)  8   C0 0D 1E 0D 1A 11 16 00  ..*.***.
  0x318     540    613 (0-2976)  8   0D 1B 0D 1A 0D 1A 0D 1A  .*.*.*.*
  0x317     498    665 (0-2957)  8   0D 1E 0D 1E 0D 1D 0D 1D  .*.*.*.*
  0x316     516    642 (0-2955)  8   0D 1B 0D 1B 0D 1B 0D 1B  .*.*.*.*
  0x315     872    379 (0-2143)  8   0D 1D 0D 1C 0D 1C 0D 1C  .*.*.*.*
  0x314     888    372 (0-1942)  8   5B 2C 5B 40 00 04 05 3D  .....*..
  0x313     710    466 (11-1634)  8   14 F0 00 23 00 EA 63 63  ****....
  0x312     555    596 (0-1698)  8   00 00 00 00 02 00 00 00  ........
  0x311    1199    276 (11-2465)  8   02 38 08 24 08 24 01 62  .......*
  ----------------------------------------------------------------------
  Auto-scaled pack voltage: 53.60 V  (SOC 99%)
  Cross-check this against the Growatt app before trusting it.
======================================================================

     332.721  0x301  [8]  0B 16 21 2C 37 42 4D 58 
        0x301  <-- KEEPALIVE FROM THE GROWATT INVERTER.
               This payload is undocumented. Write it down.
     332.860  0x330  [8]  02 01 02 06 0D 1E 0D 1A 
     332.871  0x329  [8]  02 00 18 CB 02 00 3F 3B 
     332.880  0x323  [8]  20 0E 10 00 00 00 00 00 
     332.881  0x324  [8]  02 42 42 37 00 00 00 00 
     332.894  0x322  [8]  01 00 00 D4 03 01 63 63 
     332.901  0x320  [8]  50 41 C3 85 85 00 00 00 
        0x320  mfr=PA  hw=195  sw=133
     332.910  0x319  [8]  C0 0D 1E 0D 1A 11 16 00 
        0x319  chem=0  forceI=0 forceII=0  dis_en=0 chg_en=1  (byte0=0xC0)
     332.921  0x318  [8]  0D 1B 0D 1A 0D 1A 0D 1A 
     332.931  0x317  [8]  0D 1E 0D 1E 0D 1E 0D 1E 
     332.941  0x316  [8]  0D 1B 0D 1B 0D 1B 0D 1B 
     332.951  0x315  [8]  0D 1D 0D 1D 0D 1C 0D 1C 
     332.960  0x314  [8]  5B 2C 5B 40 00 04 05 3D 
        0x314  RM=233.40Ah  FCC=233.60Ah  dV=4mV  cycles=1341
     332.971  0x313  [8]  14 FA 00 22 00 EA 63 63 
        0x313  Vraw=5370  -> 53.70V if 0.01V  /  537.0V if 0.1V  |  I=+3.4A  T=23.4C  SOC=99%  SOH=99
     332.982  0x312  [8]  00 00 00 00 02 00 00 00 
        0x312  prot=00 00  warn=00 00  packs=2  mfr=??  cells=0
     332.994  0x311  [8]  02 38 08 24 08 24 01 62 
        0x311  CVL=56.8V  CCL=208.4A  DCL=208.4A  status=0x0162 (chg_en=1 dis_en=1 mode=2)
     333.221  0x301  [8]  0B 16 21 2C 37 42 4D 58 
        0x301  <-- KEEPALIVE FROM THE GROWATT INVERTER.
               This payload is undocumented. Write it down.
     333.721  0x301  [8]  0B 16 21 2C 37 42 4D 58 
        0x301  <-- KEEPALIVE FROM THE GROWATT INVERTER.
               This payload is undocumented. Write it down.
     333.859  0x330  [8]  02 01 02 07 0D 1E 0D 1A 
     333.870  0x329  [8]  01 00 21 38 01 00 3E 9F 
     333.880  0x323  [8]  20 0E 10 00 00 00 00 00 
     333.880  0x324  [8]  00 01 47 50 4A 30 32 31 
     333.893  0x322  [8]  01 00 00 D4 03 01 63 63 
     333.900  0x320  [8]  50 41 C3 85 85 00 00 00 
        0x320  mfr=PA  hw=195  sw=133
     333.909  0x319  [8]  C0 0D 1E 0D 1A 11 17 00 
        0x319  chem=0  forceI=0 forceII=0  dis_en=0 chg_en=1  (byte0=0xC0)
     333.920  0x318  [8]  0D 1B 0D 1A 0D 1A 0D 1A 
     333.930  0x317  [8]  0D 1E 0D 1E 0D 1E 0D 1E 
     333.940  0x316  [8]  0D 1C 0D 1C 0D 1B 0D 1B 
     333.950  0x315  [8]  0D 1D 0D 1D 0D 1D 0D 1D 
     333.960  0x314  [8]  5B 2C 5B 40 00 04 05 3D 
        0x314  RM=233.40Ah  FCC=233.60Ah  dV=4mV  cycles=1341
     333.971  0x313  [8]  14 FA 00 21 00 EA 63 63 
        0x313  Vraw=5370  -> 53.70V if 0.01V  /  537.0V if 0.1V  |  I=+3.3A  T=23.4C  SOC=99%  SOH=99
     333.982  0x312  [8]  00 00 00 00 02 00 00 00 
        0x312  prot=00 00  warn=00 00  packs=2  mfr=??  cells=0
     333.993  0x311  [8]  02 38 08 24 08 24 01 62 
        0x311  CVL=56.8V  CCL=208.4A  DCL=208.4A  status=0x0162 (chg_en=1 dis_en=1 mode=2)
     334.221  0x301  [8]  0B 16 21 2C 37 42 4D 58 
        0x301  <-- KEEPALIVE FROM THE GROWATT INVERTER.
               This payload is undocumented. Write it down.
     334.721  0x301  [8]  0B 16 21 2C 37 42 4D 58 
        0x301  <-- KEEPALIVE FROM THE GROWATT INVERTER.
               This payload is undocumented. Write it down.
     334.858  0x330  [8]  02 01 02 07 0D 1E 0D 1A 
     334.869  0x329  [8]  02 00 18 CB 02 00 3F 3B 
     334.879  0x323  [8]  20 0E 10 00 00 00 00 00 
     334.879  0x324  [8]  01 39 35 32 32 30 36 32 
     334.893  0x322  [8]  01 00 00 D4 03 01 63 63 
     334.899  0x320  [8]  50 41 C3 85 85 00 00 00 
        0x320  mfr=PA  hw=195  sw=133
     334.908  0x319  [8]  C0 0D 1E 0D 1A 11 17 00 
        0x319  chem=0  forceI=0 forceII=0  dis_en=0 chg_en=1  (byte0=0xC0)
     334.919  0x318  [8]  0D 1B 0D 1B 0D 1A 0D 1A 
     334.929  0x317  [8]  0D 1E 0D 1E 0D 1E 0D 1E 
     334.939  0x316  [8]  0D 1C 0D 1B 0D 1B 0D 1B 
     334.949  0x315  [8]  0D 1D 0D 1D 0D 1D 0D 1C 
     334.959  0x314  [8]  5B 2C 5B 40 00 04 05 3D 
        0x314  RM=233.40Ah  FCC=233.60Ah  dV=4mV  cycles=1341
     334.970  0x313  [8]  14 FA 00 21 00 EA 63 63 
        0x313  Vraw=5370  -> 53.70V if 0.01V  /  537.0V if 0.1V  |  I=+3.3A  T=23.4C  SOC=99%  SOH=99
     334.981  0x312  [8]  00 00 00 00 02 00 00 00 
        0x312  prot=00 00  warn=00 00  packs=2  mfr=??  cells=0
     334.993  0x311  [8]  02 38 08 24 08 24 01 62 
        0x311  CVL=56.8V  CCL=208.4A  DCL=208.4A  status=0x0162 (chg_en=1 dis_en=1 mode=2)
     335.221  0x301  [8]  0B 16 21 2C 37 42 4D 58 
        0x301  <-- KEEPALIVE FROM THE GROWATT INVERTER.
               This payload is undocumented. Write it down.
     335.721  0x301  [8]  0B 16 21 2C 37 42 4D 58 
        0x301  <-- KEEPALIVE FROM THE GROWATT INVERTER.
               This payload is undocumented. Write it down.
     335.858  0x330  [8]  01 02 02 07 0D 1E 0D 1A 
     335.868  0x329  [8]  01 00 21 38 01 00 3E 9F 
     335.878  0x323  [8]  20 0E 10 00 00 00 00 00 
     335.878  0x324  [8]  02 43 30 37 00 00 00 00 
     335.892  0x322  [8]  01 00 00 D4 03 01 63 63 
     335.898  0x320  [8]  50 41 C3 85 85 00 00 00 
        0x320  mfr=PA  hw=195  sw=133
     335.908  0x319  [8]  C0 0D 1E 0D 1A 02 17 00 
        0x319  chem=0  forceI=0 forceII=0  dis_en=0 chg_en=1  (byte0=0xC0)
     335.918  0x318  [8]  0D 1B 0D 1B 0D 1A 0D 1A 
     335.928  0x317  [8]  0D 1E 0D 1E 0D 1E 0D 1E 
     335.938  0x316  [8]  0D 1C 0D 1C 0D 1B 0D 1B 
     335.948  0x315  [8]  0D 1E 0D 1D 0D 1D 0D 1D 
     335.958  0x314  [8]  5B 2C 5B 40 00 04 05 3D 
        0x314  RM=233.40Ah  FCC=233.60Ah  dV=4mV  cycles=1341
     335.969  0x313  [8]  14 FA 00 22 00 EA 63 63 
        0x313  Vraw=5370  -> 53.70V if 0.01V  /  537.0V if 0.1V  |  I=+3.4A  T=23.4C  SOC=99%  SOH=99
     335.980  0x312  [8]  00 00 00 00 02 00 00 00 
        0x312  prot=00 00  warn=00 00  packs=2  mfr=??  cells=0
     335.992  0x311  [8]  02 38 08 24 08 24 01 62 
        0x311  CVL=56.8V  CCL=208.4A  DCL=208.4A  status=0x0162 (chg_en=1 dis_en=1 mode=2)
     336.221  0x301  [8]  0B 16 21 2C 37 42 4D 58 
        0x301  <-- KEEPALIVE FROM THE GROWATT INVERTER.
               This payload is undocumented. Write it down.
     336.721  0x301  [8]  0B 16 21 2C 37 42 4D 58 
        0x301  <-- KEEPALIVE FROM THE GROWATT INVERTER.
               This payload is undocumented. Write it down.
     336.857  0x330  [8]  01 02 02 07 0D 1E 0D 1A 
     336.868  0x329  [8]  02 00 18 CB 02 00 3F 3B 
     336.878  0x323  [8]  20 0E 10 00 00 00 00 00 
     336.878  0x324  [8]  00 02 47 50 4A 30 32 31 
     336.891  0x322  [8]  01 00 00 D4 03 01 63 63 
     336.898  0x320  [8]  50 41 C3 85 85 00 00 00 
        0x320  mfr=PA  hw=195  sw=133
     336.907  0x319  [8]  C0 0D 1E 0D 1A 02 17 00 
        0x319  chem=0  forceI=0 forceII=0  dis_en=0 chg_en=1  (byte0=0xC0)
     336.918  0x318  [8]  0D 1B 0D 1B 0D 1A 0D 1A 
     336.928  0x317  [8]  0D 1E 0D 1E 0D 1E 0D 1E 
     336.937  0x316  [8]  0D 1C 0D 1C 0D 1C 0D 1C 
     336.947  0x315  [8]  0D 1E 0D 1D 0D 1D 0D 1D 
     336.957  0x314  [8]  5B 2C 5B 40 00 04 05 3D 
        0x314  RM=233.40Ah  FCC=233.60Ah  dV=4mV  cycles=1341
     336.968  0x313  [8]  14 FA 00 21 00 EA 63 63 
        0x313  Vraw=5370  -> 53.70V if 0.01V  /  537.0V if 0.1V  |  I=+3.3A  T=23.4C  SOC=99%  SOH=99
     336.979  0x312  [8]  00 00 00 00 02 00 00 00 
        0x312  prot=00 00  warn=00 00  packs=2  mfr=??  cells=0
     336.991  0x311  [8]  02 38 08 24 08 24 01 62 
        0x311  CVL=56.8V  CCL=208.4A  DCL=208.4A  status=0x0162 (chg_en=1 dis_en=1 mode=2)
     337.221  0x301  [8]  0B 16 21 2C 37 42 4D 58 
        0x301  <-- KEEPALIVE FROM THE GROWATT INVERTER.
               This payload is undocumented. Write it down.
     337.721  0x301  [8]  0B 16 21 2C 37 42 4D 58 
        0x301  <-- KEEPALIVE FROM THE GROWATT INVERTER.
               This payload is undocumented. Write it down.
     337.856  0x330  [8]  02 01 02 07 0D 1F 0D 1A 
     337.867  0x329  [8]  01 00 21 38 01 00 3E 9F 
     337.876  0x323  [8]  20 0E 10 00 00 00 00 00 
     337.876  0x324  [8]  01 39 35 32 32 30 36 32 
     337.890  0x322  [8]  01 00 00 D4 03 01 63 63 
     337.897  0x320  [8]  50 41 C3 85 85 00 00 00 
        0x320  mfr=PA  hw=195  sw=133
     337.906  0x319  [8]  C0 0D 1F 0D 1A 11 17 00 
        0x319  chem=0  forceI=0 forceII=0  dis_en=0 chg_en=1  (byte0=0xC0)
     337.917  0x318  [8]  0D 1B 0D 1B 0D 1B 0D 1A 
     337.927  0x317  [8]  0D 1F 0D 1F 0D 1E 0D 1E 
     337.937  0x316  [8]  0D 1C 0D 1C 0D 1C 0D 1C 
     337.947  0x315  [8]  0D 1E 0D 1D 0D 1D 0D 1D 
     337.956  0x314  [8]  5B 2C 5B 40 00 05 05 3D 
        0x314  RM=233.40Ah  FCC=233.60Ah  dV=5mV  cycles=1341
     337.967  0x313  [8]  14 FA 00 25 00 EA 63 63 
        0x313  Vraw=5370  -> 53.70V if 0.01V  /  537.0V if 0.1V  |  I=+3.7A  T=23.4C  SOC=99%  SOH=99
     337.978  0x312  [8]  00 00 00 00 02 00 00 00 
        0x312  prot=00 00  warn=00 00  packs=2  mfr=??  cells=0
     337.990  0x311  [8]  02 38 08 24 08 24 01 62 
        0x311  CVL=56.8V  CCL=208.4A  DCL=208.4A  status=0x0162 (chg_en=1 dis_en=1 mode=2)
     338.221  0x301  [8]  0B 16 21 2C 37 42 4D 58 
        0x301  <-- KEEPALIVE FROM THE GROWATT INVERTER.
               This payload is undocumented. Write it down.
     338.721  0x301  [8]  0B 16 21 2C 37 42 4D 58 
        0x301  <-- KEEPALIVE FROM THE GROWATT INVERTER.
               This payload is undocumented. Write it down.
     338.855  0x330  [8]  02 01 02 06 0D 1F 0D 1B 
     338.866  0x329  [8]  02 00 18 CB 02 00 3F 3B 
     338.875  0x323  [8]  20 0E 10 00 00 00 00 00 
     338.876  0x324  [8]  02 42 42 37 00 00 00 00 
     338.889  0x322  [8]  01 00 00 D4 03 01 63 63 
     338.896  0x320  [8]  50 41 C3 85 85 00 00 00 
        0x320  mfr=PA  hw=195  sw=133
     338.905  0x319  [8]  C0 0D 1F 0D 1B 11 16 00 
        0x319  chem=0  forceI=0 forceII=0  dis_en=0 chg_en=1  (byte0=0xC0)
     338.916  0x318  [8]  0D 1C 0D 1B 0D 1B 0D 1B 
     338.926  0x317  [8]  0D 1F 0D 1F 0D 1E 0D 1E 
     338.936  0x316  [8]  0D 1C 0D 1C 0D 1C 0D 1C 
     338.946  0x315  [8]  0D 1E 0D 1E 0D 1D 0D 1D 
     338.955  0x314  [8]  5B 2C 5B 40 00 04 05 3D 
        0x314  RM=233.40Ah  FCC=233.60Ah  dV=4mV  cycles=1341
     338.966  0x313  [8]  14 FA 00 31 00 EA 63 63 
        0x313  Vraw=5370  -> 53.70V if 0.01V  /  537.0V if 0.1V  |  I=+4.9A  T=23.4C  SOC=99%  SOH=99
     338.977  0x312  [8]  00 00 00 00 02 00 00 00 
        0x312  prot=00 00  warn=00 00  packs=2  mfr=??  cells=0
     338.989  0x311  [8]  02 38 08 24 08 24 01 62 
        0x311  CVL=56.8V  CCL=208.4A  DCL=208.4A  status=0x0162 (chg_en=1 dis_en=1 mode=2)
     339.221  0x301  [8]  0B 16 21 2C 37 42 4D 58 
        0x301  <-- KEEPALIVE FROM THE GROWATT INVERTER.
               This payload is undocumented. Write it down.
     339.720  0x301  [8]  0B 16 21 2C 37 42 4D 58 
        0x301  <-- KEEPALIVE FROM THE GROWATT INVERTER.
               This payload is undocumented. Write it down.
     339.854  0x330  [8]  01 02 02 07 0D 1F 0D 1B 
     339.865  0x329  [8]  01 00 21 38 01 00 3E 9F 
     339.875  0x323  [8]  20 0E 10 00 00 00 00 00 
     339.875  0x324  [8]  00 01 47 50 4A 30 32 31 
     339.888  0x322  [8]  01 00 00 D4 03 01 63 63 
     339.895  0x320  [8]  50 41 C3 85 85 00 00 00 
        0x320  mfr=PA  hw=195  sw=133
     339.904  0x319  [8]  C0 0D 1F 0D 1B 02 17 00 
        0x319  chem=0  forceI=0 forceII=0  dis_en=0 chg_en=1  (byte0=0xC0)
     339.915  0x318  [8]  0D 1C 0D 1C 0D 1B 0D 1B 
     339.925  0x317  [8]  0D 1F 0D 1F 0D 1F 0D 1F 
     339.935  0x316  [8]  0D 1D 0D 1D 0D 1C 0D 1C 
     339.945  0x315  [8]  0D 1F 0D 1E 0D 1E 0D 1E 
     339.955  0x314  [8]  5B 2C 5B 40 00 04 05 3D 
        0x314  RM=233.40Ah  FCC=233.60Ah  dV=4mV  cycles=1341
     339.966  0x313  [8]  14 FA 00 36 00 EA 63 63 
        0x313  Vraw=5370  -> 53.70V if 0.01V  /  537.0V if 0.1V  |  I=+5.4A  T=23.4C  SOC=99%  SOH=99
     339.977  0x312  [8]  00 00 00 00 02 00 00 00 
        0x312  prot=00 00  warn=00 00  packs=2  mfr=??  cells=0
     339.988  0x311  [8]  02 38 08 24 08 24 01 62 
        0x311  CVL=56.8V  CCL=208.4A  DCL=208.4A  status=0x0162 (chg_en=1 dis_en=1 mode=2)
     340.220  0x301  [8]  0B 16 21 2C 37 42 4D 58 
        0x301  <-- KEEPALIVE FROM THE GROWATT INVERTER.
               This payload is undocumented. Write it down.
     340.720  0x301  [8]  0B 16 21 2C 37 42 4D 58 
        0x301  <-- KEEPALIVE FROM THE GROWATT INVERTER.
               This payload is undocumented. Write it down.
     340.853  0x330  [8]  01 02 02 08 0D 1F 0D 1B 
     340.864  0x329  [8]  02 00 18 CB 02 00 3F 3B 
     340.874  0x323  [8]  20 0E 10 00 00 00 00 00 
     340.874  0x324  [8]  01 39 35 32 32 30 36 32 
     340.888  0x322  [8]  01 00 00 D4 03 01 63 63 
     340.894  0x320  [8]  50 41 C3 85 85 00 00 00 
        0x320  mfr=PA  hw=195  sw=133
     340.903  0x319  [8]  C0 0D 1F 0D 1B 02 18 00 
        0x319  chem=0  forceI=0 forceII=0  dis_en=0 chg_en=1  (byte0=0xC0)
     340.914  0x318  [8]  0D 1C 0D 1C 0D 1C 0D 1B 
     340.924  0x317  [8]  0D 1F 0D 1F 0D 1F 0D 1F 
     340.934  0x316  [8]  0D 1D 0D 1D 0D 1D 0D 1D 
     340.944  0x315  [8]  0D 1F 0D 1E 0D 1E 0D 1E 
     340.954  0x314  [8]  5B 2C 5B 40 00 04 05 3D 
        0x314  RM=233.40Ah  FCC=233.60Ah  dV=4mV  cycles=1341
     340.965  0x313  [8]  14 FA 00 37 00 EA 63 63 
        0x313  Vraw=5370  -> 53.70V if 0.01V  /  537.0V if 0.1V  |  I=+5.5A  T=23.4C  SOC=99%  SOH=99
     340.976  0x312  [8]  00 00 00 00 02 00 00 00 
        0x312  prot=00 00  warn=00 00  packs=2  mfr=??  cells=0
     340.988  0x311  [8]  02 38 08 24 08 24 01 62 
        0x311  CVL=56.8V  CCL=208.4A  DCL=208.4A  status=0x0162 (chg_en=1 dis_en=1 mode=2)
     341.220  0x301  [8]  0B 16 21 2C 37 42 4D 58 
        0x301  <-- KEEPALIVE FROM THE GROWATT INVERTER.
               This payload is undocumented. Write it down.
     341.721  0x301  [8]  0B 16 21 2C 37 42 4D 58 
        0x301  <-- KEEPALIVE FROM THE GROWATT INVERTER.
               This payload is undocumented. Write it down.
     341.853  0x330  [8]  02 01 02 05 0D 20 0D 1C 
     341.863  0x329  [8]  01 00 21 38 01 00 3E 9F 
     341.873  0x323  [8]  20 0E 10 00 00 00 00 00 
     341.873  0x324  [8]  02 43 30 37 00 00 00 00 
     341.887  0x322  [8]  01 00 00 D4 03 01 63 63 
     341.893  0x320  [8]  50 41 C3 85 85 00 00 00 
        0x320  mfr=PA  hw=195  sw=133
     341.903  0x319  [8]  C0 0D 20 0D 1C 11 15 00 
        0x319  chem=0  forceI=0 forceII=0  dis_en=0 chg_en=1  (byte0=0xC0)
     341.913  0x318  [8]  0D 1C 0D 1C 0D 1C 0D 1C 
     341.923  0x317  [8]  0D 20 0D 20 0D 1F 0D 1F 
     341.933  0x316  [8]  0D 1D 0D 1D 0D 1D 0D 1D 
     341.943  0x315  [8]  0D 1F 0D 1F 0D 1E 0D 1E 
     341.953  0x314  [8]  5B 2C 5B 40 00 04 05 3D 
        0x314  RM=233.40Ah  FCC=233.60Ah  dV=4mV  cycles=1341
     341.964  0x313  [8]  14 FA 00 3B 00 EA 63 63 
        0x313  Vraw=5370  -> 53.70V if 0.01V  /  537.0V if 0.1V  |  I=+5.9A  T=23.4C  SOC=99%  SOH=99
     341.975  0x312  [8]  00 00 00 00 02 00 00 00 
        0x312  prot=00 00  warn=00 00  packs=2  mfr=??  cells=0
     341.987  0x311  [8]  02 38 08 24 08 24 01 62 
        0x311  CVL=56.8V  CCL=208.4A  DCL=208.4A  status=0x0162 (chg_en=1 dis_en=1 mode=2)
     342.220  0x301  [8]  0B 16 21 2C 37 42 4D 58 
        0x301  <-- KEEPALIVE FROM THE GROWATT INVERTER.
               This payload is undocumented. Write it down.
     342.721  0x301  [8]  0B 16 21 2C 37 42 4D 58 
        0x301  <-- KEEPALIVE FROM THE GROWATT INVERTER.
               This payload is undocumented. Write it down.
     342.852  0x330  [8]  02 01 02 06 0D 20 0D 1C 
     342.863  0x329  [8]  02 00 18 CB 02 00 3F 3B 
     342.873  0x323  [8]  20 0E 10 00 00 00 00 00 
     342.873  0x324  [8]  00 02 47 50 4A 30 32 31 
     342.886  0x322  [8]  01 00 00 D4 03 01 63 63 
     342.893  0x320  [8]  50 41 C3 85 85 00 00 00 
        0x320  mfr=PA  hw=195  sw=133
     342.902  0x319  [8]  C0 0D 20 0D 1C 11 16 00 
        0x319  chem=0  forceI=0 forceII=0  dis_en=0 chg_en=1  (byte0=0xC0)
     342.913  0x318  [8]  0D 1D 0D 1C 0D 1C 0D 1C 
     342.922  0x317  [8]  0D 20 0D 20 0D 20 0D 20 
     342.932  0x316  [8]  0D 1D 0D 1D 0D 1D 0D 1D 
     342.942  0x315  [8]  0D 1F 0D 1F 0D 1F 0D 1E 
     342.952  0x314  [8]  5B 2C 5B 40 00 04 05 3D 
        0x314  RM=233.40Ah  FCC=233.60Ah  dV=4mV  cycles=1341
     342.963  0x313  [8]  14 FA 00 3B 00 EA 63 63 
        0x313  Vraw=5370  -> 53.70V if 0.01V  /  537.0V if 0.1V  |  I=+5.9A  T=23.4C  SOC=99%  SOH=99
     342.974  0x312  [8]  00 00 00 00 02 00 00 00 
        0x312  prot=00 00  warn=00 00  packs=2  mfr=??  cells=0
     342.986  0x311  [8]  02 38 08 24 08 24 01 62 
        0x311  CVL=56.8V  CCL=208.4A  DCL=208.4A  status=0x0162 (chg_en=1 dis_en=1 mode=2)
     343.220  0x301  [8]  0B 16 21 2C 37 42 4D 58 
        0x301  <-- KEEPALIVE FROM THE GROWATT INVERTER.
               This payload is undocumented. Write it down.
     343.721  0x301  [8]  0B 16 21 2C 37 42 4D 58 
        0x301  <-- KEEPALIVE FROM THE GROWATT INVERTER.
               This payload is undocumented. Write it down.
     343.851  0x330  [8]  02 01 02 06 0D 20 0D 1C 
     343.862  0x329  [8]  01 00 21 38 01 00 3E 9F 
     343.872  0x323  [8]  20 0E 10 00 00 00 00 00 
     343.872  0x324  [8]  01 39 35 32 32 30 36 32 
     343.885  0x322  [8]  01 00 00 D4 03 01 63 63 
     343.892  0x320  [8]  50 41 C3 85 85 00 00 00 
        0x320  mfr=PA  hw=195  sw=133
     343.901  0x319  [8]  C0 0D 20 0D 1C 11 16 00 
        0x319  chem=0  forceI=0 forceII=0  dis_en=0 chg_en=1  (byte0=0xC0)
     343.912  0x318  [8]  0D 1D 0D 1C 0D 1C 0D 1C 
     343.922  0x317  [8]  0D 20 0D 20 0D 20 0D 20 
     343.932  0x316  [8]  0D 1E 0D 1E 0D 1E 0D 1D 
     343.942  0x315  [8]  0D 1F 0D 1F 0D 1F 0D 1F 
     343.951  0x314  [8]  5B 2C 5B 40 00 04 05 3D 
        0x314  RM=233.40Ah  FCC=233.60Ah  dV=4mV  cycles=1341
     343.962  0x313  [8]  14 FA 00 3F 00 EA 63 63 
        0x313  Vraw=5370  -> 53.70V if 0.01V  /  537.0V if 0.1V  |  I=+6.3A  T=23.4C  SOC=99%  SOH=99
     343.973  0x312  [8]  00 00 00 00 02 00 00 00 
        0x312  prot=00 00  warn=00 00  packs=2  mfr=??  cells=0
     343.985  0x311  [8]  02 38 08 24 08 24 01 62 
        0x311  CVL=56.8V  CCL=208.4A  DCL=208.4A  status=0x0162 (chg_en=1 dis_en=1 mode=2)
     344.220  0x301  [8]  0B 16 21 2C 37 42 4D 58 
        0x301  <-- KEEPALIVE FROM THE GROWATT INVERTER.
               This payload is undocumented. Write it down.
     344.721  0x301  [8]  0B 16 21 2C 37 42 4D 58 
        0x301  <-- KEEPALIVE FROM THE GROWATT INVERTER.
               This payload is undocumented. Write it down.
     344.850  0x330  [8]  02 01 02 07 0D 21 0D 1C 
     344.861  0x329  [8]  02 00 18 CB 02 00 3F 3B 
     344.870  0x323  [8]  20 0E 10 00 00 00 00 00 
     344.871  0x324  [8]  02 42 42 37 00 00 00 00 
     344.884  0x322  [8]  01 00 00 D4 03 01 63 63 
     344.891  0x320  [8]  50 41 C3 85 85 00 00 00 
        0x320  mfr=PA  hw=195  sw=133
     344.900  0x319  [8]  C0 0D 21 0D 1C 11 17 00 
        0x319  chem=0  forceI=0 forceII=0  dis_en=0 chg_en=1  (byte0=0xC0)
     344.911  0x318  [8]  0D 1D 0D 1D 0D 1D 0D 1C 
     344.921  0x317  [8]  0D 21 0D 20 0D 20 0D 20 
     344.931  0x316  [8]  0D 1E 0D 1E 0D 1E 0D 1E 
     344.941  0x315  [8]  0D 20 0D 1F 0D 1F 0D 1F 
     344.950  0x314  [8]  5B 2C 5B 40 00 05 05 3D 
        0x314  RM=233.40Ah  FCC=233.60Ah  dV=5mV  cycles=1341
     344.961  0x313  [8]  14 FA 00 41 00 EA 63 63 
        0x313  Vraw=5370  -> 53.70V if 0.01V  /  537.0V if 0.1V  |  I=+6.5A  T=23.4C  SOC=99%  SOH=99
     344.972  0x312  [8]  00 00 00 00 02 00 00 00 
        0x312  prot=00 00  warn=00 00  packs=2  mfr=??  cells=0
     344.984  0x311  [8]  02 38 08 24 08 24 01 62 
        0x311  CVL=56.8V  CCL=208.4A  DCL=208.4A  status=0x0162 (chg_en=1 dis_en=1 mode=2)
     345.220  0x301  [8]  0B 16 21 2C 37 42 4D 58 
        0x301  <-- KEEPALIVE FROM THE GROWATT INVERTER.
               This payload is undocumented. Write it down.
     345.720  0x301  [8]  0B 16 21 2C 37 42 4D 58 
        0x301  <-- KEEPALIVE FROM THE GROWATT INVERTER.
               This payload is undocumented. Write it down.
     345.849  0x330  [8]  02 01 02 07 0D 21 0D 1C 
     345.860  0x329  [8]  01 00 21 38 01 00 3E 9F 
     345.870  0x323  [8]  20 0E 10 00 00 00 00 00 
     345.870  0x324  [8]  00 01 47 50 4A 30 32 31 
     345.883  0x322  [8]  01 00 00 D4 03 01 63 63 
     345.890  0x320  [8]  50 41 C3 85 85 00 00 00 
        0x320  mfr=PA  hw=195  sw=133
     345.899  0x319  [8]  C0 0D 21 0D 1C 11 17 00 
        0x319  chem=0  forceI=0 forceII=0  dis_en=0 chg_en=1  (byte0=0xC0)
     345.910  0x318  [8]  0D 1D 0D 1D 0D 1C 0D 1C 
     345.920  0x317  [8]  0D 21 0D 21 0D 20 0D 20 
     345.930  0x316  [8]  0D 1E 0D 1E 0D 1E 0D 1E 
     345.940  0x315  [8]  0D 20 0D 20 0D 1F 0D 1F 
     345.950  0x314  [8]  5B 2C 5B 40 00 05 05 3D 
        0x314  RM=233.40Ah  FCC=233.60Ah  dV=5mV  cycles=1341
     345.960  0x313  [8]  14 FA 00 42 00 EA 63 63 
        0x313  Vraw=5370  -> 53.70V if 0.01V  /  537.0V if 0.1V  |  I=+6.6A  T=23.4C  SOC=99%  SOH=99
     345.971  0x312  [8]  00 00 00 00 02 00 00 00 
        0x312  prot=00 00  warn=00 00  packs=2  mfr=??  cells=0
     345.983  0x311  [8]  02 38 08 24 08 24 01 62 
        0x311  CVL=56.8V  CCL=208.4A  DCL=208.4A  status=0x0162 (chg_en=1 dis_en=1 mode=2)
     346.220  0x301  [8]  0B 16 21 2C 37 42 4D 58 
        0x301  <-- KEEPALIVE FROM THE GROWATT INVERTER.
               This payload is undocumented. Write it down.
     346.720  0x301  [8]  0B 16 21 2C 37 42 4D 58 
        0x301  <-- KEEPALIVE FROM THE GROWATT INVERTER.
               This payload is undocumented. Write it down.
     346.848  0x330  [8]  02 01 02 07 0D 21 0D 1D 
     346.859  0x329  [8]  02 00 18 CB 02 00 3F 3B 
     346.869  0x323  [8]  20 0E 10 00 00 00 00 00 
     346.869  0x324  [8]  01 39 35 32 32 30 36 32 
     346.883  0x322  [8]  01 00 00 D4 03 01 63 63 
     346.889  0x320  [8]  50 41 C3 85 85 00 00 00 
        0x320  mfr=PA  hw=195  sw=133
     346.898  0x319  [8]  C0 0D 21 0D 1D 11 17 00 
        0x319  chem=0  forceI=0 forceII=0  dis_en=0 chg_en=1  (byte0=0xC0)
     346.909  0x318  [8]  0D 1E 0D 1E 0D 1E 0D 1D 
     346.919  0x317  [8]  0D 21 0D 21 0D 21 0D 21 
     346.929  0x316  [8]  0D 1E 0D 1E 0D 1E 0D 1E 
     346.939  0x315  [8]  0D 20 0D 20 0D 20 0D 1F 
     346.949  0x314  [8]  5B 2C 5B 40 00 04 05 3D 
        0x314  RM=233.40Ah  FCC=233.60Ah  dV=4mV  cycles=1341
     346.960  0x313  [8]  14 FA 00 45 00 EA 63 63 
        0x313  Vraw=5370  -> 53.70V if 0.01V  /  537.0V if 0.1V  |  I=+6.9A  T=23.4C  SOC=99%  SOH=99
     346.971  0x312  [8]  00 00 00 00 02 00 00 00 
        0x312  prot=00 00  warn=00 00  packs=2  mfr=??  cells=0
     346.983  0x311  [8]  02 38 08 24 08 24 01 62 
        0x311  CVL=56.8V  CCL=208.4A  DCL=208.4A  status=0x0162 (chg_en=1 dis_en=1 mode=2)
     347.220  0x301  [8]  0B 16 21 2C 37 42 4D 58 
        0x301  <-- KEEPALIVE FROM THE GROWATT INVERTER.
               This payload is undocumented. Write it down.

======================================================================
  11320 frames, 347 s elapsed
  ID     count   period(ms)  DLC  last payload             changing
  ----------------------------------------------------------------------
  0x301     577    601 (499-58847)  8   0B 16 21 2C 37 42 4D 58  ........
  0x330     539    642 (0-2958)  8   02 01 02 07 0D 21 0D 1D  ****.*.*
  0x329     885    391 (0-1740)  8   02 00 18 CB 02 00 3F 3B  *.***.**
  0x323     629    550 (0-1892)  8   20 0E 10 00 00 00 00 00  ........
  0x324     685    505 (0-1881)  8   01 39 35 32 32 30 36 32  ********
  0x322     876    395 (0-2522)  8   01 00 00 D4 03 01 63 63  ........
  0x320     636    544 (0-2440)  8   50 41 C3 85 85 00 00 00  ........
  0x319     595    582 (10-2346)  8   C0 0D 21 0D 1D 11 17 00  ..*.***.
  0x318     555    624 (0-2976)  8   0D 1E 0D 1E 0D 1E 0D 1D  .*.*.*.*
  0x317     513    675 (0-2957)  8   0D 21 0D 21 0D 21 0D 21  .*.*.*.*
  0x316     531    652 (0-2955)  8   0D 1E 0D 1E 0D 1E 0D 1E  .*.*.*.*
  0x315     887    390 (0-2143)  8   0D 20 0D 20 0D 20 0D 1F  .*.*.*.*
  0x314     903    383 (0-1942)  8   5B 2C 5B 40 00 04 05 3D  .....*..
  0x313     725    477 (11-1634)  8   14 FA 00 45 00 EA 63 63  ****....
  0x312     570    607 (0-1698)  8   00 00 00 00 02 00 00 00  ........
  0x311    1214    285 (11-2465)  8   02 38 08 24 08 24 01 62  .......*
  ----------------------------------------------------------------------
  Auto-scaled pack voltage: 53.70 V  (SOC 99%)
  Cross-check this against the Growatt app before trusting it.
======================================================================

     347.720  0x301  [8]  0B 16 21 2C 37 42 4D 58 
        0x301  <-- KEEPALIVE FROM THE GROWATT INVERTER.
               This payload is undocumented. Write it down.
     347.848  0x330  [8]  02 09 02 07 0D 22 0D 1D 
     347.858  0x329  [8]  01 00 21 38 01 00 3E 9F 
     347.868  0x323  [8]  20 0E 10 00 00 00 00 00 
     347.868  0x324  [8]  02 43 30 37 00 00 00 00 
     347.882  0x322  [8]  01 00 00 D4 03 01 63 63 
     347.888  0x320  [8]  50 41 C3 85 85 00 00 00 
        0x320  mfr=PA  hw=195  sw=133
     347.898  0x319  [8]  C0 0D 22 0D 1D 19 17 00 
        0x319  chem=0  forceI=0 forceII=0  dis_en=0 chg_en=1  (byte0=0xC0)
     347.908  0x318  [8]  0D 1E 0D 1E 0D 1D 0D 1D 
     347.918  0x317  [8]  0D 22 0D 21 0D 21 0D 21 
     347.928  0x316  [8]  0D 1F 0D 1E 0D 1E 0D 1E 
     347.938  0x315  [8]  0D 20 0D 20 0D 20 0D 20 
     347.948  0x314  [8]  5B 2C 5B 40 00 05 05 3D 
        0x314  RM=233.40Ah  FCC=233.60Ah  dV=5mV  cycles=1341
     347.959  0x313  [8]  14 FA 00 47 00 EA 63 63 
        0x313  Vraw=5370  -> 53.70V if 0.01V  /  537.0V if 0.1V  |  I=+7.1A  T=23.4C  SOC=99%  SOH=99
     347.970  0x312  [8]  00 00 00 00 02 00 00 00 
        0x312  prot=00 00  warn=00 00  packs=2  mfr=??  cells=0
     347.982  0x311  [8]  02 38 08 24 08 24 01 62 
        0x311  CVL=56.8V  CCL=208.4A  DCL=208.4A  status=0x0162 (chg_en=1 dis_en=1 mode=2)
     348.220  0x301  [8]  0B 16 21 2C 37 42 4D 58 
        0x301  <-- KEEPALIVE FROM THE GROWATT INVERTER.
               This payload is undocumented. Write it down.
     348.720  0x301  [8]  0B 16 21 2C 37 42 4D 58 
        0x301  <-- KEEPALIVE FROM THE GROWATT INVERTER.
               This payload is undocumented. Write it down.
     348.847  0x330  [8]  02 01 02 07 0D 22 0D 1D 
     348.858  0x329  [8]  02 00 18 CB 02 00 3F 3B 
     348.867  0x323  [8]  20 0E 10 00 00 00 00 00 
     348.867  0x324  [8]  00 02 47 50 4A 30 32 31 
     348.881  0x322  [8]  01 00 00 D4 03 01 63 63 
     348.888  0x320  [8]  50 41 C3 85 85 00 00 00 
        0x320  mfr=PA  hw=195  sw=133
     348.897  0x319  [8]  C0 0D 22 0D 1D 11 17 00 
        0x319  chem=0  forceI=0 forceII=0  dis_en=0 chg_en=1  (byte0=0xC0)
     348.908  0x318  [8]  0D 1E 0D 1E 0D 1D 0D 1D 
     348.917  0x317  [8]  0D 22 0D 22 0D 21 0D 21 
     348.927  0x316  [8]  0D 1F 0D 1F 0D 1F 0D 1F 
     348.937  0x315  [8]  0D 21 0D 20 0D 20 0D 20 
     348.947  0x314  [8]  5B 2C 5B 40 00 05 05 3D 
        0x314  RM=233.40Ah  FCC=233.60Ah  dV=5mV  cycles=1341
     348.958  0x313  [8]  14 FA 00 46 00 EA 63 63 
        0x313  Vraw=5370  -> 53.70V if 0.01V  /  537.0V if 0.1V  |  I=+7.0A  T=23.4C  SOC=99%  SOH=99
     348.969  0x312  [8]  00 00 00 00 02 00 00 00 
        0x312  prot=00 00  warn=00 00  packs=2  mfr=??  cells=0
     348.981  0x311  [8]  02 38 08 24 08 24 01 62 
        0x311  CVL=56.8V  CCL=208.4A  DCL=208.4A  status=0x0162 (chg_en=1 dis_en=1 mode=2)
     349.220  0x301  [8]  0B 16 21 2C 37 42 4D 58 
        0x301  <-- KEEPALIVE FROM THE GROWATT INVERTER.
               This payload is undocumented. Write it down.
     349.720  0x301  [8]  0B 16 21 2C 37 42 4D 58 
        0x301  <-- KEEPALIVE FROM THE GROWATT INVERTER.
               This payload is undocumented. Write it down.
     349.846  0x330  [8]  02 01 01 0B 0D 22 0D 1E 
     349.857  0x329  [8]  01 00 21 38 01 00 3E 9F 
     349.866  0x323  [8]  20 0E 10 00 00 00 00 00 
     349.866  0x324  [8]  01 39 35 32 32 30 36 32 
     349.880  0x322  [8]  01 00 00 D4 03 01 63 63 
     349.887  0x320  [8]  50 41 C3 85 85 00 00 00 
        0x320  mfr=PA  hw=195  sw=133
     349.896  0x319  [8]  C0 0D 22 0D 1E 11 0B 00 
        0x319  chem=0  forceI=0 forceII=0  dis_en=0 chg_en=1  (byte0=0xC0)
     349.907  0x318  [8]  0D 1E 0D 1E 0D 1E 0D 1E 
     349.917  0x317  [8]  0D 22 0D 22 0D 21 0D 21 
     349.927  0x316  [8]  0D 1F 0D 1F 0D 1F 0D 1F 
     349.937  0x315  [8]  0D 21 0D 21 0D 20 0D 20 
     349.946  0x314  [8]  5B 2C 5B 40 00 04 05 3D 
        0x314  RM=233.40Ah  FCC=233.60Ah  dV=4mV  cycles=1341
     349.957  0x313  [8]  14 FA 00 46 00 EA 63 63 
        0x313  Vraw=5370  -> 53.70V if 0.01V  /  537.0V if 0.1V  |  I=+7.0A  T=23.4C  SOC=99%  SOH=99
     349.968  0x312  [8]  00 00 00 00 02 00 00 00 
        0x312  prot=00 00  warn=00 00  packs=2  mfr=??  cells=0
     349.980  0x311  [8]  02 38 08 24 08 24 01 62 
        0x311  CVL=56.8V  CCL=208.4A  DCL=208.4A  status=0x0162 (chg_en=1 dis_en=1 mode=2)
     350.220  0x301  [8]  0B 16 21 2C 37 42 4D 58 
        0x301  <-- KEEPALIVE FROM THE GROWATT INVERTER.
               This payload is undocumented. Write it down.
     350.720  0x301  [8]  0B 16 21 2C 37 42 4D 58 
        0x301  <-- KEEPALIVE FROM THE GROWATT INVERTER.
               This payload is undocumented. Write it down.
     350.845  0x330  [8]  02 01 02 06 0D 22 0D 1E 
     350.856  0x329  [8]  02 00 18 CB 02 00 3F 3B 
     350.865  0x323  [8]  20 0E 10 00 00 00 00 00 
     350.866  0x324  [8]  02 42 42 37 00 00 00 00 
     350.879  0x322  [8]  01 00 00 D4 03 01 63 63 
     350.886  0x320  [8]  50 41 C3 85 85 00 00 00 
        0x320  mfr=PA  hw=195  sw=133
     350.895  0x319  [8]  C0 0D 22 0D 1E 11 16 00 
        0x319  chem=0  forceI=0 forceII=0  dis_en=0 chg_en=1  (byte0=0xC0)
     350.906  0x318  [8]  0D 1F 0D 1E 0D 1E 0D 1E 
     350.916  0x317  [8]  0D 22 0D 22 0D 21 0D 21 
     350.926  0x316  [8]  0D 1F 0D 1F 0D 1F 0D 1F 
     350.936  0x315  [8]  0D 21 0D 21 0D 21 0D 20 
     350.945  0x314  [8]  5B 2C 5B 40 00 04 05 3D 
        0x314  RM=233.40Ah  FCC=233.60Ah  dV=4mV  cycles=1341
     350.956  0x313  [8]  14 FA 00 48 00 EA 63 63 
        0x313  Vraw=5370  -> 53.70V if 0.01V  /  537.0V if 0.1V  |  I=+7.2A  T=23.4C  SOC=99%  SOH=99
     350.967  0x312  [8]  00 00 00 00 02 00 00 00 
        0x312  prot=00 00  warn=00 00  packs=2  mfr=??  cells=0
     350.979  0x311  [8]  02 38 08 24 08 24 01 62 
        0x311  CVL=56.8V  CCL=208.4A  DCL=208.4A  status=0x0162 (chg_en=1 dis_en=1 mode=2)
     351.220  0x301  [8]  0B 16 21 2C 37 42 4D 58 
        0x301  <-- KEEPALIVE FROM THE GROWATT INVERTER.
               This payload is undocumented. Write it down.
     351.720  0x301  [8]  0B 16 21 2C 37 42 4D 58 
        0x301  <-- KEEPALIVE FROM THE GROWATT INVERTER.
               This payload is undocumented. Write it down.
     351.844  0x330  [8]  02 01 02 06 0D 23 0D 1E 
     351.855  0x329  [8]  01 00 21 38 01 00 3E 9F 
     351.865  0x323  [8]  20 0E 10 00 00 00 00 00 
     351.865  0x324  [8]  00 01 47 50 4A 30 32 31 
     351.878  0x322  [8]  01 00 00 D4 03 01 63 63 
     351.885  0x320  [8]  50 41 C3 85 85 00 00 00 
        0x320  mfr=PA  hw=195  sw=133
     351.894  0x319  [8]  C0 0D 23 0D 1E 11 16 00 
        0x319  chem=0  forceI=0 forceII=0  dis_en=0 chg_en=1  (byte0=0xC0)
     351.905  0x318  [8]  0D 1F 0D 1E 0D 1E 0D 1E 
     351.915  0x317  [8]  0D 23 0D 22 0D 22 0D 22 
     351.925  0x316  [8]  0D 20 0D 20 0D 1F 0D 1F 
     351.935  0x315  [8]  0D 22 0D 21 0D 21 0D 21 
     351.945  0x314  [8]  5B 2C 5B 40 00 05 05 3D 
        0x314  RM=233.40Ah  FCC=233.60Ah  dV=5mV  cycles=1341
     351.955  0x313  [8]  14 FA 00 47 00 EA 63 63 
        0x313  Vraw=5370  -> 53.70V if 0.01V  /  537.0V if 0.1V  |  I=+7.1A  T=23.4C  SOC=99%  SOH=99
     351.966  0x312  [8]  00 00 00 00 02 00 00 00 
        0x312  prot=00 00  warn=00 00  packs=2  mfr=??  cells=0
     351.978  0x311  [8]  02 38 08 24 08 24 01 62 
        0x311  CVL=56.8V  CCL=208.4A  DCL=208.4A  status=0x0162 (chg_en=1 dis_en=1 mode=2)
     352.220  0x301  [8]  0B 16 21 2C 37 42 4D 58 
        0x301  <-- KEEPALIVE FROM THE GROWATT INVERTER.
               This payload is undocumented. Write it down.
     352.719  0x301  [8]  0B 16 21 2C 37 42 4D 58 
        0x301  <-- KEEPALIVE FROM THE GROWATT INVERTER.
               This payload is undocumented. Write it down.
     352.843  0x330  [8]  02 01 02 07 0D 23 0D 1E 
     352.854  0x329  [8]  02 00 18 CB 02 00 3F 3B 
     352.864  0x323  [8]  20 0E 10 00 00 00 00 00 
     352.864  0x324  [8]  01 39 35 32 32 30 36 32 
     352.878  0x322  [8]  01 00 00 D4 03 01 63 63 
     352.884  0x320  [8]  50 41 C3 85 85 00 00 00 
        0x320  mfr=PA  hw=195  sw=133
     352.893  0x319  [8]  C0 0D 23 0D 1E 11 17 00 
        0x319  chem=0  forceI=0 forceII=0  dis_en=0 chg_en=1  (byte0=0xC0)
     352.904  0x318  [8]  0D 1F 0D 1F 0D 1E 0D 1E 
     352.914  0x317  [8]  0D 23 0D 23 0D 22 0D 22 
     352.924  0x316  [8]  0D 20 0D 20 0D 20 0D 20 
     352.934  0x315  [8]  0D 22 0D 21 0D 21 0D 21 
     352.944  0x314  [8]  5B 2C 5B 40 00 05 05 3D 
        0x314  RM=233.40Ah  FCC=233.60Ah  dV=5mV  cycles=1341
     352.955  0x313  [8]  14 FA 00 49 00 EA 63 63 
        0x313  Vraw=5370  -> 53.70V if 0.01V  /  537.0V if 0.1V  |  I=+7.3A  T=23.4C  SOC=99%  SOH=99
     352.966  0x312  [8]  00 00 00 00 02 00 00 00 
        0x312  prot=00 00  warn=00 00  packs=2  mfr=??  cells=0
     352.978  0x311  [8]  02 38 08 24 08 24 01 62 
        0x311  CVL=56.8V  CCL=208.4A  DCL=208.4A  status=0x0162 (chg_en=1 dis_en=1 mode=2)
     353.219  0x301  [8]  0B 16 21 2C 37 42 4D 58 
        0x301  <-- KEEPALIVE FROM THE GROWATT INVERTER.
               This payload is undocumented. Write it down.
     353.720  0x301  [8]  0B 16 21 2C 37 42 4D 58 
        0x301  <-- KEEPALIVE FROM THE GROWATT INVERTER.
               This payload is undocumented. Write it down.
     353.843  0x330  [8]  02 01 02 08 0D 23 0D 1E 
     353.853  0x329  [8]  01 00 21 38 01 00 3E 9F 
     353.863  0x323  [8]  20 0E 10 00 00 00 00 00 
     353.863  0x324  [8]  02 43 30 37 00 00 00 00 
     353.877  0x322  [8]  01 00 00 D4 03 01 63 63 
     353.883  0x320  [8]  50 41 C3 85 85 00 00 00 
        0x320  mfr=PA  hw=195  sw=133
     353.893  0x319  [8]  C0 0D 23 0D 1E 11 18 00 
        0x319  chem=0  forceI=0 forceII=0  dis_en=0 chg_en=1  (byte0=0xC0)
     353.903  0x318  [8]  0D 1F 0D 1F 0D 1F 0D 1E 
     353.913  0x317  [8]  0D 23 0D 23 0D 23 0D 22 
     353.923  0x316  [8]  0D 20 0D 20 0D 20 0D 20 
     353.933  0x315  [8]  0D 22 0D 22 0D 22 0D 22 
     353.943  0x314  [8]  5B 2C 5B 40 00 05 05 3D 
        0x314  RM=233.40Ah  FCC=233.60Ah  dV=5mV  cycles=1341
     353.954  0x313  [8]  14 FA 00 4C 00 EA 63 63 
        0x313  Vraw=5370  -> 53.70V if 0.01V  /  537.0V if 0.1V  |  I=+7.6A  T=23.4C  SOC=99%  SOH=99
     353.965  0x312  [8]  00 00 00 00 02 00 00 00 
        0x312  prot=00 00  warn=00 00  packs=2  mfr=??  cells=0
     353.977  0x311  [8]  02 38 08 24 08 24 01 62 
        0x311  CVL=56.8V  CCL=208.4A  DCL=208.4A  status=0x0162 (chg_en=1 dis_en=1 mode=2)
     354.219  0x301  [8]  0B 16 21 2C 37 42 4D 58 
        0x301  <-- KEEPALIVE FROM THE GROWATT INVERTER.
               This payload is undocumented. Write it down.
     354.720  0x301  [8]  0B 16 21 2C 37 42 4D 58 
        0x301  <-- KEEPALIVE FROM THE GROWATT INVERTER.
               This payload is undocumented. Write it down.
     354.842  0x330  [8]  02 09 02 07 0D 24 0D 1E 
     354.853  0x329  [8]  02 00 18 CB 02 00 3F 3B 
     354.862  0x323  [8]  20 0E 10 00 00 00 00 00 
     354.862  0x324  [8]  00 02 47 50 4A 30 32 31 
     354.876  0x322  [8]  01 00 00 D4 03 01 63 63 
     354.883  0x320  [8]  50 41 C3 85 85 00 00 00 
        0x320  mfr=PA  hw=195  sw=133
     354.892  0x319  [8]  C0 0D 24 0D 1E 19 17 00 
        0x319  chem=0  forceI=0 forceII=0  dis_en=0 chg_en=1  (byte0=0xC0)
     354.903  0x318  [8]  0D 1F 0D 1F 0D 1F 0D 1E 
     354.912  0x317  [8]  0D 24 0D 23 0D 23 0D 23 
     354.922  0x316  [8]  0D 21 0D 20 0D 20 0D 20 
     354.932  0x315  [8]  0D 22 0D 22 0D 22 0D 22 
     354.942  0x314  [8]  5B 2C 5B 40 00 06 05 3D 
        0x314  RM=233.40Ah  FCC=233.60Ah  dV=6mV  cycles=1341
     354.953  0x313  [8]  14 FA 00 4C 00 EA 63 63 
        0x313  Vraw=5370  -> 53.70V if 0.01V  /  537.0V if 0.1V  |  I=+7.6A  T=23.4C  SOC=99%  SOH=99
     354.964  0x312  [8]  00 00 00 00 02 00 00 00 
        0x312  prot=00 00  warn=00 00  packs=2  mfr=??  cells=0
     354.976  0x311  [8]  02 38 08 24 08 24 01 62 
        0x311  CVL=56.8V  CCL=208.4A  DCL=208.4A  status=0x0162 (chg_en=1 dis_en=1 mode=2)
     355.219  0x301  [8]  0B 16 21 2C 37 42 4D 58 
        0x301  <-- KEEPALIVE FROM THE GROWATT INVERTER.
               This payload is undocumented. Write it down.
     355.720  0x301  [8]  0B 16 21 2C 37 42 4D 58 
        0x301  <-- KEEPALIVE FROM THE GROWATT INVERTER.
               This payload is undocumented. Write it down.
     355.841  0x330  [8]  02 09 02 06 0D 24 0D 1F 
     355.852  0x329  [8]  01 00 21 38 01 00 3E 9F 
     355.862  0x323  [8]  20 0E 10 00 00 00 00 00 
     355.862  0x324  [8]  01 39 35 32 32 30 36 32 
     355.875  0x322  [8]  01 00 00 D4 03 01 63 63 
     355.882  0x320  [8]  50 41 C3 85 85 00 00 00 
        0x320  mfr=PA  hw=195  sw=133
     355.891  0x319  [8]  C0 0D 24 0D 1F 19 16 00 
        0x319  chem=0  forceI=0 forceII=0  dis_en=0 chg_en=1  (byte0=0xC0)
     355.902  0x318  [8]  0D 20 0D 1F 0D 1F 0D 1F 
     355.912  0x317  [8]  0D 24 0D 23 0D 23 0D 23 
     355.922  0x316  [8]  0D 21 0D 20 0D 20 0D 20 
     355.932  0x315  [8]  0D 23 0D 22 0D 22 0D 22 
     355.941  0x314  [8]  5B 2C 5B 40 00 05 05 3D 
        0x314  RM=233.40Ah  FCC=233.60Ah  dV=5mV  cycles=1341
     355.952  0x313  [8]  14 FA 00 4F 00 EA 63 63 
        0x313  Vraw=5370  -> 53.70V if 0.01V  /  537.0V if 0.1V  |  I=+7.9A  T=23.4C  SOC=99%  SOH=99
     355.963  0x312  [8]  00 00 00 00 02 00 00 00 
        0x312  prot=00 00  warn=00 00  packs=2  mfr=??  cells=0
     355.975  0x311  [8]  02 38 08 24 08 24 01 62 
        0x311  CVL=56.8V  CCL=208.4A  DCL=208.4A  status=0x0162 (chg_en=1 dis_en=1 mode=2)
     356.219  0x301  [8]  0B 16 21 2C 37 42 4D 58 
        0x301  <-- KEEPALIVE FROM THE GROWATT INVERTER.
               This payload is undocumented. Write it down.
     356.720  0x301  [8]  0B 16 21 2C 37 42 4D 58 
        0x301  <-- KEEPALIVE FROM THE GROWATT INVERTER.
               This payload is undocumented. Write it down.
     356.841  0x330  [8]  02 01 02 07 0D 24 0D 1F 
     356.851  0x329  [8]  02 00 18 CB 02 00 3F 3B 
     356.860  0x323  [8]  20 0E 10 00 00 00 00 00 
     356.861  0x324  [8]  02 42 42 37 00 00 00 00 
     356.874  0x322  [8]  01 00 00 D4 03 01 63 63 
     356.881  0x320  [8]  50 41 C3 85 85 00 00 00 
        0x320  mfr=PA  hw=195  sw=133
     356.890  0x319  [8]  C0 0D 24 0D 1F 11 17 00 
        0x319  chem=0  forceI=0 forceII=0  dis_en=0 chg_en=1  (byte0=0xC0)
     356.901  0x318  [8]  0D 20 0D 20 0D 1F 0D 1F 
     356.911  0x317  [8]  0D 24 0D 23 0D 23 0D 23 
     356.921  0x316  [8]  0D 21 0D 21 0D 21 0D 20 
     356.931  0x315  [8]  0D 23 0D 23 0D 22 0D 22 
     356.940  0x314  [8]  5B 2C 5B 40 00 05 05 3D 
        0x314  RM=233.40Ah  FCC=233.60Ah  dV=5mV  cycles=1341
     356.951  0x313  [8]  14 FA 00 4E 00 EA 63 63 
        0x313  Vraw=5370  -> 53.70V if 0.01V  /  537.0V if 0.1V  |  I=+7.8A  T=23.4C  SOC=99%  SOH=99
     356.962  0x312  [8]  00 00 00 00 02 00 00 00 
        0x312  prot=00 00  warn=00 00  packs=2  mfr=??  cells=0
     356.974  0x311  [8]  02 38 08 24 08 24 01 62 
        0x311  CVL=56.8V  CCL=208.4A  DCL=208.4A  status=0x0162 (chg_en=1 dis_en=1 mode=2)
