C AC 
BAT RX 0x330 [8] 02 02 02 09 0C B0 0C AC 
BAT RX 0x330 [8] 02 02 01 0F 0C B0 0C AC 
BAT RX 0x330 [8] 02 0D 01 0B 0C B0 0C AC 
BAT RX 0x330 [8] 01 0E 01 0B 0C B0 0C AC 
BAT RX 0x330 [8] 02 0D 01 0F 0C B0 0C AC 
BAT RX 0x330 [8] 02 0D 02 0F 0C B0 0C AC 
BAT RX 0x330 [8] 02 0D 02 06 0C B0 0C AC 


BAT RX 0x330 [8] 02 0D 02 07 0C B0 0C AC 
BAT RX 0x330 [8] 02 0D 02 0F 0C B0 0C AB 
BAT RX 0x330 [8] 02 03 01 10 0C B0 0C AC 
BAT RX 0x330 [8] 01 0E 01 0B 0C B0 0C AC 
BAT RX 0x329 [8] 01 00 22 9C 01 00 40 02 
BAT RX 0x323 [8] 20 0E 10 00 04 00 00 00 
BAT RX 0x324 [8] 00 01 47 50 4A 30 32 31 
BAT RX 0x322 [8] 00 E3 00 C0 03 01 18 14 
BAT RX 0x320 [8] 50 41 C3 85 85 00 00 00 
BAT RX 0x319 [8] 00 0C B0 0C AC 0E 0B 01 
BAT RX 0x318 [8] 0C AD 0C AD 0C AD 0C AC 
BAT RX 0x317 [8] 0C B0 0C AF 0C AF 0C AF 
BAT RX 0x316 [8] 0C AD 0C AD 0C AC 0C AC 
BAT RX 0x315 [8] 0C AF 0C AE 0C AE 0C AE 
BAT RX 0x314 [8] 14 82 5A C8 00 04 05 43 
BAT RX 0x313 [8] 14 46 00 00 00 CE 15 63 
BAT RX 0x312 [8] 00 00 00 00 02 00 00 00 
BAT RX 0x311 [8] 02 38 00 00 00 00 01 00 
BAT RX 0x330 [8] 02 0D 01 0B 0C B0 0C AC 
BAT RX 0x329 [8] 02 00 1A 25 02 00 40 9E 
BAT RX 0x323 [8] 20 0E 10 00 04 00 00 00 
BAT RX 0x324 [8] 01 39 35 32 32 30 36 32 
BAT RX 0x322 [8] 00 E3 00 C0 03 01 18 14 
BAT RX 0x320 [8] 50 41 C3 85 85 00 00 00 
BAT RX 0x319 [8] 00 0C B0 0C AC 1D 0B 01 
BAT RX 0x318 [8] 0C AD 0C AD 0C AC 0C AC 
BAT RX 0x317 [8] 0C B0 0C AF 0C AF 0C AF 
BAT RX 0x316 [8] 0C AD 0C AD 0C AC 0C AC 
BAT RX 0x315 [8] 0C AF 0C AF 0C AF 0C AE 
BAT RX 0x314 [8] 14 82 5A C8 00 04 05 43 
BAT RX 0x313 [8] 14 46 00 00 00 CE 15 63 
BAT RX 0x330 [8] 02 02 02 08 0C B0 0C AC 
BAT RX 0x330 [8] 02 0D 02 0F 0C B1 0C AB 
[304s] OK V=51.90V I=+0.0A T=20.6C SOC=21% SOH=99% | CVL=56.8V CCL=0.0A DCL=0.0A | chg=0 dis=0 fc1=0 fc2=0 | prot=0000 warn=0000 | packs=2 | inv0x305=no

---- battery-bus rate stats (VERBOSE_STATS) ----------------------------
  76 frames, 304 s elapsed
  ID     count   period(ms)  (min-max gap)
  0x317       5  13849 (1-49844)
  0x318       5  12849 (1-45844)
  0x319       5  11849 (1-41844)
  0x320       5  10849 (1-37844)
  0x322       5   9849 (1-33844)
  0x311       3  17699 (5554-29844)
  0x323       4  10466 (1-25845)
  0x324       4   9132 (1-21845)
  0x329       4   7799 (1-17844)
  0x330      20   1021 (0-13844)
  0x312       2  15397 (15397-15397)
  0x313       3   5699 (2-11397)
  0x314       3   3699 (1-7397)
  0x315       4   1851 (1-5552)
  0x316       4   1851 (1-5552)
--------------------------------------------------------------------------

  TWAI: state=RUNNING  tx_err=158 rx_err=0  tx_failed=0  rx_missed=1197 rx_overrun=0  arb_lost=0  bus_err=852260
BAT RX 0x318 [8] 0C AD 0C AD 0C AC 0C AC 
BAT RX 0x317 [8] 0C B0 0C AF 0C AF 0C AF 
BAT RX 0x316 [8] 0C AD 0C AD 0C AC 0C AC 
BAT RX 0x315 [8] 0C AF 0C AE 0C AE 0C AE 
BAT RX 0x314 [8] 14 82 5A C8 00 04 05 43 
BAT RX 0x313 [8] 14 46 00 00 00 CE 15 63 
BAT RX 0x312 [8] 00 00 00 00 02 00 00 00 
BAT RX 0x311 [8] 02 38 00 00 00 00 01 00 
BAT RX 0x330 [8] 02 0D 02 0F 0C B0 0C AB 
BAT RX 0x329 [8] 01 00 22 9C 01 00 40 02 
BAT RX 0x323 [8] 20 0E 10 00 04 00 00 00 
BAT RX 0x324 [8] 00 01 47 50 4A 30 32 31 
BAT RX 0x322 [8] 00 E3 00 C0 03 01 18 14 
BAT RX 0x320 [8] 50 41 C3 85 85 00 00 00 
BAT RX 0x319 [8] 00 0C B0 0C AB 1D 1F 01 
BAT RX 0x318 [8] 0C AD 0C AD 0C AC 0C AB 
BAT RX 0x317 [8] 0C B0 0C AF 0C AF 0C AF 
BAT RX 0x316 [8] 0C AD 0C AD 0C AC 0C AC 
BAT RX 0x315 [8] 0C AF 0C AF 0C AF 0C AE 
BAT RX 0x314 [8] 14 82 5A C8 00 05 05 43 
BAT RX 0x313 [8] 14 46 00 00 00 CE 15 63 
BAT RX 0x312 [8] 00 00 00 00 02 00 00 00 
BAT RX 0x311 [8] 02 38 00 00 00 00 01 00 
BAT RX 0x330 [8] 02 0D 02 0E 0C B0 0C AC 
BAT RX 0x329 [8] 02 00 1A 25 02 00 40 9E 
BAT RX 0x323 [8] 20 0E 10 00 04 00 00 00 
BAT RX 0x324 [8] 01 39 35 32 32 30 36 32 
BAT RX 0x322 [8] 00 E3 00 C0 03 01 18 14 
BAT RX 0x320 [8] 50 41 C3 85 85 00 00 00 
BAT RX 0x319 [8] 00 0C B0 0C AC 1D 1E 01 
[306s] OK V=51.90V I=+0.0A T=20.6C SOC=21% SOH=99% | CVL=56.8V CCL=0.0A DCL=0.0A | chg=0 dis=0 fc1=0 fc2=0 | prot=0000 warn=0000 | packs=2 | inv0x305=no
BAT RX 0x318 [8] 0C AD 0C AD 0C AC 0C AC 
BAT RX 0x317 [8] 0C B0 0C AF 0C AF 0C AF 
BAT RX 0x316 [8] 0C AD 0C AD 0C AC 0C AC 
BAT RX 0x315 [8] 0C AF 0C AF 0C AE 0C AE 
BAT RX 0x314 [8] 14 82 5A C8 00 04 05 43 
BAT RX 0x313 [8] 14 46 00 00 00 CE 15 63 
BAT RX 0x312 [8] 00 00 00 00 02 00 00 00 
BAT RX 0x311 [8] 02 38 00 00 00 00 01 00 
BAT RX 0x330 [8] 02 0D 01 10 0C B1 0C AC 
BAT RX 0x329 [8] 01 00 22 9C 01 00 40 02 
BAT RX 0x323 [8] 20 0E 10 00 04 00 00 00 
BAT RX 0x324 [8] 02 43 30 37 00 00 00 00 
BAT RX 0x322 [8] 00 E3 00 C0 03 01 18 14 
BAT RX 0x320 [8] 50 41 C3 85 85 00 00 00 
BAT RX 0x319 [8] 00 0C B1 0C AC 1D 10 01 
BAT RX 0x318 [8] 0C AD 0C AD 0C AD 0C AC 
BAT RX 0x317 [8] 0C B1 0C AF 0C AF 0C AF 
BAT RX 0x316 [8] 0C AC 0C AC 0C AC 0C AC 
BAT RX 0x315 [8] 0C AF 0C AF 0C AF 0C AE 
BAT RX 0x314 [8] 14 82 5A C8 00 05 05 43 
BAT RX 0x313 [8] 14 46 00 00 00 CE 15 63 
BAT RX 0x312 [8] 00 00 00 00 02 00 00 00 
BAT RX 0x311 [8] 02 38 00 00 00 00 01 00 
BAT RX 0x330 [8] 02 0D 01 0B 0C B0 0C AC 
BAT RX 0x329 [8] 02 00 1A 25 02 00 40 9E 
BAT RX 0x323 [8] 20 0E 10 00 04 00 00 00 
BAT RX 0x324 [8] 00 02 47 50 4A 30 32 31 
BAT RX 0x322 [8] 00 E3 00 C0 03 01 18 14 
BAT RX 0x320 [8] 50 41 C3 85 85 00 00 00 
BAT RX 0x319 [8] 00 0C B0 0C AC 1D 0B 01 
[308s] OK V=51.90V I=+0.0A T=20.6C SOC=21% SOH=99% | CVL=56.8V CCL=0.0A DCL=0.0A | chg=0 dis=0 fc1=0 fc2=0 | prot=0000 warn=0000 | packs=2 | inv0x305=no
BAT RX 0x318 [8] 0C AD 0C AC 0C AC 0C AC 
BAT RX 0x317 [8] 0C B0 0C AF 0C AF 0C AF 
BAT RX 0x316 [8] 0C AD 0C AD 0C AC 0C AC 
BAT RX 0x315 [8] 0C AF 0C AF 0C AE 0C AE 
BAT RX 0x314 [8] 14 82 5A C8 00 04 05 43 
BAT RX 0x313 [8] 14 46 00 00 00 CE 15 63 
BAT RX 0x312 [8] 00 00 00 00 02 00 00 00 
BAT RX 0x311 [8] 02 38 00 00 00 00 01 00 
BAT RX 0x330 [8] 02 02 02 08 0C B0 0C AC 
BAT RX 0x329 [8] 01 00 22 9C 01 00 40 02 
BAT RX 0x323 [8] 20 0E 10 00 04 00 00 00 
BAT RX 0x324 [8] 01 39 35 32 32 30 36 32 
BAT RX 0x322 [8] 00 E3 00 C0 03 01 18 14 
BAT RX 0x320 [8] 50 41 C3 85 85 00 00 00 
BAT RX 0x319 [8] 00 0C B0 0C AC 12 18 01 
BAT RX 0x318 [8] 0C AD 0C AD 0C AC 0C AC 
BAT RX 0x317 [8] 0C B0 0C B0 0C AF 0C AE 
BAT RX 0x316 [8] 0C AC 0C AC 0C AC 0C AC 
BAT RX 0x315 [8] 0C B0 0C AF 0C AF 0C AE 
BAT RX 0x314 [8] 14 82 5A C8 00 04 05 43 
BAT RX 0x313 [8] 14 46 00 00 00 CE 15 63 
BAT RX 0x312 [8] 00 00 00 00 02 00 00 00 
BAT RX 0x311 [8] 02 38 00 00 00 00 01 00 
BAT RX 0x330 [8] 02 0D 01 0A 0C B0 0C AC 
BAT RX 0x329 [8] 02 00 1A 25 02 00 40 9E 
BAT RX 0x323 [8] 20 0E 10 00 04 00 00 00 
BAT RX 0x324 [8] 02 42 42 37 00 00 00 00 
BAT RX 0x322 [8] 00 E3 00 C0 03 01 18 14 
BAT RX 0x320 [8] 50 41 C3 85 85 00 00 00 
BAT RX 0x319 [8] 00 0C B0 0C AC 1D 0A 01 
BAT RX 0x318 [8] 0C AD 0C AD 0C AC 0C AC 
[310s] OK V=51.90V I=+0.0A T=20.6C SOC=21% SOH=99% | CVL=56.8V CCL=0.0A DCL=0.0A | chg=0 dis=0 fc1=0 fc2=0 | prot=0000 warn=0000 | packs=2 | inv0x305=no
BAT RX 0x317 [8] 0C B0 0C AF 0C AF 0C AF 
BAT RX 0x316 [8] 0C AD 0C AD 0C AC 0C AC 
BAT RX 0x315 [8] 0C B0 0C AF 0C AF 0C AF 
BAT RX 0x314 [8] 14 82 5A C8 00 04 05 43 
BAT RX 0x313 [8] 14 46 00 00 00 CE 15 63 
BAT RX 0x312 [8] 00 00 00 00 02 00 00 00 
BAT RX 0x311 [8] 02 38 00 00 00 00 01 00 
BAT RX 0x330 [8] 02 0D 01 0B 0C B0 0C AC 
BAT RX 0x329 [8] 01 00 22 9C 01 00 40 02 
BAT RX 0x323 [8] 20 0E 10 00 04 00 00 00 
BAT RX 0x324 [8] 00 01 47 50 4A 30 32 31 
BAT RX 0x322 [8] 00 E3 00 C0 03 01 18 14 
BAT RX 0x320 [8] 50 41 C3 85 85 00 00 00 
BAT RX 0x319 [8] 00 0C B0 0C AC 1D 0B 01 
BAT RX 0x318 [8] 0C AD 0C AC 0C AC 0C AC 
BAT RX 0x317 [8] 0C B0 0C AF 0C AF 0C AF 
BAT RX 0x316 [8] 0C AD 0C AD 0C AD 0C AC 
BAT RX 0x315 [8] 0C AF 0C AF 0C AE 0C AE 
BAT RX 0x314 [8] 14 82 5A C8 00 04 05 43 
BAT RX 0x313 [8] 14 46 00 00 00 CE 15 63 
BAT RX 0x312 [8] 00 00 00 00 02 00 00 00 
BAT RX 0x311 [8] 02 38 00 00 00 00 01 00 
BAT RX 0x330 [8] 02 03 02 0E 0C B0 0C AC 
BAT RX 0x329 [8] 02 00 1A 25 02 00 40 9E 
BAT RX 0x323 [8] 20 0E 10 00 04 00 00 00 
BAT RX 0x324 [8] 01 39 35 32 32 30 36 32 
BAT RX 0x322 [8] 00 E3 00 C0 03 01 18 14 
BAT RX 0x320 [8] 50 41 C3 85 85 00 00 00 
BAT RX 0x319 [8] 00 0C B0 0C AC 13 1E 01 
BAT RX 0x318 [8] 0C AD 0C AD 0C AC 0C AC 
[312s] OK V=51.90V I=+0.0A T=20.6C SOC=21% SOH=99% | CVL=56.8V CCL=0.0A DCL=0.0A | chg=0 dis=0 fc1=0 fc2=0 | prot=0000 warn=0000 | packs=2 | inv0x305=no
BAT RX 0x317 [8] 0C B0 0C B0 0C AF 0C AF 
BAT RX 0x316 [8] 0C AD 0C AD 0C AC 0C AC 
BAT RX 0x315 [8] 0C B0 0C AF 0C AF 0C AF 
BAT RX 0x314 [8] 14 82 5A C8 00 04 05 43 
BAT RX 0x313 [8] 14 46 00 00 00 CE 15 63 
BAT RX 0x312 [8] 00 00 00 00 02 00 00 00 
BAT RX 0x311 [8] 02 38 00 00 00 00 01 00 
BAT RX 0x330 [8] 02 03 01 0B 0C B0 0C AC 
BAT RX 0x329 [8] 01 00 22 9C 01 00 40 02 
BAT RX 0x323 [8] 20 0E 10 00 04 00 00 00 
BAT RX 0x324 [8] 02 43 30 37 00 00 00 00 
BAT RX 0x322 [8] 00 E3 00 C0 03 01 18 14 
BAT RX 0x320 [8] 50 41 C3 85 85 00 00 00 
BAT RX 0x319 [8] 00 0C B0 0C AC 13 0B 01 
BAT RX 0x318 [8] 0C AD 0C AD 0C AD 0C AC 
BAT RX 0x317 [8] 0C B0 0C AF 0C AF 0C AF 
BAT RX 0x316 [8] 0C AD 0C AC 0C AC 0C AC 
BAT RX 0x315 [8] 0C AF 0C AF 0C AF 0C AE 
BAT RX 0x314 [8] 14 82 5A C8 00 04 05 43 
BAT RX 0x313 [8] 14 46 00 00 00 CE 15 63 
BAT RX 0x312 [8] 00 00 00 00 02 00 00 00 
BAT RX 0x311 [8] 02 38 00 00 00 00 01 00 
BAT RX 0x330 [8] 02 02 02 09 0C B0 0C AC 
BAT RX 0x329 [8] 02 00 1A 25 02 00 40 9E 
BAT RX 0x323 [8] 20 0E 10 00 04 00 00 00 
BAT RX 0x324 [8] 00 02 47 50 4A 30 32 31 
BAT RX 0x322 [8] 00 E3 00 C0 03 01 18 14 
BAT RX 0x320 [8] 50 41 C3 85 85 00 00 00 
BAT RX 0x319 [8] 00 0C B0 0C AC 12 19 01 
BAT RX 0x318 [8] 0C AD 0C AD 0C AC 0C AC 
[314s] OK V=51.90V I=+0.0A T=20.6C SOC=21% SOH=99% | CVL=56.8V CCL=0.0A DCL=0.0A | chg=0 dis=0 fc1=0 fc2=0 | prot=0000 warn=0000 | packs=2 | inv0x305=no
BAT RX 0x317 [8] 0C B0 0C B0 0C AF 0C AF 
BAT RX 0x316 [8] 0C AC 0C AC 0C AC 0C AC 
BAT RX 0x315 [8] 0C AF 0C AF 0C AF 0C AE 
BAT RX 0x314 [8] 14 82 5A C8 00 04 05 43 
BAT RX 0x313 [8] 14 46 00 00 00 CE 15 63 
BAT RX 0x312 [8] 00 00 00 00 02 00 00 00 
BAT RX 0x311 [8] 02 38 00 00 00 00 01 00 
BAT RX 0x330 [8] 02 0D 02 0F 0C B0 0C AC 
BAT RX 0x329 [8] 01 00 22 9C 01 00 40 02 
BAT RX 0x323 [8] 20 0E 10 00 04 00 00 00 
BAT RX 0x324 [8] 01 39 35 32 32 30 36 32 
BAT RX 0x322 [8] 00 E3 00 C0 03 01 18 14 
BAT RX 0x320 [8] 50 41 C3 85 85 00 00 00 
BAT RX 0x319 [8] 00 0C B0 0C AC 1D 1F 01 
BAT RX 0x318 [8] 0C AD 0C AD 0C AD 0C AC 
BAT RX 0x317 [8] 0C B0 0C AF 0C AF 0C AF 
BAT RX 0x316 [8] 0C AD 0C AD 0C AD 0C AD 
BAT RX 0x315 [8] 0C AF 0C AE 0C AE 0C AE 
BAT RX 0x314 [8] 14 82 5A C8 00 04 05 43 
BAT RX 0x313 [8] 14 46 00 00 00 CE 15 63 
BAT RX 0x312 [8] 00 00 00 00 02 00 00 00 
BAT RX 0x311 [8] 02 38 00 00 00 00 01 00 
BAT RX 0x330 [8] 02 03 02 0E 0C B0 0C AC 
BAT RX 0x329 [8] 02 00 1A 25 02 00 40 9E 
BAT RX 0x323 [8] 20 0E 10 00 04 00 00 00 
BAT RX 0x324 [8] 02 42 42 37 00 00 00 00 
BAT RX 0x322 [8] 00 E3 00 C0 03 01 18 14 
BAT RX 0x320 [8] 50 41 C3 85 85 00 00 00 
BAT RX 0x319 [8] 00 0C B0 0C AC 13 1E 01 
BAT RX 0x318 [8] 0C AD 0C AD 0C AD 0C AC 
[316s] OK V=51.90V I=+0.0A T=20.6C SOC=21% SOH=99% | CVL=56.8V CCL=0.0A DCL=0.0A | chg=0 dis=0 fc1=0 fc2=0 | prot=0000 warn=0000 | packs=2 | inv0x305=no
BAT RX 0x317 [8] 0C B0 0C AF 0C AF 0C AF 
BAT RX 0x316 [8] 0C AD 0C AD 0C AD 0C AD 
BAT RX 0x315 [8] 0C AF 0C AE 0C AE 0C AE 
BAT RX 0x314 [8] 14 82 5A C8 00 04 05 43 
BAT RX 0x313 [8] 14 46 00 00 00 CE 15 63 
BAT RX 0x312 [8] 00 00 00 00 02 00 00 00 
BAT RX 0x311 [8] 02 38 00 00 00 00 01 00 
BAT RX 0x330 [8] 02 02 01 02 0C B0 0C AD 
BAT RX 0x329 [8] 01 00 22 9C 01 00 40 02 
BAT RX 0x323 [8] 20 0E 10 00 04 00 00 00 
BAT RX 0x324 [8] 00 01 47 50 4A 30 32 31 
BAT RX 0x322 [8] 00 E3 00 C0 03 01 18 14 
BAT RX 0x320 [8] 50 41 C3 85 85 00 00 00 
BAT RX 0x319 [8] 00 0C B0 0C AD 12 02 01 
BAT RX 0x318 [8] 0C AD 0C AD 0C AD 0C AD 
BAT RX 0x317 [8] 0C B0 0C AF 0C AF 0C AE 
BAT RX 0x316 [8] 0C AD 0C AD 0C AD 0C AC 
BAT RX 0x315 [8] 0C AF 0C AF 0C AE 0C AE 
BAT RX 0x314 [8] 14 82 5A C8 00 03 05 43 
BAT RX 0x313 [8] 14 46 00 00 00 CE 15 63 
BAT RX 0x312 [8] 00 00 00 00 02 00 00 00 
BAT RX 0x311 [8] 02 38 00 00 00 00 01 00 
BAT RX 0x330 [8] 02 03 01 0B 0C B0 0C AC 
BAT RX 0x329 [8] 02 00 1A 25 02 00 40 9E 
BAT RX 0x323 [8] 20 0E 10 00 04 00 00 00 
BAT RX 0x324 [8] 01 39 35 32 32 30 36 32 
BAT RX 0x322 [8] 00 E3 00 C0 03 01 18 14 
BAT RX 0x320 [8] 50 41 C3 85 85 00 00 00 
BAT RX 0x319 [8] 00 0C B0 0C AC 13 0B 01 
BAT RX 0x318 [8] 0C AD 0C AD 0C AD 0C AC 
[318s] OK V=51.90V I=+0.0A T=20.6C SOC=21% SOH=99% | CVL=56.8V CCL=0.0A DCL=0.0A | chg=0 dis=0 fc1=0 fc2=0 | prot=0000 warn=0000 | packs=2 | inv0x305=no
BAT RX 0x317 [8] 0C B0 0C AF 0C AF 0C AF 
BAT RX 0x316 [8] 0C AD 0C AD 0C AD 0C AC 
BAT RX 0x315 [8] 0C AF 0C AE 0C AE 0C AE 
BAT RX 0x314 [8] 14 82 5A C8 00 04 05 43 
BAT RX 0x313 [8] 14 46 00 00 00 CE 15 63 
BAT RX 0x312 [8] 00 00 00 00 02 00 00 00 
BAT RX 0x311 [8] 02 38 00 00 00 00 01 00 
BAT RX 0x330 [8] 02 03 01 10 0C B0 0C AC 
BAT RX 0x329 [8] 01 00 22 9C 01 00 40 02 
BAT RX 0x323 [8] 20 0E 10 00 04 00 00 00 
BAT RX 0x324 [8] 02 43 30 37 00 00 00 00 
BAT RX 0x322 [8] 00 E3 00 C0 03 01 18 14 
BAT RX 0x320 [8] 50 41 C3 85 85 00 00 00 
BAT RX 0x319 [8] 00 0C B0 0C AC 13 10 01 
BAT RX 0x318 [8] 0C AD 0C AD 0C AD 0C AC 

---- battery-bus rate stats (VERBOSE_STATS) ----------------------------
  302 frames, 319 s elapsed
  ID     count   period(ms)  (min-max gap)
  0x317      20   3652 (1-49844)
  0x318      21   3319 (1-45844)
  0x319      20   3283 (1-41844)
  0x320      20   3072 (1-37844)
  0x322      20   2861 (1-33844)
  0x311      18   2909 (78-29844)
  0x323      19   2575 (1-25845)
  0x324      19   2352 (1-21845)
  0x329      19   2130 (1-17844)
  0x330      35   1009 (0-13844)
  0x312      17   1840 (65-15397)
  0x313      18   1496 (2-11397)
  0x314      18   1260 (1-7397)
  0x315      19   1087 (1-5552)
  0x316      19   1087 (1-5552)
--------------------------------------------------------------------------

  TWAI: state=RUNNING  tx_err=143 rx_err=0  tx_failed=0  rx_missed=1197 rx_overrun=0  arb_lost=0  bus_err=852260
BAT RX 0x317 [8] 0C B0 0C AF 0C AF 0C AF 
BAT RX 0x316 [8] 0C AD 0C AD 0C AC 0C AC 
BAT RX 0x315 [8] 0C AF 0C AF 0C AE 0C AE 
BAT RX 0x314 [8] 14 82 5A C8 00 04 05 43 
BAT RX 0x313 [8] 14 46 00 00 00 CE 15 63 
BAT RX 0x312 [8] 00 00 00 00 02 00 00 00 
BAT RX 0x311 [8] 02 38 00 00 00 00 01 00 
BAT RX 0x330 [8] 02 02 01 10 0C B0 0C AC 
BAT RX 0x329 [8] 02 00 1A 25 02 00 40 9E 
BAT RX 0x323 [8] 20 0E 10 00 04 00 00 00 
BAT RX 0x324 [8] 00 02 47 50 4A 30 32 31 
BAT RX 0x322 [8] 00 E3 00 C0 03 01 18 14 
BAT RX 0x320 [8] 50 41 C3 85 85 00 00 00 
BAT RX 0x319 [8] 00 0C B0 0C AC 12 10 01 
BAT RX 0x318 [8] 0C AD 0C AD 0C AC 0C AC 
[320s] OK V=51.90V I=+0.0A T=20.6C SOC=21% SOH=99% | CVL=56.8V CCL=0.0A DCL=0.0A | chg=0 dis=0 fc1=0 fc2=0 | prot=0000 warn=0000 | packs=2 | inv0x305=no
BAT RX 0x317 [8] 0C B0 0C AF 0C AF 0C AE 
BAT RX 0x316 [8] 0C AD 0C AD 0C AD 0C AC 
BAT RX 0x315 [8] 0C AF 0C AF 0C AE 0C AE 
BAT RX 0x314 [8] 14 82 5A C8 00 04 05 43 
BAT RX 0x313 [8] 14 46 00 00 00 CE 15 63 
BAT RX 0x312 [8] 00 00 00 00 02 00 00 00 
BAT RX 0x311 [8] 02 38 00 00 00 00 01 00 
BAT RX 0x330 [8] 02 04 02 0E 0C B0 0C AC 
BAT RX 0x329 [8] 01 00 22 9C 01 00 40 02 
BAT RX 0x323 [8] 20 0E 10 00 04 00 00 00 
BAT RX 0x324 [8] 01 39 35 32 32 30 36 32 
BAT RX 0x322 [8] 00 E3 00 C0 03 01 18 14 
BAT RX 0x320 [8] 50 41 C3 85 85 00 00 00 
BAT RX 0x319 [8] 00 0C B0 0C AC 14 1E 01 
BAT RX 0x318 [8] 0C AD 0C AD 0C AC 0C AC 
BAT RX 0x317 [8] 0C B0 0C B0 0C AF 0C AF 
BAT RX 0x316 [8] 0C AD 0C AD 0C AD 0C AD 
BAT RX 0x315 [8] 0C AF 0C AE 0C AE 0C AE 
BAT RX 0x314 [8] 14 82 5A C8 00 04 05 43 
BAT RX 0x313 [8] 14 46 00 00 00 CE 15 63 
BAT RX 0x312 [8] 00 00 00 00 02 00 00 00 
BAT RX 0x311 [8] 02 38 00 00 00 00 01 00 
BAT RX 0x330 [8] 02 0D 02 06 0C B1 0C AC 
BAT RX 0x329 [8] 02 00 1A 25 02 00 40 9E 
BAT RX 0x323 [8] 20 0E 10 00 04 00 00 00 
BAT RX 0x324 [8] 02 42 42 37 00 00 00 00 
BAT RX 0x322 [8] 00 E3 00 C0 03 01 18 14 
BAT RX 0x320 [8] 50 41 C3 85 85 00 00 00 
BAT RX 0x319 [8] 00 0C B1 0C AC 1D 16 01 
BAT RX 0x318 [8] 0C AD 0C AC 0C AC 0C AC 
BAT RX 0x317 [8] 0C B1 0C AF 0C AF 0C AF 
[322s] OK V=51.90V I=+0.0A T=20.6C SOC=21% SOH=99% | CVL=56.8V CCL=0.0A DCL=0.0A | chg=0 dis=0 fc1=0 fc2=0 | prot=0000 warn=0000 | packs=2 | inv0x305=no
BAT RX 0x316 [8] 0C AD 0C AD 0C AD 0C AC 
BAT RX 0x315 [8] 0C AF 0C AF 0C AF 0C AE 
BAT RX 0x314 [8] 14 82 5A C8 00 05 05 43 
BAT RX 0x313 [8] 14 46 00 00 00 CE 15 63 
BAT RX 0x312 [8] 00 00 00 00 02 00 00 00 
BAT RX 0x311 [8] 02 38 00 00 00 00 01 00 
BAT RX 0x330 [8] 02 0D 01 0B 0C B0 0C AC 
BAT RX 0x329 [8] 01 00 22 9C 01 00 40 02 
BAT RX 0x323 [8] 20 0E 10 00 04 00 00 00 
BAT RX 0x324 [8] 00 01 47 50 4A 30 32 31 
BAT RX 0x322 [8] 00 E3 00 C0 03 01 18 14 
BAT RX 0x320 [8] 50 41 C3 85 85 00 00 00 
BAT RX 0x319 [8] 00 0C B0 0C AC 1D 0B 01 
BAT RX 0x318 [8] 0C AD 0C AD 0C AC 0C AC 
BAT RX 0x317 [8] 0C B0 0C AF 0C AF 0C AF 
BAT RX 0x316 [8] 0C AD 0C AD 0C AD 0C AC 
BAT RX 0x315 [8] 0C AF 0C AE 0C AE 0C AE 
BAT RX 0x314 [8] 14 82 5A C8 00 04 05 43 
BAT RX 0x313 [8] 14 46 00 00 00 CE 15 63 
BAT RX 0x312 [8] 00 00 00 00 02 00 00 00 
BAT RX 0x311 [8] 02 38 00 00 00 00 01 00 
BAT RX 0x330 [8] 01 07 01 0A 0C B0 0C AC 
BAT RX 0x329 [8] 02 00 1A 25 02 00 40 9E 
BAT RX 0x323 [8] 20 0E 10 00 04 00 00 00 
BAT RX 0x324 [8] 01 39 35 32 32 30 36 32 
BAT RX 0x322 [8] 00 E3 00 C0 03 01 18 14 
BAT RX 0x320 [8] 50 41 C3 85 85 00 00 00 
BAT RX 0x319 [8] 00 0C B0 0C AC 07 0A 01 
BAT RX 0x318 [8] 0C AD 0C AD 0C AC 0C AC 
BAT RX 0x317 [8] 0C B0 0C AF 0C AF 0C AF 
[324s] OK V=51.90V I=+0.0A T=20.6C SOC=21% SOH=99% | CVL=56.8V CCL=0.0A DCL=0.0A | chg=0 dis=0 fc1=0 fc2=0 | prot=0000 warn=0000 | packs=2 | inv0x305=no
BAT RX 0x316 [8] 0C AD 0C AD 0C AD 0C AD 
BAT RX 0x315 [8] 0C AF 0C AE 0C AE 0C AE 
BAT RX 0x314 [8] 14 82 5A C8 00 04 05 43 
BAT RX 0x313 [8] 14 46 00 00 00 CE 15 63 
BAT RX 0x312 [8] 00 00 00 00 02 00 00 00 
BAT RX 0x311 [8] 02 38 00 00 00 00 01 00 
BAT RX 0x330 [8] 02 0D 01 0A 0C B0 0C AC 
BAT RX 0x329 [8] 01 00 22 9C 01 00 40 02 
BAT RX 0x323 [8] 20 0E 10 00 04 00 00 00 
BAT RX 0x324 [8] 02 43 30 37 00 00 00 00 
BAT RX 0x322 [8] 00 E3 00 C0 03 01 18 14 
BAT RX 0x320 [8] 50 41 C3 85 85 00 00 00 
BAT RX 0x319 [8] 00 0C B0 0C AC 1D 0A 01 
BAT RX 0x318 [8] 0C AD 0C AD 0C AD 0C AC 
BAT RX 0x317 [8] 0C B0 0C AF 0C AF 0C AF 
BAT RX 0x316 [8] 0C AD 0C AD 0C AD 0C AD 
BAT RX 0x315 [8] 0C AF 0C AE 0C AE 0C AE 
BAT RX 0x314 [8] 14 82 5A C8 00 04 05 43 
BAT RX 0x313 [8] 14 46 00 00 00 CE 15 63 
BAT RX 0x312 [8] 00 00 00 00 02 00 00 00 
BAT RX 0x311 [8] 02 38 00 00 00 00 01 00 
BAT RX 0x330 [8] 02 0D 02 0F 0C B1 0C AC 
BAT RX 0x329 [8] 02 00 1A 25 02 00 40 9E 
BAT RX 0x323 [8] 20 0E 10 00 04 00 00 00 
BAT RX 0x324 [8] 00 02 47 50 4A 30 32 31 
BAT RX 0x322 [8] 00 E3 00 C0 03 01 18 14 
BAT RX 0x320 [8] 50 41 C3 85 85 00 00 00 
BAT RX 0x319 [8] 00 0C B1 0C AC 1D 1F 01 
BAT RX 0x318 [8] 0C AD 0C AD 0C AD 0C AC 
BAT RX 0x317 [8] 0C B1 0C AF 0C AF 0C AF 
[326s] OK V=51.90V I=+0.0A T=20.6C SOC=21% SOH=99% | CVL=56.8V CCL=0.0A DCL=0.0A | chg=0 dis=0 fc1=0 fc2=0 | prot=0000 warn=0000 | packs=2 | inv0x305=no
BAT RX 0x316 [8] 0C AD 0C AD 0C AD 0C AD 
BAT RX 0x315 [8] 0C AF 0C AE 0C AE 0C AE 
BAT RX 0x314 [8] 14 82 5A C8 00 05 05 43 
BAT RX 0x313 [8] 14 46 00 00 00 CE 15 63 
BAT RX 0x312 [8] 00 00 00 00 02 00 00 00 
BAT RX 0x311 [8] 02 38 00 00 00 00 01 00 
BAT RX 0x330 [8] 02 0D 01 05 0C B1 0C AC 
BAT RX 0x329 [8] 01 00 22 9C 01 00 40 02 
BAT RX 0x323 [8] 20 0E 10 00 04 00 00 00 
BAT RX 0x324 [8] 01 39 35 32 32 30 36 32 
BAT RX 0x322 [8] 00 E3 00 C0 03 01 18 14 
BAT RX 0x320 [8] 50 41 C3 85 85 00 00 00 
BAT RX 0x319 [8] 00 0C B1 0C AC 1D 05 01 
BAT RX 0x318 [8] 0C AC 0C AC 0C AC 0C AC 
BAT RX 0x317 [8] 0C B1 0C AF 0C AF 0C AF 
BAT RX 0x316 [8] 0C AD 0C AD 0C AD 0C AC 
BAT RX 0x315 [8] 0C B0 0C AF 0C AF 0C AE 
BAT RX 0x314 [8] 14 82 5A C8 00 05 05 43 
BAT RX 0x313 [8] 14 46 00 00 00 CE 15 63 
BAT RX 0x312 [8] 00 00 00 00 02 00 00 00 
BAT RX 0x311 [8] 02 38 00 00 00 00 01 00 
BAT RX 0x330 [8] 02 03 01 03 0C B0 0C AC 
BAT RX 0x329 [8] 02 00 1A 25 02 00 40 9E 
BAT RX 0x323 [8] 20 0E 10 00 04 00 00 00 
BAT RX 0x324 [8] 02 42 42 37 00 00 00 00 
BAT RX 0x322 [8] 00 E3 00 C0 03 01 18 14 
BAT RX 0x320 [8] 50 41 C3 85 85 00 00 00 
BAT RX 0x319 [8] 00 0C B0 0C AC 13 03 01 
BAT RX 0x318 [8] 0C AD 0C AD 0C AC 0C AC 
BAT RX 0x317 [8] 0C B0 0C AF 0C AF 0C AF 
[328s] OK V=51.90V I=+0.0A T=20.6C SOC=21% SOH=99% | CVL=56.8V CCL=0.0A DCL=0.0A | chg=0 dis=0 fc1=0 fc2=0 | prot=0000 warn=0000 | packs=2 | inv0x305=no
BAT RX 0x316 [8] 0C AD 0C AD 0C AD 0C AC 
BAT RX 0x315 [8] 0C B0 0C AF 0C AF 0C AE 
BAT RX 0x314 [8] 14 82 5A C8 00 04 05 43 
BAT RX 0x313 [8] 14 46 00 00 00 CE 15 63 
BAT RX 0x312 [8] 00 00 00 00 02 00 00 00 
BAT RX 0x311 [8] 02 38 00 00 00 00 01 00 
BAT RX 0x330 [8] 01 07 01 0A 0C B0 0C AC 
BAT RX 0x329 [8] 01 00 22 9C 01 00 40 02 
BAT RX 0x323 [8] 20 0E 10 00 04 00 00 00 
BAT RX 0x324 [8] 00 01 47 50 4A 30 32 31 
BAT RX 0x322 [8] 00 E3 00 C0 03 01 18 14 
BAT RX 0x320 [8] 50 41 C3 85 85 00 00 00 
BAT RX 0x319 [8] 00 0C B0 0C AC 07 0A 01 
BAT RX 0x318 [8] 0C AD 0C AD 0C AD 0C AC 
BAT RX 0x317 [8] 0C B0 0C AF 0C AF 0C AF 
BAT RX 0x316 [8] 0C AD 0C AD 0C AC 0C AC 
BAT RX 0x315 [8] 0C B0 0C AF 0C AF 0C AE 
BAT RX 0x314 [8] 14 82 5A C8 00 04 05 43 
BAT RX 0x313 [8] 14 46 00 00 00 CE 15 63 
BAT RX 0x312 [8] 00 00 00 00 02 00 00 00 
BAT RX 0x311 [8] 02 38 00 00 00 00 01 00 
BAT RX 0x330 [8] 02 03 01 0F 0C B0 0C AC 
BAT RX 0x329 [8] 02 00 1A 25 02 00 40 9E 
BAT RX 0x323 [8] 20 0E 10 00 04 00 00 00 
BAT RX 0x324 [8] 01 39 35 32 32 30 36 32 
BAT RX 0x322 [8] 00 E3 00 C0 03 01 18 14 
BAT RX 0x320 [8] 50 41 C3 85 85 00 00 00 
BAT RX 0x319 [8] 00 0C B0 0C AC 13 0F 01 
BAT RX 0x318 [8] 0C AD 0C AD 0C AC 0C AC 
BAT RX 0x317 [8] 0C B0 0C AF 0C AF 0C AF 
[330s] OK V=51.90V I=+0.0A T=20.6C SOC=21% SOH=99% | CVL=56.8V CCL=0.0A DCL=0.0A | chg=0 dis=0 fc1=0 fc2=0 | prot=0000 warn=0000 | packs=2 | inv0x305=no
BAT RX 0x316 [8] 0C AD 0C AD 0C AD 0C AD 
BAT RX 0x315 [8] 0C AF 0C AF 0C AF 0C AE 
BAT RX 0x314 [8] 14 82 5A C8 00 04 05 43 
BAT RX 0x313 [8] 14 46 00 00 00 CE 15 63 
BAT RX 0x312 [8] 00 00 00 00 02 00 00 00 
BAT RX 0x311 [8] 02 38 00 00 00 00 01 00 
BAT RX 0x330 [8] 02 03 02 06 0C B0 0C AC 
BAT RX 0x329 [8] 01 00 22 9C 01 00 40 02 
BAT RX 0x323 [8] 20 0E 10 00 04 00 00 00 
BAT RX 0x324 [8] 02 43 30 37 00 00 00 00 
BAT RX 0x322 [8] 00 E3 00 C0 03 01 18 14 
BAT RX 0x320 [8] 50 41 C3 85 85 00 00 00 
BAT RX 0x319 [8] 00 0C B0 0C AC 13 16 01 
BAT RX 0x318 [8] 0C AD 0C AD 0C AC 0C AC 
BAT RX 0x317 [8] 0C B0 0C AF 0C AF 0C AF 
BAT RX 0x316 [8] 0C AD 0C AD 0C AD 0C AD 
BAT RX 0x315 [8] 0C AF 0C AE 0C AE 0C AE 
BAT RX 0x314 [8] 14 82 5A C8 00 04 05 43 
BAT RX 0x313 [8] 14 46 00 00 00 CE 15 63 
BAT RX 0x312 [8] 00 00 00 00 02 00 00 00 
BAT RX 0x311 [8] 02 38 00 00 00 00 01 00 
BAT RX 0x330 [8] 01 0E 01 10 0C B0 0C AC 
BAT RX 0x329 [8] 02 00 1A 25 02 00 40 9E 
BAT RX 0x323 [8] 20 0E 10 00 04 00 00 00 
BAT RX 0x324 [8] 00 02 47 50 4A 30 32 31 
BAT RX 0x322 [8] 00 E3 00 C0 03 01 18 14 
BAT RX 0x320 [8] 50 41 C3 85 85 00 00 00 
BAT RX 0x319 [8] 00 0C B0 0C AC 0E 10 01 
BAT RX 0x318 [8] 0C AD 0C AD 0C AC 0C AC 
BAT RX 0x317 [8] 0C B0 0C AF 0C AF 0C AF 
[332s] OK V=51.90V I=+0.0A T=20.6C SOC=21% SOH=99% | CVL=56.8V CCL=0.0A DCL=0.0A | chg=0 dis=0 fc1=0 fc2=0 | prot=0000 warn=0000 | packs=2 | inv0x305=no
BAT RX 0x316 [8] 0C AD 0C AD 0C AD 0C AD 
BAT RX 0x315 [8] 0C AF 0C AE 0C AE 0C AE 
BAT RX 0x314 [8] 14 6E 5A C8 00 04 05 43 
BAT RX 0x313 [8] 14 46 00 00 00 CE 15 63 
BAT RX 0x312 [8] 00 00 00 00 02 00 00 00 
BAT RX 0x311 [8] 02 38 00 00 00 00 01 00 
BAT RX 0x330 [8] 02 0D 02 0F 0C B0 0C AC 
BAT RX 0x329 [8] 01 00 22 9C 01 00 40 02 
BAT RX 0x323 [8] 20 0E 10 00 04 00 00 00 
BAT RX 0x324 [8] 01 39 35 32 32 30 36 32 
BAT RX 0x322 [8] 00 E3 00 C0 03 01 18 14 
BAT RX 0x320 [8] 50 41 C3 85 85 00 00 00 
BAT RX 0x319 [8] 00 0C B0 0C AC 1D 1F 01 
BAT RX 0x318 [8] 0C AD 0C AD 0C AC 0C AC 
BAT RX 0x317 [8] 0C B0 0C AF 0C AF 0C AF 
BAT RX 0x316 [8] 0C AD 0C AD 0C AD 0C AC 
BAT RX 0x315 [8] 0C AF 0C AF 0C AE 0C AE 
BAT RX 0x314 [8] 14 6E 5A C8 00 04 05 43 
BAT RX 0x313 [8] 14 46 00 00 00 CE 15 63 
BAT RX 0x312 [8] 00 00 00 00 02 00 00 00 
BAT RX 0x311 [8] 02 38 00 00 00 00 01 00 
BAT RX 0x330 [8] 02 0D 01 0B 0C B1 0C AC 
BAT RX 0x329 [8] 02 00 1A 25 02 00 40 9E 
BAT RX 0x323 [8] 20 0E 10 00 04 00 00 00 
BAT RX 0x324 [8] 02 42 42 37 00 00 00 00 
BAT RX 0x322 [8] 00 E3 00 C0 03 01 18 14 
BAT RX 0x320 [8] 50 41 C3 85 85 00 00 00 
BAT RX 0x319 [8] 00 0C B1 0C AC 1D 0B 01 
BAT RX 0x318 [8] 0C AD 0C AC 0C AC 0C AC 
BAT RX 0x317 [8] 0C B1 0C B0 0C AF 0C AF 
BAT RX 0x316 [8] 0C AC 0C AC 0C AC 0C AC 
[334s] OK V=51.90V I=+0.0A T=20.6C SOC=21% SOH=99% | CVL=56.8V CCL=0.0A DCL=0.0A | chg=0 dis=0 fc1=0 fc2=0 | prot=0000 warn=0000 | packs=2 | inv0x305=no

---- battery-bus rate stats (VERBOSE_STATS) ----------------------------
  529 frames, 334 s elapsed
  ID     count   period(ms)  (min-max gap)
  0x317      36   2439 (1-49844)
  0x318      36   2325 (1-45844)
  0x319      35   2275 (1-41844)
  0x320      35   2157 (1-37844)
  0x322      35   2039 (1-33844)
  0x311      33   2014 (78-29844)
  0x323      34   1858 (1-25845)
  0x324      34   1737 (1-21845)
  0x329      34   1616 (1-17844)
  0x330      50   1006 (0-13844)
  0x312      32   1433 (65-15397)
  0x313      33   1263 (2-11397)
  0x314      33   1138 (1-7397)
  0x315      34   1047 (1-5552)
  0x316      35   1045 (1-5552)
--------------------------------------------------------------------------

  TWAI: state=RUNNING  tx_err=128 rx_err=0  tx_failed=0  rx_missed=1197 rx_overrun=0  arb_lost=0  bus_err=852260
BAT RX 0x315 [8] 0C AF 0C AF 0C AF 0C AF 
BAT RX 0x314 [8] 14 6E 5A C8 00 05 05 43 
BAT RX 0x313 [8] 14 46 00 00 00 CE 15 63 
BAT RX 0x312 [8] 00 00 00 00 02 00 00 00 
BAT RX 0x311 [8] 02 38 00 00 00 00 01 00 
BAT RX 0x330 [8] 02 04 01 0A 0C B0 0C AC 
BAT RX 0x329 [8] 01 00 22 9C 01 00 40 02 
BAT RX 0x323 [8] 20 0E 10 00 04 00 00 00 
BAT RX 0x324 [8] 00 01 47 50 4A 30 32 31 
BAT RX 0x322 [8] 00 E3 00 C0 03 01 18 14 
BAT RX 0x320 [8] 50 41 C3 85 85 00 00 00 
BAT RX 0x319 [8] 00 0C B0 0C AC 14 0A 01 
BAT RX 0x318 [8] 0C AD 0C AD 0C AD 0C AC 
BAT RX 0x317 [8] 0C B0 0C B0 0C AF 0C AF 
BAT RX 0x316 [8] 0C AD 0C AC 0C AC 0C AC 
BAT RX 0x315 [8] 0C AF 0C AF 0C AF 0C AE 
BAT RX 0x314 [8] 14 6E 5A C8 00 04 05 43 
BAT RX 0x313 [8] 14 46 00 00 00 CE 15 63 
BAT RX 0x312 [8] 00 00 00 00 02 00 00 00 
BAT RX 0x311 [8] 02 38 00 00 00 00 01 00 
BAT RX 0x330 [8] 02 04 02 0E 0C B0 0C AB 
BAT RX 0x329 [8] 02 00 1A 25 02 00 40 9E 
BAT RX 0x323 [8] 20 0E 10 00 04 00 00 00 
BAT RX 0x324 [8] 01 39 35 32 32 30 36 32 
BAT RX 0x322 [8] 00 E3 00 C0 03 01 18 14 
BAT RX 0x320 [8] 50 41 C3 85 85 00 00 00 
BAT RX 0x319 [8] 00 0C B0 0C AB 14 1E 01 
BAT RX 0x318 [8] 0C AC 0C AC 0C AC 0C AB 
BAT RX 0x317 [8] 0C B0 0C B0 0C B0 0C AF 
BAT RX 0x316 [8] 0C AD 0C AD 0C AC 0C AC 
[336s] OK V=51.90V I=+0.0A T=20.6C SOC=21% SOH=99% | CVL=56.8V CCL=0.0A DCL=0.0A | chg=0 dis=0 fc1=0 fc2=0 | prot=0000 warn=0000 | packs=2 | inv0x305=no
BAT RX 0x315 [8] 0C AF 0C AF 0C AE 0C AE 
BAT RX 0x314 [8] 14 6E 5A C8 00 05 05 43 
BAT RX 0x313 [8] 14 46 00 00 00 CE 15 63 
BAT RX 0x312 [8] 00 00 00 00 02 00 00 00 
BAT RX 0x311 [8] 02 38 00 00 00 00 01 00 
BAT RX 0x330 [8] 01 07 01 05 0C B0 0C AC 
BAT RX 0x329 [8] 01 00 22 9C 01 00 40 02 
BAT RX 0x323 [8] 20 0E 10 00 04 00 00 00 
BAT RX 0x324 [8] 02 43 30 37 00 00 00 00 
BAT RX 0x322 [8] 00 E3 00 C0 03 01 18 14 
BAT RX 0x320 [8] 50 41 C3 85 85 00 00 00 
BAT RX 0x319 [8] 00 0C B0 0C AC 07 05 01 
BAT RX 0x318 [8] 0C AD 0C AD 0C AD 0C AC 
BAT RX 0x317 [8] 0C B0 0C AF 0C AF 0C AF 
BAT RX 0x316 [8] 0C AD 0C AD 0C AD 0C AD 
BAT RX 0x315 [8] 0C AF 0C AE 0C AE 0C AE 
BAT RX 0x314 [8] 14 6E 5A C8 00 04 05 43 
BAT RX 0x313 [8] 14 46 00 00 00 CE 15 63 
BAT RX 0x312 [8] 00 00 00 00 02 00 00 00 
BAT RX 0x311 [8] 02 38 00 00 00 00 01 00 
BAT RX 0x330 [8] 02 0D 02 0F 0C B1 0C AC 
BAT RX 0x329 [8] 02 00 1A 25 02 00 40 9E 
BAT RX 0x323 [8] 20 0E 10 00 04 00 00 00 
BAT RX 0x324 [8] 00 02 47 50 4A 30 32 31 
BAT RX 0x322 [8] 00 E3 00 C0 03 01 18 14 
BAT RX 0x320 [8] 50 41 C3 85 85 00 00 00 
BAT RX 0x319 [8] 00 0C B1 0C AC 1D 1F 01 
BAT RX 0x318 [8] 0C AD 0C AD 0C AD 0C AC 
BAT RX 0x317 [8] 0C B1 0C AF 0C AF 0C AF 
BAT RX 0x316 [8] 0C AD 0C AC 0C AC 0C AC 
[338s] OK V=51.90V I=+0.0A T=20.6C SOC=21% SOH=99% | CVL=56.8V CCL=0.0A DCL=0.0A | chg=0 dis=0 fc1=0 fc2=0 | prot=0000 warn=0000 | packs=2 | inv0x305=no
BAT RX 0x315 [8] 0C AF 0C AF 0C AF 0C AE 
BAT RX 0x314 [8] 14 6E 5A C8 00 05 05 43 
BAT RX 0x313 [8] 14 46 00 00 00 CE 15 63 
BAT RX 0x312 [8] 00 00 00 00 02 00 00 00 
BAT RX 0x311 [8] 02 38 00 00 00 00 01 00 
BAT RX 0x330 [8] 01 0E 02 0F 0C B0 0C AB 
BAT RX 0x329 [8] 01 00 22 9C 01 00 40 02 
BAT RX 0x323 [8] 20 0E 10 00 04 00 00 00 
BAT RX 0x324 [8] 01 39 35 32 32 30 36 32 
BAT RX 0x322 [8] 00 E3 00 C0 03 01 18 14 
BAT RX 0x320 [8] 50 41 C3 85 85 00 00 00 
BAT RX 0x319 [8] 00 0C B0 0C AB 0E 1F 01 
BAT RX 0x318 [8] 0C AC 0C AC 0C AC 0C AB 
BAT RX 0x317 [8] 0C B0 0C AF 0C AF 0C AF 
BAT RX 0x316 [8] 0C AD 0C AD 0C AD 0C AD 
BAT RX 0x315 [8] 0C B0 0C AF 0C AE 0C AE 
BAT RX 0x314 [8] 14 6E 5A C8 00 05 05 43 
BAT RX 0x313 [8] 14 46 00 00 00 CE 15 63 
BAT RX 0x312 [8] 00 00 00 00 02 00 00 00 
BAT RX 0x311 [8] 02 38 00 00 00 00 01 00 
BAT RX 0x330 [8] 02 03 02 0E 0C B0 0C AC 
BAT RX 0x329 [8] 02 00 1A 25 02 00 40 9E 
BAT RX 0x323 [8] 20 0E 10 00 04 00 00 00 
BAT RX 0x324 [8] 02 42 42 37 00 00 00 00 
BAT RX 0x322 [8] 00 E3 00 C0 03 01 18 14 
BAT RX 0x320 [8] 50 41 C3 85 85 00 00 00 
BAT RX 0x319 [8] 00 0C B0 0C AC 13 1E 01 
BAT RX 0x318 [8] 0C AD 0C AD 0C AD 0C AC 
BAT RX 0x317 [8] 0C B0 0C AF 0C AF 0C AF 
BAT RX 0x316 [8] 0C AD 0C AD 0C AD 0C AD 
[340s] OK V=51.90V I=+0.0A T=20.6C SOC=21% SOH=99% | CVL=56.8V CCL=0.0A DCL=0.0A | chg=0 dis=0 fc1=0 fc2=0 | prot=0000 warn=0000 | packs=2 | inv0x305=no
BAT RX 0x315 [8] 0C AF 0C AF 0C AE 0C AE 
BAT RX 0x314 [8] 14 6E 5A C8 00 04 05 43 
BAT RX 0x313 [8] 14 46 00 00 00 CE 15 63 
BAT RX 0x312 [8] 00 00 00 00 02 00 00 00 
BAT RX 0x311 [8] 02 38 00 00 00 00 01 00 
BAT RX 0x330 [8] 02 03 02 06 0C B0 0C AC 
BAT RX 0x329 [8] 01 00 22 9C 01 00 40 02 
BAT RX 0x323 [8] 20 0E 10 00 04 00 00 00 
BAT RX 0x324 [8] 00 01 47 50 4A 30 32 31 
BAT RX 0x322 [8] 00 E3 00 C0 03 01 18 14 
BAT RX 0x320 [8] 50 41 C3 85 85 00 00 00 
BAT RX 0x319 [8] 00 0C B0 0C AC 13 16 01 
BAT RX 0x318 [8] 0C AD 0C AD 0C AC 0C AC 
BAT RX 0x317 [8] 0C B0 0C AF 0C AF 0C AF 
BAT RX 0x316 [8] 0C AC 0C AC 0C AC 0C AC 
BAT RX 0x315 [8] 0C AF 0C AF 0C AF 0C AF 
BAT RX 0x314 [8] 14 6E 5A C8 00 04 05 43 
BAT RX 0x313 [8] 14 46 00 00 00 CE 15 63 
BAT RX 0x312 [8] 00 00 00 00 02 00 00 00 
BAT RX 0x311 [8] 02 38 00 00 00 00 01 00 
BAT RX 0x330 [8] 02 02 01 0F 0C B0 0C AC 
BAT RX 0x329 [8] 02 00 1A 25 02 00 40 9E 
BAT RX 0x323 [8] 20 0E 10 00 04 00 00 00 
BAT RX 0x324 [8] 01 39 35 32 32 30 36 32 
BAT RX 0x322 [8] 00 E3 00 C0 03 01 18 14 
BAT RX 0x320 [8] 50 41 C3 85 85 00 00 00 
BAT RX 0x319 [8] 00 0C B0 0C AC 12 0F 01 
BAT RX 0x318 [8] 0C AD 0C AD 0C AD 0C AC 
BAT RX 0x317 [8] 0C B0 0C B0 0C AF 0C AF 
BAT RX 0x316 [8] 0C AD 0C AC 0C AC 0C AC 
[342s] OK V=51.90V I=+0.0A T=20.6C SOC=21% SOH=99% | CVL=56.8V CCL=0.0A DCL=0.0A | chg=0 dis=0 fc1=0 fc2=0 | prot=0000 warn=0000 | packs=2 | inv0x305=no
BAT RX 0x315 [8] 0C B0 0C AF 0C AF 0C AE 
BAT RX 0x314 [8] 14 6E 5A C8 00 04 05 43 
BAT RX 0x313 [8] 14 46 00 00 00 CE 15 63 
BAT RX 0x312 [8] 00 00 00 00 02 00 00 00 
BAT RX 0x311 [8] 02 38 00 00 00 00 01 00 
BAT RX 0x330 [8] 02 04 02 0E 0C B0 0C AB 
BAT RX 0x329 [8] 01 00 22 9C 01 00 40 02 
BAT RX 0x323 [8] 20 0E 10 00 04 00 00 00 
BAT RX 0x324 [8] 02 43 30 37 00 00 00 00 
BAT RX 0x322 [8] 00 E3 00 C0 03 01 18 14 
BAT RX 0x320 [8] 50 41 C3 85 85 00 00 00 
BAT RX 0x319 [8] 00 0C B0 0C AB 14 1E 01 
BAT RX 0x318 [8] 0C AC 0C AC 0C AC 0C AB 
BAT RX 0x317 [8] 0C B0 0C B0 0C B0 0C AF 
BAT RX 0x316 [8] 0C AD 0C AD 0C AD 0C AC 
BAT RX 0x315 [8] 0C AF 0C AF 0C AF 0C AE 
BAT RX 0x314 [8] 14 6E 5A C8 00 05 05 43 
BAT RX 0x313 [8] 14 46 00 00 00 CE 15 63 
BAT RX 0x312 [8] 00 00 00 00 02 00 00 00 
BAT RX 0x311 [8] 02 38 00 00 00 00 01 00 
BAT RX 0x330 [8] 02 02 02 08 0C B0 0C AC 
BAT RX 0x329 [8] 02 00 1A 25 02 00 40 9E 
BAT RX 0x323 [8] 20 0E 10 00 04 00 00 00 
BAT RX 0x324 [8] 00 02 47 50 4A 30 32 31 
BAT RX 0x322 [8] 00 E3 00 C0 03 01 18 14 
BAT RX 0x320 [8] 50 41 C3 85 85 00 00 00 
BAT RX 0x319 [8] 00 0C B0 0C AC 12 18 01 
BAT RX 0x318 [8] 0C AD 0C AD 0C AC 0C AC 
BAT RX 0x317 [8] 0C B0 0C AF 0C AF 0C AF 
BAT RX 0x316 [8] 0C AD 0C AD 0C AD 0C AD 
[344s] OK V=51.90V I=+0.0A T=20.6C SOC=21% SOH=99% | CVL=56.8V CCL=0.0A DCL=0.0A | chg=0 dis=0 fc1=0 fc2=0 | prot=0000 warn=0000 | packs=2 | inv0x305=no
BAT RX 0x315 [8] 0C AF 0C AE 0C AE 0C AE 
BAT RX 0x314 [8] 14 6E 5A C8 00 04 05 43 
BAT RX 0x313 [8] 14 46 00 00 00 CE 15 63 
BAT RX 0x312 [8] 00 00 00 00 02 00 00 00 
BAT RX 0x311 [8] 02 38 00 00 00 00 01 00 
BAT RX 0x330 [8] 02 0D 02 07 0C B0 0C AC 
BAT RX 0x329 [8] 01 00 22 9C 01 00 40 02 
BAT RX 0x323 [8] 20 0E 10 00 04 00 00 00 
BAT RX 0x324 [8] 01 39 35 32 32 30 36 32 
BAT RX 0x322 [8] 00 E3 00 C0 03 01 18 14 
BAT RX 0x320 [8] 50 41 C3 85 85 00 00 00 
BAT RX 0x319 [8] 00 0C B0 0C AC 1D 17 01 
BAT RX 0x318 [8] 0C AD 0C AC 0C AC 0C AC 
BAT RX 0x317 [8] 0C B0 0C AF 0C AF 0C AF 
BAT RX 0x316 [8] 0C AD 0C AD 0C AC 0C AC 
BAT RX 0x315 [8] 0C AF 0C AF 0C AE 0C AE 
BAT RX 0x314 [8] 14 6E 5A C8 00 04 05 43 
BAT RX 0x313 [8] 14 46 00 00 00 CE 15 63 
BAT RX 0x312 [8] 00 00 00 00 02 00 00 00 
BAT RX 0x311 [8] 02 38 00 00 00 00 01 00 
BAT RX 0x330 [8] 02 0D 02 0B 0C B0 0C AC 
BAT RX 0x329 [8] 02 00 1A 25 02 00 40 9E 
BAT RX 0x323 [8] 20 0E 10 00 04 00 00 00 
BAT RX 0x324 [8] 02 42 42 37 00 00 00 00 
BAT RX 0x322 [8] 00 E3 00 C0 03 01 18 14 
BAT RX 0x320 [8] 50 41 C3 85 85 00 00 00 
BAT RX 0x319 [8] 00 0C B0 0C AC 1D 1B 01 
BAT RX 0x318 [8] 0C AD 0C AD 0C AC 0C AC 
BAT RX 0x317 [8] 0C B0 0C AF 0C AF 0C AF 
BAT RX 0x316 [8] 0C AD 0C AC 0C AC 0C AC 
BAT RX 0x315 [8] 0C B0 0C AF 0C AF 0C AF 
[346s] OK V=51.90V I=+0.0A T=20.6C SOC=21% SOH=99% | CVL=56.8V CCL=0.0A DCL=0.0A | chg=0 dis=0 fc1=0 fc2=0 | prot=0000 warn=0000 | packs=2 | inv0x305=no
BAT RX 0x314 [8] 14 6E 5A C8 00 04 05 43 
BAT RX 0x313 [8] 14 46 00 00 00 CE 15 63 
BAT RX 0x312 [8] 00 00 00 00 02 00 00 00 
BAT RX 0x311 [8] 02 38 00 00 00 00 01 00 
BAT RX 0x330 [8] 02 04 01 0A 0C B0 0C AC 
BAT RX 0x329 [8] 01 00 22 9C 01 00 40 02 
BAT RX 0x323 [8] 20 0E 10 00 04 00 00 00 
BAT RX 0x324 [8] 00 01 47 50 4A 30 32 31 
BAT RX 0x322 [8] 00 E3 00 C0 03 01 18 14 
BAT RX 0x320 [8] 50 41 C3 85 85 00 00 00 
BAT RX 0x319 [8] 00 0C B0 0C AC 14 0A 01 
BAT RX 0x318 [8] 0C AD 0C AD 0C AC 0C AC 
BAT RX 0x317 [8] 0C B0 0C B0 0C AF 0C AF 
BAT RX 0x316 [8] 0C AD 0C AD 0C AC 0C AC 
BAT RX 0x315 [8] 0C AE 0C AE 0C AE 0C AE 
BAT RX 0x314 [8] 14 6E 5A C8 00 04 05 43 
BAT RX 0x313 [8] 14 46 00 00 00 CE 15 63 
BAT RX 0x312 [8] 00 00 00 00 02 00 00 00 
BAT RX 0x311 [8] 02 38 00 00 00 00 01 00 
BAT RX 0x330 [8] 01 0E 01 10 0C B0 0C AC 
BAT RX 0x329 [8] 02 00 1A 25 02 00 40 9E 
BAT RX 0x323 [8] 20 0E 10 00 04 00 00 00 
BAT RX 0x324 [8] 01 39 35 32 32 30 36 32 
BAT RX 0x322 [8] 00 E3 00 C0 03 01 18 14 
BAT RX 0x320 [8] 50 41 C3 85 85 00 00 00 
BAT RX 0x319 [8] 00 0C B0 0C AC 0E 10 01 
BAT RX 0x318 [8] 0C AD 0C AD 0C AD 0C AD 
BAT RX 0x317 [8] 0C B0 0C AF 0C AF 0C AE 
BAT RX 0x316 [8] 0C AD 0C AD 0C AD 0C AD 
BAT RX 0x315 [8] 0C AF 0C AE 0C AE 0C AE 
[348s] OK V=51.90V I=+0.0A T=20.6C SOC=21% SOH=99% | CVL=56.8V CCL=0.0A DCL=0.0A | chg=0 dis=0 fc1=0 fc2=0 | prot=0000 warn=0000 | packs=2 | inv0x305=no
BAT RX 0x314 [8] 14 6E 5A C8 00 03 05 43 
BAT RX 0x313 [8] 14 46 00 00 00 CE 15 63 
BAT RX 0x312 [8] 00 00 00 00 02 00 00 00 
BAT RX 0x311 [8] 02 38 00 00 00 00 01 00 
BAT RX 0x330 [8] 02 02 02 0E 0C B0 0C AC 
BAT RX 0x329 [8] 01 00 22 9C 01 00 40 02 
BAT RX 0x323 [8] 20 0E 10 00 04 00 00 00 
BAT RX 0x324 [8] 02 43 30 37 00 00 00 00 
BAT RX 0x322 [8] 00 E3 00 C0 03 01 18 14 
BAT RX 0x320 [8] 50 41 C3 85 85 00 00 00 
BAT RX 0x319 [8] 00 0C B0 0C AC 12 1E 01 
BAT RX 0x318 [8] 0C AD 0C AD 0C AD 0C AC 
BAT RX 0x317 [8] 0C B0 0C B0 0C AF 0C AE 
BAT RX 0x316 [8] 0C AD 0C AD 0C AD 0C AD 
BAT RX 0x315 [8] 0C AF 0C AE 0C AE 0C AE 

---- battery-bus rate stats (VERBOSE_STATS) ----------------------------
  755 frames, 349 s elapsed
  ID     count   period(ms)  (min-max gap)
  0x317      51   2007 (1-49844)
  0x318      51   1927 (1-45844)
  0x319      50   1884 (1-41844)
  0x320      50   1802 (1-37844)
  0x322      50   1721 (1-33844)
  0x311      48   1690 (78-29844)
  0x323      49   1590 (1-25845)
  0x324      49   1506 (1-21845)
  0x329      49   1423 (1-17844)
  0x330      65   1004 (0-13844)
  0x312      47   1291 (65-15397)
  0x313      48   1179 (2-11397)
  0x314      48   1093 (1-7397)
  0x315      50   1031 (1-5552)
  0x316      50   1031 (1-5552)
--------------------------------------------------------------------------

  TWAI: state=RUNNING  tx_err=113 rx_err=0  tx_failed=0  rx_missed=1197 rx_overrun=0  arb_lost=0  bus_err=852260
BAT RX 0x314 [8] 14 6E 5A C8 00 04 05 43 
BAT RX 0x313 [8] 14 46 00 00 00 CE 15 63 
BAT RX 0x312 [8] 00 00 00 00 02 00 00 00 
BAT RX 0x311 [8] 02 38 00 00 00 00 01 00 
BAT RX 0x330 [8] 02 0D 01 0B 0C B1 0C AC 
BAT RX 0x329 [8] 02 00 1A 25 02 00 40 9E 
BAT RX 0x323 [8] 20 0E 10 00 04 00 00 00 
BAT RX 0x324 [8] 00 02 47 50 4A 30 32 31 
BAT RX 0x322 [8] 00 E3 00 C0 03 01 18 14 
BAT RX 0x320 [8] 50 41 C3 85 85 00 00 00 
BAT RX 0x319 [8] 00 0C B1 0C AC 1D 0B 01 
BAT RX 0x318 [8] 0C AD 0C AC 0C AC 0C AC 
BAT RX 0x317 [8] 0C B1 0C AF 0C AF 0C AF 
BAT RX 0x316 [8] 0C AD 0C AD 0C AD 0C AD 
BAT RX 0x315 [8] 0C AF 0C AF 0C AE 0C AE 
[350s] OK V=51.90V I=+0.0A T=20.6C SOC=21% SOH=99% | CVL=56.8V CCL=0.0A DCL=0.0A | chg=0 dis=0 fc1=0 fc2=0 | prot=0000 warn=0000 | packs=2 | inv0x305=no
BAT RX 0x314 [8] 14 6E 5A C8 00 05 05 43 
BAT RX 0x313 [8] 14 46 00 00 00 CE 15 63 
BAT RX 0x312 [8] 00 00 00 00 02 00 00 00 
BAT RX 0x311 [8] 02 38 00 00 00 00 01 00 
BAT RX 0x330 [8] 02 0D 02 0B 0C B1 0C AC 
BAT RX 0x329 [8] 01 00 22 9C 01 00 40 02 
BAT RX 0x323 [8] 20 0E 10 00 04 00 00 00 
BAT RX 0x324 [8] 01 39 35 32 32 30 36 32 
BAT RX 0x322 [8] 00 E3 00 C0 03 01 18 14 
BAT RX 0x320 [8] 50 41 C3 85 85 00 00 00 
BAT RX 0x319 [8] 00 0C B1 0C AC 1D 1B 01 
BAT RX 0x318 [8] 0C AD 0C AD 0C AC 0C AC 
BAT RX 0x317 [8] 0C B1 0C AF 0C AF 0C AF 
BAT RX 0x316 [8] 0C AD 0C AD 0C AD 0C AC 
BAT RX 0x315 [8] 0C B0 0C AF 0C AF 0C AE 
BAT RX 0x314 [8] 14 6E 5A C8 00 05 05 43 
BAT RX 0x313 [8] 14 46 00 00 00 CE 15 63 
BAT RX 0x312 [8] 00 00 00 00 02 00 00 00 
BAT RX 0x311 [8] 02 38 00 00 00 00 01 00 
BAT RX 0x330 [8] 02 02 01 0B 0C B0 0C AC 
BAT RX 0x329 [8] 02 00 1A 25 02 00 40 9E 
BAT RX 0x323 [8] 20 0E 10 00 04 00 00 00 
BAT RX 0x324 [8] 02 42 42 37 00 00 00 00 
BAT RX 0x322 [8] 00 E3 00 C0 03 01 18 14 
BAT RX 0x320 [8] 50 41 C3 85 85 00 00 00 
BAT RX 0x319 [8] 00 0C B0 0C AC 12 0B 01 
BAT RX 0x318 [8] 0C AD 0C AD 0C AC 0C AC 
BAT RX 0x317 [8] 0C B0 0C AF 0C AF 0C AF 
BAT RX 0x316 [8] 0C AD 0C AD 0C AD 0C AD 
BAT RX 0x315 [8] 0C AF 0C AF 0C AE 0C AE 
[352s] OK V=51.90V I=+0.0A T=20.6C SOC=21% SOH=99% | CVL=56.8V CCL=0.0A DCL=0.0A | chg=0 dis=0 fc1=0 fc2=0 | prot=0000 warn=0000 | packs=2 | inv0x305=no
BAT RX 0x314 [8] 14 6E 5A C8 00 04 05 43 
BAT RX 0x313 [8] 14 46 00 00 00 CE 15 63 
BAT RX 0x312 [8] 00 00 00 00 02 00 00 00 
BAT RX 0x311 [8] 02 38 00 00 00 00 01 00 
BAT RX 0x330 [8] 01 0E 01 10 0C B0 0C AC 
BAT RX 0x329 [8] 01 00 22 9C 01 00 40 02 
BAT RX 0x323 [8] 20 0E 10 00 04 00 00 00 
BAT RX 0x324 [8] 00 01 47 50 4A 30 32 31 
BAT RX 0x322 [8] 00 E3 00 C0 03 01 18 14 
BAT RX 0x320 [8] 50 41 C3 85 85 00 00 00 
BAT RX 0x319 [8] 00 0C B0 0C AC 0E 10 01 
BAT RX 0x318 [8] 0C AD 0C AD 0C AC 0C AC 
BAT RX 0x317 [8] 0C B0 0C B0 0C AF 0C AF 
BAT RX 0x316 [8] 0C AD 0C AD 0C AD 0C AD 
BAT RX 0x315 [8] 0C AF 0C AE 0C AE 0C AE 
BAT RX 0x314 [8] 14 6E 5A C8 00 04 05 43 
BAT RX 0x313 [8] 14 46 00 00 00 CE 15 63 
BAT RX 0x312 [8] 00 00 00 00 02 00 00 00 
BAT RX 0x311 [8] 02 38 00 00 00 00 01 00 
BAT RX 0x330 [8] 02 0D 01 10 0C B1 0C AC 
BAT RX 0x329 [8] 02 00 1A 25 02 00 40 9E 
BAT RX 0x323 [8] 20 0E 10 00 04 00 00 00 
BAT RX 0x324 [8] 01 39 35 32 32 30 36 32 
BAT RX 0x322 [8] 00 E3 00 C0 03 01 18 14 
BAT RX 0x320 [8] 50 41 C3 85 85 00 00 00 
BAT RX 0x319 [8] 00 0C B1 0C AC 1D 10 01 
BAT RX 0x318 [8] 0C AD 0C AC 0C AC 0C AC 
BAT RX 0x317 [8] 0C B1 0C AF 0C AF 0C AF 
BAT RX 0x316 [8] 0C AD 0C AD 0C AD 0C AD 
BAT RX 0x315 [8] 0C AF 0C AF 0C AF 0C AE 
[354s] OK V=51.90V I=+0.0A T=20.6C SOC=21% SOH=99% | CVL=56.8V CCL=0.0A DCL=0.0A | chg=0 dis=0 fc1=0 fc2=0 | prot=0000 warn=0000 | packs=2 | inv0x305=no
BAT RX 0x314 [8] 14 6E 5A C8 00 05 05 43 
BAT RX 0x313 [8] 14 46 00 00 00 CE 15 63 
BAT RX 0x312 [8] 00 00 00 00 02 00 00 00 
BAT RX 0x311 [8] 02 38 00 00 00 00 01 00 
BAT RX 0x330 [8] 02 0D 02 06 0C B1 0C AC 
BAT RX 0x329 [8] 01 00 22 9C 01 00 40 02 
BAT RX 0x323 [8] 20 0E 10 00 04 00 00 00 
BAT RX 0x324 [8] 02 43 30 37 00 00 00 00 
BAT RX 0x322 [8] 00 E3 00 C0 03 01 18 14 
BAT RX 0x320 [8] 50 41 C3 85 85 00 00 00 
BAT RX 0x319 [8] 00 0C B1 0C AC 1D 16 01 
BAT RX 0x318 [8] 0C AC 0C AC 0C AC 0C AC 
BAT RX 0x317 [8] 0C B1 0C B0 0C AF 0C AF 
BAT RX 0x316 [8] 0C AC 0C AC 0C AC 0C AC 
BAT RX 0x315 [8] 0C B0 0C AF 0C AF 0C AF 
BAT RX 0x314 [8] 14 6E 5A C8 00 05 05 43 
BAT RX 0x313 [8] 14 46 00 00 00 CE 15 63 
BAT RX 0x312 [8] 00 00 00 00 02 00 00 00 
BAT RX 0x311 [8] 02 38 00 00 00 00 01 00 
BAT RX 0x330 [8] 02 03 02 06 0C B0 0C AC 
BAT RX 0x329 [8] 02 00 1A 25 02 00 40 9E 
BAT RX 0x323 [8] 20 0E 10 00 04 00 00 00 
BAT RX 0x324 [8] 00 02 47 50 4A 30 32 31 
BAT RX 0x322 [8] 00 E3 00 C0 03 01 18 14 
BAT RX 0x320 [8] 50 41 C3 85 85 00 00 00 
BAT RX 0x319 [8] 00 0C B0 0C AC 13 16 01 
BAT RX 0x318 [8] 0C AD 0C AD 0C AC 0C AC 
BAT RX 0x317 [8] 0C B0 0C B0 0C AF 0C AF 
BAT RX 0x316 [8] 0C AD 0C AD 0C AC 0C AC 
BAT RX 0x315 [8] 0C B0 0C AF 0C AF 0C AF 
[356s] OK V=51.90V I=+0.0A T=20.6C SOC=21% SOH=99% | CVL=56.8V CCL=0.0A DCL=0.0A | chg=0 dis=0 fc1=0 fc2=0 | prot=0000 warn=0000 | packs=2 | inv0x305=no
BAT RX 0x314 [8] 14 6E 5A C8 00 04 05 43 
BAT RX 0x313 [8] 14 46 00 00 00 CE 15 63 
BAT RX 0x312 [8] 00 00 00 00 02 00 00 00 
BAT RX 0x311 [8] 02 38 00 00 00 00 01 00 
BAT RX 0x330 [8] 02 02 02 08 0C B0 0C AC 
BAT RX 0x329 [8] 01 00 22 9C 01 00 40 02 
BAT RX 0x323 [8] 20 0E 10 00 04 00 00 00 
BAT RX 0x324 [8] 01 39 35 32 32 30 36 32 
BAT RX 0x322 [8] 00 E3 00 C0 03 01 18 14 
BAT RX 0x320 [8] 50 41 C3 85 85 00 00 00 
BAT RX 0x319 [8] 00 0C B0 0C AC 12 18 01 
BAT RX 0x318 [8] 0C AD 0C AC 0C AC 0C AC 
BAT RX 0x317 [8] 0C B0 0C B0 0C AF 0C AF 
BAT RX 0x316 [8] 0C AD 0C AC 0C AC 0C AC 
BAT RX 0x315 [8] 0C AF 0C AF 0C AF 0C AF 
BAT RX 0x314 [8] 14 6E 5A C8 00 04 05 43 
BAT RX 0x313 [8] 14 46 00 00 00 CE 15 63 
BAT RX 0x312 [8] 00 00 00 00 02 00 00 00 
BAT RX 0x311 [8] 02 38 00 00 00 00 01 00 
BAT RX 0x330 [8] 02 03 01 0B 0C B0 0C AC 
BAT RX 0x329 [8] 02 00 1A 25 02 00 40 9E 
BAT RX 0x323 [8] 20 0E 10 00 04 00 00 00 
BAT RX 0x324 [8] 02 42 42 37 00 00 00 00 
BAT RX 0x322 [8] 00 E3 00 C0 03 01 18 14 
BAT RX 0x320 [8] 50 41 C3 85 85 00 00 00 
BAT RX 0x319 [8] 00 0C B0 0C AC 13 0B 01 
BAT RX 0x318 [8] 0C AD 0C AD 0C AC 0C AC 
BAT RX 0x317 [8] 0C B0 0C AF 0C AF 0C AF 
BAT RX 0x316 [8] 0C AD 0C AD 0C AD 0C AC 
BAT RX 0x315 [8] 0C AF 0C AE 0C AE 0C AE 
BAT RX 0x314 [8] 14 6E 5A C8 00 04 05 43 
[358s] OK V=51.90V I=+0.0A T=20.6C SOC=21% SOH=99% | CVL=56.8V CCL=0.0A DCL=0.0A | chg=0 dis=0 fc1=0 fc2=0 | prot=0000 warn=0000 | packs=2 | inv0x305=no
BAT RX 0x313 [8] 14 46 00 00 00 CE 15 63 
BAT RX 0x312 [8] 00 00 00 00 02 00 00 00 
BAT RX 0x311 [8] 02 38 00 00 00 00 01 00 
BAT RX 0x330 [8] 02 03 01 0A 0C B0 0C AC 
BAT RX 0x329 [8] 01 00 22 9C 01 00 40 02 
BAT RX 0x323 [8] 20 0E 10 00 04 00 00 00 
BAT RX 0x324 [8] 00 01 47 50 4A 30 32 31 
BAT RX 0x322 [8] 00 E3 00 C0 03 01 18 14 
BAT RX 0x320 [8] 50 41 C3 85 85 00 00 00 
BAT RX 0x319 [8] 00 0C B0 0C AC 13 0A 01 
BAT RX 0x318 [8] 0C AD 0C AD 0C AC 0C AC 
BAT RX 0x317 [8] 0C B0 0C AF 0C AF 0C AF 
BAT RX 0x316 [8] 0C AD 0C AC 0C AC 0C AC 
BAT RX 0x315 [8] 0C B0 0C AF 0C AF 0C AF 
BAT RX 0x314 [8] 14 6E 5A C8 00 04 05 43 
BAT RX 0x313 [8] 14 46 00 00 00 CE 15 63 
BAT RX 0x312 [8] 00 00 00 00 02 00 00 00 
BAT RX 0x311 [8] 02 38 00 00 00 00 01 00 
BAT RX 0x330 [8] 02 0D 02 06 0C B0 0C AC 
BAT RX 0x329 [8] 02 00 1A 25 02 00 40 9E 
BAT RX 0x323 [8] 20 0E 10 00 04 00 00 00 
BAT RX 0x324 [8] 01 39 35 32 32 30 36 32 
BAT RX 0x322 [8] 00 E3 00 C0 03 01 18 14 
BAT RX 0x320 [8] 50 41 C3 85 85 00 00 00 
BAT RX 0x319 [8] 00 0C B0 0C AC 1D 16 01 
BAT RX 0x318 [8] 0C AD 0C AC 0C AC 0C AC 
BAT RX 0x317 [8] 0C B0 0C AF 0C AF 0C AF 
BAT RX 0x316 [8] 0C AD 0C AD 0C AC 0C AC 
BAT RX 0x315 [8] 0C AF 0C AF 0C AF 0C AF 
BAT RX 0x314 [8] 14 6E 5A C8 00 04 05 43 
[360s] OK V=51.90V I=+0.0A T=20.6C SOC=21% SOH=99% | CVL=56.8V CCL=0.0A DCL=0.0A | chg=0 dis=0 fc1=0 fc2=0 | prot=0000 warn=0000 | packs=2 | inv0x305=no
BAT RX 0x313 [8] 14 46 00 00 00 CE 15 63 
BAT RX 0x312 [8] 00 00 00 00 02 00 00 00 
BAT RX 0x311 [8] 02 38 00 00 00 00 01 00 
BAT RX 0x330 [8] 02 02 01 0F 0C B0 0C AC 
BAT RX 0x329 [8] 01 00 22 9C 01 00 40 02 
BAT RX 0x323 [8] 20 0E 10 00 04 00 00 00 
BAT RX 0x324 [8] 02 43 30 37 00 00 00 00 
BAT RX 0x322 [8] 00 E3 00 C0 03 01 18 14 
BAT RX 0x320 [8] 50 41 C3 85 85 00 00 00 
BAT RX 0x319 [8] 00 0C B0 0C AC 12 0F 01 
BAT RX 0x318 [8] 0C AD 0C AD 0C AC 0C AC 
BAT RX 0x317 [8] 0C B0 0C AF 0C AF 0C AF 
BAT RX 0x316 [8] 0C AD 0C AD 0C AD 0C AD 
BAT RX 0x315 [8] 0C AF 0C AE 0C AE 0C AE 
BAT RX 0x314 [8] 14 6E 5A C8 00 04 05 43 
BAT RX 0x313 [8] 14 46 00 00 00 CE 15 63 
BAT RX 0x312 [8] 00 00 00 00 02 00 00 00 
BAT RX 0x311 [8] 02 38 00 00 00 00 01 00 
BAT RX 0x330 [8] 02 0D 01 10 0C B1 0C AC 
BAT RX 0x329 [8] 02 00 1A 25 02 00 40 9E 
BAT RX 0x323 [8] 20 0E 10 00 04 00 00 00 
BAT RX 0x324 [8] 00 02 47 50 4A 30 32 31 
BAT RX 0x322 [8] 00 E3 00 C0 03 01 18 14 
BAT RX 0x320 [8] 50 41 C3 85 85 00 00 00 
BAT RX 0x319 [8] 00 0C B1 0C AC 1D 10 01 
BAT RX 0x318 [8] 0C AD 0C AD 0C AC 0C AC 
BAT RX 0x317 [8] 0C B1 0C AF 0C AF 0C AF 
BAT RX 0x316 [8] 0C AD 0C AD 0C AD 0C AC 
BAT RX 0x315 [8] 0C AF 0C AF 0C AF 0C AE 
BAT RX 0x314 [8] 14 6E 5A C8 00 05 05 43 
[362s] OK V=51.90V I=+0.0A T=20.6C SOC=21% SOH=99% | CVL=56.8V CCL=0.0A DCL=0.0A | chg=0 dis=0 fc1=0 fc2=0 | prot=0000 warn=0000 | packs=2 | inv0x305=no
BAT RX 0x313 [8] 14 46 00 00 00 CE 15 63 
BAT RX 0x312 [8] 00 00 00 00 02 00 00 00 
BAT RX 0x311 [8] 02 38 00 00 00 00 01 00 
BAT RX 0x330 [8] 02 0D 02 0F 0C B0 0C AC 
BAT RX 0x329 [8] 01 00 22 9C 01 00 40 02 
BAT RX 0x323 [8] 20 0E 10 00 04 00 00 00 
BAT RX 0x324 [8] 01 39 35 32 32 30 36 32 
BAT RX 0x322 [8] 00 E3 00 C0 03 01 18 14 
BAT RX 0x320 [8] 50 41 C3 85 85 00 00 00 
BAT RX 0x319 [8] 00 0C B0 0C AC 1D 1F 01 
BAT RX 0x318 [8] 0C AD 0C AD 0C AC 0C AC 
BAT RX 0x317 [8] 0C B0 0C AF 0C AF 0C AF 
BAT RX 0x316 [8] 0C AD 0C AD 0C AC 0C AC 
BAT RX 0x315 [8] 0C AF 0C AF 0C AF 0C AE 
BAT RX 0x314 [8] 14 6E 5A C8 00 04 05 43 
BAT RX 0x313 [8] 14 46 00 00 00 CE 15 63 
BAT RX 0x312 [8] 00 00 00 00 02 00 00 00 
BAT RX 0x311 [8] 02 38 00 00 00 00 01 00 
BAT RX 0x330 [8] 01 0E 02 0E 0C B0 0C AC 
BAT RX 0x329 [8] 02 00 1A 25 02 00 40 9E 
BAT RX 0x323 [8] 20 0E 10 00 04 00 00 00 
BAT RX 0x324 [8] 02 42 42 37 00 00 00 00 
BAT RX 0x322 [8] 00 E3 00 C0 03 01 18 14 
BAT RX 0x320 [8] 50 41 C3 85 85 00 00 00 
BAT RX 0x319 [8] 00 0C B0 0C AC 0E 1E 01 
BAT RX 0x318 [8] 0C AD 0C AD 0C AD 0C AC 
BAT RX 0x317 [8] 0C B0 0C B0 0C AF 0C AF 
BAT RX 0x316 [8] 0C AD 0C AD 0C AD 0C AD 
BAT RX 0x315 [8] 0C AF 0C AF 0C AF 0C AF 
BAT RX 0x314 [8] 14 6E 5A C8 00 04 05 43 
[364s] OK V=51.90V I=+0.0A T=20.6C SOC=21% SOH=99% | CVL=56.8V CCL=0.0A DCL=0.0A | chg=0 dis=0 fc1=0 fc2=0 | prot=0000 warn=0000 | packs=2 | inv0x305=no

---- battery-bus rate stats (VERBOSE_STATS) ----------------------------
  981 frames, 364 s elapsed
  ID     count   period(ms)  (min-max gap)
  0x317      66   1774 (1-49844)
  0x318      66   1713 (1-45844)
  0x319      65   1677 (1-41844)
  0x320      65   1614 (1-37844)
  0x322      65   1551 (1-33844)
  0x311      63   1523 (78-29844)
  0x323      64   1449 (1-25845)
  0x324      64   1385 (1-21845)
  0x329      64   1322 (1-17844)
  0x330      80   1003 (0-13844)
  0x312      62   1219 (65-15397)
  0x313      63   1135 (2-11397)
  0x314      64   1069 (1-7397)
  0x315      65   1024 (1-5552)
  0x316      65   1023 (1-5552)
--------------------------------------------------------------------------

  TWAI: state=RUNNING  tx_err=98 rx_err=0  tx_failed=0  rx_missed=1197 rx_overrun=0  arb_lost=0  bus_err=852260
BAT RX 0x313 [8] 14 46 00 00 00 CE 15 63 
BAT RX 0x312 [8] 00 00 00 00 02 00 00 00 
BAT RX 0x311 [8] 02 38 00 00 00 00 01 00 
BAT RX 0x330 [8] 02 0D 01 0A 0C B0 0C AC 
BAT RX 0x329 [8] 01 00 22 9C 01 00 40 02 
BAT RX 0x323 [8] 20 0E 10 00 04 00 00 00 
BAT RX 0x324 [8] 00 01 47 50 4A 30 32 31 
BAT RX 0x322 [8] 00 E3 00 C0 03 01 18 14 
BAT RX 0x320 [8] 50 41 C3 85 85 00 00 00 
BAT RX 0x319 [8] 00 0C B0 0C AC 1D 0A 01 
BAT RX 0x318 [8] 0C AD 0C AD 0C AD 0C AC 
BAT RX 0x317 [8] 0C B0 0C AF 0C AF 0C AF 
BAT RX 0x316 [8] 0C AD 0C AD 0C AD 0C AD 
BAT RX 0x315 [8] 0C AF 0C AF 0C AF 0C AE 
BAT RX 0x314 [8] 14 6E 5A C8 00 04 05 43 
BAT RX 0x313 [8] 14 46 00 00 00 CE 15 63 
BAT RX 0x312 [8] 00 00 00 00 02 00 00 00 
BAT RX 0x311 [8] 02 38 00 00 00 00 01 00 
BAT RX 0x330 [8] 02 0D 01 0A 0C B1 0C AC 
BAT RX 0x329 [8] 02 00 1A 25 02 00 40 9E 
BAT RX 0x323 [8] 20 0E 10 00 04 00 00 00 
BAT RX 0x324 [8] 01 39 35 32 32 30 36 32 
BAT RX 0x322 [8] 00 E3 00 C0 03 01 18 14 
BAT RX 0x320 [8] 50 41 C3 85 85 00 00 00 
BAT RX 0x319 [8] 00 0C B1 0C AC 1D 0A 01 
BAT RX 0x318 [8] 0C AD 0C AC 0C AC 0C AC 
BAT RX 0x317 [8] 0C B1 0C AF 0C AF 0C AF 
BAT RX 0x316 [8] 0C AD 0C AD 0C AD 0C AC 
BAT RX 0x315 [8] 0C AF 0C AF 0C AF 0C AE 
BAT RX 0x314 [8] 14 6E 5A C8 00 05 05 43 
[366s] OK V=51.90V I=+0.0A T=20.6C SOC=21% SOH=99% | CVL=56.8V CCL=0.0A DCL=0.0A | chg=0 dis=0 fc1=0 fc2=0 | prot=0000 warn=0000 | packs=2 | inv0x305=no
BAT RX 0x313 [8] 14 46 00 00 00 CE 15 63 
BAT RX 0x312 [8] 00 00 00 00 02 00 00 00 
BAT RX 0x311 [8] 02 38 00 00 00 00 01 00 
BAT RX 0x330 [8] 02 02 02 08 0C B0 0C AC 
BAT RX 0x329 [8] 01 00 22 9C 01 00 40 02 
BAT RX 0x323 [8] 20 0E 10 00 04 00 00 00 
BAT RX 0x324 [8] 02 43 30 37 00 00 00 00 
BAT RX 0x322 [8] 00 E3 00 C0 03 01 18 14 
BAT RX 0x320 [8] 50 41 C3 85 85 00 00 00 
BAT RX 0x319 [8] 00 0C B0 0C AC 12 18 01 
BAT RX 0x318 [8] 0C AD 0C AC 0C AC 0C AC 
BAT RX 0x317 [8] 0C B0 0C B0 0C AF 0C AF 
BAT RX 0x316 [8] 0C AD 0C AC 0C AC 0C AC 
BAT RX 0x315 [8] 0C B0 0C AF 0C AF 0C AF 
BAT RX 0x314 [8] 14 6E 5A C8 00 04 05 43 
BAT RX 0x313 [8] 14 46 00 00 00 CE 15 63 
BAT RX 0x312 [8] 00 00 00 00 02 00 00 00 
BAT RX 0x311 [8] 02 38 00 00 00 00 01 00 
BAT RX 0x330 [8] 02 03 01 03 0C B0 0C AC 
BAT RX 0x329 [8] 02 00 1A 25 02 00 40 9E 
BAT RX 0x323 [8] 20 0E 10 00 04 00 00 00 
BAT RX 0x324 [8] 00 02 47 50 4A 30 32 31 
BAT RX 0x322 [8] 00 E3 00 C0 03 01 18 14 
BAT RX 0x320 [8] 50 41 C3 85 85 00 00 00 
BAT RX 0x319 [8] 00 0C B0 0C AC 13 03 01 
BAT RX 0x318 [8] 0C AD 0C AD 0C AD 0C AC 
BAT RX 0x317 [8] 0C B0 0C B0 0C AF 0C AF 
BAT RX 0x316 [8] 0C AD 0C AD 0C AD 0C AC 
BAT RX 0x315 [8] 0C AF 0C AF 0C AF 0C AE 
BAT RX 0x314 [8] 14 6E 5A C8 00 04 05 43 
[368s] OK V=51.90V I=+0.0A T=20.6C SOC=21% SOH=99% | CVL=56.8V CCL=0.0A DCL=0.0A | chg=0 dis=0 fc1=0 fc2=0 | prot=0000 warn=0000 | packs=2 | inv0x305=no
BAT RX 0x313 [8] 14 46 00 00 00 CE 15 63 
BAT RX 0x312 [8] 00 00 00 00 02 00 00 00 
BAT RX 0x311 [8] 02 38 00 00 00 00 01 00 
BAT RX 0x330 [8] 02 0D 01 0F 0C B1 0C AC 
BAT RX 0x329 [8] 01 00 22 9C 01 00 40 02 
BAT RX 0x323 [8] 20 0E 10 00 04 00 00 00 
BAT RX 0x324 [8] 01 39 35 32 32 30 36 32 
BAT RX 0x322 [8] 00 E3 00 C0 03 01 18 14 
BAT RX 0x320 [8] 50 41 C3 85 85 00 00 00 
BAT RX 0x319 [8] 00 0C B1 0C AC 1D 0F 01 
BAT RX 0x318 [8] 0C AD 0C AD 0C AC 0C AC 
BAT RX 0x317 [8] 0C B1 0C AF 0C AF 0C AF 
BAT RX 0x316 [8] 0C AD 0C AD 0C AD 0C AD 
BAT RX 0x315 [8] 0C AF 0C AF 0C AF 0C AE 
BAT RX 0x314 [8] 14 6E 5A C8 00 05 05 43 
BAT RX 0x313 [8] 14 46 00 00 00 CE 15 63 
BAT RX 0x312 [8] 00 00 00 00 02 00 00 00 
BAT RX 0x311 [8] 02 38 00 00 00 00 01 00 
BAT RX 0x330 [8] 02 0D 02 0F 0C B1 0C AC 
BAT RX 0x329 [8] 02 00 1A 25 02 00 40 9E 
BAT RX 0x323 [8] 20 0E 10 00 04 00 00 00 
BAT RX 0x324 [8] 02 42 42 37 00 00 00 00 
BAT RX 0x322 [8] 00 E3 00 C0 03 01 18 14 
BAT RX 0x320 [8] 50 41 C3 85 85 00 00 00 
BAT RX 0x319 [8] 00 0C B1 0C AC 1D 1F 01 
BAT RX 0x318 [8] 0C AD 0C AD 0C AD 0C AC 
BAT RX 0x317 [8] 0C B1 0C B0 0C AF 0C AF 
BAT RX 0x316 [8] 0C AD 0C AD 0C AD 0C AD 
BAT RX 0x315 [8] 0C AF 0C AF 0C AE 0C AE 
BAT RX 0x314 [8] 14 6E 5A C8 00 05 05 43 
[370s] OK V=51.90V I=+0.0A T=20.6C SOC=21% SOH=99% | CVL=56.8V CCL=0.0A DCL=0.0A | chg=0 dis=0 fc1=0 fc2=0 | prot=0000 warn=0000 | packs=2 | inv0x305=no
BAT RX 0x313 [8] 14 46 00 00 00 CE 15 63 
BAT RX 0x312 [8] 00 00 00 00 02 00 00 00 
BAT RX 0x311 [8] 02 38 00 00 00 00 01 00 
BAT RX 0x330 [8] 02 02 01 10 0C B0 0C AC 
BAT RX 0x329 [8] 01 00 22 9C 01 00 40 02 
BAT RX 0x323 [8] 20 0E 10 00 04 00 00 00 
BAT RX 0x324 [8] 00 01 47 50 4A 30 32 31 
BAT RX 0x322 [8] 00 E3 00 C0 03 01 18 14 
BAT RX 0x320 [8] 50 41 C3 85 85 00 00 00 
BAT RX 0x319 [8] 00 0C B0 0C AC 12 10 01 
BAT RX 0x318 [8] 0C AD 0C AD 0C AC 0C AC 
BAT RX 0x317 [8] 0C B0 0C B0 0C AF 0C AF 
BAT RX 0x316 [8] 0C AD 0C AD 0C AD 0C AD 
BAT RX 0x315 [8] 0C AF 0C AF 0C AF 0C AE 
BAT RX 0x314 [8] 14 6E 5A C8 00 04 05 43 
BAT RX 0x313 [8] 14 46 00 00 00 CE 15 63 
BAT RX 0x312 [8] 00 00 00 00 02 00 00 00 
BAT RX 0x311 [8] 02 38 00 00 00 00 01 00 
BAT RX 0x330 [8] 02 03 01 0F 0C B0 0C AC 
BAT RX 0x329 [8] 02 00 1A 25 02 00 40 9E 
BAT RX 0x323 [8] 20 0E 10 00 04 00 00 00 
BAT RX 0x324 [8] 01 39 35 32 32 30 36 32 
BAT RX 0x322 [8] 00 E3 00 C0 03 01 18 14 
BAT RX 0x320 [8] 50 41 C3 85 85 00 00 00 
BAT RX 0x319 [8] 00 0C B0 0C AC 13 0F 01 
BAT RX 0x318 [8] 0C AC 0C AC 0C AC 0C AC 
BAT RX 0x317 [8] 0C B0 0C B0 0C B0 0C AF 
BAT RX 0x316 [8] 0C AD 0C AD 0C AD 0C AC 
BAT RX 0x315 [8] 0C AF 0C AF 0C AF 0C AE 
BAT RX 0x314 [8] 14 6E 5A C8 00 04 05 43 
BAT RX 0x313 [8] 14 46 00 00 00 CE 15 63 
[372s] OK V=51.90V I=+0.0A T=20.6C SOC=21% SOH=99% | CVL=56.8V CCL=0.0A DCL=0.0A | chg=0 dis=0 fc1=0 fc2=0 | prot=0000 warn=0000 | packs=2 | inv0x305=no
BAT RX 0x312 [8] 00 00 00 00 02 00 00 00 
BAT RX 0x311 [8] 02 38 00 00 00 00 01 00 
BAT RX 0x330 [8] 02 0D 01 10 0C B0 0C AC 
BAT RX 0x329 [8] 01 00 22 9C 01 00 40 02 
BAT RX 0x323 [8] 20 0E 10 00 04 00 00 00 
BAT RX 0x324 [8] 02 43 30 37 00 00 00 00 
BAT RX 0x322 [8] 00 E3 00 C0 03 01 18 14 
BAT RX 0x320 [8] 50 41 C3 85 85 00 00 00 
BAT RX 0x319 [8] 00 0C B0 0C AC 1D 10 01 
BAT RX 0x318 [8] 0C AD 0C AD 0C AC 0C AC 
BAT RX 0x317 [8] 0C B0 0C AF 0C AF 0C AF 
BAT RX 0x316 [8] 0C AD 0C AD 0C AD 0C AD 
BAT RX 0x315 [8] 0C AF 0C AF 0C AE 0C AE 
BAT RX 0x314 [8] 14 6E 5A C8 00 04 05 43 
BAT RX 0x313 [8] 14 46 00 00 00 CE 15 63 
BAT RX 0x312 [8] 00 00 00 00 02 00 00 00 
BAT RX 0x311 [8] 02 38 00 00 00 00 01 00 
BAT RX 0x330 [8] 02 03 02 06 0C B0 0C AC 
BAT RX 0x329 [8] 02 00 1A 25 02 00 40 9E 
BAT RX 0x323 [8] 20 0E 10 00 04 00 00 00 
BAT RX 0x324 [8] 00 02 47 50 4A 30 32 31 
BAT RX 0x322 [8] 00 E3 00 C0 03 01 18 14 
BAT RX 0x320 [8] 50 41 C3 85 85 00 00 00 
BAT RX 0x319 [8] 00 0C B0 0C AC 13 16 01 
BAT RX 0x318 [8] 0C AD 0C AD 0C AC 0C AC 
BAT RX 0x317 [8] 0C B0 0C B0 0C AF 0C AF 
BAT RX 0x316 [8] 0C AD 0C AD 0C AD 0C AD 
BAT RX 0x315 [8] 0C AF 0C AE 0C AE 0C AE 
BAT RX 0x314 [8] 14 6E 5A C8 00 04 05 43 
BAT RX 0x313 [8] 14 46 00 00 00 CE 15 63 
[374s] OK V=51.90V I=+0.0A T=20.6C SOC=21% SOH=99% | CVL=56.8V CCL=0.0A DCL=0.0A | chg=0 dis=0 fc1=0 fc2=0 | prot=0000 warn=0000 | packs=2 | inv0x305=no
BAT RX 0x312 [8] 00 00 00 00 02 00 00 00 
BAT RX 0x311 [8] 02 38 00 00 00 00 01 00 
BAT RX 0x330 [8] 02 03 01 0A 0C B0 0C AC 
BAT RX 0x329 [8] 01 00 22 9C 01 00 40 02 
BAT RX 0x323 [8] 20 0E 10 00 04 00 00 00 
BAT RX 0x324 [8] 01 39 35 32 32 30 36 32 
BAT RX 0x322 [8] 00 E3 00 C0 03 01 18 14 
BAT RX 0x320 [8] 50 41 C3 85 85 00 00 00 
BAT RX 0x319 [8] 00 0C B0 0C AC 13 0A 01 
BAT RX 0x318 [8] 0C AD 0C AD 0C AD 0C AD 
BAT RX 0x317 [8] 0C B0 0C B0 0C AF 0C AF 
BAT RX 0x316 [8] 0C AD 0C AD 0C AD 0C AC 
BAT RX 0x315 [8] 0C AF 0C AF 0C AF 0C AE 
BAT RX 0x314 [8] 14 6E 5A C8 00 03 05 43 
BAT RX 0x313 [8] 14 46 00 00 00 CE 15 63 
BAT RX 0x312 [8] 00 00 00 00 02 00 00 00 
BAT RX 0x311 [8] 02 38 00 00 00 00 01 00 
BAT RX 0x330 [8] 02 03 01 0B 0C B1 0C AC 
BAT RX 0x329 [8] 02 00 1A 25 02 00 40 9E 
BAT RX 0x323 [8] 20 0E 10 00 04 00 00 00 
BAT RX 0x324 [8] 02 42 42 37 00 00 00 00 
BAT RX 0x322 [8] 00 E3 00 C0 03 01 18 14 
BAT RX 0x320 [8] 50 41 C3 85 85 00 00 00 
BAT RX 0x319 [8] 00 0C B1 0C AC 13 0B 01 
BAT RX 0x318 [8] 0C AD 0C AD 0C AC 0C AC 
BAT RX 0x317 [8] 0C B1 0C B0 0C AF 0C AF 
BAT RX 0x316 [8] 0C AD 0C AD 0C AD 0C AC 
BAT RX 0x315 [8] 0C B0 0C AF 0C AE 0C AE 
BAT RX 0x314 [8] 14 6E 5A C8 00 05 05 43 
BAT RX 0x313 [8] 14 46 00 00 00 CE 15 63 
[376s] OK V=51.90V I=+0.0A T=20.6C SOC=21% SOH=99% | CVL=56.8V CCL=0.0A DCL=0.0A | chg=0 dis=0 fc1=0 fc2=0 | prot=0000 warn=0000 | packs=2 | inv0x305=no
BAT RX 0x312 [8] 00 00 00 00 02 00 00 00 
BAT RX 0x311 [8] 02 38 00 00 00 00 01 00 
BAT RX 0x330 [8] 02 02 01 0A 0C B0 0C AC 
BAT RX 0x329 [8] 01 00 22 9C 01 00 40 02 
BAT RX 0x323 [8] 20 0E 10 00 04 00 00 00 
BAT RX 0x324 [8] 00 01 47 50 4A 30 32 31 
BAT RX 0x322 [8] 00 E3 00 C0 03 01 18 14 
BAT RX 0x320 [8] 50 41 C3 85 85 00 00 00 
BAT RX 0x319 [8] 00 0C B0 0C AC 12 0A 01 
BAT RX 0x318 [8] 0C AD 0C AD 0C AC 0C AC 
BAT RX 0x317 [8] 0C B0 0C B0 0C AF 0C AF 
BAT RX 0x316 [8] 0C AD 0C AD 0C AC 0C AC 
BAT RX 0x315 [8] 0C B0 0C AF 0C AF 0C AE 
BAT RX 0x314 [8] 14 6E 5A C8 00 04 05 43 
BAT RX 0x313 [8] 14 46 00 00 00 CE 15 63 
BAT RX 0x312 [8] 00 00 00 00 02 00 00 00 
BAT RX 0x311 [8] 02 38 00 00 00 00 01 00 
BAT RX 0x330 [8] 02 0D 02 0E 0C B1 0C AC 
BAT RX 0x329 [8] 02 00 1A 25 02 00 40 9E 
BAT RX 0x323 [8] 20 0E 10 00 04 00 00 00 
BAT RX 0x324 [8] 01 39 35 32 32 30 36 32 
BAT RX 0x322 [8] 00 E3 00 C0 03 01 18 14 
BAT RX 0x320 [8] 50 41 C3 85 85 00 00 00 
BAT RX 0x319 [8] 00 0C B1 0C AC 1D 1E 01 
BAT RX 0x318 [8] 0C AD 0C AD 0C AC 0C AC 
BAT RX 0x317 [8] 0C B1 0C AF 0C AF 0C AF 
BAT RX 0x316 [8] 0C AD 0C AC 0C AC 0C AC 
BAT RX 0x315 [8] 0C B0 0C AF 0C AF 0C AF 
BAT RX 0x314 [8] 14 6E 5A C8 00 05 05 43 
BAT RX 0x313 [8] 14 46 00 00 00 CE 15 63 
[378s] OK V=51.90V I=+0.0A T=20.6C SOC=21% SOH=99% | CVL=56.8V CCL=0.0A DCL=0.0A | chg=0 dis=0 fc1=0 fc2=0 | prot=0000 warn=0000 | packs=2 | inv0x305=no
BAT RX 0x312 [8] 00 00 00 00 02 00 00 00 
BAT RX 0x311 [8] 02 38 00 00 00 00 01 00 
BAT RX 0x330 [8] 02 0D 02 07 0C B1 0C AC 
BAT RX 0x329 [8] 01 00 22 9C 01 00 40 02 
BAT RX 0x323 [8] 20 0E 10 00 04 00 00 00 
BAT RX 0x324 [8] 02 43 30 37 00 00 00 00 
BAT RX 0x322 [8] 00 E3 00 C0 03 01 18 14 
BAT RX 0x320 [8] 50 41 C3 85 85 00 00 00 
BAT RX 0x319 [8] 00 0C B1 0C AC 1D 17 01 
BAT RX 0x318 [8] 0C AC 0C AC 0C AC 0C AC 
BAT RX 0x317 [8] 0C B1 0C B0 0C B0 0C AF 
BAT RX 0x316 [8] 0C AD 0C AD 0C AD 0C AD 
BAT RX 0x315 [8] 0C AF 0C AF 0C AF 0C AE 
BAT RX 0x314 [8] 14 6E 5A C8 00 05 05 43 
BAT RX 0x313 [8] 14 46 00 00 00 CE 15 63 

---- battery-bus rate stats (VERBOSE_STATS) ----------------------------
  1207 frames, 379 s elapsed
  ID     count   period(ms)  (min-max gap)
  0x317      81   1629 (1-49844)
  0x318      81   1579 (1-45844)
  0x319      80   1548 (1-41844)
  0x320      80   1497 (1-37844)
  0x322      80   1447 (1-33844)
  0x311      78   1420 (78-29844)
  0x323      79   1362 (1-25845)
  0x324      79   1311 (1-21845)
  0x329      79   1260 (1-17844)
  0x330      95   1002 (0-13844)
  0x312      77   1176 (65-15397)
  0x313      79   1107 (2-11397)
  0x314      79   1056 (1-7397)
  0x315      80   1019 (1-5552)
  0x316      80   1019 (1-5552)
--------------------------------------------------------------------------

  TWAI: state=RUNNING  tx_err=83 rx_err=0  tx_failed=0  rx_missed=1197 rx_overrun=0  arb_lost=0  bus_err=852260
BAT RX 0x312 [8] 00 00 00 00 02 00 00 00 
BAT RX 0x311 [8] 02 38 00 00 00 00 01 00 
BAT RX 0x330 [8] 01 07 01 0B 0C AF 0C AC 
BAT RX 0x329 [8] 02 00 1A 25 02 00 40 9E 
BAT RX 0x323 [8] 20 0E 10 00 04 00 00 00 
BAT RX 0x324 [8] 00 02 47 50 4A 30 32 31 
BAT RX 0x322 [8] 00 E3 00 C0 03 01 18 14 
BAT RX 0x320 [8] 50 41 C3 85 85 00 00 00 
BAT RX 0x319 [8] 00 0C AF 0C AC 07 0B 01 
BAT RX 0x318 [8] 0C AD 0C AD 0C AD 0C AD 
BAT RX 0x317 [8] 0C AF 0C AF 0C AF 0C AE 
BAT RX 0x316 [8] 0C AD 0C AC 0C AC 0C AC 
BAT RX 0x315 [8] 0C B0 0C AF 0C AF 0C AE 
BAT RX 0x314 [8] 14 6E 5A C8 00 04 05 43 
BAT RX 0x313 [8] 14 46 00 00 00 CE 15 63 
[380s] OK V=51.90V I=+0.0A T=20.6C SOC=21% SOH=99% | CVL=56.8V CCL=0.0A DCL=0.0A | chg=0 dis=0 fc1=0 fc2=0 | prot=0000 warn=0000 | packs=2 | inv0x305=no
BAT RX 0x312 [8] 00 00 00 00 02 00 00 00 
BAT RX 0x311 [8] 02 38 00 00 00 00 01 00 
BAT RX 0x330 [8] 02 03 02 06 0C B0 0C AC 
BAT RX 0x329 [8] 01 00 22 9C 01 00 40 02 
BAT RX 0x323 [8] 20 0E 10 00 04 00 00 00 
BAT RX 0x324 [8] 01 39 35 32 32 30 36 32 
BAT RX 0x322 [8] 00 E3 00 C0 03 01 18 14 
BAT RX 0x320 [8] 50 41 C3 85 85 00 00 00 
BAT RX 0x319 [8] 00 0C B0 0C AC 13 16 01 
BAT RX 0x318 [8] 0C AD 0C AD 0C AC 0C AC 
BAT RX 0x317 [8] 0C B0 0C AF 0C AF 0C AF 
BAT RX 0x316 [8] 0C AD 0C AD 0C AD 0C AD 
BAT RX 0x315 [8] 0C AF 0C AE 0C AE 0C AE 
BAT RX 0x314 [8] 14 6E 5A C8 00 04 05 43 
BAT RX 0x313 [8] 14 46 00 00 00 CE 15 63 
BAT RX 0x312 [8] 00 00 00 00 02 00 00 00 
BAT RX 0x311 [8] 02 38 00 00 00 00 01 00 
BAT RX 0x330 [8] 02 02 02 08 0C B0 0C AC 
BAT RX 0x329 [8] 02 00 1A 25 02 00 40 9E 
BAT RX 0x323 [8] 20 0E 10 00 04 00 00 00 
BAT RX 0x324 [8] 02 42 42 37 00 00 00 00 
BAT RX 0x322 [8] 00 E3 00 C0 03 01 18 14 
BAT RX 0x320 [8] 50 41 C3 85 85 00 00 00 
BAT RX 0x319 [8] 00 0C B0 0C AC 12 18 01 
BAT RX 0x318 [8] 0C AD 0C AD 0C AC 0C AC 
BAT RX 0x317 [8] 0C B0 0C AF 0C AF 0C AF 
BAT RX 0x316 [8] 0C AD 0C AD 0C AD 0C AD 
BAT RX 0x315 [8] 0C AF 0C AF 0C AE 0C AE 
BAT RX 0x314 [8] 14 6E 5A C8 00 04 05 43 
BAT RX 0x313 [8] 14 46 00 00 00 CE 15 63 
BAT RX 0x312 [8] 00 00 00 00 02 00 00 00 
[382s] OK V=51.90V I=+0.0A T=20.6C SOC=21% SOH=99% | CVL=56.8V CCL=0.0A DCL=0.0A | chg=0 dis=0 fc1=0 fc2=0 | prot=0000 warn=0000 | packs=2 | inv0x305=no
BAT RX 0x311 [8] 02 38 00 00 00 00 01 00 
BAT RX 0x330 [8] 02 0D 01 0A 0C B1 0C AC 
BAT RX 0x329 [8] 01 00 22 9C 01 00 40 02 
BAT RX 0x323 [8] 20 0E 10 00 04 00 00 00 
BAT RX 0x324 [8] 00 01 47 50 4A 30 32 31 
BAT RX 0x322 [8] 00 E3 00 C0 03 01 18 14 
BAT RX 0x320 [8] 50 41 C3 85 85 00 00 00 
BAT RX 0x319 [8] 00 0C B1 0C AC 1D 0A 01 
BAT RX 0x318 [8] 0C AC 0C AC 0C AC 0C AC 
BAT RX 0x317 [8] 0C B1 0C AF 0C AF 0C AF 
BAT RX 0x316 [8] 0C AD 0C AD 0C AD 0C AD 
BAT RX 0x315 [8] 0C AF 0C AF 0C AE 0C AE 
BAT RX 0x314 [8] 14 6E 5A C8 00 05 05 43 
BAT RX 0x313 [8] 14 46 00 00 00 CE 15 63 
BAT RX 0x312 [8] 00 00 00 00 02 00 00 00 
BAT RX 0x311 [8] 02 38 00 00 00 00 01 00 
BAT RX 0x330 [8] 02 02 02 09 0C B0 0C AC 
BAT RX 0x329 [8] 02 00 1A 25 02 00 40 9E 
BAT RX 0x323 [8] 20 0E 10 00 04 00 00 00 
BAT RX 0x324 [8] 01 39 35 32 32 30 36 32 
BAT RX 0x322 [8] 00 E3 00 C0 03 01 18 14 
BAT RX 0x320 [8] 50 41 C3 85 85 00 00 00 
BAT RX 0x319 [8] 00 0C B0 0C AC 12 19 01 
BAT RX 0x318 [8] 0C AD 0C AD 0C AD 0C AC 
BAT RX 0x317 [8] 0C B0 0C B0 0C AF 0C AF 
BAT RX 0x316 [8] 0C AD 0C AD 0C AC 0C AC 
BAT RX 0x315 [8] 0C B0 0C AF 0C AF 0C AE 
BAT RX 0x314 [8] 14 6E 5A C8 00 04 05 43 
BAT RX 0x313 [8] 14 46 00 00 00 CE 15 63 
BAT RX 0x312 [8] 00 00 00 00 02 00 00 00 
[384s] OK V=51.90V I=+0.0A T=20.6C SOC=21% SOH=99% | CVL=56.8V CCL=0.0A DCL=0.0A | chg=0 dis=0 fc1=0 fc2=0 | prot=0000 warn=0000 | packs=2 | inv0x305=no
BAT RX 0x311 [8] 02 38 00 00 00 00 01 00 
BAT RX 0x330 [8] 01 0E 01 0B 0C B0 0C AC 
BAT RX 0x329 [8] 01 00 22 9C 01 00 40 02 
BAT RX 0x323 [8] 20 0E 10 00 04 00 00 00 
BAT RX 0x324 [8] 02 43 30 37 00 00 00 00 
BAT RX 0x322 [8] 00 E3 00 C0 03 01 18 14 
BAT RX 0x320 [8] 50 41 C3 85 85 00 00 00 
BAT RX 0x319 [8] 00 0C B0 0C AC 0E 0B 01 
BAT RX 0x318 [8] 0C AD 0C AD 0C AD 0C AD 
BAT RX 0x317 [8] 0C AF 0C AF 0C AF 0C AF 
BAT RX 0x316 [8] 0C AD 0C AD 0C AD 0C AD 
BAT RX 0x315 [8] 0C AF 0C AF 0C AE 0C AE 
BAT RX 0x314 [8] 14 6E 5A C8 00 02 05 43 
BAT RX 0x313 [8] 14 46 00 00 00 CE 15 63 
BAT RX 0x312 [8] 00 00 00 00 02 00 00 00 
BAT RX 0x311 [8] 02 38 00 00 00 00 01 00 
BAT RX 0x330 [8] 02 02 01 02 0C B0 0C AD 
BAT RX 0x329 [8] 02 00 1A 25 02 00 40 9E 
BAT RX 0x323 [8] 20 0E 10 00 04 00 00 00 
BAT RX 0x324 [8] 00 02 47 50 4A 30 32 31 
BAT RX 0x322 [8] 00 E3 00 C0 03 01 18 14 
BAT RX 0x320 [8] 50 41 C3 85 85 00 00 00 
BAT RX 0x319 [8] 00 0C B0 0C AD 12 02 01 
BAT RX 0x318 [8] 0C AD 0C AD 0C AD 0C AD 
BAT RX 0x317 [8] 0C B0 0C B0 0C AF 0C AF 
BAT RX 0x316 [8] 0C AD 0C AD 0C AD 0C AD 
BAT RX 0x315 [8] 0C AF 0C AF 0C AE 0C AE 
BAT RX 0x314 [8] 14 6E 5A C8 00 03 05 43 
BAT RX 0x313 [8] 14 46 00 00 00 CE 15 63 
BAT RX 0x312 [8] 00 00 00 00 02 00 00 00 
[386s] OK V=51.90V I=+0.0A T=20.6C SOC=21% SOH=99% | CVL=56.8V CCL=0.0A DCL=0.0A | chg=0 dis=0 fc1=0 fc2=0 | prot=0000 warn=0000 | packs=2 | inv0x305=no
BAT RX 0x311 [8] 02 38 00 00 00 00 01 00 
BAT RX 0x330 [8] 02 03 01 10 0C B0 0C AC 
BAT RX 0x329 [8] 01 00 22 9C 01 00 40 02 
BAT RX 0x323 [8] 20 0E 10 00 04 00 00 00 
BAT RX 0x324 [8] 01 39 35 32 32 30 36 32 
BAT RX 0x322 [8] 00 E3 00 C0 03 01 18 14 
BAT RX 0x320 [8] 50 41 C3 85 85 00 00 00 
BAT RX 0x319 [8] 00 0C B0 0C AC 13 10 01 
BAT RX 0x318 [8] 0C AD 0C AD 0C AC 0C AC 
BAT RX 0x317 [8] 0C B0 0C AF 0C AF 0C AF 
BAT RX 0x316 [8] 0C AD 0C AC 0C AC 0C AC 
BAT RX 0x315 [8] 0C AF 0C AF 0C AF 0C AF 
BAT RX 0x314 [8] 14 6E 5A C8 00 04 05 43 
BAT RX 0x313 [8] 14 46 00 00 00 CE 15 63 
BAT RX 0x312 [8] 00 00 00 00 02 00 00 00 
BAT RX 0x311 [8] 02 38 00 00 00 00 01 00 
BAT RX 0x330 [8] 02 04 02 06 0C B0 0C AC 
BAT RX 0x329 [8] 02 00 1A 25 02 00 40 9E 
BAT RX 0x323 [8] 20 0E 10 00 04 00 00 00 
BAT RX 0x324 [8] 02 42 42 37 00 00 00 00 
BAT RX 0x322 [8] 00 E3 00 C0 03 01 18 14 
BAT RX 0x320 [8] 50 41 C3 85 85 00 00 00 
BAT RX 0x319 [8] 00 0C B0 0C AC 14 16 01 
BAT RX 0x318 [8] 0C AD 0C AC 0C AC 0C AC 
BAT RX 0x317 [8] 0C B0 0C B0 0C AF 0C AF 
BAT RX 0x316 [8] 0C AD 0C AD 0C AD 0C AC 
BAT RX 0x315 [8] 0C AF 0C AF 0C AF 0C AE 
BAT RX 0x314 [8] 14 6E 5A C8 00 04 05 43 
BAT RX 0x313 [8] 14 46 00 00 00 CE 15 63 
BAT RX 0x312 [8] 00 00 00 00 02 00 00 00 
[388s] OK V=51.90V I=+0.0A T=20.6C SOC=21% SOH=99% | CVL=56.8V CCL=0.0A DCL=0.0A | chg=0 dis=0 fc1=0 fc2=0 | prot=0000 warn=0000 | packs=2 | inv0x305=no
BAT RX 0x311 [8] 02 38 00 00 00 00 01 00 
BAT RX 0x330 [8] 02 03 02 0E 0C B0 0C AC 
BAT RX 0x329 [8] 01 00 22 9C 01 00 40 02 
BAT RX 0x323 [8] 20 0E 10 00 04 00 00 00 
BAT RX 0x324 [8] 00 01 47 50 4A 30 32 31 
BAT RX 0x322 [8] 00 E3 00 C0 03 01 18 14 
BAT RX 0x320 [8] 50 41 C3 85 85 00 00 00 
BAT RX 0x319 [8] 00 0C B0 0C AC 13 1E 01 
BAT RX 0x318 [8] 0C AD 0C AD 0C AD 0C AC 
BAT RX 0x317 [8] 0C B0 0C B0 0C AF 0C AF 
BAT RX 0x316 [8] 0C AD 0C AD 0C AD 0C AD 
BAT RX 0x315 [8] 0C AF 0C AE 0C AE 0C AE 
BAT RX 0x314 [8] 14 6E 5A C8 00 04 05 43 
BAT RX 0x313 [8] 14 46 00 00 00 CE 15 63 
BAT RX 0x312 [8] 00 00 00 00 02 00 00 00 
BAT RX 0x311 [8] 02 38 00 00 00 00 01 00 
BAT RX 0x330 [8] 02 02 02 08 0C B1 0C AC 
BAT RX 0x329 [8] 02 00 1A 25 02 00 40 9E 
BAT RX 0x323 [8] 20 0E 10 00 04 00 00 00 
BAT RX 0x324 [8] 01 39 35 32 32 30 36 32 
BAT RX 0x322 [8] 00 E3 00 C0 03 01 18 14 
BAT RX 0x320 [8] 50 41 C3 85 85 00 00 00 
BAT RX 0x319 [8] 00 0C B1 0C AC 12 18 01 
BAT RX 0x318 [8] 0C AD 0C AD 0C AC 0C AC 
BAT RX 0x317 [8] 0C B1 0C AF 0C AF 0C AF 
BAT RX 0x316 [8] 0C AD 0C AD 0C AD 0C AC 
BAT RX 0x315 [8] 0C AF 0C AF 0C AF 0C AE 
BAT RX 0x314 [8] 14 6E 5A C8 00 05 05 43 
BAT RX 0x313 [8] 14 46 00 00 00 CE 15 63 
BAT RX 0x312 [8] 00 00 00 00 02 00 00 00 
[390s] OK V=51.90V I=+0.0A T=20.6C SOC=21% SOH=99% | CVL=56.8V CCL=0.0A DCL=0.0A | chg=0 dis=0 fc1=0 fc2=0 | prot=0000 warn=0000 | packs=2 | inv0x305=no
BAT RX 0x311 [8] 02 38 00 00 00 00 01 00 
BAT RX 0x330 [8] 02 0D 02 0E 0C B1 0C AC 
BAT RX 0x329 [8] 01 00 22 9C 01 00 40 02 
BAT RX 0x323 [8] 20 0E 10 00 04 00 00 00 
BAT RX 0x324 [8] 02 43 30 37 00 00 00 00 
BAT RX 0x322 [8] 00 E3 00 C0 03 01 18 14 
BAT RX 0x320 [8] 50 41 C3 85 85 00 00 00 
BAT RX 0x319 [8] 00 0C B1 0C AC 1D 1E 01 
BAT RX 0x318 [8] 0C AD 0C AD 0C AC 0C AC 
BAT RX 0x317 [8] 0C B1 0C AF 0C AF 0C AF 
BAT RX 0x316 [8] 0C AD 0C AD 0C AD 0C AD 
BAT RX 0x315 [8] 0C AF 0C AF 0C AF 0C AE 
BAT RX 0x314 [8] 14 6E 5A C8 00 05 05 43 
BAT RX 0x313 [8] 14 46 00 00 00 CE 15 63 
BAT RX 0x312 [8] 00 00 00 00 02 00 00 00 
BAT RX 0x311 [8] 02 38 00 00 00 00 01 00 
BAT RX 0x330 [8] 02 03 02 09 0C B0 0C AC 
BAT RX 0x329 [8] 02 00 1A 25 02 00 40 9E 
BAT RX 0x323 [8] 20 0E 10 00 04 00 00 00 
BAT RX 0x324 [8] 00 02 47 50 4A 30 32 31 
BAT RX 0x322 [8] 00 E3 00 C0 03 01 18 14 
BAT RX 0x320 [8] 50 41 C3 85 85 00 00 00 
BAT RX 0x319 [8] 00 0C B0 0C AC 13 19 01 
BAT RX 0x318 [8] 0C AD 0C AD 0C AC 0C AC 
BAT RX 0x317 [8] 0C B0 0C AF 0C AF 0C AF 
BAT RX 0x316 [8] 0C AD 0C AD 0C AC 0C AC 
BAT RX 0x315 [8] 0C AF 0C AF 0C AF 0C AF 
BAT RX 0x314 [8] 14 6E 5A C8 00 04 05 43 
BAT RX 0x313 [8] 14 46 00 00 00 CE 15 63 
BAT RX 0x312 [8] 00 00 00 00 02 00 00 00 
[392s] OK V=51.90V I=+0.0A T=20.6C SOC=21% SOH=99% | CVL=56.8V CCL=0.0A DCL=0.0A | chg=0 dis=0 fc1=0 fc2=0 | prot=0000 warn=0000 | packs=2 | inv0x305=no
BAT RX 0x311 [8] 02 38 00 00 00 00 01 00 
BAT RX 0x330 [8] 02 03 01 10 0C B0 0C AC 
BAT RX 0x329 [8] 01 00 22 9C 01 00 40 02 
BAT RX 0x323 [8] 20 0E 10 00 04 00 00 00 
BAT RX 0x324 [8] 01 39 35 32 32 30 36 32 
BAT RX 0x322 [8] 00 E3 00 C0 03 01 18 14 
BAT RX 0x320 [8] 50 41 C3 85 85 00 00 00 
BAT RX 0x319 [8] 00 0C B0 0C AC 13 10 01 
BAT RX 0x318 [8] 0C AD 0C AD 0C AD 0C AC 
BAT RX 0x317 [8] 0C B0 0C AF 0C AF 0C AF 
BAT RX 0x316 [8] 0C AC 0C AC 0C AC 0C AC 
BAT RX 0x315 [8] 0C B0 0C AF 0C AF 0C AF 
BAT RX 0x314 [8] 14 6E 5A C8 00 04 05 43 
BAT RX 0x313 [8] 14 46 00 00 00 CE 15 63 
BAT RX 0x312 [8] 00 00 00 00 02 00 00 00 
BAT RX 0x311 [8] 02 38 00 00 00 00 01 00 
BAT RX 0x330 [8] 02 0D 01 0A 0C B0 0C AC 
BAT RX 0x329 [8] 02 00 1A 25 02 00 40 9E 
BAT RX 0x323 [8] 20 0E 10 00 04 00 00 00 
BAT RX 0x324 [8] 02 42 42 37 00 00 00 00 
BAT RX 0x322 [8] 00 E3 00 C0 03 01 18 14 
BAT RX 0x320 [8] 50 41 C3 85 85 00 00 00 
BAT RX 0x319 [8] 00 0C B0 0C AC 1D 0A 01 
BAT RX 0x318 [8] 0C AD 0C AC 0C AC 0C AC 
BAT RX 0x317 [8] 0C B0 0C AF 0C AF 0C AF 
BAT RX 0x316 [8] 0C AD 0C AD 0C AD 0C AD 
BAT RX 0x315 [8] 0C AF 0C AF 0C AF 0C AF 
BAT RX 0x314 [8] 14 6E 5A C8 00 04 05 43 
BAT RX 0x313 [8] 14 46 00 00 00 CE 15 63 
BAT RX 0x312 [8] 00 00 00 00 02 00 00 00 
[394s] OK V=51.90V I=+0.0A T=20.6C SOC=21% SOH=99% | CVL=56.8V CCL=0.0A DCL=0.0A | chg=0 dis=0 fc1=0 fc2=0 | prot=0000 warn=0000 | packs=2 | inv0x305=no

---- battery-bus rate stats (VERBOSE_STATS) ----------------------------
  1433 frames, 394 s elapsed
  ID     count   period(ms)  (min-max gap)
  0x317      96   1529 (1-49844)
  0x318      96   1487 (1-45844)
  0x319      95   1460 (1-41844)
  0x320      95   1418 (1-37844)
  0x322      95   1375 (1-33844)
  0x311      93   1352 (78-29844)
  0x323      94   1304 (1-25845)
  0x324      94   1261 (1-21845)
  0x329      94   1218 (1-17844)
  0x330     110   1002 (0-13844)
  0x312      93   1145 (65-15397)
  0x313      94   1090 (2-11397)
  0x314      94   1046 (1-7397)
  0x315      95   1016 (1-5552)
  0x316      95   1016 (1-5552)
--------------------------------------------------------------------------

  TWAI: state=RUNNING  tx_err=68 rx_err=0  tx_failed=0  rx_missed=1197 rx_overrun=0  arb_lost=0  bus_err=852260
BAT RX 0x311 [8] 02 38 00 00 00 00 01 00 
BAT RX 0x330 [8] 02 03 02 06 0C B0 0C AC 
BAT RX 0x329 [8] 01 00 22 9C 01 00 40 02 
BAT RX 0x323 [8] 20 0E 10 00 04 00 00 00 
BAT RX 0x324 [8] 00 01 47 50 4A 30 32 31 
BAT RX 0x322 [8] 00 E3 00 C0 03 01 18 14 
BAT RX 0x320 [8] 50 41 C3 85 85 00 00 00 
BAT RX 0x319 [8] 00 0C B0 0C AC 13 16 01 
BAT RX 0x318 [8] 0C AD 0C AD 0C AC 0C AC 
BAT RX 0x317 [8] 0C B0 0C B0 0C AF 0C AF 
BAT RX 0x316 [8] 0C AD 0C AD 0C AD 0C AC 
BAT RX 0x315 [8] 0C AF 0C AF 0C AE 0C AE 
BAT RX 0x314 [8] 14 6E 5A C8 00 04 05 43 
BAT RX 0x313 [8] 14 46 00 00 00 CE 15 63 
BAT RX 0x312 [8] 00 00 00 00 02 00 00 00 
BAT RX 0x311 [8] 02 38 00 00 00 00 01 00 
BAT RX 0x330 [8] 02 03 02 0E 0C B0 0C AC 
BAT RX 0x329 [8] 02 00 1A 25 02 00 40 9E 
BAT RX 0x323 [8] 20 0E 10 00 04 00 00 00 
BAT RX 0x324 [8] 01 39 35 32 32 30 36 32 
BAT RX 0x322 [8] 00 E3 00 C0 03 01 18 14 
BAT RX 0x320 [8] 50 41 C3 85 85 00 00 00 
BAT RX 0x319 [8] 00 0C B0 0C AC 13 1E 01 
BAT RX 0x318 [8] 0C AD 0C AD 0C AD 0C AC 
BAT RX 0x317 [8] 0C B0 0C AF 0C AF 0C AF 
BAT RX 0x316 [8] 0C AD 0C AD 0C AD 0C AC 
BAT RX 0x315 [8] 0C B0 0C AF 0C AF 0C AE 
BAT RX 0x314 [8] 14 6E 5A C8 00 04 05 43 
BAT RX 0x313 [8] 14 46 00 00 00 CE 15 63 
BAT RX 0x312 [8] 00 00 00 00 02 00 00 00 
[396s] OK V=51.90V I=+0.0A T=20.6C SOC=21% SOH=99% | CVL=56.8V CCL=0.0A DCL=0.0A | chg=0 dis=0 fc1=0 fc2=0 | prot=0000 warn=0000 | packs=2 | inv0x305=no
BAT RX 0x311 [8] 02 38 00 00 00 00 01 00 
BAT RX 0x330 [8] 02 03 01 0A 0C B0 0C AC 
BAT RX 0x329 [8] 01 00 22 9C 01 00 40 02 
BAT RX 0x323 [8] 20 0E 10 00 04 00 00 00 
BAT RX 0x324 [8] 02 43 30 37 00 00 00 00 
BAT RX 0x322 [8] 00 E3 00 C0 03 01 18 14 
BAT RX 0x320 [8] 50 41 C3 85 85 00 00 00 
BAT RX 0x319 [8] 00 0C B0 0C AC 13 0A 01 
BAT RX 0x318 [8] 0C AD 0C AD 0C AD 0C AC 
BAT RX 0x317 [8] 0C B0 0C B0 0C AF 0C AF 
BAT RX 0x316 [8] 0C AD 0C AD 0C AD 0C AD 
BAT RX 0x315 [8] 0C AF 0C AE 0C AE 0C AE 
BAT RX 0x314 [8] 14 6E 5A C8 00 04 05 43 
BAT RX 0x313 [8] 14 46 00 00 00 CE 15 63 
BAT RX 0x312 [8] 00 00 00 00 02 00 00 00 
BAT RX 0x311 [8] 02 38 00 00 00 00 01 00 
BAT RX 0x330 [8] 02 0D 01 0A 0C B0 0C AC 
BAT RX 0x329 [8] 02 00 1A 25 02 00 40 9E 
BAT RX 0x323 [8] 20 0E 10 00 04 00 00 00 
BAT RX 0x324 [8] 00 02 47 50 4A 30 32 31 
BAT RX 0x322 [8] 00 E3 00 C0 03 01 18 14 
BAT RX 0x320 [8] 50 41 C3 85 85 00 00 00 
BAT RX 0x319 [8] 00 0C B0 0C AC 1D 0A 01 
BAT RX 0x318 [8] 0C AD 0C AD 0C AC 0C AC 
BAT RX 0x317 [8] 0C B0 0C AF 0C AF 0C AF 
BAT RX 0x316 [8] 0C AD 0C AD 0C AD 0C AC 
BAT RX 0x315 [8] 0C B0 0C AF 0C AF 0C AE 
BAT RX 0x314 [8] 14 6E 5A C8 00 04 05 43 
BAT RX 0x313 [8] 14 46 00 00 00 CE 15 63 
BAT RX 0x312 [8] 00 00 00 00 02 00 00 00 
[398s] OK V=51.90V I=+0.0A T=20.6C SOC=21% SOH=99% | CVL=56.8V CCL=0.0A DCL=0.0A | chg=0 dis=0 fc1=0 fc2=0 | prot=0000 warn=0000 | packs=2 | inv0x305=no
BAT RX 0x311 [8] 02 38 00 00 00 00 01 00 
BAT RX 0x330 [8] 02 02 02 08 0C B0 0C AC 
BAT RX 0x329 [8] 01 00 22 9C 01 00 40 02 
BAT RX 0x323 [8] 20 0E 10 00 04 00 00 00 
BAT RX 0x324 [8] 01 39 35 32 32 30 36 32 
BAT RX 0x322 [8] 00 E3 00 C0 03 01 18 14 
BAT RX 0x320 [8] 50 41 C3 85 85 00 00 00 
BAT RX 0x319 [8] 00 0C B0 0C AC 12 18 01 
BAT RX 0x318 [8] 0C AD 0C AC 0C AC 0C AC 
BAT RX 0x317 [8] 0C B0 0C B0 0C AF 0C AF 
BAT RX 0x316 [8] 0C AD 0C AD 0C AC 0C AC 
BAT RX 0x315 [8] 0C B0 0C AF 0C AF 0C AF 
BAT RX 0x314 [8] 14 6E 5A C8 00 04 05 43 
BAT RX 0x313 [8] 14 46 00 00 00 CE 15 63 
BAT RX 0x312 [8] 00 00 00 00 02 00 00 00 
BAT RX 0x311 [8] 02 38 00 00 00 00 01 00 
BAT RX 0x330 [8] 02 02 02 0E 0C B0 0C AC 
BAT RX 0x329 [8] 02 00 1A 25 02 00 40 9E 
BAT RX 0x323 [8] 20 0E 10 00 04 00 00 00 
BAT RX 0x324 [8] 02 42 42 37 00 00 00 00 
BAT RX 0x322 [8] 00 E3 00 C0 03 01 18 14 
BAT RX 0x320 [8] 50 41 C3 85 85 00 00 00 
BAT RX 0x319 [8] 00 0C B0 0C AC 12 1E 01 
BAT RX 0x318 [8] 0C AD 0C AD 0C AD 0C AC 
BAT RX 0x317 [8] 0C B0 0C B0 0C AF 0C AF 
BAT RX 0x316 [8] 0C AD 0C AD 0C AD 0C AC 
BAT RX 0x315 [8] 0C B0 0C AF 0C AF 0C AE 
BAT RX 0x314 [8] 14 6E 5A C8 00 04 05 43 
BAT RX 0x313 [8] 14 46 00 00 00 CE 15 63 
BAT RX 0x312 [8] 00 00 00 00 02 00 00 00 
BAT RX 0x311 [8] 02 38 00 00 00 00 01 00 
[400s] OK V=51.90V I=+0.0A T=20.6C SOC=21% SOH=99% | CVL=56.8V CCL=0.0A DCL=0.0A | chg=0 dis=0 fc1=0 fc2=0 | prot=0000 warn=0000 | packs=2 | inv0x305=no
BAT RX 0x330 [8] 02 0D 02 06 0C B0 0C AC 
BAT RX 0x329 [8] 01 00 22 9C 01 00 40 02 
BAT RX 0x323 [8] 20 0E 10 00 04 00 00 00 
BAT RX 0x324 [8] 00 01 47 50 4A 30 32 31 
BAT RX 0x322 [8] 00 E3 00 C0 03 01 18 14 
BAT RX 0x320 [8] 50 41 C3 85 85 00 00 00 
BAT RX 0x319 [8] 00 0C B0 0C AC 1D 16 01 
BAT RX 0x318 [8] 0C AD 0C AC 0C AC 0C AC 
BAT RX 0x317 [8] 0C B0 0C AF 0C AF 0C AF 
BAT RX 0x316 [8] 0C AD 0C AD 0C AD 0C AD 
BAT RX 0x315 [8] 0C AF 0C AF 0C AE 0C AE 
BAT RX 0x314 [8] 14 6E 5A C8 00 04 05 43 
BAT RX 0x313 [8] 14 46 00 00 00 CE 15 63 
BAT RX 0x312 [8] 00 00 00 00 02 00 00 00 
BAT RX 0x311 [8] 02 38 00 00 00 00 01 00 
BAT RX 0x330 [8] 01 0E 01 0A 0C B0 0C AC 
BAT RX 0x329 [8] 02 00 1A 25 02 00 40 9E 
BAT RX 0x323 [8] 20 0E 10 00 04 00 00 00 
BAT RX 0x324 [8] 01 39 35 32 32 30 36 32 
BAT RX 0x322 [8] 00 E3 00 C0 03 01 18 14 
BAT RX 0x320 [8] 50 41 C3 85 85 00 00 00 
BAT RX 0x319 [8] 00 0C B0 0C AC 0E 0A 01 
BAT RX 0x318 [8] 0C AD 0C AC 0C AC 0C AC 
BAT RX 0x317 [8] 0C B0 0C B0 0C AF 0C AF 
BAT RX 0x316 [8] 0C AD 0C AD 0C AD 0C AD 
BAT RX 0x315 [8] 0C AF 0C AF 0C AF 0C AF 
BAT RX 0x314 [8] 14 6E 5A C8 00 04 05 43 
BAT RX 0x313 [8] 14 46 00 00 00 CE 15 63 
BAT RX 0x312 [8] 00 00 00 00 02 00 00 00 
BAT RX 0x311 [8] 02 38 00 00 00 00 01 00 
[402s] OK V=51.90V I=+0.0A T=20.6C SOC=21% SOH=99% | CVL=56.8V CCL=0.0A DCL=0.0A | chg=0 dis=0 fc1=0 fc2=0 | prot=0000 warn=0000 | packs=2 | inv0x305=no
BAT RX 0x330 [8] 02 02 01 0F 0C B0 0C AC 
BAT RX 0x329 [8] 01 00 22 9C 01 00 40 02 
BAT RX 0x323 [8] 20 0E 10 00 04 00 00 00 
BAT RX 0x324 [8] 02 43 30 37 00 00 00 00 
BAT RX 0x322 [8] 00 E3 00 C0 03 01 18 14 
BAT RX 0x320 [8] 50 41 C3 85 85 00 00 00 
BAT RX 0x319 [8] 00 0C B0 0C AC 12 0F 01 
BAT RX 0x318 [8] 0C AD 0C AD 0C AC 0C AC 
BAT RX 0x317 [8] 0C B0 0C B0 0C AF 0C AF 
BAT RX 0x316 [8] 0C AD 0C AD 0C AD 0C AD 
BAT RX 0x315 [8] 0C AF 0C AF 0C AE 0C AE 
BAT RX 0x314 [8] 14 6E 5A C8 00 04 05 43 
BAT RX 0x313 [8] 14 46 00 00 00 CE 15 63 
BAT RX 0x312 [8] 00 00 00 00 02 00 00 00 
BAT RX 0x311 [8] 02 38 00 00 00 00 01 00 
BAT RX 0x330 [8] 02 03 01 0B 0C B1 0C AC 
BAT RX 0x329 [8] 02 00 1A 25 02 00 40 9E 
BAT RX 0x323 [8] 20 0E 10 00 04 00 00 00 
BAT RX 0x324 [8] 00 02 47 50 4A 30 32 31 
BAT RX 0x322 [8] 00 E3 00 C0 03 01 18 14 
BAT RX 0x320 [8] 50 41 C3 85 85 00 00 00 
BAT RX 0x319 [8] 00 0C B1 0C AC 13 0B 01 
BAT RX 0x318 [8] 0C AD 0C AD 0C AD 0C AC 
BAT RX 0x317 [8] 0C B1 0C AF 0C AF 0C AF 
BAT RX 0x316 [8] 0C AD 0C AD 0C AD 0C AC 
BAT RX 0x315 [8] 0C B0 0C AF 0C AF 0C AE 
BAT RX 0x314 [8] 14 6E 5A C8 00 05 05 43 
BAT RX 0x313 [8] 14 46 00 00 00 CE 15 63 
BAT RX 0x312 [8] 00 00 00 00 02 00 00 00 
BAT RX 0x311 [8] 02 38 00 00 00 00 01 00 
[404s] OK V=51.90V I=+0.0A T=20.6C SOC=21% SOH=99% | CVL=56.8V CCL=0.0A DCL=0.0A | chg=0 dis=0 fc1=0 fc2=0 | prot=0000 warn=0000 | packs=2 | inv0x305=no
BAT RX 0x330 [8] 02 03 01 10 0C B0 0C AC 
BAT RX 0x329 [8] 01 00 22 9C 01 00 40 02 
BAT RX 0x323 [8] 20 0E 10 00 04 00 00 00 
BAT RX 0x324 [8] 01 39 35 32 32 30 36 32 
BAT RX 0x322 [8] 00 E3 00 C0 03 01 18 14 
BAT RX 0x320 [8] 50 41 C3 85 85 00 00 00 
BAT RX 0x319 [8] 00 0C B0 0C AC 13 10 01 
BAT RX 0x318 [8] 0C AD 0C AD 0C AC 0C AC 
BAT RX 0x317 [8] 0C B0 0C AF 0C AF 0C AF 
BAT RX 0x316 [8] 0C AD 0C AD 0C AD 0C AD 
BAT RX 0x315 [8] 0C AF 0C AF 0C AF 0C AE 
BAT RX 0x314 [8] 14 6E 5A C8 00 04 05 43 
BAT RX 0x313 [8] 14 46 00 00 00 CE 15 63 
BAT RX 0x312 [8] 00 00 00 00 02 00 00 00 
BAT RX 0x311 [8] 02 38 00 00 00 00 01 00 
BAT RX 0x330 [8] 02 0D 01 10 0C B0 0C AC 
BAT RX 0x329 [8] 02 00 1A 25 02 00 40 9E 
BAT RX 0x323 [8] 20 0E 10 00 04 00 00 00 
BAT RX 0x324 [8] 02 42 42 37 00 00 00 00 
BAT RX 0x322 [8] 00 E3 00 C0 03 01 18 14 
BAT RX 0x320 [8] 50 41 C3 85 85 00 00 00 
BAT RX 0x319 [8] 00 0C B0 0C AC 1D 10 01 
BAT RX 0x318 [8] 0C AD 0C AC 0C AC 0C AC 
BAT RX 0x317 [8] 0C B0 0C AF 0C AF 0C AF 
BAT RX 0x316 [8] 0C AD 0C AD 0C AC 0C AC 
BAT RX 0x315 [8] 0C B0 0C AF 0C AF 0C AF 
BAT RX 0x314 [8] 14 6E 5A C8 00 04 05 43 
BAT RX 0x313 [8] 14 46 00 00 00 CE 15 63 
BAT RX 0x312 [8] 00 00 00 00 02 00 00 00 
BAT RX 0x311 [8] 02 38 00 00 00 00 01 00 
[406s] OK V=51.90V I=+0.0A T=20.6C SOC=21% SOH=99% | CVL=56.8V CCL=0.0A DCL=0.0A | chg=0 dis=0 fc1=0 fc2=0 | prot=0000 warn=0000 | packs=2 | inv0x305=no
BAT RX 0x330 [8] 02 0D 02 0E 0C B1 0C AC 
BAT RX 0x329 [8] 01 00 22 9C 01 00 40 02 
BAT RX 0x323 [8] 20 0E 10 00 04 00 00 00 
BAT RX 0x324 [8] 00 01 47 50 4A 30 32 31 
BAT RX 0x322 [8] 00 E3 00 C0 03 01 18 14 
BAT RX 0x320 [8] 50 41 C3 85 85 00 00 00 
BAT RX 0x319 [8] 00 0C B1 0C AC 1D 1E 01 
BAT RX 0x318 [8] 0C AD 0C AD 0C AC 0C AC 
BAT RX 0x317 [8] 0C B1 0C AF 0C AF 0C AF 
BAT RX 0x316 [8] 0C AD 0C AD 0C AD 0C AD 
BAT RX 0x315 [8] 0C AF 0C AF 0C AF 0C AF 
BAT RX 0x314 [8] 14 6E 5A C8 00 05 05 43 
BAT RX 0x313 [8] 14 46 00 00 00 CE 15 63 
BAT RX 0x312 [8] 00 00 00 00 02 00 00 00 
BAT RX 0x311 [8] 02 38 00 00 00 00 01 00 
BAT RX 0x330 [8] 02 03 02 0E 0C B0 0C AC 
BAT RX 0x329 [8] 02 00 1A 25 02 00 40 9E 
BAT RX 0x323 [8] 20 0E 10 00 04 00 00 00 
BAT RX 0x324 [8] 01 39 35 32 32 30 36 32 
BAT RX 0x322 [8] 00 E3 00 C0 03 01 18 14 
BAT RX 0x320 [8] 50 41 C3 85 85 00 00 00 
BAT RX 0x319 [8] 00 0C B0 0C AC 13 1E 01 
BAT RX 0x318 [8] 0C AD 0C AD 0C AD 0C AC 
BAT RX 0x317 [8] 0C B0 0C B0 0C B0 0C AF 
BAT RX 0x316 [8] 0C AD 0C AD 0C AD 0C AD 
BAT RX 0x315 [8] 0C AF 0C AF 0C AF 0C AE 
BAT RX 0x314 [8] 14 6E 5A C8 00 04 05 43 
BAT RX 0x313 [8] 14 46 00 00 00 CE 15 63 
BAT RX 0x312 [8] 00 00 00 00 02 00 00 00 
BAT RX 0x311 [8] 02 38 00 00 00 00 01 00 
[408s] OK V=51.90V I=+0.0A T=20.6C SOC=21% SOH=99% | CVL=56.8V CCL=0.0A DCL=0.0A | chg=0 dis=0 fc1=0 fc2=0 | prot=0000 warn=0000 | packs=2 | inv0x305=no
BAT RX 0x330 [8] 02 02 01 10 0C B0 0C AC 
BAT RX 0x329 [8] 01 00 22 9C 01 00 40 02 
BAT RX 0x323 [8] 20 0E 10 00 04 00 00 00 
BAT RX 0x324 [8] 02 43 30 37 00 00 00 00 
BAT RX 0x322 [8] 00 E3 00 C0 03 01 18 14 
BAT RX 0x320 [8] 50 41 C3 85 85 00 00 00 
BAT RX 0x319 [8] 00 0C B0 0C AC 12 10 01 
BAT RX 0x318 [8] 0C AD 0C AD 0C AD 0C AC 
BAT RX 0x317 [8] 0C B0 0C AF 0C AF 0C AF 
BAT RX 0x316 [8] 0C AD 0C AD 0C AC 0C AC 
BAT RX 0x315 [8] 0C B0 0C AF 0C AF 0C AF 
BAT RX 0x314 [8] 14 6E 5A C8 00 04 05 43 
BAT RX 0x313 [8] 14 46 00 00 00 CE 15 63 
BAT RX 0x312 [8] 00 00 00 00 02 00 00 00 
BAT RX 0x311 [8] 02 38 00 00 00 00 01 00 

---- battery-bus rate stats (VERBOSE_STATS) ----------------------------
  1659 frames, 409 s elapsed
  ID     count   period(ms)  (min-max gap)
  0x317     111   1457 (1-49844)
  0x318     111   1421 (1-45844)
  0x319     110   1397 (1-41844)
  0x320     110   1360 (1-37844)
  0x322     110   1323 (1-33844)
  0x311     109   1299 (78-29844)
  0x323     109   1261 (1-25845)
  0x324     109   1224 (1-21845)
  0x329     109   1187 (1-17844)
  0x330     125   1002 (0-13844)
  0x312     108   1125 (65-15397)
  0x313     109   1077 (2-11397)
  0x314     109   1040 (1-7397)
  0x315     110   1013 (1-5552)
  0x316     110   1013 (1-5552)
--------------------------------------------------------------------------

  TWAI: state=RUNNING  tx_err=53 rx_err=0  tx_failed=0  rx_missed=1197 rx_overrun=0  arb_lost=0  bus_err=852260
BAT RX 0x330 [8] 02 0D 01 0A 0C B1 0C AC 
BAT RX 0x329 [8] 02 00 1A 25 02 00 40 9E 
BAT RX 0x323 [8] 20 0E 10 00 04 00 00 00 
BAT RX 0x324 [8] 00 02 47 50 4A 30 32 31 
BAT RX 0x322 [8] 00 E3 00 C0 03 01 18 14 
BAT RX 0x320 [8] 50 41 C3 85 85 00 00 00 
BAT RX 0x319 [8] 00 0C B1 0C AC 1D 0A 01 
BAT RX 0x318 [8] 0C AD 0C AD 0C AD 0C AC 
BAT RX 0x317 [8] 0C B1 0C AF 0C AF 0C AF 
BAT RX 0x316 [8] 0C AC 0C AC 0C AC 0C AC 
BAT RX 0x315 [8] 0C B0 0C AF 0C AF 0C AF 
BAT RX 0x314 [8] 14 6E 5A C8 00 05 05 43 
BAT RX 0x313 [8] 14 46 00 00 00 CE 15 63 
BAT RX 0x312 [8] 00 00 00 00 02 00 00 00 
BAT RX 0x311 [8] 02 38 00 00 00 00 01 00 
[410s] OK V=51.90V I=+0.0A T=20.6C SOC=21% SOH=99% | CVL=56.8V CCL=0.0A DCL=0.0A | chg=0 dis=0 fc1=0 fc2=0 | prot=0000 warn=0000 | packs=2 | inv0x305=no
BAT RX 0x330 [8] 02 02 02 10 0C B0 0C AC 
BAT RX 0x329 [8] 01 00 22 9C 01 00 40 02 
BAT RX 0x323 [8] 20 0E 10 00 04 00 00 00 
BAT RX 0x324 [8] 01 39 35 32 32 30 36 32 
BAT RX 0x322 [8] 00 E3 00 C0 03 01 18 14 
BAT RX 0x320 [8] 50 41 C3 85 85 00 00 00 
BAT RX 0x319 [8] 00 0C B0 0C AC 12 20 01 
BAT RX 0x318 [8] 0C AD 0C AD 0C AD 0C AC 
BAT RX 0x317 [8] 0C B0 0C B0 0C AF 0C AF 
BAT RX 0x316 [8] 0C AD 0C AD 0C AD 0C AD 
BAT RX 0x315 [8] 0C AF 0C AF 0C AF 0C AE 
BAT RX 0x314 [8] 14 6E 5A C8 00 04 05 43 
BAT RX 0x313 [8] 14 46 00 00 00 CE 15 63 
BAT RX 0x312 [8] 00 00 00 00 02 00 00 00 
BAT RX 0x311 [8] 02 38 00 00 00 00 01 00 
BAT RX 0x330 [8] 02 0D 02 06 0C B1 0C AC 
BAT RX 0x329 [8] 02 00 1A 25 02 00 40 9E 
BAT RX 0x323 [8] 20 0E 10 00 04 00 00 00 
BAT RX 0x324 [8] 02 42 42 37 00 00 00 00 
BAT RX 0x322 [8] 00 E3 00 C0 03 01 18 14 
BAT RX 0x320 [8] 50 41 C3 85 85 00 00 00 
BAT RX 0x319 [8] 00 0C B1 0C AC 1D 16 01 
BAT RX 0x318 [8] 0C AD 0C AC 0C AC 0C AC 
BAT RX 0x317 [8] 0C B1 0C B0 0C AF 0C AF 
BAT RX 0x316 [8] 0C AD 0C AD 0C AD 0C AD 
BAT RX 0x315 [8] 0C AF 0C AF 0C AE 0C AE 
BAT RX 0x314 [8] 14 6E 5A C8 00 05 05 43 
BAT RX 0x313 [8] 14 46 00 00 00 CE 15 63 
BAT RX 0x312 [8] 00 00 00 00 02 00 00 00 
BAT RX 0x311 [8] 02 38 00 00 00 00 01 00 
[412s] OK V=51.90V I=+0.0A T=20.6C SOC=21% SOH=99% | CVL=56.8V CCL=0.0A DCL=0.0A | chg=0 dis=0 fc1=0 fc2=0 | prot=0000 warn=0000 | packs=2 | inv0x305=no
BAT RX 0x330 [8] 02 03 02 06 0C B0 0C AC 
BAT RX 0x329 [8] 01 00 22 9C 01 00 40 02 
BAT RX 0x323 [8] 20 0E 10 00 04 00 00 00 
BAT RX 0x324 [8] 00 01 47 50 4A 30 32 31 
BAT RX 0x322 [8] 00 E3 00 C0 03 01 18 14 
BAT RX 0x320 [8] 50 41 C3 85 85 00 00 00 
BAT RX 0x319 [8] 00 0C B0 0C AC 13 16 01 
BAT RX 0x318 [8] 0C AD 0C AD 0C AC 0C AC 
BAT RX 0x317 [8] 0C B0 0C AF 0C AF 0C AF 
BAT RX 0x316 [8] 0C AD 0C AD 0C AD 0C AD 
BAT RX 0x315 [8] 0C AF 0C AF 0C AF 0C AE 
BAT RX 0x314 [8] 14 6E 5A C8 00 04 05 43 
BAT RX 0x313 [8] 14 46 00 00 00 CE 15 63 
BAT RX 0x312 [8] 00 00 00 00 02 00 00 00 
BAT RX 0x311 [8] 02 38 00 00 00 00 01 00 
BAT RX 0x330 [8] 02 03 02 09 0C B1 0C AC 
BAT RX 0x329 [8] 02 00 1A 25 02 00 40 9E 
BAT RX 0x323 [8] 20 0E 10 00 04 00 00 00 
BAT RX 0x324 [8] 01 39 35 32 32 30 36 32 
BAT RX 0x322 [8] 00 E3 00 C0 03 01 18 14 
BAT RX 0x320 [8] 50 41 C3 85 85 00 00 00 
BAT RX 0x319 [8] 00 0C B1 0C AC 13 19 01 
BAT RX 0x318 [8] 0C AD 0C AD 0C AC 0C AC 
BAT RX 0x317 [8] 0C B1 0C AF 0C AF 0C AF 
BAT RX 0x316 [8] 0C AD 0C AD 0C AD 0C AD 
BAT RX 0x315 [8] 0C AF 0C AF 0C AE 0C AE 
BAT RX 0x314 [8] 14 6E 5A C8 00 05 05 43 
BAT RX 0x313 [8] 14 46 00 00 00 CE 15 63 
BAT RX 0x312 [8] 00 00 00 00 02 00 00 00 
BAT RX 0x311 [8] 02 38 00 00 00 00 01 00 
[414s] OK V=51.90V I=+0.0A T=20.6C SOC=21% SOH=99% | CVL=56.8V CCL=0.0A DCL=0.0A | chg=0 dis=0 fc1=0 fc2=0 | prot=0000 warn=0000 | packs=2 | inv0x305=no
BAT RX 0x330 [8] 02 0D 02 06 0C B1 0C AC 
BAT RX 0x329 [8] 01 00 22 9C 01 00 40 02 
BAT RX 0x323 [8] 20 0E 10 00 04 00 00 00 
BAT RX 0x324 [8] 02 43 30 37 00 00 00 00 
BAT RX 0x322 [8] 00 E3 00 C0 03 01 18 14 
BAT RX 0x320 [8] 50 41 C3 85 85 00 00 00 
BAT RX 0x319 [8] 00 0C B1 0C AC 1D 16 01 
BAT RX 0x318 [8] 0C AD 0C AD 0C AC 0C AC 
BAT RX 0x317 [8] 0C B1 0C B0 0C AF 0C AF 
BAT RX 0x316 [8] 0C AD 0C AD 0C AD 0C AD 
BAT RX 0x315 [8] 0C AF 0C AF 0C AF 0C AE 
BAT RX 0x314 [8] 14 6E 5A C8 00 05 05 43 
BAT RX 0x313 [8] 14 46 00 00 00 CE 15 63 
BAT RX 0x312 [8] 00 00 00 00 02 00 00 00 
BAT RX 0x311 [8] 02 38 00 00 00 00 01 00 
BAT RX 0x330 [8] 02 0D 02 0E 0C B0 0C AC 
BAT RX 0x329 [8] 02 00 1A 25 02 00 40 9E 
BAT RX 0x323 [8] 20 0E 10 00 04 00 00 00 
BAT RX 0x324 [8] 00 02 47 50 4A 30 32 31 
BAT RX 0x322 [8] 00 E3 00 C0 03 01 18 14 
BAT RX 0x320 [8] 50 41 C3 85 85 00 00 00 
BAT RX 0x319 [8] 00 0C B0 0C AC 1D 1E 01 
BAT RX 0x318 [8] 0C AD 0C AD 0C AC 0C AC 
BAT RX 0x317 [8] 0C B0 0C AF 0C AF 0C AF 
BAT RX 0x316 [8] 0C AD 0C AD 0C AD 0C AD 
BAT RX 0x315 [8] 0C AF 0C AE 0C AE 0C AE 
BAT RX 0x314 [8] 14 6E 5A C8 00 04 05 43 
BAT RX 0x313 [8] 14 46 00 00 00 CE 15 63 
BAT RX 0x312 [8] 00 00 00 00 02 00 00 00 
BAT RX 0x311 [8] 02 38 00 00 00 00 01 00 
[416s] OK V=51.90V I=+0.0A T=20.6C SOC=21% SOH=99% | CVL=56.8V CCL=0.0A DCL=0.0A | chg=0 dis=0 fc1=0 fc2=0 | prot=0000 warn=0000 | packs=2 | inv0x305=no
BAT RX 0x330 [8] 01 0E 01 10 0C B0 0C AC 
BAT RX 0x329 [8] 01 00 22 9C 01 00 40 02 
BAT RX 0x323 [8] 20 0E 10 00 04 00 00 00 
BAT RX 0x324 [8] 01 39 35 32 32 30 36 32 
BAT RX 0x322 [8] 00 E3 00 C0 03 01 18 14 
BAT RX 0x320 [8] 50 41 C3 85 85 00 00 00 
BAT RX 0x319 [8] 00 0C B0 0C AC 0E 10 01 
BAT RX 0x318 [8] 0C AD 0C AD 0C AD 0C AC 
BAT RX 0x317 [8] 0C B0 0C AF 0C AF 0C AF 
BAT RX 0x316 [8] 0C AD 0C AD 0C AD 0C AD 
BAT RX 0x315 [8] 0C AF 0C AF 0C AF 0C AF 
BAT RX 0x314 [8] 14 6E 5A C8 00 04 05 43 
BAT RX 0x313 [8] 14 46 00 00 00 CE 15 63 
BAT RX 0x312 [8] 00 00 00 00 02 00 00 00 
BAT RX 0x311 [8] 02 38 00 00 00 00 01 00 
BAT RX 0x330 [8] 01 0E 01 10 0C B0 0C AC 
BAT RX 0x329 [8] 02 00 1A 25 02 00 40 9E 
BAT RX 0x323 [8] 20 0E 10 00 04 00 00 00 
BAT RX 0x324 [8] 02 42 42 37 00 00 00 00 
BAT RX 0x322 [8] 00 E3 00 C0 03 01 18 14 
BAT RX 0x320 [8] 50 41 C3 85 85 00 00 00 
BAT RX 0x319 [8] 00 0C B0 0C AC 0E 10 01 
BAT RX 0x318 [8] 0C AD 0C AD 0C AD 0C AC 
BAT RX 0x317 [8] 0C B0 0C B0 0C AF 0C AF 
BAT RX 0x316 [8] 0C AD 0C AD 0C AC 0C AC 
BAT RX 0x315 [8] 0C B0 0C AF 0C AF 0C AF 
BAT RX 0x314 [8] 14 6E 5A C8 00 04 05 43 
BAT RX 0x313 [8] 14 46 00 00 00 CE 15 63 
BAT RX 0x312 [8] 00 00 00 00 02 00 00 00 
BAT RX 0x311 [8] 02 38 00 00 00 00 01 00 
[418s] OK V=51.90V I=+0.0A T=20.6C SOC=21% SOH=99% | CVL=56.8V CCL=0.0A DCL=0.0A | chg=0 dis=0 fc1=0 fc2=0 | prot=0000 warn=0000 | packs=2 | inv0x305=no
BAT RX 0x330 [8] 02 0D 02 0F 0C B1 0C AB 
BAT RX 0x329 [8] 01 00 22 9C 01 00 40 02 
BAT RX 0x323 [8] 20 0E 10 00 04 00 00 00 
BAT RX 0x324 [8] 00 01 47 50 4A 30 32 31 
BAT RX 0x322 [8] 00 E3 00 C0 03 01 18 14 
BAT RX 0x320 [8] 50 41 C3 85 85 00 00 00 
BAT RX 0x319 [8] 00 0C B1 0C AB 1D 1F 01 
BAT RX 0x318 [8] 0C AD 0C AD 0C AD 0C AB 
BAT RX 0x317 [8] 0C B1 0C AF 0C AF 0C AF 
BAT RX 0x316 [8] 0C AD 0C AD 0C AD 0C AC 
BAT RX 0x315 [8] 0C AF 0C AF 0C AF 0C AE 
BAT RX 0x314 [8] 14 6E 5A C8 00 06 05 43 
BAT RX 0x313 [8] 14 46 00 00 00 CE 15 63 
BAT RX 0x312 [8] 00 00 00 00 02 00 00 00 
BAT RX 0x311 [8] 02 38 00 00 00 00 01 00 
BAT RX 0x330 [8] 02 03 02 0E 0C B0 0C AC 
BAT RX 0x329 [8] 02 00 1A 25 02 00 40 9E 
BAT RX 0x323 [8] 20 0E 10 00 04 00 00 00 
BAT RX 0x324 [8] 01 39 35 32 32 30 36 32 
BAT RX 0x322 [8] 00 E3 00 C0 03 01 18 14 
BAT RX 0x320 [8] 50 41 C3 85 85 00 00 00 
BAT RX 0x319 [8] 00 0C B0 0C AC 13 1E 01 
BAT RX 0x318 [8] 0C AD 0C AD 0C AD 0C AC 
BAT RX 0x317 [8] 0C B0 0C AF 0C AF 0C AF 
BAT RX 0x316 [8] 0C AD 0C AD 0C AC 0C AC 
BAT RX 0x315 [8] 0C AF 0C AF 0C AF 0C AF 
BAT RX 0x314 [8] 14 6E 5A C8 00 04 05 43 
BAT RX 0x313 [8] 14 46 00 00 00 CE 15 63 
BAT RX 0x312 [8] 00 00 00 00 02 00 00 00 
BAT RX 0x311 [8] 02 38 00 00 00 00 01 00 
[420s] OK V=51.90V I=+0.0A T=20.6C SOC=21% SOH=99% | CVL=56.8V CCL=0.0A DCL=0.0A | chg=0 dis=0 fc1=0 fc2=0 | prot=0000 warn=0000 | packs=2 | inv0x305=no
BAT RX 0x330 [8] 02 02 01 03 0C B0 0C AD 
BAT RX 0x329 [8] 01 00 22 9C 01 00 40 02 
BAT RX 0x323 [8] 20 0E 10 00 04 00 00 00 
BAT RX 0x324 [8] 02 43 30 37 00 00 00 00 
BAT RX 0x322 [8] 00 E3 00 C0 03 01 18 14 
BAT RX 0x320 [8] 50 41 C3 85 85 00 00 00 
BAT RX 0x319 [8] 00 0C B0 0C AD 12 03 01 
BAT RX 0x318 [8] 0C AD 0C AD 0C AD 0C AD 
BAT RX 0x317 [8] 0C B0 0C B0 0C AF 0C AF 
BAT RX 0x316 [8] 0C AD 0C AD 0C AD 0C AD 
BAT RX 0x315 [8] 0C AF 0C AF 0C AF 0C AE 
BAT RX 0x314 [8] 14 6E 5A C8 00 03 05 43 
BAT RX 0x313 [8] 14 46 00 00 00 CE 15 63 
BAT RX 0x312 [8] 00 00 00 00 02 00 00 00 
BAT RX 0x311 [8] 02 38 00 00 00 00 01 00 
BAT RX 0x330 [8] 02 02 02 08 0C B0 0C AC 
BAT RX 0x329 [8] 02 00 1A 25 02 00 40 9E 
BAT RX 0x323 [8] 20 0E 10 00 04 00 00 00 
BAT RX 0x324 [8] 00 02 47 50 4A 30 32 31 
BAT RX 0x322 [8] 00 E3 00 C0 03 01 18 14 
BAT RX 0x320 [8] 50 41 C3 85 85 00 00 00 
BAT RX 0x319 [8] 00 0C B0 0C AC 12 18 01 
BAT RX 0x318 [8] 0C AD 0C AD 0C AD 0C AC 
BAT RX 0x317 [8] 0C B0 0C B0 0C AF 0C AF 
BAT RX 0x316 [8] 0C AD 0C AD 0C AD 0C AD 
BAT RX 0x315 [8] 0C AF 0C AF 0C AF 0C AE 
BAT RX 0x314 [8] 14 6E 5A C8 00 04 05 43 
BAT RX 0x313 [8] 14 46 00 00 00 CE 15 63 
BAT RX 0x312 [8] 00 00 00 00 02 00 00 00 
BAT RX 0x311 [8] 02 38 00 00 00 00 01 00 
[422s] OK V=51.90V I=+0.0A T=20.6C SOC=21% SOH=99% | CVL=56.8V CCL=0.0A DCL=0.0A | chg=0 dis=0 fc1=0 fc2=0 | prot=0000 warn=0000 | packs=2 | inv0x305=no
BAT RX 0x330 [8] 02 02 01 0B 0C B0 0C AC 
BAT RX 0x329 [8] 01 00 22 9C 01 00 40 02 
BAT RX 0x323 [8] 20 0E 10 00 04 00 00 00 
BAT RX 0x324 [8] 01 39 35 32 32 30 36 32 
BAT RX 0x322 [8] 00 E3 00 C0 03 01 18 14 
BAT RX 0x320 [8] 50 41 C3 85 85 00 00 00 
BAT RX 0x319 [8] 00 0C B0 0C AC 12 0B 01 
BAT RX 0x318 [8] 0C AD 0C AD 0C AD 0C AD 
BAT RX 0x317 [8] 0C B0 0C B0 0C AF 0C AF 
BAT RX 0x316 [8] 0C AD 0C AD 0C AD 0C AC 
BAT RX 0x315 [8] 0C AF 0C AF 0C AF 0C AE 
BAT RX 0x314 [8] 14 6E 5A C8 00 03 05 43 
BAT RX 0x313 [8] 14 46 00 00 00 CE 15 63 
BAT RX 0x312 [8] 00 00 00 00 02 00 00 00 
BAT RX 0x311 [8] 02 38 00 00 00 00 01 00 
BAT RX 0x330 [8] 02 0D 01 0F 0C B1 0C AC 
BAT RX 0x329 [8] 02 00 1A 25 02 00 40 9E 
BAT RX 0x323 [8] 20 0E 10 00 04 00 00 00 
BAT RX 0x324 [8] 02 42 42 37 00 00 00 00 
BAT RX 0x322 [8] 00 E3 00 C0 03 01 18 14 
BAT RX 0x320 [8] 50 41 C3 85 85 00 00 00 
BAT RX 0x319 [8] 00 0C B1 0C AC 1D 0F 01 
BAT RX 0x318 [8] 0C AD 0C AD 0C AC 0C AC 
BAT RX 0x317 [8] 0C B1 0C AF 0C AF 0C AF 
BAT RX 0x316 [8] 0C AD 0C AD 0C AC 0C AC 
BAT RX 0x315 [8] 0C B0 0C AF 0C AF 0C AF 
BAT RX 0x314 [8] 14 6E 5A C8 00 05 05 43 
BAT RX 0x313 [8] 14 46 00 00 00 CE 15 63 
BAT RX 0x312 [8] 00 00 00 00 02 00 00 00 
BAT RX 0x311 [8] 02 38 00 00 00 00 01 00 
[424s] OK V=51.90V I=+0.0A T=20.6C SOC=21% SOH=99% | CVL=56.8V CCL=0.0A DCL=0.0A | chg=0 dis=0 fc1=0 fc2=0 | prot=0000 warn=0000 | packs=2 | inv0x305=no

---- battery-bus rate stats (VERBOSE_STATS) ----------------------------
  1884 frames, 424 s elapsed
  ID     count   period(ms)  (min-max gap)
  0x317     126   1402 (1-49844)
  0x318     126   1370 (1-45844)
  0x319     125   1349 (1-41844)
  0x320     125   1316 (1-37844)
  0x322     125   1284 (1-33844)
  0x311     124   1263 (78-29844)
  0x323     124   1229 (1-25845)
  0x324     124   1197 (1-21845)
  0x329     124   1164 (1-17844)
  0x330     140   1001 (0-13844)
  0x312     123   1109 (65-15397)
  0x313     124   1067 (2-11397)
  0x314     124   1035 (1-7397)
  0x315     125   1012 (1-5552)
  0x316     125   1011 (1-5552)
--------------------------------------------------------------------------

  TWAI: state=RUNNING  tx_err=38 rx_err=0  tx_failed=0  rx_missed=1197 rx_overrun=0  arb_lost=0  bus_err=852260
BAT RX 0x330 [8] 02 0D 01 0A 0C B1 0C AC 
BAT RX 0x329 [8] 01 00 22 9C 01 00 40 02 
BAT RX 0x323 [8] 20 0E 10 00 04 00 00 00 
BAT RX 0x324 [8] 00 01 47 50 4A 30 32 31 
BAT RX 0x322 [8] 00 E3 00 C0 03 01 18 14 
BAT RX 0x320 [8] 50 41 C3 85 85 00 00 00 
BAT RX 0x319 [8] 00 0C B1 0C AC 1D 0A 01 
BAT RX 0x318 [8] 0C AD 0C AD 0C AD 0C AC 
BAT RX 0x317 [8] 0C B1 0C B0 0C AF 0C AF 
BAT RX 0x316 [8] 0C AE 0C AD 0C AD 0C AC 
BAT RX 0x315 [8] 0C AF 0C AE 0C AE 0C AE 
BAT RX 0x314 [8] 14 6E 5A C8 00 05 05 43 
BAT RX 0x313 [8] 14 46 00 00 00 CE 15 63 
BAT RX 0x312 [8] 00 00 00 00 02 00 00 00 
BAT RX 0x311 [8] 02 38 00 00 00 00 01 00 
BAT RX 0x330 [8] 02 03 02 0E 0C B0 0C AC 
BAT RX 0x329 [8] 02 00 1A 25 02 00 40 9E 
BAT RX 0x323 [8] 20 0E 10 00 04 00 00 00 
BAT RX 0x324 [8] 01 39 35 32 32 30 36 32 
BAT RX 0x322 [8] 00 E3 00 C0 03 01 18 14 
BAT RX 0x320 [8] 50 41 C3 85 85 00 00 00 
BAT RX 0x319 [8] 00 0C B0 0C AC 13 1E 01 
BAT RX 0x318 [8] 0C AD 0C AD 0C AD 0C AC 
BAT RX 0x317 [8] 0C B0 0C B0 0C B0 0C AF 
BAT RX 0x316 [8] 0C AD 0C AD 0C AD 0C AD 
BAT RX 0x315 [8] 0C AF 0C AE 0C AE 0C AE 
BAT RX 0x314 [8] 14 6E 5A C8 00 04 05 43 
BAT RX 0x313 [8] 14 46 00 00 00 CE 15 63 
BAT RX 0x312 [8] 00 00 00 00 02 00 00 00 
BAT RX 0x311 [8] 02 38 00 00 00 00 01 00 
[426s] OK V=51.90V I=+0.0A T=20.6C SOC=21% SOH=99% | CVL=56.8V CCL=0.0A DCL=0.0A | chg=0 dis=0 fc1=0 fc2=0 | prot=0000 warn=0000 | packs=2 | inv0x305=no
BAT RX 0x330 [8] 01 07 01 0A 0C B0 0C AC 
BAT RX 0x329 [8] 01 00 22 9C 01 00 40 02 
BAT RX 0x323 [8] 20 0E 10 00 04 00 00 00 
BAT RX 0x324 [8] 02 43 30 37 00 00 00 00 
BAT RX 0x322 [8] 00 E3 00 C0 03 01 18 14 
BAT RX 0x320 [8] 50 41 C3 85 85 00 00 00 
BAT RX 0x319 [8] 00 0C B0 0C AC 07 0A 01 
BAT RX 0x318 [8] 0C AD 0C AD 0C AD 0C AD 
BAT RX 0x317 [8] 0C B0 0C B0 0C AF 0C AE 
BAT RX 0x316 [8] 0C AD 0C AD 0C AD 0C AD 
BAT RX 0x315 [8] 0C AF 0C AE 0C AE 0C AE 
BAT RX 0x314 [8] 14 6E 5A C8 00 03 05 43 
BAT RX 0x313 [8] 14 46 00 00 00 CE 15 63 
BAT RX 0x312 [8] 00 00 00 00 02 00 00 00 
BAT RX 0x311 [8] 02 38 00 00 00 00 01 00 
BAT RX 0x330 [8] 02 02 01 0A 0C B0 0C AC 
BAT RX 0x329 [8] 02 00 1A 25 02 00 40 9E 
BAT RX 0x323 [8] 20 0E 10 00 04 00 00 00 
BAT RX 0x324 [8] 00 02 47 50 4A 30 32 31 
BAT RX 0x322 [8] 00 E3 00 C0 03 01 18 14 
BAT RX 0x320 [8] 50 41 C3 85 85 00 00 00 
BAT RX 0x319 [8] 00 0C B0 0C AC 12 0A 01 
BAT RX 0x318 [8] 0C AD 0C AD 0C AD 0C AD 
BAT RX 0x317 [8] 0C B0 0C B0 0C AF 0C AF 
BAT RX 0x316 [8] 0C AD 0C AD 0C AD 0C AD 
BAT RX 0x315 [8] 0C B0 0C AF 0C AF 0C AF 
BAT RX 0x314 [8] 14 6E 5A C8 00 03 05 43 
BAT RX 0x313 [8] 14 46 00 00 00 CE 15 63 
BAT RX 0x312 [8] 00 00 00 00 02 00 00 00 
BAT RX 0x311 [8] 02 38 00 00 00 00 01 00 
[428s] OK V=51.90V I=+0.0A T=20.6C SOC=21% SOH=99% | CVL=56.8V CCL=0.0A DCL=0.0A | chg=0 dis=0 fc1=0 fc2=0 | prot=0000 warn=0000 | packs=2 | inv0x305=no
BAT RX 0x330 [8] 02 0D 02 0F 0C B1 0C AB 
BAT RX 0x329 [8] 01 00 22 9C 01 00 40 02 
BAT RX 0x323 [8] 20 0E 10 00 04 00 00 00 
BAT RX 0x324 [8] 01 39 35 32 32 30 36 32 
BAT RX 0x322 [8] 00 E3 00 C0 03 01 18 14 
BAT RX 0x320 [8] 50 41 C3 85 85 00 00 00 
BAT RX 0x319 [8] 00 0C B1 0C AB 1D 1F 01 
BAT RX 0x318 [8] 0C AD 0C AD 0C AD 0C AB 
BAT RX 0x317 [8] 0C B1 0C AF 0C AF 0C AF 
BAT RX 0x316 [8] 0C AD 0C AD 0C AD 0C AD 
BAT RX 0x315 [8] 0C AF 0C AF 0C AF 0C AE 
BAT RX 0x314 [8] 14 6E 5A C8 00 06 05 43 
BAT RX 0x313 [8] 14 46 00 00 00 CE 15 63 
BAT RX 0x312 [8] 00 00 00 00 02 00 00 00 
BAT RX 0x311 [8] 02 38 00 00 00 00 01 00 
BAT RX 0x330 [8] 02 0D 02 06 0C B0 0C AC 
BAT RX 0x329 [8] 02 00 1A 25 02 00 40 9E 
BAT RX 0x323 [8] 20 0E 10 00 04 00 00 00 
BAT RX 0x324 [8] 02 42 42 37 00 00 00 00 
BAT RX 0x322 [8] 00 E3 00 C0 03 01 18 14 
BAT RX 0x320 [8] 50 41 C3 85 85 00 00 00 
BAT RX 0x319 [8] 00 0C B0 0C AC 1D 16 01 
BAT RX 0x318 [8] 0C AC 0C AC 0C AC 0C AC 
BAT RX 0x317 [8] 0C B0 0C AF 0C AF 0C AF 
BAT RX 0x316 [8] 0C AD 0C AD 0C AD 0C AD 
BAT RX 0x315 [8] 0C AF 0C AF 0C AF 0C AE 
BAT RX 0x314 [8] 14 6E 5A C8 00 04 05 43 
BAT RX 0x313 [8] 14 46 00 00 00 CE 15 63 
BAT RX 0x312 [8] 00 00 00 00 02 00 00 00 
BAT RX 0x311 [8] 02 38 00 00 00 00 01 00 
[430s] OK V=51.90V I=+0.0A T=20.6C SOC=21% SOH=99% | CVL=56.8V CCL=0.0A DCL=0.0A | chg=0 dis=0 fc1=0 fc2=0 | prot=0000 warn=0000 | packs=2 | inv0x305=no
BAT RX 0x330 [8] 02 0D 01 10 0C B1 0C AC 
BAT RX 0x329 [8] 01 00 22 9C 01 00 40 02 
BAT RX 0x323 [8] 20 0E 10 00 04 00 00 00 
BAT RX 0x324 [8] 00 01 47 50 4A 30 32 31 
BAT RX 0x322 [8] 00 E3 00 C0 03 01 18 14 
BAT RX 0x320 [8] 50 41 C3 85 85 00 00 00 
BAT RX 0x319 [8] 00 0C B1 0C AC 1D 10 01 
BAT RX 0x318 [8] 0C AD 0C AD 0C AC 0C AC 
BAT RX 0x317 [8] 0C B1 0C B0 0C AF 0C AF 
BAT RX 0x316 [8] 0C AD 0C AD 0C AD 0C AD 
BAT RX 0x315 [8] 0C AF 0C AE 0C AE 0C AE 
BAT RX 0x314 [8] 14 6E 5A C8 00 05 05 43 
BAT RX 0x313 [8] 14 46 00 00 00 CE 15 63 
BAT RX 0x312 [8] 00 00 00 00 02 00 00 00 
BAT RX 0x311 [8] 02 38 00 00 00 00 01 00 
BAT RX 0x330 [8] 02 02 01 03 0C B0 0C AD 
BAT RX 0x329 [8] 02 00 1A 25 02 00 40 9E 
BAT RX 0x323 [8] 20 0E 10 00 04 00 00 00 
BAT RX 0x324 [8] 01 39 35 32 32 30 36 32 
BAT RX 0x322 [8] 00 E3 00 C0 03 01 18 14 
BAT RX 0x320 [8] 50 41 C3 85 85 00 00 00 
BAT RX 0x319 [8] 00 0C B0 0C AD 12 03 01 
BAT RX 0x318 [8] 0C AD 0C AD 0C AD 0C AD 
BAT RX 0x317 [8] 0C B0 0C B0 0C AF 0C AF 
BAT RX 0x316 [8] 0C AD 0C AD 0C AD 0C AD 
BAT RX 0x315 [8] 0C AF 0C AF 0C AE 0C AE 
BAT RX 0x314 [8] 14 6E 5A C8 00 03 05 43 
BAT RX 0x313 [8] 14 46 00 00 00 CE 15 63 
BAT RX 0x312 [8] 00 00 00 00 02 00 00 00 
BAT RX 0x311 [8] 02 38 00 00 00 00 01 00 
[432s] OK V=51.90V I=+0.0A T=20.6C SOC=21% SOH=99% | CVL=56.8V CCL=0.0A DCL=0.0A | chg=0 dis=0 fc1=0 fc2=0 | prot=0000 warn=0000 | packs=2 | inv0x305=no
BAT RX 0x330 [8] 02 03 01 10 0C B1 0C AC 
BAT RX 0x329 [8] 01 00 22 9C 01 00 40 02 
BAT RX 0x323 [8] 20 0E 10 00 04 00 00 00 
BAT RX 0x324 [8] 02 43 30 37 00 00 00 00 
BAT RX 0x322 [8] 00 E3 00 C0 03 01 18 14 
BAT RX 0x320 [8] 50 41 C3 85 85 00 00 00 
BAT RX 0x319 [8] 00 0C B1 0C AC 13 10 01 
BAT RX 0x318 [8] 0C AD 0C AD 0C AD 0C AC 
BAT RX 0x317 [8] 0C B1 0C B0 0C AF 0C AF 
BAT RX 0x316 [8] 0C AD 0C AD 0C AC 0C AC 
BAT RX 0x315 [8] 0C AF 0C AF 0C AF 0C AE 
BAT RX 0x314 [8] 14 6E 5A C8 00 05 05 43 
BAT RX 0x313 [8] 14 46 00 00 00 CE 15 63 
BAT RX 0x312 [8] 00 00 00 00 02 00 00 00 
BAT RX 0x311 [8] 02 38 00 00 00 00 01 00 
BAT RX 0x330 [8] 02 0D 02 0B 0C B1 0C AC 
BAT RX 0x329 [8] 02 00 1A 25 02 00 40 9E 
BAT RX 0x323 [8] 20 0E 10 00 04 00 00 00 
BAT RX 0x324 [8] 00 02 47 50 4A 30 32 31 
BAT RX 0x322 [8] 00 E3 00 C0 03 01 18 14 
BAT RX 0x320 [8] 50 41 C3 85 85 00 00 00 
BAT RX 0x319 [8] 00 0C B1 0C AC 1D 1B 01 
BAT RX 0x318 [8] 0C AD 0C AD 0C AC 0C AC 
BAT RX 0x317 [8] 0C B1 0C AF 0C AF 0C AF 
BAT RX 0x316 [8] 0C AD 0C AD 0C AC 0C AC 
BAT RX 0x315 [8] 0C B0 0C AF 0C AF 0C AF 
BAT RX 0x314 [8] 14 6E 5A C8 00 05 05 43 
BAT RX 0x313 [8] 14 46 00 00 00 CE 15 63 
BAT RX 0x312 [8] 00 00 00 00 02 00 00 00 
BAT RX 0x311 [8] 02 38 00 00 00 00 01 00 
[434s] OK V=51.90V I=+0.0A T=20.6C SOC=21% SOH=99% | CVL=56.8V CCL=0.0A DCL=0.0A | chg=0 dis=0 fc1=0 fc2=0 | prot=0000 warn=0000 | packs=2 | inv0x305=no
BAT RX 0x330 [8] 02 02 02 08 0C B0 0C AC 
BAT RX 0x329 [8] 01 00 22 9C 01 00 40 02 
BAT RX 0x323 [8] 20 0E 10 00 04 00 00 00 
BAT RX 0x324 [8] 01 39 35 32 32 30 36 32 
BAT RX 0x322 [8] 00 E3 00 C0 03 01 18 14 
BAT RX 0x320 [8] 50 41 C3 85 85 00 00 00 
BAT RX 0x319 [8] 00 0C B0 0C AC 12 18 01 
BAT RX 0x318 [8] 0C AD 0C AD 0C AC 0C AC 
BAT RX 0x317 [8] 0C B0 0C B0 0C AF 0C AF 
BAT RX 0x316 [8] 0C AD 0C AD 0C AC 0C AC 
BAT RX 0x315 [8] 0C AF 0C AF 0C AE 0C AE 
BAT RX 0x314 [8] 14 6E 5A C8 00 04 05 43 
BAT RX 0x313 [8] 14 46 00 00 00 CE 15 63 
BAT RX 0x312 [8] 00 00 00 00 02 00 00 00 
BAT RX 0x311 [8] 02 38 00 00 00 00 01 00 
BAT RX 0x330 [8] 02 02 01 01 0C B0 0C AD 
BAT RX 0x329 [8] 02 00 1A 25 02 00 40 9E 
BAT RX 0x323 [8] 20 0E 10 00 04 00 00 00 
BAT RX 0x324 [8] 02 42 42 37 00 00 00 00 
BAT RX 0x322 [8] 00 E3 00 C0 03 01 18 14 
BAT RX 0x320 [8] 50 41 C3 85 85 00 00 00 
BAT RX 0x319 [8] 00 0C B0 0C AD 12 01 01 
BAT RX 0x318 [8] 0C AD 0C AD 0C AD 0C AD 
BAT RX 0x317 [8] 0C B0 0C B0 0C AF 0C AE 
BAT RX 0x316 [8] 0C AD 0C AD 0C AD 0C AD 
BAT RX 0x315 [8] 0C AF 0C AE 0C AE 0C AE 
BAT RX 0x314 [8] 14 6E 5A C8 00 03 05 43 
BAT RX 0x313 [8] 14 46 00 00 00 CE 15 63 
BAT RX 0x312 [8] 00 00 00 00 02 00 00 00 
BAT RX 0x311 [8] 02 38 00 00 00 00 01 00 
[436s] OK V=51.90V I=+0.0A T=20.6C SOC=21% SOH=99% | CVL=56.8V CCL=0.0A DCL=0.0A | chg=0 dis=0 fc1=0 fc2=0 | prot=0000 warn=0000 | packs=2 | inv0x305=no
BAT RX 0x330 [8] 02 03 02 09 0C B0 0C AC 
BAT RX 0x329 [8] 01 00 22 9C 01 00 40 02 
BAT RX 0x323 [8] 20 0E 10 00 04 00 00 00 
BAT RX 0x324 [8] 00 01 47 50 4A 30 32 31 
BAT RX 0x322 [8] 00 E3 00 C0 03 01 18 14 
BAT RX 0x320 [8] 50 41 C3 85 85 00 00 00 
BAT RX 0x319 [8] 00 0C B0 0C AC 13 19 01 
BAT RX 0x318 [8] 0C AD 0C AD 0C AC 0C AC 
BAT RX 0x317 [8] 0C B0 0C AF 0C AF 0C AF 
BAT RX 0x316 [8] 0C AD 0C AD 0C AD 0C AD 
BAT RX 0x315 [8] 0C AF 0C AF 0C AE 0C AE 
BAT RX 0x314 [8] 14 6E 5A C8 00 04 05 43 
BAT RX 0x313 [8] 14 46 00 00 00 CE 15 63 
BAT RX 0x312 [8] 00 00 00 00 02 00 00 00 
BAT RX 0x311 [8] 02 38 00 00 00 00 01 00 
BAT RX 0x330 [8] 01 0E 01 0B 0C B0 0C AC 
BAT RX 0x329 [8] 02 00 1A 25 02 00 40 9E 
BAT RX 0x323 [8] 20 0E 10 00 04 00 00 00 
BAT RX 0x324 [8] 01 39 35 32 32 30 36 32 
BAT RX 0x322 [8] 00 E3 00 C0 03 01 18 14 
BAT RX 0x320 [8] 50 41 C3 85 85 00 00 00 
BAT RX 0x319 [8] 00 0C B0 0C AC 0E 0B 01 
BAT RX 0x318 [8] 0C AD 0C AD 0C AC 0C AC 
BAT RX 0x317 [8] 0C B0 0C AF 0C AF 0C AF 
BAT RX 0x316 [8] 0C AD 0C AD 0C AD 0C AD 
BAT RX 0x315 [8] 0C AF 0C AF 0C AE 0C AE 
BAT RX 0x314 [8] 14 6E 5A C8 00 04 05 43 
BAT RX 0x313 [8] 14 46 00 00 00 CE 15 63 
BAT RX 0x312 [8] 00 00 00 00 02 00 00 00 
BAT RX 0x311 [8] 02 38 00 00 00 00 01 00 
[438s] OK V=51.90V I=+0.0A T=20.6C SOC=21% SOH=99% | CVL=56.8V CCL=0.0A DCL=0.0A | chg=0 dis=0 fc1=0 fc2=0 | prot=0000 warn=0000 | packs=2 | inv0x305=no
BAT RX 0x330 [8] 02 03 02 0E 0C B0 0C AC 
BAT RX 0x329 [8] 01 00 22 9C 01 00 40 02 
BAT RX 0x323 [8] 20 0E 10 00 04 00 00 00 
BAT RX 0x324 [8] 02 43 30 37 00 00 00 00 
BAT RX 0x322 [8] 00 E3 00 C0 03 01 18 14 
BAT RX 0x320 [8] 50 41 C3 85 85 00 00 00 
BAT RX 0x319 [8] 00 0C B0 0C AC 13 1E 01 
BAT RX 0x318 [8] 0C AD 0C AD 0C AD 0C AC 
BAT RX 0x317 [8] 0C B0 0C AF 0C AF 0C AF 
BAT RX 0x316 [8] 0C AD 0C AD 0C AD 0C AD 
BAT RX 0x315 [8] 0C AF 0C AF 0C AF 0C AF 
BAT RX 0x314 [8] 14 6E 5A C8 00 04 05 43 
BAT RX 0x313 [8] 14 46 00 00 00 CE 15 63 
BAT RX 0x312 [8] 00 00 00 00 02 00 00 00 
BAT RX 0x311 [8] 02 38 00 00 00 00 01 00 

---- battery-bus rate stats (VERBOSE_STATS) ----------------------------
  2109 frames, 439 s elapsed
  ID     count   period(ms)  (min-max gap)
  0x317     141   1359 (1-49844)
  0x318     141   1330 (1-45844)
  0x319     140   1311 (1-41844)
  0x320     140   1282 (1-37844)
  0x322     140   1253 (1-33844)
  0x311     139   1234 (78-29844)
  0x323     139   1204 (1-25845)
  0x324     139   1175 (1-21845)
  0x329     139   1146 (1-17844)
  0x330     155   1001 (0-13844)
  0x312     138   1097 (65-15397)
  0x313     139   1060 (2-11397)
  0x314     139   1031 (1-7397)
  0x315     140   1010 (1-5552)
  0x316     140   1010 (1-5552)
--------------------------------------------------------------------------

  TWAI: state=RUNNING  tx_err=23 rx_err=0  tx_failed=0  rx_missed=1197 rx_overrun=0  arb_lost=0  bus_err=852260
BAT RX 0x330 [8] 02 04 02 06 0C B0 0C AC 
BAT RX 0x329 [8] 02 00 1A 25 02 00 40 9E 
BAT RX 0x323 [8] 20 0E 10 00 04 00 00 00 
BAT RX 0x324 [8] 00 02 47 50 4A 30 32 31 
BAT RX 0x322 [8] 00 E3 00 C0 03 01 18 14 
BAT RX 0x320 [8] 50 41 C3 85 85 00 00 00 
BAT RX 0x319 [8] 00 0C B0 0C AC 14 16 01 
BAT RX 0x318 [8] 0C AD 0C AD 0C AC 0C AC 
BAT RX 0x317 [8] 0C B0 0C B0 0C AF 0C AF 
BAT RX 0x316 [8] 0C AD 0C AD 0C AD 0C AD 
BAT RX 0x315 [8] 0C AF 0C AF 0C AE 0C AE 
BAT RX 0x314 [8] 14 6E 5A C8 00 04 05 43 
BAT RX 0x313 [8] 14 46 00 00 00 CE 15 63 
BAT RX 0x312 [8] 00 00 00 00 02 00 00 00 
BAT RX 0x311 [8] 02 38 00 00 00 00 01 00 
[440s] OK V=51.90V I=+0.0A T=20.6C SOC=21% SOH=99% | CVL=56.8V CCL=0.0A DCL=0.0A | chg=0 dis=0 fc1=0 fc2=0 | prot=0000 warn=0000 | packs=2 | inv0x305=no
BAT RX 0x330 [8] 02 02 02 08 0C B0 0C AC 
BAT RX 0x329 [8] 01 00 22 9C 01 00 40 02 
BAT RX 0x323 [8] 20 0E 10 00 04 00 00 00 
BAT RX 0x324 [8] 01 39 35 32 32 30 36 32 
BAT RX 0x322 [8] 00 E3 00 C0 03 01 18 14 
BAT RX 0x320 [8] 50 41 C3 85 85 00 00 00 
BAT RX 0x319 [8] 00 0C B0 0C AC 12 18 01 
BAT RX 0x318 [8] 0C AD 0C AD 0C AC 0C AC 
BAT RX 0x317 [8] 0C B0 0C B0 0C AF 0C AF 
BAT RX 0x316 [8] 0C AD 0C AD 0C AD 0C AD 
BAT RX 0x315 [8] 0C AF 0C AF 0C AF 0C AE 
BAT RX 0x314 [8] 14 6E 5A C8 00 04 05 43 
BAT RX 0x313 [8] 14 46 00 00 00 CE 15 63 
BAT RX 0x312 [8] 00 00 00 00 02 00 00 00 
BAT RX 0x311 [8] 02 38 00 00 00 00 01 00 
BAT RX 0x330 [8] 02 04 02 0F 0C B0 0C AC 
BAT RX 0x329 [8] 02 00 1A 25 02 00 40 9E 
BAT RX 0x323 [8] 20 0E 10 00 04 00 00 00 
BAT RX 0x324 [8] 02 42 42 37 00 00 00 00 
BAT RX 0x322 [8] 00 E3 00 C0 03 01 18 14 
BAT RX 0x320 [8] 50 41 C3 85 85 00 00 00 
BAT RX 0x319 [8] 00 0C B0 0C AC 14 1F 01 
BAT RX 0x318 [8] 0C AD 0C AD 0C AD 0C AC 
BAT RX 0x317 [8] 0C B0 0C B0 0C AF 0C AF 
BAT RX 0x316 [8] 0C AD 0C AD 0C AD 0C AC 
BAT RX 0x315 [8] 0C AF 0C AF 0C AE 0C AE 
BAT RX 0x314 [8] 14 6E 5A C8 00 04 05 43 
BAT RX 0x313 [8] 14 46 00 00 00 CE 15 63 
BAT RX 0x312 [8] 00 00 00 00 02 00 00 00 
BAT RX 0x311 [8] 02 38 00 00 00 00 01 00 
[442s] OK V=51.90V I=+0.0A T=20.6C SOC=21% SOH=99% | CVL=56.8V CCL=0.0A DCL=0.0A | chg=0 dis=0 fc1=0 fc2=0 | prot=0000 warn=0000 | packs=2 | inv0x305=no
BAT RX 0x330 [8] 02 03 01 0F 0C B1 0C AC 
BAT RX 0x329 [8] 01 00 22 9C 01 00 40 02 
BAT RX 0x323 [8] 20 0E 10 00 04 00 00 00 
BAT RX 0x324 [8] 00 01 47 50 4A 30 32 31 
BAT RX 0x322 [8] 00 E3 00 C0 03 01 18 14 
BAT RX 0x320 [8] 50 41 C3 85 85 00 00 00 
BAT RX 0x319 [8] 00 0C B1 0C AC 13 0F 01 
BAT RX 0x318 [8] 0C AD 0C AD 0C AD 0C AC 
BAT RX 0x317 [8] 0C B1 0C B0 0C AF 0C AF 
BAT RX 0x316 [8] 0C AD 0C AD 0C AD 0C AD 
BAT RX 0x315 [8] 0C AF 0C AF 0C AF 0C AE 
BAT RX 0x314 [8] 14 6E 5A C8 00 05 05 43 
BAT RX 0x313 [8] 14 46 00 00 00 CE 15 63 
BAT RX 0x312 [8] 00 00 00 00 02 00 00 00 
BAT RX 0x311 [8] 02 38 00 00 00 00 01 00 
BAT RX 0x330 [8] 01 07 02 0F 0C B0 0C AC 
BAT RX 0x329 [8] 02 00 1A 25 02 00 40 9E 
BAT RX 0x323 [8] 20 0E 10 00 04 00 00 00 
BAT RX 0x324 [8] 01 39 35 32 32 30 36 32 
BAT RX 0x322 [8] 00 E3 00 C0 03 01 18 14 
BAT RX 0x320 [8] 50 41 C3 85 85 00 00 00 
BAT RX 0x319 [8] 00 0C B0 0C AC 07 1F 01 
BAT RX 0x318 [8] 0C AD 0C AD 0C AD 0C AC 
BAT RX 0x317 [8] 0C B0 0C AF 0C AF 0C AF 
BAT RX 0x316 [8] 0C AD 0C AD 0C AD 0C AD 
BAT RX 0x315 [8] 0C AF 0C AF 0C AE 0C AE 
BAT RX 0x314 [8] 14 6E 5A C8 00 04 05 43 
BAT RX 0x313 [8] 14 46 00 00 00 CE 15 63 
BAT RX 0x312 [8] 00 00 00 00 02 00 00 00 
BAT RX 0x311 [8] 02 38 00 00 00 00 01 00 
[444s] OK V=51.90V I=+0.0A T=20.6C SOC=21% SOH=99% | CVL=56.8V CCL=0.0A DCL=0.0A | chg=0 dis=0 fc1=0 fc2=0 | prot=0000 warn=0000 | packs=2 | inv0x305=no
BAT RX 0x330 [8] 02 0D 02 0F 0C B1 0C AC 
BAT RX 0x329 [8] 01 00 22 9C 01 00 40 02 
BAT RX 0x323 [8] 20 0E 10 00 04 00 00 00 
BAT RX 0x324 [8] 02 43 30 37 00 00 00 00 
BAT RX 0x322 [8] 00 E3 00 C0 03 01 18 14 
BAT RX 0x320 [8] 50 41 C3 85 85 00 00 00 
BAT RX 0x319 [8] 00 0C B1 0C AC 1D 1F 01 
BAT RX 0x318 [8] 0C AD 0C AD 0C AD 0C AC 
BAT RX 0x317 [8] 0C B1 0C AF 0C AF 0C AF 
BAT RX 0x316 [8] 0C AD 0C AD 0C AD 0C AD 
BAT RX 0x315 [8] 0C AF 0C AF 0C AE 0C AE 
BAT RX 0x314 [8] 14 6E 5A C8 00 05 05 43 
BAT RX 0x313 [8] 14 46 00 00 00 CE 15 63 
BAT RX 0x312 [8] 00 00 00 00 02 00 00 00 
BAT RX 0x311 [8] 02 38 00 00 00 00 01 00 
BAT RX 0x330 [8] 02 04 01 10 0C B0 0C AC 
BAT RX 0x329 [8] 02 00 1A 25 02 00 40 9E 
BAT RX 0x323 [8] 20 0E 10 00 04 00 00 00 
BAT RX 0x324 [8] 00 02 47 50 4A 30 32 31 
BAT RX 0x322 [8] 00 E3 00 C0 03 01 18 14 
BAT RX 0x320 [8] 50 41 C3 85 85 00 00 00 
BAT RX 0x319 [8] 00 0C B0 0C AC 14 10 01 
BAT RX 0x318 [8] 0C AD 0C AD 0C AD 0C AC 
BAT RX 0x317 [8] 0C B0 0C B0 0C AF 0C AF 
BAT RX 0x316 [8] 0C AD 0C AD 0C AD 0C AD 
BAT RX 0x315 [8] 0C AF 0C AF 0C AF 0C AF 
BAT RX 0x314 [8] 14 6E 5A C8 00 04 05 43 
BAT RX 0x313 [8] 14 46 00 00 00 CE 15 63 
BAT RX 0x312 [8] 00 00 00 00 02 00 00 00 
BAT RX 0x311 [8] 02 38 00 00 00 00 01 00 
[446s] OK V=51.90V I=+0.0A T=20.6C SOC=21% SOH=99% | CVL=56.8V CCL=0.0A DCL=0.0A | chg=0 dis=0 fc1=0 fc2=0 | prot=0000 warn=0000 | packs=2 | inv0x305=no
BAT RX 0x330 [8] 02 03 01 0A 0C B1 0C AC 
BAT RX 0x329 [8] 01 00 22 9C 01 00 40 02 
BAT RX 0x323 [8] 20 0E 10 00 04 00 00 00 
BAT RX 0x324 [8] 01 39 35 32 32 30 36 32 
BAT RX 0x322 [8] 00 E3 00 C0 03 01 18 14 
BAT RX 0x320 [8] 50 41 C3 85 85 00 00 00 
BAT RX 0x319 [8] 00 0C B1 0C AC 13 0A 01 
BAT RX 0x318 [8] 0C AD 0C AD 0C AD 0C AC 
BAT RX 0x317 [8] 0C B1 0C AF 0C AF 0C AF 
BAT RX 0x316 [8] 0C AD 0C AD 0C AD 0C AD 
BAT RX 0x315 [8] 0C AF 0C AF 0C AF 0C AE 
BAT RX 0x314 [8] 14 6E 5A C8 00 05 05 43 
BAT RX 0x313 [8] 14 46 00 00 00 CE 15 63 
BAT RX 0x312 [8] 00 00 00 00 02 00 00 00 
BAT RX 0x311 [8] 02 38 00 00 00 00 01 00 
BAT RX 0x330 [8] 02 0D 02 0F 0C B1 0C AC 
BAT RX 0x329 [8] 02 00 1A 25 02 00 40 9E 
BAT RX 0x323 [8] 20 0E 10 00 04 00 00 00 
BAT RX 0x324 [8] 02 42 42 37 00 00 00 00 
BAT RX 0x322 [8] 00 E3 00 C0 03 01 18 14 
BAT RX 0x320 [8] 50 41 C3 85 85 00 00 00 
BAT RX 0x319 [8] 00 0C B1 0C AC 1D 1F 01 
BAT RX 0x318 [8] 0C AD 0C AD 0C AD 0C AC 
BAT RX 0x317 [8] 0C B1 0C AF 0C AF 0C AF 
BAT RX 0x316 [8] 0C AD 0C AD 0C AD 0C AD 
BAT RX 0x315 [8] 0C AF 0C AF 0C AF 0C AF 
BAT RX 0x314 [8] 14 6E 5A C8 00 05 05 43 
BAT RX 0x313 [8] 14 46 00 00 00 CE 15 63 
BAT RX 0x312 [8] 00 00 00 00 02 00 00 00 
BAT RX 0x311 [8] 02 38 00 00 00 00 01 00 
[448s] OK V=51.90V I=+0.0A T=20.6C SOC=21% SOH=99% | CVL=56.8V CCL=0.0A DCL=0.0A | chg=0 dis=0 fc1=0 fc2=0 | prot=0000 warn=0000 | packs=2 | inv0x305=no
BAT RX 0x330 [8] 02 0D 02 0E 0C B1 0C AC 
BAT RX 0x329 [8] 01 00 22 9C 01 00 40 02 
BAT RX 0x323 [8] 20 0E 10 00 04 00 00 00 
BAT RX 0x324 [8] 00 01 47 50 4A 30 32 31 
BAT RX 0x322 [8] 00 E3 00 C0 03 01 18 14 
BAT RX 0x320 [8] 50 41 C3 85 85 00 00 00 
BAT RX 0x319 [8] 00 0C B1 0C AC 1D 1E 01 
BAT RX 0x318 [8] 0C AD 0C AD 0C AC 0C AC 
BAT RX 0x317 [8] 0C B1 0C B0 0C AF 0C AF 
BAT RX 0x316 [8] 0C AD 0C AC 0C AC 0C AC 
BAT RX 0x315 [8] 0C AF 0C AF 0C AF 0C AF 
BAT RX 0x314 [8] 14 6E 5A C8 00 05 05 43 
BAT RX 0x313 [8] 14 46 00 00 00 CE 15 63 
BAT RX 0x312 [8] 00 00 00 00 02 00 00 00 
BAT RX 0x311 [8] 02 38 00 00 00 00 01 00 
BAT RX 0x330 [8] 02 02 01 10 0C B0 0C AC 
BAT RX 0x329 [8] 02 00 1A 25 02 00 40 9E 
BAT RX 0x323 [8] 20 0E 10 00 04 00 00 00 
BAT RX 0x324 [8] 01 39 35 32 32 30 36 32 
BAT RX 0x322 [8] 00 E3 00 C0 03 01 18 14 
BAT RX 0x320 [8] 50 41 C3 85 85 00 00 00 
BAT RX 0x319 [8] 00 0C B0 0C AC 12 10 01 
BAT RX 0x318 [8] 0C AD 0C AD 0C AD 0C AC 
BAT RX 0x317 [8] 0C B0 0C B0 0C AF 0C AF 
BAT RX 0x316 [8] 0C AD 0C AD 0C AD 0C AD 
BAT RX 0x315 [8] 0C AF 0C AF 0C AE 0C AE 
BAT RX 0x314 [8] 14 6E 5A C8 00 04 05 43 
BAT RX 0x313 [8] 14 46 00 00 00 CE 15 63 
BAT RX 0x312 [8] 00 00 00 00 02 00 00 00 
BAT RX 0x311 [8] 02 38 00 00 00 00 01 00 
[450s] OK V=51.90V I=+0.0A T=20.6C SOC=21% SOH=99% | CVL=56.8V CCL=0.0A DCL=0.0A | chg=0 dis=0 fc1=0 fc2=0 | prot=0000 warn=0000 | packs=2 | inv0x305=no
BAT RX 0x330 [8] 02 0D 02 0F 0C B1 0C AC 
BAT RX 0x329 [8] 01 00 22 9C 01 00 40 02 
BAT RX 0x323 [8] 20 0E 10 00 04 00 00 00 
BAT RX 0x324 [8] 02 43 30 37 00 00 00 00 
BAT RX 0x322 [8] 00 E3 00 C0 03 01 18 14 
BAT RX 0x320 [8] 50 41 C3 85 85 00 00 00 
BAT RX 0x319 [8] 00 0C B1 0C AC 1D 1F 01 
BAT RX 0x318 [8] 0C AD 0C AD 0C AD 0C AC 
BAT RX 0x317 [8] 0C B1 0C AF 0C AF 0C AF 
BAT RX 0x316 [8] 0C AD 0C AD 0C AD 0C AD 
BAT RX 0x315 [8] 0C AF 0C AE 0C AE 0C AE 
BAT RX 0x314 [8] 14 6E 5A C8 00 05 05 43 
BAT RX 0x313 [8] 14 46 00 00 00 CE 15 63 
BAT RX 0x312 [8] 00 00 00 00 02 00 00 00 
BAT RX 0x311 [8] 02 38 00 00 00 00 01 00 
BAT RX 0x330 [8] 02 02 01 10 0C B0 0C AC 
BAT RX 0x329 [8] 02 00 1A 25 02 00 40 9E 
BAT RX 0x323 [8] 20 0E 10 00 04 00 00 00 
BAT RX 0x324 [8] 00 02 47 50 4A 30 32 31 
BAT RX 0x322 [8] 00 E3 00 C0 03 01 18 14 
BAT RX 0x320 [8] 50 41 C3 85 85 00 00 00 
BAT RX 0x319 [8] 00 0C B0 0C AC 12 10 01 
BAT RX 0x318 [8] 0C AD 0C AD 0C AC 0C AC 
BAT RX 0x317 [8] 0C B0 0C B0 0C AF 0C AF 
BAT RX 0x316 [8] 0C AD 0C AD 0C AC 0C AC 
BAT RX 0x315 [8] 0C AF 0C AF 0C AF 0C AE 
BAT RX 0x314 [8] 14 6E 5A C8 00 04 05 43 
BAT RX 0x313 [8] 14 46 00 00 00 CE 15 63 
BAT RX 0x312 [8] 00 00 00 00 02 00 00 00 
BAT RX 0x311 [8] 02 38 00 00 00 00 01 00 
[452s] OK V=51.90V I=+0.0A T=20.6C SOC=21% SOH=99% | CVL=56.8V CCL=0.0A DCL=0.0A | chg=0 dis=0 fc1=0 fc2=0 | prot=0000 warn=0000 | packs=2 | inv0x305=no
BAT RX 0x330 [8] 02 03 01 0F 0C B0 0C AC 
BAT RX 0x329 [8] 01 00 22 9C 01 00 40 02 
BAT RX 0x323 [8] 20 0E 10 00 04 00 00 00 
BAT RX 0x324 [8] 01 39 35 32 32 30 36 32 
BAT RX 0x322 [8] 00 E3 00 C0 03 01 18 14 
BAT RX 0x320 [8] 50 41 C3 85 85 00 00 00 
BAT RX 0x319 [8] 00 0C B0 0C AC 13 0F 01 
BAT RX 0x318 [8] 0C AD 0C AD 0C AD 0C AC 
BAT RX 0x317 [8] 0C B0 0C AF 0C AF 0C AF 
BAT RX 0x316 [8] 0C AD 0C AD 0C AD 0C AD 
BAT RX 0x315 [8] 0C AF 0C AF 0C AE 0C AE 
BAT RX 0x314 [8] 14 6E 5A C8 00 04 05 43 
BAT RX 0x313 [8] 14 46 00 00 00 CE 15 63 
BAT RX 0x312 [8] 00 00 00 00 02 00 00 00 
BAT RX 0x311 [8] 02 38 00 00 00 00 01 00 
BAT RX 0x330 [8] 02 0D 01 10 0C B0 0C AC 
BAT RX 0x329 [8] 02 00 1A 25 02 00 40 9E 
BAT RX 0x323 [8] 20 0E 10 00 04 00 00 00 
BAT RX 0x324 [8] 02 42 42 37 00 00 00 00 
BAT RX 0x322 [8] 00 E3 00 C0 03 01 18 14 
BAT RX 0x320 [8] 50 41 C3 85 85 00 00 00 
BAT RX 0x319 [8] 00 0C B0 0C AC 1D 10 01 
BAT RX 0x318 [8] 0C AD 0C AD 0C AC 0C AC 
BAT RX 0x317 [8] 0C B0 0C AF 0C AF 0C AF 
BAT RX 0x316 [8] 0C AD 0C AD 0C AD 0C AD 
BAT RX 0x315 [8] 0C AF 0C AE 0C AE 0C AE 
BAT RX 0x314 [8] 14 6E 5A C8 00 04 05 43 
BAT RX 0x313 [8] 14 46 00 00 00 CE 15 63 
BAT RX 0x312 [8] 00 00 00 00 02 00 00 00 
BAT RX 0x311 [8] 02 38 00 00 00 00 01 00 
[454s] OK V=51.90V I=+0.0A T=20.6C SOC=21% SOH=99% | CVL=56.8V CCL=0.0A DCL=0.0A | chg=0 dis=0 fc1=0 fc2=0 | prot=0000 warn=0000 | packs=2 | inv0x305=no

---- battery-bus rate stats (VERBOSE_STATS) ----------------------------
  2334 frames, 454 s elapsed
  ID     count   period(ms)  (min-max gap)
  0x317     156   1324 (1-49844)
  0x318     156   1298 (1-45844)
  0x319     155   1280 (1-41844)
  0x320     155   1254 (1-37844)
  0x322     155   1228 (1-33844)
  0x311     154   1211 (78-29844)
  0x323     154   1184 (1-25845)
  0x324     154   1158 (1-21845)
  0x329     154   1132 (1-17844)
  0x330     170   1001 (0-13844)
  0x312     153   1087 (65-15397)
  0x313     154   1054 (2-11397)
  0x314     154   1028 (1-7397)
  0x315     155   1009 (1-5552)
  0x316     155   1009 (1-5552)
--------------------------------------------------------------------------

  TWAI: state=RUNNING  tx_err=8 rx_err=0  tx_failed=0  rx_missed=1197 rx_overrun=0  arb_lost=0  bus_err=852260
BAT RX 0x330 [8] 02 03 02 0E 0C B0 0C AC 
BAT RX 0x329 [8] 01 00 22 9C 01 00 40 02 
BAT RX 0x323 [8] 20 0E 10 00 04 00 00 00 
BAT RX 0x324 [8] 00 01 47 50 4A 30 32 31 
BAT RX 0x322 [8] 00 E3 00 C0 03 01 18 14 
BAT RX 0x320 [8] 50 41 C3 85 85 00 00 00 
BAT RX 0x319 [8] 00 0C B0 0C AC 13 1E 01 
BAT RX 0x318 [8] 0C AD 0C AD 0C AD 0C AC 
BAT RX 0x317 [8] 0C B0 0C B0 0C AF 0C AF 
BAT RX 0x316 [8] 0C AD 0C AD 0C AD 0C AD 
BAT RX 0x315 [8] 0C AF 0C AE 0C AE 0C AE 
BAT RX 0x314 [8] 14 6E 5A C8 00 04 05 43 
BAT RX 0x313 [8] 14 46 00 00 00 CE 15 63 
BAT RX 0x312 [8] 00 00 00 00 02 00 00 00 
BAT RX 0x311 [8] 02 38 00 00 00 00 01 00 
BAT RX 0x330 [8] 02 03 02 0E 0C B1 0C AC 
BAT RX 0x329 [8] 02 00 1A 25 02 00 40 9E 
BAT RX 0x323 [8] 20 0E 10 00 04 00 00 00 
BAT RX 0x324 [8] 01 39 35 32 32 30 36 32 
BAT RX 0x322 [8] 00 E3 00 C0 03 01 18 14 
BAT RX 0x320 [8] 50 41 C3 85 85 00 00 00 
BAT RX 0x319 [8] 00 0C B1 0C AC 13 1E 01 
BAT RX 0x318 [8] 0C AD 0C AD 0C AD 0C AC 
BAT RX 0x317 [8] 0C B1 0C AF 0C AF 0C AF 
BAT RX 0x316 [8] 0C AD 0C AD 0C AD 0C AD 
BAT RX 0x315 [8] 0C AF 0C AF 0C AF 0C AF 
BAT RX 0x314 [8] 14 6E 5A C8 00 05 05 43 
BAT RX 0x313 [8] 14 46 00 00 00 CE 15 63 
BAT RX 0x312 [8] 00 00 00 00 02 00 00 00 
BAT RX 0x311 [8] 02 38 00 00 00 00 01 00 
[456s] OK V=51.90V I=+0.0A T=20.6C SOC=21% SOH=99% | CVL=56.8V CCL=0.0A DCL=0.0A | chg=0 dis=0 fc1=0 fc2=0 | prot=0000 warn=0000 | packs=2 | inv0x305=no
BAT RX 0x330 [8] 02 02 02 10 0C B0 0C AC 
BAT RX 0x329 [8] 01 00 22 9C 01 00 40 02 
BAT RX 0x323 [8] 20 0E 10 00 04 00 00 00 
BAT RX 0x324 [8] 02 43 30 37 00 00 00 00 
BAT RX 0x322 [8] 00 E3 00 C0 03 01 18 14 
BAT RX 0x320 [8] 50 41 C3 85 85 00 00 00 
BAT RX 0x319 [8] 00 0C B0 0C AC 12 20 01 
BAT RX 0x318 [8] 0C AD 0C AD 0C AD 0C AC 
BAT RX 0x317 [8] 0C B0 0C B0 0C AF 0C AF 
BAT RX 0x316 [8] 0C AD 0C AD 0C AC 0C AC 
BAT RX 0x315 [8] 0C AF 0C AF 0C AF 0C AE 
BAT RX 0x314 [8] 14 6E 5A C8 00 04 05 43 
BAT RX 0x313 [8] 14 46 00 00 00 CE 15 63 
BAT RX 0x312 [8] 00 00 00 00 02 00 00 00 
BAT RX 0x311 [8] 02 38 00 00 00 00 01 00 
BAT RX 0x330 [8] 02 0D 01 10 0C B1 0C AC 
BAT RX 0x329 [8] 02 00 1A 25 02 00 40 9E 
BAT RX 0x323 [8] 20 0E 10 00 04 00 00 00 
BAT RX 0x324 [8] 00 02 47 50 4A 30 32 31 
BAT RX 0x322 [8] 00 E3 00 C0 03 01 18 14 
BAT RX 0x320 [8] 50 41 C3 85 85 00 00 00 
BAT RX 0x319 [8] 00 0C B1 0C AC 1D 10 01 
BAT RX 0x318 [8] 0C AD 0C AD 0C AC 0C AC 
BAT RX 0x317 [8] 0C B1 0C B0 0C AF 0C AF 
BAT RX 0x316 [8] 0C AD 0C AC 0C AC 0C AC 
BAT RX 0x315 [8] 0C B0 0C AF 0C AF 0C AF 
BAT RX 0x314 [8] 14 6E 5A C8 00 05 05 43 
BAT RX 0x313 [8] 14 46 00 00 00 CE 15 63 
BAT RX 0x312 [8] 00 00 00 00 02 00 00 00 
BAT RX 0x311 [8] 02 38 00 00 00 00 01 00 
[458s] OK V=51.90V I=+0.0A T=20.6C SOC=21% SOH=99% | CVL=56.8V CCL=0.0A DCL=0.0A | chg=0 dis=0 fc1=0 fc2=0 | prot=0000 warn=0000 | packs=2 | inv0x305=no
BAT RX 0x330 [8] 01 0E 01 0A 0C B0 0C AC 
BAT RX 0x329 [8] 01 00 22 9C 01 00 40 02 
BAT RX 0x323 [8] 20 0E 10 00 04 00 00 00 
BAT RX 0x324 [8] 01 39 35 32 32 30 36 32 
BAT RX 0x322 [8] 00 E3 00 C0 03 01 18 14 
BAT RX 0x320 [8] 50 41 C3 85 85 00 00 00 
BAT RX 0x319 [8] 00 0C B0 0C AC 0E 0A 01 
BAT RX 0x318 [8] 0C AD 0C AD 0C AD 0C AC 
BAT RX 0x317 [8] 0C B0 0C AF 0C AF 0C AF 
BAT RX 0x316 [8] 0C AD 0C AD 0C AD 0C AC 
BAT RX 0x315 [8] 0C AF 0C AF 0C AF 0C AE 
BAT RX 0x314 [8] 14 6E 5A C8 00 04 05 43 
BAT RX 0x313 [8] 14 46 00 00 00 CE 15 63 
BAT RX 0x312 [8] 00 00 00 00 02 00 00 00 
BAT RX 0x311 [8] 02 38 00 00 00 00 01 00 
BAT RX 0x330 [8] 02 0D 02 0E 0C B1 0C AC 
BAT RX 0x329 [8] 02 00 1A 25 02 00 40 9E 
BAT RX 0x323 [8] 20 0E 10 00 04 00 00 00 
BAT RX 0x324 [8] 02 42 42 37 00 00 00 00 
BAT RX 0x322 [8] 00 E3 00 C0 03 01 18 14 
BAT RX 0x320 [8] 50 41 C3 85 85 00 00 00 
BAT RX 0x319 [8] 00 0C B1 0C AC 1D 1E 01 
BAT RX 0x318 [8] 0C AD 0C AD 0C AC 0C AC 
BAT RX 0x317 [8] 0C B1 0C B0 0C AF 0C AF 
BAT RX 0x316 [8] 0C AD 0C AD 0C AD 0C AD 
BAT RX 0x315 [8] 0C AF 0C AF 0C AF 0C AE 
BAT RX 0x314 [8] 14 6E 5A C8 00 05 05 43 
BAT RX 0x313 [8] 14 46 00 00 00 CE 15 63 
BAT RX 0x312 [8] 00 00 00 00 02 00 00 00 
BAT RX 0x311 [8] 02 38 00 00 00 00 01 00 
[460s] OK V=51.90V I=+0.0A T=20.6C SOC=21% SOH=99% | CVL=56.8V CCL=0.0A DCL=0.0A | chg=0 dis=0 fc1=0 fc2=0 | prot=0000 warn=0000 | packs=2 | inv0x305=no
BAT RX 0x330 [8] 02 03 01 03 0C B0 0C AD 
BAT RX 0x329 [8] 01 00 22 9C 01 00 40 02 
BAT RX 0x323 [8] 20 0E 10 00 04 00 00 00 
BAT RX 0x324 [8] 00 01 47 50 4A 30 32 31 
BAT RX 0x322 [8] 00 E3 00 C0 03 01 18 14 
BAT RX 0x320 [8] 50 41 C3 85 85 00 00 00 
BAT RX 0x319 [8] 00 0C B0 0C AD 13 03 01 
BAT RX 0x318 [8] 0C AD 0C AD 0C AD 0C AD 
BAT RX 0x317 [8] 0C B0 0C AF 0C AF 0C AF 
BAT RX 0x316 [8] 0C AD 0C AD 0C AD 0C AC 
BAT RX 0x315 [8] 0C AF 0C AF 0C AF 0C AF 
BAT RX 0x314 [8] 14 6E 5A C8 00 03 05 43 
BAT RX 0x313 [8] 14 46 00 00 00 CE 15 63 
BAT RX 0x312 [8] 00 00 00 00 02 00 00 00 
BAT RX 0x311 [8] 02 38 00 00 00 00 01 00 
BAT RX 0x330 [8] 02 03 01 0F 0C B0 0C AC 
BAT RX 0x329 [8] 02 00 1A 25 02 00 40 9E 
BAT RX 0x323 [8] 20 0E 10 00 04 00 00 00 
BAT RX 0x324 [8] 01 39 35 32 32 30 36 32 
BAT RX 0x322 [8] 00 E3 00 C0 03 01 18 14 
BAT RX 0x320 [8] 50 41 C3 85 85 00 00 00 
BAT RX 0x319 [8] 00 0C B0 0C AC 13 0F 01 
BAT RX 0x318 [8] 0C AD 0C AD 0C AC 0C AC 
BAT RX 0x317 [8] 0C B0 0C B0 0C AF 0C AF 
BAT RX 0x316 [8] 0C AD 0C AD 0C AD 0C AD 
BAT RX 0x315 [8] 0C AF 0C AF 0C AF 0C AE 
BAT RX 0x314 [8] 14 6E 5A C8 00 04 05 43 
BAT RX 0x313 [8] 14 46 00 00 00 CE 15 63 
BAT RX 0x312 [8] 00 00 00 00 02 00 00 00 
BAT RX 0x311 [8] 02 38 00 00 00 00 01 00 
[462s] OK V=51.90V I=+0.0A T=20.6C SOC=21% SOH=99% | CVL=56.8V CCL=0.0A DCL=0.0A | chg=0 dis=0 fc1=0 fc2=0 | prot=0000 warn=0000 | packs=2 | inv0x305=no
BAT RX 0x330 [8] 02 0D 01 10 0C B1 0C AC 
BAT RX 0x329 [8] 01 00 22 9C 01 00 40 02 
BAT RX 0x323 [8] 20 0E 10 00 04 00 00 00 
BAT RX 0x324 [8] 02 43 30 37 00 00 00 00 
BAT RX 0x322 [8] 00 E3 00 C0 03 01 18 14 
BAT RX 0x320 [8] 50 41 C3 85 85 00 00 00 
BAT RX 0x319 [8] 00 0C B1 0C AC 1D 10 01 
BAT RX 0x318 [8] 0C AD 0C AD 0C AD 0C AC 
BAT RX 0x317 [8] 0C B1 0C AF 0C AF 0C AF 
BAT RX 0x316 [8] 0C AD 0C AD 0C AD 0C AD 
BAT RX 0x315 [8] 0C AF 0C AF 0C AF 0C AE 
BAT RX 0x314 [8] 14 6E 5A C8 00 05 05 43 
BAT RX 0x313 [8] 14 46 00 00 00 CE 15 63 
BAT RX 0x312 [8] 00 00 00 00 02 00 00 00 
BAT RX 0x311 [8] 02 38 00 00 00 00 01 00 
BAT RX 0x330 [8] 02 0D 01 0F 0C B0 0C AC 
BAT RX 0x329 [8] 02 00 1A 25 02 00 40 9E 
BAT RX 0x323 [8] 20 0E 10 00 04 00 00 00 
BAT RX 0x324 [8] 00 02 47 50 4A 30 32 31 
BAT RX 0x322 [8] 00 E3 00 C0 03 01 18 14 
BAT RX 0x320 [8] 50 41 C3 85 85 00 00 00 
BAT RX 0x319 [8] 00 0C B0 0C AC 1D 0F 01 
BAT RX 0x318 [8] 0C AD 0C AD 0C AC 0C AC 
BAT RX 0x317 [8] 0C B0 0C AF 0C AF 0C AF 
BAT RX 0x316 [8] 0C AD 0C AD 0C AD 0C AD 
BAT RX 0x315 [8] 0C AF 0C AF 0C AF 0C AF 
BAT RX 0x314 [8] 14 6E 5A C8 00 04 05 43 
BAT RX 0x313 [8] 14 46 00 00 00 CE 15 63 
BAT RX 0x312 [8] 00 00 00 00 02 00 00 00 
BAT RX 0x311 [8] 02 38 00 00 00 00 01 00 
[464s] OK V=51.90V I=+0.0A T=20.6C SOC=21% SOH=99% | CVL=56.8V CCL=0.0A DCL=0.0A | chg=0 dis=0 fc1=0 fc2=0 | prot=0000 warn=0000 | packs=2 | inv0x305=no
BAT RX 0x330 [8] 02 03 02 06 0C B0 0C AC 
BAT RX 0x329 [8] 01 00 22 9C 01 00 40 02 
BAT RX 0x323 [8] 20 0E 10 00 04 00 00 00 
BAT RX 0x324 [8] 01 39 35 32 32 30 36 32 
BAT RX 0x322 [8] 00 E3 00 C0 03 01 18 14 
BAT RX 0x320 [8] 50 41 C3 85 85 00 00 00 
BAT RX 0x319 [8] 00 0C B0 0C AC 13 16 01 
BAT RX 0x318 [8] 0C AD 0C AC 0C AC 0C AC 
BAT RX 0x317 [8] 0C B0 0C AF 0C AF 0C AF 
BAT RX 0x316 [8] 0C AD 0C AD 0C AD 0C AD 
BAT RX 0x315 [8] 0C AF 0C AF 0C AF 0C AF 
BAT RX 0x314 [8] 14 6E 5A C8 00 04 05 43 
BAT RX 0x313 [8] 14 46 00 00 00 CE 15 63 
BAT RX 0x312 [8] 00 00 00 00 02 00 00 00 
BAT RX 0x311 [8] 02 38 00 00 00 00 01 00 
BAT RX 0x330 [8] 02 0D 02 0F 0C B1 0C AC 
BAT RX 0x329 [8] 02 00 1A 25 02 00 40 9E 
BAT RX 0x323 [8] 20 0E 10 00 04 00 00 00 
BAT RX 0x324 [8] 02 42 42 37 00 00 00 00 
BAT RX 0x322 [8] 00 E3 00 C0 03 01 18 14 
BAT RX 0x320 [8] 50 41 C3 85 85 00 00 00 
BAT RX 0x319 [8] 00 0C B1 0C AC 1D 1F 01 
BAT RX 0x318 [8] 0C AD 0C AD 0C AD 0C AC 
BAT RX 0x317 [8] 0C B1 0C AF 0C AF 0C AF 
BAT RX 0x316 [8] 0C AD 0C AD 0C AD 0C AC 
BAT RX 0x315 [8] 0C AF 0C AF 0C AF 0C AF 
BAT RX 0x314 [8] 14 6E 5A C8 00 05 05 43 
BAT RX 0x313 [8] 14 46 00 00 00 CE 15 63 
BAT RX 0x312 [8] 00 00 00 00 02 00 00 00 
BAT RX 0x311 [8] 02 38 00 00 00 00 01 00 
[466s] OK V=51.90V I=+0.0A T=20.6C SOC=21% SOH=99% | CVL=56.8V CCL=0.0A DCL=0.0A | chg=0 dis=0 fc1=0 fc2=0 | prot=0000 warn=0000 | packs=2 | inv0x305=no
BAT RX 0x330 [8] 02 02 02 08 0C B0 0C AC 
BAT RX 0x329 [8] 01 00 22 9C 01 00 40 02 
BAT RX 0x323 [8] 20 0E 10 00 04 00 00 00 
BAT RX 0x324 [8] 00 01 47 50 4A 30 32 31 
BAT RX 0x322 [8] 00 E3 00 C0 03 01 18 14 
BAT RX 0x320 [8] 50 41 C3 85 85 00 00 00 
BAT RX 0x319 [8] 00 0C B0 0C AC 12 18 01 
BAT RX 0x318 [8] 0C AD 0C AD 0C AC 0C AC 
BAT RX 0x317 [8] 0C B0 0C B0 0C AF 0C AF 
BAT RX 0x316 [8] 0C AD 0C AD 0C AD 0C AC 
BAT RX 0x315 [8] 0C B0 0C AF 0C AF 0C AF 
BAT RX 0x314 [8] 14 6E 5A C8 00 04 05 43 
BAT RX 0x313 [8] 14 46 00 00 00 CE 15 63 
BAT RX 0x312 [8] 00 00 00 00 02 00 00 00 
BAT RX 0x311 [8] 02 38 00 00 00 00 01 00 
BAT RX 0x330 [8] 02 02 02 0E 0C B0 0C AC 
BAT RX 0x329 [8] 02 00 1A 25 02 00 40 9E 
BAT RX 0x323 [8] 20 0E 10 00 04 00 00 00 
BAT RX 0x324 [8] 01 39 35 32 32 30 36 32 
BAT RX 0x322 [8] 00 E3 00 C0 03 01 18 14 
BAT RX 0x320 [8] 50 41 C3 85 85 00 00 00 
BAT RX 0x319 [8] 00 0C B0 0C AC 12 1E 01 
BAT RX 0x318 [8] 0C AD 0C AD 0C AD 0C AC 
BAT RX 0x317 [8] 0C B0 0C B0 0C AF 0C AF 
BAT RX 0x316 [8] 0C AD 0C AD 0C AD 0C AD 
BAT RX 0x315 [8] 0C AF 0C AF 0C AE 0C AE 
BAT RX 0x314 [8] 14 6E 5A C8 00 04 05 43 
BAT RX 0x313 [8] 14 46 00 00 00 CE 15 63 
BAT RX 0x312 [8] 00 00 00 00 02 00 00 00 
BAT RX 0x311 [8] 02 38 00 00 00 00 01 00 
[468s] OK V=51.90V I=+0.0A T=20.6C SOC=21% SOH=99% | CVL=56.8V CCL=0.0A DCL=0.0A | chg=0 dis=0 fc1=0 fc2=0 | prot=0000 warn=0000 | packs=2 | inv0x305=no
BAT RX 0x330 [8] 02 02 02 0E 0C B0 0C AC 
BAT RX 0x329 [8] 01 00 22 9C 01 00 40 02 
BAT RX 0x323 [8] 20 0E 10 00 04 00 00 00 
BAT RX 0x324 [8] 02 43 30 37 00 00 00 00 
BAT RX 0x322 [8] 00 E3 00 C0 03 01 18 14 
BAT RX 0x320 [8] 50 41 C3 85 85 00 00 00 
BAT RX 0x319 [8] 00 0C B0 0C AC 12 1E 01 
BAT RX 0x318 [8] 0C AD 0C AD 0C AD 0C AC 
BAT RX 0x317 [8] 0C B0 0C B0 0C AF 0C AF 
BAT RX 0x316 [8] 0C AD 0C AD 0C AD 0C AD 
BAT RX 0x315 [8] 0C AF 0C AF 0C AE 0C AE 
BAT RX 0x314 [8] 14 6E 5A C8 00 04 05 43 
BAT RX 0x313 [8] 14 46 00 00 00 CE 15 63 
BAT RX 0x312 [8] 00 00 00 00 02 00 00 00 
BAT RX 0x311 [8] 02 38 00 00 00 00 01 00 

---- battery-bus rate stats (VERBOSE_STATS) ----------------------------
  2559 frames, 469 s elapsed
  ID     count   period(ms)  (min-max gap)
  0x317     171   1295 (1-49844)
  0x318     171   1272 (1-45844)
  0x319     170   1255 (1-41844)
  0x320     170   1232 (1-37844)
  0x322     170   1208 (1-33844)
  0x311     169   1192 (78-29844)
  0x323     169   1168 (1-25845)
  0x324     169   1144 (1-21845)
  0x329     169   1120 (1-17844)
  0x330     185   1001 (0-13844)
  0x312     168   1079 (65-15397)
  0x313     169   1049 (2-11397)
  0x314     169   1025 (1-7397)
  0x315     170   1008 (1-5552)
  0x316     170   1008 (1-5552)
--------------------------------------------------------------------------

  TWAI: state=RUNNING  tx_err=0 rx_err=0  tx_failed=0  rx_missed=1197 rx_overrun=0  arb_lost=0  bus_err=852260
BAT RX 0x330 [8] 02 02 01 10 0C B0 0C AC 
BAT RX 0x329 [8] 02 00 1A 25 02 00 40 9E 
BAT RX 0x323 [8] 20 0E 10 00 04 00 00 00 
BAT RX 0x324 [8] 00 02 47 50 4A 30 32 31 
BAT RX 0x322 [8] 00 E3 00 C0 03 01 18 14 
BAT RX 0x320 [8] 50 41 C3 85 85 00 00 00 
BAT RX 0x319 [8] 00 0C B0 0C AC 12 10 01 
BAT RX 0x318 [8] 0C AE 0C AD 0C AC 0C AC 
BAT RX 0x317 [8] 0C B0 0C AF 0C AF 0C AF 
BAT RX 0x316 [8] 0C AD 0C AD 0C AD 0C AD 
BAT RX 0x315 [8] 0C B0 0C AF 0C AE 0C AE 
BAT RX 0x314 [8] 14 6E 5A C8 00 04 05 43 
BAT RX 0x313 [8] 14 46 00 00 00 CE 15 63 
BAT RX 0x312 [8] 00 00 00 00 02 00 00 00 
BAT RX 0x311 [8] 02 38 00 00 00 00 01 00 
[470s] OK V=51.90V I=+0.0A T=20.6C SOC=21% SOH=99% | CVL=56.8V CCL=0.0A DCL=0.0A | chg=0 dis=0 fc1=0 fc2=0 | prot=0000 warn=0000 | packs=2 | inv0x305=no
BAT RX 0x330 [8] 01 0E 01 10 0C B0 0C AC 
BAT RX 0x329 [8] 01 00 22 9C 01 00 40 02 
BAT RX 0x323 [8] 20 0E 10 00 04 00 00 00 
BAT RX 0x324 [8] 01 39 35 32 32 30 36 32 
BAT RX 0x322 [8] 00 E3 00 C0 03 01 18 14 
BAT RX 0x320 [8] 50 41 C3 85 85 00 00 00 
BAT RX 0x319 [8] 00 0C B0 0C AC 0E 10 01 
BAT RX 0x318 [8] 0C AD 0C AD 0C AC 0C AC 
BAT RX 0x317 [8] 0C B0 0C B0 0C AF 0C AF 
BAT RX 0x316 [8] 0C AD 0C AD 0C AD 0C AD 
BAT RX 0x315 [8] 0C AF 0C AE 0C AE 0C AE 
BAT RX 0x314 [8] 14 6E 5A C8 00 04 05 43 
BAT RX 0x313 [8] 14 46 00 00 00 CE 15 63 
BAT RX 0x312 [8] 00 00 00 00 02 00 00 00 
BAT RX 0x311 [8] 02 38 00 00 00 00 01 00 
BAT RX 0x330 [8] 02 03 01 0A 0C B0 0C AC 
BAT RX 0x329 [8] 02 00 1A 25 02 00 40 9E 
BAT RX 0x323 [8] 20 0E 10 00 04 00 00 00 
BAT RX 0x324 [8] 02 42 42 37 00 00 00 00 
BAT RX 0x322 [8] 00 E3 00 C0 03 01 18 14 
BAT RX 0x320 [8] 50 41 C3 85 85 00 00 00 
BAT RX 0x319 [8] 00 0C B0 0C AC 13 0A 01 
BAT RX 0x318 [8] 0C AD 0C AD 0C AC 0C AC 
BAT RX 0x317 [8] 0C B0 0C AF 0C AF 0C AF 
BAT RX 0x316 [8] 0C AD 0C AD 0C AD 0C AD 
BAT RX 0x315 [8] 0C AF 0C AF 0C AF 0C AE 
BAT RX 0x314 [8] 14 6E 5A C8 00 04 05 43 
BAT RX 0x313 [8] 14 46 00 00 00 CE 15 63 
BAT RX 0x312 [8] 00 00 00 00 02 00 00 00 
BAT RX 0x311 [8] 02 38 00 00 00 00 01 00 
[472s] OK V=51.90V I=+0.0A T=20.6C SOC=21% SOH=99% | CVL=56.8V CCL=0.0A DCL=0.0A | chg=0 dis=0 fc1=0 fc2=0 | prot=0000 warn=0000 | packs=2 | inv0x305=no
BAT RX 0x330 [8] 02 03 01 0A 0C B1 0C AC 
BAT RX 0x329 [8] 01 00 22 9C 01 00 40 02 
BAT RX 0x323 [8] 20 0E 10 00 04 00 00 00 
BAT RX 0x324 [8] 00 01 47 50 4A 30 32 31 
BAT RX 0x322 [8] 00 E3 00 C0 03 01 18 14 
BAT RX 0x320 [8] 50 41 C3 85 85 00 00 00 
BAT RX 0x319 [8] 00 0C B1 0C AC 13 0A 01 
BAT RX 0x318 [8] 0C AD 0C AD 0C AD 0C AC 
BAT RX 0x317 [8] 0C B1 0C AF 0C AF 0C AF 
BAT RX 0x316 [8] 0C AD 0C AD 0C AD 0C AC 
BAT RX 0x315 [8] 0C AF 0C AF 0C AF 0C AE 
BAT RX 0x314 [8] 14 6E 5A C8 00 05 05 43 
BAT RX 0x313 [8] 14 46 00 00 00 CE 15 63 
BAT RX 0x312 [8] 00 00 00 00 02 00 00 00 
BAT RX 0x311 [8] 02 38 00 00 00 00 01 00 
BAT RX 0x330 [8] 02 03 01 0A 0C B1 0C AC 
BAT RX 0x329 [8] 02 00 1A 25 02 00 40 9E 
BAT RX 0x323 [8] 20 0E 10 00 04 00 00 00 
BAT RX 0x324 [8] 01 39 35 32 32 30 36 32 
BAT RX 0x322 [8] 00 E3 00 C0 03 01 18 14 
BAT RX 0x320 [8] 50 41 C3 85 85 00 00 00 
BAT RX 0x319 [8] 00 0C B1 0C AC 13 0A 01 
BAT RX 0x318 [8] 0C AD 0C AD 0C AC 0C AC 
BAT RX 0x317 [8] 0C B1 0C B0 0C AF 0C AF 
BAT RX 0x316 [8] 0C AD 0C AD 0C AD 0C AC 
BAT RX 0x315 [8] 0C B0 0C AF 0C AF 0C AE 
BAT RX 0x314 [8] 14 6E 5A C8 00 05 05 43 
BAT RX 0x313 [8] 14 46 00 00 00 CE 15 63 
BAT RX 0x312 [8] 00 00 00 00 02 00 00 00 
BAT RX 0x311 [8] 02 38 00 00 00 00 01 00 
[474s] OK V=51.90V I=+0.0A T=20.6C SOC=21% SOH=99% | CVL=56.8V CCL=0.0A DCL=0.0A | chg=0 dis=0 fc1=0 fc2=0 | prot=0000 warn=0000 | packs=2 | inv0x305=no
BAT RX 0x330 [8] 02 0D 02 06 0C B1 0C AC 
BAT RX 0x329 [8] 01 00 22 9C 01 00 40 02 
BAT RX 0x323 [8] 20 0E 10 00 04 00 00 00 
BAT RX 0x324 [8] 02 43 30 37 00 00 00 00 
BAT RX 0x322 [8] 00 E3 00 C0 03 01 18 14 
BAT RX 0x320 [8] 50 41 C3 85 85 00 00 00 
BAT RX 0x319 [8] 00 0C B1 0C AC 1D 16 01 
BAT RX 0x318 [8] 0C AD 0C AC 0C AC 0C AC 
BAT RX 0x317 [8] 0C B1 0C B0 0C AF 0C AF 
BAT RX 0x316 [8] 0C AD 0C AD 0C AD 0C AD 
BAT RX 0x315 [8] 0C AF 0C AF 0C AF 0C AE 
BAT RX 0x314 [8] 14 6E 5A C8 00 05 05 43 
BAT RX 0x313 [8] 14 46 00 00 00 CE 15 63 
BAT RX 0x312 [8] 00 00 00 00 02 00 00 00 
BAT RX 0x311 [8] 02 38 00 00 00 00 01 00 
BAT RX 0x330 [8] 02 03 02 0E 0C B0 0C AC 
BAT RX 0x329 [8] 02 00 1A 25 02 00 40 9E 
BAT RX 0x323 [8] 20 0E 10 00 04 00 00 00 
BAT RX 0x324 [8] 00 02 47 50 4A 30 32 31 
BAT RX 0x322 [8] 00 E3 00 C0 03 01 18 14 
BAT RX 0x320 [8] 50 41 C3 85 85 00 00 00 
BAT RX 0x319 [8] 00 0C B0 0C AC 13 1E 01 
BAT RX 0x318 [8] 0C AD 0C AD 0C AD 0C AC 
BAT RX 0x317 [8] 0C B0 0C AF 0C AF 0C AF 
BAT RX 0x316 [8] 0C AD 0C AD 0C AD 0C AD 
BAT RX 0x315 [8] 0C AF 0C AF 0C AF 0C AE 
BAT RX 0x314 [8] 14 6E 5A C8 00 04 05 43 
BAT RX 0x313 [8] 14 46 00 00 00 CE 15 63 
BAT RX 0x312 [8] 00 00 00 00 02 00 00 00 
BAT RX 0x311 [8] 02 38 00 00 00 00 01 00 
[476s] OK V=51.90V I=+0.0A T=20.6C SOC=21% SOH=99% | CVL=56.8V CCL=0.0A DCL=0.0A | chg=0 dis=0 fc1=0 fc2=0 | prot=0000 warn=0000 | packs=2 | inv0x305=no
BAT RX 0x330 [8] 02 0D 01 0A 0C B1 0C AC 
BAT RX 0x329 [8] 01 00 22 9C 01 00 40 02 
BAT RX 0x323 [8] 20 0E 10 00 04 00 00 00 
BAT RX 0x324 [8] 01 39 35 32 32 30 36 32 
BAT RX 0x322 [8] 00 E3 00 C0 03 01 18 14 
BAT RX 0x320 [8] 50 41 C3 85 85 00 00 00 
BAT RX 0x319 [8] 00 0C B1 0C AC 1D 0A 01 
BAT RX 0x318 [8] 0C AD 0C AD 0C AC 0C AC 
BAT RX 0x317 [8] 0C B1 0C AF 0C AF 0C AF 
BAT RX 0x316 [8] 0C AD 0C AD 0C AD 0C AC 
BAT RX 0x315 [8] 0C B0 0C AF 0C AE 0C AE 
BAT RX 0x314 [8] 14 6E 5A C8 00 05 05 43 
BAT RX 0x313 [8] 14 46 00 00 00 CE 15 63 
BAT RX 0x312 [8] 00 00 00 00 02 00 00 00 
BAT RX 0x311 [8] 02 38 00 00 00 00 01 00 
BAT RX 0x330 [8] 02 03 01 10 0C B0 0C AC 
BAT RX 0x329 [8] 02 00 1A 25 02 00 40 9E 
BAT RX 0x323 [8] 20 0E 10 00 04 00 00 00 
BAT RX 0x324 [8] 02 42 42 37 00 00 00 00 
BAT RX 0x322 [8] 00 E3 00 C0 03 01 18 14 
BAT RX 0x320 [8] 50 41 C3 85 85 00 00 00 
BAT RX 0x319 [8] 00 0C B0 0C AC 13 10 01 
BAT RX 0x318 [8] 0C AD 0C AD 0C AD 0C AC 
BAT RX 0x317 [8] 0C B0 0C B0 0C AF 0C AF 
BAT RX 0x316 [8] 0C AD 0C AD 0C AD 0C AD 
BAT RX 0x315 [8] 0C AF 0C AF 0C AF 0C AF 
BAT RX 0x314 [8] 14 6E 5A C8 00 04 05 43 
BAT RX 0x313 [8] 14 46 00 00 00 CE 15 63 
BAT RX 0x312 [8] 00 00 00 00 02 00 00 00 
BAT RX 0x311 [8] 02 38 00 00 00 00 01 00 
[478s] OK V=51.90V I=+0.0A T=20.6C SOC=21% SOH=99% | CVL=56.8V CCL=0.0A DCL=0.0A | chg=0 dis=0 fc1=0 fc2=0 | prot=0000 warn=0000 | packs=2 | inv0x305=no
BAT RX 0x330 [8] 02 03 02 0E 0C B1 0C AC 
BAT RX 0x329 [8] 01 00 22 9C 01 00 40 02 
BAT RX 0x323 [8] 20 0E 10 00 04 00 00 00 
BAT RX 0x324 [8] 00 01 47 50 4A 30 32 31 
BAT RX 0x322 [8] 00 E3 00 C0 03 01 18 14 
BAT RX 0x320 [8] 50 41 C3 85 85 00 00 00 
BAT RX 0x319 [8] 00 0C B1 0C AC 13 1E 01 
BAT RX 0x318 [8] 0C AD 0C AD 0C AD 0C AC 
BAT RX 0x317 [8] 0C B1 0C B0 0C AF 0C AF 
BAT RX 0x316 [8] 0C AD 0C AD 0C AD 0C AD 
BAT RX 0x315 [8] 0C AF 0C AE 0C AE 0C AE 
BAT RX 0x314 [8] 14 6E 5A C8 00 05 05 43 
BAT RX 0x313 [8] 14 46 00 00 00 CE 15 63 
BAT RX 0x312 [8] 00 00 00 00 02 00 00 00 
BAT RX 0x311 [8] 02 38 00 00 00 00 01 00 
BAT RX 0x330 [8] 02 0D 02 0F 0C B0 0C AC 
BAT RX 0x329 [8] 02 00 1A 25 02 00 40 9E 
BAT RX 0x323 [8] 20 0E 10 00 04 00 00 00 
BAT RX 0x324 [8] 01 39 35 32 32 30 36 32 
BAT RX 0x322 [8] 00 E3 00 C0 03 01 18 14 
BAT RX 0x320 [8] 50 41 C3 85 85 00 00 00 
BAT RX 0x319 [8] 00 0C B0 0C AC 1D 1F 01 
BAT RX 0x318 [8] 0C AD 0C AD 0C AD 0C AC 
BAT RX 0x317 [8] 0C B0 0C AF 0C AF 0C AF 
BAT RX 0x316 [8] 0C AC 0C AC 0C AC 0C AC 
BAT RX 0x315 [8] 0C AF 0C AF 0C AF 0C AF 
BAT RX 0x314 [8] 14 6E 5A C8 00 04 05 43 
BAT RX 0x313 [8] 14 46 00 00 00 CE 15 63 
BAT RX 0x312 [8] 00 00 00 00 02 00 00 00 
BAT RX 0x311 [8] 02 38 00 00 00 00 01 00 
[480s] OK V=51.90V I=+0.0A T=20.6C SOC=21% SOH=99% | CVL=56.8V CCL=0.0A DCL=0.0A | chg=0 dis=0 fc1=0 fc2=0 | prot=0000 warn=0000 | packs=2 | inv0x305=no
BAT RX 0x330 [8] 02 0D 02 0F 0C B1 0C AB 
BAT RX 0x329 [8] 01 00 22 9C 01 00 40 02 
BAT RX 0x323 [8] 20 0E 10 00 04 00 00 00 
BAT RX 0x324 [8] 02 43 30 37 00 00 00 00 
BAT RX 0x322 [8] 00 E3 00 C0 03 01 18 14 
BAT RX 0x320 [8] 50 41 C3 85 85 00 00 00 
BAT RX 0x319 [8] 00 0C B1 0C AB 1D 1F 01 
BAT RX 0x318 [8] 0C AD 0C AD 0C AC 0C AB 
BAT RX 0x317 [8] 0C B1 0C B0 0C AF 0C AF 
BAT RX 0x316 [8] 0C AD 0C AD 0C AD 0C AD 
BAT RX 0x315 [8] 0C AF 0C AF 0C AF 0C AF 
BAT RX 0x314 [8] 14 6E 5A C8 00 06 05 43 
BAT RX 0x313 [8] 14 46 00 00 00 CE 15 63 
BAT RX 0x312 [8] 00 00 00 00 02 00 00 00 
BAT RX 0x311 [8] 02 38 00 00 00 00 01 00 
BAT RX 0x330 [8] 02 0D 01 0A 0C B1 0C AC 
BAT RX 0x329 [8] 02 00 1A 25 02 00 40 9E 
BAT RX 0x323 [8] 20 0E 10 00 04 00 00 00 
BAT RX 0x324 [8] 00 02 47 50 4A 30 32 31 
BAT RX 0x322 [8] 00 E3 00 C0 03 01 18 14 
BAT RX 0x320 [8] 50 41 C3 85 85 00 00 00 
BAT RX 0x319 [8] 00 0C B1 0C AC 1D 0A 01 
BAT RX 0x318 [8] 0C AD 0C AC 0C AC 0C AC 
BAT RX 0x317 [8] 0C B1 0C B0 0C AF 0C AF 
BAT RX 0x316 [8] 0C AD 0C AD 0C AD 0C AC 
BAT RX 0x315 [8] 0C AF 0C AF 0C AF 0C AE 
BAT RX 0x314 [8] 14 6E 5A C8 00 05 05 43 
BAT RX 0x313 [8] 14 46 00 00 00 CE 15 63 
BAT RX 0x312 [8] 00 00 00 00 02 00 00 00 
BAT RX 0x311 [8] 02 38 00 00 00 00 01 00 
[482s] OK V=51.90V I=+0.0A T=20.6C SOC=21% SOH=99% | CVL=56.8V CCL=0.0A DCL=0.0A | chg=0 dis=0 fc1=0 fc2=0 | prot=0000 warn=0000 | packs=2 | inv0x305=no
BAT RX 0x330 [8] 02 03 01 0A 0C B1 0C AC 
BAT RX 0x329 [8] 01 00 22 9C 01 00 40 02 
BAT RX 0x323 [8] 20 0E 10 00 04 00 00 00 
BAT RX 0x324 [8] 01 39 35 32 32 30 36 32 
BAT RX 0x322 [8] 00 E3 00 C0 03 01 18 14 
BAT RX 0x320 [8] 50 41 C3 85 85 00 00 00 
BAT RX 0x319 [8] 00 0C B1 0C AC 13 0A 01 
BAT RX 0x318 [8] 0C AD 0C AD 0C AC 0C AC 
BAT RX 0x317 [8] 0C B1 0C AF 0C AF 0C AF 
BAT RX 0x316 [8] 0C AD 0C AD 0C AD 0C AD 
BAT RX 0x315 [8] 0C B0 0C AF 0C AF 0C AE 
BAT RX 0x314 [8] 14 6E 5A C8 00 05 05 43 
BAT RX 0x313 [8] 14 46 00 00 00 CE 15 63 
BAT RX 0x312 [8] 00 00 00 00 02 00 00 00 
BAT RX 0x311 [8] 02 38 00 00 00 00 01 00 
BAT RX 0x330 [8] 02 0D 01 10 0C B1 0C AC 
BAT RX 0x329 [8] 02 00 1A 25 02 00 40 9E 
BAT RX 0x323 [8] 20 0E 10 00 04 00 00 00 
BAT RX 0x324 [8] 02 42 42 37 00 00 00 00 
BAT RX 0x322 [8] 00 E3 00 C0 03 01 18 14 
BAT RX 0x320 [8] 50 41 C3 85 85 00 00 00 
BAT RX 0x319 [8] 00 0C B1 0C AC 1D 10 01 
BAT RX 0x318 [8] 0C AC 0C AC 0C AC 0C AC 
BAT RX 0x317 [8] 0C B1 0C AF 0C AF 0C AF 
BAT RX 0x316 [8] 0C AD 0C AD 0C AD 0C AD 
BAT RX 0x315 [8] 0C AF 0C AF 0C AF 0C AE 
BAT RX 0x314 [8] 14 6E 5A C8 00 05 05 43 
BAT RX 0x313 [8] 14 46 00 00 00 CE 15 63 
BAT RX 0x312 [8] 00 00 00 00 02 00 00 00 
BAT RX 0x311 [8] 02 38 00 00 00 00 01 00 
[484s] OK V=51.90V I=+0.0A T=20.6C SOC=21% SOH=99% | CVL=56.8V CCL=0.0A DCL=0.0A | chg=0 dis=0 fc1=0 fc2=0 | prot=0000 warn=0000 | packs=2 | inv0x305=no

---- battery-bus rate stats (VERBOSE_STATS) ----------------------------
  2784 frames, 484 s elapsed
  ID     count   period(ms)  (min-max gap)
  0x317     186   1271 (1-49844)
  0x318     186   1250 (1-45844)
  0x319     185   1235 (1-41844)
  0x320     185   1213 (1-37844)
  0x322     185   1191 (1-33844)
  0x311     184   1176 (78-29844)
  0x323     184   1154 (1-25845)
  0x324     184   1132 (1-21845)
  0x329     184   1110 (1-17844)
  0x330     200   1000 (0-13844)
  0x312     183   1073 (65-15397)
  0x313     184   1045 (2-11397)
  0x314     184   1023 (1-7397)
  0x315     185   1007 (1-5552)
  0x316     185   1007 (1-5552)
--------------------------------------------------------------------------

  TWAI: state=RUNNING  tx_err=0 rx_err=0  tx_failed=0  rx_missed=1197 rx_overrun=0  arb_lost=0  bus_err=852260
BAT RX 0x330 [8] 02 02 01 0F 0C B0 0C AC 
BAT RX 0x329 [8] 01 00 22 9C 01 00 40 02 
BAT RX 0x323 [8] 20 0E 10 00 04 00 00 00 
BAT RX 0x324 [8] 00 01 47 50 4A 30 32 31 
BAT RX 0x322 [8] 00 E3 00 C0 03 01 18 14 
BAT RX 0x320 [8] 50 41 C3 85 85 00 00 00 
BAT RX 0x319 [8] 00 0C B0 0C AC 12 0F 01 
BAT RX 0x318 [8] 0C AD 0C AD 0C AD 0C AD 
BAT RX 0x317 [8] 0C B0 0C AF 0C AF 0C AF 
BAT RX 0x316 [8] 0C AD 0C AD 0C AD 0C AD 
BAT RX 0x315 [8] 0C AF 0C AF 0C AF 0C AE 
BAT RX 0x314 [8] 14 6E 5A C8 00 03 05 43 
BAT RX 0x313 [8] 14 46 00 00 00 CE 15 63 
BAT RX 0x312 [8] 00 00 00 00 02 00 00 00 
BAT RX 0x311 [8] 02 38 00 00 00 00 01 00 
BAT RX 0x330 [8] 02 02 02 08 0C B0 0C AC 
BAT RX 0x329 [8] 02 00 1A 25 02 00 40 9E 
BAT RX 0x323 [8] 20 0E 10 00 04 00 00 00 
BAT RX 0x324 [8] 01 39 35 32 32 30 36 32 
BAT RX 0x322 [8] 00 E3 00 C0 03 01 18 14 
BAT RX 0x320 [8] 50 41 C3 85 85 00 00 00 
BAT RX 0x319 [8] 00 0C B0 0C AC 12 18 01 
BAT RX 0x318 [8] 0C AE 0C AE 0C AC 0C AC 
BAT RX 0x317 [8] 0C B0 0C AF 0C AF 0C AF 
BAT RX 0x316 [8] 0C AD 0C AD 0C AD 0C AD 
BAT RX 0x315 [8] 0C AF 0C AF 0C AF 0C AF 
BAT RX 0x314 [8] 14 6E 5A C8 00 04 05 43 
BAT RX 0x313 [8] 14 46 00 00 00 CE 15 63 
BAT RX 0x312 [8] 00 00 00 00 02 00 00 00 
BAT RX 0x311 [8] 02 38 00 00 00 00 01 00 
[486s] OK V=51.90V I=+0.0A T=20.6C SOC=21% SOH=99% | CVL=56.8V CCL=0.0A DCL=0.0A | chg=0 dis=0 fc1=0 fc2=0 | prot=0000 warn=0000 | packs=2 | inv0x305=no
BAT RX 0x330 [8] 02 03 02 0E 0C B0 0C AC 
BAT RX 0x329 [8] 01 00 22 9C 01 00 40 02 
BAT RX 0x323 [8] 20 0E 10 00 04 00 00 00 
BAT RX 0x324 [8] 02 43 30 37 00 00 00 00 
BAT RX 0x322 [8] 00 E3 00 C0 03 01 18 14 
BAT RX 0x320 [8] 50 41 C3 85 85 00 00 00 
BAT RX 0x319 [8] 00 0C B0 0C AC 13 1E 01 
BAT RX 0x318 [8] 0C AD 0C AD 0C AD 0C AC 
BAT RX 0x317 [8] 0C B0 0C B0 0C AF 0C AF 
BAT RX 0x316 [8] 0C AD 0C AD 0C AD 0C AD 
BAT RX 0x315 [8] 0C AF 0C AF 0C AF 0C AE 
BAT RX 0x314 [8] 14 6E 5A C8 00 04 05 43 
BAT RX 0x313 [8] 14 46 00 00 00 CE 15 63 
BAT RX 0x312 [8] 00 00 00 00 02 00 00 00 
BAT RX 0x311 [8] 02 38 00 00 00 00 01 00 
BAT RX 0x330 [8] 01 0E 02 0F 0C B0 0C AC 
BAT RX 0x329 [8] 02 00 1A 25 02 00 40 9E 
BAT RX 0x323 [8] 20 0E 10 00 04 00 00 00 
BAT RX 0x324 [8] 00 02 47 50 4A 30 32 31 
BAT RX 0x322 [8] 00 E3 00 C0 03 01 18 14 
BAT RX 0x320 [8] 50 41 C3 85 85 00 00 00 
BAT RX 0x319 [8] 00 0C B0 0C AC 0E 1F 01 
BAT RX 0x318 [8] 0C AD 0C AD 0C AD 0C AC 
BAT RX 0x317 [8] 0C B0 0C B0 0C AF 0C AF 
BAT RX 0x316 [8] 0C AD 0C AD 0C AD 0C AD 
BAT RX 0x315 [8] 0C AF 0C AF 0C AF 0C AE 
BAT RX 0x314 [8] 14 6E 5A C8 00 04 05 43 
BAT RX 0x313 [8] 14 46 00 00 00 CE 15 63 
BAT RX 0x312 [8] 00 00 00 00 02 00 00 00 
BAT RX 0x311 [8] 02 38 00 00 00 00 01 00 
[488s] OK V=51.90V I=+0.0A T=20.6C SOC=21% SOH=99% | CVL=56.8V CCL=0.0A DCL=0.0A | chg=0 dis=0 fc1=0 fc2=0 | prot=0000 warn=0000 | packs=2 | inv0x305=no
BAT RX 0x330 [8] 02 0D 02 0F 0C B0 0C AC 
BAT RX 0x329 [8] 01 00 22 9C 01 00 40 02 
BAT RX 0x323 [8] 20 0E 10 00 04 00 00 00 
BAT RX 0x324 [8] 01 39 35 32 32 30 36 32 
BAT RX 0x322 [8] 00 E3 00 C0 03 01 18 14 
BAT RX 0x320 [8] 50 41 C3 85 85 00 00 00 
BAT RX 0x319 [8] 00 0C B0 0C AC 1D 1F 01 
BAT RX 0x318 [8] 0C AD 0C AD 0C AC 0C AC 
BAT RX 0x317 [8] 0C B0 0C AF 0C AF 0C AF 
BAT RX 0x316 [8] 0C AD 0C AD 0C AD 0C AD 
BAT RX 0x315 [8] 0C AF 0C AF 0C AF 0C AE 
BAT RX 0x314 [8] 14 6E 5A C8 00 04 05 43 
BAT RX 0x313 [8] 14 46 00 00 00 CE 15 63 
BAT RX 0x312 [8] 00 00 00 00 02 00 00 00 
BAT RX 0x311 [8] 02 38 00 00 00 00 01 00 
BAT RX 0x330 [8] 01 08 02 0F 0C AF 0C AC 
BAT RX 0x329 [8] 02 00 1A 25 02 00 40 9E 
BAT RX 0x323 [8] 20 0E 10 00 04 00 00 00 
BAT RX 0x324 [8] 02 42 42 37 00 00 00 00 
BAT RX 0x322 [8] 00 E3 00 C0 03 01 18 14 
BAT RX 0x320 [8] 50 41 C3 85 85 00 00 00 
BAT RX 0x319 [8] 00 0C AF 0C AC 08 1F 01 
BAT RX 0x318 [8] 0C AD 0C AD 0C AC 0C AC 
BAT RX 0x317 [8] 0C AF 0C AF 0C AF 0C AF 
BAT RX 0x316 [8] 0C AD 0C AD 0C AD 0C AC 
BAT RX 0x315 [8] 0C B0 0C AF 0C AF 0C AF 
BAT RX 0x314 [8] 14 6E 5A C8 00 04 05 43 
BAT RX 0x313 [8] 14 46 00 00 00 CE 15 63 
BAT RX 0x312 [8] 00 00 00 00 02 00 00 00 
BAT RX 0x311 [8] 02 38 00 00 00 00 01 00 
[490s] OK V=51.90V I=+0.0A T=20.6C SOC=21% SOH=99% | CVL=56.8V CCL=0.0A DCL=0.0A | chg=0 dis=0 fc1=0 fc2=0 | prot=0000 warn=0000 | packs=2 | inv0x305=no
BAT RX 0x330 [8] 02 0D 02 0F 0C B1 0C AB 
BAT RX 0x329 [8] 01 00 22 9C 01 00 40 02 
BAT RX 0x323 [8] 20 0E 10 00 04 00 00 00 
BAT RX 0x324 [8] 00 01 47 50 4A 30 32 31 
BAT RX 0x322 [8] 00 E3 00 C0 03 01 18 14 
BAT RX 0x320 [8] 50 41 C3 85 85 00 00 00 
BAT RX 0x319 [8] 00 0C B1 0C AB 1D 1F 01 
BAT RX 0x318 [8] 0C AD 0C AC 0C AC 0C AB 
BAT RX 0x317 [8] 0C B1 0C B0 0C AF 0C AF 
BAT RX 0x316 [8] 0C AD 0C AD 0C AD 0C AD 
BAT RX 0x315 [8] 0C AF 0C AF 0C AF 0C AF 
BAT RX 0x314 [8] 14 6E 5A C8 00 06 05 43 
BAT RX 0x313 [8] 14 46 00 00 00 CE 15 63 
BAT RX 0x312 [8] 00 00 00 00 02 00 00 00 
BAT RX 0x311 [8] 02 38 00 00 00 00 01 00 
BAT RX 0x330 [8] 02 02 01 0A 0C B0 0C AC 
BAT RX 0x329 [8] 02 00 1A 25 02 00 40 9E 
BAT RX 0x323 [8] 20 0E 10 00 04 00 00 00 
BAT RX 0x324 [8] 01 39 35 32 32 30 36 32 
BAT RX 0x322 [8] 00 E3 00 C0 03 01 18 14 
BAT RX 0x320 [8] 50 41 C3 85 85 00 00 00 
BAT RX 0x319 [8] 00 0C B0 0C AC 12 0A 01 
BAT RX 0x318 [8] 0C AD 0C AD 0C AD 0C AC 
BAT RX 0x317 [8] 0C B0 0C B0 0C AF 0C AF 
BAT RX 0x316 [8] 0C AD 0C AD 0C AD 0C AD 
BAT RX 0x315 [8] 0C AF 0C AF 0C AF 0C AF 
BAT RX 0x314 [8] 14 6E 5A C8 00 04 05 43 
BAT RX 0x313 [8] 14 46 00 00 00 CE 15 63 
BAT RX 0x312 [8] 00 00 00 00 02 00 00 00 
BAT RX 0x311 [8] 02 38 00 00 00 00 01 00 
[492s] OK V=51.90V I=+0.0A T=20.6C SOC=21% SOH=99% | CVL=56.8V CCL=0.0A DCL=0.0A | chg=0 dis=0 fc1=0 fc2=0 | prot=0000 warn=0000 | packs=2 | inv0x305=no
BAT RX 0x330 [8] 02 0D 02 0E 0C B1 0C AC 
BAT RX 0x329 [8] 01 00 22 9C 01 00 40 02 
BAT RX 0x323 [8] 20 0E 10 00 04 00 00 00 
BAT RX 0x324 [8] 02 43 30 37 00 00 00 00 
BAT RX 0x322 [8] 00 E3 00 C0 03 01 18 14 
BAT RX 0x320 [8] 50 41 C3 85 85 00 00 00 
BAT RX 0x319 [8] 00 0C B1 0C AC 1D 1E 01 
BAT RX 0x318 [8] 0C AD 0C AD 0C AC 0C AC 
BAT RX 0x317 [8] 0C B1 0C AF 0C AF 0C AF 
BAT RX 0x316 [8] 0C AD 0C AD 0C AD 0C AC 
BAT RX 0x315 [8] 0C B0 0C AF 0C AF 0C AE 
BAT RX 0x314 [8] 14 6E 5A C8 00 05 05 43 
BAT RX 0x313 [8] 14 46 00 00 00 CE 15 63 
BAT RX 0x312 [8] 00 00 00 00 02 00 00 00 
BAT RX 0x311 [8] 02 38 00 00 00 00 01 00 
BAT RX 0x330 [8] 02 0D 02 0F 0C B0 0C AC 
BAT RX 0x329 [8] 02 00 1A 25 02 00 40 9E 
BAT RX 0x323 [8] 20 0E 10 00 04 00 00 00 
BAT RX 0x324 [8] 00 02 47 50 4A 30 32 31 
BAT RX 0x322 [8] 00 E3 00 C0 03 01 18 14 
BAT RX 0x320 [8] 50 41 C3 85 85 00 00 00 
BAT RX 0x319 [8] 00 0C B0 0C AC 1D 1F 01 
BAT RX 0x318 [8] 0C AD 0C AD 0C AD 0C AC 
BAT RX 0x317 [8] 0C B0 0C AF 0C AF 0C AF 
BAT RX 0x316 [8] 0C AD 0C AD 0C AD 0C AC 
BAT RX 0x315 [8] 0C B0 0C AF 0C AF 0C AE 
BAT RX 0x314 [8] 14 6E 5A C8 00 04 05 43 
BAT RX 0x313 [8] 14 46 00 00 00 CE 15 63 
BAT RX 0x312 [8] 00 00 00 00 02 00 00 00 
BAT RX 0x311 [8] 02 38 00 00 00 00 01 00 
[494s] OK V=51.90V I=+0.0A T=20.6C SOC=21% SOH=99% | CVL=56.8V CCL=0.0A DCL=0.0A | chg=0 dis=0 fc1=0 fc2=0 | prot=0000 warn=0000 | packs=2 | inv0x305=no
BAT RX 0x330 [8] 02 03 02 0E 0C B1 0C AC 
BAT RX 0x329 [8] 01 00 22 9C 01 00 40 02 
BAT RX 0x323 [8] 20 0E 10 00 04 00 00 00 
BAT RX 0x324 [8] 01 39 35 32 32 30 36 32 
BAT RX 0x322 [8] 00 E3 00 C0 03 01 18 14 
BAT RX 0x320 [8] 50 41 C3 85 85 00 00 00 
BAT RX 0x319 [8] 00 0C B1 0C AC 13 1E 01 
BAT RX 0x318 [8] 0C AD 0C AD 0C AD 0C AC 
BAT RX 0x317 [8] 0C B1 0C AF 0C AF 0C AF 
BAT RX 0x316 [8] 0C AD 0C AD 0C AD 0C AD 
BAT RX 0x315 [8] 0C AF 0C AF 0C AF 0C AE 
BAT RX 0x314 [8] 14 6E 5A C8 00 05 05 43 
BAT RX 0x313 [8] 14 46 00 00 00 CE 15 63 
BAT RX 0x312 [8] 00 00 00 00 02 00 00 00 
BAT RX 0x311 [8] 02 38 00 00 00 00 01 00 
BAT RX 0x330 [8] 02 02 01 10 0C B1 0C AC 
BAT RX 0x329 [8] 02 00 1A 25 02 00 40 9E 
BAT RX 0x323 [8] 20 0E 10 00 04 00 00 00 
BAT RX 0x324 [8] 02 42 42 37 00 00 00 00 
BAT RX 0x322 [8] 00 E3 00 C0 03 01 18 14 
BAT RX 0x320 [8] 50 41 C3 85 85 00 00 00 
BAT RX 0x319 [8] 00 0C B1 0C AC 12 10 01 
BAT RX 0x318 [8] 0C AE 0C AD 0C AD 0C AD 
BAT RX 0x317 [8] 0C B1 0C AF 0C AF 0C AF 
BAT RX 0x316 [8] 0C AD 0C AD 0C AD 0C AD 
BAT RX 0x315 [8] 0C AF 0C AF 0C AF 0C AE 
BAT RX 0x314 [8] 14 6E 5A C8 00 04 05 43 
BAT RX 0x313 [8] 14 46 00 00 00 CE 15 63 
BAT RX 0x312 [8] 00 00 00 00 02 00 00 00 
BAT RX 0x311 [8] 02 38 00 00 00 00 01 00 
[496s] OK V=51.90V I=+0.0A T=20.6C SOC=21% SOH=99% | CVL=56.8V CCL=0.0A DCL=0.0A | chg=0 dis=0 fc1=0 fc2=0 | prot=0000 warn=0000 | packs=2 | inv0x305=no
BAT RX 0x330 [8] 01 07 01 0F 0C B0 0C AC 
BAT RX 0x329 [8] 01 00 22 9C 01 00 40 02 
BAT RX 0x323 [8] 20 0E 10 00 04 00 00 00 
BAT RX 0x324 [8] 00 01 47 50 4A 30 32 31 
BAT RX 0x322 [8] 00 E3 00 C0 03 01 18 14 
BAT RX 0x320 [8] 50 41 C3 85 85 00 00 00 
BAT RX 0x319 [8] 00 0C B0 0C AC 07 0F 01 
BAT RX 0x318 [8] 0C AD 0C AD 0C AC 0C AC 
BAT RX 0x317 [8] 0C B0 0C B0 0C AF 0C AF 
BAT RX 0x316 [8] 0C AD 0C AD 0C AD 0C AD 
BAT RX 0x315 [8] 0C AF 0C AF 0C AE 0C AE 
BAT RX 0x314 [8] 14 6E 5A C8 00 04 05 43 
BAT RX 0x313 [8] 14 46 00 00 00 CE 15 63 
BAT RX 0x312 [8] 00 00 00 00 02 00 00 00 
BAT RX 0x311 [8] 02 38 00 00 00 00 01 00 
BAT RX 0x330 [8] 02 03 02 0E 0C B0 0C AC 
BAT RX 0x329 [8] 02 00 1A 25 02 00 40 9E 
BAT RX 0x323 [8] 20 0E 10 00 04 00 00 00 
BAT RX 0x324 [8] 01 39 35 32 32 30 36 32 
BAT RX 0x322 [8] 00 E3 00 C0 03 01 18 14 
BAT RX 0x320 [8] 50 41 C3 85 85 00 00 00 
BAT RX 0x319 [8] 00 0C B0 0C AC 13 1E 01 
BAT RX 0x318 [8] 0C AD 0C AD 0C AD 0C AC 
BAT RX 0x317 [8] 0C B0 0C AF 0C AF 0C AF 
BAT RX 0x316 [8] 0C AD 0C AD 0C AD 0C AD 
BAT RX 0x315 [8] 0C AF 0C AF 0C AE 0C AE 
BAT RX 0x314 [8] 14 6E 5A C8 00 04 05 43 
BAT RX 0x313 [8] 14 46 00 00 00 CE 15 63 
BAT RX 0x312 [8] 00 00 00 00 02 00 00 00 
BAT RX 0x311 [8] 02 38 00 00 00 00 01 00 
[498s] OK V=51.90V I=+0.0A T=20.6C SOC=21% SOH=99% | CVL=56.8V CCL=0.0A DCL=0.0A | chg=0 dis=0 fc1=0 fc2=0 | prot=0000 warn=0000 | packs=2 | inv0x305=no
BAT RX 0x330 [8] 02 03 02 0E 0C B0 0C AC 
BAT RX 0x329 [8] 01 00 22 9C 01 00 40 02 
BAT RX 0x323 [8] 20 0E 10 00 04 00 00 00 
BAT RX 0x324 [8] 02 43 30 37 00 00 00 00 
BAT RX 0x322 [8] 00 E3 00 C0 03 01 18 14 
BAT RX 0x320 [8] 50 41 C3 85 85 00 00 00 
BAT RX 0x319 [8] 00 0C B0 0C AC 13 1E 01 
BAT RX 0x318 [8] 0C AD 0C AD 0C AD 0C AC 
BAT RX 0x317 [8] 0C B0 0C B0 0C AF 0C AF 
BAT RX 0x316 [8] 0C AD 0C AD 0C AD 0C AC 
BAT RX 0x315 [8] 0C AF 0C AF 0C AF 0C AE 
BAT RX 0x314 [8] 14 6E 5A C8 00 04 05 43 
BAT RX 0x313 [8] 14 46 00 00 00 CE 15 63 
BAT RX 0x312 [8] 00 00 00 00 02 00 00 00 
BAT RX 0x311 [8] 02 38 00 00 00 00 01 00 

---- battery-bus rate stats (VERBOSE_STATS) ----------------------------
  3009 frames, 499 s elapsed
  ID     count   period(ms)  (min-max gap)
  0x317     201   1251 (1-49844)
  0x318     201   1231 (1-45844)
  0x319     200   1217 (1-41844)
  0x320     200   1197 (1-37844)
  0x322     200   1176 (1-33844)
  0x311     199   1163 (78-29844)
  0x323     199   1142 (1-25845)
  0x324     199   1122 (1-21845)
  0x329     199   1101 (1-17844)
  0x330     215   1000 (0-13844)
  0x312     198   1067 (65-15397)
  0x313     199   1041 (2-11397)
  0x314     199   1021 (1-7397)
  0x315     200   1007 (1-5552)
  0x316     200   1007 (1-5552)
--------------------------------------------------------------------------

  TWAI: state=RUNNING  tx_err=0 rx_err=0  tx_failed=0  rx_missed=1197 rx_overrun=0  arb_lost=0  bus_err=852260
BAT RX 0x330 [8] 02 0D 02 06 0C B1 0C AC 
BAT RX 0x329 [8] 02 00 1A 25 02 00 40 9E 
BAT RX 0x323 [8] 20 0E 10 00 04 00 00 00 
BAT RX 0x324 [8] 00 02 47 50 4A 30 32 31 
BAT RX 0x322 [8] 00 E3 00 C0 03 01 18 14 
BAT RX 0x320 [8] 50 41 C3 85 85 00 00 00 
BAT RX 0x319 [8] 00 0C B1 0C AC 1D 16 01 
BAT RX 0x318 [8] 0C AD 0C AD 0C AC 0C AC 
BAT RX 0x317 [8] 0C B1 0C AF 0C AF 0C AF 
BAT RX 0x316 [8] 0C AD 0C AC 0C AC 0C AC 
BAT RX 0x315 [8] 0C AF 0C AF 0C AF 0C AF 
BAT RX 0x314 [8] 14 6E 5A C8 00 05 05 43 
BAT RX 0x313 [8] 14 46 00 00 00 CE 15 63 
BAT RX 0x312 [8] 00 00 00 00 02 00 00 00 
BAT RX 0x311 [8] 02 38 00 00 00 00 01 00 
[500s] OK V=51.90V I=+0.0A T=20.6C SOC=21% SOH=99% | CVL=56.8V CCL=0.0A DCL=0.0A | chg=0 dis=0 fc1=0 fc2=0 | prot=0000 warn=0000 | packs=2 | inv0x305=no
BAT RX 0x330 [8] 02 03 01 0A 0C B0 0C AC 
BAT RX 0x329 [8] 01 00 22 9C 01 00 40 02 
BAT RX 0x323 [8] 20 0E 10 00 04 00 00 00 
BAT RX 0x324 [8] 01 39 35 32 32 30 36 32 
BAT RX 0x322 [8] 00 E3 00 C0 03 01 18 14 
BAT RX 0x320 [8] 50 41 C3 85 85 00 00 00 
BAT RX 0x319 [8] 00 0C B0 0C AC 13 0A 01 
BAT RX 0x318 [8] 0C AD 0C AD 0C AD 0C AC 
BAT RX 0x317 [8] 0C B0 0C AF 0C AF 0C AF 
BAT RX 0x316 [8] 0C AD 0C AD 0C AD 0C AC 
BAT RX 0x315 [8] 0C AF 0C AF 0C AF 0C AF 
BAT RX 0x314 [8] 14 6E 5A C8 00 04 05 43 
BAT RX 0x313 [8] 14 46 00 00 00 CE 15 63 
BAT RX 0x312 [8] 00 00 00 00 02 00 00 00 
BAT RX 0x311 [8] 02 38 00 00 00 00 01 00 
BAT RX 0x330 [8] 02 03 02 06 0C B0 0C AC 
BAT RX 0x329 [8] 02 00 1A 25 02 00 40 9E 
BAT RX 0x323 [8] 20 0E 10 00 04 00 00 00 
BAT RX 0x324 [8] 02 42 42 37 00 00 00 00 
BAT RX 0x322 [8] 00 E3 00 C0 03 01 18 14 
BAT RX 0x320 [8] 50 41 C3 85 85 00 00 00 
BAT RX 0x319 [8] 00 0C B0 0C AC 13 16 01 
BAT RX 0x318 [8] 0C AD 0C AD 0C AC 0C AC 
BAT RX 0x317 [8] 0C B0 0C AF 0C AF 0C AF 
BAT RX 0x316 [8] 0C AD 0C AD 0C AD 0C AC 
BAT RX 0x315 [8] 0C AF 0C AF 0C AF 0C AF 
BAT RX 0x314 [8] 14 6E 5A C8 00 04 05 43 
BAT RX 0x313 [8] 14 46 00 00 00 CE 15 63 
BAT RX 0x312 [8] 00 00 00 00 02 00 00 00 
BAT RX 0x311 [8] 02 38 00 00 00 00 01 00 
[502s] OK V=51.90V I=+0.0A T=20.6C SOC=21% SOH=99% | CVL=56.8V CCL=0.0A DCL=0.0A | chg=0 dis=0 fc1=0 fc2=0 | prot=0000 warn=0000 | packs=2 | inv0x305=no
BAT RX 0x330 [8] 02 0D 02 0F 0C B1 0C AC 
BAT RX 0x329 [8] 01 00 22 9C 01 00 40 02 
BAT RX 0x323 [8] 20 0E 10 00 04 00 00 00 
BAT RX 0x324 [8] 00 01 47 50 4A 30 32 31 
BAT RX 0x322 [8] 00 E3 00 C0 03 01 18 14 
BAT RX 0x320 [8] 50 41 C3 85 85 00 00 00 
BAT RX 0x319 [8] 00 0C B1 0C AC 1D 1F 01 
BAT RX 0x318 [8] 0C AD 0C AD 0C AD 0C AC 
BAT RX 0x317 [8] 0C B1 0C AF 0C AF 0C AF 
BAT RX 0x316 [8] 0C AD 0C AD 0C AD 0C AD 
BAT RX 0x315 [8] 0C AF 0C AF 0C AF 0C AF 
BAT RX 0x314 [8] 14 6E 5A C8 00 05 05 43 
BAT RX 0x313 [8] 14 46 00 00 00 CE 15 63 
BAT RX 0x312 [8] 00 00 00 00 02 00 00 00 
BAT RX 0x311 [8] 02 38 00 00 00 00 01 00 
BAT RX 0x330 [8] 02 0D 02 0E 0C B1 0C AC 
BAT RX 0x329 [8] 02 00 1A 25 02 00 40 9E 
BAT RX 0x323 [8] 20 0E 10 00 04 00 00 00 
BAT RX 0x324 [8] 01 39 35 32 32 30 36 32 
BAT RX 0x322 [8] 00 E3 00 C0 03 01 18 14 
BAT RX 0x320 [8] 50 41 C3 85 85 00 00 00 
BAT RX 0x319 [8] 00 0C B1 0C AC 1D 1E 01 
BAT RX 0x318 [8] 0C AD 0C AD 0C AC 0C AC 
BAT RX 0x317 [8] 0C B1 0C B0 0C B0 0C AF 
BAT RX 0x316 [8] 0C AD 0C AD 0C AD 0C AD 
BAT RX 0x315 [8] 0C AF 0C AF 0C AF 0C AE 
BAT RX 0x314 [8] 14 6E 5A C8 00 05 05 43 
BAT RX 0x313 [8] 14 46 00 00 00 CE 15 63 
BAT RX 0x312 [8] 00 00 00 00 02 00 00 00 
BAT RX 0x311 [8] 02 38 00 00 00 00 01 00 
[504s] OK V=51.90V I=+0.0A T=20.6C SOC=21% SOH=99% | CVL=56.8V CCL=0.0A DCL=0.0A | chg=0 dis=0 fc1=0 fc2=0 | prot=0000 warn=0000 | packs=2 | inv0x305=no
BAT RX 0x330 [8] 02 02 02 10 0C B0 0C AC 
BAT RX 0x329 [8] 01 00 22 9C 01 00 40 02 
BAT RX 0x323 [8] 20 0E 10 00 04 00 00 00 
BAT RX 0x324 [8] 02 43 30 37 00 00 00 00 
BAT RX 0x322 [8] 00 E3 00 C0 03 01 18 14 
BAT RX 0x320 [8] 50 41 C3 85 85 00 00 00 
BAT RX 0x319 [8] 00 0C B0 0C AC 12 20 01 
BAT RX 0x318 [8] 0C AD 0C AD 0C AD 0C AC 
BAT RX 0x317 [8] 0C B0 0C B0 0C AF 0C AF 
BAT RX 0x316 [8] 0C AD 0C AD 0C AD 0C AD 
BAT RX 0x315 [8] 0C AF 0C AE 0C AE 0C AE 
BAT RX 0x314 [8] 14 6E 5A C8 00 04 05 43 
BAT RX 0x313 [8] 14 46 00 00 00 CE 15 63 
BAT RX 0x312 [8] 00 00 00 00 02 00 00 00 
BAT RX 0x311 [8] 02 38 00 00 00 00 01 00 
BAT RX 0x330 [8] 02 02 02 06 0C B0 0C AC 
BAT RX 0x329 [8] 02 00 1A 25 02 00 40 9E 
BAT RX 0x323 [8] 20 0E 10 00 04 00 00 00 
BAT RX 0x324 [8] 00 02 47 50 4A 30 32 31 
BAT RX 0x322 [8] 00 E3 00 C0 03 01 18 14 
BAT RX 0x320 [8] 50 41 C3 85 85 00 00 00 
BAT RX 0x319 [8] 00 0C B0 0C AC 12 16 01 
BAT RX 0x318 [8] 0C AD 0C AD 0C AC 0C AC 
BAT RX 0x317 [8] 0C B0 0C B0 0C AF 0C AF 
BAT RX 0x316 [8] 0C AD 0C AD 0C AD 0C AD 
BAT RX 0x315 [8] 0C B0 0C B0 0C AF 0C AE 
BAT RX 0x314 [8] 14 6E 5A C8 00 04 05 43 
BAT RX 0x313 [8] 14 46 00 00 00 CE 15 63 
BAT RX 0x312 [8] 00 00 00 00 02 00 00 00 
BAT RX 0x311 [8] 02 38 00 00 00 00 01 00 
[506s] OK V=51.90V I=+0.0A T=20.6C SOC=21% SOH=99% | CVL=56.8V CCL=0.0A DCL=0.0A | chg=0 dis=0 fc1=0 fc2=0 | prot=0000 warn=0000 | packs=2 | inv0x305=no
BAT RX 0x330 [8] 02 02 01 05 0C B1 0C AD 
BAT RX 0x329 [8] 01 00 22 9C 01 00 40 02 
BAT RX 0x323 [8] 20 0E 10 00 04 00 00 00 
BAT RX 0x324 [8] 01 39 35 32 32 30 36 32 
BAT RX 0x322 [8] 00 E3 00 C0 03 01 18 14 
BAT RX 0x320 [8] 50 41 C3 85 85 00 00 00 
BAT RX 0x319 [8] 00 0C B1 0C AD 12 05 01 
BAT RX 0x318 [8] 0C AD 0C AD 0C AD 0C AD 
BAT RX 0x317 [8] 0C B1 0C B0 0C AF 0C AF 
BAT RX 0x316 [8] 0C AD 0C AD 0C AD 0C AD 
BAT RX 0x315 [8] 0C AF 0C AF 0C AF 0C AE 
BAT RX 0x314 [8] 14 6E 5A C8 00 04 05 43 
BAT RX 0x313 [8] 14 46 00 00 00 CE 15 63 
BAT RX 0x312 [8] 00 00 00 00 02 00 00 00 
BAT RX 0x311 [8] 02 38 00 00 00 00 01 00 
BAT RX 0x330 [8] 02 03 02 0E 0C B0 0C AC 
BAT RX 0x329 [8] 02 00 1A 25 02 00 40 9E 
BAT RX 0x323 [8] 20 0E 10 00 04 00 00 00 
BAT RX 0x324 [8] 02 42 42 37 00 00 00 00 
BAT RX 0x322 [8] 00 E3 00 C0 03 01 18 14 
BAT RX 0x320 [8] 50 41 C3 85 85 00 00 00 
BAT RX 0x319 [8] 00 0C B0 0C AC 13 1E 01 
BAT RX 0x318 [8] 0C AD 0C AD 0C AD 0C AC 
BAT RX 0x317 [8] 0C B0 0C AF 0C AF 0C AF 
BAT RX 0x316 [8] 0C AD 0C AD 0C AD 0C AD 
BAT RX 0x315 [8] 0C AF 0C AF 0C AE 0C AE 
BAT RX 0x314 [8] 14 6E 5A C8 00 04 05 43 
BAT RX 0x313 [8] 14 46 00 00 00 CE 15 63 
BAT RX 0x312 [8] 00 00 00 00 02 00 00 00 
BAT RX 0x311 [8] 02 38 00 00 00 00 01 00 
[508s] OK V=51.90V I=+0.0A T=20.6C SOC=21% SOH=99% | CVL=56.8V CCL=0.0A DCL=0.0A | chg=0 dis=0 fc1=0 fc2=0 | prot=0000 warn=0000 | packs=2 | inv0x305=no
BAT RX 0x330 [8] 02 03 02 0E 0C B0 0C AC 
BAT RX 0x329 [8] 01 00 22 9C 01 00 40 02 
BAT RX 0x323 [8] 20 0E 10 00 04 00 00 00 
BAT RX 0x324 [8] 00 01 47 50 4A 30 32 31 
BAT RX 0x322 [8] 00 E3 00 C0 03 01 18 14 
BAT RX 0x320 [8] 50 41 C3 85 85 00 00 00 
BAT RX 0x319 [8] 00 0C B0 0C AC 13 1E 01 
BAT RX 0x318 [8] 0C AD 0C AD 0C AD 0C AC 
BAT RX 0x317 [8] 0C B0 0C AF 0C AF 0C AF 
BAT RX 0x316 [8] 0C AD 0C AD 0C AD 0C AD 
BAT RX 0x315 [8] 0C AF 0C AF 0C AE 0C AE 
BAT RX 0x314 [8] 14 6E 5A C8 00 04 05 43 
BAT RX 0x313 [8] 14 46 00 00 00 CE 15 63 
BAT RX 0x312 [8] 00 00 00 00 02 00 00 00 
BAT RX 0x311 [8] 02 38 00 00 00 00 01 00 
BAT RX 0x330 [8] 02 0D 02 0B 0C B1 0C AC 
BAT RX 0x329 [8] 02 00 1A 25 02 00 40 9E 
BAT RX 0x323 [8] 20 0E 10 00 04 00 00 00 
BAT RX 0x324 [8] 01 39 35 32 32 30 36 32 
BAT RX 0x322 [8] 00 E3 00 C0 03 01 18 14 
BAT RX 0x320 [8] 50 41 C3 85 85 00 00 00 
BAT RX 0x319 [8] 00 0C B1 0C AC 1D 1B 01 
BAT RX 0x318 [8] 0C AD 0C AD 0C AC 0C AC 
BAT RX 0x317 [8] 0C B1 0C AF 0C AF 0C AF 
BAT RX 0x316 [8] 0C AD 0C AD 0C AD 0C AC 
BAT RX 0x315 [8] 0C B0 0C AF 0C AF 0C AF 
BAT RX 0x314 [8] 14 6E 5A C8 00 05 05 43 
BAT RX 0x313 [8] 14 46 00 00 00 CE 15 63 
BAT RX 0x312 [8] 00 00 00 00 02 00 00 00 
BAT RX 0x311 [8] 02 38 00 00 00 00 01 00 
[510s] OK V=51.90V I=+0.0A T=20.6C SOC=21% SOH=99% | CVL=56.8V CCL=0.0A DCL=0.0A | chg=0 dis=0 fc1=0 fc2=0 | prot=0000 warn=0000 | packs=2 | inv0x305=no
BAT RX 0x330 [8] 02 03 02 0E 0C B1 0C AC 
BAT RX 0x329 [8] 01 00 22 9C 01 00 40 02 
BAT RX 0x323 [8] 20 0E 10 00 04 00 00 00 
BAT RX 0x324 [8] 02 43 30 37 00 00 00 00 
BAT RX 0x322 [8] 00 E3 00 C0 03 01 18 14 
BAT RX 0x320 [8] 50 41 C3 85 85 00 00 00 
BAT RX 0x319 [8] 00 0C B1 0C AC 13 1E 01 
BAT RX 0x318 [8] 0C AD 0C AD 0C AD 0C AC 
BAT RX 0x317 [8] 0C B1 0C B0 0C AF 0C AF 
BAT RX 0x316 [8] 0C AD 0C AD 0C AD 0C AD 
BAT RX 0x315 [8] 0C AF 0C AF 0C AF 0C AF 
BAT RX 0x314 [8] 14 6E 5A C8 00 05 05 43 
BAT RX 0x313 [8] 14 46 00 00 00 CE 15 63 
BAT RX 0x312 [8] 00 00 00 00 02 00 00 00 
BAT RX 0x311 [8] 02 38 00 00 00 00 01 00 
BAT RX 0x330 [8] 02 0D 01 10 0C B1 0C AC 
BAT RX 0x329 [8] 02 00 1A 25 02 00 40 9E 
BAT RX 0x323 [8] 20 0E 10 00 04 00 00 00 
BAT RX 0x324 [8] 00 02 47 50 4A 30 32 31 
BAT RX 0x322 [8] 00 E3 00 C0 03 01 18 14 
BAT RX 0x320 [8] 50 41 C3 85 85 00 00 00 
BAT RX 0x319 [8] 00 0C B1 0C AC 1D 10 01 
BAT RX 0x318 [8] 0C AD 0C AD 0C AC 0C AC 
BAT RX 0x317 [8] 0C B1 0C AF 0C AF 0C AF 
BAT RX 0x316 [8] 0C AD 0C AD 0C AD 0C AD 
BAT RX 0x315 [8] 0C AF 0C AF 0C AE 0C AE 
BAT RX 0x314 [8] 14 6E 5A C8 00 05 05 43 
BAT RX 0x313 [8] 14 46 00 00 00 CE 15 63 
BAT RX 0x312 [8] 00 00 00 00 02 00 00 00 
BAT RX 0x311 [8] 02 38 00 00 00 00 01 00 
[512s] OK V=51.90V I=+0.0A T=20.6C SOC=21% SOH=99% | CVL=56.8V CCL=0.0A DCL=0.0A | chg=0 dis=0 fc1=0 fc2=0 | prot=0000 warn=0000 | packs=2 | inv0x305=no
BAT RX 0x330 [8] 02 03 01 0F 0C B0 0C AC 
BAT RX 0x329 [8] 01 00 22 9C 01 00 40 02 
BAT RX 0x323 [8] 20 0E 10 00 04 00 00 00 
BAT RX 0x324 [8] 01 39 35 32 32 30 36 32 
BAT RX 0x322 [8] 00 E3 00 C0 03 01 18 14 
BAT RX 0x320 [8] 50 41 C3 85 85 00 00 00 
BAT RX 0x319 [8] 00 0C B0 0C AC 13 0F 01 
BAT RX 0x318 [8] 0C AD 0C AD 0C AD 0C AC 
BAT RX 0x317 [8] 0C B0 0C B0 0C B0 0C AF 
BAT RX 0x316 [8] 0C AD 0C AD 0C AD 0C AD 
BAT RX 0x315 [8] 0C AF 0C AF 0C AF 0C AF 
BAT RX 0x314 [8] 14 6E 5A C8 00 04 05 43 
BAT RX 0x313 [8] 14 46 00 00 00 CE 15 63 
BAT RX 0x312 [8] 00 00 00 00 02 00 00 00 
BAT RX 0x311 [8] 02 38 00 00 00 00 01 00 
BAT RX 0x330 [8] 02 0D 02 0F 0C B1 0C AC 
BAT RX 0x329 [8] 02 00 1A 25 02 00 40 9E 
BAT RX 0x323 [8] 20 0E 10 00 04 00 00 00 
BAT RX 0x324 [8] 02 42 42 37 00 00 00 00 
BAT RX 0x322 [8] 00 E3 00 C0 03 01 18 14 
BAT RX 0x320 [8] 50 41 C3 85 85 00 00 00 
BAT RX 0x319 [8] 00 0C B1 0C AC 1D 1F 01 
BAT RX 0x318 [8] 0C AD 0C AD 0C AD 0C AC 
BAT RX 0x317 [8] 0C B1 0C AF 0C AF 0C AF 
BAT RX 0x316 [8] 0C AD 0C AD 0C AD 0C AD 
BAT RX 0x315 [8] 0C AF 0C AF 0C AE 0C AE 
BAT RX 0x314 [8] 14 6E 5A C8 00 05 05 43 
BAT RX 0x313 [8] 14 46 00 00 00 CE 15 63 
BAT RX 0x312 [8] 00 00 00 00 02 00 00 00 
BAT RX 0x311 [8] 02 38 00 00 00 00 01 00 
[514s] OK V=51.90V I=+0.0A T=20.6C SOC=21% SOH=99% | CVL=56.8V CCL=0.0A DCL=0.0A | chg=0 dis=0 fc1=0 fc2=0 | prot=0000 warn=0000 | packs=2 | inv0x305=no

---- battery-bus rate stats (VERBOSE_STATS) ----------------------------
  3234 frames, 514 s elapsed
  ID     count   period(ms)  (min-max gap)
  0x317     216   1233 (1-49844)
  0x318     216   1215 (1-45844)
  0x319     215   1201 (1-41844)
  0x320     215   1183 (1-37844)
  0x322     215   1164 (1-33844)
  0x311     214   1151 (78-29844)
  0x323     214   1132 (1-25845)
  0x324     214   1113 (1-21845)
  0x329     214   1094 (1-17844)
  0x330     230   1000 (0-13844)
  0x312     213   1062 (65-15397)
  0x313     214   1038 (2-11397)
  0x314     214   1020 (1-7397)
  0x315     215   1006 (1-5552)
  0x316     215   1006 (1-5552)
--------------------------------------------------------------------------

  TWAI: state=RUNNING  tx_err=0 rx_err=0  tx_failed=0  rx_missed=1197 rx_overrun=0  arb_lost=0  bus_err=852260
BAT RX 0x330 [8] 02 02 02 08 0C B0 0C AC 
BAT RX 0x329 [8] 01 00 22 9C 01 00 40 02 
BAT RX 0x323 [8] 20 0E 10 00 04 00 00 00 
BAT RX 0x324 [8] 00 01 47 50 4A 30 32 31 
BAT RX 0x322 [8] 00 E3 00 C0 03 01 18 14 
BAT RX 0x320 [8] 50 41 C3 85 85 00 00 00 
BAT RX 0x319 [8] 00 0C B0 0C AC 12 18 01 
BAT RX 0x318 [8] 0C AD 0C AD 0C AC 0C AC 
BAT RX 0x317 [8] 0C B0 0C B0 0C AF 0C AF 
BAT RX 0x316 [8] 0C AD 0C AD 0C AD 0C AC 
BAT RX 0x315 [8] 0C B0 0C AF 0C AF 0C AF 
BAT RX 0x314 [8] 14 6E 5A C8 00 04 05 43 
BAT RX 0x313 [8] 14 46 00 00 00 CE 15 63 
BAT RX 0x312 [8] 00 00 00 00 02 00 00 00 
BAT RX 0x311 [8] 02 38 00 00 00 00 01 00 
BAT RX 0x330 [8] 02 03 02 0E 0C B0 0C AC 
BAT RX 0x329 [8] 02 00 1A 25 02 00 40 9E 
BAT RX 0x323 [8] 20 0E 10 00 04 00 00 00 
BAT RX 0x324 [8] 01 39 35 32 32 30 36 32 
BAT RX 0x322 [8] 00 E3 00 C0 03 01 18 14 
BAT RX 0x320 [8] 50 41 C3 85 85 00 00 00 
BAT RX 0x319 [8] 00 0C B0 0C AC 13 1E 01 
BAT RX 0x318 [8] 0C AD 0C AD 0C AD 0C AC 
BAT RX 0x317 [8] 0C B0 0C AF 0C AF 0C AF 
BAT RX 0x316 [8] 0C AD 0C AD 0C AD 0C AD 
BAT RX 0x315 [8] 0C AF 0C AF 0C AF 0C AF 
BAT RX 0x314 [8] 14 6E 5A C8 00 04 05 43 
BAT RX 0x313 [8] 14 46 00 00 00 CE 15 63 
BAT RX 0x312 [8] 00 00 00 00 02 00 00 00 
BAT RX 0x311 [8] 02 38 00 00 00 00 01 00 
[516s] OK V=51.90V I=+0.0A T=20.6C SOC=21% SOH=99% | CVL=56.8V CCL=0.0A DCL=0.0A | chg=0 dis=0 fc1=0 fc2=0 | prot=0000 warn=0000 | packs=2 | inv0x305=no
BAT RX 0x330 [8] 02 02 02 0F 0C B0 0C AC 
BAT RX 0x329 [8] 01 00 22 9C 01 00 40 02 
BAT RX 0x323 [8] 20 0E 10 00 04 00 00 00 
BAT RX 0x324 [8] 02 43 30 37 00 00 00 00 
BAT RX 0x322 [8] 00 E3 00 C0 03 01 18 14 
BAT RX 0x320 [8] 50 41 C3 85 85 00 00 00 
BAT RX 0x319 [8] 00 0C B0 0C AC 12 1F 01 
BAT RX 0x318 [8] 0C AD 0C AD 0C AC 0C AC 
BAT RX 0x317 [8] 0C B0 0C B0 0C AF 0C AF 
BAT RX 0x316 [8] 0C AD 0C AD 0C AD 0C AD 
BAT RX 0x315 [8] 0C AF 0C AE 0C AE 0C AE 
BAT RX 0x314 [8] 14 6E 5A C8 00 04 05 43 
BAT RX 0x313 [8] 14 46 00 00 00 CE 15 63 
BAT RX 0x312 [8] 00 00 00 00 02 00 00 00 
BAT RX 0x311 [8] 02 38 00 00 00 00 01 00 
BAT RX 0x330 [8] 02 0D 02 0F 0C B0 0C AC 
BAT RX 0x329 [8] 02 00 1A 25 02 00 40 9E 
BAT RX 0x323 [8] 20 0E 10 00 04 00 00 00 
BAT RX 0x324 [8] 00 02 47 50 4A 30 32 31 
BAT RX 0x322 [8] 00 E3 00 C0 03 01 18 14 
BAT RX 0x320 [8] 50 41 C3 85 85 00 00 00 
BAT RX 0x319 [8] 00 0C B0 0C AC 1D 1F 01 
BAT RX 0x318 [8] 0C AD 0C AD 0C AD 0C AC 
BAT RX 0x317 [8] 0C B0 0C AF 0C AF 0C AF 
BAT RX 0x316 [8] 0C AD 0C AD 0C AD 0C AD 
BAT RX 0x315 [8] 0C AF 0C AF 0C AF 0C AE 
BAT RX 0x314 [8] 14 6E 5A C8 00 04 05 43 
BAT RX 0x313 [8] 14 46 00 00 00 CE 15 63 
BAT RX 0x312 [8] 00 00 00 00 02 00 00 00 
BAT RX 0x311 [8] 02 38 00 00 00 00 01 00 
[518s] OK V=51.90V I=+0.0A T=20.6C SOC=21% SOH=99% | CVL=56.8V CCL=0.0A DCL=0.0A | chg=0 dis=0 fc1=0 fc2=0 | prot=0000 warn=0000 | packs=2 | inv0x305=no
BAT RX 0x330 [8] 02 0D 01 0B 0C B1 0C AC 
BAT RX 0x329 [8] 01 00 22 9C 01 00 40 02 
BAT RX 0x323 [8] 20 0E 10 00 04 00 00 00 
BAT RX 0x324 [8] 01 39 35 32 32 30 36 32 
BAT RX 0x322 [8] 00 E3 00 C0 03 01 18 14 
BAT RX 0x320 [8] 50 41 C3 85 85 00 00 00 
BAT RX 0x319 [8] 00 0C B1 0C AC 1D 0B 01 
BAT RX 0x318 [8] 0C AD 0C AD 0C AC 0C AC 
BAT RX 0x317 [8] 0C B1 0C B0 0C AF 0C AF 
BAT RX 0x316 [8] 0C AD 0C AD 0C AC 0C AC 
BAT RX 0x315 [8] 0C B0 0C AF 0C AF 0C AF 
BAT RX 0x314 [8] 14 6E 5A C8 00 05 05 43 
BAT RX 0x313 [8] 14 46 00 00 00 CE 15 63 
BAT RX 0x312 [8] 00 00 00 00 02 00 00 00 
BAT RX 0x311 [8] 02 38 00 00 00 00 01 00 
BAT RX 0x330 [8] 02 02 01 02 0C B0 0C AD 
BAT RX 0x329 [8] 02 00 1A 25 02 00 40 9E 
BAT RX 0x323 [8] 20 0E 10 00 04 00 00 00 
BAT RX 0x324 [8] 02 42 42 37 00 00 00 00 
BAT RX 0x322 [8] 00 E3 00 C0 03 01 18 14 
BAT RX 0x320 [8] 50 41 C3 85 85 00 00 00 
BAT RX 0x319 [8] 00 0C B0 0C AD 12 02 01 
BAT RX 0x318 [8] 0C AD 0C AD 0C AD 0C AD 
BAT RX 0x317 [8] 0C B0 0C B0 0C AF 0C AF 
BAT RX 0x316 [8] 0C AD 0C AC 0C AC 0C AC 
BAT RX 0x315 [8] 0C B0 0C B0 0C AF 0C AF 
BAT RX 0x314 [8] 14 6E 5A C8 00 04 05 43 
BAT RX 0x313 [8] 14 46 00 00 00 CE 15 63 
BAT RX 0x312 [8] 00 00 00 00 02 00 00 00 
BAT RX 0x311 [8] 02 38 00 00 00 00 01 00 
[520s] OK V=51.90V I=+0.0A T=20.6C SOC=21% SOH=99% | CVL=56.8V CCL=0.0A DCL=0.0A | chg=0 dis=0 fc1=0 fc2=0 | prot=0000 warn=0000 | packs=2 | inv0x305=no
BAT RX 0x330 [8] 02 03 01 0A 0C B0 0C AC 
BAT RX 0x329 [8] 01 00 22 9C 01 00 40 02 
BAT RX 0x323 [8] 20 0E 10 00 04 00 00 00 
BAT RX 0x324 [8] 00 01 47 50 4A 30 32 31 
BAT RX 0x322 [8] 00 E3 00 C0 03 01 18 14 
BAT RX 0x320 [8] 50 41 C3 85 85 00 00 00 
BAT RX 0x319 [8] 00 0C B0 0C AC 13 0A 01 
BAT RX 0x318 [8] 0C AD 0C AD 0C AC 0C AC 
BAT RX 0x317 [8] 0C B0 0C AF 0C AF 0C AF 
BAT RX 0x316 [8] 0C AD 0C AD 0C AD 0C AC 
BAT RX 0x315 [8] 0C B0 0C AF 0C AF 0C AF 
BAT RX 0x314 [8] 14 6E 5A C8 00 04 05 43 
BAT RX 0x313 [8] 14 46 00 00 00 CE 15 63 
BAT RX 0x312 [8] 00 00 00 00 02 00 00 00 
BAT RX 0x311 [8] 02 38 00 00 00 00 01 00 
BAT RX 0x330 [8] 02 03 02 0E 0C B0 0C AC 
BAT RX 0x329 [8] 02 00 1A 25 02 00 40 9E 
BAT RX 0x323 [8] 20 0E 10 00 04 00 00 00 
BAT RX 0x324 [8] 01 39 35 32 32 30 36 32 
BAT RX 0x322 [8] 00 E3 00 C0 03 01 18 14 
BAT RX 0x320 [8] 50 41 C3 85 85 00 00 00 
BAT RX 0x319 [8] 00 0C B0 0C AC 13 1E 01 
BAT RX 0x318 [8] 0C AD 0C AD 0C AD 0C AC 
BAT RX 0x317 [8] 0C B0 0C AF 0C AF 0C AF 
BAT RX 0x316 [8] 0C AD 0C AD 0C AC 0C AC 
BAT RX 0x315 [8] 0C B0 0C AF 0C AF 0C AF 
BAT RX 0x314 [8] 14 6E 5A C8 00 04 05 43 
BAT RX 0x313 [8] 14 46 00 00 00 CE 15 63 
BAT RX 0x312 [8] 00 00 00 00 02 00 00 00 
BAT RX 0x311 [8] 02 38 00 00 00 00 01 00 
[522s] OK V=51.90V I=+0.0A T=20.6C SOC=21% SOH=99% | CVL=56.8V CCL=0.0A DCL=0.0A | chg=0 dis=0 fc1=0 fc2=0 | prot=0000 warn=0000 | packs=2 | inv0x305=no
BAT RX 0x330 [8] 02 02 01 01 0C B0 0C AD 
BAT RX 0x329 [8] 01 00 22 9C 01 00 40 02 
BAT RX 0x323 [8] 20 0E 10 00 04 00 00 00 
BAT RX 0x324 [8] 02 43 30 37 00 00 00 00 
BAT RX 0x322 [8] 00 E3 00 C0 03 01 18 14 
BAT RX 0x320 [8] 50 41 C3 85 85 00 00 00 
BAT RX 0x319 [8] 00 0C B0 0C AD 12 01 01 
BAT RX 0x318 [8] 0C AE 0C AD 0C AD 0C AD 
BAT RX 0x317 [8] 0C B0 0C B0 0C AF 0C AF 
BAT RX 0x316 [8] 0C AD 0C AD 0C AD 0C AD 
BAT RX 0x315 [8] 0C AF 0C AF 0C AF 0C AF 
BAT RX 0x314 [8] 14 6E 5A C8 00 03 05 43 
BAT RX 0x313 [8] 14 46 00 00 00 CE 15 63 
BAT RX 0x312 [8] 00 00 00 00 02 00 00 00 
BAT RX 0x311 [8] 02 38 00 00 00 00 01 00 
